writer,line,classification,semantic_mode,table,mechanisms,domain,canonical_writer,transaction_boundary,execution_fence,callers,persistence_sink_id,semantic_writer_family_id,semantic_role
app/routers/ceri_routes.py:review_ceri_event,778,SHARED_DOMAIN_WRITER,CANONICAL_CALCULATION,ceri_catalyst_event_revisions,add,CERI_SOURCE,app/services/ceri/normalization_service.py:CeriNormalizationService._normalize_record,CALLER_SESSION; REVIEW_COMMIT_PATH,DURABLE_ONLY; ENTRY_PATH_REVIEW_REQUIRED,app/routers/ceri_routes.py:review_ceri_event,app/routers/ceri_routes.py:review_ceri_event,WF_CERI_REVIEW_METADATA,CANONICAL_SEMANTIC_WRITER
app/routers/ceri_routes.py:review_ceri_event,778,SHARED_DOMAIN_WRITER,CANONICAL_CALCULATION,ceri_manual_reviews,add,CERI_REVIEW,app/services/ceri/manual_review_service.py:CeriManualReviewService.create_catalyst_override,CALLER_SESSION; REVIEW_COMMIT_PATH,DURABLE_ONLY; ENTRY_PATH_REVIEW_REQUIRED,app/routers/ceri_routes.py:review_ceri_event,app/routers/ceri_routes.py:review_ceri_event,WF_CERI_REVIEW_METADATA,CANONICAL_SEMANTIC_WRITER
app/routers/ib_market_intelligence_routes.py:exclude_fill,286,SHARED_DOMAIN_WRITER,CANONICAL_CALCULATION,ib_execution_fills,,TRADE_JOURNAL,app/services/ib_market_intelligence/flex.py:import_flex_report,CALLER_SESSION; REVIEW_COMMIT_PATH,DURABLE_ONLY; ENTRY_PATH_REVIEW_REQUIRED,app/routers/ib_market_intelligence_routes.py:exclude_fill,app/routers/ib_market_intelligence_routes.py:exclude_fill,WF_IB_FILL_EXCLUSION,CANONICAL_SEMANTIC_WRITER
app/routers/ib_market_intelligence_routes.py:exclude_fill,286,SHARED_DOMAIN_WRITER,CANONICAL_CALCULATION,ib_trade_episodes,,TRADE_JOURNAL,app/services/ib_market_intelligence/journal.py:rebuild_trade_episodes,CALLER_SESSION; REVIEW_COMMIT_PATH,DURABLE_ONLY; ENTRY_PATH_REVIEW_REQUIRED,app/routers/ib_market_intelligence_routes.py:exclude_fill,app/routers/ib_market_intelligence_routes.py:exclude_fill,WF_IB_FILL_EXCLUSION,CANONICAL_SEMANTIC_WRITER
app/services/background_job_service.py:_apply_running_job_update,1708,OPERATIONAL_WRITER,OPERATIONAL,background_jobs,,OPERATIONAL,NOT_APPLICABLE,CALLER_SESSION; REVIEW_COMMIT_PATH,DURABLE_ONLY; ENTRY_PATH_REVIEW_REQUIRED,app/services/background_job_service.py:heartbeat_job;app/services/background_job_service.py:mark_job_blocked;app/services/background_job_service.py:mark_job_cancelled;app/services/background_job_service.py:mark_job_completed;app/services/background_job_service.py:mark_job_deferred;app/services/background_job_service.py:mark_job_failed_or_retry;app/services/background_job_service.py:mark_job_partial;app/services/background_worker.py:run_worker_once;scripts/profile_sec_performance.py:main,app/services/background_job_service.py:_apply_running_job_update,OPERATIONAL_ONLY,OPERATIONAL_WRITER
app/services/background_job_service.py:_enqueue_pre_migration_job,591,OPERATIONAL_WRITER,OPERATIONAL,background_jobs,scalar,OPERATIONAL,NOT_APPLICABLE,CALLER_SESSION; REVIEW_COMMIT_PATH,DURABLE_ONLY; ENTRY_PATH_REVIEW_REQUIRED,app/routers/ceri_routes.py:create_ceri_backfill;app/routers/ceri_routes.py:create_ceri_ingestion_run;app/routers/ceri_routes.py:execute_ceri_purge;app/routers/ceri_routes.py:preview_ceri_purge;app/routers/ceri_routes.py:recalculate_ceri;app/routers/ceri_routes.py:reprocess_ceri;app/routers/ib_market_intelligence_routes.py:queue_flex;app/routers/ib_market_intelligence_routes.py:queue_histogram;app/routers/ib_market_intelligence_routes.py:queue_historical;app/routers/ib_market_intelligence_routes.py:queue_live;app/routers/ib_market_intelligence_routes.py:queue_rebuild;app/routers/ib_market_intelligence_routes.py:queue_scanner;app/routers/market_data_routes.py:queue_market_data_prewarm;app/routers/run_routes.py:fetch_run_ib_bars_action;app/routers/run_routes.py:resume_run_ib_fetch_action;app/routers/run_routes.py:resume_run_pipeline_action;app/routers/run_routes.py:retry_failed_run_ib_fetch_action;app/routers/run_routes.py:run_full_pipeline_action;app/routers/setup_lifecycle_routes.py:evaluate_setup_lifecycle_run;app/routers/setup_lifecycle_routes.py:queue_setup_lifecycle_evaluation;app/routers/winner_probability_routes.py:queue_winner_cohort_refresh;app/routers/winner_probability_routes.py:queue_winner_outcome_maturation;app/routers/winner_probability_routes.py:queue_winner_prediction_capture;app/services/background_job_service.py:enqueue_job;app/services/background_worker.py:_execute_full_pipeline_job;app/services/background_worker.py:_execute_sec_readiness_repair_job;app/services/background_worker.py:run_worker_once;app/services/ceri/batched_job_handlers.py:execute_run_finalize_job;app/services/ceri/batched_workflow.py:schedule_ceri_batched_workflow;app/services/ceri/job_handlers.py:execute_capture_run_job;app/services/ceri/job_handlers.py:execute_change_detection_job;app/services/ceri/job_handlers.py:execute_normalize_job;app/services/ceri/job_handlers.py:execute_provider_ingest_job;app/services/ceri/job_handlers.py:execute_purge_licensed_data_job;app/services/ceri/job_handlers.py:execute_rebuild_features_job;app/services/ceri/purge_service.py:CeriPurgeService.execute;app/services/ceri/sec/readiness_repair.py:execute_sec_readiness_repair;app/services/ceri/sec/readiness_repair.py:schedule_sec_readiness_repair;app/services/ib_fetch_job_service.py:submit_fetch_job;app/services/market_data_prewarm_service.py:enqueue_market_data_prewarm;app/services/pipeline_executor.py:execute_full_pipeline;app/services/pipeline_service.py:enqueue_pipeline_after_sec_repair;app/services/pipeline_service.py:resume_pipeline;app/services/pipeline_service.py:start_pipeline;app/services/pre_enqueue_operational_gate.py:validate_pre_enqueue_operational_gate;app/services/winner_probability/cohort_refresh_planner.py:CohortRefreshPlanner.request_for_current_evidence;app/services/winner_probability/job_handlers.py:enqueue_outcome_maturation_workflow;app/services/winner_probability/job_handlers.py:execute_outcome_maturation_job;app/services/winner_probability/job_handlers.py:execute_outcome_revision_check_job;app/services/winner_probability/pre11_compatibility_service.py:Pre11CompatibilityWriteService.persist_decisions_and_replays;app/services/winner_probability/scheduler.py:schedule_primary_h5_maturation;scripts/owpe_pre11_training_compatibility.py:main,app/services/background_job_service.py:_enqueue_pre_migration_job,OPERATIONAL_ONLY,OPERATIONAL_WRITER
app/services/background_job_service.py:_interrupt_fenced_pipeline_steps,1046,SHARED_DOMAIN_WRITER,CANONICAL_CALCULATION,pipeline_runs,,PIPELINE,app/services/pipeline_service.py:start_pipeline,CALLER_SESSION; REVIEW_COMMIT_PATH,DURABLE_ONLY; ENTRY_PATH_REVIEW_REQUIRED,app/services/background_job_service.py:fence_stalled_jobs,app/services/background_job_service.py:_interrupt_fenced_pipeline_steps,WF_PIPELINE_FENCE_INTERRUPTION,DOMAIN_SUPPORTING_STATE
app/services/background_job_service.py:_interrupt_fenced_pipeline_steps,1046,SHARED_DOMAIN_WRITER,CANONICAL_CALCULATION,pipeline_steps,,PIPELINE,app/services/pipeline_service.py:start_pipeline,CALLER_SESSION; REVIEW_COMMIT_PATH,DURABLE_ONLY; ENTRY_PATH_REVIEW_REQUIRED,app/services/background_job_service.py:fence_stalled_jobs,app/services/background_job_service.py:_interrupt_fenced_pipeline_steps,WF_PIPELINE_FENCE_INTERRUPTION,DOMAIN_SUPPORTING_STATE
app/services/background_job_service.py:_queue_fanout_threshold_metric,490,OPERATIONAL_WRITER,OPERATIONAL,background_job_fanout_roots,,OPERATIONAL,NOT_APPLICABLE,CALLER_SESSION; REVIEW_COMMIT_PATH,DURABLE_ONLY; ENTRY_PATH_REVIEW_REQUIRED,app/routers/ceri_routes.py:create_ceri_backfill;app/routers/ceri_routes.py:create_ceri_ingestion_run;app/routers/ceri_routes.py:execute_ceri_purge;app/routers/ceri_routes.py:preview_ceri_purge;app/routers/ceri_routes.py:recalculate_ceri;app/routers/ceri_routes.py:reprocess_ceri;app/routers/ib_market_intelligence_routes.py:queue_flex;app/routers/ib_market_intelligence_routes.py:queue_histogram;app/routers/ib_market_intelligence_routes.py:queue_historical;app/routers/ib_market_intelligence_routes.py:queue_live;app/routers/ib_market_intelligence_routes.py:queue_rebuild;app/routers/ib_market_intelligence_routes.py:queue_scanner;app/routers/market_data_routes.py:queue_market_data_prewarm;app/routers/run_routes.py:fetch_run_ib_bars_action;app/routers/run_routes.py:resume_run_ib_fetch_action;app/routers/run_routes.py:resume_run_pipeline_action;app/routers/run_routes.py:retry_failed_run_ib_fetch_action;app/routers/run_routes.py:run_full_pipeline_action;app/routers/setup_lifecycle_routes.py:evaluate_setup_lifecycle_run;app/routers/setup_lifecycle_routes.py:queue_setup_lifecycle_evaluation;app/routers/winner_probability_routes.py:queue_winner_cohort_refresh;app/routers/winner_probability_routes.py:queue_winner_outcome_maturation;app/routers/winner_probability_routes.py:queue_winner_prediction_capture;app/services/background_job_service.py:enqueue_job;app/services/background_job_service.py:record_coalesced_enqueue_attempt;app/services/background_worker.py:_execute_full_pipeline_job;app/services/background_worker.py:_execute_sec_readiness_repair_job;app/services/background_worker.py:run_worker_once;app/services/ceri/batched_job_handlers.py:execute_run_finalize_job;app/services/ceri/batched_workflow.py:schedule_ceri_batched_workflow;app/services/ceri/job_handlers.py:execute_capture_run_job;app/services/ceri/job_handlers.py:execute_change_detection_job;app/services/ceri/job_handlers.py:execute_normalize_job;app/services/ceri/job_handlers.py:execute_provider_ingest_job;app/services/ceri/job_handlers.py:execute_purge_licensed_data_job;app/services/ceri/job_handlers.py:execute_rebuild_features_job;app/services/ceri/purge_service.py:CeriPurgeService.execute;app/services/ceri/sec/readiness_repair.py:execute_sec_readiness_repair;app/services/ceri/sec/readiness_repair.py:schedule_sec_readiness_repair;app/services/ib_fetch_job_service.py:submit_fetch_job;app/services/market_data_prewarm_service.py:enqueue_market_data_prewarm;app/services/pipeline_executor.py:execute_full_pipeline;app/services/pipeline_service.py:enqueue_pipeline_after_sec_repair;app/services/pipeline_service.py:resume_pipeline;app/services/pipeline_service.py:start_pipeline;app/services/pre_enqueue_operational_gate.py:validate_pre_enqueue_operational_gate;app/services/winner_probability/cohort_refresh_planner.py:CohortRefreshPlanner.request_for_current_evidence;app/services/winner_probability/job_handlers.py:enqueue_outcome_maturation_workflow;app/services/winner_probability/job_handlers.py:execute_outcome_maturation_job;app/services/winner_probability/job_handlers.py:execute_outcome_revision_check_job;app/services/winner_probability/pre11_compatibility_service.py:Pre11CompatibilityWriteService.persist_decisions_and_replays;app/services/winner_probability/scheduler.py:schedule_primary_h5_maturation;scripts/owpe_pre11_training_compatibility.py:main,app/services/background_job_service.py:_queue_fanout_threshold_metric,OPERATIONAL_ONLY,OPERATIONAL_WRITER
app/services/background_job_service.py:_record_enqueue_attempt,368,OPERATIONAL_WRITER,OPERATIONAL,background_job_enqueue_attempts,add,OPERATIONAL,NOT_APPLICABLE,CALLER_SESSION; REVIEW_COMMIT_PATH,DURABLE_ONLY; ENTRY_PATH_REVIEW_REQUIRED,app/routers/ceri_routes.py:create_ceri_backfill;app/routers/ceri_routes.py:create_ceri_ingestion_run;app/routers/ceri_routes.py:execute_ceri_purge;app/routers/ceri_routes.py:preview_ceri_purge;app/routers/ceri_routes.py:recalculate_ceri;app/routers/ceri_routes.py:reprocess_ceri;app/routers/ib_market_intelligence_routes.py:queue_flex;app/routers/ib_market_intelligence_routes.py:queue_histogram;app/routers/ib_market_intelligence_routes.py:queue_historical;app/routers/ib_market_intelligence_routes.py:queue_live;app/routers/ib_market_intelligence_routes.py:queue_rebuild;app/routers/ib_market_intelligence_routes.py:queue_scanner;app/routers/market_data_routes.py:queue_market_data_prewarm;app/routers/run_routes.py:fetch_run_ib_bars_action;app/routers/run_routes.py:resume_run_ib_fetch_action;app/routers/run_routes.py:resume_run_pipeline_action;app/routers/run_routes.py:retry_failed_run_ib_fetch_action;app/routers/run_routes.py:run_full_pipeline_action;app/routers/setup_lifecycle_routes.py:evaluate_setup_lifecycle_run;app/routers/setup_lifecycle_routes.py:queue_setup_lifecycle_evaluation;app/routers/winner_probability_routes.py:queue_winner_cohort_refresh;app/routers/winner_probability_routes.py:queue_winner_outcome_maturation;app/routers/winner_probability_routes.py:queue_winner_prediction_capture;app/services/background_job_service.py:enqueue_job;app/services/background_job_service.py:record_coalesced_enqueue_attempt;app/services/background_worker.py:_execute_full_pipeline_job;app/services/background_worker.py:_execute_sec_readiness_repair_job;app/services/background_worker.py:run_worker_once;app/services/ceri/batched_job_handlers.py:execute_run_finalize_job;app/services/ceri/batched_workflow.py:schedule_ceri_batched_workflow;app/services/ceri/job_handlers.py:execute_capture_run_job;app/services/ceri/job_handlers.py:execute_change_detection_job;app/services/ceri/job_handlers.py:execute_normalize_job;app/services/ceri/job_handlers.py:execute_provider_ingest_job;app/services/ceri/job_handlers.py:execute_purge_licensed_data_job;app/services/ceri/job_handlers.py:execute_rebuild_features_job;app/services/ceri/purge_service.py:CeriPurgeService.execute;app/services/ceri/sec/readiness_repair.py:execute_sec_readiness_repair;app/services/ceri/sec/readiness_repair.py:schedule_sec_readiness_repair;app/services/ib_fetch_job_service.py:submit_fetch_job;app/services/market_data_prewarm_service.py:enqueue_market_data_prewarm;app/services/pipeline_executor.py:execute_full_pipeline;app/services/pipeline_service.py:enqueue_pipeline_after_sec_repair;app/services/pipeline_service.py:resume_pipeline;app/services/pipeline_service.py:start_pipeline;app/services/pre_enqueue_operational_gate.py:validate_pre_enqueue_operational_gate;app/services/winner_probability/cohort_refresh_planner.py:CohortRefreshPlanner.request_for_current_evidence;app/services/winner_probability/job_handlers.py:enqueue_outcome_maturation_workflow;app/services/winner_probability/job_handlers.py:execute_outcome_maturation_job;app/services/winner_probability/job_handlers.py:execute_outcome_revision_check_job;app/services/winner_probability/pre11_compatibility_service.py:Pre11CompatibilityWriteService.persist_decisions_and_replays;app/services/winner_probability/scheduler.py:schedule_primary_h5_maturation;scripts/owpe_pre11_training_compatibility.py:main,app/services/background_job_service.py:_record_enqueue_attempt,OPERATIONAL_ONLY,OPERATIONAL_WRITER
app/services/background_job_service.py:_record_enqueue_attempt,368,OPERATIONAL_WRITER,OPERATIONAL,background_jobs,add,OPERATIONAL,NOT_APPLICABLE,CALLER_SESSION; REVIEW_COMMIT_PATH,DURABLE_ONLY; ENTRY_PATH_REVIEW_REQUIRED,app/routers/ceri_routes.py:create_ceri_backfill;app/routers/ceri_routes.py:create_ceri_ingestion_run;app/routers/ceri_routes.py:execute_ceri_purge;app/routers/ceri_routes.py:preview_ceri_purge;app/routers/ceri_routes.py:recalculate_ceri;app/routers/ceri_routes.py:reprocess_ceri;app/routers/ib_market_intelligence_routes.py:queue_flex;app/routers/ib_market_intelligence_routes.py:queue_histogram;app/routers/ib_market_intelligence_routes.py:queue_historical;app/routers/ib_market_intelligence_routes.py:queue_live;app/routers/ib_market_intelligence_routes.py:queue_rebuild;app/routers/ib_market_intelligence_routes.py:queue_scanner;app/routers/market_data_routes.py:queue_market_data_prewarm;app/routers/run_routes.py:fetch_run_ib_bars_action;app/routers/run_routes.py:resume_run_ib_fetch_action;app/routers/run_routes.py:resume_run_pipeline_action;app/routers/run_routes.py:retry_failed_run_ib_fetch_action;app/routers/run_routes.py:run_full_pipeline_action;app/routers/setup_lifecycle_routes.py:evaluate_setup_lifecycle_run;app/routers/setup_lifecycle_routes.py:queue_setup_lifecycle_evaluation;app/routers/winner_probability_routes.py:queue_winner_cohort_refresh;app/routers/winner_probability_routes.py:queue_winner_outcome_maturation;app/routers/winner_probability_routes.py:queue_winner_prediction_capture;app/services/background_job_service.py:enqueue_job;app/services/background_job_service.py:record_coalesced_enqueue_attempt;app/services/background_worker.py:_execute_full_pipeline_job;app/services/background_worker.py:_execute_sec_readiness_repair_job;app/services/background_worker.py:run_worker_once;app/services/ceri/batched_job_handlers.py:execute_run_finalize_job;app/services/ceri/batched_workflow.py:schedule_ceri_batched_workflow;app/services/ceri/job_handlers.py:execute_capture_run_job;app/services/ceri/job_handlers.py:execute_change_detection_job;app/services/ceri/job_handlers.py:execute_normalize_job;app/services/ceri/job_handlers.py:execute_provider_ingest_job;app/services/ceri/job_handlers.py:execute_purge_licensed_data_job;app/services/ceri/job_handlers.py:execute_rebuild_features_job;app/services/ceri/purge_service.py:CeriPurgeService.execute;app/services/ceri/sec/readiness_repair.py:execute_sec_readiness_repair;app/services/ceri/sec/readiness_repair.py:schedule_sec_readiness_repair;app/services/ib_fetch_job_service.py:submit_fetch_job;app/services/market_data_prewarm_service.py:enqueue_market_data_prewarm;app/services/pipeline_executor.py:execute_full_pipeline;app/services/pipeline_service.py:enqueue_pipeline_after_sec_repair;app/services/pipeline_service.py:resume_pipeline;app/services/pipeline_service.py:start_pipeline;app/services/pre_enqueue_operational_gate.py:validate_pre_enqueue_operational_gate;app/services/winner_probability/cohort_refresh_planner.py:CohortRefreshPlanner.request_for_current_evidence;app/services/winner_probability/job_handlers.py:enqueue_outcome_maturation_workflow;app/services/winner_probability/job_handlers.py:execute_outcome_maturation_job;app/services/winner_probability/job_handlers.py:execute_outcome_revision_check_job;app/services/winner_probability/pre11_compatibility_service.py:Pre11CompatibilityWriteService.persist_decisions_and_replays;app/services/winner_probability/scheduler.py:schedule_primary_h5_maturation;scripts/owpe_pre11_training_compatibility.py:main,app/services/background_job_service.py:_record_enqueue_attempt,OPERATIONAL_ONLY,OPERATIONAL_WRITER
app/services/background_job_service.py:_record_local_lease_loss,1752,OPERATIONAL_WRITER,OPERATIONAL,background_jobs,,OPERATIONAL,NOT_APPLICABLE,CALLER_SESSION; REVIEW_COMMIT_PATH,DURABLE_ONLY; ENTRY_PATH_REVIEW_REQUIRED,app/services/background_job_service.py:heartbeat_job;app/services/background_job_service.py:mark_job_blocked;app/services/background_job_service.py:mark_job_cancelled;app/services/background_job_service.py:mark_job_completed;app/services/background_job_service.py:mark_job_deferred;app/services/background_job_service.py:mark_job_failed_or_retry;app/services/background_job_service.py:mark_job_partial;app/services/background_worker.py:run_worker_once;scripts/profile_sec_performance.py:main,app/services/background_job_service.py:_record_local_lease_loss,OPERATIONAL_ONLY,OPERATIONAL_WRITER
app/services/background_job_service.py:_recover_jobs,1527,OPERATIONAL_WRITER,OPERATIONAL,background_jobs,execute,OPERATIONAL,NOT_APPLICABLE,CALLER_SESSION; REVIEW_COMMIT_PATH,DURABLE_ONLY; ENTRY_PATH_REVIEW_REQUIRED,app/services/background_job_service.py:recover_abandoned_jobs_for_worker;app/services/background_job_service.py:recover_stale_jobs;app/services/background_worker.py:run_worker_once,app/services/background_job_service.py:_recover_jobs,OPERATIONAL_ONLY,OPERATIONAL_WRITER
app/services/background_job_service.py:_recover_jobs,1527,OPERATIONAL_WRITER,OPERATIONAL,winner_processing_runs,execute,OPERATIONAL,NOT_APPLICABLE,CALLER_SESSION; REVIEW_COMMIT_PATH,DURABLE_ONLY; ENTRY_PATH_REVIEW_REQUIRED,app/services/background_job_service.py:recover_abandoned_jobs_for_worker;app/services/background_job_service.py:recover_stale_jobs;app/services/background_worker.py:run_worker_once,app/services/background_job_service.py:_recover_jobs,OPERATIONAL_ONLY,OPERATIONAL_WRITER
app/services/background_job_service.py:_update_fanout_summary,410,OPERATIONAL_WRITER,OPERATIONAL,background_job_fanout_roots,add,OPERATIONAL,NOT_APPLICABLE,CALLER_SESSION; REVIEW_COMMIT_PATH,DURABLE_ONLY; ENTRY_PATH_REVIEW_REQUIRED,app/routers/ceri_routes.py:create_ceri_backfill;app/routers/ceri_routes.py:create_ceri_ingestion_run;app/routers/ceri_routes.py:execute_ceri_purge;app/routers/ceri_routes.py:preview_ceri_purge;app/routers/ceri_routes.py:recalculate_ceri;app/routers/ceri_routes.py:reprocess_ceri;app/routers/ib_market_intelligence_routes.py:queue_flex;app/routers/ib_market_intelligence_routes.py:queue_histogram;app/routers/ib_market_intelligence_routes.py:queue_historical;app/routers/ib_market_intelligence_routes.py:queue_live;app/routers/ib_market_intelligence_routes.py:queue_rebuild;app/routers/ib_market_intelligence_routes.py:queue_scanner;app/routers/market_data_routes.py:queue_market_data_prewarm;app/routers/run_routes.py:fetch_run_ib_bars_action;app/routers/run_routes.py:resume_run_ib_fetch_action;app/routers/run_routes.py:resume_run_pipeline_action;app/routers/run_routes.py:retry_failed_run_ib_fetch_action;app/routers/run_routes.py:run_full_pipeline_action;app/routers/setup_lifecycle_routes.py:evaluate_setup_lifecycle_run;app/routers/setup_lifecycle_routes.py:queue_setup_lifecycle_evaluation;app/routers/winner_probability_routes.py:queue_winner_cohort_refresh;app/routers/winner_probability_routes.py:queue_winner_outcome_maturation;app/routers/winner_probability_routes.py:queue_winner_prediction_capture;app/services/background_job_service.py:enqueue_job;app/services/background_job_service.py:record_coalesced_enqueue_attempt;app/services/background_worker.py:_execute_full_pipeline_job;app/services/background_worker.py:_execute_sec_readiness_repair_job;app/services/background_worker.py:run_worker_once;app/services/ceri/batched_job_handlers.py:execute_run_finalize_job;app/services/ceri/batched_workflow.py:schedule_ceri_batched_workflow;app/services/ceri/job_handlers.py:execute_capture_run_job;app/services/ceri/job_handlers.py:execute_change_detection_job;app/services/ceri/job_handlers.py:execute_normalize_job;app/services/ceri/job_handlers.py:execute_provider_ingest_job;app/services/ceri/job_handlers.py:execute_purge_licensed_data_job;app/services/ceri/job_handlers.py:execute_rebuild_features_job;app/services/ceri/purge_service.py:CeriPurgeService.execute;app/services/ceri/sec/readiness_repair.py:execute_sec_readiness_repair;app/services/ceri/sec/readiness_repair.py:schedule_sec_readiness_repair;app/services/ib_fetch_job_service.py:submit_fetch_job;app/services/market_data_prewarm_service.py:enqueue_market_data_prewarm;app/services/pipeline_executor.py:execute_full_pipeline;app/services/pipeline_service.py:enqueue_pipeline_after_sec_repair;app/services/pipeline_service.py:resume_pipeline;app/services/pipeline_service.py:start_pipeline;app/services/pre_enqueue_operational_gate.py:validate_pre_enqueue_operational_gate;app/services/winner_probability/cohort_refresh_planner.py:CohortRefreshPlanner.request_for_current_evidence;app/services/winner_probability/job_handlers.py:enqueue_outcome_maturation_workflow;app/services/winner_probability/job_handlers.py:execute_outcome_maturation_job;app/services/winner_probability/job_handlers.py:execute_outcome_revision_check_job;app/services/winner_probability/pre11_compatibility_service.py:Pre11CompatibilityWriteService.persist_decisions_and_replays;app/services/winner_probability/scheduler.py:schedule_primary_h5_maturation;scripts/owpe_pre11_training_compatibility.py:main,app/services/background_job_service.py:_update_fanout_summary,OPERATIONAL_ONLY,OPERATIONAL_WRITER
app/services/background_job_service.py:claim_next_job,723,OPERATIONAL_WRITER,OPERATIONAL,background_jobs,,OPERATIONAL,NOT_APPLICABLE,CALLER_SESSION; REVIEW_COMMIT_PATH,DURABLE_ONLY; ENTRY_PATH_REVIEW_REQUIRED,app/services/background_job_service.py:claim_next_job;app/services/background_worker.py:run_worker_once,app/services/background_job_service.py:claim_next_job,OPERATIONAL_ONLY,OPERATIONAL_WRITER
app/services/background_job_service.py:enqueue_job,93,OPERATIONAL_WRITER,OPERATIONAL,background_jobs,add,OPERATIONAL,NOT_APPLICABLE,CALLER_SESSION; REVIEW_COMMIT_PATH,DURABLE_ONLY; ENTRY_PATH_REVIEW_REQUIRED,app/routers/ceri_routes.py:create_ceri_backfill;app/routers/ceri_routes.py:create_ceri_ingestion_run;app/routers/ceri_routes.py:execute_ceri_purge;app/routers/ceri_routes.py:preview_ceri_purge;app/routers/ceri_routes.py:recalculate_ceri;app/routers/ceri_routes.py:reprocess_ceri;app/routers/ib_market_intelligence_routes.py:queue_flex;app/routers/ib_market_intelligence_routes.py:queue_histogram;app/routers/ib_market_intelligence_routes.py:queue_historical;app/routers/ib_market_intelligence_routes.py:queue_live;app/routers/ib_market_intelligence_routes.py:queue_rebuild;app/routers/ib_market_intelligence_routes.py:queue_scanner;app/routers/market_data_routes.py:queue_market_data_prewarm;app/routers/run_routes.py:fetch_run_ib_bars_action;app/routers/run_routes.py:resume_run_ib_fetch_action;app/routers/run_routes.py:resume_run_pipeline_action;app/routers/run_routes.py:retry_failed_run_ib_fetch_action;app/routers/run_routes.py:run_full_pipeline_action;app/routers/setup_lifecycle_routes.py:evaluate_setup_lifecycle_run;app/routers/setup_lifecycle_routes.py:queue_setup_lifecycle_evaluation;app/routers/winner_probability_routes.py:queue_winner_cohort_refresh;app/routers/winner_probability_routes.py:queue_winner_outcome_maturation;app/routers/winner_probability_routes.py:queue_winner_prediction_capture;app/services/background_job_service.py:enqueue_job;app/services/background_worker.py:_execute_full_pipeline_job;app/services/background_worker.py:_execute_sec_readiness_repair_job;app/services/background_worker.py:run_worker_once;app/services/ceri/batched_job_handlers.py:execute_run_finalize_job;app/services/ceri/batched_workflow.py:schedule_ceri_batched_workflow;app/services/ceri/job_handlers.py:execute_capture_run_job;app/services/ceri/job_handlers.py:execute_change_detection_job;app/services/ceri/job_handlers.py:execute_normalize_job;app/services/ceri/job_handlers.py:execute_provider_ingest_job;app/services/ceri/job_handlers.py:execute_purge_licensed_data_job;app/services/ceri/job_handlers.py:execute_rebuild_features_job;app/services/ceri/purge_service.py:CeriPurgeService.execute;app/services/ceri/sec/readiness_repair.py:execute_sec_readiness_repair;app/services/ceri/sec/readiness_repair.py:schedule_sec_readiness_repair;app/services/ib_fetch_job_service.py:submit_fetch_job;app/services/market_data_prewarm_service.py:enqueue_market_data_prewarm;app/services/pipeline_executor.py:execute_full_pipeline;app/services/pipeline_service.py:enqueue_pipeline_after_sec_repair;app/services/pipeline_service.py:resume_pipeline;app/services/pipeline_service.py:start_pipeline;app/services/pre_enqueue_operational_gate.py:validate_pre_enqueue_operational_gate;app/services/winner_probability/cohort_refresh_planner.py:CohortRefreshPlanner.request_for_current_evidence;app/services/winner_probability/job_handlers.py:enqueue_outcome_maturation_workflow;app/services/winner_probability/job_handlers.py:execute_outcome_maturation_job;app/services/winner_probability/job_handlers.py:execute_outcome_revision_check_job;app/services/winner_probability/pre11_compatibility_service.py:Pre11CompatibilityWriteService.persist_decisions_and_replays;app/services/winner_probability/scheduler.py:schedule_primary_h5_maturation;scripts/owpe_pre11_training_compatibility.py:main,app/services/background_job_service.py:enqueue_job,OPERATIONAL_ONLY,OPERATIONAL_WRITER
app/services/background_job_service.py:fence_jobs_for_worker,1129,OPERATIONAL_WRITER,OPERATIONAL,background_jobs,,OPERATIONAL,NOT_APPLICABLE,CALLER_SESSION; REVIEW_COMMIT_PATH,DURABLE_ONLY; ENTRY_PATH_REVIEW_REQUIRED,app/services/background_job_service.py:fence_jobs_for_worker;app/worker_supervisor.py:main,app/services/background_job_service.py:fence_jobs_for_worker,OPERATIONAL_ONLY,OPERATIONAL_WRITER
app/services/background_job_service.py:fence_stalled_jobs,922,OPERATIONAL_WRITER,OPERATIONAL,background_jobs,,OPERATIONAL,NOT_APPLICABLE,CALLER_SESSION; REVIEW_COMMIT_PATH,DURABLE_ONLY; ENTRY_PATH_REVIEW_REQUIRED,app/services/background_job_service.py:fence_stalled_jobs;app/worker_supervisor.py:main,app/services/background_job_service.py:fence_stalled_jobs,OPERATIONAL_ONLY,OPERATIONAL_WRITER
app/services/background_job_service.py:mark_job_cancelled,1237,OPERATIONAL_WRITER,OPERATIONAL,background_jobs,,OPERATIONAL,NOT_APPLICABLE,CALLER_SESSION; REVIEW_COMMIT_PATH,DURABLE_ONLY; ENTRY_PATH_REVIEW_REQUIRED,app/services/background_job_service.py:mark_job_cancelled;app/services/background_worker.py:run_worker_once,app/services/background_job_service.py:mark_job_cancelled,OPERATIONAL_ONLY,OPERATIONAL_WRITER
app/services/background_job_service.py:prune_enqueue_attempt_evidence,554,OPERATIONAL_WRITER,OPERATIONAL,background_job_enqueue_attempts,execute,OPERATIONAL,NOT_APPLICABLE,CALLER_SESSION; REVIEW_COMMIT_PATH,DURABLE_ONLY; ENTRY_PATH_REVIEW_REQUIRED,app/routers/health_routes.py:cleanup_execute;app/services/background_job_service.py:prune_enqueue_attempt_evidence;app/services/background_worker.py:run_worker;app/services/cleanup_service.py:execute_cleanup;app/services/cleanup_service.py:execute_durable_evidence_retention;app/worker.py:main,app/services/background_job_service.py:prune_enqueue_attempt_evidence,OPERATIONAL_ONLY,OPERATIONAL_WRITER
app/services/background_job_service.py:prune_enqueue_attempt_evidence,554,OPERATIONAL_WRITER,OPERATIONAL,background_job_fanout_roots,execute,OPERATIONAL,NOT_APPLICABLE,CALLER_SESSION; REVIEW_COMMIT_PATH,DURABLE_ONLY; ENTRY_PATH_REVIEW_REQUIRED,app/routers/health_routes.py:cleanup_execute;app/services/background_job_service.py:prune_enqueue_attempt_evidence;app/services/background_worker.py:run_worker;app/services/cleanup_service.py:execute_cleanup;app/services/cleanup_service.py:execute_durable_evidence_retention;app/worker.py:main,app/services/background_job_service.py:prune_enqueue_attempt_evidence,OPERATIONAL_ONLY,OPERATIONAL_WRITER
app/services/background_job_service.py:record_coalesced_enqueue_attempt,525,OPERATIONAL_WRITER,OPERATIONAL,background_jobs,,OPERATIONAL,NOT_APPLICABLE,CALLER_SESSION; REVIEW_COMMIT_PATH,DURABLE_ONLY; ENTRY_PATH_REVIEW_REQUIRED,app/routers/winner_probability_routes.py:queue_winner_outcome_maturation;app/services/background_job_service.py:record_coalesced_enqueue_attempt;app/services/background_worker.py:run_worker_once;app/services/winner_probability/job_handlers.py:enqueue_outcome_maturation_workflow;app/services/winner_probability/scheduler.py:schedule_primary_h5_maturation,app/services/background_job_service.py:record_coalesced_enqueue_attempt,OPERATIONAL_ONLY,OPERATIONAL_WRITER
app/services/background_job_service.py:record_job_progress,827,OPERATIONAL_WRITER,OPERATIONAL,background_jobs,execute,OPERATIONAL,NOT_APPLICABLE,CALLER_SESSION; REVIEW_COMMIT_PATH,DURABLE_ONLY; ENTRY_PATH_REVIEW_REQUIRED,app/services/background_job_service.py:record_job_progress;app/services/background_worker.py:_execute_worker_recovery_probe;app/services/ceri/batched_job_handlers.py:execute_feature_batch_job;app/services/ceri/batched_job_handlers.py:execute_normalize_batch_job;app/services/ceri/batched_job_handlers.py:execute_provider_ingest_batch_job;app/services/ceri/batched_job_handlers.py:execute_run_finalize_job;scripts/profile_sec_performance.py:main,app/services/background_job_service.py:record_job_progress,OPERATIONAL_ONLY,OPERATIONAL_WRITER
app/services/background_job_service.py:request_job_cancel,1435,OPERATIONAL_WRITER,OPERATIONAL,background_jobs,,OPERATIONAL,NOT_APPLICABLE,CALLER_SESSION; REVIEW_COMMIT_PATH,DURABLE_ONLY; ENTRY_PATH_REVIEW_REQUIRED,app/routers/ceri_routes.py:cancel_ceri_job;app/routers/market_data_routes.py:cancel_market_data_prewarm;app/routers/run_routes.py:cancel_run_ib_fetch_action;app/routers/run_routes.py:cancel_run_pipeline_action;app/services/background_job_service.py:request_job_cancel;app/services/ib_fetch_job_service.py:cancel_fetch_job;app/services/pipeline_service.py:cancel_pipeline,app/services/background_job_service.py:request_job_cancel,OPERATIONAL_ONLY,OPERATIONAL_WRITER
app/services/background_job_service.py:requeue_stalled_jobs,1102,OPERATIONAL_WRITER,OPERATIONAL,background_jobs,,OPERATIONAL,NOT_APPLICABLE,CALLER_SESSION; REVIEW_COMMIT_PATH,DURABLE_ONLY; ENTRY_PATH_REVIEW_REQUIRED,app/services/background_job_service.py:requeue_stalled_jobs;app/worker_supervisor.py:main,app/services/background_job_service.py:requeue_stalled_jobs,OPERATIONAL_ONLY,OPERATIONAL_WRITER
app/services/background_worker.py:_execute_worker_recovery_probe,673,OPERATIONAL_WRITER,OPERATIONAL,background_jobs,,OPERATIONAL,NOT_APPLICABLE,CALLER_SESSION; REVIEW_COMMIT_PATH,DURABLE_ONLY; ENTRY_PATH_REVIEW_REQUIRED,app/services/background_worker.py:_execute_worker_recovery_probe,app/services/background_worker.py:_execute_worker_recovery_probe,OPERATIONAL_ONLY,OPERATIONAL_WRITER
app/services/background_worker.py:execute_job,584,OPERATIONAL_WRITER,OPERATIONAL,background_jobs,,OPERATIONAL,NOT_APPLICABLE,CALLER_SESSION; REVIEW_COMMIT_PATH,DURABLE_ONLY; ENTRY_PATH_REVIEW_REQUIRED,app/services/background_worker.py:execute_job;app/services/background_worker.py:run_worker_once,app/services/background_worker.py:execute_job,OPERATIONAL_ONLY,OPERATIONAL_WRITER
app/services/bar_cache_service.py:cache_bars,123,SHARED_DOMAIN_WRITER,CANONICAL_CALCULATION,price_bar_revisions,add,PRICE,app/services/bar_cache_service.py:cache_bars,CALLER_SESSION; REVIEW_COMMIT_PATH,DURABLE_ONLY; ENTRY_PATH_REVIEW_REQUIRED,app/routers/ib_routes.py:fetch_bars;app/routers/market_data_routes.py:queue_market_data_prewarm;app/routers/run_routes.py:fetch_run_ib_bars_action;app/routers/run_routes.py:resume_run_ib_fetch_action;app/routers/run_routes.py:resume_run_pipeline_action;app/routers/run_routes.py:retry_failed_run_ib_fetch_action;app/routers/run_routes.py:run_full_pipeline_action;app/services/background_worker.py:_execute_full_pipeline_job;app/services/background_worker.py:_execute_sec_readiness_repair_job;app/services/bar_cache_service.py:cache_bars;app/services/bar_cache_service.py:ensure_daily_bars;app/services/ceri/sec/readiness_repair.py:execute_sec_readiness_repair;app/services/ceri/sec/readiness_repair.py:schedule_sec_readiness_repair;app/services/ib_fetch_executor.py:execute_fetch_plan;app/services/ib_fetch_job_service.py:execute_durable_fetch_job;app/services/ib_fetch_job_service.py:submit_fetch_job;app/services/market_data_prewarm_service.py:enqueue_market_data_prewarm;app/services/market_data_prewarm_service.py:execute_market_data_prewarm;app/services/market_data_prewarm_service.py:execute_market_data_prewarm_job;app/services/pipeline_executor.py:execute_full_pipeline;app/services/pipeline_service.py:enqueue_pipeline_after_sec_repair;app/services/pipeline_service.py:resume_pipeline;app/services/pipeline_service.py:start_pipeline;app/services/pre_enqueue_operational_gate.py:validate_pre_enqueue_operational_gate;scripts/winner_ib_request_scope_canary.py:main,app/services/bar_cache_service.py:cache_bars,WF_PRICE_INGESTION,CANONICAL_SEMANTIC_WRITER
app/services/bar_cache_service.py:cache_bars,123,SHARED_DOMAIN_WRITER,CANONICAL_CALCULATION,price_bars,add,PRICE,app/services/bar_cache_service.py:cache_bars,CALLER_SESSION; REVIEW_COMMIT_PATH,DURABLE_ONLY; ENTRY_PATH_REVIEW_REQUIRED,app/routers/ib_routes.py:fetch_bars;app/routers/market_data_routes.py:queue_market_data_prewarm;app/routers/run_routes.py:fetch_run_ib_bars_action;app/routers/run_routes.py:resume_run_ib_fetch_action;app/routers/run_routes.py:resume_run_pipeline_action;app/routers/run_routes.py:retry_failed_run_ib_fetch_action;app/routers/run_routes.py:run_full_pipeline_action;app/services/background_worker.py:_execute_full_pipeline_job;app/services/background_worker.py:_execute_sec_readiness_repair_job;app/services/bar_cache_service.py:cache_bars;app/services/bar_cache_service.py:ensure_daily_bars;app/services/ceri/sec/readiness_repair.py:execute_sec_readiness_repair;app/services/ceri/sec/readiness_repair.py:schedule_sec_readiness_repair;app/services/ib_fetch_executor.py:execute_fetch_plan;app/services/ib_fetch_job_service.py:execute_durable_fetch_job;app/services/ib_fetch_job_service.py:submit_fetch_job;app/services/market_data_prewarm_service.py:enqueue_market_data_prewarm;app/services/market_data_prewarm_service.py:execute_market_data_prewarm;app/services/market_data_prewarm_service.py:execute_market_data_prewarm_job;app/services/pipeline_executor.py:execute_full_pipeline;app/services/pipeline_service.py:enqueue_pipeline_after_sec_repair;app/services/pipeline_service.py:resume_pipeline;app/services/pipeline_service.py:start_pipeline;app/services/pre_enqueue_operational_gate.py:validate_pre_enqueue_operational_gate;scripts/winner_ib_request_scope_canary.py:main,app/services/bar_cache_service.py:cache_bars,WF_PRICE_INGESTION,CANONICAL_SEMANTIC_WRITER
app/services/ceri/alert_service.py:CeriAlertService._rule_for_change,206,SHARED_DOMAIN_WRITER,CANONICAL_CALCULATION,ceri_alert_rules,add,CERI_ALERT,app/services/ceri/alert_service.py:CeriAlertService._rule_for_change,CALLER_SESSION; REVIEW_COMMIT_PATH,DURABLE_ONLY; ENTRY_PATH_REVIEW_REQUIRED,app/routers/ceri_routes.py:create_ceri_ingestion_run;app/routers/ceri_routes.py:execute_ceri_purge;app/routers/ceri_routes.py:preview_ceri_purge;app/routers/ceri_routes.py:recalculate_ceri;app/routers/ceri_routes.py:reprocess_ceri;app/routers/run_routes.py:resume_run_pipeline_action;app/routers/run_routes.py:run_full_pipeline_action;app/services/background_worker.py:_execute_full_pipeline_job;app/services/background_worker.py:_execute_sec_readiness_repair_job;app/services/ceri/alert_service.py:CeriAlertService.persist_alert_for_change;app/services/ceri/alert_service.py:CeriAlertService.rebuild_alerts;app/services/ceri/batched_job_handlers.py:execute_run_finalize_job;app/services/ceri/capture_service.py:CeriRunCaptureService.capture_run;app/services/ceri/job_handlers.py:execute_alert_rebuild_job;app/services/ceri/job_handlers.py:execute_capture_run_job;app/services/ceri/job_handlers.py:execute_change_detection_job;app/services/ceri/job_handlers.py:execute_normalize_job;app/services/ceri/job_handlers.py:execute_provider_ingest_job;app/services/ceri/job_handlers.py:execute_purge_licensed_data_job;app/services/ceri/job_handlers.py:execute_rebuild_features_job;app/services/ceri/purge_service.py:CeriPurgeService.execute;app/services/ceri/sec/readiness_repair.py:execute_sec_readiness_repair;app/services/ceri/sec/readiness_repair.py:schedule_sec_readiness_repair;app/services/pipeline_executor.py:execute_full_pipeline;app/services/pipeline_service.py:enqueue_pipeline_after_sec_repair;app/services/pipeline_service.py:resume_pipeline;app/services/pipeline_service.py:start_pipeline;app/services/pre_enqueue_operational_gate.py:validate_pre_enqueue_operational_gate,app/services/ceri/alert_service.py:CeriAlertService._rule_for_change,WF_CERI_ALERT_CREATION,SEMANTIC_WRITER_MEMBER
app/services/ceri/alert_service.py:CeriAlertService.acknowledge,190,SHARED_DOMAIN_WRITER,CANONICAL_CALCULATION,ceri_alert_events,,CERI_ALERT,app/services/ceri/alert_service.py:CeriAlertService.persist_alert_for_change,CALLER_SESSION; REVIEW_COMMIT_PATH,DURABLE_ONLY; ENTRY_PATH_REVIEW_REQUIRED,app/routers/ceri_routes.py:acknowledge_ceri_alert;app/services/ceri/alert_service.py:CeriAlertService.acknowledge,app/services/ceri/alert_service.py:CeriAlertService.acknowledge,WF_CERI_ALERT_STATUS,CANONICAL_SEMANTIC_WRITER
app/services/ceri/alert_service.py:CeriAlertService.dismiss,198,SHARED_DOMAIN_WRITER,CANONICAL_CALCULATION,ceri_alert_events,,CERI_ALERT,app/services/ceri/alert_service.py:CeriAlertService.persist_alert_for_change,CALLER_SESSION; REVIEW_COMMIT_PATH,DURABLE_ONLY; ENTRY_PATH_REVIEW_REQUIRED,app/routers/ceri_routes.py:dismiss_ceri_alert;app/services/ceri/alert_service.py:CeriAlertService.dismiss,app/services/ceri/alert_service.py:CeriAlertService.dismiss,WF_CERI_ALERT_STATUS,SEMANTIC_WRITER_MEMBER
app/services/ceri/alert_service.py:CeriAlertService.persist_alert_for_change,140,SHARED_DOMAIN_WRITER,CANONICAL_CALCULATION,ceri_alert_events,add,CERI_ALERT,app/services/ceri/alert_service.py:CeriAlertService.persist_alert_for_change,CALLER_SESSION; REVIEW_COMMIT_PATH,DURABLE_ONLY; ENTRY_PATH_REVIEW_REQUIRED,app/routers/ceri_routes.py:create_ceri_ingestion_run;app/routers/ceri_routes.py:execute_ceri_purge;app/routers/ceri_routes.py:preview_ceri_purge;app/routers/ceri_routes.py:recalculate_ceri;app/routers/ceri_routes.py:reprocess_ceri;app/routers/run_routes.py:resume_run_pipeline_action;app/routers/run_routes.py:run_full_pipeline_action;app/services/background_worker.py:_execute_full_pipeline_job;app/services/background_worker.py:_execute_sec_readiness_repair_job;app/services/ceri/alert_service.py:CeriAlertService.persist_alert_for_change;app/services/ceri/alert_service.py:CeriAlertService.rebuild_alerts;app/services/ceri/batched_job_handlers.py:execute_run_finalize_job;app/services/ceri/capture_service.py:CeriRunCaptureService.capture_run;app/services/ceri/job_handlers.py:execute_alert_rebuild_job;app/services/ceri/job_handlers.py:execute_capture_run_job;app/services/ceri/job_handlers.py:execute_change_detection_job;app/services/ceri/job_handlers.py:execute_normalize_job;app/services/ceri/job_handlers.py:execute_provider_ingest_job;app/services/ceri/job_handlers.py:execute_purge_licensed_data_job;app/services/ceri/job_handlers.py:execute_rebuild_features_job;app/services/ceri/purge_service.py:CeriPurgeService.execute;app/services/ceri/sec/readiness_repair.py:execute_sec_readiness_repair;app/services/ceri/sec/readiness_repair.py:schedule_sec_readiness_repair;app/services/pipeline_executor.py:execute_full_pipeline;app/services/pipeline_service.py:enqueue_pipeline_after_sec_repair;app/services/pipeline_service.py:resume_pipeline;app/services/pipeline_service.py:start_pipeline;app/services/pre_enqueue_operational_gate.py:validate_pre_enqueue_operational_gate,app/services/ceri/alert_service.py:CeriAlertService.persist_alert_for_change,WF_CERI_ALERT_CREATION,CANONICAL_SEMANTIC_WRITER
app/services/ceri/backfill_service.py:CeriBackfillService.run,79,OPERATIONAL_WRITER,OPERATIONAL,ceri_processing_runs,,OPERATIONAL,NOT_APPLICABLE,CALLER_SESSION; REVIEW_COMMIT_PATH,DURABLE_ONLY; ENTRY_PATH_REVIEW_REQUIRED,app/routers/ceri_routes.py:create_ceri_backfill;app/services/ceri/backfill_service.py:CeriBackfillService.run;app/services/ceri/job_handlers.py:execute_backfill_job,app/services/ceri/backfill_service.py:CeriBackfillService.run,OPERATIONAL_ONLY,OPERATIONAL_WRITER
app/services/ceri/backlog_cleanup_service.py:apply_legacy_ceri_backlog_cleanup,138,OPERATIONAL_WRITER,OPERATIONAL,background_jobs,,OPERATIONAL,NOT_APPLICABLE,CALLER_SESSION; REVIEW_COMMIT_PATH,DURABLE_ONLY; ENTRY_PATH_REVIEW_REQUIRED,app/services/ceri/backlog_cleanup_service.py:apply_legacy_ceri_backlog_cleanup;scripts/inspect_ceri_backlog.py:main,app/services/ceri/backlog_cleanup_service.py:apply_legacy_ceri_backlog_cleanup,OPERATIONAL_ONLY,OPERATIONAL_WRITER
app/services/ceri/batched_job_handlers.py:_save_checkpoint,527,OPERATIONAL_WRITER,OPERATIONAL,background_jobs,,OPERATIONAL,NOT_APPLICABLE,CALLER_SESSION; REVIEW_COMMIT_PATH,DURABLE_ONLY; ENTRY_PATH_REVIEW_REQUIRED,app/services/ceri/batched_job_handlers.py:execute_feature_batch_job;app/services/ceri/batched_job_handlers.py:execute_normalize_batch_job;app/services/ceri/batched_job_handlers.py:execute_provider_ingest_batch_job;app/services/ceri/batched_job_handlers.py:execute_run_finalize_job;scripts/profile_sec_performance.py:main,app/services/ceri/batched_job_handlers.py:_save_checkpoint,OPERATIONAL_ONLY,OPERATIONAL_WRITER
app/services/ceri/batched_job_handlers.py:execute_feature_batch_job,250,OPERATIONAL_WRITER,OPERATIONAL,background_jobs,,OPERATIONAL,NOT_APPLICABLE,CALLER_SESSION; REVIEW_COMMIT_PATH,DURABLE_ONLY; ENTRY_PATH_REVIEW_REQUIRED,app/services/ceri/batched_job_handlers.py:execute_feature_batch_job;app/services/ceri/batched_job_handlers.py:execute_run_finalize_job,app/services/ceri/batched_job_handlers.py:execute_feature_batch_job,OPERATIONAL_ONLY,OPERATIONAL_WRITER
app/services/ceri/batched_job_handlers.py:execute_normalize_batch_job,156,OPERATIONAL_WRITER,OPERATIONAL,background_jobs,,OPERATIONAL,NOT_APPLICABLE,CALLER_SESSION; REVIEW_COMMIT_PATH,DURABLE_ONLY; ENTRY_PATH_REVIEW_REQUIRED,app/services/ceri/batched_job_handlers.py:execute_normalize_batch_job,app/services/ceri/batched_job_handlers.py:execute_normalize_batch_job,OPERATIONAL_ONLY,OPERATIONAL_WRITER
app/services/ceri/batched_job_handlers.py:execute_provider_ingest_batch_job,70,OPERATIONAL_WRITER,OPERATIONAL,background_jobs,,OPERATIONAL,NOT_APPLICABLE,CALLER_SESSION; REVIEW_COMMIT_PATH,DURABLE_ONLY; ENTRY_PATH_REVIEW_REQUIRED,app/services/ceri/batched_job_handlers.py:execute_provider_ingest_batch_job;scripts/profile_sec_performance.py:main,app/services/ceri/batched_job_handlers.py:execute_provider_ingest_batch_job,OPERATIONAL_ONLY,OPERATIONAL_WRITER
app/services/ceri/batched_workflow.py:_ensure_ceri_companies,346,SHARED_DOMAIN_WRITER,CANONICAL_CALCULATION,ceri_companies,add,CERI_SOURCE,app/services/ceri/sec/identity_repair.py:resolve_and_persist_sec_identity,CALLER_SESSION; REVIEW_COMMIT_PATH,DURABLE_ONLY; ENTRY_PATH_REVIEW_REQUIRED,app/services/ceri/batched_workflow.py:schedule_ceri_batched_workflow,app/services/ceri/batched_workflow.py:_ensure_ceri_companies,WF_CERI_COMPANY_BOOTSTRAP,DOMAIN_SUPPORTING_STATE
app/services/ceri/change_detection_service.py:CeriChangeDetectionService._persist_change,299,SHARED_DOMAIN_WRITER,CANONICAL_CALCULATION,ceri_change_events,add,CERI_CHANGE,app/services/ceri/change_detection_service.py:CeriChangeDetectionService._persist_change,CALLER_SESSION; REVIEW_COMMIT_PATH,DURABLE_ONLY; ENTRY_PATH_REVIEW_REQUIRED,app/routers/ceri_routes.py:create_ceri_ingestion_run;app/routers/ceri_routes.py:execute_ceri_purge;app/routers/ceri_routes.py:preview_ceri_purge;app/routers/ceri_routes.py:recalculate_ceri;app/routers/ceri_routes.py:reprocess_ceri;app/routers/run_routes.py:resume_run_pipeline_action;app/routers/run_routes.py:run_full_pipeline_action;app/services/background_worker.py:_execute_full_pipeline_job;app/services/background_worker.py:_execute_sec_readiness_repair_job;app/services/ceri/batched_job_handlers.py:execute_run_finalize_job;app/services/ceri/capture_service.py:CeriRunCaptureService.capture_run;app/services/ceri/change_detection_service.py:CeriChangeDetectionService.detect_catalyst_revision;app/services/ceri/change_detection_service.py:CeriChangeDetectionService.detect_guidance_change;app/services/ceri/change_detection_service.py:CeriChangeDetectionService.detect_score_changes;app/services/ceri/change_rebuild_service.py:CeriChangeRebuildService.rebuild;app/services/ceri/job_handlers.py:execute_capture_run_job;app/services/ceri/job_handlers.py:execute_change_detection_job;app/services/ceri/job_handlers.py:execute_normalize_job;app/services/ceri/job_handlers.py:execute_provider_ingest_job;app/services/ceri/job_handlers.py:execute_purge_licensed_data_job;app/services/ceri/job_handlers.py:execute_rebuild_features_job;app/services/ceri/purge_service.py:CeriPurgeService.execute;app/services/ceri/sec/readiness_repair.py:execute_sec_readiness_repair;app/services/ceri/sec/readiness_repair.py:schedule_sec_readiness_repair;app/services/pipeline_executor.py:execute_full_pipeline;app/services/pipeline_service.py:enqueue_pipeline_after_sec_repair;app/services/pipeline_service.py:resume_pipeline;app/services/pipeline_service.py:start_pipeline;app/services/pre_enqueue_operational_gate.py:validate_pre_enqueue_operational_gate,app/services/ceri/change_detection_service.py:CeriChangeDetectionService._persist_change,WF_CERI_CHANGE,CANONICAL_SEMANTIC_WRITER
app/services/ceri/controlled_replay_service.py:CeriControlledReplayService.replay,109,CURRENT_RULES_WRITER,CURRENT_RULES_RETROSPECTIVE,ceri_controlled_replays,add;add_all,CERI,app/services/ceri/controlled_replay_service.py:CeriControlledReplayService.replay,CALLER_SESSION; REVIEW_COMMIT_PATH,DURABLE_ONLY; ENTRY_PATH_REVIEW_REQUIRED,app/services/ceri/controlled_replay_service.py:CeriControlledReplayService.replay;scripts/ceri_run104_controlled_replay.py:main,app/services/ceri/controlled_replay_service.py:CeriControlledReplayService.replay,WF_CERI_CURRENT_RULE_REPLAY,CURRENT_RULES_WRITER
app/services/ceri/controlled_replay_service.py:CeriControlledReplayService.replay,109,CURRENT_RULES_WRITER,CURRENT_RULES_RETROSPECTIVE,ceri_revision_features,add;add_all,CERI_SOURCE,app/services/ceri/revision_feature_service.py:CeriRevisionFeatureService.persist_feature,CALLER_SESSION; REVIEW_COMMIT_PATH,DURABLE_ONLY; ENTRY_PATH_REVIEW_REQUIRED,app/services/ceri/controlled_replay_service.py:CeriControlledReplayService.replay;scripts/ceri_run104_controlled_replay.py:main,app/services/ceri/controlled_replay_service.py:CeriControlledReplayService.replay,WF_CERI_CURRENT_RULE_REPLAY,CURRENT_RULES_WRITER
app/services/ceri/controlled_replay_service.py:CeriControlledReplayService.replay,109,CURRENT_RULES_WRITER,CURRENT_RULES_RETROSPECTIVE,ceri_score_snapshots,add;add_all,CERI,app/services/ceri/snapshot_service.py:CeriSnapshotService.persist_snapshot,CALLER_SESSION; REVIEW_COMMIT_PATH,DURABLE_ONLY; ENTRY_PATH_REVIEW_REQUIRED,app/services/ceri/controlled_replay_service.py:CeriControlledReplayService.replay;scripts/ceri_run104_controlled_replay.py:main,app/services/ceri/controlled_replay_service.py:CeriControlledReplayService.replay,WF_CERI_CURRENT_RULE_REPLAY,CURRENT_RULES_WRITER
app/services/ceri/evidence_eligibility.py:append_evidence_dispositions,171,SHARED_DOMAIN_WRITER,CANONICAL_CALCULATION,ceri_evidence_dispositions,scalars,CURRENT_PROJECTION,app/services/ceri/evidence_eligibility.py:append_evidence_dispositions,CALLER_SESSION; REVIEW_COMMIT_PATH,DURABLE_ONLY; ENTRY_PATH_REVIEW_REQUIRED,app/services/ceri/evidence_eligibility.py:append_evidence_dispositions;scripts/forensics/run159_ceri_quarantine.py:main,app/services/ceri/evidence_eligibility.py:append_evidence_dispositions,WF_CERI_DISPOSITION,CANONICAL_SEMANTIC_WRITER
app/services/ceri/feature_rebuild_service.py:CeriFeatureRebuildService._persist_company,1032,SHARED_DOMAIN_WRITER,CANONICAL_CALCULATION,ceri_derived_features,add,CERI_SOURCE,app/services/ceri/feature_rebuild_service.py:CeriFeatureRebuildService._persist_company,CALLER_SESSION; REVIEW_COMMIT_PATH,DURABLE_ONLY; ENTRY_PATH_REVIEW_REQUIRED,app/routers/ceri_routes.py:create_ceri_backfill;app/routers/ceri_routes.py:create_ceri_ingestion_run;app/routers/ceri_routes.py:execute_ceri_purge;app/routers/ceri_routes.py:preview_ceri_purge;app/routers/ceri_routes.py:recalculate_ceri;app/routers/ceri_routes.py:reprocess_ceri;app/routers/run_routes.py:resume_run_pipeline_action;app/routers/run_routes.py:run_full_pipeline_action;app/services/background_worker.py:_execute_full_pipeline_job;app/services/background_worker.py:_execute_sec_readiness_repair_job;app/services/ceri/backfill_service.py:CeriBackfillService.run;app/services/ceri/batched_job_handlers.py:execute_feature_batch_job;app/services/ceri/batched_job_handlers.py:execute_run_finalize_job;app/services/ceri/feature_rebuild_service.py:CeriFeatureRebuildService.rebuild;app/services/ceri/feature_rebuild_service.py:CeriFeatureRebuildService.rebuild_from_context;app/services/ceri/job_handlers.py:execute_backfill_job;app/services/ceri/job_handlers.py:execute_normalize_job;app/services/ceri/job_handlers.py:execute_provider_ingest_job;app/services/ceri/job_handlers.py:execute_purge_licensed_data_job;app/services/ceri/job_handlers.py:execute_rebuild_features_job;app/services/ceri/purge_service.py:CeriPurgeService.execute;app/services/ceri/sec/readiness_repair.py:execute_sec_readiness_repair;app/services/ceri/sec/readiness_repair.py:schedule_sec_readiness_repair;app/services/pipeline_executor.py:execute_full_pipeline;app/services/pipeline_service.py:enqueue_pipeline_after_sec_repair;app/services/pipeline_service.py:resume_pipeline;app/services/pipeline_service.py:start_pipeline;app/services/pre_enqueue_operational_gate.py:validate_pre_enqueue_operational_gate,app/services/ceri/feature_rebuild_service.py:CeriFeatureRebuildService._persist_company,WF_CERI_FEATURE_BUILD,CANONICAL_SEMANTIC_WRITER
app/services/ceri/feature_rebuild_service.py:CeriFeatureRebuildService._persist_company,1032,SHARED_DOMAIN_WRITER,CANONICAL_CALCULATION,ceri_feature_build_states,add,CERI_SOURCE,app/services/ceri/feature_rebuild_service.py:CeriFeatureRebuildService._persist_company,CALLER_SESSION; REVIEW_COMMIT_PATH,DURABLE_ONLY; ENTRY_PATH_REVIEW_REQUIRED,app/routers/ceri_routes.py:create_ceri_backfill;app/routers/ceri_routes.py:create_ceri_ingestion_run;app/routers/ceri_routes.py:execute_ceri_purge;app/routers/ceri_routes.py:preview_ceri_purge;app/routers/ceri_routes.py:recalculate_ceri;app/routers/ceri_routes.py:reprocess_ceri;app/routers/run_routes.py:resume_run_pipeline_action;app/routers/run_routes.py:run_full_pipeline_action;app/services/background_worker.py:_execute_full_pipeline_job;app/services/background_worker.py:_execute_sec_readiness_repair_job;app/services/ceri/backfill_service.py:CeriBackfillService.run;app/services/ceri/batched_job_handlers.py:execute_feature_batch_job;app/services/ceri/batched_job_handlers.py:execute_run_finalize_job;app/services/ceri/feature_rebuild_service.py:CeriFeatureRebuildService.rebuild;app/services/ceri/feature_rebuild_service.py:CeriFeatureRebuildService.rebuild_from_context;app/services/ceri/job_handlers.py:execute_backfill_job;app/services/ceri/job_handlers.py:execute_normalize_job;app/services/ceri/job_handlers.py:execute_provider_ingest_job;app/services/ceri/job_handlers.py:execute_purge_licensed_data_job;app/services/ceri/job_handlers.py:execute_rebuild_features_job;app/services/ceri/purge_service.py:CeriPurgeService.execute;app/services/ceri/sec/readiness_repair.py:execute_sec_readiness_repair;app/services/ceri/sec/readiness_repair.py:schedule_sec_readiness_repair;app/services/pipeline_executor.py:execute_full_pipeline;app/services/pipeline_service.py:enqueue_pipeline_after_sec_repair;app/services/pipeline_service.py:resume_pipeline;app/services/pipeline_service.py:start_pipeline;app/services/pre_enqueue_operational_gate.py:validate_pre_enqueue_operational_gate,app/services/ceri/feature_rebuild_service.py:CeriFeatureRebuildService._persist_company,WF_CERI_FEATURE_BUILD,CANONICAL_SEMANTIC_WRITER
app/services/ceri/feature_rebuild_service.py:CeriFeatureRebuildService._persist_company,1032,SHARED_DOMAIN_WRITER,CANONICAL_CALCULATION,ceri_price_response_features,add,CERI_SOURCE,app/services/ceri/price_response_service.py:CeriPriceResponseService.persist,CALLER_SESSION; REVIEW_COMMIT_PATH,DURABLE_ONLY; ENTRY_PATH_REVIEW_REQUIRED,app/routers/ceri_routes.py:create_ceri_backfill;app/routers/ceri_routes.py:create_ceri_ingestion_run;app/routers/ceri_routes.py:execute_ceri_purge;app/routers/ceri_routes.py:preview_ceri_purge;app/routers/ceri_routes.py:recalculate_ceri;app/routers/ceri_routes.py:reprocess_ceri;app/routers/run_routes.py:resume_run_pipeline_action;app/routers/run_routes.py:run_full_pipeline_action;app/services/background_worker.py:_execute_full_pipeline_job;app/services/background_worker.py:_execute_sec_readiness_repair_job;app/services/ceri/backfill_service.py:CeriBackfillService.run;app/services/ceri/batched_job_handlers.py:execute_feature_batch_job;app/services/ceri/batched_job_handlers.py:execute_run_finalize_job;app/services/ceri/feature_rebuild_service.py:CeriFeatureRebuildService.rebuild;app/services/ceri/feature_rebuild_service.py:CeriFeatureRebuildService.rebuild_from_context;app/services/ceri/job_handlers.py:execute_backfill_job;app/services/ceri/job_handlers.py:execute_normalize_job;app/services/ceri/job_handlers.py:execute_provider_ingest_job;app/services/ceri/job_handlers.py:execute_purge_licensed_data_job;app/services/ceri/job_handlers.py:execute_rebuild_features_job;app/services/ceri/purge_service.py:CeriPurgeService.execute;app/services/ceri/sec/readiness_repair.py:execute_sec_readiness_repair;app/services/ceri/sec/readiness_repair.py:schedule_sec_readiness_repair;app/services/pipeline_executor.py:execute_full_pipeline;app/services/pipeline_service.py:enqueue_pipeline_after_sec_repair;app/services/pipeline_service.py:resume_pipeline;app/services/pipeline_service.py:start_pipeline;app/services/pre_enqueue_operational_gate.py:validate_pre_enqueue_operational_gate,app/services/ceri/feature_rebuild_service.py:CeriFeatureRebuildService._persist_company,WF_CERI_FEATURE_BUILD,CANONICAL_SEMANTIC_WRITER
app/services/ceri/feature_rebuild_service.py:CeriFeatureRebuildService._persist_company,1032,SHARED_DOMAIN_WRITER,CANONICAL_CALCULATION,ceri_revision_features,add,CERI_SOURCE,app/services/ceri/revision_feature_service.py:CeriRevisionFeatureService.persist_feature,CALLER_SESSION; REVIEW_COMMIT_PATH,DURABLE_ONLY; ENTRY_PATH_REVIEW_REQUIRED,app/routers/ceri_routes.py:create_ceri_backfill;app/routers/ceri_routes.py:create_ceri_ingestion_run;app/routers/ceri_routes.py:execute_ceri_purge;app/routers/ceri_routes.py:preview_ceri_purge;app/routers/ceri_routes.py:recalculate_ceri;app/routers/ceri_routes.py:reprocess_ceri;app/routers/run_routes.py:resume_run_pipeline_action;app/routers/run_routes.py:run_full_pipeline_action;app/services/background_worker.py:_execute_full_pipeline_job;app/services/background_worker.py:_execute_sec_readiness_repair_job;app/services/ceri/backfill_service.py:CeriBackfillService.run;app/services/ceri/batched_job_handlers.py:execute_feature_batch_job;app/services/ceri/batched_job_handlers.py:execute_run_finalize_job;app/services/ceri/feature_rebuild_service.py:CeriFeatureRebuildService.rebuild;app/services/ceri/feature_rebuild_service.py:CeriFeatureRebuildService.rebuild_from_context;app/services/ceri/job_handlers.py:execute_backfill_job;app/services/ceri/job_handlers.py:execute_normalize_job;app/services/ceri/job_handlers.py:execute_provider_ingest_job;app/services/ceri/job_handlers.py:execute_purge_licensed_data_job;app/services/ceri/job_handlers.py:execute_rebuild_features_job;app/services/ceri/purge_service.py:CeriPurgeService.execute;app/services/ceri/sec/readiness_repair.py:execute_sec_readiness_repair;app/services/ceri/sec/readiness_repair.py:schedule_sec_readiness_repair;app/services/pipeline_executor.py:execute_full_pipeline;app/services/pipeline_service.py:enqueue_pipeline_after_sec_repair;app/services/pipeline_service.py:resume_pipeline;app/services/pipeline_service.py:start_pipeline;app/services/pre_enqueue_operational_gate.py:validate_pre_enqueue_operational_gate,app/services/ceri/feature_rebuild_service.py:CeriFeatureRebuildService._persist_company,WF_CERI_FEATURE_BUILD,CANONICAL_SEMANTIC_WRITER
app/services/ceri/feature_rebuild_service.py:CeriFeatureRebuildService._rebuild_company,656,SHARED_DOMAIN_WRITER,CANONICAL_CALCULATION,ceri_companies,,CERI_SOURCE,app/services/ceri/sec/identity_repair.py:resolve_and_persist_sec_identity,CALLER_SESSION; REVIEW_COMMIT_PATH,DURABLE_ONLY; ENTRY_PATH_REVIEW_REQUIRED,app/routers/ceri_routes.py:create_ceri_backfill;app/routers/ceri_routes.py:create_ceri_ingestion_run;app/routers/ceri_routes.py:execute_ceri_purge;app/routers/ceri_routes.py:preview_ceri_purge;app/routers/ceri_routes.py:recalculate_ceri;app/routers/ceri_routes.py:reprocess_ceri;app/routers/run_routes.py:resume_run_pipeline_action;app/routers/run_routes.py:run_full_pipeline_action;app/services/background_worker.py:_execute_full_pipeline_job;app/services/background_worker.py:_execute_sec_readiness_repair_job;app/services/ceri/backfill_service.py:CeriBackfillService.run;app/services/ceri/batched_job_handlers.py:execute_feature_batch_job;app/services/ceri/batched_job_handlers.py:execute_run_finalize_job;app/services/ceri/feature_rebuild_service.py:CeriFeatureRebuildService.rebuild;app/services/ceri/feature_rebuild_service.py:CeriFeatureRebuildService.rebuild_from_context;app/services/ceri/job_handlers.py:execute_backfill_job;app/services/ceri/job_handlers.py:execute_normalize_job;app/services/ceri/job_handlers.py:execute_provider_ingest_job;app/services/ceri/job_handlers.py:execute_purge_licensed_data_job;app/services/ceri/job_handlers.py:execute_rebuild_features_job;app/services/ceri/purge_service.py:CeriPurgeService.execute;app/services/ceri/sec/readiness_repair.py:execute_sec_readiness_repair;app/services/ceri/sec/readiness_repair.py:schedule_sec_readiness_repair;app/services/pipeline_executor.py:execute_full_pipeline;app/services/pipeline_service.py:enqueue_pipeline_after_sec_repair;app/services/pipeline_service.py:resume_pipeline;app/services/pipeline_service.py:start_pipeline;app/services/pre_enqueue_operational_gate.py:validate_pre_enqueue_operational_gate,app/services/ceri/feature_rebuild_service.py:CeriFeatureRebuildService._rebuild_company,WF_CERI_FEATURE_BUILD,SEMANTIC_WRITER_MEMBER
app/services/ceri/feature_rebuild_service.py:CeriFeatureRebuildService._upsert_derived,1280,SHARED_DOMAIN_WRITER,CANONICAL_CALCULATION,ceri_derived_features,add,CERI_SOURCE,app/services/ceri/feature_rebuild_service.py:CeriFeatureRebuildService._persist_company,CALLER_SESSION; REVIEW_COMMIT_PATH,DURABLE_ONLY; ENTRY_PATH_REVIEW_REQUIRED,,app/services/ceri/feature_rebuild_service.py:CeriFeatureRebuildService._upsert_derived,WF_CERI_FEATURE_BUILD,SEMANTIC_WRITER_MEMBER
app/services/ceri/feature_rebuild_service.py:_copy_derived,1551,SHARED_DOMAIN_WRITER,CANONICAL_CALCULATION,ceri_derived_features,,CERI_SOURCE,app/services/ceri/feature_rebuild_service.py:CeriFeatureRebuildService._persist_company,CALLER_SESSION; REVIEW_COMMIT_PATH,DURABLE_ONLY; ENTRY_PATH_REVIEW_REQUIRED,app/routers/ceri_routes.py:create_ceri_backfill;app/routers/ceri_routes.py:create_ceri_ingestion_run;app/routers/ceri_routes.py:execute_ceri_purge;app/routers/ceri_routes.py:preview_ceri_purge;app/routers/ceri_routes.py:recalculate_ceri;app/routers/ceri_routes.py:reprocess_ceri;app/routers/run_routes.py:resume_run_pipeline_action;app/routers/run_routes.py:run_full_pipeline_action;app/services/background_worker.py:_execute_full_pipeline_job;app/services/background_worker.py:_execute_sec_readiness_repair_job;app/services/ceri/backfill_service.py:CeriBackfillService.run;app/services/ceri/batched_job_handlers.py:execute_feature_batch_job;app/services/ceri/batched_job_handlers.py:execute_run_finalize_job;app/services/ceri/feature_rebuild_service.py:CeriFeatureRebuildService.rebuild;app/services/ceri/feature_rebuild_service.py:CeriFeatureRebuildService.rebuild_from_context;app/services/ceri/job_handlers.py:execute_backfill_job;app/services/ceri/job_handlers.py:execute_normalize_job;app/services/ceri/job_handlers.py:execute_provider_ingest_job;app/services/ceri/job_handlers.py:execute_purge_licensed_data_job;app/services/ceri/job_handlers.py:execute_rebuild_features_job;app/services/ceri/purge_service.py:CeriPurgeService.execute;app/services/ceri/sec/readiness_repair.py:execute_sec_readiness_repair;app/services/ceri/sec/readiness_repair.py:schedule_sec_readiness_repair;app/services/pipeline_executor.py:execute_full_pipeline;app/services/pipeline_service.py:enqueue_pipeline_after_sec_repair;app/services/pipeline_service.py:resume_pipeline;app/services/pipeline_service.py:start_pipeline;app/services/pre_enqueue_operational_gate.py:validate_pre_enqueue_operational_gate,app/services/ceri/feature_rebuild_service.py:_copy_derived,WF_CERI_FEATURE_BUILD,SEMANTIC_WRITER_MEMBER
app/services/ceri/feature_rebuild_service.py:_copy_price,1565,SHARED_DOMAIN_WRITER,CANONICAL_CALCULATION,ceri_price_response_features,,CERI_SOURCE,app/services/ceri/price_response_service.py:CeriPriceResponseService.persist,CALLER_SESSION; REVIEW_COMMIT_PATH,DURABLE_ONLY; ENTRY_PATH_REVIEW_REQUIRED,app/routers/ceri_routes.py:create_ceri_backfill;app/routers/ceri_routes.py:create_ceri_ingestion_run;app/routers/ceri_routes.py:execute_ceri_purge;app/routers/ceri_routes.py:preview_ceri_purge;app/routers/ceri_routes.py:recalculate_ceri;app/routers/ceri_routes.py:reprocess_ceri;app/routers/run_routes.py:resume_run_pipeline_action;app/routers/run_routes.py:run_full_pipeline_action;app/services/background_worker.py:_execute_full_pipeline_job;app/services/background_worker.py:_execute_sec_readiness_repair_job;app/services/ceri/backfill_service.py:CeriBackfillService.run;app/services/ceri/batched_job_handlers.py:execute_feature_batch_job;app/services/ceri/batched_job_handlers.py:execute_run_finalize_job;app/services/ceri/feature_rebuild_service.py:CeriFeatureRebuildService.rebuild;app/services/ceri/feature_rebuild_service.py:CeriFeatureRebuildService.rebuild_from_context;app/services/ceri/job_handlers.py:execute_backfill_job;app/services/ceri/job_handlers.py:execute_normalize_job;app/services/ceri/job_handlers.py:execute_provider_ingest_job;app/services/ceri/job_handlers.py:execute_purge_licensed_data_job;app/services/ceri/job_handlers.py:execute_rebuild_features_job;app/services/ceri/purge_service.py:CeriPurgeService.execute;app/services/ceri/sec/readiness_repair.py:execute_sec_readiness_repair;app/services/ceri/sec/readiness_repair.py:schedule_sec_readiness_repair;app/services/pipeline_executor.py:execute_full_pipeline;app/services/pipeline_service.py:enqueue_pipeline_after_sec_repair;app/services/pipeline_service.py:resume_pipeline;app/services/pipeline_service.py:start_pipeline;app/services/pre_enqueue_operational_gate.py:validate_pre_enqueue_operational_gate,app/services/ceri/feature_rebuild_service.py:_copy_price,WF_CERI_FEATURE_BUILD,SEMANTIC_WRITER_MEMBER
app/services/ceri/feature_rebuild_service.py:_copy_revision_derived,1546,SHARED_DOMAIN_WRITER,CANONICAL_CALCULATION,ceri_revision_features,,CERI_SOURCE,app/services/ceri/revision_feature_service.py:CeriRevisionFeatureService.persist_feature,CALLER_SESSION; REVIEW_COMMIT_PATH,DURABLE_ONLY; ENTRY_PATH_REVIEW_REQUIRED,app/routers/ceri_routes.py:create_ceri_backfill;app/routers/ceri_routes.py:create_ceri_ingestion_run;app/routers/ceri_routes.py:execute_ceri_purge;app/routers/ceri_routes.py:preview_ceri_purge;app/routers/ceri_routes.py:recalculate_ceri;app/routers/ceri_routes.py:reprocess_ceri;app/routers/run_routes.py:resume_run_pipeline_action;app/routers/run_routes.py:run_full_pipeline_action;app/services/background_worker.py:_execute_full_pipeline_job;app/services/background_worker.py:_execute_sec_readiness_repair_job;app/services/ceri/backfill_service.py:CeriBackfillService.run;app/services/ceri/batched_job_handlers.py:execute_feature_batch_job;app/services/ceri/batched_job_handlers.py:execute_run_finalize_job;app/services/ceri/feature_rebuild_service.py:CeriFeatureRebuildService.rebuild;app/services/ceri/feature_rebuild_service.py:CeriFeatureRebuildService.rebuild_from_context;app/services/ceri/job_handlers.py:execute_backfill_job;app/services/ceri/job_handlers.py:execute_normalize_job;app/services/ceri/job_handlers.py:execute_provider_ingest_job;app/services/ceri/job_handlers.py:execute_purge_licensed_data_job;app/services/ceri/job_handlers.py:execute_rebuild_features_job;app/services/ceri/purge_service.py:CeriPurgeService.execute;app/services/ceri/sec/readiness_repair.py:execute_sec_readiness_repair;app/services/ceri/sec/readiness_repair.py:schedule_sec_readiness_repair;app/services/pipeline_executor.py:execute_full_pipeline;app/services/pipeline_service.py:enqueue_pipeline_after_sec_repair;app/services/pipeline_service.py:resume_pipeline;app/services/pipeline_service.py:start_pipeline;app/services/pre_enqueue_operational_gate.py:validate_pre_enqueue_operational_gate,app/services/ceri/feature_rebuild_service.py:_copy_revision_derived,WF_CERI_FEATURE_BUILD,SEMANTIC_WRITER_MEMBER
app/services/ceri/feature_rebuild_service.py:_copy_state,1570,SHARED_DOMAIN_WRITER,CANONICAL_CALCULATION,ceri_feature_build_states,,CERI_SOURCE,app/services/ceri/feature_rebuild_service.py:CeriFeatureRebuildService._persist_company,CALLER_SESSION; REVIEW_COMMIT_PATH,DURABLE_ONLY; ENTRY_PATH_REVIEW_REQUIRED,app/routers/ceri_routes.py:create_ceri_backfill;app/routers/ceri_routes.py:create_ceri_ingestion_run;app/routers/ceri_routes.py:execute_ceri_purge;app/routers/ceri_routes.py:preview_ceri_purge;app/routers/ceri_routes.py:recalculate_ceri;app/routers/ceri_routes.py:reprocess_ceri;app/routers/run_routes.py:resume_run_pipeline_action;app/routers/run_routes.py:run_full_pipeline_action;app/services/background_worker.py:_execute_full_pipeline_job;app/services/background_worker.py:_execute_sec_readiness_repair_job;app/services/ceri/backfill_service.py:CeriBackfillService.run;app/services/ceri/batched_job_handlers.py:execute_feature_batch_job;app/services/ceri/batched_job_handlers.py:execute_run_finalize_job;app/services/ceri/feature_rebuild_service.py:CeriFeatureRebuildService.rebuild;app/services/ceri/feature_rebuild_service.py:CeriFeatureRebuildService.rebuild_from_context;app/services/ceri/job_handlers.py:execute_backfill_job;app/services/ceri/job_handlers.py:execute_normalize_job;app/services/ceri/job_handlers.py:execute_provider_ingest_job;app/services/ceri/job_handlers.py:execute_purge_licensed_data_job;app/services/ceri/job_handlers.py:execute_rebuild_features_job;app/services/ceri/purge_service.py:CeriPurgeService.execute;app/services/ceri/sec/readiness_repair.py:execute_sec_readiness_repair;app/services/ceri/sec/readiness_repair.py:schedule_sec_readiness_repair;app/services/pipeline_executor.py:execute_full_pipeline;app/services/pipeline_service.py:enqueue_pipeline_after_sec_repair;app/services/pipeline_service.py:resume_pipeline;app/services/pipeline_service.py:start_pipeline;app/services/pre_enqueue_operational_gate.py:validate_pre_enqueue_operational_gate,app/services/ceri/feature_rebuild_service.py:_copy_state,WF_CERI_FEATURE_BUILD,SEMANTIC_WRITER_MEMBER
app/services/ceri/feature_rebuild_service.py:_execute_upsert,1414,SHARED_DOMAIN_WRITER,CANONICAL_CALCULATION,ceri_derived_features,execute,CERI_SOURCE,app/services/ceri/feature_rebuild_service.py:CeriFeatureRebuildService._persist_company,CALLER_SESSION; REVIEW_COMMIT_PATH,DURABLE_ONLY; ENTRY_PATH_REVIEW_REQUIRED,app/routers/ceri_routes.py:create_ceri_backfill;app/routers/ceri_routes.py:create_ceri_ingestion_run;app/routers/ceri_routes.py:execute_ceri_purge;app/routers/ceri_routes.py:preview_ceri_purge;app/routers/ceri_routes.py:recalculate_ceri;app/routers/ceri_routes.py:reprocess_ceri;app/routers/run_routes.py:resume_run_pipeline_action;app/routers/run_routes.py:run_full_pipeline_action;app/services/background_worker.py:_execute_full_pipeline_job;app/services/background_worker.py:_execute_sec_readiness_repair_job;app/services/ceri/backfill_service.py:CeriBackfillService.run;app/services/ceri/batched_job_handlers.py:execute_feature_batch_job;app/services/ceri/batched_job_handlers.py:execute_run_finalize_job;app/services/ceri/feature_rebuild_service.py:CeriFeatureRebuildService.rebuild;app/services/ceri/feature_rebuild_service.py:CeriFeatureRebuildService.rebuild_from_context;app/services/ceri/job_handlers.py:execute_backfill_job;app/services/ceri/job_handlers.py:execute_normalize_job;app/services/ceri/job_handlers.py:execute_provider_ingest_job;app/services/ceri/job_handlers.py:execute_purge_licensed_data_job;app/services/ceri/job_handlers.py:execute_rebuild_features_job;app/services/ceri/purge_service.py:CeriPurgeService.execute;app/services/ceri/sec/readiness_repair.py:execute_sec_readiness_repair;app/services/ceri/sec/readiness_repair.py:schedule_sec_readiness_repair;app/services/pipeline_executor.py:execute_full_pipeline;app/services/pipeline_service.py:enqueue_pipeline_after_sec_repair;app/services/pipeline_service.py:resume_pipeline;app/services/pipeline_service.py:start_pipeline;app/services/pre_enqueue_operational_gate.py:validate_pre_enqueue_operational_gate,app/services/ceri/feature_rebuild_service.py:_execute_upsert,WF_CERI_FEATURE_BUILD,SEMANTIC_WRITER_MEMBER
app/services/ceri/feature_rebuild_service.py:_execute_upsert,1414,SHARED_DOMAIN_WRITER,CANONICAL_CALCULATION,ceri_feature_build_states,execute,CERI_SOURCE,app/services/ceri/feature_rebuild_service.py:CeriFeatureRebuildService._persist_company,CALLER_SESSION; REVIEW_COMMIT_PATH,DURABLE_ONLY; ENTRY_PATH_REVIEW_REQUIRED,app/routers/ceri_routes.py:create_ceri_backfill;app/routers/ceri_routes.py:create_ceri_ingestion_run;app/routers/ceri_routes.py:execute_ceri_purge;app/routers/ceri_routes.py:preview_ceri_purge;app/routers/ceri_routes.py:recalculate_ceri;app/routers/ceri_routes.py:reprocess_ceri;app/routers/run_routes.py:resume_run_pipeline_action;app/routers/run_routes.py:run_full_pipeline_action;app/services/background_worker.py:_execute_full_pipeline_job;app/services/background_worker.py:_execute_sec_readiness_repair_job;app/services/ceri/backfill_service.py:CeriBackfillService.run;app/services/ceri/batched_job_handlers.py:execute_feature_batch_job;app/services/ceri/batched_job_handlers.py:execute_run_finalize_job;app/services/ceri/feature_rebuild_service.py:CeriFeatureRebuildService.rebuild;app/services/ceri/feature_rebuild_service.py:CeriFeatureRebuildService.rebuild_from_context;app/services/ceri/job_handlers.py:execute_backfill_job;app/services/ceri/job_handlers.py:execute_normalize_job;app/services/ceri/job_handlers.py:execute_provider_ingest_job;app/services/ceri/job_handlers.py:execute_purge_licensed_data_job;app/services/ceri/job_handlers.py:execute_rebuild_features_job;app/services/ceri/purge_service.py:CeriPurgeService.execute;app/services/ceri/sec/readiness_repair.py:execute_sec_readiness_repair;app/services/ceri/sec/readiness_repair.py:schedule_sec_readiness_repair;app/services/pipeline_executor.py:execute_full_pipeline;app/services/pipeline_service.py:enqueue_pipeline_after_sec_repair;app/services/pipeline_service.py:resume_pipeline;app/services/pipeline_service.py:start_pipeline;app/services/pre_enqueue_operational_gate.py:validate_pre_enqueue_operational_gate,app/services/ceri/feature_rebuild_service.py:_execute_upsert,WF_CERI_FEATURE_BUILD,SEMANTIC_WRITER_MEMBER
app/services/ceri/feature_rebuild_service.py:_execute_upsert,1414,SHARED_DOMAIN_WRITER,CANONICAL_CALCULATION,ceri_price_response_features,execute,CERI_SOURCE,app/services/ceri/price_response_service.py:CeriPriceResponseService.persist,CALLER_SESSION; REVIEW_COMMIT_PATH,DURABLE_ONLY; ENTRY_PATH_REVIEW_REQUIRED,app/routers/ceri_routes.py:create_ceri_backfill;app/routers/ceri_routes.py:create_ceri_ingestion_run;app/routers/ceri_routes.py:execute_ceri_purge;app/routers/ceri_routes.py:preview_ceri_purge;app/routers/ceri_routes.py:recalculate_ceri;app/routers/ceri_routes.py:reprocess_ceri;app/routers/run_routes.py:resume_run_pipeline_action;app/routers/run_routes.py:run_full_pipeline_action;app/services/background_worker.py:_execute_full_pipeline_job;app/services/background_worker.py:_execute_sec_readiness_repair_job;app/services/ceri/backfill_service.py:CeriBackfillService.run;app/services/ceri/batched_job_handlers.py:execute_feature_batch_job;app/services/ceri/batched_job_handlers.py:execute_run_finalize_job;app/services/ceri/feature_rebuild_service.py:CeriFeatureRebuildService.rebuild;app/services/ceri/feature_rebuild_service.py:CeriFeatureRebuildService.rebuild_from_context;app/services/ceri/job_handlers.py:execute_backfill_job;app/services/ceri/job_handlers.py:execute_normalize_job;app/services/ceri/job_handlers.py:execute_provider_ingest_job;app/services/ceri/job_handlers.py:execute_purge_licensed_data_job;app/services/ceri/job_handlers.py:execute_rebuild_features_job;app/services/ceri/purge_service.py:CeriPurgeService.execute;app/services/ceri/sec/readiness_repair.py:execute_sec_readiness_repair;app/services/ceri/sec/readiness_repair.py:schedule_sec_readiness_repair;app/services/pipeline_executor.py:execute_full_pipeline;app/services/pipeline_service.py:enqueue_pipeline_after_sec_repair;app/services/pipeline_service.py:resume_pipeline;app/services/pipeline_service.py:start_pipeline;app/services/pre_enqueue_operational_gate.py:validate_pre_enqueue_operational_gate,app/services/ceri/feature_rebuild_service.py:_execute_upsert,WF_CERI_FEATURE_BUILD,SEMANTIC_WRITER_MEMBER
app/services/ceri/feature_rebuild_service.py:_execute_upsert,1414,SHARED_DOMAIN_WRITER,CANONICAL_CALCULATION,ceri_revision_features,execute,CERI_SOURCE,app/services/ceri/revision_feature_service.py:CeriRevisionFeatureService.persist_feature,CALLER_SESSION; REVIEW_COMMIT_PATH,DURABLE_ONLY; ENTRY_PATH_REVIEW_REQUIRED,app/routers/ceri_routes.py:create_ceri_backfill;app/routers/ceri_routes.py:create_ceri_ingestion_run;app/routers/ceri_routes.py:execute_ceri_purge;app/routers/ceri_routes.py:preview_ceri_purge;app/routers/ceri_routes.py:recalculate_ceri;app/routers/ceri_routes.py:reprocess_ceri;app/routers/run_routes.py:resume_run_pipeline_action;app/routers/run_routes.py:run_full_pipeline_action;app/services/background_worker.py:_execute_full_pipeline_job;app/services/background_worker.py:_execute_sec_readiness_repair_job;app/services/ceri/backfill_service.py:CeriBackfillService.run;app/services/ceri/batched_job_handlers.py:execute_feature_batch_job;app/services/ceri/batched_job_handlers.py:execute_run_finalize_job;app/services/ceri/feature_rebuild_service.py:CeriFeatureRebuildService.rebuild;app/services/ceri/feature_rebuild_service.py:CeriFeatureRebuildService.rebuild_from_context;app/services/ceri/job_handlers.py:execute_backfill_job;app/services/ceri/job_handlers.py:execute_normalize_job;app/services/ceri/job_handlers.py:execute_provider_ingest_job;app/services/ceri/job_handlers.py:execute_purge_licensed_data_job;app/services/ceri/job_handlers.py:execute_rebuild_features_job;app/services/ceri/purge_service.py:CeriPurgeService.execute;app/services/ceri/sec/readiness_repair.py:execute_sec_readiness_repair;app/services/ceri/sec/readiness_repair.py:schedule_sec_readiness_repair;app/services/pipeline_executor.py:execute_full_pipeline;app/services/pipeline_service.py:enqueue_pipeline_after_sec_repair;app/services/pipeline_service.py:resume_pipeline;app/services/pipeline_service.py:start_pipeline;app/services/pre_enqueue_operational_gate.py:validate_pre_enqueue_operational_gate,app/services/ceri/feature_rebuild_service.py:_execute_upsert,WF_CERI_FEATURE_BUILD,SEMANTIC_WRITER_MEMBER
app/services/ceri/guidance_normalizer.py:apply_guidance_eligibility,90,SHARED_DOMAIN_WRITER,CANONICAL_CALCULATION,ceri_guidance_events,,CERI_SOURCE,app/services/ceri/normalization_service.py:CeriNormalizationService._normalize_record,CALLER_SESSION; REVIEW_COMMIT_PATH,DURABLE_ONLY; ENTRY_PATH_REVIEW_REQUIRED,app/routers/ceri_routes.py:create_ceri_backfill;app/routers/ceri_routes.py:create_ceri_ingestion_run;app/routers/ceri_routes.py:reprocess_ceri;app/routers/run_routes.py:resume_run_pipeline_action;app/routers/run_routes.py:run_full_pipeline_action;app/services/background_worker.py:_execute_full_pipeline_job;app/services/background_worker.py:_execute_sec_readiness_repair_job;app/services/ceri/backfill_service.py:CeriBackfillService.run;app/services/ceri/batched_job_handlers.py:execute_normalize_batch_job;app/services/ceri/guidance_normalizer.py:apply_guidance_eligibility;app/services/ceri/job_handlers.py:execute_backfill_job;app/services/ceri/job_handlers.py:execute_normalize_job;app/services/ceri/job_handlers.py:execute_provider_ingest_job;app/services/ceri/normalization_service.py:CeriNormalizationService.normalize;app/services/ceri/sec/readiness_repair.py:execute_sec_readiness_repair;app/services/ceri/sec/readiness_repair.py:schedule_sec_readiness_repair;app/services/pipeline_executor.py:execute_full_pipeline;app/services/pipeline_service.py:enqueue_pipeline_after_sec_repair;app/services/pipeline_service.py:resume_pipeline;app/services/pipeline_service.py:start_pipeline;app/services/pre_enqueue_operational_gate.py:validate_pre_enqueue_operational_gate,app/services/ceri/guidance_normalizer.py:apply_guidance_eligibility,WF_CERI_GUIDANCE_ELIGIBILITY,DOMAIN_SUPPORTING_STATE
app/services/ceri/identity_resolver.py:CeriIdentityResolver.resolve_source_record,43,SHARED_DOMAIN_WRITER,CANONICAL_CALCULATION,ceri_source_records,,CERI_SOURCE,app/services/ceri/source_record_service.py:CeriSourceRecordService.store_source_record,CALLER_SESSION; REVIEW_COMMIT_PATH,DURABLE_ONLY; ENTRY_PATH_REVIEW_REQUIRED,app/routers/ceri_routes.py:create_ceri_backfill;app/routers/ceri_routes.py:create_ceri_ingestion_run;app/routers/ceri_routes.py:reprocess_ceri;app/routers/run_routes.py:resume_run_pipeline_action;app/routers/run_routes.py:run_full_pipeline_action;app/services/background_worker.py:_execute_full_pipeline_job;app/services/background_worker.py:_execute_sec_readiness_repair_job;app/services/ceri/backfill_service.py:CeriBackfillService.run;app/services/ceri/batched_job_handlers.py:execute_normalize_batch_job;app/services/ceri/identity_resolver.py:CeriIdentityResolver.resolve_source_record;app/services/ceri/job_handlers.py:execute_backfill_job;app/services/ceri/job_handlers.py:execute_normalize_job;app/services/ceri/job_handlers.py:execute_provider_ingest_job;app/services/ceri/normalization_service.py:CeriNormalizationService.normalize;app/services/ceri/sec/readiness_repair.py:execute_sec_readiness_repair;app/services/ceri/sec/readiness_repair.py:schedule_sec_readiness_repair;app/services/pipeline_executor.py:execute_full_pipeline;app/services/pipeline_service.py:enqueue_pipeline_after_sec_repair;app/services/pipeline_service.py:resume_pipeline;app/services/pipeline_service.py:start_pipeline;app/services/pre_enqueue_operational_gate.py:validate_pre_enqueue_operational_gate,app/services/ceri/identity_resolver.py:CeriIdentityResolver.resolve_source_record,WF_CERI_SOURCE_IDENTITY,DOMAIN_SUPPORTING_STATE
app/services/ceri/job_handlers.py:execute_backfill_job,513,OPERATIONAL_WRITER,OPERATIONAL,background_jobs,,OPERATIONAL,NOT_APPLICABLE,CALLER_SESSION; REVIEW_COMMIT_PATH,DURABLE_ONLY; ENTRY_PATH_REVIEW_REQUIRED,app/routers/ceri_routes.py:create_ceri_backfill;app/services/ceri/job_handlers.py:execute_backfill_job,app/services/ceri/job_handlers.py:execute_backfill_job,OPERATIONAL_ONLY,OPERATIONAL_WRITER
app/services/ceri/job_handlers.py:execute_normalize_job,149,OPERATIONAL_WRITER,OPERATIONAL,ceri_processing_runs,add,OPERATIONAL,NOT_APPLICABLE,CALLER_SESSION; REVIEW_COMMIT_PATH,DURABLE_ONLY; ENTRY_PATH_REVIEW_REQUIRED,app/routers/ceri_routes.py:create_ceri_ingestion_run;app/routers/ceri_routes.py:reprocess_ceri;app/routers/run_routes.py:resume_run_pipeline_action;app/routers/run_routes.py:run_full_pipeline_action;app/services/background_worker.py:_execute_full_pipeline_job;app/services/background_worker.py:_execute_sec_readiness_repair_job;app/services/ceri/job_handlers.py:execute_normalize_job;app/services/ceri/job_handlers.py:execute_provider_ingest_job;app/services/ceri/sec/readiness_repair.py:execute_sec_readiness_repair;app/services/ceri/sec/readiness_repair.py:schedule_sec_readiness_repair;app/services/pipeline_executor.py:execute_full_pipeline;app/services/pipeline_service.py:enqueue_pipeline_after_sec_repair;app/services/pipeline_service.py:resume_pipeline;app/services/pipeline_service.py:start_pipeline;app/services/pre_enqueue_operational_gate.py:validate_pre_enqueue_operational_gate,app/services/ceri/job_handlers.py:execute_normalize_job,OPERATIONAL_ONLY,OPERATIONAL_WRITER
app/services/ceri/job_handlers.py:execute_provider_ingest_job,86,OPERATIONAL_WRITER,OPERATIONAL,background_jobs,,OPERATIONAL,NOT_APPLICABLE,CALLER_SESSION; REVIEW_COMMIT_PATH,DURABLE_ONLY; ENTRY_PATH_REVIEW_REQUIRED,app/routers/ceri_routes.py:create_ceri_ingestion_run;app/routers/run_routes.py:resume_run_pipeline_action;app/routers/run_routes.py:run_full_pipeline_action;app/services/background_worker.py:_execute_full_pipeline_job;app/services/background_worker.py:_execute_sec_readiness_repair_job;app/services/ceri/job_handlers.py:execute_provider_ingest_job;app/services/ceri/sec/readiness_repair.py:execute_sec_readiness_repair;app/services/ceri/sec/readiness_repair.py:schedule_sec_readiness_repair;app/services/pipeline_executor.py:execute_full_pipeline;app/services/pipeline_service.py:enqueue_pipeline_after_sec_repair;app/services/pipeline_service.py:resume_pipeline;app/services/pipeline_service.py:start_pipeline;app/services/pre_enqueue_operational_gate.py:validate_pre_enqueue_operational_gate,app/services/ceri/job_handlers.py:execute_provider_ingest_job,OPERATIONAL_ONLY,OPERATIONAL_WRITER
app/services/ceri/manual_review_service.py:CeriManualReviewService.create_catalyst_override,11,SHARED_DOMAIN_WRITER,CANONICAL_CALCULATION,ceri_catalyst_event_revisions,add,CERI_SOURCE,app/services/ceri/normalization_service.py:CeriNormalizationService._normalize_record,CALLER_SESSION; REVIEW_COMMIT_PATH,DURABLE_ONLY; ENTRY_PATH_REVIEW_REQUIRED,app/services/ceri/manual_review_service.py:CeriManualReviewService.create_catalyst_override,app/services/ceri/manual_review_service.py:CeriManualReviewService.create_catalyst_override,WF_CERI_HUMAN_SOURCE_OVERRIDE,CANONICAL_SEMANTIC_WRITER
app/services/ceri/manual_review_service.py:CeriManualReviewService.create_catalyst_override,11,SHARED_DOMAIN_WRITER,CANONICAL_CALCULATION,ceri_manual_reviews,add,CERI_REVIEW,app/services/ceri/manual_review_service.py:CeriManualReviewService.create_catalyst_override,CALLER_SESSION; REVIEW_COMMIT_PATH,DURABLE_ONLY; ENTRY_PATH_REVIEW_REQUIRED,app/services/ceri/manual_review_service.py:CeriManualReviewService.create_catalyst_override,app/services/ceri/manual_review_service.py:CeriManualReviewService.create_catalyst_override,WF_CERI_HUMAN_SOURCE_OVERRIDE,CANONICAL_SEMANTIC_WRITER
app/services/ceri/normalization_service.py:CeriNormalizationService._normalize_record,188,SHARED_DOMAIN_WRITER,CANONICAL_CALCULATION,ceri_catalyst_event_revisions,add,CERI_SOURCE,app/services/ceri/normalization_service.py:CeriNormalizationService._normalize_record,CALLER_SESSION; REVIEW_COMMIT_PATH,DURABLE_ONLY; ENTRY_PATH_REVIEW_REQUIRED,app/routers/ceri_routes.py:create_ceri_backfill;app/routers/ceri_routes.py:create_ceri_ingestion_run;app/routers/ceri_routes.py:reprocess_ceri;app/routers/run_routes.py:resume_run_pipeline_action;app/routers/run_routes.py:run_full_pipeline_action;app/services/background_worker.py:_execute_full_pipeline_job;app/services/background_worker.py:_execute_sec_readiness_repair_job;app/services/ceri/backfill_service.py:CeriBackfillService.run;app/services/ceri/batched_job_handlers.py:execute_normalize_batch_job;app/services/ceri/job_handlers.py:execute_backfill_job;app/services/ceri/job_handlers.py:execute_normalize_job;app/services/ceri/job_handlers.py:execute_provider_ingest_job;app/services/ceri/normalization_service.py:CeriNormalizationService.normalize;app/services/ceri/sec/readiness_repair.py:execute_sec_readiness_repair;app/services/ceri/sec/readiness_repair.py:schedule_sec_readiness_repair;app/services/pipeline_executor.py:execute_full_pipeline;app/services/pipeline_service.py:enqueue_pipeline_after_sec_repair;app/services/pipeline_service.py:resume_pipeline;app/services/pipeline_service.py:start_pipeline;app/services/pre_enqueue_operational_gate.py:validate_pre_enqueue_operational_gate,app/services/ceri/normalization_service.py:CeriNormalizationService._normalize_record,WF_CERI_SOURCE_NORMALIZATION,CANONICAL_SEMANTIC_WRITER
app/services/ceri/normalization_service.py:CeriNormalizationService._normalize_record,188,SHARED_DOMAIN_WRITER,CANONICAL_CALCULATION,ceri_catalyst_events,add,CERI_SOURCE,app/services/ceri/normalization_service.py:CeriNormalizationService._normalize_record,CALLER_SESSION; REVIEW_COMMIT_PATH,DURABLE_ONLY; ENTRY_PATH_REVIEW_REQUIRED,app/routers/ceri_routes.py:create_ceri_backfill;app/routers/ceri_routes.py:create_ceri_ingestion_run;app/routers/ceri_routes.py:reprocess_ceri;app/routers/run_routes.py:resume_run_pipeline_action;app/routers/run_routes.py:run_full_pipeline_action;app/services/background_worker.py:_execute_full_pipeline_job;app/services/background_worker.py:_execute_sec_readiness_repair_job;app/services/ceri/backfill_service.py:CeriBackfillService.run;app/services/ceri/batched_job_handlers.py:execute_normalize_batch_job;app/services/ceri/job_handlers.py:execute_backfill_job;app/services/ceri/job_handlers.py:execute_normalize_job;app/services/ceri/job_handlers.py:execute_provider_ingest_job;app/services/ceri/normalization_service.py:CeriNormalizationService.normalize;app/services/ceri/sec/readiness_repair.py:execute_sec_readiness_repair;app/services/ceri/sec/readiness_repair.py:schedule_sec_readiness_repair;app/services/pipeline_executor.py:execute_full_pipeline;app/services/pipeline_service.py:enqueue_pipeline_after_sec_repair;app/services/pipeline_service.py:resume_pipeline;app/services/pipeline_service.py:start_pipeline;app/services/pre_enqueue_operational_gate.py:validate_pre_enqueue_operational_gate,app/services/ceri/normalization_service.py:CeriNormalizationService._normalize_record,WF_CERI_SOURCE_NORMALIZATION,CANONICAL_SEMANTIC_WRITER
app/services/ceri/normalization_service.py:CeriNormalizationService._normalize_record,188,SHARED_DOMAIN_WRITER,CANONICAL_CALCULATION,ceri_catalyst_sources,add,CERI_SOURCE,app/services/ceri/normalization_service.py:CeriNormalizationService._normalize_record,CALLER_SESSION; REVIEW_COMMIT_PATH,DURABLE_ONLY; ENTRY_PATH_REVIEW_REQUIRED,app/routers/ceri_routes.py:create_ceri_backfill;app/routers/ceri_routes.py:create_ceri_ingestion_run;app/routers/ceri_routes.py:reprocess_ceri;app/routers/run_routes.py:resume_run_pipeline_action;app/routers/run_routes.py:run_full_pipeline_action;app/services/background_worker.py:_execute_full_pipeline_job;app/services/background_worker.py:_execute_sec_readiness_repair_job;app/services/ceri/backfill_service.py:CeriBackfillService.run;app/services/ceri/batched_job_handlers.py:execute_normalize_batch_job;app/services/ceri/job_handlers.py:execute_backfill_job;app/services/ceri/job_handlers.py:execute_normalize_job;app/services/ceri/job_handlers.py:execute_provider_ingest_job;app/services/ceri/normalization_service.py:CeriNormalizationService.normalize;app/services/ceri/sec/readiness_repair.py:execute_sec_readiness_repair;app/services/ceri/sec/readiness_repair.py:schedule_sec_readiness_repair;app/services/pipeline_executor.py:execute_full_pipeline;app/services/pipeline_service.py:enqueue_pipeline_after_sec_repair;app/services/pipeline_service.py:resume_pipeline;app/services/pipeline_service.py:start_pipeline;app/services/pre_enqueue_operational_gate.py:validate_pre_enqueue_operational_gate,app/services/ceri/normalization_service.py:CeriNormalizationService._normalize_record,WF_CERI_SOURCE_NORMALIZATION,CANONICAL_SEMANTIC_WRITER
app/services/ceri/normalization_service.py:CeriNormalizationService._normalize_record,188,SHARED_DOMAIN_WRITER,CANONICAL_CALCULATION,ceri_earnings_actuals,add,CERI_SOURCE,app/services/ceri/normalization_service.py:CeriNormalizationService._normalize_record,CALLER_SESSION; REVIEW_COMMIT_PATH,DURABLE_ONLY; ENTRY_PATH_REVIEW_REQUIRED,app/routers/ceri_routes.py:create_ceri_backfill;app/routers/ceri_routes.py:create_ceri_ingestion_run;app/routers/ceri_routes.py:reprocess_ceri;app/routers/run_routes.py:resume_run_pipeline_action;app/routers/run_routes.py:run_full_pipeline_action;app/services/background_worker.py:_execute_full_pipeline_job;app/services/background_worker.py:_execute_sec_readiness_repair_job;app/services/ceri/backfill_service.py:CeriBackfillService.run;app/services/ceri/batched_job_handlers.py:execute_normalize_batch_job;app/services/ceri/job_handlers.py:execute_backfill_job;app/services/ceri/job_handlers.py:execute_normalize_job;app/services/ceri/job_handlers.py:execute_provider_ingest_job;app/services/ceri/normalization_service.py:CeriNormalizationService.normalize;app/services/ceri/sec/readiness_repair.py:execute_sec_readiness_repair;app/services/ceri/sec/readiness_repair.py:schedule_sec_readiness_repair;app/services/pipeline_executor.py:execute_full_pipeline;app/services/pipeline_service.py:enqueue_pipeline_after_sec_repair;app/services/pipeline_service.py:resume_pipeline;app/services/pipeline_service.py:start_pipeline;app/services/pre_enqueue_operational_gate.py:validate_pre_enqueue_operational_gate,app/services/ceri/normalization_service.py:CeriNormalizationService._normalize_record,WF_CERI_SOURCE_NORMALIZATION,CANONICAL_SEMANTIC_WRITER
app/services/ceri/normalization_service.py:CeriNormalizationService._normalize_record,188,SHARED_DOMAIN_WRITER,CANONICAL_CALCULATION,ceri_estimate_snapshots,add,CERI_SOURCE,app/services/ceri/normalization_service.py:CeriNormalizationService._normalize_record,CALLER_SESSION; REVIEW_COMMIT_PATH,DURABLE_ONLY; ENTRY_PATH_REVIEW_REQUIRED,app/routers/ceri_routes.py:create_ceri_backfill;app/routers/ceri_routes.py:create_ceri_ingestion_run;app/routers/ceri_routes.py:reprocess_ceri;app/routers/run_routes.py:resume_run_pipeline_action;app/routers/run_routes.py:run_full_pipeline_action;app/services/background_worker.py:_execute_full_pipeline_job;app/services/background_worker.py:_execute_sec_readiness_repair_job;app/services/ceri/backfill_service.py:CeriBackfillService.run;app/services/ceri/batched_job_handlers.py:execute_normalize_batch_job;app/services/ceri/job_handlers.py:execute_backfill_job;app/services/ceri/job_handlers.py:execute_normalize_job;app/services/ceri/job_handlers.py:execute_provider_ingest_job;app/services/ceri/normalization_service.py:CeriNormalizationService.normalize;app/services/ceri/sec/readiness_repair.py:execute_sec_readiness_repair;app/services/ceri/sec/readiness_repair.py:schedule_sec_readiness_repair;app/services/pipeline_executor.py:execute_full_pipeline;app/services/pipeline_service.py:enqueue_pipeline_after_sec_repair;app/services/pipeline_service.py:resume_pipeline;app/services/pipeline_service.py:start_pipeline;app/services/pre_enqueue_operational_gate.py:validate_pre_enqueue_operational_gate,app/services/ceri/normalization_service.py:CeriNormalizationService._normalize_record,WF_CERI_SOURCE_NORMALIZATION,CANONICAL_SEMANTIC_WRITER
app/services/ceri/normalization_service.py:CeriNormalizationService._normalize_record,188,SHARED_DOMAIN_WRITER,CANONICAL_CALCULATION,ceri_guidance_events,add,CERI_SOURCE,app/services/ceri/normalization_service.py:CeriNormalizationService._normalize_record,CALLER_SESSION; REVIEW_COMMIT_PATH,DURABLE_ONLY; ENTRY_PATH_REVIEW_REQUIRED,app/routers/ceri_routes.py:create_ceri_backfill;app/routers/ceri_routes.py:create_ceri_ingestion_run;app/routers/ceri_routes.py:reprocess_ceri;app/routers/run_routes.py:resume_run_pipeline_action;app/routers/run_routes.py:run_full_pipeline_action;app/services/background_worker.py:_execute_full_pipeline_job;app/services/background_worker.py:_execute_sec_readiness_repair_job;app/services/ceri/backfill_service.py:CeriBackfillService.run;app/services/ceri/batched_job_handlers.py:execute_normalize_batch_job;app/services/ceri/job_handlers.py:execute_backfill_job;app/services/ceri/job_handlers.py:execute_normalize_job;app/services/ceri/job_handlers.py:execute_provider_ingest_job;app/services/ceri/normalization_service.py:CeriNormalizationService.normalize;app/services/ceri/sec/readiness_repair.py:execute_sec_readiness_repair;app/services/ceri/sec/readiness_repair.py:schedule_sec_readiness_repair;app/services/pipeline_executor.py:execute_full_pipeline;app/services/pipeline_service.py:enqueue_pipeline_after_sec_repair;app/services/pipeline_service.py:resume_pipeline;app/services/pipeline_service.py:start_pipeline;app/services/pre_enqueue_operational_gate.py:validate_pre_enqueue_operational_gate,app/services/ceri/normalization_service.py:CeriNormalizationService._normalize_record,WF_CERI_SOURCE_NORMALIZATION,CANONICAL_SEMANTIC_WRITER
app/services/ceri/normalization_service.py:CeriNormalizationService._normalize_record,188,SHARED_DOMAIN_WRITER,CANONICAL_CALCULATION,ceri_source_records,add,CERI_SOURCE,app/services/ceri/source_record_service.py:CeriSourceRecordService.store_source_record,CALLER_SESSION; REVIEW_COMMIT_PATH,DURABLE_ONLY; ENTRY_PATH_REVIEW_REQUIRED,app/routers/ceri_routes.py:create_ceri_backfill;app/routers/ceri_routes.py:create_ceri_ingestion_run;app/routers/ceri_routes.py:reprocess_ceri;app/routers/run_routes.py:resume_run_pipeline_action;app/routers/run_routes.py:run_full_pipeline_action;app/services/background_worker.py:_execute_full_pipeline_job;app/services/background_worker.py:_execute_sec_readiness_repair_job;app/services/ceri/backfill_service.py:CeriBackfillService.run;app/services/ceri/batched_job_handlers.py:execute_normalize_batch_job;app/services/ceri/job_handlers.py:execute_backfill_job;app/services/ceri/job_handlers.py:execute_normalize_job;app/services/ceri/job_handlers.py:execute_provider_ingest_job;app/services/ceri/normalization_service.py:CeriNormalizationService.normalize;app/services/ceri/sec/readiness_repair.py:execute_sec_readiness_repair;app/services/ceri/sec/readiness_repair.py:schedule_sec_readiness_repair;app/services/pipeline_executor.py:execute_full_pipeline;app/services/pipeline_service.py:enqueue_pipeline_after_sec_repair;app/services/pipeline_service.py:resume_pipeline;app/services/pipeline_service.py:start_pipeline;app/services/pre_enqueue_operational_gate.py:validate_pre_enqueue_operational_gate,app/services/ceri/normalization_service.py:CeriNormalizationService._normalize_record,WF_CERI_SOURCE_NORMALIZATION,CANONICAL_SEMANTIC_WRITER
app/services/ceri/normalization_service.py:CeriNormalizationService.normalize,78,OPERATIONAL_WRITER,OPERATIONAL,ceri_processing_runs,,OPERATIONAL,NOT_APPLICABLE,CALLER_SESSION; REVIEW_COMMIT_PATH,DURABLE_ONLY; ENTRY_PATH_REVIEW_REQUIRED,app/routers/ceri_routes.py:create_ceri_backfill;app/routers/ceri_routes.py:create_ceri_ingestion_run;app/routers/ceri_routes.py:reprocess_ceri;app/routers/run_routes.py:resume_run_pipeline_action;app/routers/run_routes.py:run_full_pipeline_action;app/services/background_worker.py:_execute_full_pipeline_job;app/services/background_worker.py:_execute_sec_readiness_repair_job;app/services/ceri/backfill_service.py:CeriBackfillService.run;app/services/ceri/batched_job_handlers.py:execute_normalize_batch_job;app/services/ceri/job_handlers.py:execute_backfill_job;app/services/ceri/job_handlers.py:execute_normalize_job;app/services/ceri/job_handlers.py:execute_provider_ingest_job;app/services/ceri/normalization_service.py:CeriNormalizationService.normalize;app/services/ceri/sec/readiness_repair.py:execute_sec_readiness_repair;app/services/ceri/sec/readiness_repair.py:schedule_sec_readiness_repair;app/services/pipeline_executor.py:execute_full_pipeline;app/services/pipeline_service.py:enqueue_pipeline_after_sec_repair;app/services/pipeline_service.py:resume_pipeline;app/services/pipeline_service.py:start_pipeline;app/services/pre_enqueue_operational_gate.py:validate_pre_enqueue_operational_gate,app/services/ceri/normalization_service.py:CeriNormalizationService.normalize,OPERATIONAL_ONLY,OPERATIONAL_WRITER
app/services/ceri/normalization_service.py:_persist_sec_identity,373,SHARED_DOMAIN_WRITER,CANONICAL_CALCULATION,ceri_companies,add,CERI_SOURCE,app/services/ceri/sec/identity_repair.py:resolve_and_persist_sec_identity,CALLER_SESSION; REVIEW_COMMIT_PATH,DURABLE_ONLY; ENTRY_PATH_REVIEW_REQUIRED,app/routers/ceri_routes.py:create_ceri_backfill;app/routers/ceri_routes.py:create_ceri_ingestion_run;app/routers/ceri_routes.py:reprocess_ceri;app/routers/run_routes.py:resume_run_pipeline_action;app/routers/run_routes.py:run_full_pipeline_action;app/services/background_worker.py:_execute_full_pipeline_job;app/services/background_worker.py:_execute_sec_readiness_repair_job;app/services/ceri/backfill_service.py:CeriBackfillService.run;app/services/ceri/batched_job_handlers.py:execute_normalize_batch_job;app/services/ceri/job_handlers.py:execute_backfill_job;app/services/ceri/job_handlers.py:execute_normalize_job;app/services/ceri/job_handlers.py:execute_provider_ingest_job;app/services/ceri/normalization_service.py:CeriNormalizationService.normalize;app/services/ceri/sec/readiness_repair.py:execute_sec_readiness_repair;app/services/ceri/sec/readiness_repair.py:schedule_sec_readiness_repair;app/services/pipeline_executor.py:execute_full_pipeline;app/services/pipeline_service.py:enqueue_pipeline_after_sec_repair;app/services/pipeline_service.py:resume_pipeline;app/services/pipeline_service.py:start_pipeline;app/services/pre_enqueue_operational_gate.py:validate_pre_enqueue_operational_gate,app/services/ceri/normalization_service.py:_persist_sec_identity,WF_CERI_SOURCE_NORMALIZATION,SEMANTIC_WRITER_MEMBER
app/services/ceri/normalization_service.py:_persist_sec_identity,373,SHARED_DOMAIN_WRITER,CANONICAL_CALCULATION,ceri_company_aliases,add,CERI_SOURCE,app/services/ceri/sec/identity_repair.py:resolve_and_persist_sec_identity,CALLER_SESSION; REVIEW_COMMIT_PATH,DURABLE_ONLY; ENTRY_PATH_REVIEW_REQUIRED,app/routers/ceri_routes.py:create_ceri_backfill;app/routers/ceri_routes.py:create_ceri_ingestion_run;app/routers/ceri_routes.py:reprocess_ceri;app/routers/run_routes.py:resume_run_pipeline_action;app/routers/run_routes.py:run_full_pipeline_action;app/services/background_worker.py:_execute_full_pipeline_job;app/services/background_worker.py:_execute_sec_readiness_repair_job;app/services/ceri/backfill_service.py:CeriBackfillService.run;app/services/ceri/batched_job_handlers.py:execute_normalize_batch_job;app/services/ceri/job_handlers.py:execute_backfill_job;app/services/ceri/job_handlers.py:execute_normalize_job;app/services/ceri/job_handlers.py:execute_provider_ingest_job;app/services/ceri/normalization_service.py:CeriNormalizationService.normalize;app/services/ceri/sec/readiness_repair.py:execute_sec_readiness_repair;app/services/ceri/sec/readiness_repair.py:schedule_sec_readiness_repair;app/services/pipeline_executor.py:execute_full_pipeline;app/services/pipeline_service.py:enqueue_pipeline_after_sec_repair;app/services/pipeline_service.py:resume_pipeline;app/services/pipeline_service.py:start_pipeline;app/services/pre_enqueue_operational_gate.py:validate_pre_enqueue_operational_gate,app/services/ceri/normalization_service.py:_persist_sec_identity,WF_CERI_SOURCE_NORMALIZATION,SEMANTIC_WRITER_MEMBER
app/services/ceri/normalization_service.py:_update_processing_checkpoint,452,OPERATIONAL_WRITER,OPERATIONAL,ceri_processing_runs,,OPERATIONAL,NOT_APPLICABLE,CALLER_SESSION; REVIEW_COMMIT_PATH,DURABLE_ONLY; ENTRY_PATH_REVIEW_REQUIRED,app/routers/ceri_routes.py:create_ceri_backfill;app/routers/ceri_routes.py:create_ceri_ingestion_run;app/routers/ceri_routes.py:reprocess_ceri;app/routers/run_routes.py:resume_run_pipeline_action;app/routers/run_routes.py:run_full_pipeline_action;app/services/background_worker.py:_execute_full_pipeline_job;app/services/background_worker.py:_execute_sec_readiness_repair_job;app/services/ceri/backfill_service.py:CeriBackfillService.run;app/services/ceri/batched_job_handlers.py:execute_normalize_batch_job;app/services/ceri/job_handlers.py:execute_backfill_job;app/services/ceri/job_handlers.py:execute_normalize_job;app/services/ceri/job_handlers.py:execute_provider_ingest_job;app/services/ceri/normalization_service.py:CeriNormalizationService.normalize;app/services/ceri/sec/readiness_repair.py:execute_sec_readiness_repair;app/services/ceri/sec/readiness_repair.py:schedule_sec_readiness_repair;app/services/pipeline_executor.py:execute_full_pipeline;app/services/pipeline_service.py:enqueue_pipeline_after_sec_repair;app/services/pipeline_service.py:resume_pipeline;app/services/pipeline_service.py:start_pipeline;app/services/pre_enqueue_operational_gate.py:validate_pre_enqueue_operational_gate,app/services/ceri/normalization_service.py:_update_processing_checkpoint,OPERATIONAL_ONLY,OPERATIONAL_WRITER
app/services/ceri/orchestration.py:_record_provider_telemetry,387,OPERATIONAL_WRITER,OPERATIONAL,ceri_provider_request_telemetry,add,OPERATIONAL,NOT_APPLICABLE,CALLER_SESSION; REVIEW_COMMIT_PATH,DURABLE_ONLY; ENTRY_PATH_REVIEW_REQUIRED,app/routers/ceri_routes.py:create_ceri_backfill;app/routers/ceri_routes.py:create_ceri_ingestion_run;app/routers/run_routes.py:resume_run_pipeline_action;app/routers/run_routes.py:run_full_pipeline_action;app/services/background_worker.py:_execute_full_pipeline_job;app/services/background_worker.py:_execute_sec_readiness_repair_job;app/services/ceri/backfill_service.py:CeriBackfillService.run;app/services/ceri/batched_job_handlers.py:execute_provider_ingest_batch_job;app/services/ceri/job_handlers.py:execute_backfill_job;app/services/ceri/job_handlers.py:execute_provider_ingest_job;app/services/ceri/orchestration.py:CeriIngestionService.ingest;app/services/ceri/sec/readiness_repair.py:execute_sec_readiness_repair;app/services/ceri/sec/readiness_repair.py:schedule_sec_readiness_repair;app/services/pipeline_executor.py:execute_full_pipeline;app/services/pipeline_service.py:enqueue_pipeline_after_sec_repair;app/services/pipeline_service.py:resume_pipeline;app/services/pipeline_service.py:start_pipeline;app/services/pre_enqueue_operational_gate.py:validate_pre_enqueue_operational_gate;scripts/certify_sec_incremental_ingestion.py:main;scripts/profile_sec_performance.py:main,app/services/ceri/orchestration.py:_record_provider_telemetry,OPERATIONAL_ONLY,OPERATIONAL_WRITER
app/services/ceri/price_response_service.py:CeriPriceResponseService.persist,350,SHARED_DOMAIN_WRITER,CANONICAL_CALCULATION,ceri_price_response_features,add,CERI_SOURCE,app/services/ceri/price_response_service.py:CeriPriceResponseService.persist,CALLER_SESSION; REVIEW_COMMIT_PATH,DURABLE_ONLY; ENTRY_PATH_REVIEW_REQUIRED,app/routers/ceri_routes.py:create_ceri_ingestion_run;app/routers/ceri_routes.py:execute_ceri_purge;app/routers/ceri_routes.py:preview_ceri_purge;app/routers/ceri_routes.py:recalculate_ceri;app/routers/ceri_routes.py:reprocess_ceri;app/routers/run_routes.py:resume_run_pipeline_action;app/routers/run_routes.py:run_full_pipeline_action;app/services/background_worker.py:_execute_full_pipeline_job;app/services/background_worker.py:_execute_sec_readiness_repair_job;app/services/ceri/batched_job_handlers.py:execute_run_finalize_job;app/services/ceri/capture_service.py:CeriRunCaptureService.capture_run;app/services/ceri/job_handlers.py:execute_capture_run_job;app/services/ceri/job_handlers.py:execute_normalize_job;app/services/ceri/job_handlers.py:execute_provider_ingest_job;app/services/ceri/job_handlers.py:execute_purge_licensed_data_job;app/services/ceri/job_handlers.py:execute_rebuild_features_job;app/services/ceri/price_response_service.py:CeriPriceResponseService.persist;app/services/ceri/purge_service.py:CeriPurgeService.execute;app/services/ceri/sec/readiness_repair.py:execute_sec_readiness_repair;app/services/ceri/sec/readiness_repair.py:schedule_sec_readiness_repair;app/services/pipeline_executor.py:execute_full_pipeline;app/services/pipeline_service.py:enqueue_pipeline_after_sec_repair;app/services/pipeline_service.py:resume_pipeline;app/services/pipeline_service.py:start_pipeline;app/services/pre_enqueue_operational_gate.py:validate_pre_enqueue_operational_gate,app/services/ceri/price_response_service.py:CeriPriceResponseService.persist,WF_CERI_PRICE_RESPONSE,CANONICAL_SEMANTIC_WRITER
app/services/ceri/processing_run_service.py:CeriProcessingRunService.create_or_get,16,OPERATIONAL_WRITER,OPERATIONAL,ceri_processing_runs,add,OPERATIONAL,NOT_APPLICABLE,CALLER_SESSION; REVIEW_COMMIT_PATH,DURABLE_ONLY; ENTRY_PATH_REVIEW_REQUIRED,app/routers/ceri_routes.py:create_ceri_backfill;app/routers/ceri_routes.py:create_ceri_ingestion_run;app/routers/ceri_routes.py:execute_ceri_purge;app/routers/ceri_routes.py:preview_ceri_purge;app/routers/ceri_routes.py:recalculate_ceri;app/routers/ceri_routes.py:reprocess_ceri;app/routers/run_routes.py:resume_run_pipeline_action;app/routers/run_routes.py:run_full_pipeline_action;app/services/background_worker.py:_execute_full_pipeline_job;app/services/background_worker.py:_execute_sec_readiness_repair_job;app/services/ceri/backfill_service.py:CeriBackfillService.run;app/services/ceri/batched_job_handlers.py:execute_feature_batch_job;app/services/ceri/batched_job_handlers.py:execute_normalize_batch_job;app/services/ceri/batched_job_handlers.py:execute_run_finalize_job;app/services/ceri/job_handlers.py:execute_alert_rebuild_job;app/services/ceri/job_handlers.py:execute_backfill_job;app/services/ceri/job_handlers.py:execute_capture_run_job;app/services/ceri/job_handlers.py:execute_change_detection_job;app/services/ceri/job_handlers.py:execute_normalize_job;app/services/ceri/job_handlers.py:execute_provider_ingest_job;app/services/ceri/job_handlers.py:execute_purge_licensed_data_job;app/services/ceri/job_handlers.py:execute_rebuild_features_job;app/services/ceri/processing_run_service.py:CeriProcessingRunService.create_or_get;app/services/ceri/purge_service.py:CeriPurgeService.execute;app/services/ceri/sec/readiness_repair.py:execute_sec_readiness_repair;app/services/ceri/sec/readiness_repair.py:schedule_sec_readiness_repair;app/services/pipeline_executor.py:execute_full_pipeline;app/services/pipeline_service.py:enqueue_pipeline_after_sec_repair;app/services/pipeline_service.py:resume_pipeline;app/services/pipeline_service.py:start_pipeline;app/services/pre_enqueue_operational_gate.py:validate_pre_enqueue_operational_gate,app/services/ceri/processing_run_service.py:CeriProcessingRunService.create_or_get,OPERATIONAL_ONLY,OPERATIONAL_WRITER
app/services/ceri/processing_run_service.py:CeriProcessingRunService.finish,56,OPERATIONAL_WRITER,OPERATIONAL,ceri_processing_runs,,OPERATIONAL,NOT_APPLICABLE,CALLER_SESSION; REVIEW_COMMIT_PATH,DURABLE_ONLY; ENTRY_PATH_REVIEW_REQUIRED,app/routers/ceri_routes.py:create_ceri_backfill;app/routers/ceri_routes.py:create_ceri_ingestion_run;app/routers/ceri_routes.py:execute_ceri_purge;app/routers/ceri_routes.py:preview_ceri_purge;app/routers/ceri_routes.py:recalculate_ceri;app/routers/ceri_routes.py:reprocess_ceri;app/routers/run_routes.py:resume_run_pipeline_action;app/routers/run_routes.py:run_full_pipeline_action;app/services/background_worker.py:_execute_full_pipeline_job;app/services/background_worker.py:_execute_sec_readiness_repair_job;app/services/ceri/backfill_service.py:CeriBackfillService.run;app/services/ceri/batched_job_handlers.py:execute_feature_batch_job;app/services/ceri/batched_job_handlers.py:execute_run_finalize_job;app/services/ceri/job_handlers.py:execute_alert_rebuild_job;app/services/ceri/job_handlers.py:execute_backfill_job;app/services/ceri/job_handlers.py:execute_capture_run_job;app/services/ceri/job_handlers.py:execute_change_detection_job;app/services/ceri/job_handlers.py:execute_normalize_job;app/services/ceri/job_handlers.py:execute_provider_ingest_job;app/services/ceri/job_handlers.py:execute_purge_licensed_data_job;app/services/ceri/job_handlers.py:execute_rebuild_features_job;app/services/ceri/processing_run_service.py:CeriProcessingRunService.finish;app/services/ceri/purge_service.py:CeriPurgeService.execute;app/services/ceri/sec/readiness_repair.py:execute_sec_readiness_repair;app/services/ceri/sec/readiness_repair.py:schedule_sec_readiness_repair;app/services/pipeline_executor.py:execute_full_pipeline;app/services/pipeline_service.py:enqueue_pipeline_after_sec_repair;app/services/pipeline_service.py:resume_pipeline;app/services/pipeline_service.py:start_pipeline;app/services/pre_enqueue_operational_gate.py:validate_pre_enqueue_operational_gate,app/services/ceri/processing_run_service.py:CeriProcessingRunService.finish,OPERATIONAL_ONLY,OPERATIONAL_WRITER
app/services/ceri/purge_service.py:CeriPurgeService.execute,117,OPERATIONAL_WRITER,OPERATIONAL,ceri_purge_audits,,OPERATIONAL,NOT_APPLICABLE,CALLER_SESSION; REVIEW_COMMIT_PATH,DURABLE_ONLY; ENTRY_PATH_REVIEW_REQUIRED,app/routers/ceri_routes.py:execute_ceri_purge;app/routers/ceri_routes.py:preview_ceri_purge;app/services/ceri/job_handlers.py:execute_purge_licensed_data_job;app/services/ceri/purge_service.py:CeriPurgeService.execute,app/services/ceri/purge_service.py:CeriPurgeService.execute,OPERATIONAL_ONLY,OPERATIONAL_WRITER
app/services/ceri/purge_service.py:CeriPurgeService.preview,61,OPERATIONAL_WRITER,OPERATIONAL,ceri_purge_audits,add,OPERATIONAL,NOT_APPLICABLE,CALLER_SESSION; REVIEW_COMMIT_PATH,DURABLE_ONLY; ENTRY_PATH_REVIEW_REQUIRED,app/routers/ceri_routes.py:execute_ceri_purge;app/routers/ceri_routes.py:preview_ceri_purge;app/services/ceri/job_handlers.py:execute_purge_licensed_data_job;app/services/ceri/purge_service.py:CeriPurgeService.preview,app/services/ceri/purge_service.py:CeriPurgeService.preview,OPERATIONAL_ONLY,OPERATIONAL_WRITER
app/services/ceri/purge_service.py:_apply_purge_lifecycle,436,SHARED_DOMAIN_WRITER,MAINTENANCE,ceri_alert_events,,CERI_ALERT,app/services/ceri/alert_service.py:CeriAlertService.persist_alert_for_change,CALLER_SESSION; REVIEW_COMMIT_PATH,DURABLE_ONLY; ENTRY_PATH_REVIEW_REQUIRED,app/routers/ceri_routes.py:execute_ceri_purge;app/routers/ceri_routes.py:preview_ceri_purge;app/services/ceri/job_handlers.py:execute_purge_licensed_data_job;app/services/ceri/purge_service.py:CeriPurgeService.execute,app/services/ceri/purge_service.py:_apply_purge_lifecycle,WF_CERI_LICENSED_PURGE,CANONICAL_SEMANTIC_WRITER
app/services/ceri/purge_service.py:_apply_purge_lifecycle,436,SHARED_DOMAIN_WRITER,MAINTENANCE,ceri_catalyst_event_revisions,,CERI_SOURCE,app/services/ceri/normalization_service.py:CeriNormalizationService._normalize_record,CALLER_SESSION; REVIEW_COMMIT_PATH,DURABLE_ONLY; ENTRY_PATH_REVIEW_REQUIRED,app/routers/ceri_routes.py:execute_ceri_purge;app/routers/ceri_routes.py:preview_ceri_purge;app/services/ceri/job_handlers.py:execute_purge_licensed_data_job;app/services/ceri/purge_service.py:CeriPurgeService.execute,app/services/ceri/purge_service.py:_apply_purge_lifecycle,WF_CERI_LICENSED_PURGE,CANONICAL_SEMANTIC_WRITER
app/services/ceri/purge_service.py:_apply_purge_lifecycle,436,SHARED_DOMAIN_WRITER,MAINTENANCE,ceri_catalyst_sources,,CERI_SOURCE,app/services/ceri/normalization_service.py:CeriNormalizationService._normalize_record,CALLER_SESSION; REVIEW_COMMIT_PATH,DURABLE_ONLY; ENTRY_PATH_REVIEW_REQUIRED,app/routers/ceri_routes.py:execute_ceri_purge;app/routers/ceri_routes.py:preview_ceri_purge;app/services/ceri/job_handlers.py:execute_purge_licensed_data_job;app/services/ceri/purge_service.py:CeriPurgeService.execute,app/services/ceri/purge_service.py:_apply_purge_lifecycle,WF_CERI_LICENSED_PURGE,CANONICAL_SEMANTIC_WRITER
app/services/ceri/purge_service.py:_apply_purge_lifecycle,436,SHARED_DOMAIN_WRITER,MAINTENANCE,ceri_change_events,,CERI_CHANGE,app/services/ceri/change_detection_service.py:CeriChangeDetectionService._persist_change,CALLER_SESSION; REVIEW_COMMIT_PATH,DURABLE_ONLY; ENTRY_PATH_REVIEW_REQUIRED,app/routers/ceri_routes.py:execute_ceri_purge;app/routers/ceri_routes.py:preview_ceri_purge;app/services/ceri/job_handlers.py:execute_purge_licensed_data_job;app/services/ceri/purge_service.py:CeriPurgeService.execute,app/services/ceri/purge_service.py:_apply_purge_lifecycle,WF_CERI_LICENSED_PURGE,CANONICAL_SEMANTIC_WRITER
app/services/ceri/purge_service.py:_apply_purge_lifecycle,436,SHARED_DOMAIN_WRITER,MAINTENANCE,ceri_derived_features,,CERI_SOURCE,app/services/ceri/feature_rebuild_service.py:CeriFeatureRebuildService._persist_company,CALLER_SESSION; REVIEW_COMMIT_PATH,DURABLE_ONLY; ENTRY_PATH_REVIEW_REQUIRED,app/routers/ceri_routes.py:execute_ceri_purge;app/routers/ceri_routes.py:preview_ceri_purge;app/services/ceri/job_handlers.py:execute_purge_licensed_data_job;app/services/ceri/purge_service.py:CeriPurgeService.execute,app/services/ceri/purge_service.py:_apply_purge_lifecycle,WF_CERI_LICENSED_PURGE,CANONICAL_SEMANTIC_WRITER
app/services/ceri/purge_service.py:_apply_purge_lifecycle,436,SHARED_DOMAIN_WRITER,MAINTENANCE,ceri_earnings_actuals,,CERI_SOURCE,app/services/ceri/normalization_service.py:CeriNormalizationService._normalize_record,CALLER_SESSION; REVIEW_COMMIT_PATH,DURABLE_ONLY; ENTRY_PATH_REVIEW_REQUIRED,app/routers/ceri_routes.py:execute_ceri_purge;app/routers/ceri_routes.py:preview_ceri_purge;app/services/ceri/job_handlers.py:execute_purge_licensed_data_job;app/services/ceri/purge_service.py:CeriPurgeService.execute,app/services/ceri/purge_service.py:_apply_purge_lifecycle,WF_CERI_LICENSED_PURGE,CANONICAL_SEMANTIC_WRITER
app/services/ceri/purge_service.py:_apply_purge_lifecycle,436,SHARED_DOMAIN_WRITER,MAINTENANCE,ceri_estimate_snapshots,,CERI_SOURCE,app/services/ceri/normalization_service.py:CeriNormalizationService._normalize_record,CALLER_SESSION; REVIEW_COMMIT_PATH,DURABLE_ONLY; ENTRY_PATH_REVIEW_REQUIRED,app/routers/ceri_routes.py:execute_ceri_purge;app/routers/ceri_routes.py:preview_ceri_purge;app/services/ceri/job_handlers.py:execute_purge_licensed_data_job;app/services/ceri/purge_service.py:CeriPurgeService.execute,app/services/ceri/purge_service.py:_apply_purge_lifecycle,WF_CERI_LICENSED_PURGE,CANONICAL_SEMANTIC_WRITER
app/services/ceri/purge_service.py:_apply_purge_lifecycle,436,SHARED_DOMAIN_WRITER,MAINTENANCE,ceri_guidance_events,,CERI_SOURCE,app/services/ceri/normalization_service.py:CeriNormalizationService._normalize_record,CALLER_SESSION; REVIEW_COMMIT_PATH,DURABLE_ONLY; ENTRY_PATH_REVIEW_REQUIRED,app/routers/ceri_routes.py:execute_ceri_purge;app/routers/ceri_routes.py:preview_ceri_purge;app/services/ceri/job_handlers.py:execute_purge_licensed_data_job;app/services/ceri/purge_service.py:CeriPurgeService.execute,app/services/ceri/purge_service.py:_apply_purge_lifecycle,WF_CERI_LICENSED_PURGE,CANONICAL_SEMANTIC_WRITER
app/services/ceri/purge_service.py:_apply_purge_lifecycle,436,SHARED_DOMAIN_WRITER,MAINTENANCE,ceri_price_response_features,,CERI_SOURCE,app/services/ceri/price_response_service.py:CeriPriceResponseService.persist,CALLER_SESSION; REVIEW_COMMIT_PATH,DURABLE_ONLY; ENTRY_PATH_REVIEW_REQUIRED,app/routers/ceri_routes.py:execute_ceri_purge;app/routers/ceri_routes.py:preview_ceri_purge;app/services/ceri/job_handlers.py:execute_purge_licensed_data_job;app/services/ceri/purge_service.py:CeriPurgeService.execute,app/services/ceri/purge_service.py:_apply_purge_lifecycle,WF_CERI_LICENSED_PURGE,CANONICAL_SEMANTIC_WRITER
app/services/ceri/purge_service.py:_apply_purge_lifecycle,436,SHARED_DOMAIN_WRITER,MAINTENANCE,ceri_revision_features,,CERI_SOURCE,app/services/ceri/revision_feature_service.py:CeriRevisionFeatureService.persist_feature,CALLER_SESSION; REVIEW_COMMIT_PATH,DURABLE_ONLY; ENTRY_PATH_REVIEW_REQUIRED,app/routers/ceri_routes.py:execute_ceri_purge;app/routers/ceri_routes.py:preview_ceri_purge;app/services/ceri/job_handlers.py:execute_purge_licensed_data_job;app/services/ceri/purge_service.py:CeriPurgeService.execute,app/services/ceri/purge_service.py:_apply_purge_lifecycle,WF_CERI_LICENSED_PURGE,CANONICAL_SEMANTIC_WRITER
app/services/ceri/purge_service.py:_apply_purge_lifecycle,436,SHARED_DOMAIN_WRITER,MAINTENANCE,ceri_score_snapshots,,CERI,app/services/ceri/snapshot_service.py:CeriSnapshotService.persist_snapshot,CALLER_SESSION; REVIEW_COMMIT_PATH,DURABLE_ONLY; ENTRY_PATH_REVIEW_REQUIRED,app/routers/ceri_routes.py:execute_ceri_purge;app/routers/ceri_routes.py:preview_ceri_purge;app/services/ceri/job_handlers.py:execute_purge_licensed_data_job;app/services/ceri/purge_service.py:CeriPurgeService.execute,app/services/ceri/purge_service.py:_apply_purge_lifecycle,WF_CERI_LICENSED_PURGE,CANONICAL_SEMANTIC_WRITER
app/services/ceri/purge_service.py:_apply_purge_lifecycle,436,SHARED_DOMAIN_WRITER,MAINTENANCE,ceri_source_records,,CERI_SOURCE,app/services/ceri/source_record_service.py:CeriSourceRecordService.store_source_record,CALLER_SESSION; REVIEW_COMMIT_PATH,DURABLE_ONLY; ENTRY_PATH_REVIEW_REQUIRED,app/routers/ceri_routes.py:execute_ceri_purge;app/routers/ceri_routes.py:preview_ceri_purge;app/services/ceri/job_handlers.py:execute_purge_licensed_data_job;app/services/ceri/purge_service.py:CeriPurgeService.execute,app/services/ceri/purge_service.py:_apply_purge_lifecycle,WF_CERI_LICENSED_PURGE,CANONICAL_SEMANTIC_WRITER
app/services/ceri/revision_feature_service.py:CeriRevisionFeatureService.persist_feature,101,SHARED_DOMAIN_WRITER,CANONICAL_CALCULATION,ceri_revision_features,add,CERI_SOURCE,app/services/ceri/revision_feature_service.py:CeriRevisionFeatureService.persist_feature,CALLER_SESSION; REVIEW_COMMIT_PATH,DURABLE_ONLY; ENTRY_PATH_REVIEW_REQUIRED,app/services/ceri/revision_feature_service.py:CeriRevisionFeatureService.persist_feature,app/services/ceri/revision_feature_service.py:CeriRevisionFeatureService.persist_feature,WF_CERI_REVISION_FEATURE,CANONICAL_SEMANTIC_WRITER
app/services/ceri/revision_feature_service.py:CeriRevisionFeatureService.with_acceleration,308,SHARED_DOMAIN_WRITER,CANONICAL_CALCULATION,ceri_revision_features,,CERI_SOURCE,app/services/ceri/revision_feature_service.py:CeriRevisionFeatureService.persist_feature,CALLER_SESSION; REVIEW_COMMIT_PATH,DURABLE_ONLY; ENTRY_PATH_REVIEW_REQUIRED,app/routers/ceri_routes.py:create_ceri_backfill;app/routers/ceri_routes.py:create_ceri_ingestion_run;app/routers/ceri_routes.py:execute_ceri_purge;app/routers/ceri_routes.py:preview_ceri_purge;app/routers/ceri_routes.py:recalculate_ceri;app/routers/ceri_routes.py:reprocess_ceri;app/routers/run_routes.py:resume_run_pipeline_action;app/routers/run_routes.py:run_full_pipeline_action;app/services/background_worker.py:_execute_full_pipeline_job;app/services/background_worker.py:_execute_sec_readiness_repair_job;app/services/ceri/backfill_service.py:CeriBackfillService.run;app/services/ceri/batched_job_handlers.py:execute_feature_batch_job;app/services/ceri/batched_job_handlers.py:execute_run_finalize_job;app/services/ceri/controlled_replay_service.py:CeriControlledReplayService.replay;app/services/ceri/feature_rebuild_service.py:CeriFeatureRebuildService.rebuild;app/services/ceri/feature_rebuild_service.py:CeriFeatureRebuildService.rebuild_from_context;app/services/ceri/job_handlers.py:execute_backfill_job;app/services/ceri/job_handlers.py:execute_normalize_job;app/services/ceri/job_handlers.py:execute_provider_ingest_job;app/services/ceri/job_handlers.py:execute_purge_licensed_data_job;app/services/ceri/job_handlers.py:execute_rebuild_features_job;app/services/ceri/purge_service.py:CeriPurgeService.execute;app/services/ceri/revision_feature_service.py:CeriRevisionFeatureService.with_acceleration;app/services/ceri/sec/readiness_repair.py:execute_sec_readiness_repair;app/services/ceri/sec/readiness_repair.py:schedule_sec_readiness_repair;app/services/pipeline_executor.py:execute_full_pipeline;app/services/pipeline_service.py:enqueue_pipeline_after_sec_repair;app/services/pipeline_service.py:resume_pipeline;app/services/pipeline_service.py:start_pipeline;app/services/pre_enqueue_operational_gate.py:validate_pre_enqueue_operational_gate;scripts/ceri_run104_controlled_replay.py:main,app/services/ceri/revision_feature_service.py:CeriRevisionFeatureService.with_acceleration,WF_CERI_REVISION_FEATURE,SEMANTIC_WRITER_MEMBER
app/services/ceri/sec/identity_repair.py:resolve_and_persist_sec_identity,24,SHARED_DOMAIN_WRITER,CANONICAL_CALCULATION,ceri_companies,add,CERI_SOURCE,app/services/ceri/sec/identity_repair.py:resolve_and_persist_sec_identity,CALLER_SESSION; REVIEW_COMMIT_PATH,DURABLE_ONLY; ENTRY_PATH_REVIEW_REQUIRED,app/routers/run_routes.py:run_full_pipeline_action;app/services/background_worker.py:_execute_sec_readiness_repair_job;app/services/ceri/sec/identity_repair.py:resolve_and_persist_sec_identity;app/services/ceri/sec/readiness_repair.py:execute_sec_readiness_repair;app/services/ceri/sec/readiness_repair.py:schedule_sec_readiness_repair;app/services/pipeline_service.py:start_pipeline,app/services/ceri/sec/identity_repair.py:resolve_and_persist_sec_identity,WF_SEC_IDENTITY_REPAIR,CURRENT_RULES_WRITER
app/services/ceri/sec/incremental_ingestion.py:SecGuidanceIncrementalIngestionService._resolve_and_persist_cik,382,SHARED_DOMAIN_WRITER,CANONICAL_CALCULATION,ceri_companies,add,CERI_SOURCE,app/services/ceri/sec/identity_repair.py:resolve_and_persist_sec_identity,CALLER_SESSION; REVIEW_COMMIT_PATH,DURABLE_ONLY; ENTRY_PATH_REVIEW_REQUIRED,app/routers/ceri_routes.py:create_ceri_backfill;app/routers/ceri_routes.py:create_ceri_ingestion_run;app/routers/run_routes.py:resume_run_pipeline_action;app/routers/run_routes.py:run_full_pipeline_action;app/services/background_worker.py:_execute_full_pipeline_job;app/services/background_worker.py:_execute_sec_readiness_repair_job;app/services/ceri/backfill_service.py:CeriBackfillService.run;app/services/ceri/batched_job_handlers.py:execute_provider_ingest_batch_job;app/services/ceri/job_handlers.py:execute_backfill_job;app/services/ceri/job_handlers.py:execute_provider_ingest_job;app/services/ceri/orchestration.py:CeriIngestionService.ingest;app/services/ceri/sec/incremental_ingestion.py:SecGuidanceIncrementalIngestionService.ingest;app/services/ceri/sec/readiness_repair.py:execute_sec_readiness_repair;app/services/ceri/sec/readiness_repair.py:schedule_sec_readiness_repair;app/services/pipeline_executor.py:execute_full_pipeline;app/services/pipeline_service.py:enqueue_pipeline_after_sec_repair;app/services/pipeline_service.py:resume_pipeline;app/services/pipeline_service.py:start_pipeline;app/services/pre_enqueue_operational_gate.py:validate_pre_enqueue_operational_gate;scripts/certify_sec_incremental_ingestion.py:main;scripts/profile_sec_performance.py:main,app/services/ceri/sec/incremental_ingestion.py:SecGuidanceIncrementalIngestionService._resolve_and_persist_cik,WF_SEC_INCREMENTAL_IDENTITY,DOMAIN_SUPPORTING_STATE
app/services/ceri/sec/processor_lifecycle.py:certify_processor,117,OPERATIONAL_WRITER,OPERATIONAL,ceri_sec_processor_releases,add,OPERATIONAL,NOT_APPLICABLE,CALLER_SESSION; REVIEW_COMMIT_PATH,DURABLE_ONLY; ENTRY_PATH_REVIEW_REQUIRED,app/services/ceri/sec/processor_lifecycle.py:certify_processor;scripts/manage_sec_processor.py:main;scripts/ops/certify_sec_processor_contract.py:main,app/services/ceri/sec/processor_lifecycle.py:certify_processor,OPERATIONAL_ONLY,OPERATIONAL_WRITER
app/services/ceri/sec/processor_lifecycle.py:promote_processor,143,OPERATIONAL_WRITER,OPERATIONAL,ceri_sec_processor_releases,,OPERATIONAL,NOT_APPLICABLE,CALLER_SESSION; REVIEW_COMMIT_PATH,DURABLE_ONLY; ENTRY_PATH_REVIEW_REQUIRED,app/services/ceri/sec/processor_lifecycle.py:promote_processor;scripts/manage_sec_processor.py:main;scripts/ops/certify_sec_processor_contract.py:main,app/services/ceri/sec/processor_lifecycle.py:promote_processor,OPERATIONAL_ONLY,OPERATIONAL_WRITER
app/services/ceri/sec/processor_lifecycle.py:register_deployed_processor,96,OPERATIONAL_WRITER,OPERATIONAL,ceri_sec_processor_releases,add,OPERATIONAL,NOT_APPLICABLE,CALLER_SESSION; REVIEW_COMMIT_PATH,DURABLE_ONLY; ENTRY_PATH_REVIEW_REQUIRED,app/services/background_worker.py:run_worker;app/services/ceri/sec/processor_lifecycle.py:register_deployed_processor;app/worker.py:main;scripts/manage_sec_processor.py:main;scripts/ops/certify_sec_processor_contract.py:main,app/services/ceri/sec/processor_lifecycle.py:register_deployed_processor,OPERATIONAL_ONLY,OPERATIONAL_WRITER
app/services/ceri/sec/readiness_repair.py:_guard_cancel,616,SHARED_DOMAIN_WRITER,CANONICAL_CALCULATION,pipeline_runs,,PIPELINE,app/services/pipeline_service.py:start_pipeline,CALLER_SESSION; REVIEW_COMMIT_PATH,DURABLE_ONLY; ENTRY_PATH_REVIEW_REQUIRED,app/routers/run_routes.py:run_full_pipeline_action;app/services/background_worker.py:_execute_sec_readiness_repair_job;app/services/ceri/sec/readiness_repair.py:execute_sec_readiness_repair;app/services/ceri/sec/readiness_repair.py:schedule_sec_readiness_repair;app/services/pipeline_service.py:start_pipeline,app/services/ceri/sec/readiness_repair.py:_guard_cancel,WF_SEC_PIPELINE_READINESS_REPAIR,SEMANTIC_WRITER_MEMBER
app/services/ceri/sec/readiness_repair.py:_mark_pipeline_unresolved,579,SHARED_DOMAIN_WRITER,CANONICAL_CALCULATION,pipeline_runs,,PIPELINE,app/services/pipeline_service.py:start_pipeline,CALLER_SESSION; REVIEW_COMMIT_PATH,DURABLE_ONLY; ENTRY_PATH_REVIEW_REQUIRED,app/routers/run_routes.py:run_full_pipeline_action;app/services/background_worker.py:_execute_sec_readiness_repair_job;app/services/ceri/sec/readiness_repair.py:execute_sec_readiness_repair;app/services/ceri/sec/readiness_repair.py:schedule_sec_readiness_repair;app/services/pipeline_service.py:start_pipeline,app/services/ceri/sec/readiness_repair.py:_mark_pipeline_unresolved,WF_SEC_PIPELINE_READINESS_REPAIR,SEMANTIC_WRITER_MEMBER
app/services/ceri/sec/readiness_repair.py:_mark_pipeline_unresolved,579,SHARED_DOMAIN_WRITER,CANONICAL_CALCULATION,pipeline_steps,,PIPELINE,app/services/pipeline_service.py:start_pipeline,CALLER_SESSION; REVIEW_COMMIT_PATH,DURABLE_ONLY; ENTRY_PATH_REVIEW_REQUIRED,app/routers/run_routes.py:run_full_pipeline_action;app/services/background_worker.py:_execute_sec_readiness_repair_job;app/services/ceri/sec/readiness_repair.py:execute_sec_readiness_repair;app/services/ceri/sec/readiness_repair.py:schedule_sec_readiness_repair;app/services/pipeline_service.py:start_pipeline,app/services/ceri/sec/readiness_repair.py:_mark_pipeline_unresolved,WF_SEC_PIPELINE_READINESS_REPAIR,SEMANTIC_WRITER_MEMBER
app/services/ceri/sec/readiness_repair.py:_reset_pipeline_step,651,SHARED_DOMAIN_WRITER,CANONICAL_CALCULATION,pipeline_steps,,PIPELINE,app/services/pipeline_service.py:start_pipeline,CALLER_SESSION; REVIEW_COMMIT_PATH,DURABLE_ONLY; ENTRY_PATH_REVIEW_REQUIRED,app/routers/run_routes.py:run_full_pipeline_action;app/services/ceri/sec/readiness_repair.py:schedule_sec_readiness_repair;app/services/pipeline_service.py:start_pipeline,app/services/ceri/sec/readiness_repair.py:_reset_pipeline_step,WF_SEC_PIPELINE_READINESS_REPAIR,SEMANTIC_WRITER_MEMBER
app/services/ceri/sec/readiness_repair.py:_update_progress,459,SHARED_DOMAIN_WRITER,CANONICAL_CALCULATION,background_jobs,,OPERATIONAL,NOT_APPLICABLE,CALLER_SESSION; REVIEW_COMMIT_PATH,DURABLE_ONLY; ENTRY_PATH_REVIEW_REQUIRED,app/routers/run_routes.py:run_full_pipeline_action;app/services/background_worker.py:_execute_sec_readiness_repair_job;app/services/ceri/sec/readiness_repair.py:execute_sec_readiness_repair;app/services/ceri/sec/readiness_repair.py:schedule_sec_readiness_repair;app/services/pipeline_service.py:start_pipeline,app/services/ceri/sec/readiness_repair.py:_update_progress,WF_SEC_PIPELINE_READINESS_REPAIR,SEMANTIC_WRITER_MEMBER
app/services/ceri/sec/readiness_repair.py:_update_progress,459,SHARED_DOMAIN_WRITER,CANONICAL_CALCULATION,pipeline_runs,,PIPELINE,app/services/pipeline_service.py:start_pipeline,CALLER_SESSION; REVIEW_COMMIT_PATH,DURABLE_ONLY; ENTRY_PATH_REVIEW_REQUIRED,app/routers/run_routes.py:run_full_pipeline_action;app/services/background_worker.py:_execute_sec_readiness_repair_job;app/services/ceri/sec/readiness_repair.py:execute_sec_readiness_repair;app/services/ceri/sec/readiness_repair.py:schedule_sec_readiness_repair;app/services/pipeline_service.py:start_pipeline,app/services/ceri/sec/readiness_repair.py:_update_progress,WF_SEC_PIPELINE_READINESS_REPAIR,SEMANTIC_WRITER_MEMBER
app/services/ceri/sec/readiness_repair.py:mark_sec_repair_failure,534,CURRENT_RULES_WRITER,CURRENT_STATE_REPAIR,pipeline_runs,,PIPELINE,app/services/pipeline_service.py:start_pipeline,CALLER_SESSION; REVIEW_COMMIT_PATH,DURABLE_ONLY; ENTRY_PATH_REVIEW_REQUIRED,app/routers/run_routes.py:resume_run_pipeline_action;app/services/background_job_service.py:mark_job_failed_or_retry;app/services/background_worker.py:run_worker_once;app/services/ceri/sec/readiness_repair.py:mark_sec_repair_failure;app/services/pipeline_service.py:resume_pipeline,app/services/ceri/sec/readiness_repair.py:mark_sec_repair_failure,WF_SEC_PIPELINE_READINESS_REPAIR,SEMANTIC_WRITER_MEMBER
app/services/ceri/sec/readiness_repair.py:mark_sec_repair_failure,534,CURRENT_RULES_WRITER,CURRENT_STATE_REPAIR,pipeline_steps,,PIPELINE,app/services/pipeline_service.py:start_pipeline,CALLER_SESSION; REVIEW_COMMIT_PATH,DURABLE_ONLY; ENTRY_PATH_REVIEW_REQUIRED,app/routers/run_routes.py:resume_run_pipeline_action;app/services/background_job_service.py:mark_job_failed_or_retry;app/services/background_worker.py:run_worker_once;app/services/ceri/sec/readiness_repair.py:mark_sec_repair_failure;app/services/pipeline_service.py:resume_pipeline,app/services/ceri/sec/readiness_repair.py:mark_sec_repair_failure,WF_SEC_PIPELINE_READINESS_REPAIR,SEMANTIC_WRITER_MEMBER
app/services/ceri/sec/readiness_repair.py:schedule_sec_readiness_repair,120,CURRENT_RULES_WRITER,CURRENT_STATE_REPAIR,pipeline_runs,,PIPELINE,app/services/pipeline_service.py:start_pipeline,CALLER_SESSION; REVIEW_COMMIT_PATH,DURABLE_ONLY; ENTRY_PATH_REVIEW_REQUIRED,app/routers/run_routes.py:run_full_pipeline_action;app/services/ceri/sec/readiness_repair.py:schedule_sec_readiness_repair;app/services/pipeline_service.py:start_pipeline,app/services/ceri/sec/readiness_repair.py:schedule_sec_readiness_repair,WF_SEC_PIPELINE_READINESS_REPAIR,CURRENT_RULES_WRITER
app/services/ceri/sec/state_service.py:SecDocumentStateService._finish_unsuccessful,362,OPERATIONAL_WRITER,OPERATIONAL,ceri_sec_document_extractions,execute,OPERATIONAL,NOT_APPLICABLE,CALLER_SESSION; REVIEW_COMMIT_PATH,DURABLE_ONLY; ENTRY_PATH_REVIEW_REQUIRED,app/routers/ceri_routes.py:create_ceri_backfill;app/routers/ceri_routes.py:create_ceri_ingestion_run;app/routers/run_routes.py:resume_run_pipeline_action;app/routers/run_routes.py:run_full_pipeline_action;app/services/background_worker.py:_execute_full_pipeline_job;app/services/background_worker.py:_execute_sec_readiness_repair_job;app/services/ceri/backfill_service.py:CeriBackfillService.run;app/services/ceri/batched_job_handlers.py:execute_provider_ingest_batch_job;app/services/ceri/job_handlers.py:execute_backfill_job;app/services/ceri/job_handlers.py:execute_provider_ingest_job;app/services/ceri/orchestration.py:CeriIngestionService.ingest;app/services/ceri/sec/incremental_ingestion.py:SecGuidanceIncrementalIngestionService.ingest;app/services/ceri/sec/readiness_repair.py:execute_sec_readiness_repair;app/services/ceri/sec/readiness_repair.py:schedule_sec_readiness_repair;app/services/ceri/sec/state_service.py:SecDocumentStateService.cancel;app/services/ceri/sec/state_service.py:SecDocumentStateService.fail_retryable;app/services/pipeline_executor.py:execute_full_pipeline;app/services/pipeline_service.py:enqueue_pipeline_after_sec_repair;app/services/pipeline_service.py:resume_pipeline;app/services/pipeline_service.py:start_pipeline;app/services/pre_enqueue_operational_gate.py:validate_pre_enqueue_operational_gate;scripts/certify_sec_incremental_ingestion.py:main;scripts/profile_sec_performance.py:main,app/services/ceri/sec/state_service.py:SecDocumentStateService._finish_unsuccessful,OPERATIONAL_ONLY,OPERATIONAL_WRITER
app/services/ceri/sec/state_service.py:SecDocumentStateService.certify_bootstrap,424,OPERATIONAL_WRITER,OPERATIONAL,ceri_sec_sync_states,add;execute,OPERATIONAL,NOT_APPLICABLE,CALLER_SESSION; REVIEW_COMMIT_PATH,DURABLE_ONLY; ENTRY_PATH_REVIEW_REQUIRED,app/routers/ceri_routes.py:create_ceri_backfill;app/routers/ceri_routes.py:create_ceri_ingestion_run;app/routers/run_routes.py:resume_run_pipeline_action;app/routers/run_routes.py:run_full_pipeline_action;app/services/background_worker.py:_execute_full_pipeline_job;app/services/background_worker.py:_execute_sec_readiness_repair_job;app/services/ceri/backfill_service.py:CeriBackfillService.run;app/services/ceri/batched_job_handlers.py:execute_provider_ingest_batch_job;app/services/ceri/job_handlers.py:execute_backfill_job;app/services/ceri/job_handlers.py:execute_provider_ingest_job;app/services/ceri/orchestration.py:CeriIngestionService.ingest;app/services/ceri/sec/incremental_ingestion.py:SecGuidanceIncrementalIngestionService.ingest;app/services/ceri/sec/readiness_repair.py:execute_sec_readiness_repair;app/services/ceri/sec/readiness_repair.py:schedule_sec_readiness_repair;app/services/ceri/sec/state_service.py:SecDocumentStateService.certify_bootstrap;app/services/pipeline_executor.py:execute_full_pipeline;app/services/pipeline_service.py:enqueue_pipeline_after_sec_repair;app/services/pipeline_service.py:resume_pipeline;app/services/pipeline_service.py:start_pipeline;app/services/pre_enqueue_operational_gate.py:validate_pre_enqueue_operational_gate;scripts/certify_sec_incremental_ingestion.py:main;scripts/profile_sec_performance.py:main,app/services/ceri/sec/state_service.py:SecDocumentStateService.certify_bootstrap,OPERATIONAL_ONLY,OPERATIONAL_WRITER
app/services/ceri/sec/state_service.py:SecDocumentStateService.claim,117,OPERATIONAL_WRITER,OPERATIONAL,ceri_sec_document_extractions,add;execute,OPERATIONAL,NOT_APPLICABLE,CALLER_SESSION; REVIEW_COMMIT_PATH,DURABLE_ONLY; ENTRY_PATH_REVIEW_REQUIRED,app/routers/ceri_routes.py:create_ceri_backfill;app/routers/ceri_routes.py:create_ceri_ingestion_run;app/routers/run_routes.py:resume_run_pipeline_action;app/routers/run_routes.py:run_full_pipeline_action;app/services/background_worker.py:_execute_full_pipeline_job;app/services/background_worker.py:_execute_sec_readiness_repair_job;app/services/ceri/backfill_service.py:CeriBackfillService.run;app/services/ceri/batched_job_handlers.py:execute_provider_ingest_batch_job;app/services/ceri/job_handlers.py:execute_backfill_job;app/services/ceri/job_handlers.py:execute_provider_ingest_job;app/services/ceri/orchestration.py:CeriIngestionService.ingest;app/services/ceri/sec/incremental_ingestion.py:SecGuidanceIncrementalIngestionService.ingest;app/services/ceri/sec/readiness_repair.py:execute_sec_readiness_repair;app/services/ceri/sec/readiness_repair.py:schedule_sec_readiness_repair;app/services/ceri/sec/state_service.py:SecDocumentStateService.claim;app/services/pipeline_executor.py:execute_full_pipeline;app/services/pipeline_service.py:enqueue_pipeline_after_sec_repair;app/services/pipeline_service.py:resume_pipeline;app/services/pipeline_service.py:start_pipeline;app/services/pre_enqueue_operational_gate.py:validate_pre_enqueue_operational_gate;scripts/certify_sec_incremental_ingestion.py:main;scripts/profile_sec_performance.py:main,app/services/ceri/sec/state_service.py:SecDocumentStateService.claim,OPERATIONAL_ONLY,OPERATIONAL_WRITER
app/services/ceri/sec/state_service.py:SecDocumentStateService.complete,231,SHARED_DOMAIN_WRITER,CANONICAL_CALCULATION,ceri_sec_document_extractions,execute,OPERATIONAL,NOT_APPLICABLE,CALLER_SESSION; REVIEW_COMMIT_PATH,DURABLE_ONLY; ENTRY_PATH_REVIEW_REQUIRED,app/routers/ceri_routes.py:create_ceri_backfill;app/routers/ceri_routes.py:create_ceri_ingestion_run;app/routers/run_routes.py:resume_run_pipeline_action;app/routers/run_routes.py:run_full_pipeline_action;app/services/background_worker.py:_execute_full_pipeline_job;app/services/background_worker.py:_execute_sec_readiness_repair_job;app/services/ceri/backfill_service.py:CeriBackfillService.run;app/services/ceri/batched_job_handlers.py:execute_provider_ingest_batch_job;app/services/ceri/job_handlers.py:execute_backfill_job;app/services/ceri/job_handlers.py:execute_provider_ingest_job;app/services/ceri/orchestration.py:CeriIngestionService.ingest;app/services/ceri/sec/incremental_ingestion.py:SecGuidanceIncrementalIngestionService.ingest;app/services/ceri/sec/readiness_repair.py:execute_sec_readiness_repair;app/services/ceri/sec/readiness_repair.py:schedule_sec_readiness_repair;app/services/ceri/sec/state_service.py:SecDocumentStateService.complete;app/services/pipeline_executor.py:execute_full_pipeline;app/services/pipeline_service.py:enqueue_pipeline_after_sec_repair;app/services/pipeline_service.py:resume_pipeline;app/services/pipeline_service.py:start_pipeline;app/services/pre_enqueue_operational_gate.py:validate_pre_enqueue_operational_gate;scripts/certify_sec_incremental_ingestion.py:main;scripts/profile_sec_performance.py:main,app/services/ceri/sec/state_service.py:SecDocumentStateService.complete,WF_SEC_DOCUMENT_SOURCE,DOMAIN_SUPPORTING_STATE
app/services/ceri/sec/state_service.py:SecDocumentStateService.complete,231,SHARED_DOMAIN_WRITER,CANONICAL_CALCULATION,ceri_sec_filing_documents,execute,CERI_SOURCE,app/services/ceri/sec/state_service.py:SecDocumentStateService.register_document,CALLER_SESSION; REVIEW_COMMIT_PATH,DURABLE_ONLY; ENTRY_PATH_REVIEW_REQUIRED,app/routers/ceri_routes.py:create_ceri_backfill;app/routers/ceri_routes.py:create_ceri_ingestion_run;app/routers/run_routes.py:resume_run_pipeline_action;app/routers/run_routes.py:run_full_pipeline_action;app/services/background_worker.py:_execute_full_pipeline_job;app/services/background_worker.py:_execute_sec_readiness_repair_job;app/services/ceri/backfill_service.py:CeriBackfillService.run;app/services/ceri/batched_job_handlers.py:execute_provider_ingest_batch_job;app/services/ceri/job_handlers.py:execute_backfill_job;app/services/ceri/job_handlers.py:execute_provider_ingest_job;app/services/ceri/orchestration.py:CeriIngestionService.ingest;app/services/ceri/sec/incremental_ingestion.py:SecGuidanceIncrementalIngestionService.ingest;app/services/ceri/sec/readiness_repair.py:execute_sec_readiness_repair;app/services/ceri/sec/readiness_repair.py:schedule_sec_readiness_repair;app/services/ceri/sec/state_service.py:SecDocumentStateService.complete;app/services/pipeline_executor.py:execute_full_pipeline;app/services/pipeline_service.py:enqueue_pipeline_after_sec_repair;app/services/pipeline_service.py:resume_pipeline;app/services/pipeline_service.py:start_pipeline;app/services/pre_enqueue_operational_gate.py:validate_pre_enqueue_operational_gate;scripts/certify_sec_incremental_ingestion.py:main;scripts/profile_sec_performance.py:main,app/services/ceri/sec/state_service.py:SecDocumentStateService.complete,WF_SEC_DOCUMENT_SOURCE,DOMAIN_SUPPORTING_STATE
app/services/ceri/sec/state_service.py:SecDocumentStateService.heartbeat,303,OPERATIONAL_WRITER,OPERATIONAL,ceri_sec_document_extractions,execute,OPERATIONAL,NOT_APPLICABLE,CALLER_SESSION; REVIEW_COMMIT_PATH,DURABLE_ONLY; ENTRY_PATH_REVIEW_REQUIRED,app/routers/ceri_routes.py:create_ceri_backfill;app/routers/ceri_routes.py:create_ceri_ingestion_run;app/routers/run_routes.py:resume_run_pipeline_action;app/routers/run_routes.py:run_full_pipeline_action;app/services/background_worker.py:_execute_full_pipeline_job;app/services/background_worker.py:_execute_sec_readiness_repair_job;app/services/ceri/backfill_service.py:CeriBackfillService.run;app/services/ceri/batched_job_handlers.py:execute_provider_ingest_batch_job;app/services/ceri/job_handlers.py:execute_backfill_job;app/services/ceri/job_handlers.py:execute_provider_ingest_job;app/services/ceri/orchestration.py:CeriIngestionService.ingest;app/services/ceri/sec/incremental_ingestion.py:SecGuidanceIncrementalIngestionService.ingest;app/services/ceri/sec/readiness_repair.py:execute_sec_readiness_repair;app/services/ceri/sec/readiness_repair.py:schedule_sec_readiness_repair;app/services/ceri/sec/state_service.py:SecDocumentStateService.heartbeat;app/services/pipeline_executor.py:execute_full_pipeline;app/services/pipeline_service.py:enqueue_pipeline_after_sec_repair;app/services/pipeline_service.py:resume_pipeline;app/services/pipeline_service.py:start_pipeline;app/services/pre_enqueue_operational_gate.py:validate_pre_enqueue_operational_gate;scripts/certify_sec_incremental_ingestion.py:main;scripts/profile_sec_performance.py:main,app/services/ceri/sec/state_service.py:SecDocumentStateService.heartbeat,OPERATIONAL_ONLY,OPERATIONAL_WRITER
app/services/ceri/sec/state_service.py:SecDocumentStateService.record_downloaded_content,283,SHARED_DOMAIN_WRITER,CANONICAL_CALCULATION,ceri_sec_filing_documents,execute,CERI_SOURCE,app/services/ceri/sec/state_service.py:SecDocumentStateService.register_document,CALLER_SESSION; REVIEW_COMMIT_PATH,DURABLE_ONLY; ENTRY_PATH_REVIEW_REQUIRED,app/routers/ceri_routes.py:create_ceri_backfill;app/routers/ceri_routes.py:create_ceri_ingestion_run;app/routers/run_routes.py:resume_run_pipeline_action;app/routers/run_routes.py:run_full_pipeline_action;app/services/background_worker.py:_execute_full_pipeline_job;app/services/background_worker.py:_execute_sec_readiness_repair_job;app/services/ceri/backfill_service.py:CeriBackfillService.run;app/services/ceri/batched_job_handlers.py:execute_provider_ingest_batch_job;app/services/ceri/job_handlers.py:execute_backfill_job;app/services/ceri/job_handlers.py:execute_provider_ingest_job;app/services/ceri/orchestration.py:CeriIngestionService.ingest;app/services/ceri/sec/incremental_ingestion.py:SecGuidanceIncrementalIngestionService.ingest;app/services/ceri/sec/readiness_repair.py:execute_sec_readiness_repair;app/services/ceri/sec/readiness_repair.py:schedule_sec_readiness_repair;app/services/ceri/sec/state_service.py:SecDocumentStateService.record_downloaded_content;app/services/pipeline_executor.py:execute_full_pipeline;app/services/pipeline_service.py:enqueue_pipeline_after_sec_repair;app/services/pipeline_service.py:resume_pipeline;app/services/pipeline_service.py:start_pipeline;app/services/pre_enqueue_operational_gate.py:validate_pre_enqueue_operational_gate;scripts/certify_sec_incremental_ingestion.py:main;scripts/profile_sec_performance.py:main,app/services/ceri/sec/state_service.py:SecDocumentStateService.record_downloaded_content,WF_SEC_DOCUMENT_SOURCE,DOMAIN_SUPPORTING_STATE
app/services/ceri/sec/state_service.py:SecDocumentStateService.register_document,56,SHARED_DOMAIN_WRITER,CANONICAL_CALCULATION,ceri_sec_filing_documents,add;scalar,CERI_SOURCE,app/services/ceri/sec/state_service.py:SecDocumentStateService.register_document,CALLER_SESSION; REVIEW_COMMIT_PATH,DURABLE_ONLY; ENTRY_PATH_REVIEW_REQUIRED,app/routers/ceri_routes.py:create_ceri_backfill;app/routers/ceri_routes.py:create_ceri_ingestion_run;app/routers/run_routes.py:resume_run_pipeline_action;app/routers/run_routes.py:run_full_pipeline_action;app/services/background_worker.py:_execute_full_pipeline_job;app/services/background_worker.py:_execute_sec_readiness_repair_job;app/services/ceri/backfill_service.py:CeriBackfillService.run;app/services/ceri/batched_job_handlers.py:execute_provider_ingest_batch_job;app/services/ceri/job_handlers.py:execute_backfill_job;app/services/ceri/job_handlers.py:execute_provider_ingest_job;app/services/ceri/orchestration.py:CeriIngestionService.ingest;app/services/ceri/sec/incremental_ingestion.py:SecGuidanceIncrementalIngestionService.ingest;app/services/ceri/sec/readiness_repair.py:execute_sec_readiness_repair;app/services/ceri/sec/readiness_repair.py:schedule_sec_readiness_repair;app/services/ceri/sec/state_service.py:SecDocumentStateService.register_document;app/services/pipeline_executor.py:execute_full_pipeline;app/services/pipeline_service.py:enqueue_pipeline_after_sec_repair;app/services/pipeline_service.py:resume_pipeline;app/services/pipeline_service.py:start_pipeline;app/services/pre_enqueue_operational_gate.py:validate_pre_enqueue_operational_gate;scripts/certify_sec_incremental_ingestion.py:main;scripts/profile_sec_performance.py:main,app/services/ceri/sec/state_service.py:SecDocumentStateService.register_document,WF_SEC_DOCUMENT_SOURCE,DOMAIN_SUPPORTING_STATE
app/services/ceri/snapshot_service.py:CeriSnapshotService.persist_snapshot,188,SHARED_DOMAIN_WRITER,CANONICAL_CALCULATION,ceri_score_snapshots,add,CERI,app/services/ceri/snapshot_service.py:CeriSnapshotService.persist_snapshot,CALLER_SESSION; REVIEW_COMMIT_PATH,DURABLE_ONLY; ENTRY_PATH_REVIEW_REQUIRED,app/routers/ceri_routes.py:create_ceri_ingestion_run;app/routers/ceri_routes.py:execute_ceri_purge;app/routers/ceri_routes.py:preview_ceri_purge;app/routers/ceri_routes.py:recalculate_ceri;app/routers/ceri_routes.py:reprocess_ceri;app/routers/run_routes.py:resume_run_pipeline_action;app/routers/run_routes.py:run_full_pipeline_action;app/services/background_worker.py:_execute_full_pipeline_job;app/services/background_worker.py:_execute_sec_readiness_repair_job;app/services/ceri/batched_job_handlers.py:execute_run_finalize_job;app/services/ceri/capture_service.py:CeriRunCaptureService.capture_run;app/services/ceri/controlled_replay_service.py:CeriControlledReplayService.replay;app/services/ceri/job_handlers.py:execute_capture_run_job;app/services/ceri/job_handlers.py:execute_normalize_job;app/services/ceri/job_handlers.py:execute_provider_ingest_job;app/services/ceri/job_handlers.py:execute_purge_licensed_data_job;app/services/ceri/job_handlers.py:execute_rebuild_features_job;app/services/ceri/purge_service.py:CeriPurgeService.execute;app/services/ceri/sec/readiness_repair.py:execute_sec_readiness_repair;app/services/ceri/sec/readiness_repair.py:schedule_sec_readiness_repair;app/services/ceri/snapshot_service.py:CeriSnapshotService.persist_snapshot;app/services/pipeline_executor.py:execute_full_pipeline;app/services/pipeline_service.py:enqueue_pipeline_after_sec_repair;app/services/pipeline_service.py:resume_pipeline;app/services/pipeline_service.py:start_pipeline;app/services/pre_enqueue_operational_gate.py:validate_pre_enqueue_operational_gate;scripts/ceri_run104_controlled_replay.py:main,app/services/ceri/snapshot_service.py:CeriSnapshotService.persist_snapshot,WF_CERI_SCORE,CANONICAL_SEMANTIC_WRITER
app/services/ceri/source_record_service.py:CeriSourceRecordService.create_ingestion_run,30,OPERATIONAL_WRITER,OPERATIONAL,ceri_ingestion_runs,add,OPERATIONAL,NOT_APPLICABLE,CALLER_SESSION; REVIEW_COMMIT_PATH,DURABLE_ONLY; ENTRY_PATH_REVIEW_REQUIRED,app/routers/ceri_routes.py:create_ceri_backfill;app/routers/ceri_routes.py:create_ceri_ingestion_run;app/routers/run_routes.py:resume_run_pipeline_action;app/routers/run_routes.py:run_full_pipeline_action;app/services/background_worker.py:_execute_full_pipeline_job;app/services/background_worker.py:_execute_sec_readiness_repair_job;app/services/ceri/backfill_service.py:CeriBackfillService.run;app/services/ceri/batched_job_handlers.py:execute_provider_ingest_batch_job;app/services/ceri/job_handlers.py:execute_backfill_job;app/services/ceri/job_handlers.py:execute_provider_ingest_job;app/services/ceri/orchestration.py:CeriIngestionService.ingest;app/services/ceri/sec/readiness_repair.py:execute_sec_readiness_repair;app/services/ceri/sec/readiness_repair.py:schedule_sec_readiness_repair;app/services/ceri/source_record_service.py:CeriSourceRecordService.create_ingestion_run;app/services/pipeline_executor.py:execute_full_pipeline;app/services/pipeline_service.py:enqueue_pipeline_after_sec_repair;app/services/pipeline_service.py:resume_pipeline;app/services/pipeline_service.py:start_pipeline;app/services/pre_enqueue_operational_gate.py:validate_pre_enqueue_operational_gate;scripts/certify_sec_incremental_ingestion.py:main;scripts/profile_sec_performance.py:main,app/services/ceri/source_record_service.py:CeriSourceRecordService.create_ingestion_run,OPERATIONAL_ONLY,OPERATIONAL_WRITER
app/services/ceri/source_record_service.py:CeriSourceRecordService.finish_ingestion_run,257,OPERATIONAL_WRITER,OPERATIONAL,ceri_ingestion_runs,,OPERATIONAL,NOT_APPLICABLE,CALLER_SESSION; REVIEW_COMMIT_PATH,DURABLE_ONLY; ENTRY_PATH_REVIEW_REQUIRED,app/routers/ceri_routes.py:create_ceri_backfill;app/routers/ceri_routes.py:create_ceri_ingestion_run;app/routers/run_routes.py:resume_run_pipeline_action;app/routers/run_routes.py:run_full_pipeline_action;app/services/background_worker.py:_execute_full_pipeline_job;app/services/background_worker.py:_execute_sec_readiness_repair_job;app/services/ceri/backfill_service.py:CeriBackfillService.run;app/services/ceri/batched_job_handlers.py:execute_provider_ingest_batch_job;app/services/ceri/job_handlers.py:execute_backfill_job;app/services/ceri/job_handlers.py:execute_provider_ingest_job;app/services/ceri/orchestration.py:CeriIngestionService.ingest;app/services/ceri/sec/readiness_repair.py:execute_sec_readiness_repair;app/services/ceri/sec/readiness_repair.py:schedule_sec_readiness_repair;app/services/ceri/source_record_service.py:CeriSourceRecordService.finish_ingestion_run;app/services/pipeline_executor.py:execute_full_pipeline;app/services/pipeline_service.py:enqueue_pipeline_after_sec_repair;app/services/pipeline_service.py:resume_pipeline;app/services/pipeline_service.py:start_pipeline;app/services/pre_enqueue_operational_gate.py:validate_pre_enqueue_operational_gate;scripts/certify_sec_incremental_ingestion.py:main;scripts/profile_sec_performance.py:main,app/services/ceri/source_record_service.py:CeriSourceRecordService.finish_ingestion_run,OPERATIONAL_ONLY,OPERATIONAL_WRITER
app/services/ceri/source_record_service.py:CeriSourceRecordService.store_source_record,84,SHARED_DOMAIN_WRITER,CANONICAL_CALCULATION,ceri_source_records,add,CERI_SOURCE,app/services/ceri/source_record_service.py:CeriSourceRecordService.store_source_record,CALLER_SESSION; REVIEW_COMMIT_PATH,DURABLE_ONLY; ENTRY_PATH_REVIEW_REQUIRED,app/routers/ceri_routes.py:create_ceri_backfill;app/routers/ceri_routes.py:create_ceri_ingestion_run;app/routers/run_routes.py:resume_run_pipeline_action;app/routers/run_routes.py:run_full_pipeline_action;app/services/background_worker.py:_execute_full_pipeline_job;app/services/background_worker.py:_execute_sec_readiness_repair_job;app/services/ceri/backfill_service.py:CeriBackfillService.run;app/services/ceri/batched_job_handlers.py:execute_provider_ingest_batch_job;app/services/ceri/job_handlers.py:execute_backfill_job;app/services/ceri/job_handlers.py:execute_provider_ingest_job;app/services/ceri/orchestration.py:CeriIngestionService.ingest;app/services/ceri/sec/incremental_ingestion.py:SecGuidanceIncrementalIngestionService.ingest;app/services/ceri/sec/readiness_repair.py:execute_sec_readiness_repair;app/services/ceri/sec/readiness_repair.py:schedule_sec_readiness_repair;app/services/ceri/source_record_service.py:CeriSourceRecordService.store_source_record;app/services/pipeline_executor.py:execute_full_pipeline;app/services/pipeline_service.py:enqueue_pipeline_after_sec_repair;app/services/pipeline_service.py:resume_pipeline;app/services/pipeline_service.py:start_pipeline;app/services/pre_enqueue_operational_gate.py:validate_pre_enqueue_operational_gate;scripts/certify_sec_incremental_ingestion.py:main;scripts/profile_sec_performance.py:main,app/services/ceri/source_record_service.py:CeriSourceRecordService.store_source_record,WF_CERI_RAW_SOURCE,CANONICAL_SEMANTIC_WRITER
app/services/ceri/surprise_feature_service.py:CeriSurpriseFeatureService.attach_consensus_snapshot,37,SHARED_DOMAIN_WRITER,CANONICAL_CALCULATION,ceri_earnings_actuals,,CERI_SOURCE,app/services/ceri/normalization_service.py:CeriNormalizationService._normalize_record,CALLER_SESSION; REVIEW_COMMIT_PATH,DURABLE_ONLY; ENTRY_PATH_REVIEW_REQUIRED,app/routers/ceri_routes.py:create_ceri_backfill;app/routers/ceri_routes.py:create_ceri_ingestion_run;app/routers/ceri_routes.py:execute_ceri_purge;app/routers/ceri_routes.py:preview_ceri_purge;app/routers/ceri_routes.py:recalculate_ceri;app/routers/ceri_routes.py:reprocess_ceri;app/routers/run_routes.py:resume_run_pipeline_action;app/routers/run_routes.py:run_full_pipeline_action;app/services/background_worker.py:_execute_full_pipeline_job;app/services/background_worker.py:_execute_sec_readiness_repair_job;app/services/ceri/backfill_service.py:CeriBackfillService.run;app/services/ceri/batched_job_handlers.py:execute_feature_batch_job;app/services/ceri/batched_job_handlers.py:execute_run_finalize_job;app/services/ceri/capture_service.py:CeriRunCaptureService.capture_run;app/services/ceri/feature_rebuild_service.py:CeriFeatureRebuildService.rebuild;app/services/ceri/feature_rebuild_service.py:CeriFeatureRebuildService.rebuild_from_context;app/services/ceri/job_handlers.py:execute_backfill_job;app/services/ceri/job_handlers.py:execute_capture_run_job;app/services/ceri/job_handlers.py:execute_normalize_job;app/services/ceri/job_handlers.py:execute_provider_ingest_job;app/services/ceri/job_handlers.py:execute_purge_licensed_data_job;app/services/ceri/job_handlers.py:execute_rebuild_features_job;app/services/ceri/purge_service.py:CeriPurgeService.execute;app/services/ceri/sec/readiness_repair.py:execute_sec_readiness_repair;app/services/ceri/sec/readiness_repair.py:schedule_sec_readiness_repair;app/services/ceri/surprise_feature_service.py:CeriSurpriseFeatureService.attach_consensus_snapshot;app/services/ceri/surprise_feature_service.py:CeriSurpriseFeatureService.summarize;app/services/pipeline_executor.py:execute_full_pipeline;app/services/pipeline_service.py:enqueue_pipeline_after_sec_repair;app/services/pipeline_service.py:resume_pipeline;app/services/pipeline_service.py:start_pipeline;app/services/pre_enqueue_operational_gate.py:validate_pre_enqueue_operational_gate,app/services/ceri/surprise_feature_service.py:CeriSurpriseFeatureService.attach_consensus_snapshot,WF_CERI_CONSENSUS_ATTACH,DOMAIN_SUPPORTING_STATE
app/services/cleanup_service.py:cleanup_rebuildable_artifacts,66,OPERATIONAL_WRITER,OPERATIONAL,background_jobs,delete,OPERATIONAL,NOT_APPLICABLE,CALLER_SESSION; REVIEW_COMMIT_PATH,DURABLE_ONLY; ENTRY_PATH_REVIEW_REQUIRED,app/routers/health_routes.py:cleanup_execute;app/services/cleanup_service.py:cleanup_rebuildable_artifacts;app/services/cleanup_service.py:execute_cleanup,app/services/cleanup_service.py:cleanup_rebuildable_artifacts,OPERATIONAL_ONLY,OPERATIONAL_WRITER
app/services/combined_decision.py:refresh_combined_results,131,SHARED_DOMAIN_WRITER,CANONICAL_CALCULATION,combined_results,add_all;execute,COMBINED,app/services/combined_decision.py:refresh_combined_results,CALLER_SESSION; REVIEW_COMMIT_PATH,DURABLE_ONLY; ENTRY_PATH_REVIEW_REQUIRED,app/routers/run_routes.py:recalculate_fundamentals_action;app/routers/run_routes.py:refresh_combined_results_action;app/routers/run_routes.py:refresh_technicals_action;app/routers/run_routes.py:resume_run_pipeline_action;app/routers/run_routes.py:run_full_pipeline_action;app/services/background_worker.py:_execute_full_pipeline_job;app/services/background_worker.py:_execute_sec_readiness_repair_job;app/services/ceri/sec/readiness_repair.py:execute_sec_readiness_repair;app/services/ceri/sec/readiness_repair.py:schedule_sec_readiness_repair;app/services/combined_decision.py:refresh_combined_results;app/services/pipeline_executor.py:execute_full_pipeline;app/services/pipeline_service.py:enqueue_pipeline_after_sec_repair;app/services/pipeline_service.py:resume_pipeline;app/services/pipeline_service.py:start_pipeline;app/services/pre_enqueue_operational_gate.py:validate_pre_enqueue_operational_gate,app/services/combined_decision.py:refresh_combined_results,WF_COMBINED_REFRESH,CANONICAL_SEMANTIC_WRITER
app/services/combined_decision.py:refresh_combined_results,131,SHARED_DOMAIN_WRITER,CANONICAL_CALCULATION,winner_prediction_snapshots,add_all;execute,WINNER_PREDICTION,app/services/winner_probability/capture_service.py:WinnerPredictionCaptureService._capture_ticker,CALLER_SESSION; REVIEW_COMMIT_PATH,DURABLE_ONLY; ENTRY_PATH_REVIEW_REQUIRED,app/routers/run_routes.py:recalculate_fundamentals_action;app/routers/run_routes.py:refresh_combined_results_action;app/routers/run_routes.py:refresh_technicals_action;app/routers/run_routes.py:resume_run_pipeline_action;app/routers/run_routes.py:run_full_pipeline_action;app/services/background_worker.py:_execute_full_pipeline_job;app/services/background_worker.py:_execute_sec_readiness_repair_job;app/services/ceri/sec/readiness_repair.py:execute_sec_readiness_repair;app/services/ceri/sec/readiness_repair.py:schedule_sec_readiness_repair;app/services/combined_decision.py:refresh_combined_results;app/services/pipeline_executor.py:execute_full_pipeline;app/services/pipeline_service.py:enqueue_pipeline_after_sec_repair;app/services/pipeline_service.py:resume_pipeline;app/services/pipeline_service.py:start_pipeline;app/services/pre_enqueue_operational_gate.py:validate_pre_enqueue_operational_gate,app/services/combined_decision.py:refresh_combined_results,WF_COMBINED_REFRESH,CANONICAL_SEMANTIC_WRITER
app/services/configuration_delivery.py:bind_job_configuration,363,SHARED_DOMAIN_WRITER,CANONICAL_CALCULATION,execution_configuration_bindings,execute,CONFIGURATION,app/services/configuration_delivery.py:persist_configuration_anchor,CALLER_SESSION; REVIEW_COMMIT_PATH,DURABLE_ONLY; ENTRY_PATH_REVIEW_REQUIRED,app/routers/ceri_routes.py:create_ceri_backfill;app/routers/ceri_routes.py:create_ceri_ingestion_run;app/routers/ceri_routes.py:execute_ceri_purge;app/routers/ceri_routes.py:preview_ceri_purge;app/routers/ceri_routes.py:recalculate_ceri;app/routers/ceri_routes.py:reprocess_ceri;app/routers/ib_market_intelligence_routes.py:queue_flex;app/routers/ib_market_intelligence_routes.py:queue_histogram;app/routers/ib_market_intelligence_routes.py:queue_historical;app/routers/ib_market_intelligence_routes.py:queue_live;app/routers/ib_market_intelligence_routes.py:queue_rebuild;app/routers/ib_market_intelligence_routes.py:queue_scanner;app/routers/market_data_routes.py:queue_market_data_prewarm;app/routers/run_routes.py:fetch_run_ib_bars_action;app/routers/run_routes.py:resume_run_ib_fetch_action;app/routers/run_routes.py:resume_run_pipeline_action;app/routers/run_routes.py:retry_failed_run_ib_fetch_action;app/routers/run_routes.py:run_full_pipeline_action;app/routers/setup_lifecycle_routes.py:evaluate_setup_lifecycle_run;app/routers/setup_lifecycle_routes.py:queue_setup_lifecycle_evaluation;app/routers/winner_probability_routes.py:queue_winner_cohort_refresh;app/routers/winner_probability_routes.py:queue_winner_outcome_maturation;app/routers/winner_probability_routes.py:queue_winner_prediction_capture;app/services/background_job_service.py:enqueue_job;app/services/background_worker.py:_execute_full_pipeline_job;app/services/background_worker.py:_execute_sec_readiness_repair_job;app/services/background_worker.py:run_worker_once;app/services/ceri/batched_job_handlers.py:execute_run_finalize_job;app/services/ceri/batched_workflow.py:schedule_ceri_batched_workflow;app/services/ceri/job_handlers.py:execute_capture_run_job;app/services/ceri/job_handlers.py:execute_change_detection_job;app/services/ceri/job_handlers.py:execute_normalize_job;app/services/ceri/job_handlers.py:execute_provider_ingest_job;app/services/ceri/job_handlers.py:execute_purge_licensed_data_job;app/services/ceri/job_handlers.py:execute_rebuild_features_job;app/services/ceri/purge_service.py:CeriPurgeService.execute;app/services/ceri/sec/readiness_repair.py:execute_sec_readiness_repair;app/services/ceri/sec/readiness_repair.py:schedule_sec_readiness_repair;app/services/configuration_delivery.py:bind_job_configuration;app/services/ib_fetch_job_service.py:submit_fetch_job;app/services/market_data_prewarm_service.py:enqueue_market_data_prewarm;app/services/pipeline_executor.py:execute_full_pipeline;app/services/pipeline_service.py:enqueue_pipeline_after_sec_repair;app/services/pipeline_service.py:resume_pipeline;app/services/pipeline_service.py:start_pipeline;app/services/pre_enqueue_operational_gate.py:validate_pre_enqueue_operational_gate;app/services/winner_probability/cohort_refresh_planner.py:CohortRefreshPlanner.request_for_current_evidence;app/services/winner_probability/job_handlers.py:enqueue_outcome_maturation_workflow;app/services/winner_probability/job_handlers.py:execute_outcome_maturation_job;app/services/winner_probability/job_handlers.py:execute_outcome_revision_check_job;app/services/winner_probability/pre11_compatibility_service.py:Pre11CompatibilityWriteService.persist_decisions_and_replays;app/services/winner_probability/scheduler.py:schedule_primary_h5_maturation;scripts/owpe_pre11_training_compatibility.py:main,app/services/configuration_delivery.py:bind_job_configuration,WF_CONFIGURATION_DELIVERY,SEMANTIC_WRITER_MEMBER
app/services/configuration_delivery.py:bind_winner_generation_configuration,306,SHARED_DOMAIN_WRITER,CANONICAL_CALCULATION,execution_configuration_bindings,execute,CONFIGURATION,app/services/configuration_delivery.py:persist_configuration_anchor,CALLER_SESSION; REVIEW_COMMIT_PATH,DURABLE_ONLY; ENTRY_PATH_REVIEW_REQUIRED,app/routers/winner_probability_routes.py:queue_winner_cohort_refresh;app/routers/winner_probability_routes.py:queue_winner_outcome_maturation;app/services/background_worker.py:run_worker_once;app/services/configuration_delivery.py:bind_winner_generation_configuration;app/services/winner_probability/cohort_refresh_planner.py:CohortRefreshPlanner.request_for_current_evidence;app/services/winner_probability/job_handlers.py:WinnerCohortRefreshService.refresh_cohorts;app/services/winner_probability/job_handlers.py:enqueue_outcome_maturation_workflow;app/services/winner_probability/job_handlers.py:execute_cohort_refresh_job;app/services/winner_probability/job_handlers.py:execute_outcome_maturation_job;app/services/winner_probability/job_handlers.py:execute_outcome_revision_check_job;app/services/winner_probability/pre11_compatibility_service.py:Pre11CompatibilityWriteService.persist_decisions_and_replays;app/services/winner_probability/scheduler.py:schedule_primary_h5_maturation;scripts/owpe_pre11_training_compatibility.py:main,app/services/configuration_delivery.py:bind_winner_generation_configuration,WF_CONFIGURATION_DELIVERY,SEMANTIC_WRITER_MEMBER
app/services/configuration_delivery.py:persist_configuration_anchor,112,SHARED_DOMAIN_WRITER,CANONICAL_CALCULATION,effective_configuration_records,execute,CONFIGURATION,app/services/configuration_delivery.py:persist_configuration_anchor,CALLER_SESSION; REVIEW_COMMIT_PATH,DURABLE_ONLY; ENTRY_PATH_REVIEW_REQUIRED,app/routers/ceri_routes.py:create_ceri_backfill;app/routers/ceri_routes.py:create_ceri_ingestion_run;app/routers/ceri_routes.py:execute_ceri_purge;app/routers/ceri_routes.py:preview_ceri_purge;app/routers/ceri_routes.py:recalculate_ceri;app/routers/ceri_routes.py:reprocess_ceri;app/routers/ib_market_intelligence_routes.py:queue_flex;app/routers/ib_market_intelligence_routes.py:queue_histogram;app/routers/ib_market_intelligence_routes.py:queue_historical;app/routers/ib_market_intelligence_routes.py:queue_live;app/routers/ib_market_intelligence_routes.py:queue_rebuild;app/routers/ib_market_intelligence_routes.py:queue_scanner;app/routers/market_data_routes.py:queue_market_data_prewarm;app/routers/run_routes.py:fetch_run_ib_bars_action;app/routers/run_routes.py:resume_run_ib_fetch_action;app/routers/run_routes.py:resume_run_pipeline_action;app/routers/run_routes.py:retry_failed_run_ib_fetch_action;app/routers/run_routes.py:run_full_pipeline_action;app/routers/setup_lifecycle_routes.py:evaluate_setup_lifecycle_run;app/routers/setup_lifecycle_routes.py:queue_setup_lifecycle_evaluation;app/routers/winner_probability_routes.py:queue_winner_cohort_refresh;app/routers/winner_probability_routes.py:queue_winner_outcome_maturation;app/routers/winner_probability_routes.py:queue_winner_prediction_capture;app/services/background_job_service.py:enqueue_job;app/services/background_worker.py:_execute_full_pipeline_job;app/services/background_worker.py:_execute_sec_readiness_repair_job;app/services/background_worker.py:run_worker_once;app/services/ceri/batched_job_handlers.py:execute_run_finalize_job;app/services/ceri/batched_workflow.py:schedule_ceri_batched_workflow;app/services/ceri/job_handlers.py:execute_capture_run_job;app/services/ceri/job_handlers.py:execute_change_detection_job;app/services/ceri/job_handlers.py:execute_normalize_job;app/services/ceri/job_handlers.py:execute_provider_ingest_job;app/services/ceri/job_handlers.py:execute_purge_licensed_data_job;app/services/ceri/job_handlers.py:execute_rebuild_features_job;app/services/ceri/purge_service.py:CeriPurgeService.execute;app/services/ceri/sec/readiness_repair.py:execute_sec_readiness_repair;app/services/ceri/sec/readiness_repair.py:schedule_sec_readiness_repair;app/services/configuration_delivery.py:anchor_enqueue_payload;app/services/configuration_delivery.py:bind_winner_generation_configuration;app/services/configuration_delivery.py:persist_configuration_anchor;app/services/ib_fetch_job_service.py:submit_fetch_job;app/services/market_data_prewarm_service.py:enqueue_market_data_prewarm;app/services/pipeline_executor.py:execute_full_pipeline;app/services/pipeline_service.py:enqueue_pipeline_after_sec_repair;app/services/pipeline_service.py:resume_pipeline;app/services/pipeline_service.py:start_pipeline;app/services/pre_enqueue_operational_gate.py:validate_pre_enqueue_operational_gate;app/services/winner_probability/cohort_refresh_planner.py:CohortRefreshPlanner.request_for_current_evidence;app/services/winner_probability/job_handlers.py:WinnerCohortRefreshService.refresh_cohorts;app/services/winner_probability/job_handlers.py:enqueue_outcome_maturation_workflow;app/services/winner_probability/job_handlers.py:execute_cohort_refresh_job;app/services/winner_probability/job_handlers.py:execute_outcome_maturation_job;app/services/winner_probability/job_handlers.py:execute_outcome_revision_check_job;app/services/winner_probability/pre11_compatibility_service.py:Pre11CompatibilityWriteService.persist_decisions_and_replays;app/services/winner_probability/scheduler.py:schedule_primary_h5_maturation;scripts/owpe_pre11_training_compatibility.py:main,app/services/configuration_delivery.py:persist_configuration_anchor,WF_CONFIGURATION_DELIVERY,CANONICAL_SEMANTIC_WRITER
app/services/configuration_delivery.py:persist_configuration_anchor,112,SHARED_DOMAIN_WRITER,CANONICAL_CALCULATION,execution_configuration_anchors,execute,CONFIGURATION,app/services/configuration_delivery.py:persist_configuration_anchor,CALLER_SESSION; REVIEW_COMMIT_PATH,DURABLE_ONLY; ENTRY_PATH_REVIEW_REQUIRED,app/routers/ceri_routes.py:create_ceri_backfill;app/routers/ceri_routes.py:create_ceri_ingestion_run;app/routers/ceri_routes.py:execute_ceri_purge;app/routers/ceri_routes.py:preview_ceri_purge;app/routers/ceri_routes.py:recalculate_ceri;app/routers/ceri_routes.py:reprocess_ceri;app/routers/ib_market_intelligence_routes.py:queue_flex;app/routers/ib_market_intelligence_routes.py:queue_histogram;app/routers/ib_market_intelligence_routes.py:queue_historical;app/routers/ib_market_intelligence_routes.py:queue_live;app/routers/ib_market_intelligence_routes.py:queue_rebuild;app/routers/ib_market_intelligence_routes.py:queue_scanner;app/routers/market_data_routes.py:queue_market_data_prewarm;app/routers/run_routes.py:fetch_run_ib_bars_action;app/routers/run_routes.py:resume_run_ib_fetch_action;app/routers/run_routes.py:resume_run_pipeline_action;app/routers/run_routes.py:retry_failed_run_ib_fetch_action;app/routers/run_routes.py:run_full_pipeline_action;app/routers/setup_lifecycle_routes.py:evaluate_setup_lifecycle_run;app/routers/setup_lifecycle_routes.py:queue_setup_lifecycle_evaluation;app/routers/winner_probability_routes.py:queue_winner_cohort_refresh;app/routers/winner_probability_routes.py:queue_winner_outcome_maturation;app/routers/winner_probability_routes.py:queue_winner_prediction_capture;app/services/background_job_service.py:enqueue_job;app/services/background_worker.py:_execute_full_pipeline_job;app/services/background_worker.py:_execute_sec_readiness_repair_job;app/services/background_worker.py:run_worker_once;app/services/ceri/batched_job_handlers.py:execute_run_finalize_job;app/services/ceri/batched_workflow.py:schedule_ceri_batched_workflow;app/services/ceri/job_handlers.py:execute_capture_run_job;app/services/ceri/job_handlers.py:execute_change_detection_job;app/services/ceri/job_handlers.py:execute_normalize_job;app/services/ceri/job_handlers.py:execute_provider_ingest_job;app/services/ceri/job_handlers.py:execute_purge_licensed_data_job;app/services/ceri/job_handlers.py:execute_rebuild_features_job;app/services/ceri/purge_service.py:CeriPurgeService.execute;app/services/ceri/sec/readiness_repair.py:execute_sec_readiness_repair;app/services/ceri/sec/readiness_repair.py:schedule_sec_readiness_repair;app/services/configuration_delivery.py:anchor_enqueue_payload;app/services/configuration_delivery.py:bind_winner_generation_configuration;app/services/configuration_delivery.py:persist_configuration_anchor;app/services/ib_fetch_job_service.py:submit_fetch_job;app/services/market_data_prewarm_service.py:enqueue_market_data_prewarm;app/services/pipeline_executor.py:execute_full_pipeline;app/services/pipeline_service.py:enqueue_pipeline_after_sec_repair;app/services/pipeline_service.py:resume_pipeline;app/services/pipeline_service.py:start_pipeline;app/services/pre_enqueue_operational_gate.py:validate_pre_enqueue_operational_gate;app/services/winner_probability/cohort_refresh_planner.py:CohortRefreshPlanner.request_for_current_evidence;app/services/winner_probability/job_handlers.py:WinnerCohortRefreshService.refresh_cohorts;app/services/winner_probability/job_handlers.py:enqueue_outcome_maturation_workflow;app/services/winner_probability/job_handlers.py:execute_cohort_refresh_job;app/services/winner_probability/job_handlers.py:execute_outcome_maturation_job;app/services/winner_probability/job_handlers.py:execute_outcome_revision_check_job;app/services/winner_probability/pre11_compatibility_service.py:Pre11CompatibilityWriteService.persist_decisions_and_replays;app/services/winner_probability/scheduler.py:schedule_primary_h5_maturation;scripts/owpe_pre11_training_compatibility.py:main,app/services/configuration_delivery.py:persist_configuration_anchor,WF_CONFIGURATION_DELIVERY,CANONICAL_SEMANTIC_WRITER
app/services/core_calculation_evidence.py:_advance_current_projection,388,CURRENT_PROJECTION_WRITER,CANONICAL_CALCULATION,core_calculation_current_projections,add,CURRENT_PROJECTION,app/services/core_calculation_evidence.py:_advance_current_projection,CALLER_SESSION; REVIEW_COMMIT_PATH,DURABLE_ONLY; ENTRY_PATH_REVIEW_REQUIRED,app/routers/ceri_routes.py:create_ceri_ingestion_run;app/routers/ceri_routes.py:execute_ceri_purge;app/routers/ceri_routes.py:preview_ceri_purge;app/routers/ceri_routes.py:recalculate_ceri;app/routers/ceri_routes.py:reprocess_ceri;app/routers/ib_market_intelligence_routes.py:queue_histogram;app/routers/ib_market_intelligence_routes.py:queue_historical;app/routers/ib_market_intelligence_routes.py:queue_live;app/routers/ib_market_intelligence_routes.py:queue_rebuild;app/routers/market_regime_routes.py:market_regime_page;app/routers/market_regime_routes.py:recalculate_run_market_regime_api;app/routers/market_regime_routes.py:run_market_regime_page;app/routers/run_routes.py:recalculate_fundamentals_action;app/routers/run_routes.py:refresh_all_ranking_profiles_action;app/routers/run_routes.py:refresh_combined_results_action;app/routers/run_routes.py:refresh_ranking_profile_action;app/routers/run_routes.py:refresh_technicals_action;app/routers/run_routes.py:resume_run_pipeline_action;app/routers/run_routes.py:run_full_pipeline_action;app/routers/sector_rotation_routes.py:api_sector_rotation;app/routers/sector_rotation_routes.py:api_sector_rotation_drilldown;app/routers/sector_rotation_routes.py:recalculate_run_sector_rotation_api;app/routers/sector_rotation_routes.py:sector_rotation_dashboard;app/routers/sector_rotation_routes.py:sector_rotation_drilldown;app/routers/setup_lifecycle_routes.py:evaluate_setup_lifecycle_run;app/routers/setup_lifecycle_routes.py:replay_setup_lifecycle;app/services/background_worker.py:_execute_full_pipeline_job;app/services/background_worker.py:_execute_sec_readiness_repair_job;app/services/ceri/batched_job_handlers.py:execute_run_finalize_job;app/services/ceri/capture_service.py:CeriRunCaptureService.capture_run;app/services/ceri/controlled_replay_service.py:CeriControlledReplayService.replay;app/services/ceri/decision_evidence.py:persist_ceri_decision_evidence;app/services/ceri/job_handlers.py:execute_capture_run_job;app/services/ceri/job_handlers.py:execute_normalize_job;app/services/ceri/job_handlers.py:execute_provider_ingest_job;app/services/ceri/job_handlers.py:execute_purge_licensed_data_job;app/services/ceri/job_handlers.py:execute_rebuild_features_job;app/services/ceri/purge_service.py:CeriPurgeService.execute;app/services/ceri/sec/readiness_repair.py:execute_sec_readiness_repair;app/services/ceri/sec/readiness_repair.py:schedule_sec_readiness_repair;app/services/ceri/snapshot_service.py:CeriSnapshotService.persist_snapshot;app/services/combined_decision.py:refresh_combined_results;app/services/core_calculation_evidence.py:persist_core_evidence;app/services/fundamental_score_service.py:recalculate_run_fundamentals;app/services/ib_market_intelligence/decision_evidence.py:persist_ibmi_feature_evidence;app/services/ib_market_intelligence/orchestration.py:execute_feature_rebuild;app/services/ib_market_intelligence/orchestration.py:execute_histogram_fetch;app/services/ib_market_intelligence/orchestration.py:execute_historical_refresh;app/services/ib_market_intelligence/orchestration.py:execute_live_snapshot;app/services/ib_market_intelligence/repository.py:persist_feature;app/services/market_regime_command_center.py:MarketRegimeCommandCenterService.build_snapshot;app/services/market_regime_repository.py:MarketRegimeRepository.upsert_snapshot;app/services/pipeline_executor.py:build_market_regime_snapshot_for_run;app/services/pipeline_executor.py:build_sector_rotation_snapshot_for_run;app/services/pipeline_executor.py:execute_full_pipeline;app/services/pipeline_service.py:enqueue_pipeline_after_sec_repair;app/services/pipeline_service.py:resume_pipeline;app/services/pipeline_service.py:start_pipeline;app/services/pre_enqueue_operational_gate.py:validate_pre_enqueue_operational_gate;app/services/ranking_profile_service.py:execute_ranking_pipeline_step;app/services/ranking_profile_service.py:refresh_all_ranking_profiles;app/services/ranking_profile_service.py:refresh_ranking_profile;app/services/sector_rotation_repository.py:SectorRotationRepository.save_snapshot;app/services/sector_rotation_service.py:SectorRotationService.build_sector_rotation_snapshot;app/services/sector_rotation_service.py:build_sector_rotation_snapshot;app/services/setup_lifecycle/decision_evidence.py:persist_lifecycle_evaluation_evidence;app/services/setup_lifecycle/decision_evidence.py:persist_setup_evidence;app/services/setup_lifecycle/episode_service.py:SetupLifecycleEpisodeService.apply_snapshot;app/services/setup_lifecycle/evaluation_service.py:SetupLifecycleEvaluationService.evaluate_run;app/services/setup_lifecycle/evaluation_service.py:evaluate_setup_lifecycles_for_run;app/services/setup_lifecycle/job_handlers.py:execute_evaluate_run_job;app/services/setup_lifecycle/job_handlers.py:execute_repair_ticker_job;app/services/setup_lifecycle/job_handlers.py:execute_replay_job;app/services/setup_lifecycle/maintenance_service.py:SetupLifecycleMaintenanceService.repair_ticker;app/services/setup_lifecycle/replay_service.py:SetupLifecycleReplayService.replay;app/services/setup_lifecycle/snapshot_builder.py:SetupLifecycleSnapshotCaptureService.capture_snapshots_for_run;app/services/setup_lifecycle/snapshot_builder.py:capture_snapshots_for_run;app/services/technical_score_service.py:TechnicalScoringOverlapCoordinator.finalize;app/services/technical_score_service.py:finalize_technical_scores;app/services/technical_score_service.py:score_run_technicals;scripts/ceri_run104_controlled_replay.py:main;scripts/certify_technical_artifact_cache.py:main;scripts/qa/certify_slse_natural.py:main;scripts/qa/rebuild_slse_dev_history.py:main,app/services/core_calculation_evidence.py:_advance_current_projection,WF_CORE_CURRENT_PROJECTION,CURRENT_PROJECTION_WRITER
app/services/core_calculation_evidence.py:persist_core_evidence,59,SHARED_DOMAIN_WRITER,CANONICAL_CALCULATION,core_calculation_evidence,add,SHARED_LEDGER,app/services/core_calculation_evidence.py:persist_core_evidence,CALLER_SESSION; REVIEW_COMMIT_PATH,DURABLE_ONLY; ENTRY_PATH_REVIEW_REQUIRED,app/routers/ceri_routes.py:create_ceri_ingestion_run;app/routers/ceri_routes.py:execute_ceri_purge;app/routers/ceri_routes.py:preview_ceri_purge;app/routers/ceri_routes.py:recalculate_ceri;app/routers/ceri_routes.py:reprocess_ceri;app/routers/ib_market_intelligence_routes.py:queue_histogram;app/routers/ib_market_intelligence_routes.py:queue_historical;app/routers/ib_market_intelligence_routes.py:queue_live;app/routers/ib_market_intelligence_routes.py:queue_rebuild;app/routers/market_regime_routes.py:market_regime_page;app/routers/market_regime_routes.py:recalculate_run_market_regime_api;app/routers/market_regime_routes.py:run_market_regime_page;app/routers/run_routes.py:recalculate_fundamentals_action;app/routers/run_routes.py:refresh_all_ranking_profiles_action;app/routers/run_routes.py:refresh_combined_results_action;app/routers/run_routes.py:refresh_ranking_profile_action;app/routers/run_routes.py:refresh_technicals_action;app/routers/run_routes.py:resume_run_pipeline_action;app/routers/run_routes.py:run_full_pipeline_action;app/routers/sector_rotation_routes.py:api_sector_rotation;app/routers/sector_rotation_routes.py:api_sector_rotation_drilldown;app/routers/sector_rotation_routes.py:recalculate_run_sector_rotation_api;app/routers/sector_rotation_routes.py:sector_rotation_dashboard;app/routers/sector_rotation_routes.py:sector_rotation_drilldown;app/routers/setup_lifecycle_routes.py:evaluate_setup_lifecycle_run;app/routers/setup_lifecycle_routes.py:replay_setup_lifecycle;app/services/background_worker.py:_execute_full_pipeline_job;app/services/background_worker.py:_execute_sec_readiness_repair_job;app/services/ceri/batched_job_handlers.py:execute_run_finalize_job;app/services/ceri/capture_service.py:CeriRunCaptureService.capture_run;app/services/ceri/controlled_replay_service.py:CeriControlledReplayService.replay;app/services/ceri/decision_evidence.py:persist_ceri_decision_evidence;app/services/ceri/job_handlers.py:execute_capture_run_job;app/services/ceri/job_handlers.py:execute_normalize_job;app/services/ceri/job_handlers.py:execute_provider_ingest_job;app/services/ceri/job_handlers.py:execute_purge_licensed_data_job;app/services/ceri/job_handlers.py:execute_rebuild_features_job;app/services/ceri/purge_service.py:CeriPurgeService.execute;app/services/ceri/sec/readiness_repair.py:execute_sec_readiness_repair;app/services/ceri/sec/readiness_repair.py:schedule_sec_readiness_repair;app/services/ceri/snapshot_service.py:CeriSnapshotService.persist_snapshot;app/services/combined_decision.py:refresh_combined_results;app/services/core_calculation_evidence.py:persist_core_evidence;app/services/fundamental_score_service.py:recalculate_run_fundamentals;app/services/ib_market_intelligence/decision_evidence.py:persist_ibmi_feature_evidence;app/services/ib_market_intelligence/orchestration.py:execute_feature_rebuild;app/services/ib_market_intelligence/orchestration.py:execute_histogram_fetch;app/services/ib_market_intelligence/orchestration.py:execute_historical_refresh;app/services/ib_market_intelligence/orchestration.py:execute_live_snapshot;app/services/ib_market_intelligence/repository.py:persist_feature;app/services/market_regime_command_center.py:MarketRegimeCommandCenterService.build_snapshot;app/services/market_regime_repository.py:MarketRegimeRepository.upsert_snapshot;app/services/pipeline_executor.py:build_market_regime_snapshot_for_run;app/services/pipeline_executor.py:build_sector_rotation_snapshot_for_run;app/services/pipeline_executor.py:execute_full_pipeline;app/services/pipeline_service.py:enqueue_pipeline_after_sec_repair;app/services/pipeline_service.py:resume_pipeline;app/services/pipeline_service.py:start_pipeline;app/services/pre_enqueue_operational_gate.py:validate_pre_enqueue_operational_gate;app/services/ranking_profile_service.py:execute_ranking_pipeline_step;app/services/ranking_profile_service.py:refresh_all_ranking_profiles;app/services/ranking_profile_service.py:refresh_ranking_profile;app/services/sector_rotation_repository.py:SectorRotationRepository.save_snapshot;app/services/sector_rotation_service.py:SectorRotationService.build_sector_rotation_snapshot;app/services/sector_rotation_service.py:build_sector_rotation_snapshot;app/services/setup_lifecycle/decision_evidence.py:persist_lifecycle_evaluation_evidence;app/services/setup_lifecycle/decision_evidence.py:persist_setup_evidence;app/services/setup_lifecycle/episode_service.py:SetupLifecycleEpisodeService.apply_snapshot;app/services/setup_lifecycle/evaluation_service.py:SetupLifecycleEvaluationService.evaluate_run;app/services/setup_lifecycle/evaluation_service.py:evaluate_setup_lifecycles_for_run;app/services/setup_lifecycle/job_handlers.py:execute_evaluate_run_job;app/services/setup_lifecycle/job_handlers.py:execute_repair_ticker_job;app/services/setup_lifecycle/job_handlers.py:execute_replay_job;app/services/setup_lifecycle/maintenance_service.py:SetupLifecycleMaintenanceService.repair_ticker;app/services/setup_lifecycle/replay_service.py:SetupLifecycleReplayService.replay;app/services/setup_lifecycle/snapshot_builder.py:SetupLifecycleSnapshotCaptureService.capture_snapshots_for_run;app/services/setup_lifecycle/snapshot_builder.py:capture_snapshots_for_run;app/services/technical_score_service.py:TechnicalScoringOverlapCoordinator.finalize;app/services/technical_score_service.py:finalize_technical_scores;app/services/technical_score_service.py:score_run_technicals;scripts/ceri_run104_controlled_replay.py:main;scripts/certify_technical_artifact_cache.py:main;scripts/qa/certify_slse_natural.py:main;scripts/qa/rebuild_slse_dev_history.py:main,app/services/core_calculation_evidence.py:persist_core_evidence,WF_CORE_RETAINED_EVIDENCE,DOMAIN_SUPPORTING_STATE
app/services/core_calculation_evidence.py:persist_core_evidence,59,SHARED_DOMAIN_WRITER,CANONICAL_CALCULATION,core_calculation_evidence_sources,add,SHARED_LEDGER,app/services/core_calculation_evidence.py:persist_core_evidence,CALLER_SESSION; REVIEW_COMMIT_PATH,DURABLE_ONLY; ENTRY_PATH_REVIEW_REQUIRED,app/routers/ceri_routes.py:create_ceri_ingestion_run;app/routers/ceri_routes.py:execute_ceri_purge;app/routers/ceri_routes.py:preview_ceri_purge;app/routers/ceri_routes.py:recalculate_ceri;app/routers/ceri_routes.py:reprocess_ceri;app/routers/ib_market_intelligence_routes.py:queue_histogram;app/routers/ib_market_intelligence_routes.py:queue_historical;app/routers/ib_market_intelligence_routes.py:queue_live;app/routers/ib_market_intelligence_routes.py:queue_rebuild;app/routers/market_regime_routes.py:market_regime_page;app/routers/market_regime_routes.py:recalculate_run_market_regime_api;app/routers/market_regime_routes.py:run_market_regime_page;app/routers/run_routes.py:recalculate_fundamentals_action;app/routers/run_routes.py:refresh_all_ranking_profiles_action;app/routers/run_routes.py:refresh_combined_results_action;app/routers/run_routes.py:refresh_ranking_profile_action;app/routers/run_routes.py:refresh_technicals_action;app/routers/run_routes.py:resume_run_pipeline_action;app/routers/run_routes.py:run_full_pipeline_action;app/routers/sector_rotation_routes.py:api_sector_rotation;app/routers/sector_rotation_routes.py:api_sector_rotation_drilldown;app/routers/sector_rotation_routes.py:recalculate_run_sector_rotation_api;app/routers/sector_rotation_routes.py:sector_rotation_dashboard;app/routers/sector_rotation_routes.py:sector_rotation_drilldown;app/routers/setup_lifecycle_routes.py:evaluate_setup_lifecycle_run;app/routers/setup_lifecycle_routes.py:replay_setup_lifecycle;app/services/background_worker.py:_execute_full_pipeline_job;app/services/background_worker.py:_execute_sec_readiness_repair_job;app/services/ceri/batched_job_handlers.py:execute_run_finalize_job;app/services/ceri/capture_service.py:CeriRunCaptureService.capture_run;app/services/ceri/controlled_replay_service.py:CeriControlledReplayService.replay;app/services/ceri/decision_evidence.py:persist_ceri_decision_evidence;app/services/ceri/job_handlers.py:execute_capture_run_job;app/services/ceri/job_handlers.py:execute_normalize_job;app/services/ceri/job_handlers.py:execute_provider_ingest_job;app/services/ceri/job_handlers.py:execute_purge_licensed_data_job;app/services/ceri/job_handlers.py:execute_rebuild_features_job;app/services/ceri/purge_service.py:CeriPurgeService.execute;app/services/ceri/sec/readiness_repair.py:execute_sec_readiness_repair;app/services/ceri/sec/readiness_repair.py:schedule_sec_readiness_repair;app/services/ceri/snapshot_service.py:CeriSnapshotService.persist_snapshot;app/services/combined_decision.py:refresh_combined_results;app/services/core_calculation_evidence.py:persist_core_evidence;app/services/fundamental_score_service.py:recalculate_run_fundamentals;app/services/ib_market_intelligence/decision_evidence.py:persist_ibmi_feature_evidence;app/services/ib_market_intelligence/orchestration.py:execute_feature_rebuild;app/services/ib_market_intelligence/orchestration.py:execute_histogram_fetch;app/services/ib_market_intelligence/orchestration.py:execute_historical_refresh;app/services/ib_market_intelligence/orchestration.py:execute_live_snapshot;app/services/ib_market_intelligence/repository.py:persist_feature;app/services/market_regime_command_center.py:MarketRegimeCommandCenterService.build_snapshot;app/services/market_regime_repository.py:MarketRegimeRepository.upsert_snapshot;app/services/pipeline_executor.py:build_market_regime_snapshot_for_run;app/services/pipeline_executor.py:build_sector_rotation_snapshot_for_run;app/services/pipeline_executor.py:execute_full_pipeline;app/services/pipeline_service.py:enqueue_pipeline_after_sec_repair;app/services/pipeline_service.py:resume_pipeline;app/services/pipeline_service.py:start_pipeline;app/services/pre_enqueue_operational_gate.py:validate_pre_enqueue_operational_gate;app/services/ranking_profile_service.py:execute_ranking_pipeline_step;app/services/ranking_profile_service.py:refresh_all_ranking_profiles;app/services/ranking_profile_service.py:refresh_ranking_profile;app/services/sector_rotation_repository.py:SectorRotationRepository.save_snapshot;app/services/sector_rotation_service.py:SectorRotationService.build_sector_rotation_snapshot;app/services/sector_rotation_service.py:build_sector_rotation_snapshot;app/services/setup_lifecycle/decision_evidence.py:persist_lifecycle_evaluation_evidence;app/services/setup_lifecycle/decision_evidence.py:persist_setup_evidence;app/services/setup_lifecycle/episode_service.py:SetupLifecycleEpisodeService.apply_snapshot;app/services/setup_lifecycle/evaluation_service.py:SetupLifecycleEvaluationService.evaluate_run;app/services/setup_lifecycle/evaluation_service.py:evaluate_setup_lifecycles_for_run;app/services/setup_lifecycle/job_handlers.py:execute_evaluate_run_job;app/services/setup_lifecycle/job_handlers.py:execute_repair_ticker_job;app/services/setup_lifecycle/job_handlers.py:execute_replay_job;app/services/setup_lifecycle/maintenance_service.py:SetupLifecycleMaintenanceService.repair_ticker;app/services/setup_lifecycle/replay_service.py:SetupLifecycleReplayService.replay;app/services/setup_lifecycle/snapshot_builder.py:SetupLifecycleSnapshotCaptureService.capture_snapshots_for_run;app/services/setup_lifecycle/snapshot_builder.py:capture_snapshots_for_run;app/services/technical_score_service.py:TechnicalScoringOverlapCoordinator.finalize;app/services/technical_score_service.py:finalize_technical_scores;app/services/technical_score_service.py:score_run_technicals;scripts/ceri_run104_controlled_replay.py:main;scripts/certify_technical_artifact_cache.py:main;scripts/qa/certify_slse_natural.py:main;scripts/qa/rebuild_slse_dev_history.py:main,app/services/core_calculation_evidence.py:persist_core_evidence,WF_CORE_RETAINED_EVIDENCE,DOMAIN_SUPPORTING_STATE
app/services/fundamental_score_service.py:recalculate_run_fundamentals,21,SHARED_DOMAIN_WRITER,CANONICAL_CALCULATION,fundamental_scores,add_all;execute,FUNDAMENTAL,app/services/fundamental_score_service.py:recalculate_run_fundamentals,CALLER_SESSION; REVIEW_COMMIT_PATH,DURABLE_ONLY; ENTRY_PATH_REVIEW_REQUIRED,app/routers/run_routes.py:recalculate_fundamentals_action;app/routers/run_routes.py:resume_run_pipeline_action;app/routers/run_routes.py:run_full_pipeline_action;app/services/background_worker.py:_execute_full_pipeline_job;app/services/background_worker.py:_execute_sec_readiness_repair_job;app/services/ceri/sec/readiness_repair.py:execute_sec_readiness_repair;app/services/ceri/sec/readiness_repair.py:schedule_sec_readiness_repair;app/services/fundamental_score_service.py:recalculate_run_fundamentals;app/services/pipeline_executor.py:execute_full_pipeline;app/services/pipeline_service.py:enqueue_pipeline_after_sec_repair;app/services/pipeline_service.py:resume_pipeline;app/services/pipeline_service.py:start_pipeline;app/services/pre_enqueue_operational_gate.py:validate_pre_enqueue_operational_gate,app/services/fundamental_score_service.py:recalculate_run_fundamentals,WF_FUNDAMENTAL_RECALCULATION,CONFIRMED_BYPASS
app/services/ib_contract_resolver.py:_clear_contract_identity,130,SHARED_DOMAIN_WRITER,CANONICAL_CALCULATION,ib_contracts,,IBMI_SOURCE,app/services/ib_contract_resolver.py:resolve_us_stock_contract,CALLER_SESSION; REVIEW_COMMIT_PATH,DURABLE_ONLY; ENTRY_PATH_REVIEW_REQUIRED,app/routers/ib_market_intelligence_routes.py:queue_histogram;app/routers/ib_market_intelligence_routes.py:queue_historical;app/routers/ib_market_intelligence_routes.py:queue_live;app/routers/ib_routes.py:fetch_bars;app/routers/ib_routes.py:resolve_ticker;app/routers/market_data_routes.py:queue_market_data_prewarm;app/routers/run_routes.py:fetch_run_ib_bars_action;app/routers/run_routes.py:resume_run_ib_fetch_action;app/routers/run_routes.py:resume_run_pipeline_action;app/routers/run_routes.py:retry_failed_run_ib_fetch_action;app/routers/run_routes.py:run_full_pipeline_action;app/services/background_worker.py:_execute_full_pipeline_job;app/services/background_worker.py:_execute_sec_readiness_repair_job;app/services/bar_cache_service.py:ensure_daily_bars;app/services/ceri/sec/readiness_repair.py:execute_sec_readiness_repair;app/services/ceri/sec/readiness_repair.py:schedule_sec_readiness_repair;app/services/ib_contract_resolver.py:resolve_us_stock_contract;app/services/ib_fetch_executor.py:execute_fetch_plan;app/services/ib_fetch_job_service.py:execute_durable_fetch_job;app/services/ib_fetch_job_service.py:submit_fetch_job;app/services/ib_market_intelligence/orchestration.py:execute_histogram_fetch;app/services/ib_market_intelligence/orchestration.py:execute_historical_refresh;app/services/ib_market_intelligence/orchestration.py:execute_live_snapshot;app/services/market_data_prewarm_service.py:enqueue_market_data_prewarm;app/services/market_data_prewarm_service.py:execute_market_data_prewarm;app/services/market_data_prewarm_service.py:execute_market_data_prewarm_job;app/services/pipeline_executor.py:execute_full_pipeline;app/services/pipeline_service.py:enqueue_pipeline_after_sec_repair;app/services/pipeline_service.py:resume_pipeline;app/services/pipeline_service.py:start_pipeline;app/services/pre_enqueue_operational_gate.py:validate_pre_enqueue_operational_gate;scripts/validate_ib_market_intelligence.py:main;scripts/winner_ib_request_scope_canary.py:main,app/services/ib_contract_resolver.py:_clear_contract_identity,WF_IB_CONTRACT_IDENTITY,DOMAIN_SUPPORTING_STATE
app/services/ib_contract_resolver.py:_mark_ambiguous,107,SHARED_DOMAIN_WRITER,CANONICAL_CALCULATION,ib_contracts,,IBMI_SOURCE,app/services/ib_contract_resolver.py:resolve_us_stock_contract,CALLER_SESSION; REVIEW_COMMIT_PATH,DURABLE_ONLY; ENTRY_PATH_REVIEW_REQUIRED,app/routers/ib_market_intelligence_routes.py:queue_histogram;app/routers/ib_market_intelligence_routes.py:queue_historical;app/routers/ib_market_intelligence_routes.py:queue_live;app/routers/ib_routes.py:fetch_bars;app/routers/ib_routes.py:resolve_ticker;app/routers/market_data_routes.py:queue_market_data_prewarm;app/routers/run_routes.py:fetch_run_ib_bars_action;app/routers/run_routes.py:resume_run_ib_fetch_action;app/routers/run_routes.py:resume_run_pipeline_action;app/routers/run_routes.py:retry_failed_run_ib_fetch_action;app/routers/run_routes.py:run_full_pipeline_action;app/services/background_worker.py:_execute_full_pipeline_job;app/services/background_worker.py:_execute_sec_readiness_repair_job;app/services/bar_cache_service.py:ensure_daily_bars;app/services/ceri/sec/readiness_repair.py:execute_sec_readiness_repair;app/services/ceri/sec/readiness_repair.py:schedule_sec_readiness_repair;app/services/ib_contract_resolver.py:resolve_us_stock_contract;app/services/ib_fetch_executor.py:execute_fetch_plan;app/services/ib_fetch_job_service.py:execute_durable_fetch_job;app/services/ib_fetch_job_service.py:submit_fetch_job;app/services/ib_market_intelligence/orchestration.py:execute_histogram_fetch;app/services/ib_market_intelligence/orchestration.py:execute_historical_refresh;app/services/ib_market_intelligence/orchestration.py:execute_live_snapshot;app/services/market_data_prewarm_service.py:enqueue_market_data_prewarm;app/services/market_data_prewarm_service.py:execute_market_data_prewarm;app/services/market_data_prewarm_service.py:execute_market_data_prewarm_job;app/services/pipeline_executor.py:execute_full_pipeline;app/services/pipeline_service.py:enqueue_pipeline_after_sec_repair;app/services/pipeline_service.py:resume_pipeline;app/services/pipeline_service.py:start_pipeline;app/services/pre_enqueue_operational_gate.py:validate_pre_enqueue_operational_gate;scripts/validate_ib_market_intelligence.py:main;scripts/winner_ib_request_scope_canary.py:main,app/services/ib_contract_resolver.py:_mark_ambiguous,WF_IB_CONTRACT_IDENTITY,DOMAIN_SUPPORTING_STATE
app/services/ib_contract_resolver.py:_mark_failed,92,SHARED_DOMAIN_WRITER,CANONICAL_CALCULATION,ib_contracts,,IBMI_SOURCE,app/services/ib_contract_resolver.py:resolve_us_stock_contract,CALLER_SESSION; REVIEW_COMMIT_PATH,DURABLE_ONLY; ENTRY_PATH_REVIEW_REQUIRED,app/routers/ib_market_intelligence_routes.py:queue_histogram;app/routers/ib_market_intelligence_routes.py:queue_historical;app/routers/ib_market_intelligence_routes.py:queue_live;app/routers/ib_routes.py:fetch_bars;app/routers/ib_routes.py:resolve_ticker;app/routers/market_data_routes.py:queue_market_data_prewarm;app/routers/run_routes.py:fetch_run_ib_bars_action;app/routers/run_routes.py:resume_run_ib_fetch_action;app/routers/run_routes.py:resume_run_pipeline_action;app/routers/run_routes.py:retry_failed_run_ib_fetch_action;app/routers/run_routes.py:run_full_pipeline_action;app/services/background_worker.py:_execute_full_pipeline_job;app/services/background_worker.py:_execute_sec_readiness_repair_job;app/services/bar_cache_service.py:ensure_daily_bars;app/services/ceri/sec/readiness_repair.py:execute_sec_readiness_repair;app/services/ceri/sec/readiness_repair.py:schedule_sec_readiness_repair;app/services/ib_contract_resolver.py:resolve_us_stock_contract;app/services/ib_fetch_executor.py:execute_fetch_plan;app/services/ib_fetch_job_service.py:execute_durable_fetch_job;app/services/ib_fetch_job_service.py:submit_fetch_job;app/services/ib_market_intelligence/orchestration.py:execute_histogram_fetch;app/services/ib_market_intelligence/orchestration.py:execute_historical_refresh;app/services/ib_market_intelligence/orchestration.py:execute_live_snapshot;app/services/market_data_prewarm_service.py:enqueue_market_data_prewarm;app/services/market_data_prewarm_service.py:execute_market_data_prewarm;app/services/market_data_prewarm_service.py:execute_market_data_prewarm_job;app/services/pipeline_executor.py:execute_full_pipeline;app/services/pipeline_service.py:enqueue_pipeline_after_sec_repair;app/services/pipeline_service.py:resume_pipeline;app/services/pipeline_service.py:start_pipeline;app/services/pre_enqueue_operational_gate.py:validate_pre_enqueue_operational_gate;scripts/validate_ib_market_intelligence.py:main;scripts/winner_ib_request_scope_canary.py:main,app/services/ib_contract_resolver.py:_mark_failed,WF_IB_CONTRACT_IDENTITY,DOMAIN_SUPPORTING_STATE
app/services/ib_contract_resolver.py:resolve_us_stock_contract,40,SHARED_DOMAIN_WRITER,CANONICAL_CALCULATION,ib_contracts,add,IBMI_SOURCE,app/services/ib_contract_resolver.py:resolve_us_stock_contract,CALLER_SESSION; REVIEW_COMMIT_PATH,DURABLE_ONLY; ENTRY_PATH_REVIEW_REQUIRED,app/routers/ib_market_intelligence_routes.py:queue_histogram;app/routers/ib_market_intelligence_routes.py:queue_historical;app/routers/ib_market_intelligence_routes.py:queue_live;app/routers/ib_routes.py:fetch_bars;app/routers/ib_routes.py:resolve_ticker;app/routers/market_data_routes.py:queue_market_data_prewarm;app/routers/run_routes.py:fetch_run_ib_bars_action;app/routers/run_routes.py:resume_run_ib_fetch_action;app/routers/run_routes.py:resume_run_pipeline_action;app/routers/run_routes.py:retry_failed_run_ib_fetch_action;app/routers/run_routes.py:run_full_pipeline_action;app/services/background_worker.py:_execute_full_pipeline_job;app/services/background_worker.py:_execute_sec_readiness_repair_job;app/services/bar_cache_service.py:ensure_daily_bars;app/services/ceri/sec/readiness_repair.py:execute_sec_readiness_repair;app/services/ceri/sec/readiness_repair.py:schedule_sec_readiness_repair;app/services/ib_contract_resolver.py:resolve_us_stock_contract;app/services/ib_fetch_executor.py:execute_fetch_plan;app/services/ib_fetch_job_service.py:execute_durable_fetch_job;app/services/ib_fetch_job_service.py:submit_fetch_job;app/services/ib_market_intelligence/orchestration.py:execute_histogram_fetch;app/services/ib_market_intelligence/orchestration.py:execute_historical_refresh;app/services/ib_market_intelligence/orchestration.py:execute_live_snapshot;app/services/market_data_prewarm_service.py:enqueue_market_data_prewarm;app/services/market_data_prewarm_service.py:execute_market_data_prewarm;app/services/market_data_prewarm_service.py:execute_market_data_prewarm_job;app/services/pipeline_executor.py:execute_full_pipeline;app/services/pipeline_service.py:enqueue_pipeline_after_sec_repair;app/services/pipeline_service.py:resume_pipeline;app/services/pipeline_service.py:start_pipeline;app/services/pre_enqueue_operational_gate.py:validate_pre_enqueue_operational_gate;scripts/validate_ib_market_intelligence.py:main;scripts/winner_ib_request_scope_canary.py:main,app/services/ib_contract_resolver.py:resolve_us_stock_contract,WF_IB_CONTRACT_IDENTITY,DOMAIN_SUPPORTING_STATE
app/services/ib_fetch_executor.py:_execute_plan_item,420,OPERATIONAL_WRITER,OPERATIONAL,ib_fetch_items,,OPERATIONAL,NOT_APPLICABLE,CALLER_SESSION; REVIEW_COMMIT_PATH,DURABLE_ONLY; ENTRY_PATH_REVIEW_REQUIRED,app/routers/ib_routes.py:fetch_bars;app/routers/market_data_routes.py:queue_market_data_prewarm;app/routers/run_routes.py:fetch_run_ib_bars_action;app/routers/run_routes.py:resume_run_ib_fetch_action;app/routers/run_routes.py:resume_run_pipeline_action;app/routers/run_routes.py:retry_failed_run_ib_fetch_action;app/routers/run_routes.py:run_full_pipeline_action;app/services/background_worker.py:_execute_full_pipeline_job;app/services/background_worker.py:_execute_sec_readiness_repair_job;app/services/ceri/sec/readiness_repair.py:execute_sec_readiness_repair;app/services/ceri/sec/readiness_repair.py:schedule_sec_readiness_repair;app/services/ib_fetch_executor.py:execute_fetch_plan;app/services/ib_fetch_job_service.py:execute_durable_fetch_job;app/services/ib_fetch_job_service.py:submit_fetch_job;app/services/market_data_prewarm_service.py:enqueue_market_data_prewarm;app/services/market_data_prewarm_service.py:execute_market_data_prewarm;app/services/market_data_prewarm_service.py:execute_market_data_prewarm_job;app/services/pipeline_executor.py:execute_full_pipeline;app/services/pipeline_service.py:enqueue_pipeline_after_sec_repair;app/services/pipeline_service.py:resume_pipeline;app/services/pipeline_service.py:start_pipeline;app/services/pre_enqueue_operational_gate.py:validate_pre_enqueue_operational_gate;scripts/winner_ib_request_scope_canary.py:main,app/services/ib_fetch_executor.py:_execute_plan_item,OPERATIONAL_ONLY,OPERATIONAL_WRITER
app/services/ib_fetch_executor.py:_increment_run_totals,948,OPERATIONAL_WRITER,OPERATIONAL,ib_fetch_runs,,OPERATIONAL,NOT_APPLICABLE,CALLER_SESSION; REVIEW_COMMIT_PATH,DURABLE_ONLY; ENTRY_PATH_REVIEW_REQUIRED,app/routers/ib_routes.py:fetch_bars;app/routers/market_data_routes.py:queue_market_data_prewarm;app/routers/run_routes.py:fetch_run_ib_bars_action;app/routers/run_routes.py:resume_run_ib_fetch_action;app/routers/run_routes.py:resume_run_pipeline_action;app/routers/run_routes.py:retry_failed_run_ib_fetch_action;app/routers/run_routes.py:run_full_pipeline_action;app/services/background_worker.py:_execute_full_pipeline_job;app/services/background_worker.py:_execute_sec_readiness_repair_job;app/services/ceri/sec/readiness_repair.py:execute_sec_readiness_repair;app/services/ceri/sec/readiness_repair.py:schedule_sec_readiness_repair;app/services/ib_fetch_executor.py:execute_fetch_plan;app/services/ib_fetch_job_service.py:execute_durable_fetch_job;app/services/ib_fetch_job_service.py:submit_fetch_job;app/services/market_data_prewarm_service.py:enqueue_market_data_prewarm;app/services/market_data_prewarm_service.py:execute_market_data_prewarm;app/services/market_data_prewarm_service.py:execute_market_data_prewarm_job;app/services/pipeline_executor.py:execute_full_pipeline;app/services/pipeline_service.py:enqueue_pipeline_after_sec_repair;app/services/pipeline_service.py:resume_pipeline;app/services/pipeline_service.py:start_pipeline;app/services/pre_enqueue_operational_gate.py:validate_pre_enqueue_operational_gate;scripts/winner_ib_request_scope_canary.py:main,app/services/ib_fetch_executor.py:_increment_run_totals,OPERATIONAL_ONLY,OPERATIONAL_WRITER
app/services/ib_fetch_executor.py:_mark_failed,929,OPERATIONAL_WRITER,OPERATIONAL,ib_fetch_items,,OPERATIONAL,NOT_APPLICABLE,CALLER_SESSION; REVIEW_COMMIT_PATH,DURABLE_ONLY; ENTRY_PATH_REVIEW_REQUIRED,app/routers/ib_routes.py:fetch_bars;app/routers/market_data_routes.py:queue_market_data_prewarm;app/routers/run_routes.py:fetch_run_ib_bars_action;app/routers/run_routes.py:resume_run_ib_fetch_action;app/routers/run_routes.py:resume_run_pipeline_action;app/routers/run_routes.py:retry_failed_run_ib_fetch_action;app/routers/run_routes.py:run_full_pipeline_action;app/services/background_worker.py:_execute_full_pipeline_job;app/services/background_worker.py:_execute_sec_readiness_repair_job;app/services/ceri/sec/readiness_repair.py:execute_sec_readiness_repair;app/services/ceri/sec/readiness_repair.py:schedule_sec_readiness_repair;app/services/ib_fetch_executor.py:execute_fetch_plan;app/services/ib_fetch_job_service.py:execute_durable_fetch_job;app/services/ib_fetch_job_service.py:submit_fetch_job;app/services/market_data_prewarm_service.py:enqueue_market_data_prewarm;app/services/market_data_prewarm_service.py:execute_market_data_prewarm;app/services/market_data_prewarm_service.py:execute_market_data_prewarm_job;app/services/pipeline_executor.py:execute_full_pipeline;app/services/pipeline_service.py:enqueue_pipeline_after_sec_repair;app/services/pipeline_service.py:resume_pipeline;app/services/pipeline_service.py:start_pipeline;app/services/pre_enqueue_operational_gate.py:validate_pre_enqueue_operational_gate;scripts/winner_ib_request_scope_canary.py:main,app/services/ib_fetch_executor.py:_mark_failed,OPERATIONAL_ONLY,OPERATIONAL_WRITER
app/services/ib_fetch_executor.py:_mark_run_cancelled,935,OPERATIONAL_WRITER,OPERATIONAL,ib_fetch_runs,,OPERATIONAL,NOT_APPLICABLE,CALLER_SESSION; REVIEW_COMMIT_PATH,DURABLE_ONLY; ENTRY_PATH_REVIEW_REQUIRED,app/routers/ib_routes.py:fetch_bars;app/routers/market_data_routes.py:queue_market_data_prewarm;app/routers/run_routes.py:fetch_run_ib_bars_action;app/routers/run_routes.py:resume_run_ib_fetch_action;app/routers/run_routes.py:resume_run_pipeline_action;app/routers/run_routes.py:retry_failed_run_ib_fetch_action;app/routers/run_routes.py:run_full_pipeline_action;app/services/background_worker.py:_execute_full_pipeline_job;app/services/background_worker.py:_execute_sec_readiness_repair_job;app/services/ceri/sec/readiness_repair.py:execute_sec_readiness_repair;app/services/ceri/sec/readiness_repair.py:schedule_sec_readiness_repair;app/services/ib_fetch_executor.py:execute_fetch_plan;app/services/ib_fetch_job_service.py:execute_durable_fetch_job;app/services/ib_fetch_job_service.py:submit_fetch_job;app/services/market_data_prewarm_service.py:enqueue_market_data_prewarm;app/services/market_data_prewarm_service.py:execute_market_data_prewarm;app/services/market_data_prewarm_service.py:execute_market_data_prewarm_job;app/services/pipeline_executor.py:execute_full_pipeline;app/services/pipeline_service.py:enqueue_pipeline_after_sec_repair;app/services/pipeline_service.py:resume_pipeline;app/services/pipeline_service.py:start_pipeline;app/services/pre_enqueue_operational_gate.py:validate_pre_enqueue_operational_gate;scripts/winner_ib_request_scope_canary.py:main,app/services/ib_fetch_executor.py:_mark_run_cancelled,OPERATIONAL_ONLY,OPERATIONAL_WRITER
app/services/ib_fetch_executor.py:_mark_skipped,923,OPERATIONAL_WRITER,OPERATIONAL,ib_fetch_items,,OPERATIONAL,NOT_APPLICABLE,CALLER_SESSION; REVIEW_COMMIT_PATH,DURABLE_ONLY; ENTRY_PATH_REVIEW_REQUIRED,app/routers/ib_routes.py:fetch_bars;app/routers/market_data_routes.py:queue_market_data_prewarm;app/routers/run_routes.py:fetch_run_ib_bars_action;app/routers/run_routes.py:resume_run_ib_fetch_action;app/routers/run_routes.py:resume_run_pipeline_action;app/routers/run_routes.py:retry_failed_run_ib_fetch_action;app/routers/run_routes.py:run_full_pipeline_action;app/services/background_worker.py:_execute_full_pipeline_job;app/services/background_worker.py:_execute_sec_readiness_repair_job;app/services/ceri/sec/readiness_repair.py:execute_sec_readiness_repair;app/services/ceri/sec/readiness_repair.py:schedule_sec_readiness_repair;app/services/ib_fetch_executor.py:execute_fetch_plan;app/services/ib_fetch_job_service.py:execute_durable_fetch_job;app/services/ib_fetch_job_service.py:submit_fetch_job;app/services/market_data_prewarm_service.py:enqueue_market_data_prewarm;app/services/market_data_prewarm_service.py:execute_market_data_prewarm;app/services/market_data_prewarm_service.py:execute_market_data_prewarm_job;app/services/pipeline_executor.py:execute_full_pipeline;app/services/pipeline_service.py:enqueue_pipeline_after_sec_repair;app/services/pipeline_service.py:resume_pipeline;app/services/pipeline_service.py:start_pipeline;app/services/pre_enqueue_operational_gate.py:validate_pre_enqueue_operational_gate;scripts/winner_ib_request_scope_canary.py:main,app/services/ib_fetch_executor.py:_mark_skipped,OPERATIONAL_ONLY,OPERATIONAL_WRITER
app/services/ib_fetch_executor.py:_open_historical_circuit,815,OPERATIONAL_WRITER,OPERATIONAL,ib_fetch_items,add,OPERATIONAL,NOT_APPLICABLE,CALLER_SESSION; REVIEW_COMMIT_PATH,DURABLE_ONLY; ENTRY_PATH_REVIEW_REQUIRED,app/routers/ib_routes.py:fetch_bars;app/routers/market_data_routes.py:queue_market_data_prewarm;app/routers/run_routes.py:fetch_run_ib_bars_action;app/routers/run_routes.py:resume_run_ib_fetch_action;app/routers/run_routes.py:resume_run_pipeline_action;app/routers/run_routes.py:retry_failed_run_ib_fetch_action;app/routers/run_routes.py:run_full_pipeline_action;app/services/background_worker.py:_execute_full_pipeline_job;app/services/background_worker.py:_execute_sec_readiness_repair_job;app/services/ceri/sec/readiness_repair.py:execute_sec_readiness_repair;app/services/ceri/sec/readiness_repair.py:schedule_sec_readiness_repair;app/services/ib_fetch_executor.py:execute_fetch_plan;app/services/ib_fetch_job_service.py:execute_durable_fetch_job;app/services/ib_fetch_job_service.py:submit_fetch_job;app/services/market_data_prewarm_service.py:enqueue_market_data_prewarm;app/services/market_data_prewarm_service.py:execute_market_data_prewarm;app/services/market_data_prewarm_service.py:execute_market_data_prewarm_job;app/services/pipeline_executor.py:execute_full_pipeline;app/services/pipeline_service.py:enqueue_pipeline_after_sec_repair;app/services/pipeline_service.py:resume_pipeline;app/services/pipeline_service.py:start_pipeline;app/services/pre_enqueue_operational_gate.py:validate_pre_enqueue_operational_gate;scripts/winner_ib_request_scope_canary.py:main,app/services/ib_fetch_executor.py:_open_historical_circuit,OPERATIONAL_ONLY,OPERATIONAL_WRITER
app/services/ib_fetch_executor.py:_open_historical_circuit,815,OPERATIONAL_WRITER,OPERATIONAL,ib_fetch_runs,add,OPERATIONAL,NOT_APPLICABLE,CALLER_SESSION; REVIEW_COMMIT_PATH,DURABLE_ONLY; ENTRY_PATH_REVIEW_REQUIRED,app/routers/ib_routes.py:fetch_bars;app/routers/market_data_routes.py:queue_market_data_prewarm;app/routers/run_routes.py:fetch_run_ib_bars_action;app/routers/run_routes.py:resume_run_ib_fetch_action;app/routers/run_routes.py:resume_run_pipeline_action;app/routers/run_routes.py:retry_failed_run_ib_fetch_action;app/routers/run_routes.py:run_full_pipeline_action;app/services/background_worker.py:_execute_full_pipeline_job;app/services/background_worker.py:_execute_sec_readiness_repair_job;app/services/ceri/sec/readiness_repair.py:execute_sec_readiness_repair;app/services/ceri/sec/readiness_repair.py:schedule_sec_readiness_repair;app/services/ib_fetch_executor.py:execute_fetch_plan;app/services/ib_fetch_job_service.py:execute_durable_fetch_job;app/services/ib_fetch_job_service.py:submit_fetch_job;app/services/market_data_prewarm_service.py:enqueue_market_data_prewarm;app/services/market_data_prewarm_service.py:execute_market_data_prewarm;app/services/market_data_prewarm_service.py:execute_market_data_prewarm_job;app/services/pipeline_executor.py:execute_full_pipeline;app/services/pipeline_service.py:enqueue_pipeline_after_sec_repair;app/services/pipeline_service.py:resume_pipeline;app/services/pipeline_service.py:start_pipeline;app/services/pre_enqueue_operational_gate.py:validate_pre_enqueue_operational_gate;scripts/winner_ib_request_scope_canary.py:main,app/services/ib_fetch_executor.py:_open_historical_circuit,OPERATIONAL_ONLY,OPERATIONAL_WRITER
app/services/ib_fetch_executor.py:_refresh_run_totals,969,OPERATIONAL_WRITER,OPERATIONAL,ib_fetch_runs,,OPERATIONAL,NOT_APPLICABLE,CALLER_SESSION; REVIEW_COMMIT_PATH,DURABLE_ONLY; ENTRY_PATH_REVIEW_REQUIRED,app/routers/ib_routes.py:fetch_bars;app/routers/market_data_routes.py:queue_market_data_prewarm;app/routers/run_routes.py:fetch_run_ib_bars_action;app/routers/run_routes.py:resume_run_ib_fetch_action;app/routers/run_routes.py:resume_run_pipeline_action;app/routers/run_routes.py:retry_failed_run_ib_fetch_action;app/routers/run_routes.py:run_full_pipeline_action;app/services/background_worker.py:_execute_full_pipeline_job;app/services/background_worker.py:_execute_sec_readiness_repair_job;app/services/ceri/sec/readiness_repair.py:execute_sec_readiness_repair;app/services/ceri/sec/readiness_repair.py:schedule_sec_readiness_repair;app/services/ib_fetch_executor.py:execute_fetch_plan;app/services/ib_fetch_job_service.py:execute_durable_fetch_job;app/services/ib_fetch_job_service.py:submit_fetch_job;app/services/market_data_prewarm_service.py:enqueue_market_data_prewarm;app/services/market_data_prewarm_service.py:execute_market_data_prewarm;app/services/market_data_prewarm_service.py:execute_market_data_prewarm_job;app/services/pipeline_executor.py:execute_full_pipeline;app/services/pipeline_service.py:enqueue_pipeline_after_sec_repair;app/services/pipeline_service.py:resume_pipeline;app/services/pipeline_service.py:start_pipeline;app/services/pre_enqueue_operational_gate.py:validate_pre_enqueue_operational_gate;scripts/winner_ib_request_scope_canary.py:main,app/services/ib_fetch_executor.py:_refresh_run_totals,OPERATIONAL_ONLY,OPERATIONAL_WRITER
app/services/ib_fetch_executor.py:_reset_interrupted_item,401,OPERATIONAL_WRITER,OPERATIONAL,ib_fetch_items,,OPERATIONAL,NOT_APPLICABLE,CALLER_SESSION; REVIEW_COMMIT_PATH,DURABLE_ONLY; ENTRY_PATH_REVIEW_REQUIRED,app/routers/ib_routes.py:fetch_bars;app/routers/market_data_routes.py:queue_market_data_prewarm;app/routers/run_routes.py:fetch_run_ib_bars_action;app/routers/run_routes.py:resume_run_ib_fetch_action;app/routers/run_routes.py:resume_run_pipeline_action;app/routers/run_routes.py:retry_failed_run_ib_fetch_action;app/routers/run_routes.py:run_full_pipeline_action;app/services/background_worker.py:_execute_full_pipeline_job;app/services/background_worker.py:_execute_sec_readiness_repair_job;app/services/ceri/sec/readiness_repair.py:execute_sec_readiness_repair;app/services/ceri/sec/readiness_repair.py:schedule_sec_readiness_repair;app/services/ib_fetch_executor.py:execute_fetch_plan;app/services/ib_fetch_job_service.py:execute_durable_fetch_job;app/services/ib_fetch_job_service.py:submit_fetch_job;app/services/market_data_prewarm_service.py:enqueue_market_data_prewarm;app/services/market_data_prewarm_service.py:execute_market_data_prewarm;app/services/market_data_prewarm_service.py:execute_market_data_prewarm_job;app/services/pipeline_executor.py:execute_full_pipeline;app/services/pipeline_service.py:enqueue_pipeline_after_sec_repair;app/services/pipeline_service.py:resume_pipeline;app/services/pipeline_service.py:start_pipeline;app/services/pre_enqueue_operational_gate.py:validate_pre_enqueue_operational_gate;scripts/winner_ib_request_scope_canary.py:main,app/services/ib_fetch_executor.py:_reset_interrupted_item,OPERATIONAL_ONLY,OPERATIONAL_WRITER
app/services/ib_fetch_executor.py:_start_fetch_run,304,OPERATIONAL_WRITER,OPERATIONAL,ib_fetch_runs,add,OPERATIONAL,NOT_APPLICABLE,CALLER_SESSION; REVIEW_COMMIT_PATH,DURABLE_ONLY; ENTRY_PATH_REVIEW_REQUIRED,app/routers/ib_routes.py:fetch_bars;app/routers/market_data_routes.py:queue_market_data_prewarm;app/routers/run_routes.py:fetch_run_ib_bars_action;app/routers/run_routes.py:resume_run_ib_fetch_action;app/routers/run_routes.py:resume_run_pipeline_action;app/routers/run_routes.py:retry_failed_run_ib_fetch_action;app/routers/run_routes.py:run_full_pipeline_action;app/services/background_worker.py:_execute_full_pipeline_job;app/services/background_worker.py:_execute_sec_readiness_repair_job;app/services/ceri/sec/readiness_repair.py:execute_sec_readiness_repair;app/services/ceri/sec/readiness_repair.py:schedule_sec_readiness_repair;app/services/ib_fetch_executor.py:execute_fetch_plan;app/services/ib_fetch_job_service.py:execute_durable_fetch_job;app/services/ib_fetch_job_service.py:submit_fetch_job;app/services/market_data_prewarm_service.py:enqueue_market_data_prewarm;app/services/market_data_prewarm_service.py:execute_market_data_prewarm;app/services/market_data_prewarm_service.py:execute_market_data_prewarm_job;app/services/pipeline_executor.py:execute_full_pipeline;app/services/pipeline_service.py:enqueue_pipeline_after_sec_repair;app/services/pipeline_service.py:resume_pipeline;app/services/pipeline_service.py:start_pipeline;app/services/pre_enqueue_operational_gate.py:validate_pre_enqueue_operational_gate;scripts/winner_ib_request_scope_canary.py:main,app/services/ib_fetch_executor.py:_start_fetch_run,OPERATIONAL_ONLY,OPERATIONAL_WRITER
app/services/ib_fetch_executor.py:execute_fetch_plan,71,OPERATIONAL_WRITER,OPERATIONAL,ib_fetch_items,,OPERATIONAL,NOT_APPLICABLE,CALLER_SESSION; REVIEW_COMMIT_PATH,DURABLE_ONLY; ENTRY_PATH_REVIEW_REQUIRED,app/routers/ib_routes.py:fetch_bars;app/routers/market_data_routes.py:queue_market_data_prewarm;app/routers/run_routes.py:fetch_run_ib_bars_action;app/routers/run_routes.py:resume_run_ib_fetch_action;app/routers/run_routes.py:resume_run_pipeline_action;app/routers/run_routes.py:retry_failed_run_ib_fetch_action;app/routers/run_routes.py:run_full_pipeline_action;app/services/background_worker.py:_execute_full_pipeline_job;app/services/background_worker.py:_execute_sec_readiness_repair_job;app/services/ceri/sec/readiness_repair.py:execute_sec_readiness_repair;app/services/ceri/sec/readiness_repair.py:schedule_sec_readiness_repair;app/services/ib_fetch_executor.py:execute_fetch_plan;app/services/ib_fetch_job_service.py:execute_durable_fetch_job;app/services/ib_fetch_job_service.py:submit_fetch_job;app/services/market_data_prewarm_service.py:enqueue_market_data_prewarm;app/services/market_data_prewarm_service.py:execute_market_data_prewarm;app/services/market_data_prewarm_service.py:execute_market_data_prewarm_job;app/services/pipeline_executor.py:execute_full_pipeline;app/services/pipeline_service.py:enqueue_pipeline_after_sec_repair;app/services/pipeline_service.py:resume_pipeline;app/services/pipeline_service.py:start_pipeline;app/services/pre_enqueue_operational_gate.py:validate_pre_enqueue_operational_gate;scripts/winner_ib_request_scope_canary.py:main,app/services/ib_fetch_executor.py:execute_fetch_plan,OPERATIONAL_ONLY,OPERATIONAL_WRITER
app/services/ib_fetch_executor.py:execute_fetch_plan,71,OPERATIONAL_WRITER,OPERATIONAL,ib_fetch_runs,,OPERATIONAL,NOT_APPLICABLE,CALLER_SESSION; REVIEW_COMMIT_PATH,DURABLE_ONLY; ENTRY_PATH_REVIEW_REQUIRED,app/routers/ib_routes.py:fetch_bars;app/routers/market_data_routes.py:queue_market_data_prewarm;app/routers/run_routes.py:fetch_run_ib_bars_action;app/routers/run_routes.py:resume_run_ib_fetch_action;app/routers/run_routes.py:resume_run_pipeline_action;app/routers/run_routes.py:retry_failed_run_ib_fetch_action;app/routers/run_routes.py:run_full_pipeline_action;app/services/background_worker.py:_execute_full_pipeline_job;app/services/background_worker.py:_execute_sec_readiness_repair_job;app/services/ceri/sec/readiness_repair.py:execute_sec_readiness_repair;app/services/ceri/sec/readiness_repair.py:schedule_sec_readiness_repair;app/services/ib_fetch_executor.py:execute_fetch_plan;app/services/ib_fetch_job_service.py:execute_durable_fetch_job;app/services/ib_fetch_job_service.py:submit_fetch_job;app/services/market_data_prewarm_service.py:enqueue_market_data_prewarm;app/services/market_data_prewarm_service.py:execute_market_data_prewarm;app/services/market_data_prewarm_service.py:execute_market_data_prewarm_job;app/services/pipeline_executor.py:execute_full_pipeline;app/services/pipeline_service.py:enqueue_pipeline_after_sec_repair;app/services/pipeline_service.py:resume_pipeline;app/services/pipeline_service.py:start_pipeline;app/services/pre_enqueue_operational_gate.py:validate_pre_enqueue_operational_gate;scripts/winner_ib_request_scope_canary.py:main,app/services/ib_fetch_executor.py:execute_fetch_plan,OPERATIONAL_ONLY,OPERATIONAL_WRITER
app/services/ib_fetch_job_service.py:cancel_fetch_job,91,OPERATIONAL_WRITER,OPERATIONAL,ib_fetch_runs,,OPERATIONAL,NOT_APPLICABLE,CALLER_SESSION; REVIEW_COMMIT_PATH,DURABLE_ONLY; ENTRY_PATH_REVIEW_REQUIRED,app/routers/run_routes.py:cancel_run_ib_fetch_action;app/services/ib_fetch_job_service.py:cancel_fetch_job,app/services/ib_fetch_job_service.py:cancel_fetch_job,OPERATIONAL_ONLY,OPERATIONAL_WRITER
app/services/ib_fetch_job_service.py:create_queued_fetch_run,43,OPERATIONAL_WRITER,OPERATIONAL,ib_fetch_runs,add,OPERATIONAL,NOT_APPLICABLE,CALLER_SESSION; REVIEW_COMMIT_PATH,DURABLE_ONLY; ENTRY_PATH_REVIEW_REQUIRED,app/routers/run_routes.py:fetch_run_ib_bars_action;app/routers/run_routes.py:resume_run_ib_fetch_action;app/routers/run_routes.py:retry_failed_run_ib_fetch_action;app/services/ib_fetch_job_service.py:create_queued_fetch_run;app/services/ib_fetch_job_service.py:resume_fetch_job,app/services/ib_fetch_job_service.py:create_queued_fetch_run,OPERATIONAL_ONLY,OPERATIONAL_WRITER
app/services/ib_fetch_recovery_service.py:apply_interrupted_canary_finalization,74,OPERATIONAL_WRITER,OPERATIONAL,ib_fetch_items,,OPERATIONAL,NOT_APPLICABLE,CALLER_SESSION; REVIEW_COMMIT_PATH,DURABLE_ONLY; ENTRY_PATH_REVIEW_REQUIRED,app/services/ib_fetch_recovery_service.py:apply_interrupted_canary_finalization;scripts/winner_ib_request_scope_canary.py:main,app/services/ib_fetch_recovery_service.py:apply_interrupted_canary_finalization,OPERATIONAL_ONLY,OPERATIONAL_WRITER
app/services/ib_fetch_recovery_service.py:apply_interrupted_canary_finalization,74,OPERATIONAL_WRITER,OPERATIONAL,ib_fetch_runs,,OPERATIONAL,NOT_APPLICABLE,CALLER_SESSION; REVIEW_COMMIT_PATH,DURABLE_ONLY; ENTRY_PATH_REVIEW_REQUIRED,app/services/ib_fetch_recovery_service.py:apply_interrupted_canary_finalization;scripts/winner_ib_request_scope_canary.py:main,app/services/ib_fetch_recovery_service.py:apply_interrupted_canary_finalization,OPERATIONAL_ONLY,OPERATIONAL_WRITER
app/services/ib_fetch_summary_service.py:create_ib_fetch_run,11,OPERATIONAL_WRITER,OPERATIONAL,ib_fetch_runs,add,OPERATIONAL,NOT_APPLICABLE,CALLER_SESSION; REVIEW_COMMIT_PATH,DURABLE_ONLY; ENTRY_PATH_REVIEW_REQUIRED,app/services/ib_fetch_summary_service.py:create_ib_fetch_run,app/services/ib_fetch_summary_service.py:create_ib_fetch_run,OPERATIONAL_ONLY,OPERATIONAL_WRITER
app/services/ib_fetch_summary_service.py:fail_ib_fetch_run,88,OPERATIONAL_WRITER,OPERATIONAL,ib_fetch_runs,,OPERATIONAL,NOT_APPLICABLE,CALLER_SESSION; REVIEW_COMMIT_PATH,DURABLE_ONLY; ENTRY_PATH_REVIEW_REQUIRED,app/services/ib_fetch_summary_service.py:fail_ib_fetch_run,app/services/ib_fetch_summary_service.py:fail_ib_fetch_run,OPERATIONAL_ONLY,OPERATIONAL_WRITER
app/services/ib_market_intelligence/flex.py:import_flex_report,224,SHARED_DOMAIN_WRITER,CANONICAL_CALCULATION,ib_execution_fills,add,TRADE_JOURNAL,app/services/ib_market_intelligence/flex.py:import_flex_report,CALLER_SESSION; REVIEW_COMMIT_PATH,DURABLE_ONLY; ENTRY_PATH_REVIEW_REQUIRED,app/routers/ib_market_intelligence_routes.py:queue_flex;app/services/ib_market_intelligence/flex.py:import_flex_report;app/services/ib_market_intelligence/orchestration.py:execute_flex_import,app/services/ib_market_intelligence/flex.py:import_flex_report,WF_IB_FLEX_IMPORT,CANONICAL_SEMANTIC_WRITER
app/services/ib_market_intelligence/flex.py:import_flex_report,224,SHARED_DOMAIN_WRITER,CANONICAL_CALCULATION,ib_flex_import_runs,add,TRADE_JOURNAL,app/services/ib_market_intelligence/flex.py:import_flex_report,CALLER_SESSION; REVIEW_COMMIT_PATH,DURABLE_ONLY; ENTRY_PATH_REVIEW_REQUIRED,app/routers/ib_market_intelligence_routes.py:queue_flex;app/services/ib_market_intelligence/flex.py:import_flex_report;app/services/ib_market_intelligence/orchestration.py:execute_flex_import,app/services/ib_market_intelligence/flex.py:import_flex_report,WF_IB_FLEX_IMPORT,CANONICAL_SEMANTIC_WRITER
app/services/ib_market_intelligence/journal.py:match_episode_to_research,139,SHARED_DOMAIN_WRITER,CANONICAL_CALCULATION,ib_trade_research_links,add,TRADE_JOURNAL,app/services/ib_market_intelligence/journal.py:match_episode_to_research,CALLER_SESSION; REVIEW_COMMIT_PATH,DURABLE_ONLY; ENTRY_PATH_REVIEW_REQUIRED,app/routers/ib_market_intelligence_routes.py:queue_flex;app/services/ib_market_intelligence/journal.py:match_episode_to_research;app/services/ib_market_intelligence/orchestration.py:execute_flex_import,app/services/ib_market_intelligence/journal.py:match_episode_to_research,WF_IB_TRADE_RESEARCH_LINK,CANONICAL_SEMANTIC_WRITER
app/services/ib_market_intelligence/journal.py:rebuild_trade_episodes,56,SHARED_DOMAIN_WRITER,CANONICAL_CALCULATION,ib_trade_episodes,add,TRADE_JOURNAL,app/services/ib_market_intelligence/journal.py:rebuild_trade_episodes,CALLER_SESSION; REVIEW_COMMIT_PATH,DURABLE_ONLY; ENTRY_PATH_REVIEW_REQUIRED,app/routers/ib_market_intelligence_routes.py:queue_flex;app/services/ib_market_intelligence/journal.py:rebuild_trade_episodes;app/services/ib_market_intelligence/orchestration.py:execute_flex_import,app/services/ib_market_intelligence/journal.py:rebuild_trade_episodes,WF_IB_TRADE_EPISODES,CANONICAL_SEMANTIC_WRITER
app/services/ib_market_intelligence/orchestration.py:_checkpoint,1566,OPERATIONAL_WRITER,OPERATIONAL,background_jobs,,OPERATIONAL,NOT_APPLICABLE,CALLER_SESSION; REVIEW_COMMIT_PATH,DURABLE_ONLY; ENTRY_PATH_REVIEW_REQUIRED,app/routers/ib_market_intelligence_routes.py:queue_flex;app/routers/ib_market_intelligence_routes.py:queue_histogram;app/routers/ib_market_intelligence_routes.py:queue_historical;app/routers/ib_market_intelligence_routes.py:queue_live;app/routers/ib_market_intelligence_routes.py:queue_rebuild;app/routers/ib_market_intelligence_routes.py:queue_scanner;app/services/ib_market_intelligence/orchestration.py:execute_feature_rebuild;app/services/ib_market_intelligence/orchestration.py:execute_flex_import;app/services/ib_market_intelligence/orchestration.py:execute_histogram_fetch;app/services/ib_market_intelligence/orchestration.py:execute_historical_refresh;app/services/ib_market_intelligence/orchestration.py:execute_live_snapshot;app/services/ib_market_intelligence/orchestration.py:execute_scanner_run,app/services/ib_market_intelligence/orchestration.py:_checkpoint,OPERATIONAL_ONLY,OPERATIONAL_WRITER
app/services/ib_market_intelligence/orchestration.py:_checkpoint,1566,OPERATIONAL_WRITER,OPERATIONAL,ib_intelligence_runs,,OPERATIONAL,NOT_APPLICABLE,CALLER_SESSION; REVIEW_COMMIT_PATH,DURABLE_ONLY; ENTRY_PATH_REVIEW_REQUIRED,app/routers/ib_market_intelligence_routes.py:queue_flex;app/routers/ib_market_intelligence_routes.py:queue_histogram;app/routers/ib_market_intelligence_routes.py:queue_historical;app/routers/ib_market_intelligence_routes.py:queue_live;app/routers/ib_market_intelligence_routes.py:queue_rebuild;app/routers/ib_market_intelligence_routes.py:queue_scanner;app/services/ib_market_intelligence/orchestration.py:execute_feature_rebuild;app/services/ib_market_intelligence/orchestration.py:execute_flex_import;app/services/ib_market_intelligence/orchestration.py:execute_histogram_fetch;app/services/ib_market_intelligence/orchestration.py:execute_historical_refresh;app/services/ib_market_intelligence/orchestration.py:execute_live_snapshot;app/services/ib_market_intelligence/orchestration.py:execute_scanner_run,app/services/ib_market_intelligence/orchestration.py:_checkpoint,OPERATIONAL_ONLY,OPERATIONAL_WRITER
app/services/ib_market_intelligence/orchestration.py:_finish_request_item,1541,OPERATIONAL_WRITER,OPERATIONAL,ib_intelligence_request_items,,OPERATIONAL,NOT_APPLICABLE,CALLER_SESSION; REVIEW_COMMIT_PATH,DURABLE_ONLY; ENTRY_PATH_REVIEW_REQUIRED,app/routers/ib_market_intelligence_routes.py:queue_flex;app/routers/ib_market_intelligence_routes.py:queue_histogram;app/routers/ib_market_intelligence_routes.py:queue_historical;app/routers/ib_market_intelligence_routes.py:queue_live;app/routers/ib_market_intelligence_routes.py:queue_scanner;app/services/ib_market_intelligence/orchestration.py:execute_flex_import;app/services/ib_market_intelligence/orchestration.py:execute_histogram_fetch;app/services/ib_market_intelligence/orchestration.py:execute_historical_refresh;app/services/ib_market_intelligence/orchestration.py:execute_live_snapshot;app/services/ib_market_intelligence/orchestration.py:execute_scanner_run,app/services/ib_market_intelligence/orchestration.py:_finish_request_item,OPERATIONAL_ONLY,OPERATIONAL_WRITER
app/services/ib_market_intelligence/orchestration.py:_finish_run,1479,OPERATIONAL_WRITER,OPERATIONAL,ib_intelligence_runs,,OPERATIONAL,NOT_APPLICABLE,CALLER_SESSION; REVIEW_COMMIT_PATH,DURABLE_ONLY; ENTRY_PATH_REVIEW_REQUIRED,app/routers/ib_market_intelligence_routes.py:queue_flex;app/routers/ib_market_intelligence_routes.py:queue_histogram;app/routers/ib_market_intelligence_routes.py:queue_historical;app/routers/ib_market_intelligence_routes.py:queue_live;app/routers/ib_market_intelligence_routes.py:queue_rebuild;app/routers/ib_market_intelligence_routes.py:queue_scanner;app/services/ib_market_intelligence/orchestration.py:execute_feature_rebuild;app/services/ib_market_intelligence/orchestration.py:execute_flex_import;app/services/ib_market_intelligence/orchestration.py:execute_histogram_fetch;app/services/ib_market_intelligence/orchestration.py:execute_historical_refresh;app/services/ib_market_intelligence/orchestration.py:execute_live_snapshot;app/services/ib_market_intelligence/orchestration.py:execute_scanner_run,app/services/ib_market_intelligence/orchestration.py:_finish_run,OPERATIONAL_ONLY,OPERATIONAL_WRITER
app/services/ib_market_intelligence/orchestration.py:_start_request_item,1493,OPERATIONAL_WRITER,OPERATIONAL,ib_intelligence_request_items,add,OPERATIONAL,NOT_APPLICABLE,CALLER_SESSION; REVIEW_COMMIT_PATH,DURABLE_ONLY; ENTRY_PATH_REVIEW_REQUIRED,app/routers/ib_market_intelligence_routes.py:queue_flex;app/routers/ib_market_intelligence_routes.py:queue_histogram;app/routers/ib_market_intelligence_routes.py:queue_historical;app/routers/ib_market_intelligence_routes.py:queue_live;app/routers/ib_market_intelligence_routes.py:queue_scanner;app/services/ib_market_intelligence/orchestration.py:execute_flex_import;app/services/ib_market_intelligence/orchestration.py:execute_histogram_fetch;app/services/ib_market_intelligence/orchestration.py:execute_historical_refresh;app/services/ib_market_intelligence/orchestration.py:execute_live_snapshot;app/services/ib_market_intelligence/orchestration.py:execute_scanner_run,app/services/ib_market_intelligence/orchestration.py:_start_request_item,OPERATIONAL_ONLY,OPERATIONAL_WRITER
app/services/ib_market_intelligence/orchestration.py:_start_run,1452,OPERATIONAL_WRITER,OPERATIONAL,ib_intelligence_runs,add,OPERATIONAL,NOT_APPLICABLE,CALLER_SESSION; REVIEW_COMMIT_PATH,DURABLE_ONLY; ENTRY_PATH_REVIEW_REQUIRED,app/routers/ib_market_intelligence_routes.py:queue_flex;app/routers/ib_market_intelligence_routes.py:queue_histogram;app/routers/ib_market_intelligence_routes.py:queue_historical;app/routers/ib_market_intelligence_routes.py:queue_live;app/routers/ib_market_intelligence_routes.py:queue_rebuild;app/routers/ib_market_intelligence_routes.py:queue_scanner;app/services/ib_market_intelligence/orchestration.py:execute_feature_rebuild;app/services/ib_market_intelligence/orchestration.py:execute_flex_import;app/services/ib_market_intelligence/orchestration.py:execute_histogram_fetch;app/services/ib_market_intelligence/orchestration.py:execute_historical_refresh;app/services/ib_market_intelligence/orchestration.py:execute_live_snapshot;app/services/ib_market_intelligence/orchestration.py:execute_scanner_run,app/services/ib_market_intelligence/orchestration.py:_start_run,OPERATIONAL_ONLY,OPERATIONAL_WRITER
app/services/ib_market_intelligence/orchestration.py:execute_flex_import,950,OPERATIONAL_WRITER,OPERATIONAL,ib_intelligence_runs,,OPERATIONAL,NOT_APPLICABLE,CALLER_SESSION; REVIEW_COMMIT_PATH,DURABLE_ONLY; ENTRY_PATH_REVIEW_REQUIRED,app/routers/ib_market_intelligence_routes.py:queue_flex;app/services/ib_market_intelligence/orchestration.py:execute_flex_import,app/services/ib_market_intelligence/orchestration.py:execute_flex_import,OPERATIONAL_ONLY,OPERATIONAL_WRITER
app/services/ib_market_intelligence/orchestration.py:execute_histogram_fetch,750,SHARED_DOMAIN_WRITER,CANONICAL_CALCULATION,ib_histogram_bins,add,IBMI_SOURCE,app/services/ib_market_intelligence/orchestration.py:execute_histogram_fetch,CALLER_SESSION; REVIEW_COMMIT_PATH,DURABLE_ONLY; ENTRY_PATH_REVIEW_REQUIRED,app/routers/ib_market_intelligence_routes.py:queue_histogram;app/services/ib_market_intelligence/orchestration.py:execute_histogram_fetch,app/services/ib_market_intelligence/orchestration.py:execute_histogram_fetch,WF_IB_HISTOGRAM_SCANNER,CANONICAL_SEMANTIC_WRITER
app/services/ib_market_intelligence/orchestration.py:execute_histogram_fetch,750,SHARED_DOMAIN_WRITER,CANONICAL_CALCULATION,ib_histogram_snapshots,add,IBMI_SOURCE,app/services/ib_market_intelligence/orchestration.py:execute_histogram_fetch,CALLER_SESSION; REVIEW_COMMIT_PATH,DURABLE_ONLY; ENTRY_PATH_REVIEW_REQUIRED,app/routers/ib_market_intelligence_routes.py:queue_histogram;app/services/ib_market_intelligence/orchestration.py:execute_histogram_fetch,app/services/ib_market_intelligence/orchestration.py:execute_histogram_fetch,WF_IB_HISTOGRAM_SCANNER,CANONICAL_SEMANTIC_WRITER
app/services/ib_market_intelligence/orchestration.py:execute_historical_refresh,134,OPERATIONAL_WRITER,OPERATIONAL,ib_intelligence_runs,,OPERATIONAL,NOT_APPLICABLE,CALLER_SESSION; REVIEW_COMMIT_PATH,DURABLE_ONLY; ENTRY_PATH_REVIEW_REQUIRED,app/routers/ib_market_intelligence_routes.py:queue_historical;app/services/ib_market_intelligence/orchestration.py:execute_historical_refresh,app/services/ib_market_intelligence/orchestration.py:execute_historical_refresh,OPERATIONAL_ONLY,OPERATIONAL_WRITER
app/services/ib_market_intelligence/orchestration.py:execute_live_snapshot,403,OPERATIONAL_WRITER,OPERATIONAL,ib_intelligence_request_items,,OPERATIONAL,NOT_APPLICABLE,CALLER_SESSION; REVIEW_COMMIT_PATH,DURABLE_ONLY; ENTRY_PATH_REVIEW_REQUIRED,app/routers/ib_market_intelligence_routes.py:queue_live;app/services/ib_market_intelligence/orchestration.py:execute_live_snapshot,app/services/ib_market_intelligence/orchestration.py:execute_live_snapshot,OPERATIONAL_ONLY,OPERATIONAL_WRITER
app/services/ib_market_intelligence/orchestration.py:execute_scanner_run,562,SHARED_DOMAIN_WRITER,CANONICAL_CALCULATION,ib_scanner_candidates,add,IBMI_SOURCE,app/services/ib_market_intelligence/orchestration.py:execute_scanner_run,CALLER_SESSION; REVIEW_COMMIT_PATH,DURABLE_ONLY; ENTRY_PATH_REVIEW_REQUIRED,app/routers/ib_market_intelligence_routes.py:queue_scanner;app/services/ib_market_intelligence/orchestration.py:execute_scanner_run,app/services/ib_market_intelligence/orchestration.py:execute_scanner_run,WF_IB_SCANNER_SOURCE,CANONICAL_SEMANTIC_WRITER
app/services/ib_market_intelligence/orchestration.py:execute_scanner_run,562,SHARED_DOMAIN_WRITER,CANONICAL_CALCULATION,ib_scanner_parameter_cache,add,IBMI_SOURCE,app/services/ib_market_intelligence/orchestration.py:execute_scanner_run,CALLER_SESSION; REVIEW_COMMIT_PATH,DURABLE_ONLY; ENTRY_PATH_REVIEW_REQUIRED,app/routers/ib_market_intelligence_routes.py:queue_scanner;app/services/ib_market_intelligence/orchestration.py:execute_scanner_run,app/services/ib_market_intelligence/orchestration.py:execute_scanner_run,WF_IB_SCANNER_SOURCE,CANONICAL_SEMANTIC_WRITER
app/services/ib_market_intelligence/orchestration.py:execute_scanner_run,562,SHARED_DOMAIN_WRITER,CANONICAL_CALCULATION,ib_scanner_runs,add,IBMI_SOURCE,app/services/ib_market_intelligence/orchestration.py:execute_scanner_run,CALLER_SESSION; REVIEW_COMMIT_PATH,DURABLE_ONLY; ENTRY_PATH_REVIEW_REQUIRED,app/routers/ib_market_intelligence_routes.py:queue_scanner;app/services/ib_market_intelligence/orchestration.py:execute_scanner_run,app/services/ib_market_intelligence/orchestration.py:execute_scanner_run,WF_IB_SCANNER_SOURCE,CANONICAL_SEMANTIC_WRITER
app/services/ib_market_intelligence/repository.py:persist_feature,274,SHARED_DOMAIN_WRITER,CANONICAL_CALCULATION,ib_intelligence_features,add,IBMI,app/services/ib_market_intelligence/repository.py:persist_feature,CALLER_SESSION; REVIEW_COMMIT_PATH,DURABLE_ONLY; ENTRY_PATH_REVIEW_REQUIRED,app/routers/ib_market_intelligence_routes.py:queue_histogram;app/routers/ib_market_intelligence_routes.py:queue_historical;app/routers/ib_market_intelligence_routes.py:queue_live;app/routers/ib_market_intelligence_routes.py:queue_rebuild;app/services/ib_market_intelligence/orchestration.py:execute_feature_rebuild;app/services/ib_market_intelligence/orchestration.py:execute_histogram_fetch;app/services/ib_market_intelligence/orchestration.py:execute_historical_refresh;app/services/ib_market_intelligence/orchestration.py:execute_live_snapshot;app/services/ib_market_intelligence/repository.py:persist_feature,app/services/ib_market_intelligence/repository.py:persist_feature,WF_IBMI_NATIVE_FEATURE,CANONICAL_SEMANTIC_WRITER
app/services/ib_market_intelligence/repository.py:persist_historical_metric_bar,28,SHARED_DOMAIN_WRITER,CANONICAL_CALCULATION,ib_historical_metric_bars,add,IBMI_SOURCE,app/services/ib_market_intelligence/repository.py:persist_historical_metric_bar,CALLER_SESSION; REVIEW_COMMIT_PATH,DURABLE_ONLY; ENTRY_PATH_REVIEW_REQUIRED,app/routers/ib_market_intelligence_routes.py:queue_historical;app/services/ib_market_intelligence/orchestration.py:execute_historical_refresh;app/services/ib_market_intelligence/repository.py:persist_historical_metric_bar,app/services/ib_market_intelligence/repository.py:persist_historical_metric_bar,WF_IBMI_HISTORICAL_SOURCE,CANONICAL_SEMANTIC_WRITER
app/services/ib_market_intelligence/repository.py:persist_historical_metric_bar,28,SHARED_DOMAIN_WRITER,CANONICAL_CALCULATION,ib_historical_metric_revisions,add,IBMI_SOURCE,app/services/ib_market_intelligence/repository.py:persist_historical_metric_bar,CALLER_SESSION; REVIEW_COMMIT_PATH,DURABLE_ONLY; ENTRY_PATH_REVIEW_REQUIRED,app/routers/ib_market_intelligence_routes.py:queue_historical;app/services/ib_market_intelligence/orchestration.py:execute_historical_refresh;app/services/ib_market_intelligence/repository.py:persist_historical_metric_bar,app/services/ib_market_intelligence/repository.py:persist_historical_metric_bar,WF_IBMI_HISTORICAL_SOURCE,CANONICAL_SEMANTIC_WRITER
app/services/ib_market_intelligence/repository.py:persist_live_snapshot,133,SHARED_DOMAIN_WRITER,CANONICAL_CALCULATION,ib_market_intelligence_snapshots,add,IBMI_SOURCE,app/services/ib_market_intelligence/repository.py:persist_live_snapshot,CALLER_SESSION; REVIEW_COMMIT_PATH,DURABLE_ONLY; ENTRY_PATH_REVIEW_REQUIRED,app/routers/ib_market_intelligence_routes.py:queue_live;app/services/ib_market_intelligence/orchestration.py:execute_live_snapshot;app/services/ib_market_intelligence/repository.py:persist_live_snapshot,app/services/ib_market_intelligence/repository.py:persist_live_snapshot,WF_IBMI_LIVE_SOURCE,CANONICAL_SEMANTIC_WRITER
app/services/lifecycle_quiesce.py:request_worker_quiesce,36,OPERATIONAL_WRITER,OPERATIONAL,background_workers,,OPERATIONAL,NOT_APPLICABLE,CALLER_SESSION; REVIEW_COMMIT_PATH,DURABLE_ONLY; ENTRY_PATH_REVIEW_REQUIRED,app/services/lifecycle_quiesce.py:request_worker_quiesce;scripts/ops/lifecycle_probe.py:main,app/services/lifecycle_quiesce.py:request_worker_quiesce,OPERATIONAL_ONLY,OPERATIONAL_WRITER
app/services/lifecycle_quiesce.py:resume_worker_claims,66,OPERATIONAL_WRITER,OPERATIONAL,background_workers,,OPERATIONAL,NOT_APPLICABLE,CALLER_SESSION; REVIEW_COMMIT_PATH,DURABLE_ONLY; ENTRY_PATH_REVIEW_REQUIRED,app/services/lifecycle_quiesce.py:resume_worker_claims;scripts/ops/lifecycle_probe.py:main,app/services/lifecycle_quiesce.py:resume_worker_claims,OPERATIONAL_ONLY,OPERATIONAL_WRITER
app/services/market_calculation_context_service.py:attach_reserved_market_context,106,SHARED_DOMAIN_WRITER,CANONICAL_CALCULATION,market_calculation_contexts,,PIPELINE,app/services/market_calculation_context_service.py:create_pipeline_market_context,CALLER_SESSION; REVIEW_COMMIT_PATH,DURABLE_ONLY; ENTRY_PATH_REVIEW_REQUIRED,app/routers/run_routes.py:run_full_pipeline_action;app/services/market_calculation_context_service.py:attach_reserved_market_context;app/services/pipeline_service.py:start_pipeline;app/services/transition_preflight_plan_service.py:consume_transition_preflight,app/services/market_calculation_context_service.py:attach_reserved_market_context,WF_MARKET_CONTEXT_AUTHORITY,DOMAIN_SUPPORTING_STATE
app/services/market_calculation_context_service.py:create_pipeline_market_context,42,SHARED_DOMAIN_WRITER,CANONICAL_CALCULATION,market_calculation_contexts,add,PIPELINE,app/services/market_calculation_context_service.py:create_pipeline_market_context,CALLER_SESSION; REVIEW_COMMIT_PATH,DURABLE_ONLY; ENTRY_PATH_REVIEW_REQUIRED,app/routers/run_routes.py:resume_run_pipeline_action;app/routers/run_routes.py:run_full_pipeline_action;app/services/background_worker.py:_execute_full_pipeline_job;app/services/background_worker.py:_execute_sec_readiness_repair_job;app/services/ceri/sec/readiness_repair.py:execute_sec_readiness_repair;app/services/ceri/sec/readiness_repair.py:schedule_sec_readiness_repair;app/services/market_calculation_context_service.py:create_pipeline_market_context;app/services/market_calculation_context_service.py:market_context_for_pipeline;app/services/pipeline_executor.py:execute_full_pipeline;app/services/pipeline_service.py:enqueue_pipeline_after_sec_repair;app/services/pipeline_service.py:resume_pipeline;app/services/pipeline_service.py:start_pipeline;app/services/pre_enqueue_operational_gate.py:validate_pre_enqueue_operational_gate,app/services/market_calculation_context_service.py:create_pipeline_market_context,WF_MARKET_CONTEXT_AUTHORITY,DOMAIN_SUPPORTING_STATE
app/services/market_calculation_context_service.py:reserve_preflight_market_context,78,SHARED_DOMAIN_WRITER,CANONICAL_CALCULATION,market_calculation_contexts,add,PIPELINE,app/services/market_calculation_context_service.py:create_pipeline_market_context,CALLER_SESSION; REVIEW_COMMIT_PATH,DURABLE_ONLY; ENTRY_PATH_REVIEW_REQUIRED,app/services/market_calculation_context_service.py:reserve_preflight_market_context;app/services/transition_preflight_plan_service.py:create_transition_preflight_plan,app/services/market_calculation_context_service.py:reserve_preflight_market_context,WF_MARKET_CONTEXT_AUTHORITY,DOMAIN_SUPPORTING_STATE
app/services/market_data_prewarm_service.py:_prepare_preempted_job_for_resume,603,OPERATIONAL_WRITER,OPERATIONAL,background_jobs,,OPERATIONAL,NOT_APPLICABLE,CALLER_SESSION; REVIEW_COMMIT_PATH,DURABLE_ONLY; ENTRY_PATH_REVIEW_REQUIRED,app/routers/market_data_routes.py:queue_market_data_prewarm;app/services/market_data_prewarm_service.py:enqueue_market_data_prewarm;app/services/market_data_prewarm_service.py:execute_market_data_prewarm_job,app/services/market_data_prewarm_service.py:_prepare_preempted_job_for_resume,OPERATIONAL_ONLY,OPERATIONAL_WRITER
app/services/market_data_prewarm_service.py:execute_market_data_prewarm,220,OPERATIONAL_WRITER,OPERATIONAL,background_jobs,,OPERATIONAL,NOT_APPLICABLE,CALLER_SESSION; REVIEW_COMMIT_PATH,DURABLE_ONLY; ENTRY_PATH_REVIEW_REQUIRED,app/routers/market_data_routes.py:queue_market_data_prewarm;app/services/market_data_prewarm_service.py:enqueue_market_data_prewarm;app/services/market_data_prewarm_service.py:execute_market_data_prewarm;app/services/market_data_prewarm_service.py:execute_market_data_prewarm_job,app/services/market_data_prewarm_service.py:execute_market_data_prewarm,OPERATIONAL_ONLY,OPERATIONAL_WRITER
app/services/market_data_prewarm_service.py:record_pipeline_prewarm_reuse,529,OPERATIONAL_WRITER,OPERATIONAL,background_jobs,,OPERATIONAL,NOT_APPLICABLE,CALLER_SESSION; REVIEW_COMMIT_PATH,DURABLE_ONLY; ENTRY_PATH_REVIEW_REQUIRED,app/routers/run_routes.py:resume_run_pipeline_action;app/routers/run_routes.py:run_full_pipeline_action;app/services/background_worker.py:_execute_full_pipeline_job;app/services/background_worker.py:_execute_sec_readiness_repair_job;app/services/ceri/sec/readiness_repair.py:execute_sec_readiness_repair;app/services/ceri/sec/readiness_repair.py:schedule_sec_readiness_repair;app/services/market_data_prewarm_service.py:record_pipeline_prewarm_reuse;app/services/pipeline_executor.py:execute_full_pipeline;app/services/pipeline_service.py:enqueue_pipeline_after_sec_repair;app/services/pipeline_service.py:resume_pipeline;app/services/pipeline_service.py:start_pipeline;app/services/pre_enqueue_operational_gate.py:validate_pre_enqueue_operational_gate,app/services/market_data_prewarm_service.py:record_pipeline_prewarm_reuse,OPERATIONAL_ONLY,OPERATIONAL_WRITER
app/services/market_data_prewarm_service.py:request_active_prewarm_preemption,415,OPERATIONAL_WRITER,OPERATIONAL,background_jobs,,OPERATIONAL,NOT_APPLICABLE,CALLER_SESSION; REVIEW_COMMIT_PATH,DURABLE_ONLY; ENTRY_PATH_REVIEW_REQUIRED,app/routers/run_routes.py:run_full_pipeline_action;app/services/market_data_prewarm_service.py:request_active_prewarm_preemption;app/services/pipeline_service.py:start_pipeline,app/services/market_data_prewarm_service.py:request_active_prewarm_preemption,OPERATIONAL_ONLY,OPERATIONAL_WRITER
app/services/market_regime_repository.py:MarketRegimeRepository._apply_snapshot_fields,274,SHARED_DOMAIN_WRITER,CANONICAL_CALCULATION,market_regime_snapshots,,REGIME,app/services/market_regime_repository.py:MarketRegimeRepository.upsert_snapshot,CALLER_SESSION; REVIEW_COMMIT_PATH,DURABLE_ONLY; ENTRY_PATH_REVIEW_REQUIRED,app/routers/market_regime_routes.py:market_regime_page;app/routers/market_regime_routes.py:recalculate_run_market_regime_api;app/routers/market_regime_routes.py:run_market_regime_page;app/routers/run_routes.py:resume_run_pipeline_action;app/routers/run_routes.py:run_full_pipeline_action;app/services/background_worker.py:_execute_full_pipeline_job;app/services/background_worker.py:_execute_sec_readiness_repair_job;app/services/ceri/sec/readiness_repair.py:execute_sec_readiness_repair;app/services/ceri/sec/readiness_repair.py:schedule_sec_readiness_repair;app/services/market_regime_command_center.py:MarketRegimeCommandCenterService.build_snapshot;app/services/market_regime_repository.py:MarketRegimeRepository.upsert_snapshot;app/services/pipeline_executor.py:build_market_regime_snapshot_for_run;app/services/pipeline_executor.py:execute_full_pipeline;app/services/pipeline_service.py:enqueue_pipeline_after_sec_repair;app/services/pipeline_service.py:resume_pipeline;app/services/pipeline_service.py:start_pipeline;app/services/pre_enqueue_operational_gate.py:validate_pre_enqueue_operational_gate,app/services/market_regime_repository.py:MarketRegimeRepository._apply_snapshot_fields,WF_REGIME_SNAPSHOT,SEMANTIC_WRITER_MEMBER
app/services/market_regime_repository.py:MarketRegimeRepository._supersede_previous_revision,262,SHARED_DOMAIN_WRITER,CANONICAL_CALCULATION,market_regime_snapshots,,REGIME,app/services/market_regime_repository.py:MarketRegimeRepository.upsert_snapshot,CALLER_SESSION; REVIEW_COMMIT_PATH,DURABLE_ONLY; ENTRY_PATH_REVIEW_REQUIRED,app/routers/market_regime_routes.py:market_regime_page;app/routers/market_regime_routes.py:recalculate_run_market_regime_api;app/routers/market_regime_routes.py:run_market_regime_page;app/routers/run_routes.py:resume_run_pipeline_action;app/routers/run_routes.py:run_full_pipeline_action;app/services/background_worker.py:_execute_full_pipeline_job;app/services/background_worker.py:_execute_sec_readiness_repair_job;app/services/ceri/sec/readiness_repair.py:execute_sec_readiness_repair;app/services/ceri/sec/readiness_repair.py:schedule_sec_readiness_repair;app/services/market_regime_command_center.py:MarketRegimeCommandCenterService.build_snapshot;app/services/market_regime_repository.py:MarketRegimeRepository.upsert_snapshot;app/services/pipeline_executor.py:build_market_regime_snapshot_for_run;app/services/pipeline_executor.py:execute_full_pipeline;app/services/pipeline_service.py:enqueue_pipeline_after_sec_repair;app/services/pipeline_service.py:resume_pipeline;app/services/pipeline_service.py:start_pipeline;app/services/pre_enqueue_operational_gate.py:validate_pre_enqueue_operational_gate,app/services/market_regime_repository.py:MarketRegimeRepository._supersede_previous_revision,WF_REGIME_SNAPSHOT,SEMANTIC_WRITER_MEMBER
app/services/market_regime_repository.py:MarketRegimeRepository.delete_for_run,209,SHARED_DOMAIN_WRITER,CANONICAL_CALCULATION,market_regime_snapshots,execute,REGIME,app/services/market_regime_repository.py:MarketRegimeRepository.upsert_snapshot,CALLER_SESSION; REVIEW_COMMIT_PATH,DURABLE_ONLY; ENTRY_PATH_REVIEW_REQUIRED,app/services/market_regime_repository.py:MarketRegimeRepository.delete_for_run,app/services/market_regime_repository.py:MarketRegimeRepository.delete_for_run,WF_REGIME_DERIVED_DELETE,CURRENT_PROJECTION_WRITER
app/services/market_regime_repository.py:MarketRegimeRepository.upsert_snapshot,49,SHARED_DOMAIN_WRITER,CANONICAL_CALCULATION,market_regime_snapshots,add,REGIME,app/services/market_regime_repository.py:MarketRegimeRepository.upsert_snapshot,CALLER_SESSION; REVIEW_COMMIT_PATH,DURABLE_ONLY; ENTRY_PATH_REVIEW_REQUIRED,app/routers/market_regime_routes.py:market_regime_page;app/routers/market_regime_routes.py:recalculate_run_market_regime_api;app/routers/market_regime_routes.py:run_market_regime_page;app/routers/run_routes.py:resume_run_pipeline_action;app/routers/run_routes.py:run_full_pipeline_action;app/services/background_worker.py:_execute_full_pipeline_job;app/services/background_worker.py:_execute_sec_readiness_repair_job;app/services/ceri/sec/readiness_repair.py:execute_sec_readiness_repair;app/services/ceri/sec/readiness_repair.py:schedule_sec_readiness_repair;app/services/market_regime_command_center.py:MarketRegimeCommandCenterService.build_snapshot;app/services/market_regime_repository.py:MarketRegimeRepository.upsert_snapshot;app/services/pipeline_executor.py:build_market_regime_snapshot_for_run;app/services/pipeline_executor.py:execute_full_pipeline;app/services/pipeline_service.py:enqueue_pipeline_after_sec_repair;app/services/pipeline_service.py:resume_pipeline;app/services/pipeline_service.py:start_pipeline;app/services/pre_enqueue_operational_gate.py:validate_pre_enqueue_operational_gate,app/services/market_regime_repository.py:MarketRegimeRepository.upsert_snapshot,WF_REGIME_SNAPSHOT,CANONICAL_SEMANTIC_WRITER
app/services/pipeline_executor.py:_apply_winner_step_outcome,2500,SHARED_DOMAIN_WRITER,CANONICAL_CALCULATION,pipeline_steps,,PIPELINE,app/services/pipeline_service.py:start_pipeline,CALLER_SESSION; REVIEW_COMMIT_PATH,DURABLE_ONLY; ENTRY_PATH_REVIEW_REQUIRED,app/routers/run_routes.py:resume_run_pipeline_action;app/routers/run_routes.py:run_full_pipeline_action;app/services/background_worker.py:_execute_full_pipeline_job;app/services/background_worker.py:_execute_sec_readiness_repair_job;app/services/ceri/sec/readiness_repair.py:execute_sec_readiness_repair;app/services/ceri/sec/readiness_repair.py:schedule_sec_readiness_repair;app/services/pipeline_executor.py:execute_full_pipeline;app/services/pipeline_service.py:enqueue_pipeline_after_sec_repair;app/services/pipeline_service.py:resume_pipeline;app/services/pipeline_service.py:start_pipeline;app/services/pre_enqueue_operational_gate.py:validate_pre_enqueue_operational_gate,app/services/pipeline_executor.py:_apply_winner_step_outcome,WF_PIPELINE_STAGE_STATE,DOMAIN_SUPPORTING_STATE
app/services/pipeline_executor.py:_archive_pipeline_step_attempt,1567,SHARED_DOMAIN_WRITER,CANONICAL_CALCULATION,pipeline_steps,,PIPELINE,app/services/pipeline_service.py:start_pipeline,CALLER_SESSION; REVIEW_COMMIT_PATH,DURABLE_ONLY; ENTRY_PATH_REVIEW_REQUIRED,app/routers/run_routes.py:resume_run_pipeline_action;app/routers/run_routes.py:run_full_pipeline_action;app/services/background_worker.py:_execute_full_pipeline_job;app/services/background_worker.py:_execute_sec_readiness_repair_job;app/services/ceri/sec/readiness_repair.py:execute_sec_readiness_repair;app/services/ceri/sec/readiness_repair.py:schedule_sec_readiness_repair;app/services/pipeline_executor.py:execute_full_pipeline;app/services/pipeline_service.py:enqueue_pipeline_after_sec_repair;app/services/pipeline_service.py:resume_pipeline;app/services/pipeline_service.py:start_pipeline;app/services/pre_enqueue_operational_gate.py:validate_pre_enqueue_operational_gate,app/services/pipeline_executor.py:_archive_pipeline_step_attempt,WF_PIPELINE_STAGE_STATE,DOMAIN_SUPPORTING_STATE
app/services/pipeline_executor.py:_cancel_unfinished_steps,1788,SHARED_DOMAIN_WRITER,CANONICAL_CALCULATION,pipeline_steps,,PIPELINE,app/services/pipeline_service.py:start_pipeline,CALLER_SESSION; REVIEW_COMMIT_PATH,DURABLE_ONLY; ENTRY_PATH_REVIEW_REQUIRED,app/routers/run_routes.py:resume_run_pipeline_action;app/routers/run_routes.py:run_full_pipeline_action;app/services/background_worker.py:_execute_full_pipeline_job;app/services/background_worker.py:_execute_sec_readiness_repair_job;app/services/ceri/sec/readiness_repair.py:execute_sec_readiness_repair;app/services/ceri/sec/readiness_repair.py:schedule_sec_readiness_repair;app/services/pipeline_executor.py:execute_full_pipeline;app/services/pipeline_service.py:enqueue_pipeline_after_sec_repair;app/services/pipeline_service.py:resume_pipeline;app/services/pipeline_service.py:start_pipeline;app/services/pre_enqueue_operational_gate.py:validate_pre_enqueue_operational_gate,app/services/pipeline_executor.py:_cancel_unfinished_steps,WF_PIPELINE_STAGE_STATE,DOMAIN_SUPPORTING_STATE
app/services/pipeline_executor.py:_interrupt_superseded_running_steps,1594,SHARED_DOMAIN_WRITER,CANONICAL_CALCULATION,pipeline_steps,,PIPELINE,app/services/pipeline_service.py:start_pipeline,CALLER_SESSION; REVIEW_COMMIT_PATH,DURABLE_ONLY; ENTRY_PATH_REVIEW_REQUIRED,app/routers/run_routes.py:resume_run_pipeline_action;app/routers/run_routes.py:run_full_pipeline_action;app/services/background_worker.py:_execute_full_pipeline_job;app/services/background_worker.py:_execute_sec_readiness_repair_job;app/services/ceri/sec/readiness_repair.py:execute_sec_readiness_repair;app/services/ceri/sec/readiness_repair.py:schedule_sec_readiness_repair;app/services/pipeline_executor.py:execute_full_pipeline;app/services/pipeline_service.py:enqueue_pipeline_after_sec_repair;app/services/pipeline_service.py:resume_pipeline;app/services/pipeline_service.py:start_pipeline;app/services/pre_enqueue_operational_gate.py:validate_pre_enqueue_operational_gate,app/services/pipeline_executor.py:_interrupt_superseded_running_steps,WF_PIPELINE_STAGE_STATE,DOMAIN_SUPPORTING_STATE
app/services/pipeline_executor.py:_mark_pipeline_blocked,1740,SHARED_DOMAIN_WRITER,CANONICAL_CALCULATION,pipeline_runs,,PIPELINE,app/services/pipeline_service.py:start_pipeline,CALLER_SESSION; REVIEW_COMMIT_PATH,DURABLE_ONLY; ENTRY_PATH_REVIEW_REQUIRED,app/routers/run_routes.py:resume_run_pipeline_action;app/routers/run_routes.py:run_full_pipeline_action;app/services/background_worker.py:_execute_full_pipeline_job;app/services/background_worker.py:_execute_sec_readiness_repair_job;app/services/ceri/sec/readiness_repair.py:execute_sec_readiness_repair;app/services/ceri/sec/readiness_repair.py:schedule_sec_readiness_repair;app/services/pipeline_executor.py:execute_full_pipeline;app/services/pipeline_service.py:enqueue_pipeline_after_sec_repair;app/services/pipeline_service.py:resume_pipeline;app/services/pipeline_service.py:start_pipeline;app/services/pre_enqueue_operational_gate.py:validate_pre_enqueue_operational_gate,app/services/pipeline_executor.py:_mark_pipeline_blocked,WF_PIPELINE_STAGE_STATE,DOMAIN_SUPPORTING_STATE
app/services/pipeline_executor.py:_mark_pipeline_cancelled,1700,SHARED_DOMAIN_WRITER,CANONICAL_CALCULATION,pipeline_runs,,PIPELINE,app/services/pipeline_service.py:start_pipeline,CALLER_SESSION; REVIEW_COMMIT_PATH,DURABLE_ONLY; ENTRY_PATH_REVIEW_REQUIRED,app/routers/run_routes.py:resume_run_pipeline_action;app/routers/run_routes.py:run_full_pipeline_action;app/services/background_worker.py:_execute_full_pipeline_job;app/services/background_worker.py:_execute_sec_readiness_repair_job;app/services/ceri/sec/readiness_repair.py:execute_sec_readiness_repair;app/services/ceri/sec/readiness_repair.py:schedule_sec_readiness_repair;app/services/pipeline_executor.py:execute_full_pipeline;app/services/pipeline_service.py:enqueue_pipeline_after_sec_repair;app/services/pipeline_service.py:resume_pipeline;app/services/pipeline_service.py:start_pipeline;app/services/pre_enqueue_operational_gate.py:validate_pre_enqueue_operational_gate,app/services/pipeline_executor.py:_mark_pipeline_cancelled,WF_PIPELINE_STAGE_STATE,DOMAIN_SUPPORTING_STATE
app/services/pipeline_executor.py:_mark_pipeline_failed,1720,SHARED_DOMAIN_WRITER,CANONICAL_CALCULATION,pipeline_runs,,PIPELINE,app/services/pipeline_service.py:start_pipeline,CALLER_SESSION; REVIEW_COMMIT_PATH,DURABLE_ONLY; ENTRY_PATH_REVIEW_REQUIRED,app/routers/run_routes.py:resume_run_pipeline_action;app/routers/run_routes.py:run_full_pipeline_action;app/services/background_worker.py:_execute_full_pipeline_job;app/services/background_worker.py:_execute_sec_readiness_repair_job;app/services/ceri/sec/readiness_repair.py:execute_sec_readiness_repair;app/services/ceri/sec/readiness_repair.py:schedule_sec_readiness_repair;app/services/pipeline_executor.py:execute_full_pipeline;app/services/pipeline_service.py:enqueue_pipeline_after_sec_repair;app/services/pipeline_service.py:resume_pipeline;app/services/pipeline_service.py:start_pipeline;app/services/pre_enqueue_operational_gate.py:validate_pre_enqueue_operational_gate,app/services/pipeline_executor.py:_mark_pipeline_failed,WF_PIPELINE_STAGE_STATE,DOMAIN_SUPPORTING_STATE
app/services/pipeline_executor.py:_mark_pipeline_finished,1679,SHARED_DOMAIN_WRITER,CANONICAL_CALCULATION,pipeline_runs,,PIPELINE,app/services/pipeline_service.py:start_pipeline,CALLER_SESSION; REVIEW_COMMIT_PATH,DURABLE_ONLY; ENTRY_PATH_REVIEW_REQUIRED,app/routers/run_routes.py:resume_run_pipeline_action;app/routers/run_routes.py:run_full_pipeline_action;app/services/background_worker.py:_execute_full_pipeline_job;app/services/background_worker.py:_execute_sec_readiness_repair_job;app/services/ceri/sec/readiness_repair.py:execute_sec_readiness_repair;app/services/ceri/sec/readiness_repair.py:schedule_sec_readiness_repair;app/services/pipeline_executor.py:execute_full_pipeline;app/services/pipeline_service.py:enqueue_pipeline_after_sec_repair;app/services/pipeline_service.py:resume_pipeline;app/services/pipeline_service.py:start_pipeline;app/services/pre_enqueue_operational_gate.py:validate_pre_enqueue_operational_gate,app/services/pipeline_executor.py:_mark_pipeline_finished,WF_PIPELINE_STAGE_STATE,DOMAIN_SUPPORTING_STATE
app/services/pipeline_executor.py:_mark_pipeline_running,1664,SHARED_DOMAIN_WRITER,CANONICAL_CALCULATION,pipeline_runs,,PIPELINE,app/services/pipeline_service.py:start_pipeline,CALLER_SESSION; REVIEW_COMMIT_PATH,DURABLE_ONLY; ENTRY_PATH_REVIEW_REQUIRED,app/routers/run_routes.py:resume_run_pipeline_action;app/routers/run_routes.py:run_full_pipeline_action;app/services/background_worker.py:_execute_full_pipeline_job;app/services/background_worker.py:_execute_sec_readiness_repair_job;app/services/ceri/sec/readiness_repair.py:execute_sec_readiness_repair;app/services/ceri/sec/readiness_repair.py:schedule_sec_readiness_repair;app/services/pipeline_executor.py:execute_full_pipeline;app/services/pipeline_service.py:enqueue_pipeline_after_sec_repair;app/services/pipeline_service.py:resume_pipeline;app/services/pipeline_service.py:start_pipeline;app/services/pre_enqueue_operational_gate.py:validate_pre_enqueue_operational_gate,app/services/pipeline_executor.py:_mark_pipeline_running,WF_PIPELINE_STAGE_STATE,DOMAIN_SUPPORTING_STATE
app/services/pipeline_executor.py:_pipeline_step,1439,SHARED_DOMAIN_WRITER,CANONICAL_CALCULATION,pipeline_runs,,PIPELINE,app/services/pipeline_service.py:start_pipeline,CALLER_SESSION; REVIEW_COMMIT_PATH,DURABLE_ONLY; ENTRY_PATH_REVIEW_REQUIRED,app/routers/run_routes.py:resume_run_pipeline_action;app/routers/run_routes.py:run_full_pipeline_action;app/services/background_worker.py:_execute_full_pipeline_job;app/services/background_worker.py:_execute_sec_readiness_repair_job;app/services/ceri/sec/readiness_repair.py:execute_sec_readiness_repair;app/services/ceri/sec/readiness_repair.py:schedule_sec_readiness_repair;app/services/pipeline_executor.py:execute_full_pipeline;app/services/pipeline_service.py:enqueue_pipeline_after_sec_repair;app/services/pipeline_service.py:resume_pipeline;app/services/pipeline_service.py:start_pipeline;app/services/pre_enqueue_operational_gate.py:validate_pre_enqueue_operational_gate,app/services/pipeline_executor.py:_pipeline_step,WF_PIPELINE_STAGE_STATE,DOMAIN_SUPPORTING_STATE
app/services/pipeline_executor.py:_pipeline_step,1439,SHARED_DOMAIN_WRITER,CANONICAL_CALCULATION,pipeline_steps,,PIPELINE,app/services/pipeline_service.py:start_pipeline,CALLER_SESSION; REVIEW_COMMIT_PATH,DURABLE_ONLY; ENTRY_PATH_REVIEW_REQUIRED,app/routers/run_routes.py:resume_run_pipeline_action;app/routers/run_routes.py:run_full_pipeline_action;app/services/background_worker.py:_execute_full_pipeline_job;app/services/background_worker.py:_execute_sec_readiness_repair_job;app/services/ceri/sec/readiness_repair.py:execute_sec_readiness_repair;app/services/ceri/sec/readiness_repair.py:schedule_sec_readiness_repair;app/services/pipeline_executor.py:execute_full_pipeline;app/services/pipeline_service.py:enqueue_pipeline_after_sec_repair;app/services/pipeline_service.py:resume_pipeline;app/services/pipeline_service.py:start_pipeline;app/services/pre_enqueue_operational_gate.py:validate_pre_enqueue_operational_gate,app/services/pipeline_executor.py:_pipeline_step,WF_PIPELINE_STAGE_STATE,DOMAIN_SUPPORTING_STATE
app/services/pipeline_executor.py:_schedule_ceri_provider_ingest,2211,SHARED_DOMAIN_WRITER,CANONICAL_CALCULATION,ceri_companies,add,CERI_SOURCE,app/services/ceri/sec/identity_repair.py:resolve_and_persist_sec_identity,CALLER_SESSION; REVIEW_COMMIT_PATH,DURABLE_ONLY; ENTRY_PATH_REVIEW_REQUIRED,,app/services/pipeline_executor.py:_schedule_ceri_provider_ingest,WF_PIPELINE_STAGE_STATE,DOMAIN_SUPPORTING_STATE
app/services/pipeline_executor.py:_schedule_ceri_provider_ingest,2211,SHARED_DOMAIN_WRITER,CANONICAL_CALCULATION,raw_company_rows,add,RAW,app/services/upload_service.py:create_upload_run,CALLER_SESSION; REVIEW_COMMIT_PATH,DURABLE_ONLY; ENTRY_PATH_REVIEW_REQUIRED,,app/services/pipeline_executor.py:_schedule_ceri_provider_ingest,WF_PIPELINE_STAGE_STATE,DOMAIN_SUPPORTING_STATE
app/services/pipeline_executor.py:_schedule_sec_prerequisite_repair,1761,CURRENT_RULES_WRITER,CURRENT_STATE_REPAIR,pipeline_runs,,PIPELINE,app/services/pipeline_service.py:start_pipeline,CALLER_SESSION; REVIEW_COMMIT_PATH,DURABLE_ONLY; ENTRY_PATH_REVIEW_REQUIRED,app/routers/run_routes.py:resume_run_pipeline_action;app/routers/run_routes.py:run_full_pipeline_action;app/services/background_worker.py:_execute_full_pipeline_job;app/services/background_worker.py:_execute_sec_readiness_repair_job;app/services/ceri/sec/readiness_repair.py:execute_sec_readiness_repair;app/services/ceri/sec/readiness_repair.py:schedule_sec_readiness_repair;app/services/pipeline_executor.py:execute_full_pipeline;app/services/pipeline_service.py:enqueue_pipeline_after_sec_repair;app/services/pipeline_service.py:resume_pipeline;app/services/pipeline_service.py:start_pipeline;app/services/pre_enqueue_operational_gate.py:validate_pre_enqueue_operational_gate,app/services/pipeline_executor.py:_schedule_sec_prerequisite_repair,WF_PIPELINE_STAGE_STATE,DOMAIN_SUPPORTING_STATE
app/services/pipeline_executor.py:execute_full_pipeline,256,SHARED_DOMAIN_WRITER,CANONICAL_CALCULATION,pipeline_runs,,PIPELINE,app/services/pipeline_service.py:start_pipeline,CALLER_SESSION; REVIEW_COMMIT_PATH,DURABLE_ONLY; ENTRY_PATH_REVIEW_REQUIRED,app/routers/run_routes.py:resume_run_pipeline_action;app/routers/run_routes.py:run_full_pipeline_action;app/services/background_worker.py:_execute_full_pipeline_job;app/services/background_worker.py:_execute_sec_readiness_repair_job;app/services/ceri/sec/readiness_repair.py:execute_sec_readiness_repair;app/services/ceri/sec/readiness_repair.py:schedule_sec_readiness_repair;app/services/pipeline_executor.py:execute_full_pipeline;app/services/pipeline_service.py:enqueue_pipeline_after_sec_repair;app/services/pipeline_service.py:resume_pipeline;app/services/pipeline_service.py:start_pipeline;app/services/pre_enqueue_operational_gate.py:validate_pre_enqueue_operational_gate,app/services/pipeline_executor.py:execute_full_pipeline,WF_PIPELINE_STAGE_STATE,DOMAIN_SUPPORTING_STATE
app/services/pipeline_service.py:_cancel_pending_steps,821,SHARED_DOMAIN_WRITER,CANONICAL_CALCULATION,pipeline_steps,,PIPELINE,app/services/pipeline_service.py:start_pipeline,CALLER_SESSION; REVIEW_COMMIT_PATH,DURABLE_ONLY; ENTRY_PATH_REVIEW_REQUIRED,app/routers/run_routes.py:cancel_run_pipeline_action;app/routers/run_routes.py:run_full_pipeline_action;app/services/pipeline_service.py:cancel_pipeline;app/services/pipeline_service.py:start_pipeline,app/services/pipeline_service.py:_cancel_pending_steps,WF_PIPELINE_CONTROL,DOMAIN_SUPPORTING_STATE
app/services/pipeline_service.py:cancel_pipeline,598,SHARED_DOMAIN_WRITER,CANONICAL_CALCULATION,pipeline_runs,,PIPELINE,app/services/pipeline_service.py:start_pipeline,CALLER_SESSION; REVIEW_COMMIT_PATH,DURABLE_ONLY; ENTRY_PATH_REVIEW_REQUIRED,app/routers/run_routes.py:cancel_run_pipeline_action;app/services/pipeline_service.py:cancel_pipeline,app/services/pipeline_service.py:cancel_pipeline,WF_PIPELINE_CONTROL,DOMAIN_SUPPORTING_STATE
app/services/pipeline_service.py:enqueue_pipeline_after_sec_repair,747,CURRENT_RULES_WRITER,CURRENT_STATE_REPAIR,pipeline_runs,,PIPELINE,app/services/pipeline_service.py:start_pipeline,CALLER_SESSION; REVIEW_COMMIT_PATH,DURABLE_ONLY; ENTRY_PATH_REVIEW_REQUIRED,app/routers/run_routes.py:run_full_pipeline_action;app/services/background_worker.py:_execute_sec_readiness_repair_job;app/services/ceri/sec/readiness_repair.py:execute_sec_readiness_repair;app/services/ceri/sec/readiness_repair.py:schedule_sec_readiness_repair;app/services/pipeline_service.py:enqueue_pipeline_after_sec_repair;app/services/pipeline_service.py:start_pipeline,app/services/pipeline_service.py:enqueue_pipeline_after_sec_repair,WF_PIPELINE_CONTROL,DOMAIN_SUPPORTING_STATE
app/services/pipeline_service.py:enqueue_pipeline_after_sec_repair,747,CURRENT_RULES_WRITER,CURRENT_STATE_REPAIR,pipeline_steps,,PIPELINE,app/services/pipeline_service.py:start_pipeline,CALLER_SESSION; REVIEW_COMMIT_PATH,DURABLE_ONLY; ENTRY_PATH_REVIEW_REQUIRED,app/routers/run_routes.py:run_full_pipeline_action;app/services/background_worker.py:_execute_sec_readiness_repair_job;app/services/ceri/sec/readiness_repair.py:execute_sec_readiness_repair;app/services/ceri/sec/readiness_repair.py:schedule_sec_readiness_repair;app/services/pipeline_service.py:enqueue_pipeline_after_sec_repair;app/services/pipeline_service.py:start_pipeline,app/services/pipeline_service.py:enqueue_pipeline_after_sec_repair,WF_PIPELINE_CONTROL,DOMAIN_SUPPORTING_STATE
app/services/pipeline_service.py:mark_pipeline_job_failure,554,SHARED_DOMAIN_WRITER,CANONICAL_CALCULATION,pipeline_runs,,PIPELINE,app/services/pipeline_service.py:start_pipeline,CALLER_SESSION; REVIEW_COMMIT_PATH,DURABLE_ONLY; ENTRY_PATH_REVIEW_REQUIRED,app/routers/run_routes.py:resume_run_pipeline_action;app/services/background_job_service.py:mark_job_failed_or_retry;app/services/background_worker.py:run_worker_once;app/services/pipeline_service.py:mark_pipeline_job_failure;app/services/pipeline_service.py:resume_pipeline,app/services/pipeline_service.py:mark_pipeline_job_failure,WF_PIPELINE_CONTROL,DOMAIN_SUPPORTING_STATE
app/services/pipeline_service.py:mark_pipeline_job_failure,554,SHARED_DOMAIN_WRITER,CANONICAL_CALCULATION,pipeline_steps,,PIPELINE,app/services/pipeline_service.py:start_pipeline,CALLER_SESSION; REVIEW_COMMIT_PATH,DURABLE_ONLY; ENTRY_PATH_REVIEW_REQUIRED,app/routers/run_routes.py:resume_run_pipeline_action;app/services/background_job_service.py:mark_job_failed_or_retry;app/services/background_worker.py:run_worker_once;app/services/pipeline_service.py:mark_pipeline_job_failure;app/services/pipeline_service.py:resume_pipeline,app/services/pipeline_service.py:mark_pipeline_job_failure,WF_PIPELINE_CONTROL,DOMAIN_SUPPORTING_STATE
app/services/pipeline_service.py:resume_pipeline,625,SHARED_DOMAIN_WRITER,CANONICAL_CALCULATION,pipeline_runs,,PIPELINE,app/services/pipeline_service.py:start_pipeline,CALLER_SESSION; REVIEW_COMMIT_PATH,DURABLE_ONLY; ENTRY_PATH_REVIEW_REQUIRED,app/routers/run_routes.py:resume_run_pipeline_action;app/services/pipeline_service.py:resume_pipeline,app/services/pipeline_service.py:resume_pipeline,WF_PIPELINE_CONTROL,DOMAIN_SUPPORTING_STATE
app/services/pipeline_service.py:start_pipeline,119,SHARED_DOMAIN_WRITER,CANONICAL_CALCULATION,pipeline_runs,add,PIPELINE,app/services/pipeline_service.py:start_pipeline,CALLER_SESSION; REVIEW_COMMIT_PATH,DURABLE_ONLY; ENTRY_PATH_REVIEW_REQUIRED,app/routers/run_routes.py:run_full_pipeline_action;app/services/pipeline_service.py:start_pipeline,app/services/pipeline_service.py:start_pipeline,WF_PIPELINE_CONTROL,DOMAIN_SUPPORTING_STATE
app/services/pipeline_service.py:start_pipeline,119,SHARED_DOMAIN_WRITER,CANONICAL_CALCULATION,pipeline_steps,add,PIPELINE,app/services/pipeline_service.py:start_pipeline,CALLER_SESSION; REVIEW_COMMIT_PATH,DURABLE_ONLY; ENTRY_PATH_REVIEW_REQUIRED,app/routers/run_routes.py:run_full_pipeline_action;app/services/pipeline_service.py:start_pipeline,app/services/pipeline_service.py:start_pipeline,WF_PIPELINE_CONTROL,DOMAIN_SUPPORTING_STATE
app/services/price_series_version_service.py:maintain_price_series_versions,16,SHARED_DOMAIN_WRITER,CANONICAL_CALCULATION,price_series_versions,add,PRICE,app/services/price_series_version_service.py:maintain_price_series_versions,CALLER_SESSION; REVIEW_COMMIT_PATH,DURABLE_ONLY; ENTRY_PATH_REVIEW_REQUIRED,app/routers/ib_routes.py:fetch_bars;app/routers/market_data_routes.py:queue_market_data_prewarm;app/routers/run_routes.py:fetch_run_ib_bars_action;app/routers/run_routes.py:resume_run_ib_fetch_action;app/routers/run_routes.py:resume_run_pipeline_action;app/routers/run_routes.py:retry_failed_run_ib_fetch_action;app/routers/run_routes.py:run_full_pipeline_action;app/services/background_worker.py:_execute_full_pipeline_job;app/services/background_worker.py:_execute_sec_readiness_repair_job;app/services/bar_cache_service.py:cache_bars;app/services/bar_cache_service.py:ensure_daily_bars;app/services/ceri/sec/readiness_repair.py:execute_sec_readiness_repair;app/services/ceri/sec/readiness_repair.py:schedule_sec_readiness_repair;app/services/ib_fetch_executor.py:execute_fetch_plan;app/services/ib_fetch_job_service.py:execute_durable_fetch_job;app/services/ib_fetch_job_service.py:submit_fetch_job;app/services/market_data_prewarm_service.py:enqueue_market_data_prewarm;app/services/market_data_prewarm_service.py:execute_market_data_prewarm;app/services/market_data_prewarm_service.py:execute_market_data_prewarm_job;app/services/pipeline_executor.py:execute_full_pipeline;app/services/pipeline_service.py:enqueue_pipeline_after_sec_repair;app/services/pipeline_service.py:resume_pipeline;app/services/pipeline_service.py:start_pipeline;app/services/pre_enqueue_operational_gate.py:validate_pre_enqueue_operational_gate;app/services/price_series_version_service.py:maintain_price_series_versions;scripts/winner_ib_request_scope_canary.py:main,app/services/price_series_version_service.py:maintain_price_series_versions,WF_PRICE_SERIES_VERSION,DOMAIN_SUPPORTING_STATE
app/services/ranking_profile_service.py:_copy_ranking_values,432,SHARED_DOMAIN_WRITER,CANONICAL_CALCULATION,ranking_results,,RANKING,app/services/ranking_profile_service.py:_persist_rankings,CALLER_SESSION; REVIEW_COMMIT_PATH,DURABLE_ONLY; ENTRY_PATH_REVIEW_REQUIRED,app/routers/run_routes.py:refresh_all_ranking_profiles_action;app/routers/run_routes.py:refresh_ranking_profile_action;app/routers/run_routes.py:resume_run_pipeline_action;app/routers/run_routes.py:run_full_pipeline_action;app/services/background_worker.py:_execute_full_pipeline_job;app/services/background_worker.py:_execute_sec_readiness_repair_job;app/services/ceri/sec/readiness_repair.py:execute_sec_readiness_repair;app/services/ceri/sec/readiness_repair.py:schedule_sec_readiness_repair;app/services/pipeline_executor.py:execute_full_pipeline;app/services/pipeline_service.py:enqueue_pipeline_after_sec_repair;app/services/pipeline_service.py:resume_pipeline;app/services/pipeline_service.py:start_pipeline;app/services/pre_enqueue_operational_gate.py:validate_pre_enqueue_operational_gate;app/services/ranking_profile_service.py:execute_ranking_pipeline_step;app/services/ranking_profile_service.py:refresh_all_ranking_profiles;app/services/ranking_profile_service.py:refresh_ranking_profile,app/services/ranking_profile_service.py:_copy_ranking_values,WF_RANKING_PERSISTENCE,SEMANTIC_WRITER_MEMBER
app/services/ranking_profile_service.py:_persist_rankings,325,SHARED_DOMAIN_WRITER,CANONICAL_CALCULATION,ranking_results,add_all,RANKING,app/services/ranking_profile_service.py:_persist_rankings,CALLER_SESSION; REVIEW_COMMIT_PATH,DURABLE_ONLY; ENTRY_PATH_REVIEW_REQUIRED,app/routers/run_routes.py:refresh_all_ranking_profiles_action;app/routers/run_routes.py:refresh_ranking_profile_action;app/routers/run_routes.py:resume_run_pipeline_action;app/routers/run_routes.py:run_full_pipeline_action;app/services/background_worker.py:_execute_full_pipeline_job;app/services/background_worker.py:_execute_sec_readiness_repair_job;app/services/ceri/sec/readiness_repair.py:execute_sec_readiness_repair;app/services/ceri/sec/readiness_repair.py:schedule_sec_readiness_repair;app/services/pipeline_executor.py:execute_full_pipeline;app/services/pipeline_service.py:enqueue_pipeline_after_sec_repair;app/services/pipeline_service.py:resume_pipeline;app/services/pipeline_service.py:start_pipeline;app/services/pre_enqueue_operational_gate.py:validate_pre_enqueue_operational_gate;app/services/ranking_profile_service.py:execute_ranking_pipeline_step;app/services/ranking_profile_service.py:refresh_all_ranking_profiles;app/services/ranking_profile_service.py:refresh_ranking_profile,app/services/ranking_profile_service.py:_persist_rankings,WF_RANKING_PERSISTENCE,CANONICAL_SEMANTIC_WRITER
app/services/ranking_profile_service.py:_replace_legacy_ranking,404,LEGACY_WRITER,LEGACY_UNCERTIFIED,ranking_results,add_all,RANKING,app/services/ranking_profile_service.py:_persist_rankings,CALLER_SESSION; REVIEW_COMMIT_PATH,DURABLE_ONLY; ENTRY_PATH_REVIEW_REQUIRED,app/routers/run_routes.py:refresh_all_ranking_profiles_action;app/routers/run_routes.py:refresh_ranking_profile_action;app/routers/run_routes.py:resume_run_pipeline_action;app/routers/run_routes.py:run_full_pipeline_action;app/services/background_worker.py:_execute_full_pipeline_job;app/services/background_worker.py:_execute_sec_readiness_repair_job;app/services/ceri/sec/readiness_repair.py:execute_sec_readiness_repair;app/services/ceri/sec/readiness_repair.py:schedule_sec_readiness_repair;app/services/pipeline_executor.py:execute_full_pipeline;app/services/pipeline_service.py:enqueue_pipeline_after_sec_repair;app/services/pipeline_service.py:resume_pipeline;app/services/pipeline_service.py:start_pipeline;app/services/pre_enqueue_operational_gate.py:validate_pre_enqueue_operational_gate;app/services/ranking_profile_service.py:execute_ranking_pipeline_step;app/services/ranking_profile_service.py:refresh_all_ranking_profiles;app/services/ranking_profile_service.py:refresh_ranking_profile,app/services/ranking_profile_service.py:_replace_legacy_ranking,WF_RANKING_LEGACY_REPLACEMENT,LEGACY_WRITER
app/services/sector_rotation_repository.py:SectorRotationRepository._apply_snapshot_fields,429,SHARED_DOMAIN_WRITER,CANONICAL_CALCULATION,sector_rotation_snapshots,,SECTOR,app/services/sector_rotation_repository.py:SectorRotationRepository.save_snapshot,CALLER_SESSION; REVIEW_COMMIT_PATH,DURABLE_ONLY; ENTRY_PATH_REVIEW_REQUIRED,app/routers/run_routes.py:resume_run_pipeline_action;app/routers/run_routes.py:run_full_pipeline_action;app/routers/sector_rotation_routes.py:api_sector_rotation;app/routers/sector_rotation_routes.py:api_sector_rotation_drilldown;app/routers/sector_rotation_routes.py:recalculate_run_sector_rotation_api;app/routers/sector_rotation_routes.py:sector_rotation_dashboard;app/routers/sector_rotation_routes.py:sector_rotation_drilldown;app/services/background_worker.py:_execute_full_pipeline_job;app/services/background_worker.py:_execute_sec_readiness_repair_job;app/services/ceri/sec/readiness_repair.py:execute_sec_readiness_repair;app/services/ceri/sec/readiness_repair.py:schedule_sec_readiness_repair;app/services/pipeline_executor.py:build_sector_rotation_snapshot_for_run;app/services/pipeline_executor.py:execute_full_pipeline;app/services/pipeline_service.py:enqueue_pipeline_after_sec_repair;app/services/pipeline_service.py:resume_pipeline;app/services/pipeline_service.py:start_pipeline;app/services/pre_enqueue_operational_gate.py:validate_pre_enqueue_operational_gate;app/services/sector_rotation_repository.py:SectorRotationRepository.save_snapshot;app/services/sector_rotation_service.py:SectorRotationService.build_sector_rotation_snapshot;app/services/sector_rotation_service.py:build_sector_rotation_snapshot,app/services/sector_rotation_repository.py:SectorRotationRepository._apply_snapshot_fields,WF_SECTOR_SNAPSHOT,SEMANTIC_WRITER_MEMBER
app/services/sector_rotation_repository.py:SectorRotationRepository._supersede_previous_revision,417,SHARED_DOMAIN_WRITER,CANONICAL_CALCULATION,sector_rotation_snapshots,,SECTOR,app/services/sector_rotation_repository.py:SectorRotationRepository.save_snapshot,CALLER_SESSION; REVIEW_COMMIT_PATH,DURABLE_ONLY; ENTRY_PATH_REVIEW_REQUIRED,app/routers/run_routes.py:resume_run_pipeline_action;app/routers/run_routes.py:run_full_pipeline_action;app/routers/sector_rotation_routes.py:api_sector_rotation;app/routers/sector_rotation_routes.py:api_sector_rotation_drilldown;app/routers/sector_rotation_routes.py:recalculate_run_sector_rotation_api;app/routers/sector_rotation_routes.py:sector_rotation_dashboard;app/routers/sector_rotation_routes.py:sector_rotation_drilldown;app/services/background_worker.py:_execute_full_pipeline_job;app/services/background_worker.py:_execute_sec_readiness_repair_job;app/services/ceri/sec/readiness_repair.py:execute_sec_readiness_repair;app/services/ceri/sec/readiness_repair.py:schedule_sec_readiness_repair;app/services/pipeline_executor.py:build_sector_rotation_snapshot_for_run;app/services/pipeline_executor.py:execute_full_pipeline;app/services/pipeline_service.py:enqueue_pipeline_after_sec_repair;app/services/pipeline_service.py:resume_pipeline;app/services/pipeline_service.py:start_pipeline;app/services/pre_enqueue_operational_gate.py:validate_pre_enqueue_operational_gate;app/services/sector_rotation_repository.py:SectorRotationRepository.save_snapshot;app/services/sector_rotation_service.py:SectorRotationService.build_sector_rotation_snapshot;app/services/sector_rotation_service.py:build_sector_rotation_snapshot,app/services/sector_rotation_repository.py:SectorRotationRepository._supersede_previous_revision,WF_SECTOR_SNAPSHOT,SEMANTIC_WRITER_MEMBER
app/services/sector_rotation_repository.py:SectorRotationRepository.save_snapshot,98,SHARED_DOMAIN_WRITER,CANONICAL_CALCULATION,sector_rotation_rows,add;add_all,SECTOR,app/services/sector_rotation_repository.py:SectorRotationRepository.save_snapshot,CALLER_SESSION; REVIEW_COMMIT_PATH,DURABLE_ONLY; ENTRY_PATH_REVIEW_REQUIRED,app/routers/run_routes.py:resume_run_pipeline_action;app/routers/run_routes.py:run_full_pipeline_action;app/routers/sector_rotation_routes.py:api_sector_rotation;app/routers/sector_rotation_routes.py:api_sector_rotation_drilldown;app/routers/sector_rotation_routes.py:recalculate_run_sector_rotation_api;app/routers/sector_rotation_routes.py:sector_rotation_dashboard;app/routers/sector_rotation_routes.py:sector_rotation_drilldown;app/services/background_worker.py:_execute_full_pipeline_job;app/services/background_worker.py:_execute_sec_readiness_repair_job;app/services/ceri/sec/readiness_repair.py:execute_sec_readiness_repair;app/services/ceri/sec/readiness_repair.py:schedule_sec_readiness_repair;app/services/pipeline_executor.py:build_sector_rotation_snapshot_for_run;app/services/pipeline_executor.py:execute_full_pipeline;app/services/pipeline_service.py:enqueue_pipeline_after_sec_repair;app/services/pipeline_service.py:resume_pipeline;app/services/pipeline_service.py:start_pipeline;app/services/pre_enqueue_operational_gate.py:validate_pre_enqueue_operational_gate;app/services/sector_rotation_repository.py:SectorRotationRepository.save_snapshot;app/services/sector_rotation_service.py:SectorRotationService.build_sector_rotation_snapshot;app/services/sector_rotation_service.py:build_sector_rotation_snapshot,app/services/sector_rotation_repository.py:SectorRotationRepository.save_snapshot,WF_SECTOR_SNAPSHOT,CANONICAL_SEMANTIC_WRITER
app/services/sector_rotation_repository.py:SectorRotationRepository.save_snapshot,98,SHARED_DOMAIN_WRITER,CANONICAL_CALCULATION,sector_rotation_snapshots,add;add_all,SECTOR,app/services/sector_rotation_repository.py:SectorRotationRepository.save_snapshot,CALLER_SESSION; REVIEW_COMMIT_PATH,DURABLE_ONLY; ENTRY_PATH_REVIEW_REQUIRED,app/routers/run_routes.py:resume_run_pipeline_action;app/routers/run_routes.py:run_full_pipeline_action;app/routers/sector_rotation_routes.py:api_sector_rotation;app/routers/sector_rotation_routes.py:api_sector_rotation_drilldown;app/routers/sector_rotation_routes.py:recalculate_run_sector_rotation_api;app/routers/sector_rotation_routes.py:sector_rotation_dashboard;app/routers/sector_rotation_routes.py:sector_rotation_drilldown;app/services/background_worker.py:_execute_full_pipeline_job;app/services/background_worker.py:_execute_sec_readiness_repair_job;app/services/ceri/sec/readiness_repair.py:execute_sec_readiness_repair;app/services/ceri/sec/readiness_repair.py:schedule_sec_readiness_repair;app/services/pipeline_executor.py:build_sector_rotation_snapshot_for_run;app/services/pipeline_executor.py:execute_full_pipeline;app/services/pipeline_service.py:enqueue_pipeline_after_sec_repair;app/services/pipeline_service.py:resume_pipeline;app/services/pipeline_service.py:start_pipeline;app/services/pre_enqueue_operational_gate.py:validate_pre_enqueue_operational_gate;app/services/sector_rotation_repository.py:SectorRotationRepository.save_snapshot;app/services/sector_rotation_service.py:SectorRotationService.build_sector_rotation_snapshot;app/services/sector_rotation_service.py:build_sector_rotation_snapshot,app/services/sector_rotation_repository.py:SectorRotationRepository.save_snapshot,WF_SECTOR_SNAPSHOT,CANONICAL_SEMANTIC_WRITER
app/services/setup_lifecycle/alert_service.py:SetupLifecycleAlertService.seed_builtin_rules,68,SHARED_DOMAIN_WRITER,BOOTSTRAP,signal_alert_rules,execute,ALERT_DECISION,app/services/setup_lifecycle/decision_evidence.py:persist_alert_rule_evidence,CALLER_SESSION; REVIEW_COMMIT_PATH,DURABLE_ONLY; ENTRY_PATH_REVIEW_REQUIRED,app/routers/setup_lifecycle_routes.py:evaluate_setup_lifecycle_run;app/services/setup_lifecycle/alert_service.py:SetupLifecycleAlertService.seed_builtin_rules;app/services/setup_lifecycle/evaluation_service.py:SetupLifecycleEvaluationService.evaluate_run;app/services/setup_lifecycle/evaluation_service.py:evaluate_setup_lifecycles_for_run;app/services/setup_lifecycle/job_handlers.py:execute_alert_rebuild_job;app/services/setup_lifecycle/job_handlers.py:execute_evaluate_run_job;app/services/setup_lifecycle/maintenance_service.py:SetupLifecycleMaintenanceService.rebuild_alerts;scripts/qa/certify_slse_natural.py:main;scripts/qa/rebuild_slse_dev_history.py:main,app/services/setup_lifecycle/alert_service.py:SetupLifecycleAlertService.seed_builtin_rules,WF_SETUP_ALERT_RULE_BOOTSTRAP,CANONICAL_SEMANTIC_WRITER
app/services/setup_lifecycle/decision_evidence.py:persist_alert_decision_evidence,626,SHARED_DOMAIN_WRITER,CANONICAL_CALCULATION,signal_alert_decision_evidence,add,ALERT_DECISION,app/services/setup_lifecycle/decision_evidence.py:persist_alert_decision_evidence,CALLER_SESSION; REVIEW_COMMIT_PATH,DURABLE_ONLY; ENTRY_PATH_REVIEW_REQUIRED,app/routers/setup_lifecycle_routes.py:evaluate_setup_lifecycle_run;app/services/setup_lifecycle/alert_service.py:SetupLifecycleAlertService.evaluate_episode_result;app/services/setup_lifecycle/alert_service.py:SetupLifecycleAlertService.evaluate_lifecycle_event;app/services/setup_lifecycle/alert_service.py:SetupLifecycleAlertService.evaluate_signal_change_events;app/services/setup_lifecycle/decision_evidence.py:persist_alert_decision_evidence;app/services/setup_lifecycle/evaluation_service.py:SetupLifecycleEvaluationService.evaluate_run;app/services/setup_lifecycle/evaluation_service.py:evaluate_setup_lifecycles_for_run;app/services/setup_lifecycle/job_handlers.py:execute_alert_rebuild_job;app/services/setup_lifecycle/job_handlers.py:execute_evaluate_run_job;app/services/setup_lifecycle/job_handlers.py:execute_repair_ticker_job;app/services/setup_lifecycle/maintenance_service.py:SetupLifecycleMaintenanceService.rebuild_alerts;app/services/setup_lifecycle/maintenance_service.py:SetupLifecycleMaintenanceService.repair_ticker;scripts/qa/certify_slse_natural.py:main;scripts/qa/rebuild_slse_dev_history.py:main,app/services/setup_lifecycle/decision_evidence.py:persist_alert_decision_evidence,WF_SETUP_DECISION_EVIDENCE,DOMAIN_SUPPORTING_STATE
app/services/setup_lifecycle/decision_evidence.py:persist_alert_rule_evidence,557,SHARED_DOMAIN_WRITER,CANONICAL_CALCULATION,signal_alert_rule_evidence,add,ALERT_DECISION,app/services/setup_lifecycle/decision_evidence.py:persist_alert_rule_evidence,CALLER_SESSION; REVIEW_COMMIT_PATH,DURABLE_ONLY; ENTRY_PATH_REVIEW_REQUIRED,app/routers/setup_lifecycle_routes.py:evaluate_setup_lifecycle_run;app/services/setup_lifecycle/alert_service.py:SetupLifecycleAlertService.evaluate_episode_result;app/services/setup_lifecycle/alert_service.py:SetupLifecycleAlertService.evaluate_lifecycle_event;app/services/setup_lifecycle/alert_service.py:SetupLifecycleAlertService.evaluate_signal_change_events;app/services/setup_lifecycle/decision_evidence.py:persist_alert_decision_evidence;app/services/setup_lifecycle/decision_evidence.py:persist_alert_rule_evidence;app/services/setup_lifecycle/evaluation_service.py:SetupLifecycleEvaluationService.evaluate_run;app/services/setup_lifecycle/evaluation_service.py:evaluate_setup_lifecycles_for_run;app/services/setup_lifecycle/job_handlers.py:execute_alert_rebuild_job;app/services/setup_lifecycle/job_handlers.py:execute_evaluate_run_job;app/services/setup_lifecycle/job_handlers.py:execute_repair_ticker_job;app/services/setup_lifecycle/maintenance_service.py:SetupLifecycleMaintenanceService.rebuild_alerts;app/services/setup_lifecycle/maintenance_service.py:SetupLifecycleMaintenanceService.repair_ticker;scripts/qa/certify_slse_natural.py:main;scripts/qa/rebuild_slse_dev_history.py:main,app/services/setup_lifecycle/decision_evidence.py:persist_alert_rule_evidence,WF_SETUP_ALERT_RULE_EVIDENCE,DOMAIN_SUPPORTING_STATE
app/services/setup_lifecycle/decision_evidence.py:persist_lifecycle_evaluation_evidence,119,SHARED_DOMAIN_WRITER,CANONICAL_CALCULATION,setup_lifecycle_evaluation_evidence,add,LIFECYCLE_EVALUATION,app/services/setup_lifecycle/decision_evidence.py:persist_lifecycle_evaluation_evidence,CALLER_SESSION; REVIEW_COMMIT_PATH,DURABLE_ONLY; ENTRY_PATH_REVIEW_REQUIRED,app/routers/setup_lifecycle_routes.py:evaluate_setup_lifecycle_run;app/routers/setup_lifecycle_routes.py:replay_setup_lifecycle;app/services/setup_lifecycle/decision_evidence.py:persist_lifecycle_evaluation_evidence;app/services/setup_lifecycle/episode_service.py:SetupLifecycleEpisodeService.apply_snapshot;app/services/setup_lifecycle/evaluation_service.py:SetupLifecycleEvaluationService.evaluate_run;app/services/setup_lifecycle/evaluation_service.py:evaluate_setup_lifecycles_for_run;app/services/setup_lifecycle/job_handlers.py:execute_evaluate_run_job;app/services/setup_lifecycle/job_handlers.py:execute_repair_ticker_job;app/services/setup_lifecycle/job_handlers.py:execute_replay_job;app/services/setup_lifecycle/maintenance_service.py:SetupLifecycleMaintenanceService.repair_ticker;app/services/setup_lifecycle/replay_service.py:SetupLifecycleReplayService.replay;scripts/qa/certify_slse_natural.py:main;scripts/qa/rebuild_slse_dev_history.py:main,app/services/setup_lifecycle/decision_evidence.py:persist_lifecycle_evaluation_evidence,WF_LIFECYCLE_EVALUATION_EVIDENCE,DOMAIN_SUPPORTING_STATE
app/services/setup_lifecycle/decision_evidence.py:persist_lifecycle_transition_evidence,330,SHARED_DOMAIN_WRITER,CANONICAL_CALCULATION,setup_lifecycle_transition_evidence,add,LIFECYCLE_TRANSITION,app/services/setup_lifecycle/decision_evidence.py:persist_lifecycle_transition_evidence,CALLER_SESSION; REVIEW_COMMIT_PATH,DURABLE_ONLY; ENTRY_PATH_REVIEW_REQUIRED,app/routers/setup_lifecycle_routes.py:evaluate_setup_lifecycle_run;app/services/setup_lifecycle/decision_evidence.py:persist_lifecycle_transition_evidence;app/services/setup_lifecycle/episode_service.py:SetupLifecycleEpisodeService.apply_observation_gap;app/services/setup_lifecycle/episode_service.py:SetupLifecycleEpisodeService.apply_snapshot;app/services/setup_lifecycle/evaluation_service.py:SetupLifecycleEvaluationService.evaluate_run;app/services/setup_lifecycle/evaluation_service.py:evaluate_setup_lifecycles_for_run;app/services/setup_lifecycle/job_handlers.py:execute_daily_maintenance_job;app/services/setup_lifecycle/job_handlers.py:execute_evaluate_run_job;app/services/setup_lifecycle/job_handlers.py:execute_repair_ticker_job;app/services/setup_lifecycle/maintenance_service.py:SetupLifecycleMaintenanceService.daily_maintenance;app/services/setup_lifecycle/maintenance_service.py:SetupLifecycleMaintenanceService.repair_ticker;scripts/qa/certify_slse_natural.py:main;scripts/qa/rebuild_slse_dev_history.py:main,app/services/setup_lifecycle/decision_evidence.py:persist_lifecycle_transition_evidence,WF_LIFECYCLE_TRANSITION_EVIDENCE,DOMAIN_SUPPORTING_STATE
app/services/setup_lifecycle/decision_evidence.py:persist_observation_gap_evaluation_evidence,403,SHARED_DOMAIN_WRITER,CANONICAL_CALCULATION,setup_lifecycle_evaluation_evidence,add,LIFECYCLE_EVALUATION,app/services/setup_lifecycle/decision_evidence.py:persist_lifecycle_evaluation_evidence,CALLER_SESSION; REVIEW_COMMIT_PATH,DURABLE_ONLY; ENTRY_PATH_REVIEW_REQUIRED,app/services/setup_lifecycle/decision_evidence.py:persist_observation_gap_evaluation_evidence;app/services/setup_lifecycle/episode_service.py:SetupLifecycleEpisodeService.apply_observation_gap;app/services/setup_lifecycle/job_handlers.py:execute_daily_maintenance_job;app/services/setup_lifecycle/maintenance_service.py:SetupLifecycleMaintenanceService.daily_maintenance,app/services/setup_lifecycle/decision_evidence.py:persist_observation_gap_evaluation_evidence,WF_LIFECYCLE_OBSERVATION_GAP,DOMAIN_SUPPORTING_STATE
app/services/setup_lifecycle/episode_service.py:SetupLifecycleEpisodeService._apply_snapshot_denormalization,638,SHARED_DOMAIN_WRITER,CANONICAL_CALCULATION,setup_signal_snapshots,,SETUP,app/services/setup_lifecycle/repository.py:SetupLifecycleRepository.upsert_snapshot,CALLER_SESSION; REVIEW_COMMIT_PATH,DURABLE_ONLY; ENTRY_PATH_REVIEW_REQUIRED,app/routers/setup_lifecycle_routes.py:evaluate_setup_lifecycle_run;app/services/setup_lifecycle/episode_service.py:SetupLifecycleEpisodeService.apply_snapshot;app/services/setup_lifecycle/evaluation_service.py:SetupLifecycleEvaluationService.evaluate_run;app/services/setup_lifecycle/evaluation_service.py:evaluate_setup_lifecycles_for_run;app/services/setup_lifecycle/job_handlers.py:execute_evaluate_run_job;app/services/setup_lifecycle/job_handlers.py:execute_repair_ticker_job;app/services/setup_lifecycle/maintenance_service.py:SetupLifecycleMaintenanceService.repair_ticker;scripts/qa/certify_slse_natural.py:main;scripts/qa/rebuild_slse_dev_history.py:main,app/services/setup_lifecycle/episode_service.py:SetupLifecycleEpisodeService._apply_snapshot_denormalization,WF_LIFECYCLE_EPISODE,SEMANTIC_WRITER_MEMBER
app/services/setup_lifecycle/episode_service.py:SetupLifecycleEpisodeService._close_episode,577,SHARED_DOMAIN_WRITER,CANONICAL_CALCULATION,setup_lifecycle_episodes,,LIFECYCLE_TRANSITION,app/services/setup_lifecycle/episode_service.py:SetupLifecycleEpisodeService.apply_snapshot,CALLER_SESSION; REVIEW_COMMIT_PATH,DURABLE_ONLY; ENTRY_PATH_REVIEW_REQUIRED,app/routers/setup_lifecycle_routes.py:evaluate_setup_lifecycle_run;app/services/setup_lifecycle/episode_service.py:SetupLifecycleEpisodeService.apply_observation_gap;app/services/setup_lifecycle/episode_service.py:SetupLifecycleEpisodeService.apply_snapshot;app/services/setup_lifecycle/evaluation_service.py:SetupLifecycleEvaluationService.evaluate_run;app/services/setup_lifecycle/evaluation_service.py:evaluate_setup_lifecycles_for_run;app/services/setup_lifecycle/job_handlers.py:execute_daily_maintenance_job;app/services/setup_lifecycle/job_handlers.py:execute_evaluate_run_job;app/services/setup_lifecycle/job_handlers.py:execute_repair_ticker_job;app/services/setup_lifecycle/maintenance_service.py:SetupLifecycleMaintenanceService.daily_maintenance;app/services/setup_lifecycle/maintenance_service.py:SetupLifecycleMaintenanceService.repair_ticker;scripts/qa/certify_slse_natural.py:main;scripts/qa/rebuild_slse_dev_history.py:main,app/services/setup_lifecycle/episode_service.py:SetupLifecycleEpisodeService._close_episode,WF_LIFECYCLE_EPISODE,SEMANTIC_WRITER_MEMBER
app/services/setup_lifecycle/episode_service.py:SetupLifecycleEpisodeService._maybe_open_episode,299,SHARED_DOMAIN_WRITER,CANONICAL_CALCULATION,setup_lifecycle_episodes,add,LIFECYCLE_TRANSITION,app/services/setup_lifecycle/episode_service.py:SetupLifecycleEpisodeService.apply_snapshot,CALLER_SESSION; REVIEW_COMMIT_PATH,DURABLE_ONLY; ENTRY_PATH_REVIEW_REQUIRED,app/routers/setup_lifecycle_routes.py:evaluate_setup_lifecycle_run;app/services/setup_lifecycle/episode_service.py:SetupLifecycleEpisodeService.apply_snapshot;app/services/setup_lifecycle/evaluation_service.py:SetupLifecycleEvaluationService.evaluate_run;app/services/setup_lifecycle/evaluation_service.py:evaluate_setup_lifecycles_for_run;app/services/setup_lifecycle/job_handlers.py:execute_evaluate_run_job;app/services/setup_lifecycle/job_handlers.py:execute_repair_ticker_job;app/services/setup_lifecycle/maintenance_service.py:SetupLifecycleMaintenanceService.repair_ticker;scripts/qa/certify_slse_natural.py:main;scripts/qa/rebuild_slse_dev_history.py:main,app/services/setup_lifecycle/episode_service.py:SetupLifecycleEpisodeService._maybe_open_episode,WF_LIFECYCLE_EPISODE,SEMANTIC_WRITER_MEMBER
app/services/setup_lifecycle/episode_service.py:SetupLifecycleEpisodeService._update_episode,393,SHARED_DOMAIN_WRITER,CANONICAL_CALCULATION,setup_lifecycle_episodes,,LIFECYCLE_TRANSITION,app/services/setup_lifecycle/episode_service.py:SetupLifecycleEpisodeService.apply_snapshot,CALLER_SESSION; REVIEW_COMMIT_PATH,DURABLE_ONLY; ENTRY_PATH_REVIEW_REQUIRED,app/routers/setup_lifecycle_routes.py:evaluate_setup_lifecycle_run;app/services/setup_lifecycle/episode_service.py:SetupLifecycleEpisodeService.apply_snapshot;app/services/setup_lifecycle/evaluation_service.py:SetupLifecycleEvaluationService.evaluate_run;app/services/setup_lifecycle/evaluation_service.py:evaluate_setup_lifecycles_for_run;app/services/setup_lifecycle/job_handlers.py:execute_evaluate_run_job;app/services/setup_lifecycle/job_handlers.py:execute_repair_ticker_job;app/services/setup_lifecycle/maintenance_service.py:SetupLifecycleMaintenanceService.repair_ticker;scripts/qa/certify_slse_natural.py:main;scripts/qa/rebuild_slse_dev_history.py:main,app/services/setup_lifecycle/episode_service.py:SetupLifecycleEpisodeService._update_episode,WF_LIFECYCLE_EPISODE,CANONICAL_SEMANTIC_WRITER
app/services/setup_lifecycle/episode_service.py:SetupLifecycleEpisodeService.refresh_primary_status,278,SHARED_DOMAIN_WRITER,CANONICAL_CALCULATION,setup_lifecycle_episodes,,LIFECYCLE_TRANSITION,app/services/setup_lifecycle/episode_service.py:SetupLifecycleEpisodeService.apply_snapshot,CALLER_SESSION; REVIEW_COMMIT_PATH,DURABLE_ONLY; ENTRY_PATH_REVIEW_REQUIRED,app/routers/setup_lifecycle_routes.py:evaluate_setup_lifecycle_run;app/services/setup_lifecycle/episode_service.py:SetupLifecycleEpisodeService.apply_snapshot;app/services/setup_lifecycle/episode_service.py:SetupLifecycleEpisodeService.refresh_primary_status;app/services/setup_lifecycle/episode_service.py:SetupLifecycleEpisodeService.refresh_primary_statuses;app/services/setup_lifecycle/evaluation_service.py:SetupLifecycleEvaluationService.evaluate_run;app/services/setup_lifecycle/evaluation_service.py:evaluate_setup_lifecycles_for_run;app/services/setup_lifecycle/job_handlers.py:execute_evaluate_run_job;app/services/setup_lifecycle/job_handlers.py:execute_repair_ticker_job;app/services/setup_lifecycle/maintenance_service.py:SetupLifecycleMaintenanceService.repair_ticker;scripts/qa/certify_slse_natural.py:main;scripts/qa/rebuild_slse_dev_history.py:main,app/services/setup_lifecycle/episode_service.py:SetupLifecycleEpisodeService.refresh_primary_status,WF_LIFECYCLE_EPISODE,SEMANTIC_WRITER_MEMBER
app/services/setup_lifecycle/episode_service.py:SetupLifecycleEpisodeService.refresh_primary_statuses,288,SHARED_DOMAIN_WRITER,CANONICAL_CALCULATION,setup_lifecycle_episodes,,LIFECYCLE_TRANSITION,app/services/setup_lifecycle/episode_service.py:SetupLifecycleEpisodeService.apply_snapshot,CALLER_SESSION; REVIEW_COMMIT_PATH,DURABLE_ONLY; ENTRY_PATH_REVIEW_REQUIRED,app/routers/setup_lifecycle_routes.py:evaluate_setup_lifecycle_run;app/services/setup_lifecycle/episode_service.py:SetupLifecycleEpisodeService.refresh_primary_statuses;app/services/setup_lifecycle/evaluation_service.py:SetupLifecycleEvaluationService.evaluate_run;app/services/setup_lifecycle/evaluation_service.py:evaluate_setup_lifecycles_for_run;app/services/setup_lifecycle/job_handlers.py:execute_evaluate_run_job;scripts/qa/certify_slse_natural.py:main;scripts/qa/rebuild_slse_dev_history.py:main,app/services/setup_lifecycle/episode_service.py:SetupLifecycleEpisodeService.refresh_primary_statuses,WF_LIFECYCLE_EPISODE,SEMANTIC_WRITER_MEMBER
app/services/setup_lifecycle/job_handlers.py:execute_daily_maintenance_job,118,OPERATIONAL_WRITER,OPERATIONAL,background_jobs,,OPERATIONAL,NOT_APPLICABLE,CALLER_SESSION; REVIEW_COMMIT_PATH,DURABLE_ONLY; ENTRY_PATH_REVIEW_REQUIRED,app/services/setup_lifecycle/job_handlers.py:execute_daily_maintenance_job,app/services/setup_lifecycle/job_handlers.py:execute_daily_maintenance_job,OPERATIONAL_ONLY,OPERATIONAL_WRITER
app/services/setup_lifecycle/job_handlers.py:execute_evaluate_run_job,42,OPERATIONAL_WRITER,OPERATIONAL,background_jobs,,OPERATIONAL,NOT_APPLICABLE,CALLER_SESSION; REVIEW_COMMIT_PATH,DURABLE_ONLY; ENTRY_PATH_REVIEW_REQUIRED,app/routers/setup_lifecycle_routes.py:evaluate_setup_lifecycle_run;app/services/setup_lifecycle/job_handlers.py:execute_evaluate_run_job,app/services/setup_lifecycle/job_handlers.py:execute_evaluate_run_job,OPERATIONAL_ONLY,OPERATIONAL_WRITER
app/services/setup_lifecycle/repository.py:SetupLifecycleRepository._apply_snapshot_fields,1642,SHARED_DOMAIN_WRITER,CANONICAL_CALCULATION,setup_signal_snapshots,,SETUP,app/services/setup_lifecycle/repository.py:SetupLifecycleRepository.upsert_snapshot,CALLER_SESSION; REVIEW_COMMIT_PATH,DURABLE_ONLY; ENTRY_PATH_REVIEW_REQUIRED,app/routers/setup_lifecycle_routes.py:evaluate_setup_lifecycle_run;app/services/setup_lifecycle/evaluation_service.py:SetupLifecycleEvaluationService.evaluate_run;app/services/setup_lifecycle/evaluation_service.py:evaluate_setup_lifecycles_for_run;app/services/setup_lifecycle/job_handlers.py:execute_evaluate_run_job;app/services/setup_lifecycle/repository.py:SetupLifecycleRepository.upsert_snapshot;app/services/setup_lifecycle/repository.py:SetupLifecycleRepository.upsert_snapshots;app/services/setup_lifecycle/snapshot_builder.py:SetupLifecycleSnapshotCaptureService.capture_snapshots_for_run;app/services/setup_lifecycle/snapshot_builder.py:capture_snapshots_for_run;scripts/qa/certify_slse_natural.py:main;scripts/qa/rebuild_slse_dev_history.py:main,app/services/setup_lifecycle/repository.py:SetupLifecycleRepository._apply_snapshot_fields,WF_SETUP_PERSISTENCE,SEMANTIC_WRITER_MEMBER
app/services/setup_lifecycle/repository.py:SetupLifecycleRepository._delete_selected,1777,SHARED_DOMAIN_WRITER,CANONICAL_CALCULATION,setup_lifecycle_episodes,execute,LIFECYCLE_TRANSITION,app/services/setup_lifecycle/episode_service.py:SetupLifecycleEpisodeService.apply_snapshot,CALLER_SESSION; REVIEW_COMMIT_PATH,DURABLE_ONLY; ENTRY_PATH_REVIEW_REQUIRED,app/services/setup_lifecycle/purge_service.py:SetupLifecyclePurgeService.execute;app/services/setup_lifecycle/repository.py:SetupLifecycleRepository.execute_purge;scripts/qa/rebuild_slse_dev_history.py:main,app/services/setup_lifecycle/repository.py:SetupLifecycleRepository._delete_selected,WF_SETUP_DERIVED_PURGE,CANONICAL_SEMANTIC_WRITER
app/services/setup_lifecycle/repository.py:SetupLifecycleRepository._delete_selected,1777,SHARED_DOMAIN_WRITER,CANONICAL_CALCULATION,setup_lifecycle_evaluation_runs,execute,LIFECYCLE_EVALUATION,app/services/setup_lifecycle/evaluation_service.py:SetupLifecycleEvaluationService.evaluate_run,CALLER_SESSION; REVIEW_COMMIT_PATH,DURABLE_ONLY; ENTRY_PATH_REVIEW_REQUIRED,app/services/setup_lifecycle/purge_service.py:SetupLifecyclePurgeService.execute;app/services/setup_lifecycle/repository.py:SetupLifecycleRepository.execute_purge;scripts/qa/rebuild_slse_dev_history.py:main,app/services/setup_lifecycle/repository.py:SetupLifecycleRepository._delete_selected,WF_SETUP_DERIVED_PURGE,CANONICAL_SEMANTIC_WRITER
app/services/setup_lifecycle/repository.py:SetupLifecycleRepository._delete_selected,1777,SHARED_DOMAIN_WRITER,CANONICAL_CALCULATION,setup_lifecycle_events,execute,LIFECYCLE_TRANSITION,app/services/setup_lifecycle/episode_service.py:SetupLifecycleEpisodeService.apply_snapshot,CALLER_SESSION; REVIEW_COMMIT_PATH,DURABLE_ONLY; ENTRY_PATH_REVIEW_REQUIRED,app/services/setup_lifecycle/purge_service.py:SetupLifecyclePurgeService.execute;app/services/setup_lifecycle/repository.py:SetupLifecycleRepository.execute_purge;scripts/qa/rebuild_slse_dev_history.py:main,app/services/setup_lifecycle/repository.py:SetupLifecycleRepository._delete_selected,WF_SETUP_DERIVED_PURGE,CANONICAL_SEMANTIC_WRITER
app/services/setup_lifecycle/repository.py:SetupLifecycleRepository._delete_selected,1777,SHARED_DOMAIN_WRITER,CANONICAL_CALCULATION,setup_signal_snapshots,execute,SETUP,app/services/setup_lifecycle/repository.py:SetupLifecycleRepository.upsert_snapshot,CALLER_SESSION; REVIEW_COMMIT_PATH,DURABLE_ONLY; ENTRY_PATH_REVIEW_REQUIRED,app/services/setup_lifecycle/purge_service.py:SetupLifecyclePurgeService.execute;app/services/setup_lifecycle/repository.py:SetupLifecycleRepository.execute_purge;scripts/qa/rebuild_slse_dev_history.py:main,app/services/setup_lifecycle/repository.py:SetupLifecycleRepository._delete_selected,WF_SETUP_DERIVED_PURGE,CANONICAL_SEMANTIC_WRITER
app/services/setup_lifecycle/repository.py:SetupLifecycleRepository._delete_selected,1777,SHARED_DOMAIN_WRITER,CANONICAL_CALCULATION,signal_alert_events,execute,ALERT_DECISION,app/services/setup_lifecycle/alert_service.py:SetupLifecycleAlertService._persist_alert,CALLER_SESSION; REVIEW_COMMIT_PATH,DURABLE_ONLY; ENTRY_PATH_REVIEW_REQUIRED,app/services/setup_lifecycle/purge_service.py:SetupLifecyclePurgeService.execute;app/services/setup_lifecycle/repository.py:SetupLifecycleRepository.execute_purge;scripts/qa/rebuild_slse_dev_history.py:main,app/services/setup_lifecycle/repository.py:SetupLifecycleRepository._delete_selected,WF_SETUP_DERIVED_PURGE,CANONICAL_SEMANTIC_WRITER
app/services/setup_lifecycle/repository.py:SetupLifecycleRepository._delete_selected,1777,SHARED_DOMAIN_WRITER,CANONICAL_CALCULATION,signal_change_events,execute,SETUP,app/services/setup_lifecycle/change_detector.py:SetupLifecycleChangeDetector.detect_and_persist,CALLER_SESSION; REVIEW_COMMIT_PATH,DURABLE_ONLY; ENTRY_PATH_REVIEW_REQUIRED,app/services/setup_lifecycle/purge_service.py:SetupLifecyclePurgeService.execute;app/services/setup_lifecycle/repository.py:SetupLifecycleRepository.execute_purge;scripts/qa/rebuild_slse_dev_history.py:main,app/services/setup_lifecycle/repository.py:SetupLifecycleRepository._delete_selected,WF_SETUP_DERIVED_PURGE,CANONICAL_SEMANTIC_WRITER
app/services/setup_lifecycle/repository.py:SetupLifecycleRepository.add,1530,SHARED_DOMAIN_WRITER,CANONICAL_CALCULATION,setup_lifecycle_administrative_audit_events,add,OPERATIONAL,NOT_APPLICABLE,CALLER_SESSION; REVIEW_COMMIT_PATH,DURABLE_ONLY; ENTRY_PATH_REVIEW_REQUIRED,app/routers/setup_lifecycle_routes.py:evaluate_setup_lifecycle_run;app/routers/setup_lifecycle_routes.py:queue_setup_lifecycle_evaluation;app/routers/setup_lifecycle_routes.py:replay_setup_lifecycle;app/services/setup_lifecycle/alert_service.py:SetupLifecycleAlertService.evaluate_episode_result;app/services/setup_lifecycle/alert_service.py:SetupLifecycleAlertService.evaluate_lifecycle_event;app/services/setup_lifecycle/alert_service.py:SetupLifecycleAlertService.evaluate_signal_change_events;app/services/setup_lifecycle/canonicalization.py:SetupLifecycleCanonicalizer.canonicalize_run;app/services/setup_lifecycle/canonicalization.py:SetupLifecycleCanonicalizer.canonicalize_snapshots;app/services/setup_lifecycle/change_detector.py:SetupLifecycleChangeDetector.detect_and_persist;app/services/setup_lifecycle/episode_service.py:SetupLifecycleEpisodeService.apply_observation_gap;app/services/setup_lifecycle/episode_service.py:SetupLifecycleEpisodeService.apply_snapshot;app/services/setup_lifecycle/evaluation_service.py:SetupLifecycleEvaluationService.evaluate_run;app/services/setup_lifecycle/evaluation_service.py:evaluate_setup_lifecycles_for_run;app/services/setup_lifecycle/job_handlers.py:execute_alert_rebuild_job;app/services/setup_lifecycle/job_handlers.py:execute_daily_maintenance_job;app/services/setup_lifecycle/job_handlers.py:execute_evaluate_run_job;app/services/setup_lifecycle/job_handlers.py:execute_repair_ticker_job;app/services/setup_lifecycle/job_handlers.py:execute_replay_job;app/services/setup_lifecycle/maintenance_service.py:SetupLifecycleMaintenanceService.daily_maintenance;app/services/setup_lifecycle/maintenance_service.py:SetupLifecycleMaintenanceService.rebuild_alerts;app/services/setup_lifecycle/maintenance_service.py:SetupLifecycleMaintenanceService.repair_ticker;app/services/setup_lifecycle/purge_service.py:SetupLifecyclePurgeService.execute;app/services/setup_lifecycle/replay_service.py:SetupLifecycleReplayService.replay;app/services/setup_lifecycle/repository.py:SetupLifecycleRepository.add;app/services/setup_lifecycle/repository.py:SetupLifecycleRepository.add_alert_event;app/services/setup_lifecycle/repository.py:SetupLifecycleRepository.add_lifecycle_event;app/services/setup_lifecycle/repository.py:SetupLifecycleRepository.add_new_lifecycle_event;app/services/setup_lifecycle/repository.py:SetupLifecycleRepository.add_signal_change_event;app/services/setup_lifecycle/repository.py:SetupLifecycleRepository.create_evaluation_run;app/services/setup_lifecycle/repository.py:SetupLifecycleRepository.write_admin_audit_event;app/services/setup_lifecycle/snapshot_builder.py:SetupLifecycleSnapshotCaptureService.capture_snapshots_for_run;app/services/setup_lifecycle/snapshot_builder.py:capture_snapshots_for_run;scripts/qa/certify_slse_natural.py:main;scripts/qa/rebuild_slse_dev_history.py:main,app/services/setup_lifecycle/repository.py:SetupLifecycleRepository.add,WF_SETUP_TYPED_REPOSITORY,DOMAIN_SUPPORTING_STATE
app/services/setup_lifecycle/repository.py:SetupLifecycleRepository.add,1530,SHARED_DOMAIN_WRITER,CANONICAL_CALCULATION,setup_lifecycle_episodes,add,LIFECYCLE_TRANSITION,app/services/setup_lifecycle/episode_service.py:SetupLifecycleEpisodeService.apply_snapshot,CALLER_SESSION; REVIEW_COMMIT_PATH,DURABLE_ONLY; ENTRY_PATH_REVIEW_REQUIRED,app/routers/setup_lifecycle_routes.py:evaluate_setup_lifecycle_run;app/routers/setup_lifecycle_routes.py:queue_setup_lifecycle_evaluation;app/routers/setup_lifecycle_routes.py:replay_setup_lifecycle;app/services/setup_lifecycle/alert_service.py:SetupLifecycleAlertService.evaluate_episode_result;app/services/setup_lifecycle/alert_service.py:SetupLifecycleAlertService.evaluate_lifecycle_event;app/services/setup_lifecycle/alert_service.py:SetupLifecycleAlertService.evaluate_signal_change_events;app/services/setup_lifecycle/canonicalization.py:SetupLifecycleCanonicalizer.canonicalize_run;app/services/setup_lifecycle/canonicalization.py:SetupLifecycleCanonicalizer.canonicalize_snapshots;app/services/setup_lifecycle/change_detector.py:SetupLifecycleChangeDetector.detect_and_persist;app/services/setup_lifecycle/episode_service.py:SetupLifecycleEpisodeService.apply_observation_gap;app/services/setup_lifecycle/episode_service.py:SetupLifecycleEpisodeService.apply_snapshot;app/services/setup_lifecycle/evaluation_service.py:SetupLifecycleEvaluationService.evaluate_run;app/services/setup_lifecycle/evaluation_service.py:evaluate_setup_lifecycles_for_run;app/services/setup_lifecycle/job_handlers.py:execute_alert_rebuild_job;app/services/setup_lifecycle/job_handlers.py:execute_daily_maintenance_job;app/services/setup_lifecycle/job_handlers.py:execute_evaluate_run_job;app/services/setup_lifecycle/job_handlers.py:execute_repair_ticker_job;app/services/setup_lifecycle/job_handlers.py:execute_replay_job;app/services/setup_lifecycle/maintenance_service.py:SetupLifecycleMaintenanceService.daily_maintenance;app/services/setup_lifecycle/maintenance_service.py:SetupLifecycleMaintenanceService.rebuild_alerts;app/services/setup_lifecycle/maintenance_service.py:SetupLifecycleMaintenanceService.repair_ticker;app/services/setup_lifecycle/purge_service.py:SetupLifecyclePurgeService.execute;app/services/setup_lifecycle/replay_service.py:SetupLifecycleReplayService.replay;app/services/setup_lifecycle/repository.py:SetupLifecycleRepository.add;app/services/setup_lifecycle/repository.py:SetupLifecycleRepository.add_alert_event;app/services/setup_lifecycle/repository.py:SetupLifecycleRepository.add_lifecycle_event;app/services/setup_lifecycle/repository.py:SetupLifecycleRepository.add_new_lifecycle_event;app/services/setup_lifecycle/repository.py:SetupLifecycleRepository.add_signal_change_event;app/services/setup_lifecycle/repository.py:SetupLifecycleRepository.create_evaluation_run;app/services/setup_lifecycle/repository.py:SetupLifecycleRepository.write_admin_audit_event;app/services/setup_lifecycle/snapshot_builder.py:SetupLifecycleSnapshotCaptureService.capture_snapshots_for_run;app/services/setup_lifecycle/snapshot_builder.py:capture_snapshots_for_run;scripts/qa/certify_slse_natural.py:main;scripts/qa/rebuild_slse_dev_history.py:main,app/services/setup_lifecycle/repository.py:SetupLifecycleRepository.add,WF_SETUP_TYPED_REPOSITORY,DOMAIN_SUPPORTING_STATE
app/services/setup_lifecycle/repository.py:SetupLifecycleRepository.add,1530,SHARED_DOMAIN_WRITER,CANONICAL_CALCULATION,setup_lifecycle_evaluation_runs,add,LIFECYCLE_EVALUATION,app/services/setup_lifecycle/evaluation_service.py:SetupLifecycleEvaluationService.evaluate_run,CALLER_SESSION; REVIEW_COMMIT_PATH,DURABLE_ONLY; ENTRY_PATH_REVIEW_REQUIRED,app/routers/setup_lifecycle_routes.py:evaluate_setup_lifecycle_run;app/routers/setup_lifecycle_routes.py:queue_setup_lifecycle_evaluation;app/routers/setup_lifecycle_routes.py:replay_setup_lifecycle;app/services/setup_lifecycle/alert_service.py:SetupLifecycleAlertService.evaluate_episode_result;app/services/setup_lifecycle/alert_service.py:SetupLifecycleAlertService.evaluate_lifecycle_event;app/services/setup_lifecycle/alert_service.py:SetupLifecycleAlertService.evaluate_signal_change_events;app/services/setup_lifecycle/canonicalization.py:SetupLifecycleCanonicalizer.canonicalize_run;app/services/setup_lifecycle/canonicalization.py:SetupLifecycleCanonicalizer.canonicalize_snapshots;app/services/setup_lifecycle/change_detector.py:SetupLifecycleChangeDetector.detect_and_persist;app/services/setup_lifecycle/episode_service.py:SetupLifecycleEpisodeService.apply_observation_gap;app/services/setup_lifecycle/episode_service.py:SetupLifecycleEpisodeService.apply_snapshot;app/services/setup_lifecycle/evaluation_service.py:SetupLifecycleEvaluationService.evaluate_run;app/services/setup_lifecycle/evaluation_service.py:evaluate_setup_lifecycles_for_run;app/services/setup_lifecycle/job_handlers.py:execute_alert_rebuild_job;app/services/setup_lifecycle/job_handlers.py:execute_daily_maintenance_job;app/services/setup_lifecycle/job_handlers.py:execute_evaluate_run_job;app/services/setup_lifecycle/job_handlers.py:execute_repair_ticker_job;app/services/setup_lifecycle/job_handlers.py:execute_replay_job;app/services/setup_lifecycle/maintenance_service.py:SetupLifecycleMaintenanceService.daily_maintenance;app/services/setup_lifecycle/maintenance_service.py:SetupLifecycleMaintenanceService.rebuild_alerts;app/services/setup_lifecycle/maintenance_service.py:SetupLifecycleMaintenanceService.repair_ticker;app/services/setup_lifecycle/purge_service.py:SetupLifecyclePurgeService.execute;app/services/setup_lifecycle/replay_service.py:SetupLifecycleReplayService.replay;app/services/setup_lifecycle/repository.py:SetupLifecycleRepository.add;app/services/setup_lifecycle/repository.py:SetupLifecycleRepository.add_alert_event;app/services/setup_lifecycle/repository.py:SetupLifecycleRepository.add_lifecycle_event;app/services/setup_lifecycle/repository.py:SetupLifecycleRepository.add_new_lifecycle_event;app/services/setup_lifecycle/repository.py:SetupLifecycleRepository.add_signal_change_event;app/services/setup_lifecycle/repository.py:SetupLifecycleRepository.create_evaluation_run;app/services/setup_lifecycle/repository.py:SetupLifecycleRepository.write_admin_audit_event;app/services/setup_lifecycle/snapshot_builder.py:SetupLifecycleSnapshotCaptureService.capture_snapshots_for_run;app/services/setup_lifecycle/snapshot_builder.py:capture_snapshots_for_run;scripts/qa/certify_slse_natural.py:main;scripts/qa/rebuild_slse_dev_history.py:main,app/services/setup_lifecycle/repository.py:SetupLifecycleRepository.add,WF_SETUP_TYPED_REPOSITORY,DOMAIN_SUPPORTING_STATE
app/services/setup_lifecycle/repository.py:SetupLifecycleRepository.add,1530,SHARED_DOMAIN_WRITER,CANONICAL_CALCULATION,setup_lifecycle_events,add,LIFECYCLE_TRANSITION,app/services/setup_lifecycle/episode_service.py:SetupLifecycleEpisodeService.apply_snapshot,CALLER_SESSION; REVIEW_COMMIT_PATH,DURABLE_ONLY; ENTRY_PATH_REVIEW_REQUIRED,app/routers/setup_lifecycle_routes.py:evaluate_setup_lifecycle_run;app/routers/setup_lifecycle_routes.py:queue_setup_lifecycle_evaluation;app/routers/setup_lifecycle_routes.py:replay_setup_lifecycle;app/services/setup_lifecycle/alert_service.py:SetupLifecycleAlertService.evaluate_episode_result;app/services/setup_lifecycle/alert_service.py:SetupLifecycleAlertService.evaluate_lifecycle_event;app/services/setup_lifecycle/alert_service.py:SetupLifecycleAlertService.evaluate_signal_change_events;app/services/setup_lifecycle/canonicalization.py:SetupLifecycleCanonicalizer.canonicalize_run;app/services/setup_lifecycle/canonicalization.py:SetupLifecycleCanonicalizer.canonicalize_snapshots;app/services/setup_lifecycle/change_detector.py:SetupLifecycleChangeDetector.detect_and_persist;app/services/setup_lifecycle/episode_service.py:SetupLifecycleEpisodeService.apply_observation_gap;app/services/setup_lifecycle/episode_service.py:SetupLifecycleEpisodeService.apply_snapshot;app/services/setup_lifecycle/evaluation_service.py:SetupLifecycleEvaluationService.evaluate_run;app/services/setup_lifecycle/evaluation_service.py:evaluate_setup_lifecycles_for_run;app/services/setup_lifecycle/job_handlers.py:execute_alert_rebuild_job;app/services/setup_lifecycle/job_handlers.py:execute_daily_maintenance_job;app/services/setup_lifecycle/job_handlers.py:execute_evaluate_run_job;app/services/setup_lifecycle/job_handlers.py:execute_repair_ticker_job;app/services/setup_lifecycle/job_handlers.py:execute_replay_job;app/services/setup_lifecycle/maintenance_service.py:SetupLifecycleMaintenanceService.daily_maintenance;app/services/setup_lifecycle/maintenance_service.py:SetupLifecycleMaintenanceService.rebuild_alerts;app/services/setup_lifecycle/maintenance_service.py:SetupLifecycleMaintenanceService.repair_ticker;app/services/setup_lifecycle/purge_service.py:SetupLifecyclePurgeService.execute;app/services/setup_lifecycle/replay_service.py:SetupLifecycleReplayService.replay;app/services/setup_lifecycle/repository.py:SetupLifecycleRepository.add;app/services/setup_lifecycle/repository.py:SetupLifecycleRepository.add_alert_event;app/services/setup_lifecycle/repository.py:SetupLifecycleRepository.add_lifecycle_event;app/services/setup_lifecycle/repository.py:SetupLifecycleRepository.add_new_lifecycle_event;app/services/setup_lifecycle/repository.py:SetupLifecycleRepository.add_signal_change_event;app/services/setup_lifecycle/repository.py:SetupLifecycleRepository.create_evaluation_run;app/services/setup_lifecycle/repository.py:SetupLifecycleRepository.write_admin_audit_event;app/services/setup_lifecycle/snapshot_builder.py:SetupLifecycleSnapshotCaptureService.capture_snapshots_for_run;app/services/setup_lifecycle/snapshot_builder.py:capture_snapshots_for_run;scripts/qa/certify_slse_natural.py:main;scripts/qa/rebuild_slse_dev_history.py:main,app/services/setup_lifecycle/repository.py:SetupLifecycleRepository.add,WF_SETUP_TYPED_REPOSITORY,DOMAIN_SUPPORTING_STATE
app/services/setup_lifecycle/repository.py:SetupLifecycleRepository.add,1530,SHARED_DOMAIN_WRITER,CANONICAL_CALCULATION,signal_alert_events,add,ALERT_DECISION,app/services/setup_lifecycle/alert_service.py:SetupLifecycleAlertService._persist_alert,CALLER_SESSION; REVIEW_COMMIT_PATH,DURABLE_ONLY; ENTRY_PATH_REVIEW_REQUIRED,app/routers/setup_lifecycle_routes.py:evaluate_setup_lifecycle_run;app/routers/setup_lifecycle_routes.py:queue_setup_lifecycle_evaluation;app/routers/setup_lifecycle_routes.py:replay_setup_lifecycle;app/services/setup_lifecycle/alert_service.py:SetupLifecycleAlertService.evaluate_episode_result;app/services/setup_lifecycle/alert_service.py:SetupLifecycleAlertService.evaluate_lifecycle_event;app/services/setup_lifecycle/alert_service.py:SetupLifecycleAlertService.evaluate_signal_change_events;app/services/setup_lifecycle/canonicalization.py:SetupLifecycleCanonicalizer.canonicalize_run;app/services/setup_lifecycle/canonicalization.py:SetupLifecycleCanonicalizer.canonicalize_snapshots;app/services/setup_lifecycle/change_detector.py:SetupLifecycleChangeDetector.detect_and_persist;app/services/setup_lifecycle/episode_service.py:SetupLifecycleEpisodeService.apply_observation_gap;app/services/setup_lifecycle/episode_service.py:SetupLifecycleEpisodeService.apply_snapshot;app/services/setup_lifecycle/evaluation_service.py:SetupLifecycleEvaluationService.evaluate_run;app/services/setup_lifecycle/evaluation_service.py:evaluate_setup_lifecycles_for_run;app/services/setup_lifecycle/job_handlers.py:execute_alert_rebuild_job;app/services/setup_lifecycle/job_handlers.py:execute_daily_maintenance_job;app/services/setup_lifecycle/job_handlers.py:execute_evaluate_run_job;app/services/setup_lifecycle/job_handlers.py:execute_repair_ticker_job;app/services/setup_lifecycle/job_handlers.py:execute_replay_job;app/services/setup_lifecycle/maintenance_service.py:SetupLifecycleMaintenanceService.daily_maintenance;app/services/setup_lifecycle/maintenance_service.py:SetupLifecycleMaintenanceService.rebuild_alerts;app/services/setup_lifecycle/maintenance_service.py:SetupLifecycleMaintenanceService.repair_ticker;app/services/setup_lifecycle/purge_service.py:SetupLifecyclePurgeService.execute;app/services/setup_lifecycle/replay_service.py:SetupLifecycleReplayService.replay;app/services/setup_lifecycle/repository.py:SetupLifecycleRepository.add;app/services/setup_lifecycle/repository.py:SetupLifecycleRepository.add_alert_event;app/services/setup_lifecycle/repository.py:SetupLifecycleRepository.add_lifecycle_event;app/services/setup_lifecycle/repository.py:SetupLifecycleRepository.add_new_lifecycle_event;app/services/setup_lifecycle/repository.py:SetupLifecycleRepository.add_signal_change_event;app/services/setup_lifecycle/repository.py:SetupLifecycleRepository.create_evaluation_run;app/services/setup_lifecycle/repository.py:SetupLifecycleRepository.write_admin_audit_event;app/services/setup_lifecycle/snapshot_builder.py:SetupLifecycleSnapshotCaptureService.capture_snapshots_for_run;app/services/setup_lifecycle/snapshot_builder.py:capture_snapshots_for_run;scripts/qa/certify_slse_natural.py:main;scripts/qa/rebuild_slse_dev_history.py:main,app/services/setup_lifecycle/repository.py:SetupLifecycleRepository.add,WF_SETUP_TYPED_REPOSITORY,DOMAIN_SUPPORTING_STATE
app/services/setup_lifecycle/repository.py:SetupLifecycleRepository.add,1530,SHARED_DOMAIN_WRITER,CANONICAL_CALCULATION,signal_change_events,add,SETUP,app/services/setup_lifecycle/change_detector.py:SetupLifecycleChangeDetector.detect_and_persist,CALLER_SESSION; REVIEW_COMMIT_PATH,DURABLE_ONLY; ENTRY_PATH_REVIEW_REQUIRED,app/routers/setup_lifecycle_routes.py:evaluate_setup_lifecycle_run;app/routers/setup_lifecycle_routes.py:queue_setup_lifecycle_evaluation;app/routers/setup_lifecycle_routes.py:replay_setup_lifecycle;app/services/setup_lifecycle/alert_service.py:SetupLifecycleAlertService.evaluate_episode_result;app/services/setup_lifecycle/alert_service.py:SetupLifecycleAlertService.evaluate_lifecycle_event;app/services/setup_lifecycle/alert_service.py:SetupLifecycleAlertService.evaluate_signal_change_events;app/services/setup_lifecycle/canonicalization.py:SetupLifecycleCanonicalizer.canonicalize_run;app/services/setup_lifecycle/canonicalization.py:SetupLifecycleCanonicalizer.canonicalize_snapshots;app/services/setup_lifecycle/change_detector.py:SetupLifecycleChangeDetector.detect_and_persist;app/services/setup_lifecycle/episode_service.py:SetupLifecycleEpisodeService.apply_observation_gap;app/services/setup_lifecycle/episode_service.py:SetupLifecycleEpisodeService.apply_snapshot;app/services/setup_lifecycle/evaluation_service.py:SetupLifecycleEvaluationService.evaluate_run;app/services/setup_lifecycle/evaluation_service.py:evaluate_setup_lifecycles_for_run;app/services/setup_lifecycle/job_handlers.py:execute_alert_rebuild_job;app/services/setup_lifecycle/job_handlers.py:execute_daily_maintenance_job;app/services/setup_lifecycle/job_handlers.py:execute_evaluate_run_job;app/services/setup_lifecycle/job_handlers.py:execute_repair_ticker_job;app/services/setup_lifecycle/job_handlers.py:execute_replay_job;app/services/setup_lifecycle/maintenance_service.py:SetupLifecycleMaintenanceService.daily_maintenance;app/services/setup_lifecycle/maintenance_service.py:SetupLifecycleMaintenanceService.rebuild_alerts;app/services/setup_lifecycle/maintenance_service.py:SetupLifecycleMaintenanceService.repair_ticker;app/services/setup_lifecycle/purge_service.py:SetupLifecyclePurgeService.execute;app/services/setup_lifecycle/replay_service.py:SetupLifecycleReplayService.replay;app/services/setup_lifecycle/repository.py:SetupLifecycleRepository.add;app/services/setup_lifecycle/repository.py:SetupLifecycleRepository.add_alert_event;app/services/setup_lifecycle/repository.py:SetupLifecycleRepository.add_lifecycle_event;app/services/setup_lifecycle/repository.py:SetupLifecycleRepository.add_new_lifecycle_event;app/services/setup_lifecycle/repository.py:SetupLifecycleRepository.add_signal_change_event;app/services/setup_lifecycle/repository.py:SetupLifecycleRepository.create_evaluation_run;app/services/setup_lifecycle/repository.py:SetupLifecycleRepository.write_admin_audit_event;app/services/setup_lifecycle/snapshot_builder.py:SetupLifecycleSnapshotCaptureService.capture_snapshots_for_run;app/services/setup_lifecycle/snapshot_builder.py:capture_snapshots_for_run;scripts/qa/certify_slse_natural.py:main;scripts/qa/rebuild_slse_dev_history.py:main,app/services/setup_lifecycle/repository.py:SetupLifecycleRepository.add,WF_SETUP_TYPED_REPOSITORY,DOMAIN_SUPPORTING_STATE
app/services/setup_lifecycle/repository.py:SetupLifecycleRepository.add_alert_event,1383,SHARED_DOMAIN_WRITER,CANONICAL_CALCULATION,signal_alert_events,add,ALERT_DECISION,app/services/setup_lifecycle/alert_service.py:SetupLifecycleAlertService._persist_alert,CALLER_SESSION; REVIEW_COMMIT_PATH,DURABLE_ONLY; ENTRY_PATH_REVIEW_REQUIRED,app/routers/setup_lifecycle_routes.py:evaluate_setup_lifecycle_run;app/services/setup_lifecycle/alert_service.py:SetupLifecycleAlertService.evaluate_episode_result;app/services/setup_lifecycle/alert_service.py:SetupLifecycleAlertService.evaluate_lifecycle_event;app/services/setup_lifecycle/alert_service.py:SetupLifecycleAlertService.evaluate_signal_change_events;app/services/setup_lifecycle/evaluation_service.py:SetupLifecycleEvaluationService.evaluate_run;app/services/setup_lifecycle/evaluation_service.py:evaluate_setup_lifecycles_for_run;app/services/setup_lifecycle/job_handlers.py:execute_alert_rebuild_job;app/services/setup_lifecycle/job_handlers.py:execute_evaluate_run_job;app/services/setup_lifecycle/job_handlers.py:execute_repair_ticker_job;app/services/setup_lifecycle/maintenance_service.py:SetupLifecycleMaintenanceService.rebuild_alerts;app/services/setup_lifecycle/maintenance_service.py:SetupLifecycleMaintenanceService.repair_ticker;app/services/setup_lifecycle/repository.py:SetupLifecycleRepository.add_alert_event;scripts/qa/certify_slse_natural.py:main;scripts/qa/rebuild_slse_dev_history.py:main,app/services/setup_lifecycle/repository.py:SetupLifecycleRepository.add_alert_event,WF_SETUP_ALERT_EVENT_STATE,DOMAIN_SUPPORTING_STATE
app/services/setup_lifecycle/repository.py:SetupLifecycleRepository.add_lifecycle_event,1236,SHARED_DOMAIN_WRITER,CANONICAL_CALCULATION,setup_lifecycle_events,add,LIFECYCLE_TRANSITION,app/services/setup_lifecycle/episode_service.py:SetupLifecycleEpisodeService.apply_snapshot,CALLER_SESSION; REVIEW_COMMIT_PATH,DURABLE_ONLY; ENTRY_PATH_REVIEW_REQUIRED,app/routers/setup_lifecycle_routes.py:evaluate_setup_lifecycle_run;app/services/setup_lifecycle/canonicalization.py:SetupLifecycleCanonicalizer.canonicalize_run;app/services/setup_lifecycle/canonicalization.py:SetupLifecycleCanonicalizer.canonicalize_snapshots;app/services/setup_lifecycle/episode_service.py:SetupLifecycleEpisodeService.apply_observation_gap;app/services/setup_lifecycle/episode_service.py:SetupLifecycleEpisodeService.apply_snapshot;app/services/setup_lifecycle/evaluation_service.py:SetupLifecycleEvaluationService.evaluate_run;app/services/setup_lifecycle/evaluation_service.py:evaluate_setup_lifecycles_for_run;app/services/setup_lifecycle/job_handlers.py:execute_daily_maintenance_job;app/services/setup_lifecycle/job_handlers.py:execute_evaluate_run_job;app/services/setup_lifecycle/job_handlers.py:execute_repair_ticker_job;app/services/setup_lifecycle/maintenance_service.py:SetupLifecycleMaintenanceService.daily_maintenance;app/services/setup_lifecycle/maintenance_service.py:SetupLifecycleMaintenanceService.repair_ticker;app/services/setup_lifecycle/repository.py:SetupLifecycleRepository.add_lifecycle_event;scripts/qa/certify_slse_natural.py:main;scripts/qa/rebuild_slse_dev_history.py:main,app/services/setup_lifecycle/repository.py:SetupLifecycleRepository.add_lifecycle_event,WF_SETUP_TRANSITION_EVENT_STATE,DOMAIN_SUPPORTING_STATE
app/services/setup_lifecycle/repository.py:SetupLifecycleRepository.add_lifecycle_events,1258,SHARED_DOMAIN_WRITER,CANONICAL_CALCULATION,setup_lifecycle_events,add,LIFECYCLE_TRANSITION,app/services/setup_lifecycle/episode_service.py:SetupLifecycleEpisodeService.apply_snapshot,CALLER_SESSION; REVIEW_COMMIT_PATH,DURABLE_ONLY; ENTRY_PATH_REVIEW_REQUIRED,app/services/setup_lifecycle/repository.py:SetupLifecycleRepository.add_lifecycle_events,app/services/setup_lifecycle/repository.py:SetupLifecycleRepository.add_lifecycle_events,WF_SETUP_TRANSITION_EVENT_STATE,DOMAIN_SUPPORTING_STATE
app/services/setup_lifecycle/repository.py:SetupLifecycleRepository.add_new_lifecycle_event,1250,SHARED_DOMAIN_WRITER,CANONICAL_CALCULATION,setup_lifecycle_events,add,LIFECYCLE_TRANSITION,app/services/setup_lifecycle/episode_service.py:SetupLifecycleEpisodeService.apply_snapshot,CALLER_SESSION; REVIEW_COMMIT_PATH,DURABLE_ONLY; ENTRY_PATH_REVIEW_REQUIRED,app/services/setup_lifecycle/repository.py:SetupLifecycleRepository.add_new_lifecycle_event,app/services/setup_lifecycle/repository.py:SetupLifecycleRepository.add_new_lifecycle_event,WF_SETUP_TRANSITION_EVENT_STATE,DOMAIN_SUPPORTING_STATE
app/services/setup_lifecycle/repository.py:SetupLifecycleRepository.add_signal_change_event,1305,SHARED_DOMAIN_WRITER,CANONICAL_CALCULATION,signal_change_events,add,SETUP,app/services/setup_lifecycle/change_detector.py:SetupLifecycleChangeDetector.detect_and_persist,CALLER_SESSION; REVIEW_COMMIT_PATH,DURABLE_ONLY; ENTRY_PATH_REVIEW_REQUIRED,app/routers/setup_lifecycle_routes.py:evaluate_setup_lifecycle_run;app/services/setup_lifecycle/change_detector.py:SetupLifecycleChangeDetector.detect_and_persist;app/services/setup_lifecycle/evaluation_service.py:SetupLifecycleEvaluationService.evaluate_run;app/services/setup_lifecycle/evaluation_service.py:evaluate_setup_lifecycles_for_run;app/services/setup_lifecycle/job_handlers.py:execute_evaluate_run_job;app/services/setup_lifecycle/repository.py:SetupLifecycleRepository.add_signal_change_event;scripts/qa/certify_slse_natural.py:main;scripts/qa/rebuild_slse_dev_history.py:main,app/services/setup_lifecycle/repository.py:SetupLifecycleRepository.add_signal_change_event,WF_SETUP_CHANGE_EVENT_STATE,DOMAIN_SUPPORTING_STATE
app/services/setup_lifecycle/repository.py:SetupLifecycleRepository.advance_canonical_selection,433,CURRENT_PROJECTION_WRITER,CANONICAL_CALCULATION,setup_signal_snapshot_current_selections,add,CURRENT_PROJECTION,app/services/setup_lifecycle/repository.py:SetupLifecycleRepository.advance_canonical_selection,CALLER_SESSION; REVIEW_COMMIT_PATH,DURABLE_ONLY; ENTRY_PATH_REVIEW_REQUIRED,app/routers/setup_lifecycle_routes.py:evaluate_setup_lifecycle_run;app/services/setup_lifecycle/canonicalization.py:SetupLifecycleCanonicalizer.canonicalize_run;app/services/setup_lifecycle/canonicalization.py:SetupLifecycleCanonicalizer.canonicalize_snapshots;app/services/setup_lifecycle/evaluation_service.py:SetupLifecycleEvaluationService.evaluate_run;app/services/setup_lifecycle/evaluation_service.py:evaluate_setup_lifecycles_for_run;app/services/setup_lifecycle/job_handlers.py:execute_evaluate_run_job;app/services/setup_lifecycle/repository.py:SetupLifecycleRepository.advance_canonical_selection;scripts/qa/certify_slse_natural.py:main;scripts/qa/rebuild_slse_dev_history.py:main,app/services/setup_lifecycle/repository.py:SetupLifecycleRepository.advance_canonical_selection,WF_SETUP_CURRENT_SELECTION,CURRENT_PROJECTION_WRITER
app/services/setup_lifecycle/repository.py:SetupLifecycleRepository.advance_canonical_selection,433,CURRENT_PROJECTION_WRITER,CANONICAL_CALCULATION,setup_signal_snapshot_selection_events,add,CURRENT_PROJECTION,app/services/setup_lifecycle/repository.py:SetupLifecycleRepository.advance_canonical_selection,CALLER_SESSION; REVIEW_COMMIT_PATH,DURABLE_ONLY; ENTRY_PATH_REVIEW_REQUIRED,app/routers/setup_lifecycle_routes.py:evaluate_setup_lifecycle_run;app/services/setup_lifecycle/canonicalization.py:SetupLifecycleCanonicalizer.canonicalize_run;app/services/setup_lifecycle/canonicalization.py:SetupLifecycleCanonicalizer.canonicalize_snapshots;app/services/setup_lifecycle/evaluation_service.py:SetupLifecycleEvaluationService.evaluate_run;app/services/setup_lifecycle/evaluation_service.py:evaluate_setup_lifecycles_for_run;app/services/setup_lifecycle/job_handlers.py:execute_evaluate_run_job;app/services/setup_lifecycle/repository.py:SetupLifecycleRepository.advance_canonical_selection;scripts/qa/certify_slse_natural.py:main;scripts/qa/rebuild_slse_dev_history.py:main,app/services/setup_lifecycle/repository.py:SetupLifecycleRepository.advance_canonical_selection,WF_SETUP_CURRENT_SELECTION,CURRENT_PROJECTION_WRITER
app/services/setup_lifecycle/repository.py:SetupLifecycleRepository.advance_canonical_selections,535,CURRENT_PROJECTION_WRITER,CANONICAL_CALCULATION,setup_signal_snapshot_current_selections,add,CURRENT_PROJECTION,app/services/setup_lifecycle/repository.py:SetupLifecycleRepository.advance_canonical_selection,CALLER_SESSION; REVIEW_COMMIT_PATH,DURABLE_ONLY; ENTRY_PATH_REVIEW_REQUIRED,app/services/setup_lifecycle/repository.py:SetupLifecycleRepository.advance_canonical_selections,app/services/setup_lifecycle/repository.py:SetupLifecycleRepository.advance_canonical_selections,WF_SETUP_CURRENT_SELECTION,CURRENT_PROJECTION_WRITER
app/services/setup_lifecycle/repository.py:SetupLifecycleRepository.advance_canonical_selections,535,CURRENT_PROJECTION_WRITER,CANONICAL_CALCULATION,setup_signal_snapshot_selection_events,add,CURRENT_PROJECTION,app/services/setup_lifecycle/repository.py:SetupLifecycleRepository.advance_canonical_selection,CALLER_SESSION; REVIEW_COMMIT_PATH,DURABLE_ONLY; ENTRY_PATH_REVIEW_REQUIRED,app/services/setup_lifecycle/repository.py:SetupLifecycleRepository.advance_canonical_selections,app/services/setup_lifecycle/repository.py:SetupLifecycleRepository.advance_canonical_selections,WF_SETUP_CURRENT_SELECTION,CURRENT_PROJECTION_WRITER
app/services/setup_lifecycle/repository.py:SetupLifecycleRepository.apply_evaluation_counts,184,SHARED_DOMAIN_WRITER,CANONICAL_CALCULATION,setup_lifecycle_evaluation_runs,,LIFECYCLE_EVALUATION,app/services/setup_lifecycle/evaluation_service.py:SetupLifecycleEvaluationService.evaluate_run,CALLER_SESSION; REVIEW_COMMIT_PATH,DURABLE_ONLY; ENTRY_PATH_REVIEW_REQUIRED,app/routers/setup_lifecycle_routes.py:evaluate_setup_lifecycle_run;app/routers/setup_lifecycle_routes.py:replay_setup_lifecycle;app/services/setup_lifecycle/evaluation_service.py:SetupLifecycleEvaluationService.evaluate_run;app/services/setup_lifecycle/evaluation_service.py:evaluate_setup_lifecycles_for_run;app/services/setup_lifecycle/job_handlers.py:execute_evaluate_run_job;app/services/setup_lifecycle/job_handlers.py:execute_replay_job;app/services/setup_lifecycle/replay_service.py:SetupLifecycleReplayService.replay;app/services/setup_lifecycle/repository.py:SetupLifecycleRepository.apply_evaluation_counts;app/services/setup_lifecycle/repository.py:SetupLifecycleRepository.complete_evaluation_run;app/services/setup_lifecycle/snapshot_builder.py:SetupLifecycleSnapshotCaptureService.capture_snapshots_for_run;app/services/setup_lifecycle/snapshot_builder.py:capture_snapshots_for_run;scripts/qa/certify_slse_natural.py:main;scripts/qa/rebuild_slse_dev_history.py:main,app/services/setup_lifecycle/repository.py:SetupLifecycleRepository.apply_evaluation_counts,WF_SETUP_EVALUATION_RUN_STATE,DOMAIN_SUPPORTING_STATE
app/services/setup_lifecycle/repository.py:SetupLifecycleRepository.complete_evaluation_run,134,SHARED_DOMAIN_WRITER,CANONICAL_CALCULATION,setup_lifecycle_evaluation_runs,,LIFECYCLE_EVALUATION,app/services/setup_lifecycle/evaluation_service.py:SetupLifecycleEvaluationService.evaluate_run,CALLER_SESSION; REVIEW_COMMIT_PATH,DURABLE_ONLY; ENTRY_PATH_REVIEW_REQUIRED,app/routers/setup_lifecycle_routes.py:evaluate_setup_lifecycle_run;app/routers/setup_lifecycle_routes.py:replay_setup_lifecycle;app/services/setup_lifecycle/evaluation_service.py:SetupLifecycleEvaluationService.evaluate_run;app/services/setup_lifecycle/evaluation_service.py:evaluate_setup_lifecycles_for_run;app/services/setup_lifecycle/job_handlers.py:execute_evaluate_run_job;app/services/setup_lifecycle/job_handlers.py:execute_replay_job;app/services/setup_lifecycle/replay_service.py:SetupLifecycleReplayService.replay;app/services/setup_lifecycle/repository.py:SetupLifecycleRepository.complete_evaluation_run;app/services/setup_lifecycle/snapshot_builder.py:SetupLifecycleSnapshotCaptureService.capture_snapshots_for_run;app/services/setup_lifecycle/snapshot_builder.py:capture_snapshots_for_run;scripts/qa/certify_slse_natural.py:main;scripts/qa/rebuild_slse_dev_history.py:main,app/services/setup_lifecycle/repository.py:SetupLifecycleRepository.complete_evaluation_run,WF_SETUP_EVALUATION_RUN_STATE,DOMAIN_SUPPORTING_STATE
app/services/setup_lifecycle/repository.py:SetupLifecycleRepository.create_evaluation_run,96,SHARED_DOMAIN_WRITER,CANONICAL_CALCULATION,setup_lifecycle_evaluation_runs,add,LIFECYCLE_EVALUATION,app/services/setup_lifecycle/evaluation_service.py:SetupLifecycleEvaluationService.evaluate_run,CALLER_SESSION; REVIEW_COMMIT_PATH,DURABLE_ONLY; ENTRY_PATH_REVIEW_REQUIRED,app/routers/setup_lifecycle_routes.py:evaluate_setup_lifecycle_run;app/routers/setup_lifecycle_routes.py:replay_setup_lifecycle;app/services/setup_lifecycle/evaluation_service.py:SetupLifecycleEvaluationService.evaluate_run;app/services/setup_lifecycle/evaluation_service.py:evaluate_setup_lifecycles_for_run;app/services/setup_lifecycle/job_handlers.py:execute_evaluate_run_job;app/services/setup_lifecycle/job_handlers.py:execute_replay_job;app/services/setup_lifecycle/replay_service.py:SetupLifecycleReplayService.replay;app/services/setup_lifecycle/repository.py:SetupLifecycleRepository.create_evaluation_run;app/services/setup_lifecycle/snapshot_builder.py:SetupLifecycleSnapshotCaptureService.capture_snapshots_for_run;app/services/setup_lifecycle/snapshot_builder.py:capture_snapshots_for_run;scripts/qa/certify_slse_natural.py:main;scripts/qa/rebuild_slse_dev_history.py:main,app/services/setup_lifecycle/repository.py:SetupLifecycleRepository.create_evaluation_run,WF_SETUP_EVALUATION_RUN_STATE,DOMAIN_SUPPORTING_STATE
app/services/setup_lifecycle/repository.py:SetupLifecycleRepository.heartbeat_evaluation_run,166,SHARED_DOMAIN_WRITER,CANONICAL_CALCULATION,setup_lifecycle_evaluation_runs,execute,LIFECYCLE_EVALUATION,app/services/setup_lifecycle/evaluation_service.py:SetupLifecycleEvaluationService.evaluate_run,CALLER_SESSION; REVIEW_COMMIT_PATH,DURABLE_ONLY; ENTRY_PATH_REVIEW_REQUIRED,app/routers/setup_lifecycle_routes.py:evaluate_setup_lifecycle_run;app/services/setup_lifecycle/evaluation_service.py:SetupLifecycleEvaluationService.evaluate_run;app/services/setup_lifecycle/evaluation_service.py:evaluate_setup_lifecycles_for_run;app/services/setup_lifecycle/job_handlers.py:execute_evaluate_run_job;app/services/setup_lifecycle/repository.py:SetupLifecycleRepository.heartbeat_evaluation_run;scripts/qa/certify_slse_natural.py:main;scripts/qa/rebuild_slse_dev_history.py:main,app/services/setup_lifecycle/repository.py:SetupLifecycleRepository.heartbeat_evaluation_run,WF_SETUP_EVALUATION_RUN_STATE,DOMAIN_SUPPORTING_STATE
app/services/setup_lifecycle/repository.py:SetupLifecycleRepository.record_snapshot_canonical_decision,697,SHARED_DOMAIN_WRITER,CANONICAL_CALCULATION,setup_signal_snapshots,,SETUP,app/services/setup_lifecycle/repository.py:SetupLifecycleRepository.upsert_snapshot,CALLER_SESSION; REVIEW_COMMIT_PATH,DURABLE_ONLY; ENTRY_PATH_REVIEW_REQUIRED,app/routers/setup_lifecycle_routes.py:evaluate_setup_lifecycle_run;app/services/setup_lifecycle/canonicalization.py:SetupLifecycleCanonicalizer.canonicalize_run;app/services/setup_lifecycle/canonicalization.py:SetupLifecycleCanonicalizer.canonicalize_snapshots;app/services/setup_lifecycle/evaluation_service.py:SetupLifecycleEvaluationService.evaluate_run;app/services/setup_lifecycle/evaluation_service.py:evaluate_setup_lifecycles_for_run;app/services/setup_lifecycle/job_handlers.py:execute_evaluate_run_job;app/services/setup_lifecycle/repository.py:SetupLifecycleRepository.record_snapshot_canonical_decision;scripts/qa/certify_slse_natural.py:main;scripts/qa/rebuild_slse_dev_history.py:main,app/services/setup_lifecycle/repository.py:SetupLifecycleRepository.record_snapshot_canonical_decision,WF_SETUP_CURRENT_SELECTION,CURRENT_PROJECTION_WRITER
app/services/setup_lifecycle/repository.py:SetupLifecycleRepository.record_snapshot_canonical_decisions,680,SHARED_DOMAIN_WRITER,CANONICAL_CALCULATION,setup_signal_snapshots,,SETUP,app/services/setup_lifecycle/repository.py:SetupLifecycleRepository.upsert_snapshot,CALLER_SESSION; REVIEW_COMMIT_PATH,DURABLE_ONLY; ENTRY_PATH_REVIEW_REQUIRED,app/services/setup_lifecycle/repository.py:SetupLifecycleRepository.record_snapshot_canonical_decisions,app/services/setup_lifecycle/repository.py:SetupLifecycleRepository.record_snapshot_canonical_decisions,WF_SETUP_CURRENT_SELECTION,CURRENT_PROJECTION_WRITER
app/services/setup_lifecycle/repository.py:SetupLifecycleRepository.supersede_prior_current_events,1198,SHARED_DOMAIN_WRITER,CANONICAL_CALCULATION,setup_lifecycle_events,execute,LIFECYCLE_TRANSITION,app/services/setup_lifecycle/episode_service.py:SetupLifecycleEpisodeService.apply_snapshot,CALLER_SESSION; REVIEW_COMMIT_PATH,DURABLE_ONLY; ENTRY_PATH_REVIEW_REQUIRED,app/routers/setup_lifecycle_routes.py:evaluate_setup_lifecycle_run;app/services/setup_lifecycle/episode_service.py:SetupLifecycleEpisodeService.apply_observation_gap;app/services/setup_lifecycle/episode_service.py:SetupLifecycleEpisodeService.apply_snapshot;app/services/setup_lifecycle/evaluation_service.py:SetupLifecycleEvaluationService.evaluate_run;app/services/setup_lifecycle/evaluation_service.py:evaluate_setup_lifecycles_for_run;app/services/setup_lifecycle/job_handlers.py:execute_daily_maintenance_job;app/services/setup_lifecycle/job_handlers.py:execute_evaluate_run_job;app/services/setup_lifecycle/job_handlers.py:execute_repair_ticker_job;app/services/setup_lifecycle/maintenance_service.py:SetupLifecycleMaintenanceService.daily_maintenance;app/services/setup_lifecycle/maintenance_service.py:SetupLifecycleMaintenanceService.repair_ticker;app/services/setup_lifecycle/repository.py:SetupLifecycleRepository.supersede_prior_current_events;scripts/qa/certify_slse_natural.py:main;scripts/qa/rebuild_slse_dev_history.py:main,app/services/setup_lifecycle/repository.py:SetupLifecycleRepository.supersede_prior_current_events,WF_SETUP_TRANSITION_EVENT_STATE,DOMAIN_SUPPORTING_STATE
app/services/setup_lifecycle/repository.py:SetupLifecycleRepository.upsert_alert_rule,1341,SHARED_DOMAIN_WRITER,CANONICAL_CALCULATION,signal_alert_rules,add,ALERT_DECISION,app/services/setup_lifecycle/decision_evidence.py:persist_alert_rule_evidence,CALLER_SESSION; REVIEW_COMMIT_PATH,DURABLE_ONLY; ENTRY_PATH_REVIEW_REQUIRED,app/routers/setup_lifecycle_routes.py:evaluate_setup_lifecycle_run;app/services/setup_lifecycle/alert_service.py:SetupLifecycleAlertService.seed_builtin_rules;app/services/setup_lifecycle/evaluation_service.py:SetupLifecycleEvaluationService.evaluate_run;app/services/setup_lifecycle/evaluation_service.py:evaluate_setup_lifecycles_for_run;app/services/setup_lifecycle/job_handlers.py:execute_alert_rebuild_job;app/services/setup_lifecycle/job_handlers.py:execute_evaluate_run_job;app/services/setup_lifecycle/maintenance_service.py:SetupLifecycleMaintenanceService.rebuild_alerts;app/services/setup_lifecycle/repository.py:SetupLifecycleRepository.upsert_alert_rule;scripts/qa/certify_slse_natural.py:main;scripts/qa/rebuild_slse_dev_history.py:main,app/services/setup_lifecycle/repository.py:SetupLifecycleRepository.upsert_alert_rule,WF_SETUP_ALERT_RULE_STATE,DOMAIN_SUPPORTING_STATE
app/services/setup_lifecycle/repository.py:SetupLifecycleRepository.upsert_snapshot,206,SHARED_DOMAIN_WRITER,CANONICAL_CALCULATION,setup_signal_snapshots,add,SETUP,app/services/setup_lifecycle/repository.py:SetupLifecycleRepository.upsert_snapshot,CALLER_SESSION; REVIEW_COMMIT_PATH,DURABLE_ONLY; ENTRY_PATH_REVIEW_REQUIRED,app/routers/setup_lifecycle_routes.py:evaluate_setup_lifecycle_run;app/services/setup_lifecycle/evaluation_service.py:SetupLifecycleEvaluationService.evaluate_run;app/services/setup_lifecycle/evaluation_service.py:evaluate_setup_lifecycles_for_run;app/services/setup_lifecycle/job_handlers.py:execute_evaluate_run_job;app/services/setup_lifecycle/repository.py:SetupLifecycleRepository.upsert_snapshot;app/services/setup_lifecycle/repository.py:SetupLifecycleRepository.upsert_snapshots;app/services/setup_lifecycle/snapshot_builder.py:SetupLifecycleSnapshotCaptureService.capture_snapshots_for_run;app/services/setup_lifecycle/snapshot_builder.py:capture_snapshots_for_run;scripts/qa/certify_slse_natural.py:main;scripts/qa/rebuild_slse_dev_history.py:main,app/services/setup_lifecycle/repository.py:SetupLifecycleRepository.upsert_snapshot,WF_SETUP_PERSISTENCE,CANONICAL_SEMANTIC_WRITER
app/services/setup_lifecycle/repository.py:SetupLifecycleRepository.upsert_snapshots,262,SHARED_DOMAIN_WRITER,CANONICAL_CALCULATION,setup_signal_snapshots,add_all,SETUP,app/services/setup_lifecycle/repository.py:SetupLifecycleRepository.upsert_snapshot,CALLER_SESSION; REVIEW_COMMIT_PATH,DURABLE_ONLY; ENTRY_PATH_REVIEW_REQUIRED,app/services/setup_lifecycle/repository.py:SetupLifecycleRepository.upsert_snapshots,app/services/setup_lifecycle/repository.py:SetupLifecycleRepository.upsert_snapshots,WF_SETUP_PERSISTENCE,SEMANTIC_WRITER_MEMBER
app/services/setup_lifecycle/repository.py:SetupLifecycleRepository.write_admin_audit_event,1465,OPERATIONAL_WRITER,OPERATIONAL,setup_lifecycle_administrative_audit_events,add,OPERATIONAL,NOT_APPLICABLE,CALLER_SESSION; REVIEW_COMMIT_PATH,DURABLE_ONLY; ENTRY_PATH_REVIEW_REQUIRED,app/routers/setup_lifecycle_routes.py:queue_setup_lifecycle_evaluation;app/services/setup_lifecycle/purge_service.py:SetupLifecyclePurgeService.execute;app/services/setup_lifecycle/repository.py:SetupLifecycleRepository.write_admin_audit_event;scripts/qa/rebuild_slse_dev_history.py:main,app/services/setup_lifecycle/repository.py:SetupLifecycleRepository.write_admin_audit_event,OPERATIONAL_ONLY,OPERATIONAL_WRITER
app/services/supervisor_registry.py:acquire_supervisor,15,OPERATIONAL_WRITER,OPERATIONAL,background_supervisors,add,OPERATIONAL,NOT_APPLICABLE,CALLER_SESSION; REVIEW_COMMIT_PATH,DURABLE_ONLY; ENTRY_PATH_REVIEW_REQUIRED,app/services/supervisor_registry.py:acquire_supervisor;app/worker_supervisor.py:main,app/services/supervisor_registry.py:acquire_supervisor,OPERATIONAL_ONLY,OPERATIONAL_WRITER
app/services/supervisor_registry.py:heartbeat_supervisor,62,OPERATIONAL_WRITER,OPERATIONAL,background_supervisors,,OPERATIONAL,NOT_APPLICABLE,CALLER_SESSION; REVIEW_COMMIT_PATH,DURABLE_ONLY; ENTRY_PATH_REVIEW_REQUIRED,app/services/supervisor_registry.py:heartbeat_supervisor;app/worker_supervisor.py:main,app/services/supervisor_registry.py:heartbeat_supervisor,OPERATIONAL_ONLY,OPERATIONAL_WRITER
app/services/supervisor_registry.py:release_supervisor,105,OPERATIONAL_WRITER,OPERATIONAL,background_supervisors,,OPERATIONAL,NOT_APPLICABLE,CALLER_SESSION; REVIEW_COMMIT_PATH,DURABLE_ONLY; ENTRY_PATH_REVIEW_REQUIRED,app/services/supervisor_registry.py:release_supervisor;app/worker_supervisor.py:main,app/services/supervisor_registry.py:release_supervisor,OPERATIONAL_ONLY,OPERATIONAL_WRITER
app/services/technical_artifact_cache.py:get_local_artifact,83,SHARED_DOMAIN_WRITER,CANONICAL_CALCULATION,technical_feature_artifacts,,TECHNICAL,app/services/technical_artifact_cache.py:upsert_local_artifact,CALLER_SESSION; REVIEW_COMMIT_PATH,DURABLE_ONLY; ENTRY_PATH_REVIEW_REQUIRED,app/routers/run_routes.py:refresh_technicals_action;app/routers/run_routes.py:resume_run_pipeline_action;app/routers/run_routes.py:run_full_pipeline_action;app/services/background_worker.py:_execute_full_pipeline_job;app/services/background_worker.py:_execute_sec_readiness_repair_job;app/services/ceri/sec/readiness_repair.py:execute_sec_readiness_repair;app/services/ceri/sec/readiness_repair.py:schedule_sec_readiness_repair;app/services/pipeline_executor.py:execute_full_pipeline;app/services/pipeline_service.py:enqueue_pipeline_after_sec_repair;app/services/pipeline_service.py:resume_pipeline;app/services/pipeline_service.py:start_pipeline;app/services/pre_enqueue_operational_gate.py:validate_pre_enqueue_operational_gate;app/services/technical_artifact_cache.py:get_local_artifact;app/services/technical_score_service.py:TechnicalScoringOverlapCoordinator.finalize;app/services/technical_score_service.py:TechnicalScoringOverlapCoordinator.on_ticker_ready;app/services/technical_score_service.py:score_run_technicals;scripts/certify_technical_artifact_cache.py:main,app/services/technical_artifact_cache.py:get_local_artifact,WF_TECHNICAL_FEATURE_CACHE,DOMAIN_SUPPORTING_STATE
app/services/technical_artifact_cache.py:record_local_artifact_shadow_validation,122,SHARED_DOMAIN_WRITER,CANONICAL_CALCULATION,technical_feature_artifacts,,TECHNICAL,app/services/technical_artifact_cache.py:upsert_local_artifact,CALLER_SESSION; REVIEW_COMMIT_PATH,DURABLE_ONLY; ENTRY_PATH_REVIEW_REQUIRED,app/routers/run_routes.py:refresh_technicals_action;app/routers/run_routes.py:resume_run_pipeline_action;app/routers/run_routes.py:run_full_pipeline_action;app/services/background_worker.py:_execute_full_pipeline_job;app/services/background_worker.py:_execute_sec_readiness_repair_job;app/services/ceri/sec/readiness_repair.py:execute_sec_readiness_repair;app/services/ceri/sec/readiness_repair.py:schedule_sec_readiness_repair;app/services/pipeline_executor.py:execute_full_pipeline;app/services/pipeline_service.py:enqueue_pipeline_after_sec_repair;app/services/pipeline_service.py:resume_pipeline;app/services/pipeline_service.py:start_pipeline;app/services/pre_enqueue_operational_gate.py:validate_pre_enqueue_operational_gate;app/services/technical_artifact_cache.py:record_local_artifact_shadow_validation;app/services/technical_score_service.py:TechnicalScoringOverlapCoordinator.finalize;app/services/technical_score_service.py:score_run_technicals;scripts/certify_technical_artifact_cache.py:main,app/services/technical_artifact_cache.py:record_local_artifact_shadow_validation,WF_TECHNICAL_FEATURE_CACHE,DOMAIN_SUPPORTING_STATE
app/services/technical_artifact_cache.py:upsert_local_artifact,172,SHARED_DOMAIN_WRITER,CANONICAL_CALCULATION,technical_feature_artifacts,add,TECHNICAL,app/services/technical_artifact_cache.py:upsert_local_artifact,CALLER_SESSION; REVIEW_COMMIT_PATH,DURABLE_ONLY; ENTRY_PATH_REVIEW_REQUIRED,app/routers/run_routes.py:refresh_technicals_action;app/routers/run_routes.py:resume_run_pipeline_action;app/routers/run_routes.py:run_full_pipeline_action;app/services/background_worker.py:_execute_full_pipeline_job;app/services/background_worker.py:_execute_sec_readiness_repair_job;app/services/ceri/sec/readiness_repair.py:execute_sec_readiness_repair;app/services/ceri/sec/readiness_repair.py:schedule_sec_readiness_repair;app/services/pipeline_executor.py:execute_full_pipeline;app/services/pipeline_service.py:enqueue_pipeline_after_sec_repair;app/services/pipeline_service.py:resume_pipeline;app/services/pipeline_service.py:start_pipeline;app/services/pre_enqueue_operational_gate.py:validate_pre_enqueue_operational_gate;app/services/technical_artifact_cache.py:upsert_local_artifact;app/services/technical_score_service.py:TechnicalScoringOverlapCoordinator.finalize;app/services/technical_score_service.py:score_run_technicals;scripts/certify_technical_artifact_cache.py:main,app/services/technical_artifact_cache.py:upsert_local_artifact,WF_TECHNICAL_FEATURE_CACHE,DOMAIN_SUPPORTING_STATE
app/services/technical_score_service.py:finalize_technical_scores,325,SHARED_DOMAIN_WRITER,CANONICAL_CALCULATION,technical_scores,add_all;execute,TECHNICAL,app/services/technical_score_service.py:finalize_technical_scores,CALLER_SESSION; REVIEW_COMMIT_PATH,DURABLE_ONLY; ENTRY_PATH_REVIEW_REQUIRED,app/routers/run_routes.py:refresh_technicals_action;app/routers/run_routes.py:resume_run_pipeline_action;app/routers/run_routes.py:run_full_pipeline_action;app/services/background_worker.py:_execute_full_pipeline_job;app/services/background_worker.py:_execute_sec_readiness_repair_job;app/services/ceri/sec/readiness_repair.py:execute_sec_readiness_repair;app/services/ceri/sec/readiness_repair.py:schedule_sec_readiness_repair;app/services/pipeline_executor.py:execute_full_pipeline;app/services/pipeline_service.py:enqueue_pipeline_after_sec_repair;app/services/pipeline_service.py:resume_pipeline;app/services/pipeline_service.py:start_pipeline;app/services/pre_enqueue_operational_gate.py:validate_pre_enqueue_operational_gate;app/services/technical_score_service.py:TechnicalScoringOverlapCoordinator.finalize;app/services/technical_score_service.py:finalize_technical_scores;app/services/technical_score_service.py:score_run_technicals;scripts/certify_technical_artifact_cache.py:main,app/services/technical_score_service.py:finalize_technical_scores,WF_TECHNICAL_FINALIZATION,CANONICAL_SEMANTIC_WRITER
app/services/transition_preflight_plan_service.py:_create_pipeline_decision_handoff_plan,544,SHARED_DOMAIN_WRITER,CANONICAL_CALCULATION,transition_preflight_plans,add,PIPELINE,app/services/transition_preflight_plan_service.py:freeze_transition_decision_handoff_manifest,CALLER_SESSION; REVIEW_COMMIT_PATH,DURABLE_ONLY; ENTRY_PATH_REVIEW_REQUIRED,app/services/transition_preflight_plan_service.py:freeze_transition_decision_handoff_manifest,app/services/transition_preflight_plan_service.py:_create_pipeline_decision_handoff_plan,WF_TRANSITION_PREFLIGHT,DOMAIN_SUPPORTING_STATE
app/services/transition_preflight_plan_service.py:cancel_transition_preflight,774,SHARED_DOMAIN_WRITER,CANONICAL_CALCULATION,transition_preflight_plans,,PIPELINE,app/services/transition_preflight_plan_service.py:freeze_transition_decision_handoff_manifest,CALLER_SESSION; REVIEW_COMMIT_PATH,DURABLE_ONLY; ENTRY_PATH_REVIEW_REQUIRED,app/services/transition_preflight_plan_service.py:cancel_transition_preflight,app/services/transition_preflight_plan_service.py:cancel_transition_preflight,WF_TRANSITION_PREFLIGHT,DOMAIN_SUPPORTING_STATE
app/services/transition_preflight_plan_service.py:create_transition_preflight_plan,80,SHARED_DOMAIN_WRITER,CANONICAL_CALCULATION,transition_preflight_plans,add,PIPELINE,app/services/transition_preflight_plan_service.py:freeze_transition_decision_handoff_manifest,CALLER_SESSION; REVIEW_COMMIT_PATH,DURABLE_ONLY; ENTRY_PATH_REVIEW_REQUIRED,app/services/transition_preflight_plan_service.py:create_transition_preflight_plan,app/services/transition_preflight_plan_service.py:create_transition_preflight_plan,WF_TRANSITION_PREFLIGHT,DOMAIN_SUPPORTING_STATE
app/services/transition_preflight_plan_service.py:expire_abandoned_preflights,789,SHARED_DOMAIN_WRITER,CANONICAL_CALCULATION,transition_preflight_plans,,PIPELINE,app/services/transition_preflight_plan_service.py:freeze_transition_decision_handoff_manifest,CALLER_SESSION; REVIEW_COMMIT_PATH,DURABLE_ONLY; ENTRY_PATH_REVIEW_REQUIRED,app/services/transition_preflight_plan_service.py:expire_abandoned_preflights,app/services/transition_preflight_plan_service.py:expire_abandoned_preflights,WF_TRANSITION_PREFLIGHT,DOMAIN_SUPPORTING_STATE
app/services/transition_preflight_plan_service.py:freeze_transition_decision_handoff_manifest,415,SHARED_DOMAIN_WRITER,CANONICAL_CALCULATION,transition_decision_handoff_manifests,add,PIPELINE,app/services/transition_preflight_plan_service.py:freeze_transition_decision_handoff_manifest,CALLER_SESSION; REVIEW_COMMIT_PATH,DURABLE_ONLY; ENTRY_PATH_REVIEW_REQUIRED,app/services/transition_preflight_plan_service.py:freeze_transition_decision_handoff_manifest,app/services/transition_preflight_plan_service.py:freeze_transition_decision_handoff_manifest,WF_DECISION_HANDOFF_MANIFEST,DOMAIN_SUPPORTING_STATE
app/services/upload_service.py:create_upload_run,42,SHARED_DOMAIN_WRITER,CANONICAL_CALCULATION,fundamental_scores,add;add_all,FUNDAMENTAL,app/services/fundamental_score_service.py:recalculate_run_fundamentals,CALLER_SESSION; REVIEW_COMMIT_PATH,DURABLE_ONLY; ENTRY_PATH_REVIEW_REQUIRED,app/routers/upload_routes.py:upload_csv;app/services/upload_service.py:create_upload_run,app/services/upload_service.py:create_upload_run,WF_UPLOAD_INITIALIZATION,CONFIRMED_BYPASS
app/services/upload_service.py:create_upload_run,42,SHARED_DOMAIN_WRITER,CANONICAL_CALCULATION,raw_company_rows,add;add_all,RAW,app/services/upload_service.py:create_upload_run,CALLER_SESSION; REVIEW_COMMIT_PATH,DURABLE_ONLY; ENTRY_PATH_REVIEW_REQUIRED,app/routers/upload_routes.py:upload_csv;app/services/upload_service.py:create_upload_run,app/services/upload_service.py:create_upload_run,WF_UPLOAD_INITIALIZATION,CONFIRMED_BYPASS
app/services/upload_service.py:create_upload_run,42,SHARED_DOMAIN_WRITER,CANONICAL_CALCULATION,upload_runs,add;add_all,RAW,app/services/upload_service.py:create_upload_run,CALLER_SESSION; REVIEW_COMMIT_PATH,DURABLE_ONLY; ENTRY_PATH_REVIEW_REQUIRED,app/routers/upload_routes.py:upload_csv;app/services/upload_service.py:create_upload_run,app/services/upload_service.py:create_upload_run,WF_UPLOAD_INITIALIZATION,CONFIRMED_BYPASS
app/services/winner_probability/calibration_service.py:CalibrationService.persist_bins,54,SHARED_DOMAIN_WRITER,CANONICAL_CALCULATION,winner_calibration_bins,add,WINNER_DIAGNOSTICS,app/services/winner_probability/calibration_service.py:CalibrationService.persist_bins,CALLER_SESSION; REVIEW_COMMIT_PATH,DURABLE_ONLY; ENTRY_PATH_REVIEW_REQUIRED,app/services/winner_probability/calibration_service.py:CalibrationService.persist_bins,app/services/winner_probability/calibration_service.py:CalibrationService.persist_bins,WF_WINNER_CALIBRATION,POTENTIAL_BYPASS
app/services/winner_probability/capture_service.py:WinnerPredictionCaptureService._capture_ticker,377,SHARED_DOMAIN_WRITER,CANONICAL_CALCULATION,winner_prediction_snapshots,add,WINNER_PREDICTION,app/services/winner_probability/capture_service.py:WinnerPredictionCaptureService._capture_ticker,CALLER_SESSION; REVIEW_COMMIT_PATH,DURABLE_ONLY; ENTRY_PATH_REVIEW_REQUIRED,app/routers/winner_probability_routes.py:queue_winner_prediction_capture;app/services/winner_probability/backfill.py:WinnerProbabilityBackfillService.execute_backfill;app/services/winner_probability/capture_service.py:WinnerPredictionCaptureService.capture_run;app/services/winner_probability/job_handlers.py:execute_historical_backfill_job;app/services/winner_probability/job_handlers.py:execute_prediction_capture_job,app/services/winner_probability/capture_service.py:WinnerPredictionCaptureService._capture_ticker,WF_WINNER_PREDICTION_CAPTURE,CANONICAL_SEMANTIC_WRITER
app/services/winner_probability/capture_service.py:WinnerPredictionCaptureService._capture_ticker,377,SHARED_DOMAIN_WRITER,CANONICAL_CALCULATION,winner_temporal_validity_decisions,add,WINNER_PREDICTION,app/services/winner_probability/temporal_validation_service.py:TemporalValidationService.record,CALLER_SESSION; REVIEW_COMMIT_PATH,DURABLE_ONLY; ENTRY_PATH_REVIEW_REQUIRED,app/routers/winner_probability_routes.py:queue_winner_prediction_capture;app/services/winner_probability/backfill.py:WinnerProbabilityBackfillService.execute_backfill;app/services/winner_probability/capture_service.py:WinnerPredictionCaptureService.capture_run;app/services/winner_probability/job_handlers.py:execute_historical_backfill_job;app/services/winner_probability/job_handlers.py:execute_prediction_capture_job,app/services/winner_probability/capture_service.py:WinnerPredictionCaptureService._capture_ticker,WF_WINNER_PREDICTION_CAPTURE,CANONICAL_SEMANTIC_WRITER
app/services/winner_probability/cohort_definition.py:CohortDefinitionService.ensure_definition,55,SHARED_DOMAIN_WRITER,CANONICAL_CALCULATION,winner_cohort_definitions,add,WINNER_COHORT,app/services/winner_probability/cohort_definition.py:CohortDefinitionService.ensure_definition,CALLER_SESSION; REVIEW_COMMIT_PATH,DURABLE_ONLY; ENTRY_PATH_REVIEW_REQUIRED,app/routers/winner_probability_routes.py:queue_winner_cohort_refresh;app/routers/winner_probability_routes.py:queue_winner_outcome_maturation;app/routers/winner_probability_routes.py:queue_winner_prediction_capture;app/services/background_worker.py:run_worker_once;app/services/winner_probability/backfill.py:WinnerProbabilityBackfillService.execute_backfill;app/services/winner_probability/capture_service.py:WinnerPredictionCaptureService.capture_run;app/services/winner_probability/cohort_definition.py:CohortDefinitionService.ensure_definition;app/services/winner_probability/cohort_materialization_service.py:CohortMaterializationService.materialize_slice;app/services/winner_probability/cohort_refresh_planner.py:CohortRefreshPlanner.request_for_current_evidence;app/services/winner_probability/decision_time_estimate_service.py:DecisionTimeEstimateService.create_decision_time_estimate;app/services/winner_probability/job_handlers.py:WinnerCohortRefreshService.refresh_cohorts;app/services/winner_probability/job_handlers.py:enqueue_outcome_maturation_workflow;app/services/winner_probability/job_handlers.py:execute_cohort_refresh_job;app/services/winner_probability/job_handlers.py:execute_historical_backfill_job;app/services/winner_probability/job_handlers.py:execute_outcome_maturation_job;app/services/winner_probability/job_handlers.py:execute_outcome_revision_check_job;app/services/winner_probability/job_handlers.py:execute_prediction_capture_job;app/services/winner_probability/pre11_activation_service.py:Pre11L5ActivationService.activate;app/services/winner_probability/pre11_compatibility_service.py:Pre11CompatibilityWriteService.persist_decisions_and_replays;app/services/winner_probability/probability_estimator.py:ProbabilityEstimator.create_decision_time_estimate;app/services/winner_probability/probability_estimator.py:ProbabilityEstimator.create_latest_rescore;app/services/winner_probability/scheduler.py:schedule_primary_h5_maturation;scripts/owpe_pre11_activate_l5.py:main;scripts/owpe_pre11_training_compatibility.py:main;scripts/winner_clean_reconstruction.py:main,app/services/winner_probability/cohort_definition.py:CohortDefinitionService.ensure_definition,WF_WINNER_COHORT_DEFINITION,DOMAIN_SUPPORTING_STATE
app/services/winner_probability/cohort_generation_service.py:CohortGenerationService._activate_locked,644,SHARED_DOMAIN_WRITER,CANONICAL_CALCULATION,winner_cohort_generations,,WINNER_GENERATION,app/services/winner_probability/cohort_generation_service.py:CohortGenerationService.capture_or_resume,CALLER_SESSION; REVIEW_COMMIT_PATH,DURABLE_ONLY; ENTRY_PATH_REVIEW_REQUIRED,app/routers/winner_probability_routes.py:queue_winner_cohort_refresh;app/routers/winner_probability_routes.py:queue_winner_outcome_maturation;app/services/background_worker.py:run_worker_once;app/services/winner_probability/cohort_generation_service.py:CohortGenerationService.publish;app/services/winner_probability/cohort_generation_service.py:CohortGenerationService.publish_reviewed_supersession;app/services/winner_probability/cohort_materialization_service.py:CohortMaterializationService.materialize_slice;app/services/winner_probability/cohort_refresh_planner.py:CohortRefreshPlanner.request_for_current_evidence;app/services/winner_probability/estimate_publication_service.py:WinnerEstimatePublicationService.publish;app/services/winner_probability/job_handlers.py:WinnerCohortRefreshService.refresh_cohorts;app/services/winner_probability/job_handlers.py:enqueue_outcome_maturation_workflow;app/services/winner_probability/job_handlers.py:execute_cohort_refresh_job;app/services/winner_probability/job_handlers.py:execute_outcome_maturation_job;app/services/winner_probability/job_handlers.py:execute_outcome_revision_check_job;app/services/winner_probability/pre11_compatibility_service.py:Pre11CompatibilityWriteService.persist_decisions_and_replays;app/services/winner_probability/scheduler.py:schedule_primary_h5_maturation;scripts/owpe_pre11_training_compatibility.py:main;scripts/winner_clean_reconstruction.py:main;scripts/winner_estimate_publication.py:main,app/services/winner_probability/cohort_generation_service.py:CohortGenerationService._activate_locked,WF_WINNER_GENERATION,SEMANTIC_WRITER_MEMBER
app/services/winner_probability/cohort_generation_service.py:CohortGenerationService._activate_locked,644,SHARED_DOMAIN_WRITER,CANONICAL_CALCULATION,winner_cohort_refresh_state,,CURRENT_PROJECTION,app/services/winner_probability/cohort_generation_service.py:CohortGenerationService._activate_locked,CALLER_SESSION; REVIEW_COMMIT_PATH,DURABLE_ONLY; ENTRY_PATH_REVIEW_REQUIRED,app/routers/winner_probability_routes.py:queue_winner_cohort_refresh;app/routers/winner_probability_routes.py:queue_winner_outcome_maturation;app/services/background_worker.py:run_worker_once;app/services/winner_probability/cohort_generation_service.py:CohortGenerationService.publish;app/services/winner_probability/cohort_generation_service.py:CohortGenerationService.publish_reviewed_supersession;app/services/winner_probability/cohort_materialization_service.py:CohortMaterializationService.materialize_slice;app/services/winner_probability/cohort_refresh_planner.py:CohortRefreshPlanner.request_for_current_evidence;app/services/winner_probability/estimate_publication_service.py:WinnerEstimatePublicationService.publish;app/services/winner_probability/job_handlers.py:WinnerCohortRefreshService.refresh_cohorts;app/services/winner_probability/job_handlers.py:enqueue_outcome_maturation_workflow;app/services/winner_probability/job_handlers.py:execute_cohort_refresh_job;app/services/winner_probability/job_handlers.py:execute_outcome_maturation_job;app/services/winner_probability/job_handlers.py:execute_outcome_revision_check_job;app/services/winner_probability/pre11_compatibility_service.py:Pre11CompatibilityWriteService.persist_decisions_and_replays;app/services/winner_probability/scheduler.py:schedule_primary_h5_maturation;scripts/owpe_pre11_training_compatibility.py:main;scripts/winner_clean_reconstruction.py:main;scripts/winner_estimate_publication.py:main,app/services/winner_probability/cohort_generation_service.py:CohortGenerationService._activate_locked,WF_WINNER_GENERATION,SEMANTIC_WRITER_MEMBER
app/services/winner_probability/cohort_generation_service.py:CohortGenerationService.capture_or_resume,324,SHARED_DOMAIN_WRITER,CANONICAL_CALCULATION,winner_cohort_generations,add,WINNER_GENERATION,app/services/winner_probability/cohort_generation_service.py:CohortGenerationService.capture_or_resume,CALLER_SESSION; REVIEW_COMMIT_PATH,DURABLE_ONLY; ENTRY_PATH_REVIEW_REQUIRED,app/routers/winner_probability_routes.py:queue_winner_cohort_refresh;app/routers/winner_probability_routes.py:queue_winner_outcome_maturation;app/services/background_worker.py:run_worker_once;app/services/winner_probability/cohort_generation_service.py:CohortGenerationService.capture_or_resume;app/services/winner_probability/cohort_refresh_planner.py:CohortRefreshPlanner.request_for_current_evidence;app/services/winner_probability/job_handlers.py:WinnerCohortRefreshService.refresh_cohorts;app/services/winner_probability/job_handlers.py:enqueue_outcome_maturation_workflow;app/services/winner_probability/job_handlers.py:execute_cohort_refresh_job;app/services/winner_probability/job_handlers.py:execute_outcome_maturation_job;app/services/winner_probability/job_handlers.py:execute_outcome_revision_check_job;app/services/winner_probability/pre11_compatibility_service.py:Pre11CompatibilityWriteService.persist_decisions_and_replays;app/services/winner_probability/scheduler.py:schedule_primary_h5_maturation;scripts/owpe_pre11_training_compatibility.py:main;scripts/winner_clean_reconstruction.py:main,app/services/winner_probability/cohort_generation_service.py:CohortGenerationService.capture_or_resume,WF_WINNER_GENERATION,CANONICAL_SEMANTIC_WRITER
app/services/winner_probability/cohort_generation_service.py:EvidenceWatermarkService._locked_state,272,CURRENT_PROJECTION_WRITER,CANONICAL_CALCULATION,winner_cohort_refresh_state,add,CURRENT_PROJECTION,app/services/winner_probability/cohort_generation_service.py:CohortGenerationService._activate_locked,CALLER_SESSION; REVIEW_COMMIT_PATH,DURABLE_ONLY; ENTRY_PATH_REVIEW_REQUIRED,app/routers/winner_probability_routes.py:queue_winner_cohort_refresh;app/routers/winner_probability_routes.py:queue_winner_outcome_maturation;app/services/background_worker.py:run_worker_once;app/services/winner_probability/cohort_generation_service.py:EvidenceWatermarkService.advance_to_current_material_evidence;app/services/winner_probability/cohort_refresh_planner.py:CohortRefreshPlanner.request_for_current_evidence;app/services/winner_probability/job_handlers.py:WinnerCohortRefreshService.refresh_cohorts;app/services/winner_probability/job_handlers.py:enqueue_outcome_maturation_workflow;app/services/winner_probability/job_handlers.py:execute_cohort_refresh_job;app/services/winner_probability/job_handlers.py:execute_outcome_maturation_job;app/services/winner_probability/job_handlers.py:execute_outcome_revision_check_job;app/services/winner_probability/pre11_compatibility_service.py:Pre11CompatibilityWriteService.persist_decisions_and_replays;app/services/winner_probability/scheduler.py:schedule_primary_h5_maturation;scripts/owpe_pre11_training_compatibility.py:main;scripts/winner_clean_reconstruction.py:main,app/services/winner_probability/cohort_generation_service.py:EvidenceWatermarkService._locked_state,WF_WINNER_WATERMARK,CURRENT_PROJECTION_WRITER
app/services/winner_probability/cohort_materialization_service.py:CohortMaterializationService._cancel,471,SHARED_DOMAIN_WRITER,CANONICAL_CALCULATION,winner_cohort_generations,,WINNER_GENERATION,app/services/winner_probability/cohort_generation_service.py:CohortGenerationService.capture_or_resume,CALLER_SESSION; REVIEW_COMMIT_PATH,DURABLE_ONLY; ENTRY_PATH_REVIEW_REQUIRED,app/routers/winner_probability_routes.py:queue_winner_cohort_refresh;app/routers/winner_probability_routes.py:queue_winner_outcome_maturation;app/services/background_worker.py:run_worker_once;app/services/winner_probability/cohort_materialization_service.py:CohortMaterializationService.materialize_slice;app/services/winner_probability/cohort_refresh_planner.py:CohortRefreshPlanner.request_for_current_evidence;app/services/winner_probability/job_handlers.py:WinnerCohortRefreshService.refresh_cohorts;app/services/winner_probability/job_handlers.py:enqueue_outcome_maturation_workflow;app/services/winner_probability/job_handlers.py:execute_cohort_refresh_job;app/services/winner_probability/job_handlers.py:execute_outcome_maturation_job;app/services/winner_probability/job_handlers.py:execute_outcome_revision_check_job;app/services/winner_probability/pre11_compatibility_service.py:Pre11CompatibilityWriteService.persist_decisions_and_replays;app/services/winner_probability/scheduler.py:schedule_primary_h5_maturation;scripts/owpe_pre11_training_compatibility.py:main;scripts/winner_clean_reconstruction.py:main,app/services/winner_probability/cohort_materialization_service.py:CohortMaterializationService._cancel,WF_WINNER_COHORT_MATERIALIZATION,SEMANTIC_WRITER_MEMBER
app/services/winner_probability/cohort_materialization_service.py:CohortMaterializationService.materialize_slice,78,SHARED_DOMAIN_WRITER,CANONICAL_CALCULATION,winner_cohort_generations,add,WINNER_GENERATION,app/services/winner_probability/cohort_generation_service.py:CohortGenerationService.capture_or_resume,CALLER_SESSION; REVIEW_COMMIT_PATH,DURABLE_ONLY; ENTRY_PATH_REVIEW_REQUIRED,app/routers/winner_probability_routes.py:queue_winner_cohort_refresh;app/routers/winner_probability_routes.py:queue_winner_outcome_maturation;app/services/background_worker.py:run_worker_once;app/services/winner_probability/cohort_materialization_service.py:CohortMaterializationService.materialize_slice;app/services/winner_probability/cohort_refresh_planner.py:CohortRefreshPlanner.request_for_current_evidence;app/services/winner_probability/job_handlers.py:WinnerCohortRefreshService.refresh_cohorts;app/services/winner_probability/job_handlers.py:enqueue_outcome_maturation_workflow;app/services/winner_probability/job_handlers.py:execute_cohort_refresh_job;app/services/winner_probability/job_handlers.py:execute_outcome_maturation_job;app/services/winner_probability/job_handlers.py:execute_outcome_revision_check_job;app/services/winner_probability/pre11_compatibility_service.py:Pre11CompatibilityWriteService.persist_decisions_and_replays;app/services/winner_probability/scheduler.py:schedule_primary_h5_maturation;scripts/owpe_pre11_training_compatibility.py:main;scripts/winner_clean_reconstruction.py:main,app/services/winner_probability/cohort_materialization_service.py:CohortMaterializationService.materialize_slice,WF_WINNER_COHORT_MATERIALIZATION,CANONICAL_SEMANTIC_WRITER
app/services/winner_probability/cohort_materialization_service.py:CohortMaterializationService.materialize_slice,78,SHARED_DOMAIN_WRITER,CANONICAL_CALCULATION,winner_cohort_statistics,add,WINNER_COHORT,app/services/winner_probability/cohort_materialization_service.py:CohortMaterializationService.materialize_slice,CALLER_SESSION; REVIEW_COMMIT_PATH,DURABLE_ONLY; ENTRY_PATH_REVIEW_REQUIRED,app/routers/winner_probability_routes.py:queue_winner_cohort_refresh;app/routers/winner_probability_routes.py:queue_winner_outcome_maturation;app/services/background_worker.py:run_worker_once;app/services/winner_probability/cohort_materialization_service.py:CohortMaterializationService.materialize_slice;app/services/winner_probability/cohort_refresh_planner.py:CohortRefreshPlanner.request_for_current_evidence;app/services/winner_probability/job_handlers.py:WinnerCohortRefreshService.refresh_cohorts;app/services/winner_probability/job_handlers.py:enqueue_outcome_maturation_workflow;app/services/winner_probability/job_handlers.py:execute_cohort_refresh_job;app/services/winner_probability/job_handlers.py:execute_outcome_maturation_job;app/services/winner_probability/job_handlers.py:execute_outcome_revision_check_job;app/services/winner_probability/pre11_compatibility_service.py:Pre11CompatibilityWriteService.persist_decisions_and_replays;app/services/winner_probability/scheduler.py:schedule_primary_h5_maturation;scripts/owpe_pre11_training_compatibility.py:main;scripts/winner_clean_reconstruction.py:main,app/services/winner_probability/cohort_materialization_service.py:CohortMaterializationService.materialize_slice,WF_WINNER_COHORT_MATERIALIZATION,CANONICAL_SEMANTIC_WRITER
app/services/winner_probability/drift_service.py:DriftService.persist_metrics,77,SHARED_DOMAIN_WRITER,CANONICAL_CALCULATION,winner_drift_metrics,add,WINNER_DIAGNOSTICS,app/services/winner_probability/drift_service.py:DriftService.persist_metrics,CALLER_SESSION; REVIEW_COMMIT_PATH,DURABLE_ONLY; ENTRY_PATH_REVIEW_REQUIRED,app/services/winner_probability/drift_service.py:DriftService.persist_metrics,app/services/winner_probability/drift_service.py:DriftService.persist_metrics,WF_WINNER_DRIFT,POTENTIAL_BYPASS
app/services/winner_probability/episode_service.py:WinnerEpisodeService.assign_episode,26,SHARED_DOMAIN_WRITER,CANONICAL_CALCULATION,winner_prediction_episodes,add,WINNER_PREDICTION,app/services/winner_probability/episode_service.py:WinnerEpisodeService.assign_episode,CALLER_SESSION; REVIEW_COMMIT_PATH,DURABLE_ONLY; ENTRY_PATH_REVIEW_REQUIRED,app/routers/winner_probability_routes.py:queue_winner_prediction_capture;app/services/winner_probability/backfill.py:WinnerProbabilityBackfillService.execute_backfill;app/services/winner_probability/capture_service.py:WinnerPredictionCaptureService.capture_run;app/services/winner_probability/episode_service.py:WinnerEpisodeService.assign_episode;app/services/winner_probability/job_handlers.py:execute_historical_backfill_job;app/services/winner_probability/job_handlers.py:execute_prediction_capture_job,app/services/winner_probability/episode_service.py:WinnerEpisodeService.assign_episode,WF_WINNER_EPISODE,DOMAIN_SUPPORTING_STATE
app/services/winner_probability/estimate_publication_service.py:WinnerEstimatePublicationService.publish,121,SHARED_DOMAIN_WRITER,PUBLICATION,winner_estimate_publication_requests,add,WINNER_PUBLICATION,app/services/winner_probability/estimate_publication_service.py:WinnerEstimatePublicationService.publish,CALLER_SESSION; REVIEW_COMMIT_PATH,DURABLE_ONLY; ENTRY_PATH_REVIEW_REQUIRED,app/services/winner_probability/estimate_publication_service.py:WinnerEstimatePublicationService.publish;scripts/winner_estimate_publication.py:main,app/services/winner_probability/estimate_publication_service.py:WinnerEstimatePublicationService.publish,WF_WINNER_PUBLICATION,CANONICAL_SEMANTIC_WRITER
app/services/winner_probability/estimate_publication_service.py:WinnerEstimatePublicationService.publish,121,SHARED_DOMAIN_WRITER,PUBLICATION,winner_probability_estimates,add,WINNER_ESTIMATE,app/services/winner_probability/probability_estimator.py:ProbabilityEstimator._create_estimate,CALLER_SESSION; REVIEW_COMMIT_PATH,DURABLE_ONLY; ENTRY_PATH_REVIEW_REQUIRED,app/services/winner_probability/estimate_publication_service.py:WinnerEstimatePublicationService.publish;scripts/winner_estimate_publication.py:main,app/services/winner_probability/estimate_publication_service.py:WinnerEstimatePublicationService.publish,WF_WINNER_PUBLICATION,CANONICAL_SEMANTIC_WRITER
app/services/winner_probability/evidence_manifest_service.py:EvidenceManifestService.create_or_get_manifest,31,SHARED_DOMAIN_WRITER,CANONICAL_CALCULATION,winner_evidence_manifests,add,WINNER_COHORT,app/services/winner_probability/evidence_manifest_service.py:EvidenceManifestService.create_or_get_manifest,CALLER_SESSION; REVIEW_COMMIT_PATH,DURABLE_ONLY; ENTRY_PATH_REVIEW_REQUIRED,app/routers/winner_probability_routes.py:queue_winner_cohort_refresh;app/routers/winner_probability_routes.py:queue_winner_outcome_maturation;app/routers/winner_probability_routes.py:queue_winner_prediction_capture;app/services/background_worker.py:run_worker_once;app/services/winner_probability/backfill.py:WinnerProbabilityBackfillService.execute_backfill;app/services/winner_probability/capture_service.py:WinnerPredictionCaptureService.capture_run;app/services/winner_probability/cohort_materialization_service.py:CohortMaterializationService.materialize_slice;app/services/winner_probability/cohort_refresh_planner.py:CohortRefreshPlanner.request_for_current_evidence;app/services/winner_probability/decision_time_estimate_service.py:DecisionTimeEstimateService.create_decision_time_estimate;app/services/winner_probability/evidence_manifest_service.py:EvidenceManifestService.create_or_get_manifest;app/services/winner_probability/job_handlers.py:WinnerCohortRefreshService.refresh_cohorts;app/services/winner_probability/job_handlers.py:enqueue_outcome_maturation_workflow;app/services/winner_probability/job_handlers.py:execute_cohort_refresh_job;app/services/winner_probability/job_handlers.py:execute_historical_backfill_job;app/services/winner_probability/job_handlers.py:execute_outcome_maturation_job;app/services/winner_probability/job_handlers.py:execute_outcome_revision_check_job;app/services/winner_probability/job_handlers.py:execute_prediction_capture_job;app/services/winner_probability/pre11_activation_service.py:Pre11L5ActivationService.activate;app/services/winner_probability/pre11_compatibility_service.py:Pre11CompatibilityWriteService.persist_decisions_and_replays;app/services/winner_probability/probability_estimator.py:ProbabilityEstimator.create_decision_time_estimate;app/services/winner_probability/probability_estimator.py:ProbabilityEstimator.create_latest_rescore;app/services/winner_probability/scheduler.py:schedule_primary_h5_maturation;scripts/owpe_pre11_activate_l5.py:main;scripts/owpe_pre11_training_compatibility.py:main;scripts/winner_clean_reconstruction.py:main,app/services/winner_probability/evidence_manifest_service.py:EvidenceManifestService.create_or_get_manifest,WF_WINNER_EVIDENCE_MANIFEST,DOMAIN_SUPPORTING_STATE
app/services/winner_probability/evidence_manifest_service.py:EvidenceManifestService.persist_manifest_members,97,SHARED_DOMAIN_WRITER,CANONICAL_CALCULATION,winner_evidence_manifest_members,add,WINNER_COHORT,app/services/winner_probability/evidence_manifest_service.py:EvidenceManifestService.create_or_get_manifest,CALLER_SESSION; REVIEW_COMMIT_PATH,DURABLE_ONLY; ENTRY_PATH_REVIEW_REQUIRED,app/routers/winner_probability_routes.py:queue_winner_cohort_refresh;app/routers/winner_probability_routes.py:queue_winner_outcome_maturation;app/services/background_worker.py:run_worker_once;app/services/winner_probability/cohort_materialization_service.py:CohortMaterializationService.materialize_slice;app/services/winner_probability/cohort_refresh_planner.py:CohortRefreshPlanner.request_for_current_evidence;app/services/winner_probability/evidence_manifest_service.py:EvidenceManifestService.persist_manifest_members;app/services/winner_probability/job_handlers.py:WinnerCohortRefreshService.refresh_cohorts;app/services/winner_probability/job_handlers.py:enqueue_outcome_maturation_workflow;app/services/winner_probability/job_handlers.py:execute_cohort_refresh_job;app/services/winner_probability/job_handlers.py:execute_outcome_maturation_job;app/services/winner_probability/job_handlers.py:execute_outcome_revision_check_job;app/services/winner_probability/pre11_compatibility_service.py:Pre11CompatibilityWriteService.persist_decisions_and_replays;app/services/winner_probability/scheduler.py:schedule_primary_h5_maturation;scripts/owpe_pre11_training_compatibility.py:main;scripts/winner_clean_reconstruction.py:main,app/services/winner_probability/evidence_manifest_service.py:EvidenceManifestService.persist_manifest_members,WF_WINNER_EVIDENCE_MANIFEST,DOMAIN_SUPPORTING_STATE
app/services/winner_probability/evidence_manifest_service.py:EvidenceManifestService.persist_members,134,SHARED_DOMAIN_WRITER,CANONICAL_CALCULATION,winner_estimate_evidence_members,add,WINNER_COHORT,app/services/winner_probability/evidence_manifest_service.py:EvidenceManifestService.create_or_get_manifest,CALLER_SESSION; REVIEW_COMMIT_PATH,DURABLE_ONLY; ENTRY_PATH_REVIEW_REQUIRED,app/routers/winner_probability_routes.py:queue_winner_prediction_capture;app/services/winner_probability/backfill.py:WinnerProbabilityBackfillService.execute_backfill;app/services/winner_probability/capture_service.py:WinnerPredictionCaptureService.capture_run;app/services/winner_probability/decision_time_estimate_service.py:DecisionTimeEstimateService.create_decision_time_estimate;app/services/winner_probability/evidence_manifest_service.py:EvidenceManifestService.persist_members;app/services/winner_probability/job_handlers.py:execute_historical_backfill_job;app/services/winner_probability/job_handlers.py:execute_prediction_capture_job;app/services/winner_probability/pre11_activation_service.py:Pre11L5ActivationService.activate;app/services/winner_probability/probability_estimator.py:ProbabilityEstimator.create_decision_time_estimate;app/services/winner_probability/probability_estimator.py:ProbabilityEstimator.create_latest_rescore;scripts/owpe_pre11_activate_l5.py:main,app/services/winner_probability/evidence_manifest_service.py:EvidenceManifestService.persist_members,WF_WINNER_EVIDENCE_MANIFEST,DOMAIN_SUPPORTING_STATE
app/services/winner_probability/job_handlers.py:_finish_processing_run,1174,OPERATIONAL_WRITER,OPERATIONAL,winner_processing_runs,,OPERATIONAL,NOT_APPLICABLE,CALLER_SESSION; REVIEW_COMMIT_PATH,DURABLE_ONLY; ENTRY_PATH_REVIEW_REQUIRED,app/routers/winner_probability_routes.py:queue_winner_cohort_refresh;app/routers/winner_probability_routes.py:queue_winner_outcome_maturation;app/routers/winner_probability_routes.py:queue_winner_prediction_capture;app/services/background_worker.py:run_worker_once;app/services/winner_probability/cohort_refresh_planner.py:CohortRefreshPlanner.request_for_current_evidence;app/services/winner_probability/job_handlers.py:enqueue_outcome_maturation_workflow;app/services/winner_probability/job_handlers.py:execute_cohort_refresh_job;app/services/winner_probability/job_handlers.py:execute_historical_backfill_job;app/services/winner_probability/job_handlers.py:execute_latest_rescore_job;app/services/winner_probability/job_handlers.py:execute_outcome_maturation_job;app/services/winner_probability/job_handlers.py:execute_outcome_revision_check_job;app/services/winner_probability/job_handlers.py:execute_prediction_capture_job;app/services/winner_probability/pre11_compatibility_service.py:Pre11CompatibilityWriteService.persist_decisions_and_replays;app/services/winner_probability/scheduler.py:schedule_primary_h5_maturation;scripts/owpe_pre11_training_compatibility.py:main,app/services/winner_probability/job_handlers.py:_finish_processing_run,OPERATIONAL_ONLY,OPERATIONAL_WRITER
app/services/winner_probability/job_handlers.py:_start_processing_run,1108,OPERATIONAL_WRITER,OPERATIONAL,winner_processing_runs,add,OPERATIONAL,NOT_APPLICABLE,CALLER_SESSION; REVIEW_COMMIT_PATH,DURABLE_ONLY; ENTRY_PATH_REVIEW_REQUIRED,app/routers/winner_probability_routes.py:queue_winner_cohort_refresh;app/routers/winner_probability_routes.py:queue_winner_outcome_maturation;app/routers/winner_probability_routes.py:queue_winner_prediction_capture;app/services/background_worker.py:run_worker_once;app/services/winner_probability/cohort_refresh_planner.py:CohortRefreshPlanner.request_for_current_evidence;app/services/winner_probability/job_handlers.py:enqueue_outcome_maturation_workflow;app/services/winner_probability/job_handlers.py:execute_cohort_refresh_job;app/services/winner_probability/job_handlers.py:execute_historical_backfill_job;app/services/winner_probability/job_handlers.py:execute_latest_rescore_job;app/services/winner_probability/job_handlers.py:execute_outcome_maturation_job;app/services/winner_probability/job_handlers.py:execute_outcome_revision_check_job;app/services/winner_probability/job_handlers.py:execute_prediction_capture_job;app/services/winner_probability/pre11_compatibility_service.py:Pre11CompatibilityWriteService.persist_decisions_and_replays;app/services/winner_probability/scheduler.py:schedule_primary_h5_maturation;scripts/owpe_pre11_training_compatibility.py:main,app/services/winner_probability/job_handlers.py:_start_processing_run,OPERATIONAL_ONLY,OPERATIONAL_WRITER
app/services/winner_probability/job_handlers.py:enqueue_outcome_maturation_workflow,103,OPERATIONAL_WRITER,OPERATIONAL,background_jobs,,OPERATIONAL,NOT_APPLICABLE,CALLER_SESSION; REVIEW_COMMIT_PATH,DURABLE_ONLY; ENTRY_PATH_REVIEW_REQUIRED,app/routers/winner_probability_routes.py:queue_winner_outcome_maturation;app/services/background_worker.py:run_worker_once;app/services/winner_probability/job_handlers.py:enqueue_outcome_maturation_workflow;app/services/winner_probability/scheduler.py:schedule_primary_h5_maturation,app/services/winner_probability/job_handlers.py:enqueue_outcome_maturation_workflow,OPERATIONAL_ONLY,OPERATIONAL_WRITER
app/services/winner_probability/job_handlers.py:execute_cohort_refresh_job,762,OPERATIONAL_WRITER,OPERATIONAL,background_jobs,,OPERATIONAL,NOT_APPLICABLE,CALLER_SESSION; REVIEW_COMMIT_PATH,DURABLE_ONLY; ENTRY_PATH_REVIEW_REQUIRED,app/routers/winner_probability_routes.py:queue_winner_cohort_refresh;app/routers/winner_probability_routes.py:queue_winner_outcome_maturation;app/services/background_worker.py:run_worker_once;app/services/winner_probability/cohort_refresh_planner.py:CohortRefreshPlanner.request_for_current_evidence;app/services/winner_probability/job_handlers.py:enqueue_outcome_maturation_workflow;app/services/winner_probability/job_handlers.py:execute_cohort_refresh_job;app/services/winner_probability/job_handlers.py:execute_outcome_maturation_job;app/services/winner_probability/job_handlers.py:execute_outcome_revision_check_job;app/services/winner_probability/pre11_compatibility_service.py:Pre11CompatibilityWriteService.persist_decisions_and_replays;app/services/winner_probability/scheduler.py:schedule_primary_h5_maturation;scripts/owpe_pre11_training_compatibility.py:main,app/services/winner_probability/job_handlers.py:execute_cohort_refresh_job,OPERATIONAL_ONLY,OPERATIONAL_WRITER
app/services/winner_probability/job_handlers.py:execute_cohort_refresh_job,762,OPERATIONAL_WRITER,OPERATIONAL,winner_processing_runs,,OPERATIONAL,NOT_APPLICABLE,CALLER_SESSION; REVIEW_COMMIT_PATH,DURABLE_ONLY; ENTRY_PATH_REVIEW_REQUIRED,app/routers/winner_probability_routes.py:queue_winner_cohort_refresh;app/routers/winner_probability_routes.py:queue_winner_outcome_maturation;app/services/background_worker.py:run_worker_once;app/services/winner_probability/cohort_refresh_planner.py:CohortRefreshPlanner.request_for_current_evidence;app/services/winner_probability/job_handlers.py:enqueue_outcome_maturation_workflow;app/services/winner_probability/job_handlers.py:execute_cohort_refresh_job;app/services/winner_probability/job_handlers.py:execute_outcome_maturation_job;app/services/winner_probability/job_handlers.py:execute_outcome_revision_check_job;app/services/winner_probability/pre11_compatibility_service.py:Pre11CompatibilityWriteService.persist_decisions_and_replays;app/services/winner_probability/scheduler.py:schedule_primary_h5_maturation;scripts/owpe_pre11_training_compatibility.py:main,app/services/winner_probability/job_handlers.py:execute_cohort_refresh_job,OPERATIONAL_ONLY,OPERATIONAL_WRITER
app/services/winner_probability/job_handlers.py:execute_historical_backfill_job,1019,OPERATIONAL_WRITER,OPERATIONAL,background_jobs,,OPERATIONAL,NOT_APPLICABLE,CALLER_SESSION; REVIEW_COMMIT_PATH,DURABLE_ONLY; ENTRY_PATH_REVIEW_REQUIRED,app/services/winner_probability/job_handlers.py:execute_historical_backfill_job,app/services/winner_probability/job_handlers.py:execute_historical_backfill_job,OPERATIONAL_ONLY,OPERATIONAL_WRITER
app/services/winner_probability/job_handlers.py:execute_latest_rescore_job,873,OPERATIONAL_WRITER,OPERATIONAL,background_jobs,,OPERATIONAL,NOT_APPLICABLE,CALLER_SESSION; REVIEW_COMMIT_PATH,DURABLE_ONLY; ENTRY_PATH_REVIEW_REQUIRED,app/services/winner_probability/job_handlers.py:execute_latest_rescore_job,app/services/winner_probability/job_handlers.py:execute_latest_rescore_job,OPERATIONAL_ONLY,OPERATIONAL_WRITER
app/services/winner_probability/job_handlers.py:execute_latest_rescore_job,873,OPERATIONAL_WRITER,OPERATIONAL,winner_processing_runs,,OPERATIONAL,NOT_APPLICABLE,CALLER_SESSION; REVIEW_COMMIT_PATH,DURABLE_ONLY; ENTRY_PATH_REVIEW_REQUIRED,app/services/winner_probability/job_handlers.py:execute_latest_rescore_job,app/services/winner_probability/job_handlers.py:execute_latest_rescore_job,OPERATIONAL_ONLY,OPERATIONAL_WRITER
app/services/winner_probability/job_handlers.py:execute_outcome_maturation_job,434,OPERATIONAL_WRITER,OPERATIONAL,background_jobs,,OPERATIONAL,NOT_APPLICABLE,CALLER_SESSION; REVIEW_COMMIT_PATH,DURABLE_ONLY; ENTRY_PATH_REVIEW_REQUIRED,app/routers/winner_probability_routes.py:queue_winner_outcome_maturation;app/services/background_worker.py:run_worker_once;app/services/winner_probability/job_handlers.py:enqueue_outcome_maturation_workflow;app/services/winner_probability/job_handlers.py:execute_outcome_maturation_job;app/services/winner_probability/scheduler.py:schedule_primary_h5_maturation,app/services/winner_probability/job_handlers.py:execute_outcome_maturation_job,OPERATIONAL_ONLY,OPERATIONAL_WRITER
app/services/winner_probability/job_handlers.py:execute_prediction_capture_job,338,OPERATIONAL_WRITER,OPERATIONAL,background_jobs,,OPERATIONAL,NOT_APPLICABLE,CALLER_SESSION; REVIEW_COMMIT_PATH,DURABLE_ONLY; ENTRY_PATH_REVIEW_REQUIRED,app/routers/winner_probability_routes.py:queue_winner_prediction_capture;app/services/winner_probability/job_handlers.py:execute_prediction_capture_job,app/services/winner_probability/job_handlers.py:execute_prediction_capture_job,OPERATIONAL_ONLY,OPERATIONAL_WRITER
app/services/winner_probability/market_data_obligation_service.py:MarketDataObligationService.ensure_for_outcomes,146,SHARED_DOMAIN_WRITER,CANONICAL_CALCULATION,winner_market_data_obligations,add,PRICE,app/services/winner_probability/market_data_obligation_service.py:MarketDataObligationService.ensure_for_outcomes,CALLER_SESSION; REVIEW_COMMIT_PATH,DURABLE_ONLY; ENTRY_PATH_REVIEW_REQUIRED,app/routers/winner_probability_routes.py:queue_winner_prediction_capture;app/services/winner_probability/backfill.py:WinnerProbabilityBackfillService.execute_backfill;app/services/winner_probability/capture_service.py:WinnerPredictionCaptureService.capture_run;app/services/winner_probability/job_handlers.py:execute_historical_backfill_job;app/services/winner_probability/job_handlers.py:execute_prediction_capture_job;app/services/winner_probability/market_data_obligation_service.py:MarketDataObligationService.ensure_for_outcomes;app/services/winner_probability/pending_outcome_service.py:PendingOutcomeService.materialize_pending_outcomes;scripts/winner_market_data_recovery.py:main,app/services/winner_probability/market_data_obligation_service.py:MarketDataObligationService.ensure_for_outcomes,WF_WINNER_MARKET_DATA_OBLIGATION,DOMAIN_SUPPORTING_STATE
app/services/winner_probability/market_data_obligation_service.py:MarketDataObligationService.evaluate,246,SHARED_DOMAIN_WRITER,CANONICAL_CALCULATION,winner_market_data_obligations,,PRICE,app/services/winner_probability/market_data_obligation_service.py:MarketDataObligationService.ensure_for_outcomes,CALLER_SESSION; REVIEW_COMMIT_PATH,DURABLE_ONLY; ENTRY_PATH_REVIEW_REQUIRED,app/routers/ib_routes.py:fetch_bars;app/routers/market_data_routes.py:queue_market_data_prewarm;app/routers/run_routes.py:fetch_run_ib_bars_action;app/routers/run_routes.py:resume_run_ib_fetch_action;app/routers/run_routes.py:resume_run_pipeline_action;app/routers/run_routes.py:retry_failed_run_ib_fetch_action;app/routers/run_routes.py:run_full_pipeline_action;app/routers/winner_probability_routes.py:queue_winner_prediction_capture;app/services/background_worker.py:_execute_full_pipeline_job;app/services/background_worker.py:_execute_sec_readiness_repair_job;app/services/ceri/sec/readiness_repair.py:execute_sec_readiness_repair;app/services/ceri/sec/readiness_repair.py:schedule_sec_readiness_repair;app/services/ib_fetch_executor.py:execute_fetch_plan;app/services/ib_fetch_job_service.py:execute_durable_fetch_job;app/services/ib_fetch_job_service.py:submit_fetch_job;app/services/market_data_prewarm_service.py:enqueue_market_data_prewarm;app/services/market_data_prewarm_service.py:execute_market_data_prewarm;app/services/market_data_prewarm_service.py:execute_market_data_prewarm_job;app/services/pipeline_executor.py:execute_full_pipeline;app/services/pipeline_service.py:enqueue_pipeline_after_sec_repair;app/services/pipeline_service.py:resume_pipeline;app/services/pipeline_service.py:start_pipeline;app/services/pre_enqueue_operational_gate.py:validate_pre_enqueue_operational_gate;app/services/winner_probability/backfill.py:WinnerProbabilityBackfillService.execute_backfill;app/services/winner_probability/capture_service.py:WinnerPredictionCaptureService.capture_run;app/services/winner_probability/job_handlers.py:execute_historical_backfill_job;app/services/winner_probability/job_handlers.py:execute_prediction_capture_job;app/services/winner_probability/market_data_obligation_service.py:MarketDataObligationService.ensure_for_outcomes;app/services/winner_probability/market_data_obligation_service.py:MarketDataObligationService.evaluate;app/services/winner_probability/market_data_obligation_service.py:MarketDataObligationService.record_fetch_results;app/services/winner_probability/pending_outcome_service.py:PendingOutcomeService.materialize_pending_outcomes;scripts/winner_ib_request_scope_canary.py:main;scripts/winner_market_data_recovery.py:main,app/services/winner_probability/market_data_obligation_service.py:MarketDataObligationService.evaluate,WF_WINNER_MARKET_DATA_OBLIGATION,DOMAIN_SUPPORTING_STATE
app/services/winner_probability/market_data_obligation_service.py:MarketDataObligationService.record_fetch_results,384,SHARED_DOMAIN_WRITER,CANONICAL_CALCULATION,winner_market_data_obligations,,PRICE,app/services/winner_probability/market_data_obligation_service.py:MarketDataObligationService.ensure_for_outcomes,CALLER_SESSION; REVIEW_COMMIT_PATH,DURABLE_ONLY; ENTRY_PATH_REVIEW_REQUIRED,app/routers/ib_routes.py:fetch_bars;app/routers/market_data_routes.py:queue_market_data_prewarm;app/routers/run_routes.py:fetch_run_ib_bars_action;app/routers/run_routes.py:resume_run_ib_fetch_action;app/routers/run_routes.py:resume_run_pipeline_action;app/routers/run_routes.py:retry_failed_run_ib_fetch_action;app/routers/run_routes.py:run_full_pipeline_action;app/services/background_worker.py:_execute_full_pipeline_job;app/services/background_worker.py:_execute_sec_readiness_repair_job;app/services/ceri/sec/readiness_repair.py:execute_sec_readiness_repair;app/services/ceri/sec/readiness_repair.py:schedule_sec_readiness_repair;app/services/ib_fetch_executor.py:execute_fetch_plan;app/services/ib_fetch_job_service.py:execute_durable_fetch_job;app/services/ib_fetch_job_service.py:submit_fetch_job;app/services/market_data_prewarm_service.py:enqueue_market_data_prewarm;app/services/market_data_prewarm_service.py:execute_market_data_prewarm;app/services/market_data_prewarm_service.py:execute_market_data_prewarm_job;app/services/pipeline_executor.py:execute_full_pipeline;app/services/pipeline_service.py:enqueue_pipeline_after_sec_repair;app/services/pipeline_service.py:resume_pipeline;app/services/pipeline_service.py:start_pipeline;app/services/pre_enqueue_operational_gate.py:validate_pre_enqueue_operational_gate;app/services/winner_probability/market_data_obligation_service.py:MarketDataObligationService.record_fetch_results;scripts/winner_ib_request_scope_canary.py:main,app/services/winner_probability/market_data_obligation_service.py:MarketDataObligationService.record_fetch_results,WF_WINNER_MARKET_DATA_OBLIGATION,DOMAIN_SUPPORTING_STATE
app/services/winner_probability/maturation_canary_service.py:execute_reviewed_maturation_canary,320,SHARED_DOMAIN_WRITER,OUTCOME_MATURATION,winner_forward_outcomes,,WINNER_OUTCOME,app/services/winner_probability/outcome_revision_service.py:OutcomeRevisionService.upsert_forward_revision,CALLER_SESSION; REVIEW_COMMIT_PATH,DURABLE_ONLY; ENTRY_PATH_REVIEW_REQUIRED,app/services/winner_probability/maturation_canary_service.py:execute_reviewed_maturation_canary;scripts/winner_maturation_canary.py:main,app/services/winner_probability/maturation_canary_service.py:execute_reviewed_maturation_canary,WF_WINNER_MATURATION_CANARY,CANONICAL_SEMANTIC_WRITER
app/services/winner_probability/model_registry.py:ModelRegistry._record_event,484,SHARED_DOMAIN_WRITER,CANONICAL_CALCULATION,winner_model_lifecycle_events,add,WINNER_MODEL,app/services/winner_probability/model_registry.py:ModelRegistry.register_model,CALLER_SESSION; REVIEW_COMMIT_PATH,DURABLE_ONLY; ENTRY_PATH_REVIEW_REQUIRED,app/routers/winner_probability_routes.py:retire_winner_probability_model;app/services/winner_probability/api_service.py:WinnerProbabilityApiService.retire_model;app/services/winner_probability/model_registry.py:ModelRegistry.promote_model;app/services/winner_probability/model_registry.py:ModelRegistry.register_model;app/services/winner_probability/model_registry.py:ModelRegistry.retire_model,app/services/winner_probability/model_registry.py:ModelRegistry._record_event,WF_WINNER_MODEL_GOVERNANCE,SEMANTIC_WRITER_MEMBER
app/services/winner_probability/model_registry.py:ModelRegistry._retire_active_replaced_models,453,SHARED_DOMAIN_WRITER,CANONICAL_CALCULATION,winner_model_versions,,WINNER_MODEL,app/services/winner_probability/model_registry.py:ModelRegistry.register_model,CALLER_SESSION; REVIEW_COMMIT_PATH,DURABLE_ONLY; ENTRY_PATH_REVIEW_REQUIRED,app/services/winner_probability/model_registry.py:ModelRegistry.promote_model,app/services/winner_probability/model_registry.py:ModelRegistry._retire_active_replaced_models,WF_WINNER_MODEL_GOVERNANCE,SEMANTIC_WRITER_MEMBER
app/services/winner_probability/model_registry.py:ModelRegistry.promote_model,229,SHARED_DOMAIN_WRITER,CANONICAL_CALCULATION,winner_model_versions,,WINNER_MODEL,app/services/winner_probability/model_registry.py:ModelRegistry.register_model,CALLER_SESSION; REVIEW_COMMIT_PATH,DURABLE_ONLY; ENTRY_PATH_REVIEW_REQUIRED,app/services/winner_probability/model_registry.py:ModelRegistry.promote_model,app/services/winner_probability/model_registry.py:ModelRegistry.promote_model,WF_WINNER_MODEL_GOVERNANCE,SEMANTIC_WRITER_MEMBER
app/services/winner_probability/model_registry.py:ModelRegistry.register_model,49,SHARED_DOMAIN_WRITER,CANONICAL_CALCULATION,winner_model_versions,add,WINNER_MODEL,app/services/winner_probability/model_registry.py:ModelRegistry.register_model,CALLER_SESSION; REVIEW_COMMIT_PATH,DURABLE_ONLY; ENTRY_PATH_REVIEW_REQUIRED,app/services/winner_probability/model_registry.py:ModelRegistry.register_model,app/services/winner_probability/model_registry.py:ModelRegistry.register_model,WF_WINNER_MODEL_GOVERNANCE,CANONICAL_SEMANTIC_WRITER
app/services/winner_probability/model_registry.py:ModelRegistry.retire_model,265,SHARED_DOMAIN_WRITER,CANONICAL_CALCULATION,winner_model_versions,,WINNER_MODEL,app/services/winner_probability/model_registry.py:ModelRegistry.register_model,CALLER_SESSION; REVIEW_COMMIT_PATH,DURABLE_ONLY; ENTRY_PATH_REVIEW_REQUIRED,app/routers/winner_probability_routes.py:retire_winner_probability_model;app/services/winner_probability/api_service.py:WinnerProbabilityApiService.retire_model;app/services/winner_probability/model_registry.py:ModelRegistry.retire_model,app/services/winner_probability/model_registry.py:ModelRegistry.retire_model,WF_WINNER_MODEL_GOVERNANCE,SEMANTIC_WRITER_MEMBER
app/services/winner_probability/model_training.py:ShadowModelTrainingService.persist_training_run,179,SHARED_DOMAIN_WRITER,CANONICAL_CALCULATION,winner_model_training_runs,add,WINNER_DIAGNOSTICS,app/services/winner_probability/model_training.py:ShadowModelTrainingService.persist_training_run,CALLER_SESSION; REVIEW_COMMIT_PATH,DURABLE_ONLY; ENTRY_PATH_REVIEW_REQUIRED,app/services/winner_probability/model_training.py:ShadowModelTrainingService.persist_training_run,app/services/winner_probability/model_training.py:ShadowModelTrainingService.persist_training_run,WF_WINNER_MODEL_TRAINING,POTENTIAL_BYPASS
app/services/winner_probability/outcome_revision_service.py:OutcomeRevisionService.upsert_forward_revision,12,SHARED_DOMAIN_WRITER,CANONICAL_CALCULATION,winner_forward_outcomes,add,WINNER_OUTCOME,app/services/winner_probability/outcome_revision_service.py:OutcomeRevisionService.upsert_forward_revision,CALLER_SESSION; REVIEW_COMMIT_PATH,DURABLE_ONLY; ENTRY_PATH_REVIEW_REQUIRED,app/routers/winner_probability_routes.py:queue_winner_outcome_maturation;app/services/background_worker.py:run_worker_once;app/services/winner_probability/job_handlers.py:enqueue_outcome_maturation_workflow;app/services/winner_probability/job_handlers.py:execute_outcome_maturation_job;app/services/winner_probability/job_handlers.py:execute_outcome_revision_check_job;app/services/winner_probability/maturation_canary_service.py:execute_reviewed_maturation_canary;app/services/winner_probability/outcome_orchestration_service.py:H5NextOpenOrchestrationService.drain_due;app/services/winner_probability/outcome_revision_service.py:OutcomeRevisionService.upsert_forward_revision;app/services/winner_probability/outcome_service.py:OutcomeMaturationService.process_current_revisions;app/services/winner_probability/outcome_service.py:OutcomeMaturationService.process_due_outcomes;app/services/winner_probability/outcome_service.py:OutcomeMaturationService.process_forward_outcome;app/services/winner_probability/scheduler.py:schedule_primary_h5_maturation;scripts/winner_maturation_canary.py:main,app/services/winner_probability/outcome_revision_service.py:OutcomeRevisionService.upsert_forward_revision,WF_WINNER_OUTCOME_REVISION,CANONICAL_SEMANTIC_WRITER
app/services/winner_probability/outcome_revision_service.py:OutcomeRevisionService.upsert_target_stop_revision,45,SHARED_DOMAIN_WRITER,CANONICAL_CALCULATION,winner_target_stop_outcomes,add,WINNER_OUTCOME,app/services/winner_probability/outcome_revision_service.py:OutcomeRevisionService.upsert_forward_revision,CALLER_SESSION; REVIEW_COMMIT_PATH,DURABLE_ONLY; ENTRY_PATH_REVIEW_REQUIRED,app/routers/winner_probability_routes.py:queue_winner_outcome_maturation;app/services/background_worker.py:run_worker_once;app/services/winner_probability/job_handlers.py:enqueue_outcome_maturation_workflow;app/services/winner_probability/job_handlers.py:execute_outcome_maturation_job;app/services/winner_probability/job_handlers.py:execute_outcome_revision_check_job;app/services/winner_probability/maturation_canary_service.py:execute_reviewed_maturation_canary;app/services/winner_probability/outcome_orchestration_service.py:H5NextOpenOrchestrationService.drain_due;app/services/winner_probability/outcome_revision_service.py:OutcomeRevisionService.upsert_target_stop_revision;app/services/winner_probability/outcome_service.py:OutcomeMaturationService.process_current_revisions;app/services/winner_probability/outcome_service.py:OutcomeMaturationService.process_due_outcomes;app/services/winner_probability/outcome_service.py:OutcomeMaturationService.process_forward_outcome;app/services/winner_probability/scheduler.py:schedule_primary_h5_maturation;scripts/winner_maturation_canary.py:main,app/services/winner_probability/outcome_revision_service.py:OutcomeRevisionService.upsert_target_stop_revision,WF_WINNER_OUTCOME_REVISION,SEMANTIC_WRITER_MEMBER
app/services/winner_probability/outcome_service.py:OutcomeMaturationService._calculate_forward,257,SHARED_DOMAIN_WRITER,OUTCOME_MATURATION,winner_forward_outcomes,,WINNER_OUTCOME,app/services/winner_probability/outcome_revision_service.py:OutcomeRevisionService.upsert_forward_revision,CALLER_SESSION; REVIEW_COMMIT_PATH,DURABLE_ONLY; ENTRY_PATH_REVIEW_REQUIRED,app/routers/winner_probability_routes.py:queue_winner_outcome_maturation;app/services/background_worker.py:run_worker_once;app/services/winner_probability/job_handlers.py:enqueue_outcome_maturation_workflow;app/services/winner_probability/job_handlers.py:execute_outcome_maturation_job;app/services/winner_probability/job_handlers.py:execute_outcome_revision_check_job;app/services/winner_probability/maturation_canary_service.py:execute_reviewed_maturation_canary;app/services/winner_probability/outcome_orchestration_service.py:H5NextOpenOrchestrationService.drain_due;app/services/winner_probability/outcome_service.py:OutcomeMaturationService.process_current_revisions;app/services/winner_probability/outcome_service.py:OutcomeMaturationService.process_due_outcomes;app/services/winner_probability/outcome_service.py:OutcomeMaturationService.process_forward_outcome;app/services/winner_probability/scheduler.py:schedule_primary_h5_maturation;scripts/winner_maturation_canary.py:main,app/services/winner_probability/outcome_service.py:OutcomeMaturationService._calculate_forward,WF_WINNER_FORWARD_MATURATION,SEMANTIC_WRITER_MEMBER
app/services/winner_probability/outcome_service.py:OutcomeMaturationService._calculate_forward,257,SHARED_DOMAIN_WRITER,OUTCOME_MATURATION,winner_prediction_snapshots,,WINNER_PREDICTION,app/services/winner_probability/capture_service.py:WinnerPredictionCaptureService._capture_ticker,CALLER_SESSION; REVIEW_COMMIT_PATH,DURABLE_ONLY; ENTRY_PATH_REVIEW_REQUIRED,app/routers/winner_probability_routes.py:queue_winner_outcome_maturation;app/services/background_worker.py:run_worker_once;app/services/winner_probability/job_handlers.py:enqueue_outcome_maturation_workflow;app/services/winner_probability/job_handlers.py:execute_outcome_maturation_job;app/services/winner_probability/job_handlers.py:execute_outcome_revision_check_job;app/services/winner_probability/maturation_canary_service.py:execute_reviewed_maturation_canary;app/services/winner_probability/outcome_orchestration_service.py:H5NextOpenOrchestrationService.drain_due;app/services/winner_probability/outcome_service.py:OutcomeMaturationService.process_current_revisions;app/services/winner_probability/outcome_service.py:OutcomeMaturationService.process_due_outcomes;app/services/winner_probability/outcome_service.py:OutcomeMaturationService.process_forward_outcome;app/services/winner_probability/scheduler.py:schedule_primary_h5_maturation;scripts/winner_maturation_canary.py:main,app/services/winner_probability/outcome_service.py:OutcomeMaturationService._calculate_forward,WF_WINNER_FORWARD_MATURATION,SEMANTIC_WRITER_MEMBER
app/services/winner_probability/outcome_service.py:OutcomeMaturationService.process_forward_outcome,172,SHARED_DOMAIN_WRITER,OUTCOME_MATURATION,winner_forward_outcomes,,WINNER_OUTCOME,app/services/winner_probability/outcome_revision_service.py:OutcomeRevisionService.upsert_forward_revision,CALLER_SESSION; REVIEW_COMMIT_PATH,DURABLE_ONLY; ENTRY_PATH_REVIEW_REQUIRED,app/routers/winner_probability_routes.py:queue_winner_outcome_maturation;app/services/background_worker.py:run_worker_once;app/services/winner_probability/job_handlers.py:enqueue_outcome_maturation_workflow;app/services/winner_probability/job_handlers.py:execute_outcome_maturation_job;app/services/winner_probability/job_handlers.py:execute_outcome_revision_check_job;app/services/winner_probability/maturation_canary_service.py:execute_reviewed_maturation_canary;app/services/winner_probability/outcome_orchestration_service.py:H5NextOpenOrchestrationService.drain_due;app/services/winner_probability/outcome_service.py:OutcomeMaturationService.process_current_revisions;app/services/winner_probability/outcome_service.py:OutcomeMaturationService.process_due_outcomes;app/services/winner_probability/outcome_service.py:OutcomeMaturationService.process_forward_outcome;app/services/winner_probability/scheduler.py:schedule_primary_h5_maturation;scripts/winner_maturation_canary.py:main,app/services/winner_probability/outcome_service.py:OutcomeMaturationService.process_forward_outcome,WF_WINNER_FORWARD_MATURATION,CANONICAL_SEMANTIC_WRITER
app/services/winner_probability/outcome_service.py:_mark_excluded,1021,SHARED_DOMAIN_WRITER,OUTCOME_MATURATION,winner_forward_outcomes,,WINNER_OUTCOME,app/services/winner_probability/outcome_revision_service.py:OutcomeRevisionService.upsert_forward_revision,CALLER_SESSION; REVIEW_COMMIT_PATH,DURABLE_ONLY; ENTRY_PATH_REVIEW_REQUIRED,app/routers/winner_probability_routes.py:queue_winner_outcome_maturation;app/services/background_worker.py:run_worker_once;app/services/winner_probability/job_handlers.py:enqueue_outcome_maturation_workflow;app/services/winner_probability/job_handlers.py:execute_outcome_maturation_job;app/services/winner_probability/job_handlers.py:execute_outcome_revision_check_job;app/services/winner_probability/maturation_canary_service.py:execute_reviewed_maturation_canary;app/services/winner_probability/outcome_orchestration_service.py:H5NextOpenOrchestrationService.drain_due;app/services/winner_probability/outcome_service.py:OutcomeMaturationService.process_current_revisions;app/services/winner_probability/outcome_service.py:OutcomeMaturationService.process_due_outcomes;app/services/winner_probability/outcome_service.py:OutcomeMaturationService.process_forward_outcome;app/services/winner_probability/scheduler.py:schedule_primary_h5_maturation;scripts/winner_maturation_canary.py:main,app/services/winner_probability/outcome_service.py:_mark_excluded,WF_WINNER_FORWARD_MATURATION,SEMANTIC_WRITER_MEMBER
app/services/winner_probability/outcome_service.py:_mark_pending,1008,SHARED_DOMAIN_WRITER,OUTCOME_MATURATION,winner_forward_outcomes,,WINNER_OUTCOME,app/services/winner_probability/outcome_revision_service.py:OutcomeRevisionService.upsert_forward_revision,CALLER_SESSION; REVIEW_COMMIT_PATH,DURABLE_ONLY; ENTRY_PATH_REVIEW_REQUIRED,app/routers/winner_probability_routes.py:queue_winner_outcome_maturation;app/services/background_worker.py:run_worker_once;app/services/winner_probability/job_handlers.py:enqueue_outcome_maturation_workflow;app/services/winner_probability/job_handlers.py:execute_outcome_maturation_job;app/services/winner_probability/job_handlers.py:execute_outcome_revision_check_job;app/services/winner_probability/maturation_canary_service.py:execute_reviewed_maturation_canary;app/services/winner_probability/outcome_orchestration_service.py:H5NextOpenOrchestrationService.drain_due;app/services/winner_probability/outcome_service.py:OutcomeMaturationService.process_current_revisions;app/services/winner_probability/outcome_service.py:OutcomeMaturationService.process_due_outcomes;app/services/winner_probability/outcome_service.py:OutcomeMaturationService.process_forward_outcome;app/services/winner_probability/scheduler.py:schedule_primary_h5_maturation;scripts/winner_maturation_canary.py:main,app/services/winner_probability/outcome_service.py:_mark_pending,WF_WINNER_FORWARD_MATURATION,SEMANTIC_WRITER_MEMBER
app/services/winner_probability/pending_outcome_service.py:PendingOutcomeService._ensure_forward_outcome,160,SHARED_DOMAIN_WRITER,OUTCOME_MATURATION,winner_forward_outcomes,add,WINNER_OUTCOME,app/services/winner_probability/outcome_revision_service.py:OutcomeRevisionService.upsert_forward_revision,CALLER_SESSION; REVIEW_COMMIT_PATH,DURABLE_ONLY; ENTRY_PATH_REVIEW_REQUIRED,app/routers/winner_probability_routes.py:queue_winner_prediction_capture;app/services/winner_probability/backfill.py:WinnerProbabilityBackfillService.execute_backfill;app/services/winner_probability/capture_service.py:WinnerPredictionCaptureService.capture_run;app/services/winner_probability/job_handlers.py:execute_historical_backfill_job;app/services/winner_probability/job_handlers.py:execute_prediction_capture_job;app/services/winner_probability/pending_outcome_service.py:PendingOutcomeService.materialize_pending_outcomes,app/services/winner_probability/pending_outcome_service.py:PendingOutcomeService._ensure_forward_outcome,WF_WINNER_PENDING_OUTCOME,DOMAIN_SUPPORTING_STATE
app/services/winner_probability/pending_outcome_service.py:PendingOutcomeService._ensure_outcome_definition,100,SHARED_DOMAIN_WRITER,OUTCOME_MATURATION,winner_outcome_definitions,add,WINNER_OUTCOME,app/services/winner_probability/pending_outcome_service.py:PendingOutcomeService._ensure_outcome_definition,CALLER_SESSION; REVIEW_COMMIT_PATH,DURABLE_ONLY; ENTRY_PATH_REVIEW_REQUIRED,app/routers/winner_probability_routes.py:queue_winner_prediction_capture;app/services/winner_probability/backfill.py:WinnerProbabilityBackfillService.execute_backfill;app/services/winner_probability/capture_service.py:WinnerPredictionCaptureService.capture_run;app/services/winner_probability/job_handlers.py:execute_historical_backfill_job;app/services/winner_probability/job_handlers.py:execute_prediction_capture_job;app/services/winner_probability/pending_outcome_service.py:PendingOutcomeService.materialize_pending_outcomes,app/services/winner_probability/pending_outcome_service.py:PendingOutcomeService._ensure_outcome_definition,WF_WINNER_PENDING_OUTCOME,DOMAIN_SUPPORTING_STATE
app/services/winner_probability/pending_outcome_service.py:PendingOutcomeService._ensure_target_stop_outcome,197,SHARED_DOMAIN_WRITER,OUTCOME_MATURATION,winner_target_stop_outcomes,add,WINNER_OUTCOME,app/services/winner_probability/outcome_revision_service.py:OutcomeRevisionService.upsert_forward_revision,CALLER_SESSION; REVIEW_COMMIT_PATH,DURABLE_ONLY; ENTRY_PATH_REVIEW_REQUIRED,app/routers/winner_probability_routes.py:queue_winner_prediction_capture;app/services/winner_probability/backfill.py:WinnerProbabilityBackfillService.execute_backfill;app/services/winner_probability/capture_service.py:WinnerPredictionCaptureService.capture_run;app/services/winner_probability/job_handlers.py:execute_historical_backfill_job;app/services/winner_probability/job_handlers.py:execute_prediction_capture_job;app/services/winner_probability/pending_outcome_service.py:PendingOutcomeService.materialize_pending_outcomes,app/services/winner_probability/pending_outcome_service.py:PendingOutcomeService._ensure_target_stop_outcome,WF_WINNER_PENDING_OUTCOME,DOMAIN_SUPPORTING_STATE
app/services/winner_probability/pre11_activation_service.py:Pre11L5ActivationService.activate,68,SHARED_DOMAIN_WRITER,CANONICAL_CALCULATION,winner_probability_estimates,add,WINNER_ESTIMATE,app/services/winner_probability/probability_estimator.py:ProbabilityEstimator._create_estimate,CALLER_SESSION; REVIEW_COMMIT_PATH,DURABLE_ONLY; ENTRY_PATH_REVIEW_REQUIRED,app/services/winner_probability/pre11_activation_service.py:Pre11L5ActivationService.activate;scripts/owpe_pre11_activate_l5.py:main,app/services/winner_probability/pre11_activation_service.py:Pre11L5ActivationService.activate,WF_WINNER_PRE11_ACTIVATION,LEGACY_WRITER
app/services/winner_probability/pre11_compatibility_service.py:Pre11CompatibilityWriteService.persist_decisions_and_replays,749,CURRENT_RULES_WRITER,CURRENT_RULES_RETROSPECTIVE,winner_training_eligibility_decisions,add,WINNER_COHORT,app/services/winner_probability/pre11_compatibility_service.py:Pre11CompatibilityWriteService.persist_decisions_and_replays,CALLER_SESSION; REVIEW_COMMIT_PATH,DURABLE_ONLY; ENTRY_PATH_REVIEW_REQUIRED,app/services/winner_probability/pre11_compatibility_service.py:Pre11CompatibilityWriteService.persist_decisions_and_replays;scripts/owpe_pre11_training_compatibility.py:main,app/services/winner_probability/pre11_compatibility_service.py:Pre11CompatibilityWriteService.persist_decisions_and_replays,WF_WINNER_PRE11_TRAINING_REPLAY,CURRENT_RULES_WRITER
app/services/winner_probability/pre11_compatibility_service.py:Pre11CompatibilityWriteService.persist_decisions_and_replays,749,CURRENT_RULES_WRITER,CURRENT_RULES_RETROSPECTIVE,winner_training_outcome_replays,add,WINNER_COHORT,app/services/winner_probability/pre11_compatibility_service.py:Pre11CompatibilityWriteService.persist_decisions_and_replays,CALLER_SESSION; REVIEW_COMMIT_PATH,DURABLE_ONLY; ENTRY_PATH_REVIEW_REQUIRED,app/services/winner_probability/pre11_compatibility_service.py:Pre11CompatibilityWriteService.persist_decisions_and_replays;scripts/owpe_pre11_training_compatibility.py:main,app/services/winner_probability/pre11_compatibility_service.py:Pre11CompatibilityWriteService.persist_decisions_and_replays,WF_WINNER_PRE11_TRAINING_REPLAY,CURRENT_RULES_WRITER
app/services/winner_probability/probability_estimator.py:ProbabilityEstimator._create_estimate,349,SHARED_DOMAIN_WRITER,CANONICAL_CALCULATION,winner_cohort_statistics,add,WINNER_COHORT,app/services/winner_probability/cohort_materialization_service.py:CohortMaterializationService.materialize_slice,CALLER_SESSION; REVIEW_COMMIT_PATH,DURABLE_ONLY; ENTRY_PATH_REVIEW_REQUIRED,app/routers/winner_probability_routes.py:queue_winner_prediction_capture;app/services/winner_probability/backfill.py:WinnerProbabilityBackfillService.execute_backfill;app/services/winner_probability/capture_service.py:WinnerPredictionCaptureService.capture_run;app/services/winner_probability/decision_time_estimate_service.py:DecisionTimeEstimateService.create_decision_time_estimate;app/services/winner_probability/job_handlers.py:execute_historical_backfill_job;app/services/winner_probability/job_handlers.py:execute_prediction_capture_job;app/services/winner_probability/probability_estimator.py:ProbabilityEstimator.create_decision_time_estimate;app/services/winner_probability/probability_estimator.py:ProbabilityEstimator.create_latest_rescore,app/services/winner_probability/probability_estimator.py:ProbabilityEstimator._create_estimate,WF_WINNER_ESTIMATOR,CANONICAL_SEMANTIC_WRITER
app/services/winner_probability/probability_estimator.py:ProbabilityEstimator._create_estimate,349,SHARED_DOMAIN_WRITER,CANONICAL_CALCULATION,winner_probability_estimates,add,WINNER_ESTIMATE,app/services/winner_probability/probability_estimator.py:ProbabilityEstimator._create_estimate,CALLER_SESSION; REVIEW_COMMIT_PATH,DURABLE_ONLY; ENTRY_PATH_REVIEW_REQUIRED,app/routers/winner_probability_routes.py:queue_winner_prediction_capture;app/services/winner_probability/backfill.py:WinnerProbabilityBackfillService.execute_backfill;app/services/winner_probability/capture_service.py:WinnerPredictionCaptureService.capture_run;app/services/winner_probability/decision_time_estimate_service.py:DecisionTimeEstimateService.create_decision_time_estimate;app/services/winner_probability/job_handlers.py:execute_historical_backfill_job;app/services/winner_probability/job_handlers.py:execute_prediction_capture_job;app/services/winner_probability/probability_estimator.py:ProbabilityEstimator.create_decision_time_estimate;app/services/winner_probability/probability_estimator.py:ProbabilityEstimator.create_latest_rescore,app/services/winner_probability/probability_estimator.py:ProbabilityEstimator._create_estimate,WF_WINNER_ESTIMATOR,CANONICAL_SEMANTIC_WRITER
app/services/winner_probability/probability_estimator.py:ProbabilityEstimator._materialize_cohort_statistic,571,SHARED_DOMAIN_WRITER,CANONICAL_CALCULATION,winner_cohort_statistics,add,WINNER_COHORT,app/services/winner_probability/cohort_materialization_service.py:CohortMaterializationService.materialize_slice,CALLER_SESSION; REVIEW_COMMIT_PATH,DURABLE_ONLY; ENTRY_PATH_REVIEW_REQUIRED,app/routers/winner_probability_routes.py:queue_winner_prediction_capture;app/services/winner_probability/backfill.py:WinnerProbabilityBackfillService.execute_backfill;app/services/winner_probability/capture_service.py:WinnerPredictionCaptureService.capture_run;app/services/winner_probability/decision_time_estimate_service.py:DecisionTimeEstimateService.create_decision_time_estimate;app/services/winner_probability/job_handlers.py:execute_historical_backfill_job;app/services/winner_probability/job_handlers.py:execute_prediction_capture_job;app/services/winner_probability/pre11_activation_service.py:Pre11L5ActivationService.activate;app/services/winner_probability/probability_estimator.py:ProbabilityEstimator.create_decision_time_estimate;app/services/winner_probability/probability_estimator.py:ProbabilityEstimator.create_latest_rescore;scripts/owpe_pre11_activate_l5.py:main,app/services/winner_probability/probability_estimator.py:ProbabilityEstimator._materialize_cohort_statistic,WF_WINNER_INLINE_COHORT,CANONICAL_SEMANTIC_WRITER
app/services/winner_probability/probability_estimator.py:ProbabilityEstimator._persist_insufficient,639,SHARED_DOMAIN_WRITER,CANONICAL_CALCULATION,winner_probability_estimates,add,WINNER_ESTIMATE,app/services/winner_probability/probability_estimator.py:ProbabilityEstimator._create_estimate,CALLER_SESSION; REVIEW_COMMIT_PATH,DURABLE_ONLY; ENTRY_PATH_REVIEW_REQUIRED,app/routers/winner_probability_routes.py:queue_winner_prediction_capture;app/services/winner_probability/backfill.py:WinnerProbabilityBackfillService.execute_backfill;app/services/winner_probability/capture_service.py:WinnerPredictionCaptureService.capture_run;app/services/winner_probability/decision_time_estimate_service.py:DecisionTimeEstimateService.create_decision_time_estimate;app/services/winner_probability/job_handlers.py:execute_historical_backfill_job;app/services/winner_probability/job_handlers.py:execute_prediction_capture_job;app/services/winner_probability/probability_estimator.py:ProbabilityEstimator.create_decision_time_estimate;app/services/winner_probability/probability_estimator.py:ProbabilityEstimator.create_latest_rescore,app/services/winner_probability/probability_estimator.py:ProbabilityEstimator._persist_insufficient,WF_WINNER_ESTIMATOR,SEMANTIC_WRITER_MEMBER
app/services/winner_probability/probability_estimator.py:ProbabilityEstimator.create_latest_rescore_from_generation,130,CURRENT_RULES_WRITER,CURRENT_STATE_REPAIR,winner_probability_estimates,add,WINNER_ESTIMATE,app/services/winner_probability/probability_estimator.py:ProbabilityEstimator._create_estimate,CALLER_SESSION; REVIEW_COMMIT_PATH,DURABLE_ONLY; ENTRY_PATH_REVIEW_REQUIRED,app/services/winner_probability/job_handlers.py:execute_latest_rescore_job;app/services/winner_probability/probability_estimator.py:ProbabilityEstimator.create_candidate_rescore_from_generation;app/services/winner_probability/probability_estimator.py:ProbabilityEstimator.create_latest_rescore_from_generation,app/services/winner_probability/probability_estimator.py:ProbabilityEstimator.create_latest_rescore_from_generation,WF_WINNER_LATEST_RESCORE,CURRENT_RULES_WRITER
app/services/winner_probability/repository.py:WinnerProbabilityRepository.add,330,SHARED_DOMAIN_WRITER,CANONICAL_CALCULATION,winner_forward_outcomes,add,WINNER_OUTCOME,app/services/winner_probability/outcome_revision_service.py:OutcomeRevisionService.upsert_forward_revision,CALLER_SESSION; REVIEW_COMMIT_PATH,DURABLE_ONLY; ENTRY_PATH_REVIEW_REQUIRED,app/routers/winner_probability_routes.py:queue_winner_prediction_capture;app/services/winner_probability/backfill.py:WinnerProbabilityBackfillService.execute_backfill;app/services/winner_probability/capture_service.py:WinnerPredictionCaptureService.capture_run;app/services/winner_probability/episode_service.py:WinnerEpisodeService.assign_episode;app/services/winner_probability/job_handlers.py:execute_historical_backfill_job;app/services/winner_probability/job_handlers.py:execute_prediction_capture_job;app/services/winner_probability/pending_outcome_service.py:PendingOutcomeService.materialize_pending_outcomes;app/services/winner_probability/repository.py:WinnerProbabilityRepository.add,app/services/winner_probability/repository.py:WinnerProbabilityRepository.add,WF_WINNER_TYPED_REPOSITORY,DOMAIN_SUPPORTING_STATE
app/services/winner_probability/repository.py:WinnerProbabilityRepository.add,330,SHARED_DOMAIN_WRITER,CANONICAL_CALCULATION,winner_outcome_definitions,add,WINNER_OUTCOME,app/services/winner_probability/pending_outcome_service.py:PendingOutcomeService._ensure_outcome_definition,CALLER_SESSION; REVIEW_COMMIT_PATH,DURABLE_ONLY; ENTRY_PATH_REVIEW_REQUIRED,app/routers/winner_probability_routes.py:queue_winner_prediction_capture;app/services/winner_probability/backfill.py:WinnerProbabilityBackfillService.execute_backfill;app/services/winner_probability/capture_service.py:WinnerPredictionCaptureService.capture_run;app/services/winner_probability/episode_service.py:WinnerEpisodeService.assign_episode;app/services/winner_probability/job_handlers.py:execute_historical_backfill_job;app/services/winner_probability/job_handlers.py:execute_prediction_capture_job;app/services/winner_probability/pending_outcome_service.py:PendingOutcomeService.materialize_pending_outcomes;app/services/winner_probability/repository.py:WinnerProbabilityRepository.add,app/services/winner_probability/repository.py:WinnerProbabilityRepository.add,WF_WINNER_TYPED_REPOSITORY,DOMAIN_SUPPORTING_STATE
app/services/winner_probability/repository.py:WinnerProbabilityRepository.add,330,SHARED_DOMAIN_WRITER,CANONICAL_CALCULATION,winner_prediction_episodes,add,WINNER_PREDICTION,app/services/winner_probability/episode_service.py:WinnerEpisodeService.assign_episode,CALLER_SESSION; REVIEW_COMMIT_PATH,DURABLE_ONLY; ENTRY_PATH_REVIEW_REQUIRED,app/routers/winner_probability_routes.py:queue_winner_prediction_capture;app/services/winner_probability/backfill.py:WinnerProbabilityBackfillService.execute_backfill;app/services/winner_probability/capture_service.py:WinnerPredictionCaptureService.capture_run;app/services/winner_probability/episode_service.py:WinnerEpisodeService.assign_episode;app/services/winner_probability/job_handlers.py:execute_historical_backfill_job;app/services/winner_probability/job_handlers.py:execute_prediction_capture_job;app/services/winner_probability/pending_outcome_service.py:PendingOutcomeService.materialize_pending_outcomes;app/services/winner_probability/repository.py:WinnerProbabilityRepository.add,app/services/winner_probability/repository.py:WinnerProbabilityRepository.add,WF_WINNER_TYPED_REPOSITORY,DOMAIN_SUPPORTING_STATE
app/services/winner_probability/repository.py:WinnerProbabilityRepository.add,330,SHARED_DOMAIN_WRITER,CANONICAL_CALCULATION,winner_prediction_snapshots,add,WINNER_PREDICTION,app/services/winner_probability/capture_service.py:WinnerPredictionCaptureService._capture_ticker,CALLER_SESSION; REVIEW_COMMIT_PATH,DURABLE_ONLY; ENTRY_PATH_REVIEW_REQUIRED,app/routers/winner_probability_routes.py:queue_winner_prediction_capture;app/services/winner_probability/backfill.py:WinnerProbabilityBackfillService.execute_backfill;app/services/winner_probability/capture_service.py:WinnerPredictionCaptureService.capture_run;app/services/winner_probability/episode_service.py:WinnerEpisodeService.assign_episode;app/services/winner_probability/job_handlers.py:execute_historical_backfill_job;app/services/winner_probability/job_handlers.py:execute_prediction_capture_job;app/services/winner_probability/pending_outcome_service.py:PendingOutcomeService.materialize_pending_outcomes;app/services/winner_probability/repository.py:WinnerProbabilityRepository.add,app/services/winner_probability/repository.py:WinnerProbabilityRepository.add,WF_WINNER_TYPED_REPOSITORY,DOMAIN_SUPPORTING_STATE
app/services/winner_probability/repository.py:WinnerProbabilityRepository.add,330,SHARED_DOMAIN_WRITER,CANONICAL_CALCULATION,winner_probability_estimates,add,WINNER_ESTIMATE,app/services/winner_probability/probability_estimator.py:ProbabilityEstimator._create_estimate,CALLER_SESSION; REVIEW_COMMIT_PATH,DURABLE_ONLY; ENTRY_PATH_REVIEW_REQUIRED,app/routers/winner_probability_routes.py:queue_winner_prediction_capture;app/services/winner_probability/backfill.py:WinnerProbabilityBackfillService.execute_backfill;app/services/winner_probability/capture_service.py:WinnerPredictionCaptureService.capture_run;app/services/winner_probability/episode_service.py:WinnerEpisodeService.assign_episode;app/services/winner_probability/job_handlers.py:execute_historical_backfill_job;app/services/winner_probability/job_handlers.py:execute_prediction_capture_job;app/services/winner_probability/pending_outcome_service.py:PendingOutcomeService.materialize_pending_outcomes;app/services/winner_probability/repository.py:WinnerProbabilityRepository.add,app/services/winner_probability/repository.py:WinnerProbabilityRepository.add,WF_WINNER_TYPED_REPOSITORY,DOMAIN_SUPPORTING_STATE
app/services/winner_probability/repository.py:WinnerProbabilityRepository.add,330,SHARED_DOMAIN_WRITER,CANONICAL_CALCULATION,winner_target_stop_outcomes,add,WINNER_OUTCOME,app/services/winner_probability/outcome_revision_service.py:OutcomeRevisionService.upsert_forward_revision,CALLER_SESSION; REVIEW_COMMIT_PATH,DURABLE_ONLY; ENTRY_PATH_REVIEW_REQUIRED,app/routers/winner_probability_routes.py:queue_winner_prediction_capture;app/services/winner_probability/backfill.py:WinnerProbabilityBackfillService.execute_backfill;app/services/winner_probability/capture_service.py:WinnerPredictionCaptureService.capture_run;app/services/winner_probability/episode_service.py:WinnerEpisodeService.assign_episode;app/services/winner_probability/job_handlers.py:execute_historical_backfill_job;app/services/winner_probability/job_handlers.py:execute_prediction_capture_job;app/services/winner_probability/pending_outcome_service.py:PendingOutcomeService.materialize_pending_outcomes;app/services/winner_probability/repository.py:WinnerProbabilityRepository.add,app/services/winner_probability/repository.py:WinnerProbabilityRepository.add,WF_WINNER_TYPED_REPOSITORY,DOMAIN_SUPPORTING_STATE
app/services/winner_probability/repository.py:WinnerProbabilityRepository.add,330,SHARED_DOMAIN_WRITER,CANONICAL_CALCULATION,winner_temporal_validity_decisions,add,WINNER_PREDICTION,app/services/winner_probability/temporal_validation_service.py:TemporalValidationService.record,CALLER_SESSION; REVIEW_COMMIT_PATH,DURABLE_ONLY; ENTRY_PATH_REVIEW_REQUIRED,app/routers/winner_probability_routes.py:queue_winner_prediction_capture;app/services/winner_probability/backfill.py:WinnerProbabilityBackfillService.execute_backfill;app/services/winner_probability/capture_service.py:WinnerPredictionCaptureService.capture_run;app/services/winner_probability/episode_service.py:WinnerEpisodeService.assign_episode;app/services/winner_probability/job_handlers.py:execute_historical_backfill_job;app/services/winner_probability/job_handlers.py:execute_prediction_capture_job;app/services/winner_probability/pending_outcome_service.py:PendingOutcomeService.materialize_pending_outcomes;app/services/winner_probability/repository.py:WinnerProbabilityRepository.add,app/services/winner_probability/repository.py:WinnerProbabilityRepository.add,WF_WINNER_TYPED_REPOSITORY,DOMAIN_SUPPORTING_STATE
app/services/winner_probability/repository.py:WinnerProbabilityRepository.add,330,SHARED_DOMAIN_WRITER,CANONICAL_CALCULATION,winner_training_eligibility_decisions,add,WINNER_COHORT,app/services/winner_probability/pre11_compatibility_service.py:Pre11CompatibilityWriteService.persist_decisions_and_replays,CALLER_SESSION; REVIEW_COMMIT_PATH,DURABLE_ONLY; ENTRY_PATH_REVIEW_REQUIRED,app/routers/winner_probability_routes.py:queue_winner_prediction_capture;app/services/winner_probability/backfill.py:WinnerProbabilityBackfillService.execute_backfill;app/services/winner_probability/capture_service.py:WinnerPredictionCaptureService.capture_run;app/services/winner_probability/episode_service.py:WinnerEpisodeService.assign_episode;app/services/winner_probability/job_handlers.py:execute_historical_backfill_job;app/services/winner_probability/job_handlers.py:execute_prediction_capture_job;app/services/winner_probability/pending_outcome_service.py:PendingOutcomeService.materialize_pending_outcomes;app/services/winner_probability/repository.py:WinnerProbabilityRepository.add,app/services/winner_probability/repository.py:WinnerProbabilityRepository.add,WF_WINNER_TYPED_REPOSITORY,DOMAIN_SUPPORTING_STATE
app/services/winner_probability/similarity_service.py:SimilarityService.persist_neighbors,185,SHARED_DOMAIN_WRITER,CANONICAL_CALCULATION,winner_similarity_links,add,WINNER_DIAGNOSTICS,app/services/winner_probability/similarity_service.py:SimilarityService.persist_neighbors,CALLER_SESSION; REVIEW_COMMIT_PATH,DURABLE_ONLY; ENTRY_PATH_REVIEW_REQUIRED,app/services/winner_probability/similarity_service.py:SimilarityService.persist_neighbors,app/services/winner_probability/similarity_service.py:SimilarityService.persist_neighbors,WF_WINNER_SIMILARITY,POTENTIAL_BYPASS
app/services/winner_probability/target_stop_scope_repair_service.py:apply_target_stop_scope_repair,75,CURRENT_RULES_WRITER,CURRENT_STATE_REPAIR,winner_target_stop_outcomes,add,WINNER_OUTCOME,app/services/winner_probability/outcome_revision_service.py:OutcomeRevisionService.upsert_forward_revision,CALLER_SESSION; REVIEW_COMMIT_PATH,DURABLE_ONLY; ENTRY_PATH_REVIEW_REQUIRED,app/services/winner_probability/target_stop_scope_repair_service.py:apply_target_stop_scope_repair;scripts/winner_target_stop_scope_repair.py:main,app/services/winner_probability/target_stop_scope_repair_service.py:apply_target_stop_scope_repair,WF_WINNER_TARGET_STOP_REPAIR,CURRENT_RULES_WRITER
app/services/winner_probability/temporal_validation_service.py:TemporalValidationService.apply_certification,213,CURRENT_RULES_WRITER,CURRENT_STATE_REPAIR,winner_prediction_snapshots,add_all,WINNER_PREDICTION,app/services/winner_probability/capture_service.py:WinnerPredictionCaptureService._capture_ticker,CALLER_SESSION; REVIEW_COMMIT_PATH,DURABLE_ONLY; ENTRY_PATH_REVIEW_REQUIRED,app/services/winner_probability/temporal_validation_service.py:TemporalValidationService.apply_certification;scripts/winner_market_data_recovery.py:main,app/services/winner_probability/temporal_validation_service.py:TemporalValidationService.apply_certification,WF_WINNER_TEMPORAL_VALIDITY,SEMANTIC_WRITER_MEMBER
app/services/winner_probability/temporal_validation_service.py:TemporalValidationService.apply_certification,213,CURRENT_RULES_WRITER,CURRENT_STATE_REPAIR,winner_temporal_validity_decisions,add_all,WINNER_PREDICTION,app/services/winner_probability/temporal_validation_service.py:TemporalValidationService.record,CALLER_SESSION; REVIEW_COMMIT_PATH,DURABLE_ONLY; ENTRY_PATH_REVIEW_REQUIRED,app/services/winner_probability/temporal_validation_service.py:TemporalValidationService.apply_certification;scripts/winner_market_data_recovery.py:main,app/services/winner_probability/temporal_validation_service.py:TemporalValidationService.apply_certification,WF_WINNER_TEMPORAL_VALIDITY,SEMANTIC_WRITER_MEMBER
app/services/winner_probability/temporal_validation_service.py:TemporalValidationService.apply_quarantine,307,CURRENT_RULES_WRITER,CURRENT_STATE_REPAIR,winner_prediction_snapshots,add_all,WINNER_PREDICTION,app/services/winner_probability/capture_service.py:WinnerPredictionCaptureService._capture_ticker,CALLER_SESSION; REVIEW_COMMIT_PATH,DURABLE_ONLY; ENTRY_PATH_REVIEW_REQUIRED,app/services/winner_probability/temporal_validation_service.py:TemporalValidationService.apply_quarantine,app/services/winner_probability/temporal_validation_service.py:TemporalValidationService.apply_quarantine,WF_WINNER_TEMPORAL_VALIDITY,SEMANTIC_WRITER_MEMBER
app/services/winner_probability/temporal_validation_service.py:TemporalValidationService.apply_quarantine,307,CURRENT_RULES_WRITER,CURRENT_STATE_REPAIR,winner_temporal_validity_decisions,add_all,WINNER_PREDICTION,app/services/winner_probability/temporal_validation_service.py:TemporalValidationService.record,CALLER_SESSION; REVIEW_COMMIT_PATH,DURABLE_ONLY; ENTRY_PATH_REVIEW_REQUIRED,app/services/winner_probability/temporal_validation_service.py:TemporalValidationService.apply_quarantine,app/services/winner_probability/temporal_validation_service.py:TemporalValidationService.apply_quarantine,WF_WINNER_TEMPORAL_VALIDITY,SEMANTIC_WRITER_MEMBER
app/services/winner_probability/temporal_validation_service.py:TemporalValidationService.record,73,SHARED_DOMAIN_WRITER,CANONICAL_CALCULATION,winner_temporal_validity_decisions,add,WINNER_PREDICTION,app/services/winner_probability/temporal_validation_service.py:TemporalValidationService.record,CALLER_SESSION; REVIEW_COMMIT_PATH,DURABLE_ONLY; ENTRY_PATH_REVIEW_REQUIRED,app/services/winner_probability/temporal_validation_service.py:TemporalValidationService.record,app/services/winner_probability/temporal_validation_service.py:TemporalValidationService.record,WF_WINNER_TEMPORAL_VALIDITY,CANONICAL_SEMANTIC_WRITER
app/services/winner_probability/training_eligibility.py:TrainingEligibilityPolicy.persist_capture_decision,79,SHARED_DOMAIN_WRITER,CANONICAL_CALCULATION,winner_prediction_snapshots,,WINNER_PREDICTION,app/services/winner_probability/capture_service.py:WinnerPredictionCaptureService._capture_ticker,CALLER_SESSION; REVIEW_COMMIT_PATH,DURABLE_ONLY; ENTRY_PATH_REVIEW_REQUIRED,app/routers/winner_probability_routes.py:queue_winner_prediction_capture;app/services/winner_probability/backfill.py:WinnerProbabilityBackfillService.execute_backfill;app/services/winner_probability/capture_service.py:WinnerPredictionCaptureService.capture_run;app/services/winner_probability/job_handlers.py:execute_historical_backfill_job;app/services/winner_probability/job_handlers.py:execute_prediction_capture_job;app/services/winner_probability/training_eligibility.py:TrainingEligibilityPolicy.persist_capture_decision,app/services/winner_probability/training_eligibility.py:TrainingEligibilityPolicy.persist_capture_decision,WF_WINNER_CAPTURE_TRAINING_METADATA,DOMAIN_SUPPORTING_STATE
app/services/worker_registry.py:associate_worker_launcher,225,OPERATIONAL_WRITER,OPERATIONAL,background_workers,,OPERATIONAL,NOT_APPLICABLE,CALLER_SESSION; REVIEW_COMMIT_PATH,DURABLE_ONLY; ENTRY_PATH_REVIEW_REQUIRED,app/services/worker_registry.py:associate_worker_launcher;app/worker_supervisor.py:main,app/services/worker_registry.py:associate_worker_launcher,OPERATIONAL_ONLY,OPERATIONAL_WRITER
app/services/worker_registry.py:heartbeat_worker,109,OPERATIONAL_WRITER,OPERATIONAL,background_workers,,OPERATIONAL,NOT_APPLICABLE,CALLER_SESSION; REVIEW_COMMIT_PATH,DURABLE_ONLY; ENTRY_PATH_REVIEW_REQUIRED,app/services/worker_registry.py:heartbeat_worker,app/services/worker_registry.py:heartbeat_worker,OPERATIONAL_ONLY,OPERATIONAL_WRITER
app/services/worker_registry.py:heartbeat_worker_control_loop,87,OPERATIONAL_WRITER,OPERATIONAL,background_workers,,OPERATIONAL,NOT_APPLICABLE,CALLER_SESSION; REVIEW_COMMIT_PATH,DURABLE_ONLY; ENTRY_PATH_REVIEW_REQUIRED,app/services/background_worker.py:run_worker_once;app/services/worker_registry.py:heartbeat_worker_control_loop,app/services/worker_registry.py:heartbeat_worker_control_loop,OPERATIONAL_ONLY,OPERATIONAL_WRITER
app/services/worker_registry.py:mark_worker_stopping,185,OPERATIONAL_WRITER,OPERATIONAL,background_workers,,OPERATIONAL,NOT_APPLICABLE,CALLER_SESSION; REVIEW_COMMIT_PATH,DURABLE_ONLY; ENTRY_PATH_REVIEW_REQUIRED,app/services/background_worker.py:run_worker;app/services/worker_registry.py:mark_worker_stopping;app/worker.py:main,app/services/worker_registry.py:mark_worker_stopping,OPERATIONAL_ONLY,OPERATIONAL_WRITER
app/services/worker_registry.py:register_worker,21,OPERATIONAL_WRITER,OPERATIONAL,background_workers,add,OPERATIONAL,NOT_APPLICABLE,CALLER_SESSION; REVIEW_COMMIT_PATH,DURABLE_ONLY; ENTRY_PATH_REVIEW_REQUIRED,app/services/background_worker.py:run_worker;app/services/background_worker.py:run_worker_once;app/services/worker_registry.py:register_worker;app/worker.py:main;scripts/profile_sec_performance.py:main,app/services/worker_registry.py:register_worker,OPERATIONAL_ONLY,OPERATIONAL_WRITER
app/services/worker_registry.py:retire_worker_registration,240,OPERATIONAL_WRITER,OPERATIONAL,background_workers,,OPERATIONAL,NOT_APPLICABLE,CALLER_SESSION; REVIEW_COMMIT_PATH,DURABLE_ONLY; ENTRY_PATH_REVIEW_REQUIRED,app/services/worker_registry.py:retire_worker_registration;app/worker_supervisor.py:main,app/services/worker_registry.py:retire_worker_registration,OPERATIONAL_ONLY,OPERATIONAL_WRITER
app/worker_supervisor.py:_associate_launcher,799,OPERATIONAL_WRITER,OPERATIONAL,background_workers,,OPERATIONAL,NOT_APPLICABLE,CALLER_SESSION; REVIEW_COMMIT_PATH,DURABLE_ONLY; ENTRY_PATH_REVIEW_REQUIRED,app/worker_supervisor.py:main,app/worker_supervisor.py:_associate_launcher,OPERATIONAL_ONLY,OPERATIONAL_WRITER
scripts/profile_sec_performance.py:run_scenario,656,OPERATIONAL_WRITER,OPERATIONAL,background_jobs,add,OPERATIONAL,NOT_APPLICABLE,CALLER_SESSION; REVIEW_COMMIT_PATH,DURABLE_ONLY; ENTRY_PATH_REVIEW_REQUIRED,scripts/profile_sec_performance.py:main,scripts/profile_sec_performance.py:run_scenario,OPERATIONAL_ONLY,OPERATIONAL_WRITER
scripts/resolve_sec_ciks.py:main,17,SHARED_DOMAIN_WRITER,CANONICAL_CALCULATION,ceri_companies,add,CERI_SOURCE,app/services/ceri/sec/identity_repair.py:resolve_and_persist_sec_identity,CALLER_SESSION; REVIEW_COMMIT_PATH,DURABLE_ONLY; ENTRY_PATH_REVIEW_REQUIRED,scripts/resolve_sec_ciks.py:main,scripts/resolve_sec_ciks.py:main,WF_SEC_CIK_CLI,CURRENT_RULES_WRITER
scripts/winner_candidate_estimates.py:_ensure_empty_manifest,665,SHARED_DOMAIN_WRITER,CANONICAL_CALCULATION,winner_evidence_manifests,add,WINNER_COHORT,app/services/winner_probability/evidence_manifest_service.py:EvidenceManifestService.create_or_get_manifest,CALLER_SESSION; REVIEW_COMMIT_PATH,DURABLE_ONLY; ENTRY_PATH_REVIEW_REQUIRED,scripts/winner_candidate_estimates.py:main,scripts/winner_candidate_estimates.py:_ensure_empty_manifest,WF_WINNER_SQL_CANDIDATE_ESTIMATE,DIRECT_SQL_WRITER
scripts/winner_candidate_estimates.py:write,135,DIRECT_SQL,CANONICAL_CALCULATION,winner_estimate_evidence_members,execute,WINNER_COHORT,app/services/winner_probability/evidence_manifest_service.py:EvidenceManifestService.create_or_get_manifest,CALLER_SESSION; REVIEW_COMMIT_PATH,DURABLE_ONLY; ENTRY_PATH_REVIEW_REQUIRED,scripts/winner_candidate_estimates.py:main,scripts/winner_candidate_estimates.py:write,WF_WINNER_SQL_CANDIDATE_ESTIMATE,DIRECT_SQL_WRITER
scripts/winner_candidate_estimates.py:write,135,DIRECT_SQL,CANONICAL_CALCULATION,winner_probability_estimates,execute,WINNER_ESTIMATE,app/services/winner_probability/probability_estimator.py:ProbabilityEstimator._create_estimate,CALLER_SESSION; REVIEW_COMMIT_PATH,DURABLE_ONLY; ENTRY_PATH_REVIEW_REQUIRED,scripts/winner_candidate_estimates.py:main,scripts/winner_candidate_estimates.py:write,WF_WINNER_SQL_CANDIDATE_ESTIMATE,DIRECT_SQL_WRITER
scripts/winner_clean_reconstruction.py:build_candidate,247,CURRENT_RULES_WRITER,CURRENT_RULES_RETROSPECTIVE,winner_cohort_generations,,WINNER_GENERATION,app/services/winner_probability/cohort_generation_service.py:CohortGenerationService.capture_or_resume,CALLER_SESSION; REVIEW_COMMIT_PATH,DURABLE_ONLY; ENTRY_PATH_REVIEW_REQUIRED,scripts/winner_clean_reconstruction.py:main,scripts/winner_clean_reconstruction.py:build_candidate,WF_WINNER_CURRENT_RULE_RECONSTRUCTION,CURRENT_RULES_WRITER
