caller,target,status,proof
alembic/env.py:run_migrations_offline,app/observability/metrics.py:PrometheusMetrics.configure,UNREVIEWED,Global method-name inference removed; receiver family review still required
alembic/env.py:run_migrations_online,app/observability/metrics.py:PrometheusMetrics.configure,UNREVIEWED,Global method-name inference removed; receiver family review still required
alembic/versions/20260910_0072_ceri_artifact_context_lineage.py:downgrade,app/services/fundamental_ranker_v2.py:FundamentalsV2Config.items,UNREVIEWED,Global method-name inference removed; receiver family review still required
alembic/versions/20260910_0072_ceri_artifact_context_lineage.py:upgrade,app/services/fundamental_ranker_v2.py:FundamentalsV2Config.items,UNREVIEWED,Global method-name inference removed; receiver family review still required
app/main.py:lifespan,app/observability/metrics.py:PrometheusMetrics.configure,CONFIRMED_CALL_GRAPH,Exact declared/imported/default source resolution: DECLARED_RECEIVER_OR_RETURN
app/observability/correlation.py:causality_scope,app/observability/metrics.py:PrometheusMetrics.reset,UNREVIEWED,Global method-name inference removed; receiver family review still required
app/observability/db_monitor.py:DatabaseMonitor._capture,app/observability/db_monitor.py:SqlSummary.add_sql,UNREVIEWED,Global method-name inference removed; receiver family review still required
app/observability/db_monitor.py:DatabaseMonitor.emit,app/observability/metrics.py:PrometheusMetrics.increment,CONFIRMED_CALL_GRAPH,Exact declared/imported/default source resolution: DECLARED_RECEIVER_OR_RETURN
app/observability/db_monitor.py:DatabaseMonitor.status,app/observability/metrics.py:PrometheusMetrics.total,CONFIRMED_CALL_GRAPH,Exact declared/imported/default source resolution: DECLARED_RECEIVER_OR_RETURN
app/observability/db_monitor.py:DatabaseMonitor.transaction_end,app/observability/db_monitor.py:SqlSummary.add_transaction,UNREVIEWED,Global method-name inference removed; receiver family review still required
app/observability/db_monitor.py:ExecutionScope.fields,app/services/fundamental_ranker_v2.py:FundamentalsV2Config.items,UNREVIEWED,Global method-name inference removed; receiver family review still required
app/observability/db_monitor.py:JsonlTelemetryWriter._apply_retention,app/services/ceri/effective_session_service.py:CeriEffectiveSessionService.resolve,UNREVIEWED,Global method-name inference removed; receiver family review still required
app/observability/db_monitor.py:JsonlTelemetryWriter._run,app/observability/metrics.py:PrometheusMetrics.increment,CONFIRMED_CALL_GRAPH,Exact declared/imported/default source resolution: DECLARED_RECEIVER_OR_RETURN
app/observability/db_monitor.py:JsonlTelemetryWriter._run,app/observability/metrics.py:PrometheusMetrics.observe,CONFIRMED_CALL_GRAPH,Exact declared/imported/default source resolution: DECLARED_RECEIVER_OR_RETURN
app/observability/db_monitor.py:JsonlTelemetryWriter._write_line,app/observability/metrics.py:PrometheusMetrics.increment,CONFIRMED_CALL_GRAPH,Exact declared/imported/default source resolution: DECLARED_RECEIVER_OR_RETURN
app/observability/db_monitor.py:JsonlTelemetryWriter._write_line,app/services/canonical_evidence.py:CanonicalEvidenceSerializer.dumps,UNREVIEWED,Global method-name inference removed; receiver family review still required
app/observability/db_monitor.py:JsonlTelemetryWriter._write_line,app/services/fundamental_ranker_v2.py:FundamentalsV2Config.items,UNREVIEWED,Global method-name inference removed; receiver family review still required
app/observability/db_monitor.py:JsonlTelemetryWriter.enqueue,app/observability/metrics.py:PrometheusMetrics.increment,CONFIRMED_CALL_GRAPH,Exact declared/imported/default source resolution: DECLARED_RECEIVER_OR_RETURN
app/observability/db_monitor.py:JsonlTelemetryWriter.enqueue,app/observability/metrics.py:PrometheusMetrics.set_gauge,CONFIRMED_CALL_GRAPH,Exact declared/imported/default source resolution: DECLARED_RECEIVER_OR_RETURN
app/observability/db_monitor.py:JsonlTelemetryWriter.start,app/services/ceri/effective_session_service.py:CeriEffectiveSessionService.resolve,UNREVIEWED,Global method-name inference removed; receiver family review still required
app/observability/db_monitor.py:JsonlTelemetryWriter.status,app/services/ceri/effective_session_service.py:CeriEffectiveSessionService.resolve,UNREVIEWED,Global method-name inference removed; receiver family review still required
app/observability/db_monitor.py:JsonlTelemetryWriter.stop,app/services/ceri/effective_session_service.py:CeriEffectiveSessionService.resolve,UNREVIEWED,Global method-name inference removed; receiver family review still required
app/observability/db_monitor.py:MonitoredQueuePool._do_get,app/observability/metrics.py:PrometheusMetrics.increment,CONFIRMED_CALL_GRAPH,Exact declared/imported/default source resolution: DECLARED_RECEIVER_OR_RETURN
app/observability/db_monitor.py:SqlSummary.snapshot,app/services/fundamental_ranker_v2.py:FundamentalsV2Config.items,UNREVIEWED,Global method-name inference removed; receiver family review still required
app/observability/db_monitor.py:_digestable_parameter_value,app/services/fundamental_ranker_v2.py:FundamentalsV2Config.items,UNREVIEWED,Global method-name inference removed; receiver family review still required
app/observability/db_monitor.py:configure_database_monitor,app/observability/db_monitor.py:DatabaseMonitor.install,CONFIRMED_CALL_GRAPH,Exact declared/imported/default source resolution: LOCAL_DEFAULT_IMPLEMENTATION
app/observability/db_monitor.py:current_scope_fields,app/observability/db_monitor.py:ExecutionScope.fields,UNREVIEWED,Global method-name inference removed; receiver family review still required
app/observability/db_monitor.py:current_sql_summary_snapshot,app/observability/db_monitor.py:SqlSummary.snapshot,CONFIRMED_CALL_GRAPH,Exact declared/imported/default source resolution: CONSTRUCTED_SERVICE_METHOD
app/observability/db_monitor.py:emit_monitor_record,app/observability/db_monitor.py:DatabaseMonitor.emit,CONFIRMED_CALL_GRAPH,Exact declared/imported/default source resolution: LOCAL_DEFAULT_IMPLEMENTATION
app/observability/db_monitor.py:finish_scope,app/observability/db_monitor.py:ExecutionScope.fields,UNREVIEWED,Global method-name inference removed; receiver family review still required
app/observability/db_monitor.py:finish_scope,app/observability/db_monitor.py:SqlSummary.snapshot,UNREVIEWED,Global method-name inference removed; receiver family review still required
app/observability/db_monitor.py:finish_scope,app/observability/metrics.py:PrometheusMetrics.reset,UNREVIEWED,Global method-name inference removed; receiver family review still required
app/observability/db_monitor.py:job_phase,app/observability/db_monitor.py:SqlSummary.add_phase,UNREVIEWED,Global method-name inference removed; receiver family review still required
app/observability/db_monitor.py:parameter_digest,app/services/canonical_evidence.py:CanonicalEvidenceSerializer.dumps,UNREVIEWED,Global method-name inference removed; receiver family review still required
app/observability/db_monitor.py:record_orm_flush,app/observability/db_monitor.py:DatabaseMonitor.emit,CONFIRMED_CALL_GRAPH,Exact declared/imported/default source resolution: LOCAL_DEFAULT_IMPLEMENTATION
app/observability/db_monitor.py:record_orm_flush,app/observability/db_monitor.py:SqlSummary.add_flush,UNREVIEWED,Global method-name inference removed; receiver family review still required
app/observability/db_monitor.py:record_pool_checkout,app/observability/db_monitor.py:SqlSummary.add_pool_checkout,UNREVIEWED,Global method-name inference removed; receiver family review still required
app/observability/db_monitor.py:record_pool_checkout,app/observability/metrics.py:PrometheusMetrics.observe,CONFIRMED_CALL_GRAPH,Exact declared/imported/default source resolution: DECLARED_RECEIVER_OR_RETURN
app/observability/db_monitor.py:sql_operation,app/services/ceri/estimate_deduplicator.py:CeriEstimateDeduplicator.group,UNREVIEWED,Global method-name inference removed; receiver family review still required
app/observability/db_monitor_analysis.py:analyze_logs,app/services/ceri/effective_session_service.py:CeriEffectiveSessionService.resolve,UNREVIEWED,Global method-name inference removed; receiver family review still required
app/observability/db_monitor_analysis.py:analyze_logs,app/services/fundamental_ranker_v2.py:FundamentalsV2Config.items,UNREVIEWED,Global method-name inference removed; receiver family review still required
app/observability/db_monitor_analysis.py:main,app/services/canonical_evidence.py:CanonicalEvidenceSerializer.dumps,UNREVIEWED,Global method-name inference removed; receiver family review still required
app/observability/db_monitor_analysis.py:render_text,app/services/canonical_evidence.py:CanonicalEvidenceSerializer.dumps,UNREVIEWED,Global method-name inference removed; receiver family review still required
app/observability/logging.py:JsonLogFormatter.format,app/services/canonical_evidence.py:CanonicalEvidenceSerializer.dumps,UNREVIEWED,Global method-name inference removed; receiver family review still required
app/observability/logging.py:JsonLogFormatter.format,app/services/fundamental_ranker_v2.py:FundamentalsV2Config.items,UNREVIEWED,Global method-name inference removed; receiver family review still required
app/observability/metrics.py:PrometheusMetrics._labels,app/services/fundamental_ranker_v2.py:FundamentalsV2Config.items,UNREVIEWED,Global method-name inference removed; receiver family review still required
app/observability/metrics.py:PrometheusMetrics._reset_registry,app/services/fundamental_ranker_v2.py:FundamentalsV2Config.items,UNREVIEWED,Global method-name inference removed; receiver family review still required
app/observability/metrics.py:PrometheusMetrics.increment,app/services/fundamental_ranker_v2.py:FundamentalsV2Config.items,UNREVIEWED,Global method-name inference removed; receiver family review still required
app/observability/metrics.py:PrometheusMetrics.remove_series,app/services/fundamental_ranker_v2.py:FundamentalsV2Config.items,UNREVIEWED,Global method-name inference removed; receiver family review still required
app/observability/metrics.py:PrometheusMetrics.samples,app/services/fundamental_ranker_v2.py:FundamentalsV2Config.items,UNREVIEWED,Global method-name inference removed; receiver family review still required
app/observability/metrics.py:PrometheusMetrics.set_gauge,app/services/fundamental_ranker_v2.py:FundamentalsV2Config.items,UNREVIEWED,Global method-name inference removed; receiver family review still required
app/observability/metrics.py:PrometheusMetrics.total,app/services/fundamental_ranker_v2.py:FundamentalsV2Config.items,UNREVIEWED,Global method-name inference removed; receiver family review still required
app/observability/resource_sampler.py:ResourceSampler.sample_once,app/observability/metrics.py:PrometheusMetrics.set_gauge,CONFIRMED_CALL_GRAPH,Exact declared/imported/default source resolution: DECLARED_RECEIVER_OR_RETURN
app/observability/resource_sampler.py:ResourceSampler.sample_once.cpu_sample,app/observability/metrics.py:PrometheusMetrics.set_gauge,CONFIRMED_CALL_GRAPH,Exact declared/imported/default source resolution: DECLARED_RECEIVER_OR_RETURN
app/observability/resource_sampler.py:ResourceSampler.sample_once.memory_sample,app/observability/metrics.py:PrometheusMetrics.set_gauge,CONFIRMED_CALL_GRAPH,Exact declared/imported/default source resolution: DECLARED_RECEIVER_OR_RETURN
app/observability/resource_sampler.py:SystemMetricsCollector._database_size,app/observability/metrics.py:PrometheusMetrics.set_gauge,CONFIRMED_CALL_GRAPH,Exact declared/imported/default source resolution: DECLARED_RECEIVER_OR_RETURN
app/observability/resource_sampler.py:SystemMetricsCollector._database_size,scripts/profile_sec_performance.py:ProfilingSession.scalar,UNREVIEWED,Global method-name inference removed; receiver family review still required
app/observability/resource_sampler.py:SystemMetricsCollector._db_monitor,app/observability/metrics.py:PrometheusMetrics.set_gauge,CONFIRMED_CALL_GRAPH,Exact declared/imported/default source resolution: DECLARED_RECEIVER_OR_RETURN
app/observability/resource_sampler.py:SystemMetricsCollector._disk_space,app/observability/metrics.py:PrometheusMetrics.set_gauge,CONFIRMED_CALL_GRAPH,Exact declared/imported/default source resolution: DECLARED_RECEIVER_OR_RETURN
app/observability/resource_sampler.py:SystemMetricsCollector._disk_space,app/services/ceri/effective_session_service.py:CeriEffectiveSessionService.resolve,UNREVIEWED,Global method-name inference removed; receiver family review still required
app/observability/resource_sampler.py:SystemMetricsCollector._disk_space,app/services/fundamental_ranker_v2.py:FundamentalsV2Config.items,UNREVIEWED,Global method-name inference removed; receiver family review still required
app/observability/resource_sampler.py:SystemMetricsCollector._lifecycle_control,app/observability/metrics.py:PrometheusMetrics.increment,CONFIRMED_CALL_GRAPH,Exact declared/imported/default source resolution: DECLARED_RECEIVER_OR_RETURN
app/observability/resource_sampler.py:SystemMetricsCollector._lifecycle_control,app/observability/metrics.py:PrometheusMetrics.set_gauge,CONFIRMED_CALL_GRAPH,Exact declared/imported/default source resolution: DECLARED_RECEIVER_OR_RETURN
app/observability/resource_sampler.py:SystemMetricsCollector._lifecycle_control,app/services/ceri/effective_session_service.py:CeriEffectiveSessionService.resolve,UNREVIEWED,Global method-name inference removed; receiver family review still required
app/observability/resource_sampler.py:SystemMetricsCollector._lifecycle_control,app/services/fundamental_ranker_v2.py:FundamentalsV2Config.items,UNREVIEWED,Global method-name inference removed; receiver family review still required
app/observability/resource_sampler.py:SystemMetricsCollector._log_storage,app/observability/metrics.py:PrometheusMetrics.set_gauge,CONFIRMED_CALL_GRAPH,Exact declared/imported/default source resolution: DECLARED_RECEIVER_OR_RETURN
app/observability/resource_sampler.py:SystemMetricsCollector._pool,app/observability/metrics.py:PrometheusMetrics.set_gauge,CONFIRMED_CALL_GRAPH,Exact declared/imported/default source resolution: DECLARED_RECEIVER_OR_RETURN
app/observability/resource_sampler.py:SystemMetricsCollector._queue,app/observability/metrics.py:PrometheusMetrics.set_gauge,CONFIRMED_CALL_GRAPH,Exact declared/imported/default source resolution: DECLARED_RECEIVER_OR_RETURN
app/observability/resource_sampler.py:SystemMetricsCollector._queue,app/services/fundamental_ranker_v2.py:FundamentalsV2Config.items,UNREVIEWED,Global method-name inference removed; receiver family review still required
app/observability/resource_sampler.py:SystemMetricsCollector._queue,scripts/qa/t13d_configuration_benchmark.py:EmptyRuleRows.all,UNREVIEWED,Global method-name inference removed; receiver family review still required
app/observability/resource_sampler.py:SystemMetricsCollector._queue,scripts/qa/t13d_configuration_benchmark.py:RulePreload.scalars,UNREVIEWED,Global method-name inference removed; receiver family review still required
app/observability/resource_sampler.py:SystemMetricsCollector._run,app/observability/metrics.py:PrometheusMetrics.set_gauge,CONFIRMED_CALL_GRAPH,Exact declared/imported/default source resolution: DECLARED_RECEIVER_OR_RETURN
app/observability/resource_sampler.py:SystemMetricsCollector._supervisor,app/observability/metrics.py:PrometheusMetrics.set_gauge,CONFIRMED_CALL_GRAPH,Exact declared/imported/default source resolution: DECLARED_RECEIVER_OR_RETURN
app/observability/resource_sampler.py:SystemMetricsCollector._supervisor,scripts/profile_sec_performance.py:ProfilingSession.scalar,UNREVIEWED,Global method-name inference removed; receiver family review still required
app/observability/resource_sampler.py:SystemMetricsCollector._workers,app/observability/metrics.py:PrometheusMetrics.remove_series,CONFIRMED_CALL_GRAPH,Exact declared/imported/default source resolution: DECLARED_RECEIVER_OR_RETURN
app/observability/resource_sampler.py:SystemMetricsCollector._workers,app/observability/metrics.py:PrometheusMetrics.set_gauge,CONFIRMED_CALL_GRAPH,Exact declared/imported/default source resolution: DECLARED_RECEIVER_OR_RETURN
app/observability/resource_sampler.py:SystemMetricsCollector._workers,scripts/qa/t13d_configuration_benchmark.py:EmptyRuleRows.all,UNREVIEWED,Global method-name inference removed; receiver family review still required
app/observability/resource_sampler.py:SystemMetricsCollector._workers,scripts/qa/t13d_configuration_benchmark.py:RulePreload.scalars,UNREVIEWED,Global method-name inference removed; receiver family review still required
app/observability/resource_sampler.py:SystemMetricsCollector.collect_once,app/observability/metrics.py:PrometheusMetrics.set_gauge,CONFIRMED_CALL_GRAPH,Exact declared/imported/default source resolution: DECLARED_RECEIVER_OR_RETURN
app/observability/resource_sampler.py:_fault_contained_sample,app/observability/metrics.py:PrometheusMetrics.increment,CONFIRMED_CALL_GRAPH,Exact declared/imported/default source resolution: DECLARED_RECEIVER_OR_RETURN
app/observability/resource_sampler.py:_fault_contained_sample,app/observability/metrics.py:PrometheusMetrics.set_gauge,CONFIRMED_CALL_GRAPH,Exact declared/imported/default source resolution: DECLARED_RECEIVER_OR_RETURN
app/prewarm.py:main,app/services/canonical_evidence.py:CanonicalEvidenceSerializer.dumps,UNREVIEWED,Global method-name inference removed; receiver family review still required
app/routers/ceri_routes.py:_active_manual_review,scripts/profile_sec_performance.py:ProfilingSession.scalar,UNREVIEWED,Global method-name inference removed; receiver family review still required
app/routers/ceri_routes.py:_load_processing_runs,scripts/qa/t13d_configuration_benchmark.py:EmptyRuleRows.all,UNREVIEWED,Global method-name inference removed; receiver family review still required
app/routers/ceri_routes.py:_stable_request_key,app/services/canonical_evidence.py:CanonicalEvidenceSerializer.dumps,UNREVIEWED,Global method-name inference removed; receiver family review still required
app/routers/ceri_routes.py:execute_ceri_purge,scripts/profile_sec_performance.py:ProfilingSession.scalar,UNREVIEWED,Global method-name inference removed; receiver family review still required
app/routers/ceri_routes.py:export_ceri_csv,app/services/ceri/export_service.py:CeriExportResult.to_csv,CONFIRMED_CALL_GRAPH,Exact declared/imported/default source resolution: LOCAL_DEFAULT_IMPLEMENTATION
app/routers/ceri_routes.py:export_ceri_json,app/services/ceri/export_service.py:CeriExportResult.to_json,CONFIRMED_CALL_GRAPH,Exact declared/imported/default source resolution: LOCAL_DEFAULT_IMPLEMENTATION
app/routers/ceri_routes.py:review_ceri_event,scripts/profile_sec_performance.py:ProfilingSession.scalar,UNREVIEWED,Global method-name inference removed; receiver family review still required
app/routers/health_routes.py:_record_readiness,app/observability/metrics.py:PrometheusMetrics.set_gauge,UNREVIEWED,Global method-name inference removed; receiver family review still required
app/routers/health_routes.py:metrics,app/observability/metrics.py:PrometheusMetrics.as_prometheus,UNREVIEWED,Global method-name inference removed; receiver family review still required
app/routers/health_routes.py:ready,app/services/readiness_service.py:ReadinessReport.response_checks,CONFIRMED_CALL_GRAPH,Exact declared/imported/default source resolution: LOCAL_DEFAULT_IMPLEMENTATION
app/routers/health_routes.py:ready,app/services/readiness_service.py:ReadinessReport.response_states,CONFIRMED_CALL_GRAPH,Exact declared/imported/default source resolution: LOCAL_DEFAULT_IMPLEMENTATION
app/routers/health_routes.py:ready_core,app/observability/metrics.py:PrometheusMetrics.set_gauge,UNREVIEWED,Global method-name inference removed; receiver family review still required
app/routers/health_routes.py:ready_core,app/services/readiness_service.py:ReadinessReport.response_checks,CONFIRMED_CALL_GRAPH,Exact declared/imported/default source resolution: LOCAL_DEFAULT_IMPLEMENTATION
app/routers/health_routes.py:ready_core,app/services/readiness_service.py:ReadinessReport.response_states,CONFIRMED_CALL_GRAPH,Exact declared/imported/default source resolution: LOCAL_DEFAULT_IMPLEMENTATION
app/routers/ib_market_intelligence_routes.py:_admin_guard,app/services/ib_market_intelligence/config.py:IBMarketIntelligenceConfig.section,CONFIRMED_CALL_GRAPH,Exact declared/imported/default source resolution: LOCAL_DEFAULT_IMPLEMENTATION
app/routers/ib_market_intelligence_routes.py:exclude_fill,scripts/qa/t13d_configuration_benchmark.py:EmptyRuleRows.all,UNREVIEWED,Global method-name inference removed; receiver family review still required
app/routers/market_regime_routes.py:_require_run,scripts/profile_sec_performance.py:ProfilingSession.scalar,UNREVIEWED,Global method-name inference removed; receiver family review still required
app/routers/operations_routes.py:causality_api,app/services/operations_service.py:OperationsService.causality_tree,CONFIRMED_CALL_GRAPH,Exact declared/imported/default source resolution: DECLARED_RECEIVER_OR_RETURN
app/routers/run_routes.py:_ceri_context,scripts/qa/t13d_configuration_benchmark.py:RulePreload.scalars,UNREVIEWED,Global method-name inference removed; receiver family review still required
app/routers/run_routes.py:_coverage_actions,app/services/fundamental_ranker_v2.py:FundamentalsV2Config.items,UNREVIEWED,Global method-name inference removed; receiver family review still required
app/routers/run_routes.py:_fetch_plan_action_counts,app/services/fundamental_ranker_v2.py:FundamentalsV2Config.items,UNREVIEWED,Global method-name inference removed; receiver family review still required
app/routers/run_routes.py:_load_run,scripts/profile_sec_performance.py:ProfilingSession.scalar,UNREVIEWED,Global method-name inference removed; receiver family review still required
app/routers/run_routes.py:_redirect_to_fetch_progress,app/services/fundamental_ranker_v2.py:FundamentalsV2Config.items,UNREVIEWED,Global method-name inference removed; receiver family review still required
app/routers/run_routes.py:_redirect_with_query,app/services/fundamental_ranker_v2.py:FundamentalsV2Config.items,UNREVIEWED,Global method-name inference removed; receiver family review still required
app/routers/run_routes.py:_require_run,scripts/profile_sec_performance.py:ProfilingSession.scalar,UNREVIEWED,Global method-name inference removed; receiver family review still required
app/routers/run_routes.py:_setup_lifecycle_context,scripts/profile_sec_performance.py:ProfilingSession.scalar,UNREVIEWED,Global method-name inference removed; receiver family review still required
app/routers/run_routes.py:_winner_probability_context,scripts/profile_sec_performance.py:ProfilingSession.scalar,UNREVIEWED,Global method-name inference removed; receiver family review still required
app/routers/run_routes.py:_winner_probability_context,scripts/qa/t13d_configuration_benchmark.py:RulePreload.scalars,UNREVIEWED,Global method-name inference removed; receiver family review still required
app/routers/run_routes.py:refresh_combined_results_action,scripts/profile_sec_performance.py:ProfilingSession.scalar,UNREVIEWED,Global method-name inference removed; receiver family review still required
app/routers/run_routes.py:test_run_ib_connection_action,scripts/profile_sec_performance.py:ProfilingSession.scalar,UNREVIEWED,Global method-name inference removed; receiver family review still required
app/routers/run_routes.py:view_ranking_profile_results,app/services/core_effective_configuration.py:CoreEffectiveConfiguration.ranking_profile,CONFIRMED_CALL_GRAPH,Exact declared/imported/default source resolution: LOCAL_DEFAULT_IMPLEMENTATION
app/routers/sector_rotation_routes.py:_require_run,scripts/profile_sec_performance.py:ProfilingSession.scalar,UNREVIEWED,Global method-name inference removed; receiver family review still required
app/routers/sector_rotation_routes.py:_sector_ticker_drilldown_rows,scripts/qa/t13d_configuration_benchmark.py:RulePreload.scalars,UNREVIEWED,Global method-name inference removed; receiver family review still required
app/routers/sector_rotation_routes.py:_warning_rows,app/services/fundamental_ranker_v2.py:FundamentalsV2Config.items,UNREVIEWED,Global method-name inference removed; receiver family review still required
app/routers/setup_lifecycle_routes.py:_alerts_template_context,app/services/fundamental_ranker_v2.py:FundamentalsV2Config.items,UNREVIEWED,Global method-name inference removed; receiver family review still required
app/routers/setup_lifecycle_routes.py:_changes_page_response,scripts/profile_sec_performance.py:ProfilingSession.scalar,UNREVIEWED,Global method-name inference removed; receiver family review still required
app/routers/setup_lifecycle_routes.py:_changes_template_context,app/services/fundamental_ranker_v2.py:FundamentalsV2Config.items,UNREVIEWED,Global method-name inference removed; receiver family review still required
app/routers/setup_lifecycle_routes.py:_pagination,app/services/fundamental_ranker_v2.py:FundamentalsV2Config.items,UNREVIEWED,Global method-name inference removed; receiver family review still required
app/routers/setup_lifecycle_routes.py:_quick_filters,app/services/fundamental_ranker_v2.py:FundamentalsV2Config.items,UNREVIEWED,Global method-name inference removed; receiver family review still required
app/routers/setup_lifecycle_routes.py:_require_run,scripts/profile_sec_performance.py:ProfilingSession.scalar,UNREVIEWED,Global method-name inference removed; receiver family review still required
app/routers/setup_lifecycle_routes.py:export_setup_lifecycle_alerts_csv,app/services/fundamental_ranker_v2.py:FundamentalsV2Config.items,UNREVIEWED,Global method-name inference removed; receiver family review still required
app/routers/setup_lifecycle_routes.py:export_setup_lifecycle_alerts_json,app/services/fundamental_ranker_v2.py:FundamentalsV2Config.items,UNREVIEWED,Global method-name inference removed; receiver family review still required
app/routers/setup_lifecycle_routes.py:export_setup_lifecycle_changes_csv,app/services/fundamental_ranker_v2.py:FundamentalsV2Config.items,UNREVIEWED,Global method-name inference removed; receiver family review still required
app/routers/setup_lifecycle_routes.py:export_setup_lifecycle_changes_json,app/services/fundamental_ranker_v2.py:FundamentalsV2Config.items,UNREVIEWED,Global method-name inference removed; receiver family review still required
app/routers/upload_routes.py:_latest_run,scripts/profile_sec_performance.py:ProfilingSession.scalar,UNREVIEWED,Global method-name inference removed; receiver family review still required
app/routers/upload_routes.py:_recent_runs,scripts/qa/t13d_configuration_benchmark.py:EmptyRuleRows.all,UNREVIEWED,Global method-name inference removed; receiver family review still required
app/routers/upload_routes.py:_recent_runs,scripts/qa/t13d_configuration_benchmark.py:RulePreload.scalars,UNREVIEWED,Global method-name inference removed; receiver family review still required
app/routers/winner_probability_routes.py:_require_run,scripts/profile_sec_performance.py:ProfilingSession.scalar,UNREVIEWED,Global method-name inference removed; receiver family review still required
app/routers/winner_probability_routes.py:queue_winner_cohort_refresh,app/services/fundamental_ranker_v2.py:FundamentalsV2Config.items,UNREVIEWED,Global method-name inference removed; receiver family review still required
app/routers/winner_probability_routes.py:queue_winner_prediction_capture,scripts/qa/t13d_configuration_benchmark.py:RulePreload.scalars,UNREVIEWED,Global method-name inference removed; receiver family review still required
app/serve.py:_windows_listener,app/services/ceri/estimate_deduplicator.py:CeriEstimateDeduplicator.group,UNREVIEWED,Global method-name inference removed; receiver family review still required
app/services/alembic_heads.py:repository_alembic_heads,app/services/ceri/effective_session_service.py:CeriEffectiveSessionService.resolve,UNREVIEWED,Global method-name inference removed; receiver family review still required
app/services/alembic_heads.py:repository_alembic_heads,app/services/setup_lifecycle/signal_registry.py:SignalDefinitionRegistry.from_config,UNREVIEWED,Global method-name inference removed; receiver family review still required
app/services/background_job_service.py:_apply_running_job_update,app/services/fundamental_ranker_v2.py:FundamentalsV2Config.items,UNREVIEWED,Global method-name inference removed; receiver family review still required
app/services/background_job_service.py:_claim_ready_job_id,scripts/profile_sec_performance.py:ProfilingSession.scalar,UNREVIEWED,Global method-name inference removed; receiver family review still required
app/services/background_job_service.py:_enqueue_pre_migration_job,scripts/profile_sec_performance.py:ProfilingSession.scalar,UNREVIEWED,Global method-name inference removed; receiver family review still required
app/services/background_job_service.py:_interrupt_fenced_pipeline_steps,scripts/qa/t13d_configuration_benchmark.py:RulePreload.scalars,UNREVIEWED,Global method-name inference removed; receiver family review still required
app/services/background_job_service.py:_update_fanout_summary,scripts/profile_sec_performance.py:ProfilingSession.scalar,UNREVIEWED,Global method-name inference removed; receiver family review still required
app/services/background_job_service.py:active_job_for_request_key,scripts/qa/t13d_configuration_benchmark.py:EmptyRuleRows.all,UNREVIEWED,Global method-name inference removed; receiver family review still required
app/services/background_job_service.py:active_job_for_type,scripts/qa/t13d_configuration_benchmark.py:EmptyRuleRows.all,UNREVIEWED,Global method-name inference removed; receiver family review still required
app/services/background_job_service.py:active_job_for_workflow_key,scripts/qa/t13d_configuration_benchmark.py:EmptyRuleRows.all,UNREVIEWED,Global method-name inference removed; receiver family review still required
app/services/background_job_service.py:claim_next_job,scripts/profile_sec_performance.py:ProfilingSession.scalar,UNREVIEWED,Global method-name inference removed; receiver family review still required
app/services/background_job_service.py:fence_jobs_for_worker,scripts/qa/t13d_configuration_benchmark.py:EmptyRuleRows.all,UNREVIEWED,Global method-name inference removed; receiver family review still required
app/services/background_job_service.py:fence_jobs_for_worker,scripts/qa/t13d_configuration_benchmark.py:RulePreload.scalars,UNREVIEWED,Global method-name inference removed; receiver family review still required
app/services/background_job_service.py:fence_stalled_jobs,scripts/qa/t13d_configuration_benchmark.py:EmptyRuleRows.all,UNREVIEWED,Global method-name inference removed; receiver family review still required
app/services/background_job_service.py:fence_stalled_jobs,scripts/qa/t13d_configuration_benchmark.py:RulePreload.scalars,UNREVIEWED,Global method-name inference removed; receiver family review still required
app/services/background_job_service.py:is_cancel_requested,scripts/profile_sec_performance.py:ProfilingSession.scalar,UNREVIEWED,Global method-name inference removed; receiver family review still required
app/services/background_job_service.py:recover_abandoned_jobs_for_worker,scripts/qa/t13d_configuration_benchmark.py:EmptyRuleRows.all,UNREVIEWED,Global method-name inference removed; receiver family review still required
app/services/background_job_service.py:recover_abandoned_jobs_for_worker,scripts/qa/t13d_configuration_benchmark.py:RulePreload.scalars,UNREVIEWED,Global method-name inference removed; receiver family review still required
app/services/background_job_service.py:recover_stale_jobs,scripts/qa/t13d_configuration_benchmark.py:EmptyRuleRows.all,UNREVIEWED,Global method-name inference removed; receiver family review still required
app/services/background_job_service.py:recover_stale_jobs,scripts/qa/t13d_configuration_benchmark.py:RulePreload.scalars,UNREVIEWED,Global method-name inference removed; receiver family review still required
app/services/background_job_service.py:requeue_stalled_jobs,scripts/qa/t13d_configuration_benchmark.py:EmptyRuleRows.all,UNREVIEWED,Global method-name inference removed; receiver family review still required
app/services/background_job_service.py:requeue_stalled_jobs,scripts/qa/t13d_configuration_benchmark.py:RulePreload.scalars,UNREVIEWED,Global method-name inference removed; receiver family review still required
app/services/background_job_service.py:workflow_stage_job,scripts/qa/t13d_configuration_benchmark.py:EmptyRuleRows.all,UNREVIEWED,Global method-name inference removed; receiver family review still required
app/services/background_performance_baseline.py:_ceri_report,app/services/fundamental_ranker_v2.py:FundamentalsV2Config.items,UNREVIEWED,Global method-name inference removed; receiver family review still required
app/services/background_performance_baseline.py:_ceri_report,scripts/profile_sec_performance.py:ProfilingSession.scalar,UNREVIEWED,Global method-name inference removed; receiver family review still required
app/services/background_performance_baseline.py:_ceri_report,scripts/qa/t13d_configuration_benchmark.py:RulePreload.scalars,UNREVIEWED,Global method-name inference removed; receiver family review still required
app/services/background_performance_baseline.py:_ib_fetch_run_report,app/services/fundamental_ranker_v2.py:FundamentalsV2Config.items,UNREVIEWED,Global method-name inference removed; receiver family review still required
app/services/background_performance_baseline.py:_ib_fetch_run_report,scripts/qa/t13d_configuration_benchmark.py:RulePreload.scalars,UNREVIEWED,Global method-name inference removed; receiver family review still required
app/services/background_performance_baseline.py:_ib_report,scripts/profile_sec_performance.py:ProfilingSession.scalar,UNREVIEWED,Global method-name inference removed; receiver family review still required
app/services/background_performance_baseline.py:_queue_report,app/services/fundamental_ranker_v2.py:FundamentalsV2Config.items,UNREVIEWED,Global method-name inference removed; receiver family review still required
app/services/background_performance_baseline.py:_queue_report,scripts/qa/t13d_configuration_benchmark.py:RulePreload.scalars,UNREVIEWED,Global method-name inference removed; receiver family review still required
app/services/background_performance_baseline.py:_technical_artifact_report,scripts/qa/t13d_configuration_benchmark.py:EmptyRuleRows.all,UNREVIEWED,Global method-name inference removed; receiver family review still required
app/services/background_performance_baseline.py:_workload_report,scripts/qa/t13d_configuration_benchmark.py:RulePreload.scalars,UNREVIEWED,Global method-name inference removed; receiver family review still required
app/services/background_worker.py:_execute_full_pipeline_job.memory_probe,app/observability/metrics.py:PrometheusMetrics.set_gauge,UNREVIEWED,Global method-name inference removed; receiver family review still required
app/services/background_worker.py:_worker_heartbeat_loop,app/observability/metrics.py:PrometheusMetrics.set_gauge,UNREVIEWED,Global method-name inference removed; receiver family review still required
app/services/background_worker.py:worker_startup_configuration,scripts/profile_sec_performance.py:ProfilingSession.scalar,UNREVIEWED,Global method-name inference removed; receiver family review still required
app/services/bar_cache_service.py:_existing_bars_by_key,scripts/qa/t13d_configuration_benchmark.py:EmptyRuleRows.all,UNREVIEWED,Global method-name inference removed; receiver family review still required
app/services/bar_cache_service.py:_existing_bars_by_key,scripts/qa/t13d_configuration_benchmark.py:RulePreload.scalars,UNREVIEWED,Global method-name inference removed; receiver family review still required
app/services/calculation_identity.py:CalculationIdentity.legacy_unknown,app/services/calculation_identity.py:IdentityDimension.known,CONFIRMED_CALL_GRAPH,Exact declared/imported/default source resolution: DECLARED_RECEIVER_OR_RETURN
app/services/calculation_identity.py:CalculationIdentityValidator._configuration,app/services/calculation_identity.py:CalculationIdentityValidator._digest_value,CONFIRMED_CALL_GRAPH,Exact declared/imported/default source resolution: LOCAL_METHOD
app/services/calculation_identity.py:CalculationIdentityValidator._configuration,app/services/calculation_identity.py:CalculationIdentityValidator._version_value,CONFIRMED_CALL_GRAPH,Exact declared/imported/default source resolution: LOCAL_METHOD
app/services/calculation_identity.py:CalculationIdentityValidator._digest,app/services/calculation_identity.py:CalculationIdentityValidator._digest_value,CONFIRMED_CALL_GRAPH,Exact declared/imported/default source resolution: LOCAL_METHOD
app/services/calculation_identity.py:CalculationIdentityValidator._version,app/services/calculation_identity.py:CalculationIdentityValidator._version_value,CONFIRMED_CALL_GRAPH,Exact declared/imported/default source resolution: LOCAL_METHOD
app/services/calculation_identity.py:CalculationIdentityValidator.validate,app/services/calculation_identity.py:CalculationIdentityValidator._calendar,CONFIRMED_CALL_GRAPH,Exact declared/imported/default source resolution: LOCAL_METHOD
app/services/calculation_identity.py:CalculationIdentityValidator.validate,app/services/calculation_identity.py:CalculationIdentityValidator._configuration,CONFIRMED_CALL_GRAPH,Exact declared/imported/default source resolution: LOCAL_METHOD
app/services/calculation_identity.py:CalculationIdentityValidator.validate,app/services/calculation_identity.py:CalculationIdentityValidator._version_value,CONFIRMED_CALL_GRAPH,Exact declared/imported/default source resolution: LOCAL_METHOD
app/services/calculation_identity.py:_parse_dimension,app/services/calculation_identity.py:IdentityDimension.known,CONFIRMED_CALL_GRAPH,Exact declared/imported/default source resolution: DECLARED_RECEIVER_OR_RETURN
app/services/calculation_identity.py:_unknown_dimension_paths,app/services/fundamental_ranker_v2.py:FundamentalsV2Config.items,UNREVIEWED,Global method-name inference removed; receiver family review still required
app/services/canonical_evidence.py:CanonicalEvidenceSerializer._sort_key,app/services/canonical_evidence.py:CanonicalEvidenceSerializer.dumps,UNREVIEWED,Global method-name inference removed; receiver family review still required
app/services/canonical_evidence.py:CanonicalEvidenceSerializer.bytes,app/services/canonical_evidence.py:CanonicalEvidenceSerializer.dumps,CONFIRMED_CALL_GRAPH,Exact declared/imported/default source resolution: LOCAL_METHOD
app/services/canonical_evidence.py:CanonicalEvidenceSerializer.canonicalize,app/services/canonical_evidence.py:CanonicalEvidenceSerializer._is_unordered_field,CONFIRMED_CALL_GRAPH,Exact declared/imported/default source resolution: LOCAL_METHOD
app/services/canonical_evidence.py:CanonicalEvidenceSerializer.canonicalize,app/services/canonical_evidence.py:CanonicalEvidenceSerializer._mapping_path,CONFIRMED_CALL_GRAPH,Exact declared/imported/default source resolution: LOCAL_METHOD
app/services/canonical_evidence.py:CanonicalEvidenceSerializer.canonicalize,app/services/canonical_evidence.py:CanonicalEvidenceSerializer._timezone_text,CONFIRMED_CALL_GRAPH,Exact declared/imported/default source resolution: LOCAL_METHOD
app/services/canonical_evidence.py:CanonicalEvidenceSerializer.canonicalize,app/services/fundamental_ranker_v2.py:FundamentalsV2Config.items,UNREVIEWED,Global method-name inference removed; receiver family review still required
app/services/canonical_evidence.py:CanonicalEvidenceSerializer.dumps,app/services/canonical_evidence.py:CanonicalEvidenceSerializer.canonicalize,CONFIRMED_CALL_GRAPH,Exact declared/imported/default source resolution: LOCAL_METHOD
app/services/canonical_evidence.py:CanonicalEvidenceSerializer.fingerprint,app/services/canonical_evidence.py:CanonicalEvidenceSerializer.bytes,CONFIRMED_CALL_GRAPH,Exact declared/imported/default source resolution: LOCAL_METHOD
app/services/canonical_runtime_launcher.py:build_canonical_runtime_launch,app/services/ceri/effective_session_service.py:CeriEffectiveSessionService.resolve,UNREVIEWED,Global method-name inference removed; receiver family review still required
app/services/ceri/alert_service.py:CeriAlertService.__init__,app/services/decision_effective_configuration.py:DecisionEffectiveConfiguration.ceri_decision_config,UNREVIEWED,Global method-name inference removed; receiver family review still required
app/services/ceri/alert_service.py:_load,scripts/qa/t13d_configuration_benchmark.py:EmptyRuleRows.all,UNREVIEWED,Global method-name inference removed; receiver family review still required
app/services/ceri/backfill_service.py:CeriBackfillService.run,app/services/ceri/evidence_eligibility.py:EvidenceDispositionRequest.values,UNREVIEWED,Global method-name inference removed; receiver family review still required
app/services/ceri/backfill_service.py:_load,scripts/qa/t13d_configuration_benchmark.py:EmptyRuleRows.all,UNREVIEWED,Global method-name inference removed; receiver family review still required
app/services/ceri/backlog_cleanup_service.py:_duplicate_queued_job_ids,app/services/ceri/evidence_eligibility.py:EvidenceDispositionRequest.values,UNREVIEWED,Global method-name inference removed; receiver family review still required
app/services/ceri/backlog_cleanup_service.py:_group_jobs,app/services/fundamental_ranker_v2.py:FundamentalsV2Config.items,UNREVIEWED,Global method-name inference removed; receiver family review still required
app/services/ceri/backlog_cleanup_service.py:apply_legacy_ceri_backlog_cleanup,scripts/qa/t13d_configuration_benchmark.py:EmptyRuleRows.all,UNREVIEWED,Global method-name inference removed; receiver family review still required
app/services/ceri/backlog_cleanup_service.py:apply_legacy_ceri_backlog_cleanup,scripts/qa/t13d_configuration_benchmark.py:RulePreload.scalars,UNREVIEWED,Global method-name inference removed; receiver family review still required
app/services/ceri/backlog_cleanup_service.py:inspect_legacy_ceri_backlog,app/services/fundamental_ranker_v2.py:FundamentalsV2Config.items,UNREVIEWED,Global method-name inference removed; receiver family review still required
app/services/ceri/backlog_cleanup_service.py:inspect_legacy_ceri_backlog,scripts/qa/t13d_configuration_benchmark.py:EmptyRuleRows.all,UNREVIEWED,Global method-name inference removed; receiver family review still required
app/services/ceri/backlog_cleanup_service.py:inspect_legacy_ceri_backlog,scripts/qa/t13d_configuration_benchmark.py:RulePreload.scalars,UNREVIEWED,Global method-name inference removed; receiver family review still required
app/services/ceri/batched_job_handlers.py:_checkpoint_state,app/services/fundamental_ranker_v2.py:FundamentalsV2Config.items,UNREVIEWED,Global method-name inference removed; receiver family review still required
app/services/ceri/batched_job_handlers.py:_require_terminal_stage,scripts/qa/t13d_configuration_benchmark.py:RulePreload.scalars,UNREVIEWED,Global method-name inference removed; receiver family review still required
app/services/ceri/batched_job_handlers.py:execute_feature_batch_job,app/services/ceri/evidence_eligibility.py:EvidenceDispositionRequest.values,UNREVIEWED,Global method-name inference removed; receiver family review still required
app/services/ceri/batched_job_handlers.py:execute_feature_batch_job,app/services/fundamental_ranker_v2.py:FundamentalsV2Config.items,UNREVIEWED,Global method-name inference removed; receiver family review still required
app/services/ceri/batched_job_handlers.py:execute_normalize_batch_job,app/services/ceri/evidence_eligibility.py:EvidenceDispositionRequest.values,UNREVIEWED,Global method-name inference removed; receiver family review still required
app/services/ceri/batched_job_handlers.py:execute_normalize_batch_job,scripts/profile_sec_performance.py:ProfilingSession.scalar,UNREVIEWED,Global method-name inference removed; receiver family review still required
app/services/ceri/batched_workflow.py:_ensure_ceri_companies,scripts/qa/t13d_configuration_benchmark.py:RulePreload.scalars,UNREVIEWED,Global method-name inference removed; receiver family review still required
app/services/ceri/batched_workflow.py:build_ceri_batched_workflow_plan,app/services/fundamental_ranker_v2.py:FundamentalsV2Config.items,UNREVIEWED,Global method-name inference removed; receiver family review still required
app/services/ceri/batched_workflow.py:schedule_ceri_batched_workflow,app/services/ceri/sec/readiness_diagnostics.py:SecUniverseReadiness.counts,CONFIRMED_CALL_GRAPH,Exact declared/imported/default source resolution: LOCAL_DEFAULT_IMPLEMENTATION
app/services/ceri/batched_workflow.py:schedule_ceri_batched_workflow,app/services/fundamental_ranker_v2.py:FundamentalsV2Config.items,UNREVIEWED,Global method-name inference removed; receiver family review still required
app/services/ceri/batched_workflow.py:schedule_ceri_batched_workflow,scripts/qa/t13d_configuration_benchmark.py:RulePreload.scalars,UNREVIEWED,Global method-name inference removed; receiver family review still required
app/services/ceri/capture_service.py:CeriRunCaptureService.capture_run,app/services/ceri/evidence_eligibility.py:EvidenceDispositionRequest.values,UNREVIEWED,Global method-name inference removed; receiver family review still required
app/services/ceri/capture_service.py:CeriRunCaptureService.capture_run,app/services/contextual_effective_configuration.py:ContextualEffectiveConfiguration.ceri_config,CONFIRMED_CALL_GRAPH,Exact declared/imported/default source resolution: LOCAL_DEFAULT_IMPLEMENTATION
app/services/ceri/capture_service.py:CeriRunCaptureService.capture_run,app/services/core_effective_configuration.py:CoreEffectiveConfiguration.bind,CONFIRMED_CALL_GRAPH,Exact declared/imported/default source resolution: DECLARED_RECEIVER_OR_RETURN
app/services/ceri/capture_service.py:CeriRunCaptureService.capture_run,app/services/core_effective_configuration.py:CoreEffectiveConfiguration.require_retry_identity,CONFIRMED_CALL_GRAPH,Exact declared/imported/default source resolution: DECLARED_RECEIVER_OR_RETURN
app/services/ceri/capture_service.py:CeriRunCaptureService.capture_run,app/services/fundamental_ranker_v2.py:FundamentalsV2Config.items,UNREVIEWED,Global method-name inference removed; receiver family review still required
app/services/ceri/capture_service.py:CeriRunCaptureService.capture_run,app/services/ib_market_intelligence/config.py:IBMarketIntelligenceConfig.section,CONFIRMED_CALL_GRAPH,Exact declared/imported/default source resolution: LOCAL_DEFAULT_IMPLEMENTATION
app/services/ceri/capture_service.py:_existing_snapshot_company_ids,app/services/core_effective_configuration.py:CoreEffectiveConfiguration.bind,UNREVIEWED,Global method-name inference removed; receiver family review still required
app/services/ceri/capture_service.py:_latest_eligible_catalyst_revisions,app/services/ceri/evidence_eligibility.py:EvidenceDispositionRequest.values,UNREVIEWED,Global method-name inference removed; receiver family review still required
app/services/ceri/capture_service.py:_provider_feed_freshness_days,app/services/fundamental_ranker_v2.py:FundamentalsV2Config.items,UNREVIEWED,Global method-name inference removed; receiver family review still required
app/services/ceri/capture_service.py:_scalars,scripts/qa/t13d_configuration_benchmark.py:EmptyRuleRows.all,UNREVIEWED,Global method-name inference removed; receiver family review still required
app/services/ceri/catalyst_deduplicator.py:CeriCatalystDeduplicator.cluster,app/services/ceri/evidence_eligibility.py:EvidenceDispositionRequest.values,UNREVIEWED,Global method-name inference removed; receiver family review still required
app/services/ceri/catalyst_taxonomy.py:CeriCatalystTaxonomy.normalize_category,app/services/fundamental_ranker_v2.py:FundamentalsV2Config.items,UNREVIEWED,Global method-name inference removed; receiver family review still required
app/services/ceri/change_detection_service.py:CeriChangeDetectionService.__init__,app/services/decision_effective_configuration.py:DecisionEffectiveConfiguration.ceri_decision_config,UNREVIEWED,Global method-name inference removed; receiver family review still required
app/services/ceri/change_detection_service.py:CeriChangeDetectionService.detect_score_changes,app/services/fundamental_ranker_v2.py:FundamentalsV2Config.items,UNREVIEWED,Global method-name inference removed; receiver family review still required
app/services/ceri/change_detection_service.py:change_dedup_key,app/services/fundamental_ranker_v2.py:FundamentalsV2Config.items,UNREVIEWED,Global method-name inference removed; receiver family review still required
app/services/ceri/change_rebuild_service.py:CeriChangeRebuildService._eligible_revisions,app/services/ceri/evidence_eligibility.py:EvidenceDispositionRequest.values,UNREVIEWED,Global method-name inference removed; receiver family review still required
app/services/ceri/change_rebuild_service.py:CeriChangeRebuildService._guidance,app/services/ceri/evidence_eligibility.py:EvidenceDispositionRequest.values,UNREVIEWED,Global method-name inference removed; receiver family review still required
app/services/ceri/change_rebuild_service.py:CeriChangeRebuildService.rebuild,app/services/fundamental_ranker_v2.py:FundamentalsV2Config.items,UNREVIEWED,Global method-name inference removed; receiver family review still required
app/services/ceri/change_rebuild_service.py:_load,scripts/qa/t13d_configuration_benchmark.py:EmptyRuleRows.all,UNREVIEWED,Global method-name inference removed; receiver family review still required
app/services/ceri/confidence_service.py:CeriConfidenceService.__init__,app/services/contextual_effective_configuration.py:ContextualEffectiveConfiguration.ceri_config,CONFIRMED_CALL_GRAPH,Exact declared/imported/default source resolution: DECLARED_RECEIVER_OR_RETURN
app/services/ceri/config.py:_parse_alerts,app/services/fundamental_ranker_v2.py:FundamentalsV2Config.items,UNREVIEWED,Global method-name inference removed; receiver family review still required
app/services/ceri/config.py:_parse_change_thresholds,app/services/fundamental_ranker_v2.py:FundamentalsV2Config.items,UNREVIEWED,Global method-name inference removed; receiver family review still required
app/services/ceri/config.py:_parse_datasets,app/services/ceri/evidence_eligibility.py:EvidenceDispositionRequest.values,UNREVIEWED,Global method-name inference removed; receiver family review still required
app/services/ceri/config.py:_parse_event_risk,app/services/fundamental_ranker_v2.py:FundamentalsV2Config.items,UNREVIEWED,Global method-name inference removed; receiver family review still required
app/services/ceri/config.py:_parse_exports,app/services/fundamental_ranker_v2.py:FundamentalsV2Config.items,UNREVIEWED,Global method-name inference removed; receiver family review still required
app/services/ceri/config.py:_parse_revision,app/services/fundamental_ranker_v2.py:FundamentalsV2Config.items,UNREVIEWED,Global method-name inference removed; receiver family review still required
app/services/ceri/config.py:_parse_weights,app/services/ceri/evidence_eligibility.py:EvidenceDispositionRequest.values,UNREVIEWED,Global method-name inference removed; receiver family review still required
app/services/ceri/config.py:_parse_weights,app/services/fundamental_ranker_v2.py:FundamentalsV2Config.items,UNREVIEWED,Global method-name inference removed; receiver family review still required
app/services/ceri/config.py:_strip_config_hashes,app/services/fundamental_ranker_v2.py:FundamentalsV2Config.items,UNREVIEWED,Global method-name inference removed; receiver family review still required
app/services/ceri/config.py:ceri_config_hash,app/services/canonical_evidence.py:CanonicalEvidenceSerializer.dumps,UNREVIEWED,Global method-name inference removed; receiver family review still required
app/services/ceri/config.py:load_ceri_config,app/services/canonical_evidence.py:CanonicalEvidenceSerializer.dumps,UNREVIEWED,Global method-name inference removed; receiver family review still required
app/services/ceri/controlled_replay_service.py:CeriControlledReplayService._validate_request,scripts/profile_sec_performance.py:ProfilingSession.scalar,UNREVIEWED,Global method-name inference removed; receiver family review still required
app/services/ceri/controlled_replay_service.py:CeriControlledReplayService.replay,app/services/ceri/evidence_eligibility.py:EvidenceDispositionRequest.values,UNREVIEWED,Global method-name inference removed; receiver family review still required
app/services/ceri/controlled_replay_service.py:CeriControlledReplayService.replay,app/services/fundamental_ranker_v2.py:FundamentalsV2Config.items,UNREVIEWED,Global method-name inference removed; receiver family review still required
app/services/ceri/controlled_replay_service.py:CeriControlledReplayService.replay,scripts/certify_technical_artifact_cache.py:main.SinkDb.add_all,UNREVIEWED,Global method-name inference removed; receiver family review still required
app/services/ceri/controlled_replay_service.py:CeriControlledReplayService.replay,scripts/qa/t13d_configuration_benchmark.py:EmptyRuleRows.all,UNREVIEWED,Global method-name inference removed; receiver family review still required
app/services/ceri/controlled_replay_service.py:CeriControlledReplayService.replay,scripts/qa/t13d_configuration_benchmark.py:RulePreload.scalars,UNREVIEWED,Global method-name inference removed; receiver family review still required
app/services/ceri/controlled_replay_service.py:_build_replay_snapshot,app/services/core_effective_configuration.py:CoreEffectiveConfiguration.bind,CONFIRMED_CALL_GRAPH,Exact declared/imported/default source resolution: DECLARED_RECEIVER_OR_RETURN
app/services/ceri/controlled_replay_service.py:_build_replay_snapshot,app/services/fundamental_ranker_v2.py:FundamentalsV2Config.items,UNREVIEWED,Global method-name inference removed; receiver family review still required
app/services/ceri/controlled_replay_service.py:_certification,app/services/ceri/evidence_eligibility.py:EvidenceDispositionRequest.values,UNREVIEWED,Global method-name inference removed; receiver family review still required
app/services/ceri/controlled_replay_service.py:_certification,scripts/qa/t13d_configuration_benchmark.py:EmptyRuleRows.all,UNREVIEWED,Global method-name inference removed; receiver family review still required
app/services/ceri/controlled_replay_service.py:_certification,scripts/qa/t13d_configuration_benchmark.py:RulePreload.scalars,UNREVIEWED,Global method-name inference removed; receiver family review still required
app/services/ceri/controlled_replay_service.py:_freshness_days,app/services/fundamental_ranker_v2.py:FundamentalsV2Config.items,UNREVIEWED,Global method-name inference removed; receiver family review still required
app/services/ceri/controlled_replay_service.py:_freshness_days,scripts/qa/t13d_configuration_benchmark.py:EmptyRuleRows.all,UNREVIEWED,Global method-name inference removed; receiver family review still required
app/services/ceri/controlled_replay_service.py:_merge_opportunity,app/services/fundamental_ranker_v2.py:FundamentalsV2Config.items,UNREVIEWED,Global method-name inference removed; receiver family review still required
app/services/ceri/controlled_replay_service.py:_original_state_hash,app/services/canonical_evidence.py:CanonicalEvidenceSerializer.dumps,UNREVIEWED,Global method-name inference removed; receiver family review still required
app/services/ceri/controlled_replay_service.py:_original_state_hash,app/services/ceri/evidence_eligibility.py:EvidenceDispositionRequest.values,UNREVIEWED,Global method-name inference removed; receiver family review still required
app/services/ceri/controlled_replay_service.py:_replay_state_hash,app/services/canonical_evidence.py:CanonicalEvidenceSerializer.dumps,UNREVIEWED,Global method-name inference removed; receiver family review still required
app/services/ceri/decision_evidence.py:_normalize_db_datetime,app/services/fundamental_ranker_v2.py:FundamentalsV2Config.items,UNREVIEWED,Global method-name inference removed; receiver family review still required
app/services/ceri/decision_evidence.py:_required_rows,scripts/qa/t13d_configuration_benchmark.py:RulePreload.scalars,UNREVIEWED,Global method-name inference removed; receiver family review still required
app/services/ceri/decision_evidence.py:_rows_where,scripts/qa/t13d_configuration_benchmark.py:RulePreload.scalars,UNREVIEWED,Global method-name inference removed; receiver family review still required
app/services/ceri/decision_evidence.py:referenced_ceri_evidence_ids,scripts/qa/t13d_configuration_benchmark.py:RulePreload.scalars,UNREVIEWED,Global method-name inference removed; receiver family review still required
app/services/ceri/deployment_identity.py:build_deployment_identity,app/services/fundamental_ranker_v2.py:FundamentalsV2Config.items,UNREVIEWED,Global method-name inference removed; receiver family review still required
app/services/ceri/dtos.py:CeriFilters.as_query_params,app/services/fundamental_ranker_v2.py:FundamentalsV2Config.items,UNREVIEWED,Global method-name inference removed; receiver family review still required
app/services/ceri/event_risk_service.py:CeriEventRiskService.__init__,app/services/contextual_effective_configuration.py:ContextualEffectiveConfiguration.ceri_config,CONFIRMED_CALL_GRAPH,Exact declared/imported/default source resolution: DECLARED_RECEIVER_OR_RETURN
app/services/ceri/event_risk_service.py:CeriEventRiskService.calculate,app/services/ceri/evidence_eligibility.py:EvidenceDispositionRequest.values,UNREVIEWED,Global method-name inference removed; receiver family review still required
app/services/ceri/event_risk_service.py:CeriEventRiskService.calculate,app/services/fundamental_ranker_v2.py:FundamentalsV2Config.items,UNREVIEWED,Global method-name inference removed; receiver family review still required
app/services/ceri/evidence_eligibility.py:EvidenceDispositionRequest.values,app/services/canonical_evidence.py:CanonicalEvidenceSerializer.dumps,UNREVIEWED,Global method-name inference removed; receiver family review still required
app/services/ceri/evidence_eligibility.py:append_evidence_dispositions,app/services/ceri/evidence_eligibility.py:EvidenceDispositionRequest.values,UNREVIEWED,Global method-name inference removed; receiver family review still required
app/services/ceri/evidence_eligibility.py:append_evidence_dispositions,scripts/qa/t13d_configuration_benchmark.py:RulePreload.scalars,UNREVIEWED,Global method-name inference removed; receiver family review still required
app/services/ceri/evidence_eligibility.py:effective_disposition_by_snapshot,app/services/fundamental_ranker_v2.py:FundamentalsV2Config.items,UNREVIEWED,Global method-name inference removed; receiver family review still required
app/services/ceri/export_policy.py:CeriExportPolicyRegistry.__init__,app/services/fundamental_ranker_v2.py:FundamentalsV2Config.items,UNREVIEWED,Global method-name inference removed; receiver family review still required
app/services/ceri/export_policy.py:CeriExportPolicyRegistry.export_row,app/services/fundamental_ranker_v2.py:FundamentalsV2Config.items,UNREVIEWED,Global method-name inference removed; receiver family review still required
app/services/ceri/export_policy.py:CeriExportPolicyRegistry.mask,app/observability/logging.py:JsonLogFormatter.format,UNREVIEWED,Global method-name inference removed; receiver family review still required
app/services/ceri/export_policy.py:CeriExportPolicyRegistry.permitted_payload,app/services/fundamental_ranker_v2.py:FundamentalsV2Config.items,UNREVIEWED,Global method-name inference removed; receiver family review still required
app/services/ceri/export_service.py:CeriExportResult.to_json,app/services/canonical_evidence.py:CanonicalEvidenceSerializer.dumps,UNREVIEWED,Global method-name inference removed; receiver family review still required
app/services/ceri/export_service.py:_latest_snapshot_rows,app/services/ceri/evidence_eligibility.py:EvidenceDispositionRequest.values,UNREVIEWED,Global method-name inference removed; receiver family review still required
app/services/ceri/export_service.py:_load,scripts/qa/t13d_configuration_benchmark.py:EmptyRuleRows.all,UNREVIEWED,Global method-name inference removed; receiver family review still required
app/services/ceri/feature_flags.py:ceri_flags,app/services/ceri/feature_flags.py:CeriFeatureFlags.from_settings,CONFIRMED_CALL_GRAPH,Exact declared/imported/default source resolution: DECLARED_RECEIVER_OR_RETURN
app/services/ceri/feature_rebuild_service.py:CeriFeatureRebuildService._add_acceleration,app/services/ceri/revision_feature_service.py:CeriRevisionFeatureService.with_acceleration,CONFIRMED_CALL_GRAPH,Exact declared/imported/default source resolution: DECLARED_RECEIVER_OR_RETURN
app/services/ceri/feature_rebuild_service.py:CeriFeatureRebuildService._existing_output_fingerprint,app/services/fundamental_ranker_v2.py:FundamentalsV2Config.items,UNREVIEWED,Global method-name inference removed; receiver family review still required
app/services/ceri/feature_rebuild_service.py:CeriFeatureRebuildService._prospective_output_rows,app/services/ceri/evidence_eligibility.py:EvidenceDispositionRequest.values,UNREVIEWED,Global method-name inference removed; receiver family review still required
app/services/ceri/feature_rebuild_service.py:CeriFeatureRebuildService._prospective_output_rows,app/services/fundamental_ranker_v2.py:FundamentalsV2Config.items,UNREVIEWED,Global method-name inference removed; receiver family review still required
app/services/ceri/feature_rebuild_service.py:CeriFeatureRebuildService.prepare_batch,app/services/ceri/evidence_eligibility.py:EvidenceDispositionRequest.values,UNREVIEWED,Global method-name inference removed; receiver family review still required
app/services/ceri/feature_rebuild_service.py:_execute_upsert,app/services/ceri/evidence_eligibility.py:EvidenceDispositionRequest.values,UNREVIEWED,Global method-name inference removed; receiver family review still required
app/services/ceri/feature_rebuild_service.py:_json_safe,app/services/fundamental_ranker_v2.py:FundamentalsV2Config.items,UNREVIEWED,Global method-name inference removed; receiver family review still required
app/services/ceri/feature_rebuild_service.py:_latest_eligible_catalyst_revisions,app/services/ceri/evidence_eligibility.py:EvidenceDispositionRequest.values,UNREVIEWED,Global method-name inference removed; receiver family review still required
app/services/ceri/feature_rebuild_service.py:_merge_results,app/services/fundamental_ranker_v2.py:FundamentalsV2Config.items,UNREVIEWED,Global method-name inference removed; receiver family review still required
app/services/ceri/feature_rebuild_service.py:_scalars,scripts/qa/t13d_configuration_benchmark.py:EmptyRuleRows.all,UNREVIEWED,Global method-name inference removed; receiver family review still required
app/services/ceri/freshness_service.py:global_feed_freshness_from_runs,app/services/fundamental_ranker_v2.py:FundamentalsV2Config.items,UNREVIEWED,Global method-name inference removed; receiver family review still required
app/services/ceri/freshness_service.py:ticker_feed_coverage_from_runs,app/services/ceri/evidence_eligibility.py:EvidenceDispositionRequest.values,UNREVIEWED,Global method-name inference removed; receiver family review still required
app/services/ceri/freshness_service.py:ticker_feed_freshness_from_runs,app/services/fundamental_ranker_v2.py:FundamentalsV2Config.items,UNREVIEWED,Global method-name inference removed; receiver family review still required
app/services/ceri/identity_resolver.py:_load_aliases,scripts/qa/t13d_configuration_benchmark.py:EmptyRuleRows.all,UNREVIEWED,Global method-name inference removed; receiver family review still required
app/services/ceri/identity_resolver.py:_load_companies,scripts/qa/t13d_configuration_benchmark.py:EmptyRuleRows.all,UNREVIEWED,Global method-name inference removed; receiver family review still required
app/services/ceri/job_handlers.py:_load_rows,scripts/qa/t13d_configuration_benchmark.py:EmptyRuleRows.all,UNREVIEWED,Global method-name inference removed; receiver family review still required
app/services/ceri/job_handlers.py:_scope_key,app/services/canonical_evidence.py:CanonicalEvidenceSerializer.dumps,UNREVIEWED,Global method-name inference removed; receiver family review still required
app/services/ceri/normalization_service.py:_load,scripts/qa/t13d_configuration_benchmark.py:EmptyRuleRows.all,UNREVIEWED,Global method-name inference removed; receiver family review still required
app/services/ceri/normalization_service.py:_source_records,scripts/qa/t13d_configuration_benchmark.py:EmptyRuleRows.all,UNREVIEWED,Global method-name inference removed; receiver family review still required
app/services/ceri/observability.py:_bounded_tags,app/services/fundamental_ranker_v2.py:FundamentalsV2Config.items,UNREVIEWED,Global method-name inference removed; receiver family review still required
app/services/ceri/observability.py:ceri_log_payload,app/services/fundamental_ranker_v2.py:FundamentalsV2Config.items,UNREVIEWED,Global method-name inference removed; receiver family review still required
app/services/ceri/opportunity_score_service.py:CeriOpportunityScoreService.__init__,app/services/contextual_effective_configuration.py:ContextualEffectiveConfiguration.ceri_config,CONFIRMED_CALL_GRAPH,Exact declared/imported/default source resolution: DECLARED_RECEIVER_OR_RETURN
app/services/ceri/opportunity_score_service.py:_guidance_score,app/services/ceri/evidence_eligibility.py:EvidenceDispositionRequest.values,UNREVIEWED,Global method-name inference removed; receiver family review still required
app/services/ceri/opportunity_score_service.py:_guidance_score,app/services/fundamental_ranker_v2.py:FundamentalsV2Config.items,UNREVIEWED,Global method-name inference removed; receiver family review still required
app/services/ceri/orchestration.py:CeriIngestionService.ingest,app/services/canonical_evidence.py:CanonicalEvidenceSerializer.dumps,UNREVIEWED,Global method-name inference removed; receiver family review still required
app/services/ceri/orchestration.py:_record_provider_telemetry,app/services/fundamental_ranker_v2.py:FundamentalsV2Config.items,UNREVIEWED,Global method-name inference removed; receiver family review still required
app/services/ceri/point_in_time_query.py:CeriPointInTimeQuery.__init__,app/services/fundamental_ranker_v2.py:FundamentalsV2Config.items,UNREVIEWED,Global method-name inference removed; receiver family review still required
app/services/ceri/point_in_time_query.py:CeriPointInTimeQuery._load_snapshots,app/services/fundamental_ranker_v2.py:FundamentalsV2Config.items,UNREVIEWED,Global method-name inference removed; receiver family review still required
app/services/ceri/point_in_time_query.py:CeriPointInTimeQuery._load_snapshots,scripts/qa/t13d_configuration_benchmark.py:EmptyRuleRows.all,UNREVIEWED,Global method-name inference removed; receiver family review still required
app/services/ceri/price_response_service.py:CeriPriceResponseService.calculate,app/services/ceri/observability.py:CeriMetricRegistry.increment,UNREVIEWED,Global method-name inference removed; receiver family review still required
app/services/ceri/price_response_service.py:_scalars,scripts/qa/t13d_configuration_benchmark.py:EmptyRuleRows.all,UNREVIEWED,Global method-name inference removed; receiver family review still required
app/services/ceri/provider_conflict_service.py:CeriProviderConflictService.__init__,app/services/contextual_effective_configuration.py:ContextualEffectiveConfiguration.ceri_config,CONFIRMED_CALL_GRAPH,Exact declared/imported/default source resolution: DECLARED_RECEIVER_OR_RETURN
app/services/ceri/provider_cost_ledger.py:ProviderCostLedger.summarize,app/services/fundamental_ranker_v2.py:FundamentalsV2Config.items,UNREVIEWED,Global method-name inference removed; receiver family review still required
app/services/ceri/provider_registry.py:provider_storage_projection,app/services/fundamental_ranker_v2.py:FundamentalsV2Config.items,UNREVIEWED,Global method-name inference removed; receiver family review still required
app/services/ceri/providers/eodhd_client.py:EodhdHttpClient._decode_response,app/services/ceri/providers/eodhd_client.py:_BufferedResponse.read,UNREVIEWED,Global method-name inference removed; receiver family review still required
app/services/ceri/providers/eodhd_client.py:EodhdHttpClient._decode_response,app/services/fundamental_ranker_v2.py:FundamentalsV2Config.items,UNREVIEWED,Global method-name inference removed; receiver family review still required
app/services/ceri/providers/eodhd_client.py:EodhdHttpClient._urllib_transport,app/services/ceri/providers/eodhd_client.py:_BufferedResponse.read,UNREVIEWED,Global method-name inference removed; receiver family review still required
app/services/ceri/providers/manual_provider.py:_normalize_records,app/services/fundamental_ranker_v2.py:FundamentalsV2Config.items,UNREVIEWED,Global method-name inference removed; receiver family review still required
app/services/ceri/providers/manual_provider.py:_raw_provider_record,app/services/canonical_evidence.py:CanonicalEvidenceSerializer.dumps,UNREVIEWED,Global method-name inference removed; receiver family review still required
app/services/ceri/purge_service.py:CeriPurgeService.execute,app/services/ceri/observability.py:CeriMetricRegistry.increment,CONFIRMED_CALL_GRAPH,Exact declared/imported/default source resolution: DECLARED_RECEIVER_OR_RETURN
app/services/ceri/purge_service.py:CeriPurgeService.preview,app/services/ceri/observability.py:CeriMetricRegistry.increment,CONFIRMED_CALL_GRAPH,Exact declared/imported/default source resolution: DECLARED_RECEIVER_OR_RETURN
app/services/ceri/purge_service.py:_load,scripts/qa/t13d_configuration_benchmark.py:EmptyRuleRows.all,UNREVIEWED,Global method-name inference removed; receiver family review still required
app/services/ceri/purge_service.py:_manifest_hash,app/services/canonical_evidence.py:CanonicalEvidenceSerializer.dumps,UNREVIEWED,Global method-name inference removed; receiver family review still required
app/services/ceri/purge_service.py:_record_blocked,app/services/ceri/observability.py:CeriMetricRegistry.increment,CONFIRMED_CALL_GRAPH,Exact declared/imported/default source resolution: DECLARED_RECEIVER_OR_RETURN
app/services/ceri/query_service.py:CeriQueryService._change_page_context,app/services/ceri/evidence_eligibility.py:EvidenceDispositionRequest.values,UNREVIEWED,Global method-name inference removed; receiver family review still required
app/services/ceri/query_service.py:CeriQueryService._database_alerts,app/services/ceri/evidence_eligibility.py:EvidenceDispositionRequest.values,UNREVIEWED,Global method-name inference removed; receiver family review still required
app/services/ceri/query_service.py:CeriQueryService._database_alerts,scripts/profile_sec_performance.py:ProfilingSession.scalar,UNREVIEWED,Global method-name inference removed; receiver family review still required
app/services/ceri/query_service.py:CeriQueryService._database_alerts,scripts/qa/t13d_configuration_benchmark.py:EmptyRuleRows.all,UNREVIEWED,Global method-name inference removed; receiver family review still required
app/services/ceri/query_service.py:CeriQueryService._database_changes,scripts/profile_sec_performance.py:ProfilingSession.scalar,UNREVIEWED,Global method-name inference removed; receiver family review still required
app/services/ceri/query_service.py:CeriQueryService._database_changes,scripts/qa/t13d_configuration_benchmark.py:EmptyRuleRows.all,UNREVIEWED,Global method-name inference removed; receiver family review still required
app/services/ceri/query_service.py:CeriQueryService._database_operations_conflicts,scripts/profile_sec_performance.py:ProfilingSession.scalar,UNREVIEWED,Global method-name inference removed; receiver family review still required
app/services/ceri/query_service.py:CeriQueryService._database_operations_conflicts,scripts/qa/t13d_configuration_benchmark.py:EmptyRuleRows.all,UNREVIEWED,Global method-name inference removed; receiver family review still required
app/services/ceri/query_service.py:CeriQueryService._database_operations_conflicts,scripts/qa/t13d_configuration_benchmark.py:RulePreload.scalars,UNREVIEWED,Global method-name inference removed; receiver family review still required
app/services/ceri/query_service.py:CeriQueryService._database_operations_quarantine,scripts/profile_sec_performance.py:ProfilingSession.scalar,UNREVIEWED,Global method-name inference removed; receiver family review still required
app/services/ceri/query_service.py:CeriQueryService._database_operations_quarantine,scripts/qa/t13d_configuration_benchmark.py:EmptyRuleRows.all,UNREVIEWED,Global method-name inference removed; receiver family review still required
app/services/ceri/query_service.py:CeriQueryService._database_operations_quarantine,scripts/qa/t13d_configuration_benchmark.py:RulePreload.scalars,UNREVIEWED,Global method-name inference removed; receiver family review still required
app/services/ceri/query_service.py:CeriQueryService._database_operations_stale,app/services/fundamental_ranker_v2.py:FundamentalsV2Config.items,UNREVIEWED,Global method-name inference removed; receiver family review still required
app/services/ceri/query_service.py:CeriQueryService._database_operations_stale,scripts/profile_sec_performance.py:ProfilingSession.scalar,UNREVIEWED,Global method-name inference removed; receiver family review still required
app/services/ceri/query_service.py:CeriQueryService._database_operations_stale,scripts/qa/t13d_configuration_benchmark.py:EmptyRuleRows.all,UNREVIEWED,Global method-name inference removed; receiver family review still required
app/services/ceri/query_service.py:CeriQueryService._database_operations_stale,scripts/qa/t13d_configuration_benchmark.py:RulePreload.scalars,UNREVIEWED,Global method-name inference removed; receiver family review still required
app/services/ceri/query_service.py:CeriQueryService._database_operations_status,app/services/ceri/evidence_eligibility.py:EvidenceDispositionRequest.values,UNREVIEWED,Global method-name inference removed; receiver family review still required
app/services/ceri/query_service.py:CeriQueryService._database_operations_status,scripts/profile_sec_performance.py:ProfilingSession.scalar,UNREVIEWED,Global method-name inference removed; receiver family review still required
app/services/ceri/query_service.py:CeriQueryService._database_operations_status,scripts/qa/t13d_configuration_benchmark.py:EmptyRuleRows.all,UNREVIEWED,Global method-name inference removed; receiver family review still required
app/services/ceri/query_service.py:CeriQueryService._database_operations_status,scripts/qa/t13d_configuration_benchmark.py:RulePreload.scalars,UNREVIEWED,Global method-name inference removed; receiver family review still required
app/services/ceri/query_service.py:CeriQueryService._dataset_freshness,app/services/fundamental_ranker_v2.py:FundamentalsV2Config.items,UNREVIEWED,Global method-name inference removed; receiver family review still required
app/services/ceri/query_service.py:CeriQueryService._dataset_max_stale_days,app/services/fundamental_ranker_v2.py:FundamentalsV2Config.items,UNREVIEWED,Global method-name inference removed; receiver family review still required
app/services/ceri/query_service.py:CeriQueryService._filtered_snapshots,scripts/qa/t13d_configuration_benchmark.py:EmptyRuleRows.all,UNREVIEWED,Global method-name inference removed; receiver family review still required
app/services/ceri/query_service.py:CeriQueryService._filtered_snapshots,scripts/qa/t13d_configuration_benchmark.py:RulePreload.scalars,UNREVIEWED,Global method-name inference removed; receiver family review still required
app/services/ceri/query_service.py:CeriQueryService._snapshots_for_ids,scripts/qa/t13d_configuration_benchmark.py:EmptyRuleRows.all,UNREVIEWED,Global method-name inference removed; receiver family review still required
app/services/ceri/query_service.py:CeriQueryService._snapshots_for_ids,scripts/qa/t13d_configuration_benchmark.py:RulePreload.scalars,UNREVIEWED,Global method-name inference removed; receiver family review still required
app/services/ceri/query_service.py:CeriQueryService.alerts,app/services/ceri/evidence_eligibility.py:EvidenceDispositionRequest.values,UNREVIEWED,Global method-name inference removed; receiver family review still required
app/services/ceri/query_service.py:CeriQueryService.changes,app/services/ceri/evidence_eligibility.py:EvidenceDispositionRequest.values,UNREVIEWED,Global method-name inference removed; receiver family review still required
app/services/ceri/query_service.py:CeriQueryService.latest,app/services/ceri/evidence_eligibility.py:EvidenceDispositionRequest.values,UNREVIEWED,Global method-name inference removed; receiver family review still required
app/services/ceri/query_service.py:CeriQueryService.operations_stale,app/services/fundamental_ranker_v2.py:FundamentalsV2Config.items,UNREVIEWED,Global method-name inference removed; receiver family review still required
app/services/ceri/query_service.py:_alerts_for_ticker,scripts/qa/t13d_configuration_benchmark.py:EmptyRuleRows.all,UNREVIEWED,Global method-name inference removed; receiver family review still required
app/services/ceri/query_service.py:_alerts_for_ticker,scripts/qa/t13d_configuration_benchmark.py:RulePreload.scalars,UNREVIEWED,Global method-name inference removed; receiver family review still required
app/services/ceri/query_service.py:_database_change_predicates,app/services/fundamental_ranker_v2.py:FundamentalsV2Config.items,UNREVIEWED,Global method-name inference removed; receiver family review still required
app/services/ceri/query_service.py:_database_freshness_records,scripts/profile_sec_performance.py:ProfilingSession.scalar,UNREVIEWED,Global method-name inference removed; receiver family review still required
app/services/ceri/query_service.py:_database_freshness_records,scripts/qa/t13d_configuration_benchmark.py:EmptyRuleRows.all,UNREVIEWED,Global method-name inference removed; receiver family review still required
app/services/ceri/query_service.py:_database_freshness_records,scripts/qa/t13d_configuration_benchmark.py:RulePreload.scalars,UNREVIEWED,Global method-name inference removed; receiver family review still required
app/services/ceri/query_service.py:_database_stale_count,app/services/fundamental_ranker_v2.py:FundamentalsV2Config.items,UNREVIEWED,Global method-name inference removed; receiver family review still required
app/services/ceri/query_service.py:_database_stale_count,scripts/profile_sec_performance.py:ProfilingSession.scalar,UNREVIEWED,Global method-name inference removed; receiver family review still required
app/services/ceri/query_service.py:_entities_by_ids,scripts/qa/t13d_configuration_benchmark.py:EmptyRuleRows.all,UNREVIEWED,Global method-name inference removed; receiver family review still required
app/services/ceri/query_service.py:_entities_by_ids,scripts/qa/t13d_configuration_benchmark.py:RulePreload.scalars,UNREVIEWED,Global method-name inference removed; receiver family review still required
app/services/ceri/query_service.py:_event_timeline_for_company,scripts/qa/t13d_configuration_benchmark.py:EmptyRuleRows.all,UNREVIEWED,Global method-name inference removed; receiver family review still required
app/services/ceri/query_service.py:_event_timeline_for_company,scripts/qa/t13d_configuration_benchmark.py:RulePreload.scalars,UNREVIEWED,Global method-name inference removed; receiver family review still required
app/services/ceri/query_service.py:_evidence_diagnostics,scripts/qa/t13d_configuration_benchmark.py:EmptyRuleRows.all,UNREVIEWED,Global method-name inference removed; receiver family review still required
app/services/ceri/query_service.py:_evidence_diagnostics,scripts/qa/t13d_configuration_benchmark.py:RulePreload.scalars,UNREVIEWED,Global method-name inference removed; receiver family review still required
app/services/ceri/query_service.py:_excluded_referenced_snapshot_count,scripts/profile_sec_performance.py:ProfilingSession.scalar,UNREVIEWED,Global method-name inference removed; receiver family review still required
app/services/ceri/query_service.py:_grouped_counts,scripts/qa/t13d_configuration_benchmark.py:EmptyRuleRows.all,UNREVIEWED,Global method-name inference removed; receiver family review still required
app/services/ceri/query_service.py:_historical_snapshot_candidates,scripts/qa/t13d_configuration_benchmark.py:EmptyRuleRows.all,UNREVIEWED,Global method-name inference removed; receiver family review still required
app/services/ceri/query_service.py:_historical_snapshot_candidates,scripts/qa/t13d_configuration_benchmark.py:RulePreload.scalars,UNREVIEWED,Global method-name inference removed; receiver family review still required
app/services/ceri/query_service.py:_latest_snapshot_ids_by_company,app/services/fundamental_ranker_v2.py:FundamentalsV2Config.items,UNREVIEWED,Global method-name inference removed; receiver family review still required
app/services/ceri/query_service.py:_load,scripts/qa/t13d_configuration_benchmark.py:EmptyRuleRows.all,UNREVIEWED,Global method-name inference removed; receiver family review still required
app/services/ceri/query_service.py:_next_event_summary,scripts/qa/t13d_configuration_benchmark.py:EmptyRuleRows.all,UNREVIEWED,Global method-name inference removed; receiver family review still required
app/services/ceri/query_service.py:_next_event_summary,scripts/qa/t13d_configuration_benchmark.py:RulePreload.scalars,UNREVIEWED,Global method-name inference removed; receiver family review still required
app/services/ceri/query_service.py:_operations_deployments,scripts/qa/t13d_configuration_benchmark.py:EmptyRuleRows.all,UNREVIEWED,Global method-name inference removed; receiver family review still required
app/services/ceri/query_service.py:_operations_errors,scripts/qa/t13d_configuration_benchmark.py:EmptyRuleRows.all,UNREVIEWED,Global method-name inference removed; receiver family review still required
app/services/ceri/query_service.py:_provider_cost_summary,scripts/qa/t13d_configuration_benchmark.py:EmptyRuleRows.all,UNREVIEWED,Global method-name inference removed; receiver family review still required
app/services/ceri/query_service.py:_revision_lineage_audits,app/services/ceri/evidence_eligibility.py:EvidenceDispositionRequest.values,UNREVIEWED,Global method-name inference removed; receiver family review still required
app/services/ceri/query_service.py:_revision_lineage_audits,scripts/qa/t13d_configuration_benchmark.py:EmptyRuleRows.all,UNREVIEWED,Global method-name inference removed; receiver family review still required
app/services/ceri/query_service.py:_revision_lineage_audits,scripts/qa/t13d_configuration_benchmark.py:RulePreload.scalars,UNREVIEWED,Global method-name inference removed; receiver family review still required
app/services/ceri/query_service.py:_rows_for_company,scripts/qa/t13d_configuration_benchmark.py:EmptyRuleRows.all,UNREVIEWED,Global method-name inference removed; receiver family review still required
app/services/ceri/query_service.py:_rows_for_company,scripts/qa/t13d_configuration_benchmark.py:RulePreload.scalars,UNREVIEWED,Global method-name inference removed; receiver family review still required
app/services/ceri/query_service.py:_snapshot_freshness,app/services/fundamental_ranker_v2.py:FundamentalsV2Config.items,CONFIRMED_CALL_GRAPH,Exact declared/imported/default source resolution: LOCAL_DEFAULT_IMPLEMENTATION
app/services/ceri/query_service.py:_snapshot_freshness,scripts/qa/t13d_configuration_benchmark.py:EmptyRuleRows.all,UNREVIEWED,Global method-name inference removed; receiver family review still required
app/services/ceri/query_service.py:_snapshot_freshness,scripts/qa/t13d_configuration_benchmark.py:RulePreload.scalars,UNREVIEWED,Global method-name inference removed; receiver family review still required
app/services/ceri/query_service.py:_snapshot_read_context,app/services/fundamental_ranker_v2.py:FundamentalsV2Config.items,UNREVIEWED,Global method-name inference removed; receiver family review still required
app/services/ceri/query_service.py:_snapshot_read_context,scripts/qa/t13d_configuration_benchmark.py:EmptyRuleRows.all,UNREVIEWED,Global method-name inference removed; receiver family review still required
app/services/ceri/query_service.py:_snapshot_read_context,scripts/qa/t13d_configuration_benchmark.py:RulePreload.scalars,UNREVIEWED,Global method-name inference removed; receiver family review still required
app/services/ceri/query_service.py:_snapshot_reproduction_failure_count,scripts/profile_sec_performance.py:ProfilingSession.scalar,UNREVIEWED,Global method-name inference removed; receiver family review still required
app/services/ceri/query_service.py:_snapshot_reproduction_failure_count,scripts/qa/t13d_configuration_benchmark.py:RulePreload.scalars,UNREVIEWED,Global method-name inference removed; receiver family review still required
app/services/ceri/query_service.py:_stable_hash,app/services/canonical_evidence.py:CanonicalEvidenceSerializer.dumps,UNREVIEWED,Global method-name inference removed; receiver family review still required
app/services/ceri/revision_feature_service.py:CeriRevisionFeatureService.aggregate_revision_strength,app/services/fundamental_ranker_v2.py:FundamentalsV2Config.items,UNREVIEWED,Global method-name inference removed; receiver family review still required
app/services/ceri/sec/client.py:SecEdgarClient._request,app/services/ceri/sec/client.py:_BufferedResponse.read,UNREVIEWED,Global method-name inference removed; receiver family review still required
app/services/ceri/sec/client.py:SecEdgarClient._request,app/services/fundamental_ranker_v2.py:FundamentalsV2Config.items,UNREVIEWED,Global method-name inference removed; receiver family review still required
app/services/ceri/sec/client.py:SecEdgarClient._urllib_transport,app/services/ceri/sec/client.py:_BufferedResponse.read,UNREVIEWED,Global method-name inference removed; receiver family review still required
app/services/ceri/sec/client.py:_payload_bytes,app/services/canonical_evidence.py:CanonicalEvidenceSerializer.dumps,UNREVIEWED,Global method-name inference removed; receiver family review still required
app/services/ceri/sec/content_cache.py:SecDocumentContentCache.load,app/services/ceri/sec/client.py:_BufferedResponse.read,UNREVIEWED,Global method-name inference removed; receiver family review still required
app/services/ceri/sec/guidance_extractor.py:_column_table_rows,app/services/ceri/estimate_deduplicator.py:CeriEstimateDeduplicator.group,UNREVIEWED,Global method-name inference removed; receiver family review still required
app/services/ceri/sec/guidance_extractor.py:_numbers,app/services/ceri/estimate_deduplicator.py:CeriEstimateDeduplicator.group,UNREVIEWED,Global method-name inference removed; receiver family review still required
app/services/ceri/sec/guidance_extractor.py:_parse_guidance_rows,app/services/ceri/estimate_deduplicator.py:CeriEstimateDeduplicator.group,UNREVIEWED,Global method-name inference removed; receiver family review still required
app/services/ceri/sec/guidance_extractor.py:_unitedhealth_eps_rows,app/services/ceri/estimate_deduplicator.py:CeriEstimateDeduplicator.group,UNREVIEWED,Global method-name inference removed; receiver family review still required
app/services/ceri/sec/identity_repair.py:resolve_and_persist_sec_identity,scripts/qa/t13d_configuration_benchmark.py:EmptyRuleRows.all,UNREVIEWED,Global method-name inference removed; receiver family review still required
app/services/ceri/sec/identity_repair.py:resolve_and_persist_sec_identity,scripts/qa/t13d_configuration_benchmark.py:RulePreload.scalars,UNREVIEWED,Global method-name inference removed; receiver family review still required
app/services/ceri/sec/incremental_ingestion.py:SecGuidanceIncrementalIngestionService._resolve_and_persist_cik,scripts/qa/t13d_configuration_benchmark.py:EmptyRuleRows.all,UNREVIEWED,Global method-name inference removed; receiver family review still required
app/services/ceri/sec/incremental_ingestion.py:SecGuidanceIncrementalIngestionService._resolve_and_persist_cik,scripts/qa/t13d_configuration_benchmark.py:RulePreload.scalars,UNREVIEWED,Global method-name inference removed; receiver family review still required
app/services/ceri/sec/processor_capability.py:evaluate_sec_processor_capability,scripts/qa/t13d_configuration_benchmark.py:EmptyRuleRows.all,UNREVIEWED,Global method-name inference removed; receiver family review still required
app/services/ceri/sec/processor_capability.py:evaluate_sec_processor_capability,scripts/qa/t13d_configuration_benchmark.py:RulePreload.scalars,UNREVIEWED,Global method-name inference removed; receiver family review still required
app/services/ceri/sec/processor_lifecycle.py:lifecycle_state,scripts/qa/t13d_configuration_benchmark.py:EmptyRuleRows.all,UNREVIEWED,Global method-name inference removed; receiver family review still required
app/services/ceri/sec/processor_lifecycle.py:lifecycle_state,scripts/qa/t13d_configuration_benchmark.py:RulePreload.scalars,UNREVIEWED,Global method-name inference removed; receiver family review still required
app/services/ceri/sec/processor_lifecycle.py:promote_processor,scripts/qa/t13d_configuration_benchmark.py:EmptyRuleRows.all,UNREVIEWED,Global method-name inference removed; receiver family review still required
app/services/ceri/sec/processor_lifecycle.py:promote_processor,scripts/qa/t13d_configuration_benchmark.py:RulePreload.scalars,UNREVIEWED,Global method-name inference removed; receiver family review still required
app/services/ceri/sec/provider.py:SecCeriProvider.resolve_cik_candidates,app/services/fundamental_ranker_v2.py:FundamentalsV2Config.items,UNREVIEWED,Global method-name inference removed; receiver family review still required
app/services/ceri/sec/readiness_diagnostics.py:diagnose_sec_readiness,scripts/qa/t13d_configuration_benchmark.py:EmptyRuleRows.all,UNREVIEWED,Global method-name inference removed; receiver family review still required
app/services/ceri/sec/readiness_diagnostics.py:diagnose_sec_readiness,scripts/qa/t13d_configuration_benchmark.py:RulePreload.scalars,UNREVIEWED,Global method-name inference removed; receiver family review still required
app/services/ceri/sec/readiness_repair.py:_reset_pipeline_step,scripts/profile_sec_performance.py:ProfilingSession.scalar,UNREVIEWED,Global method-name inference removed; receiver family review still required
app/services/ceri/sec/readiness_repair.py:_tickers_for_run,scripts/qa/t13d_configuration_benchmark.py:RulePreload.scalars,UNREVIEWED,Global method-name inference removed; receiver family review still required
app/services/ceri/sec/readiness_repair.py:_unresolved_message,app/services/fundamental_ranker_v2.py:FundamentalsV2Config.items,UNREVIEWED,Global method-name inference removed; receiver family review still required
app/services/ceri/sec/readiness_repair.py:_update_progress,app/services/fundamental_ranker_v2.py:FundamentalsV2Config.items,UNREVIEWED,Global method-name inference removed; receiver family review still required
app/services/ceri/sec/readiness_repair.py:_validation_step,scripts/profile_sec_performance.py:ProfilingSession.scalar,UNREVIEWED,Global method-name inference removed; receiver family review still required
app/services/ceri/sec/readiness_repair.py:execute_sec_readiness_repair,app/services/ceri/sec/readiness_repair.py:SecRepairTelemetry.add_ingestion,CONFIRMED_CALL_GRAPH,Exact declared/imported/default source resolution: LOCAL_DEFAULT_IMPLEMENTATION
app/services/ceri/sec/readiness_repair.py:execute_sec_readiness_repair,app/services/ceri/sec/readiness_repair.py:SecRepairTelemetry.from_pipeline,CONFIRMED_CALL_GRAPH,Exact declared/imported/default source resolution: DECLARED_RECEIVER_OR_RETURN
app/services/ceri/sec/readiness_repair.py:execute_sec_readiness_repair,app/services/ceri/sec/readiness_repair.py:SecRepairTelemetry.update_client,CONFIRMED_CALL_GRAPH,Exact declared/imported/default source resolution: LOCAL_DEFAULT_IMPLEMENTATION
app/services/ceri/sec/readiness_repair.py:execute_sec_readiness_repair,app/services/fundamental_ranker_v2.py:FundamentalsV2Config.items,UNREVIEWED,Global method-name inference removed; receiver family review still required
app/services/ceri/sec/readiness_repair.py:mark_sec_repair_failure,scripts/profile_sec_performance.py:ProfilingSession.scalar,UNREVIEWED,Global method-name inference removed; receiver family review still required
app/services/ceri/sec/state_service.py:SecDocumentStateService.certify_bootstrap,app/services/fundamental_ranker_v2.py:FundamentalsV2Config.items,UNREVIEWED,Global method-name inference removed; receiver family review still required
app/services/ceri/sec/state_service.py:SecDocumentStateService.certify_bootstrap,scripts/profile_sec_performance.py:ProfilingSession.scalar,UNREVIEWED,Global method-name inference removed; receiver family review still required
app/services/ceri/sec/state_service.py:SecDocumentStateService.extraction,scripts/profile_sec_performance.py:ProfilingSession.scalar,UNREVIEWED,Global method-name inference removed; receiver family review still required
app/services/ceri/sec/state_service.py:SecDocumentStateService.has_prior_bootstrap_signature,scripts/profile_sec_performance.py:ProfilingSession.scalar,UNREVIEWED,Global method-name inference removed; receiver family review still required
app/services/ceri/sec/state_service.py:SecDocumentStateService.is_bootstrap_certified,scripts/profile_sec_performance.py:ProfilingSession.scalar,UNREVIEWED,Global method-name inference removed; receiver family review still required
app/services/ceri/sec/state_service.py:SecDocumentStateService.register_document,scripts/profile_sec_performance.py:ProfilingSession.scalar,UNREVIEWED,Global method-name inference removed; receiver family review still required
app/services/ceri/snapshot_service.py:CeriSnapshotService.__init__,app/services/contextual_effective_configuration.py:ContextualEffectiveConfiguration.ceri_config,CONFIRMED_CALL_GRAPH,Exact declared/imported/default source resolution: DEFAULT_IMPLEMENTATION
app/services/ceri/snapshot_service.py:CeriSnapshotService.__init__,app/services/core_effective_configuration.py:CoreEffectiveConfiguration.require_retry_identity,CONFIRMED_CALL_GRAPH,Exact declared/imported/default source resolution: DECLARED_RECEIVER_OR_RETURN
app/services/ceri/snapshot_service.py:_canonical_json_value,app/services/fundamental_ranker_v2.py:FundamentalsV2Config.items,UNREVIEWED,Global method-name inference removed; receiver family review still required
app/services/ceri/snapshot_service.py:_legacy_evidence_hash,app/services/canonical_evidence.py:CanonicalEvidenceSerializer.dumps,UNREVIEWED,Global method-name inference removed; receiver family review still required
app/services/ceri/source_record_service.py:CeriSourceRecordService.create_ingestion_run,app/services/ceri/observability.py:CeriMetricRegistry.increment,CONFIRMED_CALL_GRAPH,Exact declared/imported/default source resolution: DECLARED_RECEIVER_OR_RETURN
app/services/ceri/source_record_service.py:CeriSourceRecordService.finish_ingestion_run,app/services/ceri/observability.py:CeriMetricRegistry.increment,CONFIRMED_CALL_GRAPH,Exact declared/imported/default source resolution: DECLARED_RECEIVER_OR_RETURN
app/services/ceri/source_record_service.py:CeriSourceRecordService.finish_ingestion_run,app/services/ceri/observability.py:CeriMetricRegistry.observe,CONFIRMED_CALL_GRAPH,Exact declared/imported/default source resolution: DECLARED_RECEIVER_OR_RETURN
app/services/ceri/source_record_service.py:CeriSourceRecordService.store_source_record,app/services/ceri/observability.py:CeriMetricRegistry.increment,CONFIRMED_CALL_GRAPH,Exact declared/imported/default source resolution: DECLARED_RECEIVER_OR_RETURN
app/services/ceri/source_record_service.py:_json_safe,app/services/fundamental_ranker_v2.py:FundamentalsV2Config.items,UNREVIEWED,Global method-name inference removed; receiver family review still required
app/services/ceri/validation_service.py:_supports,app/services/ceri/dtos.py:ProviderCapabilities.supports,CONFIRMED_CALL_GRAPH,Exact declared/imported/default source resolution: DECLARED_RECEIVER_OR_RETURN
app/services/certification_runtime.py:_authorized_parent_exists,scripts/profile_sec_performance.py:ProfilingSession.scalar,UNREVIEWED,Global method-name inference removed; receiver family review still required
app/services/certification_runtime.py:certification_claimable_job_ids,scripts/qa/t13d_configuration_benchmark.py:EmptyRuleRows.all,UNREVIEWED,Global method-name inference removed; receiver family review still required
app/services/certification_runtime.py:certification_claimable_job_ids,scripts/qa/t13d_configuration_benchmark.py:RulePreload.scalars,UNREVIEWED,Global method-name inference removed; receiver family review still required
app/services/certification_runtime.py:queue_isolation_status,scripts/profile_sec_performance.py:ProfilingSession.scalar,UNREVIEWED,Global method-name inference removed; receiver family review still required
app/services/chart_data_service.py:build_ticker_chart_payload,scripts/profile_sec_performance.py:ProfilingSession.scalar,UNREVIEWED,Global method-name inference removed; receiver family review still required
app/services/cleanup_service.py:_file_candidates,app/services/ceri/effective_session_service.py:CeriEffectiveSessionService.resolve,UNREVIEWED,Global method-name inference removed; receiver family review still required
app/services/cleanup_service.py:_load_terminal_jobs,scripts/qa/t13d_configuration_benchmark.py:EmptyRuleRows.all,UNREVIEWED,Global method-name inference removed; receiver family review still required
app/services/cleanup_service.py:_referenced_upload_paths,app/services/ceri/effective_session_service.py:CeriEffectiveSessionService.resolve,UNREVIEWED,Global method-name inference removed; receiver family review still required
app/services/cleanup_service.py:_referenced_upload_paths,scripts/qa/t13d_configuration_benchmark.py:EmptyRuleRows.all,UNREVIEWED,Global method-name inference removed; receiver family review still required
app/services/column_mapper.py:_canonicalize_row,app/services/fundamental_ranker_v2.py:FundamentalsV2Config.items,UNREVIEWED,Global method-name inference removed; receiver family review still required
app/services/column_mapper.py:load_alias_map,app/services/fundamental_ranker_v2.py:FundamentalsV2Config.items,UNREVIEWED,Global method-name inference removed; receiver family review still required
app/services/column_mapper.py:map_csv_rows,app/services/fundamental_ranker_v2.py:FundamentalsV2Config.items,UNREVIEWED,Global method-name inference removed; receiver family review still required
app/services/column_mapper.py:map_csv_rows,app/services/setup_lifecycle/signal_registry.py:SignalDefinitionRegistry.keys,UNREVIEWED,Global method-name inference removed; receiver family review still required
app/services/column_mapping_summary_service.py:_alias_lookup,app/services/fundamental_ranker_v2.py:FundamentalsV2Config.items,UNREVIEWED,Global method-name inference removed; receiver family review still required
app/services/column_mapping_summary_service.py:_component_by_field,app/services/fundamental_ranker_v2.py:FundamentalsV2Config.items,UNREVIEWED,Global method-name inference removed; receiver family review still required
app/services/column_mapping_summary_service.py:_priority_by_field,app/services/fundamental_ranker_v2.py:FundamentalsV2Config.items,UNREVIEWED,Global method-name inference removed; receiver family review still required
app/services/combined_decision.py:_combined_debug_evidence,app/services/fundamental_ranker_v2.py:FundamentalsV2Config.items,UNREVIEWED,Global method-name inference removed; receiver family review still required
app/services/combined_decision.py:_fundamentals_for_run,scripts/qa/t13d_configuration_benchmark.py:RulePreload.scalars,UNREVIEWED,Global method-name inference removed; receiver family review still required
app/services/combined_decision.py:_raw_earnings_value_present,app/services/fundamental_ranker_v2.py:FundamentalsV2Config.items,UNREVIEWED,Global method-name inference removed; receiver family review still required
app/services/combined_decision.py:_require_single_combined_context,app/services/calculation_identity.py:CalculationIdentityCompatibility.diagnostic,UNREVIEWED,Global method-name inference removed; receiver family review still required
app/services/combined_decision.py:_rows_for_run,scripts/qa/t13d_configuration_benchmark.py:RulePreload.scalars,UNREVIEWED,Global method-name inference removed; receiver family review still required
app/services/combined_decision.py:_stable_hash,app/services/canonical_evidence.py:CanonicalEvidenceSerializer.dumps,UNREVIEWED,Global method-name inference removed; receiver family review still required
app/services/combined_decision.py:_technicals_for_run,scripts/qa/t13d_configuration_benchmark.py:RulePreload.scalars,UNREVIEWED,Global method-name inference removed; receiver family review still required
app/services/combined_decision.py:_validate_explicit_pipeline_context,app/services/calculation_identity.py:CalculationIdentityCompatibility.diagnostic,UNREVIEWED,Global method-name inference removed; receiver family review still required
app/services/combined_decision.py:refresh_combined_results,scripts/certify_technical_artifact_cache.py:main.SinkDb.add_all,UNREVIEWED,Global method-name inference removed; receiver family review still required
app/services/combined_ranking_identity.py:_expected_ibmi_identity,app/services/core_effective_configuration.py:CoreEffectiveConfiguration.bind,CONFIRMED_CALL_GRAPH,Exact declared/imported/default source resolution: DECLARED_RECEIVER_OR_RETURN
app/services/combined_ranking_identity.py:_required_source_diagnostics,app/services/fundamental_ranker_v2.py:FundamentalsV2Config.items,UNREVIEWED,Global method-name inference removed; receiver family review still required
app/services/configuration_delivery.py:anchor_fingerprint,app/services/fundamental_ranker_v2.py:FundamentalsV2Config.items,UNREVIEWED,Global method-name inference removed; receiver family review still required
app/services/configuration_delivery.py:configuration_delivery_scope,app/observability/metrics.py:PrometheusMetrics.reset,UNREVIEWED,Global method-name inference removed; receiver family review still required
app/services/configuration_delivery.py:configuration_for_winner_generation,app/services/decision_effective_configuration.py:DecisionEffectiveConfiguration.winner_config,UNREVIEWED,Global method-name inference removed; receiver family review still required
app/services/configuration_delivery.py:delivered_native,app/services/decision_effective_configuration.py:DecisionEffectiveConfiguration.setup_config,UNREVIEWED,Global method-name inference removed; receiver family review still required
app/services/configuration_delivery.py:delivered_native,app/services/decision_effective_configuration.py:DecisionEffectiveConfiguration.winner_config,UNREVIEWED,Global method-name inference removed; receiver family review still required
app/services/configuration_delivery.py:delivered_native,app/services/fundamental_ranker_v2.py:FundamentalsV2Config.items,UNREVIEWED,Global method-name inference removed; receiver family review still required
app/services/configuration_delivery.py:load_configuration_delivery,app/services/fundamental_ranker_v2.py:FundamentalsV2Config.items,UNREVIEWED,Global method-name inference removed; receiver family review still required
app/services/configuration_delivery.py:load_configuration_delivery,scripts/qa/t13d_configuration_benchmark.py:EmptyRuleRows.all,UNREVIEWED,Global method-name inference removed; receiver family review still required
app/services/configuration_delivery.py:load_configuration_delivery,scripts/qa/t13d_configuration_benchmark.py:RulePreload.scalars,UNREVIEWED,Global method-name inference removed; receiver family review still required
app/services/configuration_delivery.py:persist_configuration_anchor,app/services/fundamental_ranker_v2.py:FundamentalsV2Config.items,UNREVIEWED,Global method-name inference removed; receiver family review still required
app/services/configuration_delivery.py:resolve_pipeline_configurations,app/services/fundamental_ranker_v2.py:FundamentalsV2Config.items,UNREVIEWED,Global method-name inference removed; receiver family review still required
app/services/configuration_delivery.py:resolve_pipeline_configurations,app/services/ib_market_intelligence/config.py:IBMarketIntelligenceConfig.section,UNREVIEWED,Global method-name inference removed; receiver family review still required
app/services/configuration_delivery.py:resolve_pipeline_configurations,scripts/qa/t13d_configuration_benchmark.py:EmptyRuleRows.all,UNREVIEWED,Global method-name inference removed; receiver family review still required
app/services/configuration_delivery.py:resolve_pipeline_configurations,scripts/qa/t13d_configuration_benchmark.py:RulePreload.scalars,UNREVIEWED,Global method-name inference removed; receiver family review still required
app/services/configuration_delivery.py:validate_anchor,app/services/fundamental_ranker_v2.py:FundamentalsV2Config.items,UNREVIEWED,Global method-name inference removed; receiver family review still required
app/services/configuration_source_values.py:configuration_leaves,app/services/fundamental_ranker_v2.py:FundamentalsV2Config.items,UNREVIEWED,Global method-name inference removed; receiver family review still required
app/services/contextual_calculation_identity.py:build_ibmi_feature_identity,app/services/core_effective_configuration.py:CoreEffectiveConfiguration.bind,UNREVIEWED,Global method-name inference removed; receiver family review still required
app/services/contextual_calculation_identity.py:contextual_compatibility,app/services/fundamental_ranker_v2.py:FundamentalsV2Config.items,UNREVIEWED,Global method-name inference removed; receiver family review still required
app/services/contextual_calculation_identity.py:expected_ibmi_identity,app/services/core_effective_configuration.py:CoreEffectiveConfiguration.bind,UNREVIEWED,Global method-name inference removed; receiver family review still required
app/services/contextual_calculation_identity.py:expected_regime_identity,app/services/core_effective_configuration.py:CoreEffectiveConfiguration.bind,UNREVIEWED,Global method-name inference removed; receiver family review still required
app/services/contextual_calculation_identity.py:expected_sector_identity,app/services/core_effective_configuration.py:CoreEffectiveConfiguration.bind,UNREVIEWED,Global method-name inference removed; receiver family review still required
app/services/contextual_calculation_identity.py:pipeline_id_for_cutoff,scripts/profile_sec_performance.py:ProfilingSession.scalar,UNREVIEWED,Global method-name inference removed; receiver family review still required
app/services/contextual_effective_configuration.py:ContextualEffectiveConfiguration.require_family,app/services/fundamental_ranker_v2.py:FundamentalsV2Config.items,UNREVIEWED,Global method-name inference removed; receiver family review still required
app/services/contextual_effective_configuration.py:_feature_display,app/services/fundamental_ranker_v2.py:FundamentalsV2Config.items,UNREVIEWED,Global method-name inference removed; receiver family review still required
app/services/contextual_effective_configuration.py:_restore,app/services/fundamental_ranker_v2.py:FundamentalsV2Config.items,UNREVIEWED,Global method-name inference removed; receiver family review still required
app/services/contextual_effective_configuration.py:ceri_calculation_values,app/services/canonical_evidence.py:CanonicalEvidenceSerializer.dumps,UNREVIEWED,Global method-name inference removed; receiver family review still required
app/services/contextual_effective_configuration.py:resolve_ibmi_configuration,app/services/ib_market_intelligence/config.py:IBMarketIntelligenceConfig.section,UNREVIEWED,Global method-name inference removed; receiver family review still required
app/services/contextual_effective_configuration.py:resolve_sector_configuration,app/services/fundamental_ranker_v2.py:FundamentalsV2Config.items,UNREVIEWED,Global method-name inference removed; receiver family review still required
app/services/core_calculation_evidence.py:_advance_current_projection,scripts/profile_sec_performance.py:ProfilingSession.scalar,UNREVIEWED,Global method-name inference removed; receiver family review still required
app/services/core_calculation_evidence.py:get_current_evidence,scripts/profile_sec_performance.py:ProfilingSession.scalar,UNREVIEWED,Global method-name inference removed; receiver family review still required
app/services/core_calculation_evidence.py:get_evidence_for_identity,scripts/qa/t13d_configuration_benchmark.py:RulePreload.scalars,UNREVIEWED,Global method-name inference removed; receiver family review still required
app/services/core_calculation_evidence.py:normalize_configuration_business_payload,app/services/fundamental_ranker_v2.py:FundamentalsV2Config.items,UNREVIEWED,Global method-name inference removed; receiver family review still required
app/services/core_calculation_evidence.py:persist_core_evidence,app/services/fundamental_ranker_v2.py:FundamentalsV2Config.items,UNREVIEWED,Global method-name inference removed; receiver family review still required
app/services/core_calculation_evidence.py:persist_core_evidence,scripts/profile_sec_performance.py:ProfilingSession.scalar,UNREVIEWED,Global method-name inference removed; receiver family review still required
app/services/core_effective_configuration.py:CoreEffectiveConfiguration.require_family,app/services/setup_lifecycle/signal_registry.py:SignalDefinitionRegistry.keys,UNREVIEWED,Global method-name inference removed; receiver family review still required
app/services/core_effective_configuration.py:_decode,app/services/fundamental_ranker_v2.py:FundamentalsV2Config.items,UNREVIEWED,Global method-name inference removed; receiver family review still required
app/services/csv_export.py:sanitize_csv_cell,app/services/canonical_evidence.py:CanonicalEvidenceSerializer.dumps,UNREVIEWED,Global method-name inference removed; receiver family review still required
app/services/csv_export.py:write_csv,app/services/ceri/observability.py:CeriMetricRegistry.increment,UNREVIEWED,Global method-name inference removed; receiver family review still required
app/services/decision_effective_configuration.py:_setup_values,app/services/canonical_evidence.py:CanonicalEvidenceSerializer.dumps,UNREVIEWED,Global method-name inference removed; receiver family review still required
app/services/decision_effective_configuration.py:freeze_decision_configuration,app/services/canonical_evidence.py:CanonicalEvidenceSerializer.dumps,UNREVIEWED,Global method-name inference removed; receiver family review still required
app/services/decision_effective_configuration.py:resolve_ceri_decision_configuration,app/services/canonical_evidence.py:CanonicalEvidenceSerializer.dumps,UNREVIEWED,Global method-name inference removed; receiver family review still required
app/services/decision_effective_configuration.py:resolve_winner_configuration,app/services/canonical_evidence.py:CanonicalEvidenceSerializer.dumps,UNREVIEWED,Global method-name inference removed; receiver family review still required
app/services/decision_effective_configuration.py:winner_outcome_reference_configuration,app/services/decision_effective_configuration.py:DecisionEffectiveConfiguration._adapter_source,UNREVIEWED,Global method-name inference removed; receiver family review still required
app/services/decision_effective_configuration.py:winner_outcome_reference_configuration,app/services/decision_effective_configuration.py:DecisionEffectiveConfiguration._adapter_sources,UNREVIEWED,Global method-name inference removed; receiver family review still required
app/services/domain_mutation.py:validate_mutation_context,app/services/fundamental_ranker_v2.py:FundamentalsV2Config.items,UNREVIEWED,Global method-name inference removed; receiver family review still required
app/services/domain_write_fence.py:fence_domain_commits,app/observability/metrics.py:PrometheusMetrics.reset,UNREVIEWED,Global method-name inference removed; receiver family review still required
app/services/earnings_risk_service.py:_merged_config,app/services/fundamental_ranker_v2.py:FundamentalsV2Config.items,UNREVIEWED,Global method-name inference removed; receiver family review still required
app/services/effective_configuration.py:ConfigurationEntry.__init__,app/services/fundamental_ranker_v2.py:FundamentalsV2Config.items,UNREVIEWED,Global method-name inference removed; receiver family review still required
app/services/effective_configuration.py:_value,app/services/fundamental_ranker_v2.py:FundamentalsV2Config.items,UNREVIEWED,Global method-name inference removed; receiver family review still required
app/services/effective_configuration_families.py:resolve_ranking_profile,app/services/fundamental_ranker_v2.py:FundamentalsV2Config.items,UNREVIEWED,Global method-name inference removed; receiver family review still required
app/services/effective_configuration_families.py:snapshot_regime_configuration,app/services/fundamental_ranker_v2.py:FundamentalsV2Config.items,UNREVIEWED,Global method-name inference removed; receiver family review still required
app/services/export_service.py:_raw_row,app/services/canonical_evidence.py:CanonicalEvidenceSerializer.dumps,UNREVIEWED,Global method-name inference removed; receiver family review still required
app/services/fundamental_coverage_service.py:_missing_by_priority,app/services/fundamental_ranker_v2.py:FundamentalsV2Config.items,UNREVIEWED,Global method-name inference removed; receiver family review still required
app/services/fundamental_coverage_service.py:calculate_coverage_v2,app/services/fundamental_ranker_v2.py:FundamentalsV2Config.items,UNREVIEWED,Global method-name inference removed; receiver family review still required
app/services/fundamental_ranker.py:_parse_diagnostics,app/services/fundamental_ranker_v2.py:FundamentalsV2Config.items,UNREVIEWED,Global method-name inference removed; receiver family review still required
app/services/fundamental_ranker.py:_weighted_score,app/services/fundamental_ranker_v2.py:FundamentalsV2Config.items,UNREVIEWED,Global method-name inference removed; receiver family review still required
app/services/fundamental_ranker.py:score_row,app/services/setup_lifecycle/signal_registry.py:SignalDefinitionRegistry.keys,UNREVIEWED,Global method-name inference removed; receiver family review still required
app/services/fundamental_ranker_v2.py:_validate_components,app/services/fundamental_ranker_v2.py:FundamentalsV2Config.items,UNREVIEWED,Global method-name inference removed; receiver family review still required
app/services/fundamental_ranker_v2.py:_validate_field_priorities,app/services/fundamental_ranker_v2.py:FundamentalsV2Config.items,UNREVIEWED,Global method-name inference removed; receiver family review still required
app/services/fundamental_ranker_v2.py:_validate_missing_data,app/services/fundamental_ranker_v2.py:FundamentalsV2Config.items,UNREVIEWED,Global method-name inference removed; receiver family review still required
app/services/fundamental_ranker_v2.py:_validate_thresholds,app/services/fundamental_ranker_v2.py:FundamentalsV2Config.items,UNREVIEWED,Global method-name inference removed; receiver family review still required
app/services/fundamental_ranker_v2.py:_validate_weights,app/services/fundamental_ranker_v2.py:FundamentalsV2Config.items,UNREVIEWED,Global method-name inference removed; receiver family review still required
app/services/fundamental_ranker_v2.py:_weighted_score,app/services/fundamental_ranker_v2.py:FundamentalsV2Config.items,UNREVIEWED,Global method-name inference removed; receiver family review still required
app/services/fundamental_ranker_v2.py:fundamentals_v2_config_hash,app/services/canonical_evidence.py:CanonicalEvidenceSerializer.dumps,UNREVIEWED,Global method-name inference removed; receiver family review still required
app/services/fundamental_ranker_v2.py:score_row_v2,app/services/setup_lifecycle/signal_registry.py:SignalDefinitionRegistry.keys,UNREVIEWED,Global method-name inference removed; receiver family review still required
app/services/fundamental_score_service.py:recalculate_run_fundamentals,app/services/fundamental_ranker_v2.py:FundamentalsV2Config.items,UNREVIEWED,Global method-name inference removed; receiver family review still required
app/services/fundamental_score_service.py:recalculate_run_fundamentals,scripts/certify_technical_artifact_cache.py:main.SinkDb.add_all,UNREVIEWED,Global method-name inference removed; receiver family review still required
app/services/fundamental_score_service.py:recalculate_run_fundamentals,scripts/qa/t13d_configuration_benchmark.py:RulePreload.scalars,UNREVIEWED,Global method-name inference removed; receiver family review still required
app/services/ib_contract_resolver.py:resolve_us_stock_contract,scripts/profile_sec_performance.py:ProfilingSession.scalar,UNREVIEWED,Global method-name inference removed; receiver family review still required
app/services/ib_fetch_executor.py:_execute_plan_item,app/services/ceri/observability.py:CeriMetricRegistry.increment,UNREVIEWED,Global method-name inference removed; receiver family review still required
app/services/ib_fetch_executor.py:_execute_plan_item,app/services/ceri/observability.py:CeriMetricRegistry.observe,UNREVIEWED,Global method-name inference removed; receiver family review still required
app/services/ib_fetch_executor.py:_existing_fetch_item,scripts/profile_sec_performance.py:ProfilingSession.scalar,UNREVIEWED,Global method-name inference removed; receiver family review still required
app/services/ib_fetch_executor.py:_open_historical_circuit,app/services/ceri/observability.py:CeriMetricRegistry.increment,UNREVIEWED,Global method-name inference removed; receiver family review still required
app/services/ib_fetch_executor.py:_record_historical_failure,app/services/ceri/observability.py:CeriMetricRegistry.increment,UNREVIEWED,Global method-name inference removed; receiver family review still required
app/services/ib_fetch_executor.py:_record_retry_scheduled,app/services/ceri/observability.py:CeriMetricRegistry.increment,UNREVIEWED,Global method-name inference removed; receiver family review still required
app/services/ib_fetch_executor.py:_record_ticker_completion,app/services/ceri/observability.py:CeriMetricRegistry.increment,UNREVIEWED,Global method-name inference removed; receiver family review still required
app/services/ib_fetch_executor.py:_start_fetch_run,scripts/profile_sec_performance.py:ProfilingSession.scalar,UNREVIEWED,Global method-name inference removed; receiver family review still required
app/services/ib_fetch_executor.py:execute_fetch_plan,app/services/ceri/observability.py:CeriMetricRegistry.increment,UNREVIEWED,Global method-name inference removed; receiver family review still required
app/services/ib_fetch_executor.py:execute_fetch_plan,app/services/ceri/observability.py:CeriMetricRegistry.observe,UNREVIEWED,Global method-name inference removed; receiver family review still required
app/services/ib_fetch_executor.py:execute_fetch_plan,app/services/fundamental_ranker_v2.py:FundamentalsV2Config.items,UNREVIEWED,Global method-name inference removed; receiver family review still required
app/services/ib_fetch_job_service.py:_load_fetch_run,scripts/profile_sec_performance.py:ProfilingSession.scalar,UNREVIEWED,Global method-name inference removed; receiver family review still required
app/services/ib_fetch_job_service.py:_ticker_progress,app/services/fundamental_ranker_v2.py:FundamentalsV2Config.items,UNREVIEWED,Global method-name inference removed; receiver family review still required
app/services/ib_fetch_job_service.py:execute_durable_fetch_job.memory_probe,app/observability/metrics.py:PrometheusMetrics.set_gauge,UNREVIEWED,Global method-name inference removed; receiver family review still required
app/services/ib_fetch_plan_service.py:_completed_full_backfills,scripts/qa/t13d_configuration_benchmark.py:EmptyRuleRows.all,UNREVIEWED,Global method-name inference removed; receiver family review still required
app/services/ib_fetch_plan_service.py:_contract_statuses,scripts/qa/t13d_configuration_benchmark.py:EmptyRuleRows.all,UNREVIEWED,Global method-name inference removed; receiver family review still required
app/services/ib_fetch_plan_service.py:build_fetch_plan,app/services/fundamental_ranker_v2.py:FundamentalsV2Config.items,UNREVIEWED,Global method-name inference removed; receiver family review still required
app/services/ib_fetch_recovery_service.py:_hash_without_manifest_hash,app/services/fundamental_ranker_v2.py:FundamentalsV2Config.items,UNREVIEWED,Global method-name inference removed; receiver family review still required
app/services/ib_fetch_recovery_service.py:apply_interrupted_canary_finalization,app/services/fundamental_ranker_v2.py:FundamentalsV2Config.items,UNREVIEWED,Global method-name inference removed; receiver family review still required
app/services/ib_fetch_recovery_service.py:apply_interrupted_canary_finalization,scripts/profile_sec_performance.py:ProfilingSession.scalar,UNREVIEWED,Global method-name inference removed; receiver family review still required
app/services/ib_fetch_recovery_service.py:apply_interrupted_canary_finalization,scripts/qa/t13d_configuration_benchmark.py:RulePreload.scalars,UNREVIEWED,Global method-name inference removed; receiver family review still required
app/services/ib_fetch_recovery_service.py:build_interrupted_canary_finalization_manifest,scripts/qa/t13d_configuration_benchmark.py:RulePreload.scalars,UNREVIEWED,Global method-name inference removed; receiver family review still required
app/services/ib_fetch_summary_service.py:latest_ib_fetch_for_run,scripts/profile_sec_performance.py:ProfilingSession.scalar,UNREVIEWED,Global method-name inference removed; receiver family review still required
app/services/ib_gateway_launcher.py:launch_gateway,app/services/ceri/effective_session_service.py:CeriEffectiveSessionService.resolve,UNREVIEWED,Global method-name inference removed; receiver family review still required
app/services/ib_historical_request_scope.py:HistoricalRequestScope.to_dict,app/services/fundamental_ranker_v2.py:FundamentalsV2Config.items,UNREVIEWED,Global method-name inference removed; receiver family review still required
app/services/ib_market_intelligence/adapters.py:IBLiveSnapshotManager._capture_once,app/services/ib_market_intelligence/orchestration.py:execute_flex_import.guard,UNREVIEWED,Global method-name inference removed; receiver family review still required
app/services/ib_market_intelligence/adapters.py:IBLiveSnapshotManager._capture_once,app/services/setup_lifecycle/signal_registry.py:SignalDefinitionRegistry.keys,UNREVIEWED,Global method-name inference removed; receiver family review still required
app/services/ib_market_intelligence/adapters.py:IBLiveSnapshotManager.capture,app/services/ib_market_intelligence/orchestration.py:execute_flex_import.guard,UNREVIEWED,Global method-name inference removed; receiver family review still required
app/services/ib_market_intelligence/adapters.py:_semaphore_slot,app/services/ib_market_intelligence/request_budget.py:WeightedWindowBudget.acquire,UNREVIEWED,Global method-name inference removed; receiver family review still required
app/services/ib_market_intelligence/config.py:secret_safe_ibmi_config_hash.nonsecret,app/services/fundamental_ranker_v2.py:FundamentalsV2Config.items,UNREVIEWED,Global method-name inference removed; receiver family review still required
app/services/ib_market_intelligence/decision_evidence.py:_price_state,scripts/profile_sec_performance.py:ProfilingSession.scalar,UNREVIEWED,Global method-name inference removed; receiver family review still required
app/services/ib_market_intelligence/decision_evidence.py:build_ibmi_constituent_manifest,scripts/profile_sec_performance.py:ProfilingSession.scalar,UNREVIEWED,Global method-name inference removed; receiver family review still required
app/services/ib_market_intelligence/decision_evidence.py:persist_ibmi_feature_evidence,app/services/core_effective_configuration.py:CoreEffectiveConfiguration.bind,UNREVIEWED,Global method-name inference removed; receiver family review still required
app/services/ib_market_intelligence/evidence_hash.py:canonical_json,app/services/canonical_evidence.py:CanonicalEvidenceSerializer.dumps,UNREVIEWED,Global method-name inference removed; receiver family review still required
app/services/ib_market_intelligence/flex.py:_normalize_execution,app/services/fundamental_ranker_v2.py:FundamentalsV2Config.items,UNREVIEWED,Global method-name inference removed; receiver family review still required
app/services/ib_market_intelligence/flex.py:import_flex_report,scripts/profile_sec_performance.py:ProfilingSession.scalar,UNREVIEWED,Global method-name inference removed; receiver family review still required
app/services/ib_market_intelligence/journal.py:_serving_winner_estimate,scripts/profile_sec_performance.py:ProfilingSession.scalar,UNREVIEWED,Global method-name inference removed; receiver family review still required
app/services/ib_market_intelligence/journal.py:construct_trade_episodes,app/services/fundamental_ranker_v2.py:FundamentalsV2Config.items,UNREVIEWED,Global method-name inference removed; receiver family review still required
app/services/ib_market_intelligence/journal.py:journal_analytics,app/services/fundamental_ranker_v2.py:FundamentalsV2Config.items,UNREVIEWED,Global method-name inference removed; receiver family review still required
app/services/ib_market_intelligence/journal.py:journal_analytics,scripts/qa/t13d_configuration_benchmark.py:EmptyRuleRows.all,UNREVIEWED,Global method-name inference removed; receiver family review still required
app/services/ib_market_intelligence/journal.py:journal_analytics,scripts/qa/t13d_configuration_benchmark.py:RulePreload.scalars,UNREVIEWED,Global method-name inference removed; receiver family review still required
app/services/ib_market_intelligence/journal.py:match_episode_to_research,scripts/profile_sec_performance.py:ProfilingSession.scalar,UNREVIEWED,Global method-name inference removed; receiver family review still required
app/services/ib_market_intelligence/journal.py:match_episode_to_research,scripts/qa/t13d_configuration_benchmark.py:EmptyRuleRows.all,UNREVIEWED,Global method-name inference removed; receiver family review still required
app/services/ib_market_intelligence/journal.py:rebuild_trade_episodes,app/services/fundamental_ranker_v2.py:FundamentalsV2Config.items,UNREVIEWED,Global method-name inference removed; receiver family review still required
app/services/ib_market_intelligence/journal.py:rebuild_trade_episodes,scripts/qa/t13d_configuration_benchmark.py:EmptyRuleRows.all,UNREVIEWED,Global method-name inference removed; receiver family review still required
app/services/ib_market_intelligence/journal.py:rebuild_trade_episodes,scripts/qa/t13d_configuration_benchmark.py:RulePreload.scalars,UNREVIEWED,Global method-name inference removed; receiver family review still required
app/services/ib_market_intelligence/orchestration.py:_activity_imported_today,scripts/profile_sec_performance.py:ProfilingSession.scalar,UNREVIEWED,Global method-name inference removed; receiver family review still required
app/services/ib_market_intelligence/orchestration.py:_latest_close_row,scripts/qa/t13d_configuration_benchmark.py:RulePreload.scalars,UNREVIEWED,Global method-name inference removed; receiver family review still required
app/services/ib_market_intelligence/orchestration.py:_latest_historical_availability_observation,scripts/profile_sec_performance.py:ProfilingSession.scalar,UNREVIEWED,Global method-name inference removed; receiver family review still required
app/services/ib_market_intelligence/orchestration.py:_latest_snapshot,scripts/qa/t13d_configuration_benchmark.py:EmptyRuleRows.all,UNREVIEWED,Global method-name inference removed; receiver family review still required
app/services/ib_market_intelligence/orchestration.py:_latest_snapshot,scripts/qa/t13d_configuration_benchmark.py:RulePreload.scalars,UNREVIEWED,Global method-name inference removed; receiver family review still required
app/services/ib_market_intelligence/orchestration.py:_liquidity_price_constituents,app/services/fundamental_ranker_v2.py:FundamentalsV2Config.items,UNREVIEWED,Global method-name inference removed; receiver family review still required
app/services/ib_market_intelligence/orchestration.py:_liquidity_price_constituents,scripts/qa/t13d_configuration_benchmark.py:RulePreload.scalars,UNREVIEWED,Global method-name inference removed; receiver family review still required
app/services/ib_market_intelligence/orchestration.py:_metric_bars,scripts/qa/t13d_configuration_benchmark.py:EmptyRuleRows.all,UNREVIEWED,Global method-name inference removed; receiver family review still required
app/services/ib_market_intelligence/orchestration.py:_metric_bars,scripts/qa/t13d_configuration_benchmark.py:RulePreload.scalars,UNREVIEWED,Global method-name inference removed; receiver family review still required
app/services/ib_market_intelligence/orchestration.py:_public_checkpoint,app/services/fundamental_ranker_v2.py:FundamentalsV2Config.items,UNREVIEWED,Global method-name inference removed; receiver family review still required
app/services/ib_market_intelligence/orchestration.py:_rebuild_ticker_feature_impl,app/services/contextual_effective_configuration.py:ContextualEffectiveConfiguration.ibmi_config,CONFIRMED_CALL_GRAPH,Exact declared/imported/default source resolution: LOCAL_DEFAULT_IMPLEMENTATION
app/services/ib_market_intelligence/orchestration.py:_rebuild_ticker_feature_impl,app/services/core_effective_configuration.py:CoreEffectiveConfiguration.require_retry_identity,CONFIRMED_CALL_GRAPH,Exact declared/imported/default source resolution: DECLARED_RECEIVER_OR_RETURN
app/services/ib_market_intelligence/orchestration.py:_shortable_share_snapshots,scripts/qa/t13d_configuration_benchmark.py:EmptyRuleRows.all,UNREVIEWED,Global method-name inference removed; receiver family review still required
app/services/ib_market_intelligence/orchestration.py:_shortable_share_snapshots,scripts/qa/t13d_configuration_benchmark.py:RulePreload.scalars,UNREVIEWED,Global method-name inference removed; receiver family review still required
app/services/ib_market_intelligence/orchestration.py:_start_run,app/services/fundamental_ranker_v2.py:FundamentalsV2Config.items,UNREVIEWED,Global method-name inference removed; receiver family review still required
app/services/ib_market_intelligence/orchestration.py:execute_flex_import,app/services/ib_market_intelligence/config.py:IBMarketIntelligenceConfig.section,CONFIRMED_CALL_GRAPH,Exact declared/imported/default source resolution: LOCAL_DEFAULT_IMPLEMENTATION
app/services/ib_market_intelligence/orchestration.py:execute_flex_import,app/services/ib_market_intelligence/flex.py:IBFlexClient.download,UNREVIEWED,Global method-name inference removed; receiver family review still required
app/services/ib_market_intelligence/orchestration.py:execute_histogram_fetch,app/services/ib_market_intelligence/config.py:IBMarketIntelligenceConfig.section,CONFIRMED_CALL_GRAPH,Exact declared/imported/default source resolution: LOCAL_DEFAULT_IMPLEMENTATION
app/services/ib_market_intelligence/orchestration.py:execute_histogram_fetch,scripts/qa/t13d_configuration_benchmark.py:RulePreload.scalars,UNREVIEWED,Global method-name inference removed; receiver family review still required
app/services/ib_market_intelligence/orchestration.py:execute_scanner_run,scripts/profile_sec_performance.py:ProfilingSession.scalar,UNREVIEWED,Global method-name inference removed; receiver family review still required
app/services/ib_market_intelligence/query_service.py:histogram_detail,scripts/profile_sec_performance.py:ProfilingSession.scalar,UNREVIEWED,Global method-name inference removed; receiver family review still required
app/services/ib_market_intelligence/query_service.py:histogram_detail,scripts/qa/t13d_configuration_benchmark.py:EmptyRuleRows.all,UNREVIEWED,Global method-name inference removed; receiver family review still required
app/services/ib_market_intelligence/query_service.py:histogram_detail,scripts/qa/t13d_configuration_benchmark.py:RulePreload.scalars,UNREVIEWED,Global method-name inference removed; receiver family review still required
app/services/ib_market_intelligence/query_service.py:latest_features,scripts/qa/t13d_configuration_benchmark.py:EmptyRuleRows.all,UNREVIEWED,Global method-name inference removed; receiver family review still required
app/services/ib_market_intelligence/query_service.py:latest_features,scripts/qa/t13d_configuration_benchmark.py:RulePreload.scalars,UNREVIEWED,Global method-name inference removed; receiver family review still required
app/services/ib_market_intelligence/query_service.py:operations,app/observability/metrics.py:PrometheusMetrics.samples,UNREVIEWED,Global method-name inference removed; receiver family review still required
app/services/ib_market_intelligence/query_service.py:operations,app/services/ib_market_intelligence/request_budget.py:IBRequestBudget.observability,CONFIRMED_CALL_GRAPH,Exact declared/imported/default source resolution: DECLARED_RECEIVER_OR_RETURN
app/services/ib_market_intelligence/query_service.py:operations,scripts/qa/t13d_configuration_benchmark.py:EmptyRuleRows.all,UNREVIEWED,Global method-name inference removed; receiver family review still required
app/services/ib_market_intelligence/query_service.py:operations,scripts/qa/t13d_configuration_benchmark.py:RulePreload.scalars,UNREVIEWED,Global method-name inference removed; receiver family review still required
app/services/ib_market_intelligence/query_service.py:overview,scripts/profile_sec_performance.py:ProfilingSession.scalar,UNREVIEWED,Global method-name inference removed; receiver family review still required
app/services/ib_market_intelligence/query_service.py:scanner_runs,scripts/qa/t13d_configuration_benchmark.py:EmptyRuleRows.all,UNREVIEWED,Global method-name inference removed; receiver family review still required
app/services/ib_market_intelligence/query_service.py:scanner_runs,scripts/qa/t13d_configuration_benchmark.py:RulePreload.scalars,UNREVIEWED,Global method-name inference removed; receiver family review still required
app/services/ib_market_intelligence/query_service.py:trade_journal,scripts/qa/t13d_configuration_benchmark.py:EmptyRuleRows.all,UNREVIEWED,Global method-name inference removed; receiver family review still required
app/services/ib_market_intelligence/query_service.py:trade_journal,scripts/qa/t13d_configuration_benchmark.py:RulePreload.scalars,UNREVIEWED,Global method-name inference removed; receiver family review still required
app/services/ib_market_intelligence/repository.py:persist_feature,scripts/profile_sec_performance.py:ProfilingSession.scalar,UNREVIEWED,Global method-name inference removed; receiver family review still required
app/services/ib_market_intelligence/repository.py:persist_historical_metric_bar,scripts/profile_sec_performance.py:ProfilingSession.scalar,UNREVIEWED,Global method-name inference removed; receiver family review still required
app/services/ib_market_intelligence/repository.py:persist_live_snapshot,scripts/profile_sec_performance.py:ProfilingSession.scalar,UNREVIEWED,Global method-name inference removed; receiver family review still required
app/services/ib_market_intelligence/repository.py:project_historical_metric_rows_as_of,scripts/qa/t13d_configuration_benchmark.py:RulePreload.scalars,UNREVIEWED,Global method-name inference removed; receiver family review still required
app/services/leadership_v5.py:rank_leadership_v5,app/services/fundamental_ranker_v2.py:FundamentalsV2Config.items,UNREVIEWED,Global method-name inference removed; receiver family review still required
app/services/lifecycle_control.py:_digest,app/services/canonical_evidence.py:CanonicalEvidenceSerializer.dumps,UNREVIEWED,Global method-name inference removed; receiver family review still required
app/services/lifecycle_control.py:append_lifecycle_event,app/services/canonical_evidence.py:CanonicalEvidenceSerializer.dumps,UNREVIEWED,Global method-name inference removed; receiver family review still required
app/services/lifecycle_control.py:append_lifecycle_event,app/services/fundamental_ranker_v2.py:FundamentalsV2Config.items,UNREVIEWED,Global method-name inference removed; receiver family review still required
app/services/lifecycle_control.py:configuration_provenance,app/services/fundamental_ranker_v2.py:FundamentalsV2Config.items,UNREVIEWED,Global method-name inference removed; receiver family review still required
app/services/lifecycle_control.py:runtime_generation,app/services/fundamental_ranker_v2.py:FundamentalsV2Config.items,UNREVIEWED,Global method-name inference removed; receiver family review still required
app/services/lifecycle_quiesce.py:blocking_jobs,scripts/qa/t13d_configuration_benchmark.py:EmptyRuleRows.all,UNREVIEWED,Global method-name inference removed; receiver family review still required
app/services/lifecycle_quiesce.py:blocking_jobs,scripts/qa/t13d_configuration_benchmark.py:RulePreload.scalars,UNREVIEWED,Global method-name inference removed; receiver family review still required
app/services/lifecycle_quiesce.py:request_worker_quiesce,scripts/profile_sec_performance.py:ProfilingSession.scalar,UNREVIEWED,Global method-name inference removed; receiver family review still required
app/services/lifecycle_quiesce.py:resume_worker_claims,scripts/profile_sec_performance.py:ProfilingSession.scalar,UNREVIEWED,Global method-name inference removed; receiver family review still required
app/services/lifecycle_safety.py:collect_windows_postgres_evidence,app/services/ceri/estimate_deduplicator.py:CeriEstimateDeduplicator.group,UNREVIEWED,Global method-name inference removed; receiver family review still required
app/services/market_calculation_context_service.py:attach_reserved_market_context,scripts/profile_sec_performance.py:ProfilingSession.scalar,UNREVIEWED,Global method-name inference removed; receiver family review still required
app/services/market_calculation_context_service.py:create_pipeline_market_context,app/services/market_clock_service.py:MarketCalculationCutoff.with_context_id,CONFIRMED_CALL_GRAPH,Exact declared/imported/default source resolution: LOCAL_DEFAULT_IMPLEMENTATION
app/services/market_calculation_context_service.py:market_context_for_pipeline,scripts/profile_sec_performance.py:ProfilingSession.scalar,UNREVIEWED,Global method-name inference removed; receiver family review still required
app/services/market_calculation_context_service.py:market_context_for_upload_run,scripts/profile_sec_performance.py:ProfilingSession.scalar,UNREVIEWED,Global method-name inference removed; receiver family review still required
app/services/market_calculation_context_service.py:reserve_preflight_market_context,app/services/market_clock_service.py:MarketCalculationCutoff.with_context_id,CONFIRMED_CALL_GRAPH,Exact declared/imported/default source resolution: LOCAL_DEFAULT_IMPLEMENTATION
app/services/market_calculation_context_service.py:resolve_pipeline_market_context,scripts/profile_sec_performance.py:ProfilingSession.scalar,UNREVIEWED,Global method-name inference removed; receiver family review still required
app/services/market_calculation_context_service.py:validate_pipeline_job_market_context,app/services/calculation_identity.py:CalculationIdentityCompatibility.diagnostic,UNREVIEWED,Global method-name inference removed; receiver family review still required
app/services/market_data_prewarm_service.py:MarketDataPrewarmUniverse.fingerprint,app/services/canonical_evidence.py:CanonicalEvidenceSerializer.dumps,UNREVIEWED,Global method-name inference removed; receiver family review still required
app/services/market_data_prewarm_service.py:_classify_plan_coverage,app/services/fundamental_ranker_v2.py:FundamentalsV2Config.items,UNREVIEWED,Global method-name inference removed; receiver family review still required
app/services/market_data_prewarm_service.py:_foreground_pipeline_active,scripts/profile_sec_performance.py:ProfilingSession.scalar,UNREVIEWED,Global method-name inference removed; receiver family review still required
app/services/market_data_prewarm_service.py:_prewarm_config_fingerprint,app/services/canonical_evidence.py:CanonicalEvidenceSerializer.dumps,UNREVIEWED,Global method-name inference removed; receiver family review still required
app/services/market_data_prewarm_service.py:_tickers_from_recent_completed_runs,scripts/qa/t13d_configuration_benchmark.py:EmptyRuleRows.all,UNREVIEWED,Global method-name inference removed; receiver family review still required
app/services/market_data_prewarm_service.py:_tickers_from_recent_completed_runs,scripts/qa/t13d_configuration_benchmark.py:RulePreload.scalars,UNREVIEWED,Global method-name inference removed; receiver family review still required
app/services/market_data_prewarm_service.py:request_active_prewarm_preemption,scripts/qa/t13d_configuration_benchmark.py:RulePreload.scalars,UNREVIEWED,Global method-name inference removed; receiver family review still required
app/services/market_data_prewarm_service.py:resolve_pipeline_prewarm_context,scripts/qa/t13d_configuration_benchmark.py:RulePreload.scalars,UNREVIEWED,Global method-name inference removed; receiver family review still required
app/services/market_data_prewarm_service.py:resolve_prewarm_universe,scripts/qa/t13d_configuration_benchmark.py:RulePreload.scalars,UNREVIEWED,Global method-name inference removed; receiver family review still required
app/services/market_participation_service.py:_ranking_profile_averages,app/services/fundamental_ranker_v2.py:FundamentalsV2Config.items,UNREVIEWED,Global method-name inference removed; receiver family review still required
app/services/market_participation_service.py:_ranking_results_for_run,scripts/qa/t13d_configuration_benchmark.py:RulePreload.scalars,UNREVIEWED,Global method-name inference removed; receiver family review still required
app/services/market_participation_service.py:_raw_rows_for_run,scripts/qa/t13d_configuration_benchmark.py:RulePreload.scalars,UNREVIEWED,Global method-name inference removed; receiver family review still required
app/services/market_participation_service.py:_technicals_for_run,scripts/qa/t13d_configuration_benchmark.py:RulePreload.scalars,UNREVIEWED,Global method-name inference removed; receiver family review still required
app/services/market_regime_command_center.py:MarketRegimeCommandCenterService._snapshot_write,app/services/fundamental_ranker_v2.py:FundamentalsV2Config.items,UNREVIEWED,Global method-name inference removed; receiver family review still required
app/services/market_regime_command_center.py:MarketRegimeCommandCenterService.build_snapshot,app/services/contextual_effective_configuration.py:ContextualEffectiveConfiguration.regime_config,UNREVIEWED,Global method-name inference removed; receiver family review still required
app/services/market_regime_command_center.py:MarketRegimeCommandCenterService.build_snapshot,app/services/core_effective_configuration.py:CoreEffectiveConfiguration.require_retry_identity,UNREVIEWED,Global method-name inference removed; receiver family review still required
app/services/market_regime_command_center.py:_frame_evidence,app/services/ceri/export_service.py:CeriExportResult.to_json,UNREVIEWED,Global method-name inference removed; receiver family review still required
app/services/market_regime_command_center.py:_json_ready,app/services/fundamental_ranker_v2.py:FundamentalsV2Config.items,UNREVIEWED,Global method-name inference removed; receiver family review still required
app/services/market_regime_export_service.py:export_snapshot_json,app/services/canonical_evidence.py:CanonicalEvidenceSerializer.dumps,UNREVIEWED,Global method-name inference removed; receiver family review still required
app/services/market_regime_policy.py:_risk_state_mapping,app/services/fundamental_ranker_v2.py:FundamentalsV2Config.items,UNREVIEWED,Global method-name inference removed; receiver family review still required
app/services/market_regime_policy.py:_validate_config,app/services/fundamental_ranker_v2.py:FundamentalsV2Config.items,UNREVIEWED,Global method-name inference removed; receiver family review still required
app/services/market_regime_policy.py:load_market_regime_command_center_config,app/services/contextual_effective_configuration.py:ContextualEffectiveConfiguration.regime_config,CONFIRMED_CALL_GRAPH,Exact declared/imported/default source resolution: DECLARED_RECEIVER_OR_RETURN
app/services/market_regime_repository.py:MarketRegimeRepository._latest_logical_snapshot,scripts/profile_sec_performance.py:ProfilingSession.scalar,UNREVIEWED,Global method-name inference removed; receiver family review still required
app/services/market_regime_repository.py:MarketRegimeRepository._matching_snapshot,scripts/profile_sec_performance.py:ProfilingSession.scalar,UNREVIEWED,Global method-name inference removed; receiver family review still required
app/services/market_regime_repository.py:MarketRegimeRepository.contextual_candidates_as_of_or_before,scripts/qa/t13d_configuration_benchmark.py:RulePreload.scalars,UNREVIEWED,Global method-name inference removed; receiver family review still required
app/services/market_regime_repository.py:MarketRegimeRepository.history,scripts/qa/t13d_configuration_benchmark.py:RulePreload.scalars,UNREVIEWED,Global method-name inference removed; receiver family review still required
app/services/market_regime_repository.py:MarketRegimeRepository.latest,scripts/profile_sec_performance.py:ProfilingSession.scalar,UNREVIEWED,Global method-name inference removed; receiver family review still required
app/services/market_regime_repository.py:MarketRegimeRepository.latest_for_run,scripts/profile_sec_performance.py:ProfilingSession.scalar,UNREVIEWED,Global method-name inference removed; receiver family review still required
app/services/market_regime_repository.py:MarketRegimeRepository.latest_for_run_as_of_or_before,scripts/profile_sec_performance.py:ProfilingSession.scalar,UNREVIEWED,Global method-name inference removed; receiver family review still required
app/services/market_regime_repository.py:MarketRegimeRepository.latest_global_as_of_or_before,scripts/profile_sec_performance.py:ProfilingSession.scalar,UNREVIEWED,Global method-name inference removed; receiver family review still required
app/services/market_regime_repository.py:MarketRegimeRepository.snapshot_evidence_hash,app/services/canonical_evidence.py:CanonicalEvidenceSerializer.dumps,UNREVIEWED,Global method-name inference removed; receiver family review still required
app/services/ohlcv_coverage_service.py:_bar_stats,scripts/qa/t13d_configuration_benchmark.py:EmptyRuleRows.all,UNREVIEWED,Global method-name inference removed; receiver family review still required
app/services/ohlcv_coverage_service.py:_failed_contract_tickers,scripts/qa/t13d_configuration_benchmark.py:EmptyRuleRows.all,UNREVIEWED,Global method-name inference removed; receiver family review still required
app/services/ohlcv_coverage_service.py:_failed_contract_tickers,scripts/qa/t13d_configuration_benchmark.py:RulePreload.scalars,UNREVIEWED,Global method-name inference removed; receiver family review still required
app/services/ohlcv_coverage_service.py:_run_tickers,scripts/qa/t13d_configuration_benchmark.py:EmptyRuleRows.all,UNREVIEWED,Global method-name inference removed; receiver family review still required
app/services/ohlcv_coverage_service.py:_run_tickers,scripts/qa/t13d_configuration_benchmark.py:RulePreload.scalars,UNREVIEWED,Global method-name inference removed; receiver family review still required
app/services/ohlcv_coverage_service.py:summarize_ohlcv_coverage,app/services/fundamental_ranker_v2.py:FundamentalsV2Config.items,UNREVIEWED,Global method-name inference removed; receiver family review still required
app/services/operations_service.py:OperationsService._anomalies,app/services/fundamental_ranker_v2.py:FundamentalsV2Config.items,UNREVIEWED,Global method-name inference removed; receiver family review still required
app/services/operations_service.py:OperationsService._database,app/services/winner_probability/operations_service.py:WinnerProbabilityOperationsService.status,UNREVIEWED,Global method-name inference removed; receiver family review still required
app/services/operations_service.py:OperationsService._pipelines,scripts/qa/t13d_configuration_benchmark.py:EmptyRuleRows.all,UNREVIEWED,Global method-name inference removed; receiver family review still required
app/services/operations_service.py:OperationsService._pipelines,scripts/qa/t13d_configuration_benchmark.py:RulePreload.scalars,UNREVIEWED,Global method-name inference removed; receiver family review still required
app/services/operations_service.py:OperationsService._providers,scripts/qa/t13d_configuration_benchmark.py:EmptyRuleRows.all,UNREVIEWED,Global method-name inference removed; receiver family review still required
app/services/operations_service.py:OperationsService._queue,scripts/qa/t13d_configuration_benchmark.py:EmptyRuleRows.all,UNREVIEWED,Global method-name inference removed; receiver family review still required
app/services/operations_service.py:OperationsService._recent_roots,scripts/qa/t13d_configuration_benchmark.py:EmptyRuleRows.all,UNREVIEWED,Global method-name inference removed; receiver family review still required
app/services/operations_service.py:OperationsService._storage,app/services/ceri/effective_session_service.py:CeriEffectiveSessionService.resolve,UNREVIEWED,Global method-name inference removed; receiver family review still required
app/services/operations_service.py:OperationsService._supervisor,scripts/profile_sec_performance.py:ProfilingSession.scalar,UNREVIEWED,Global method-name inference removed; receiver family review still required
app/services/operations_service.py:OperationsService._workers,scripts/qa/t13d_configuration_benchmark.py:EmptyRuleRows.all,UNREVIEWED,Global method-name inference removed; receiver family review still required
app/services/operations_service.py:OperationsService._workers,scripts/qa/t13d_configuration_benchmark.py:RulePreload.scalars,UNREVIEWED,Global method-name inference removed; receiver family review still required
app/services/operations_service.py:OperationsService.causality_tree,scripts/qa/t13d_configuration_benchmark.py:EmptyRuleRows.all,UNREVIEWED,Global method-name inference removed; receiver family review still required
app/services/operations_service.py:OperationsService.causality_tree,scripts/qa/t13d_configuration_benchmark.py:RulePreload.scalars,UNREVIEWED,Global method-name inference removed; receiver family review still required
app/services/operations_service.py:OperationsService.snapshot,app/observability/metrics.py:PrometheusMetrics.samples,CONFIRMED_CALL_GRAPH,Exact declared/imported/default source resolution: DECLARED_RECEIVER_OR_RETURN
app/services/operations_service.py:OperationsService.snapshot,app/services/fundamental_ranker_v2.py:FundamentalsV2Config.items,UNREVIEWED,Global method-name inference removed; receiver family review still required
app/services/pagination.py:paginate_query,scripts/profile_sec_performance.py:ProfilingSession.scalar,UNREVIEWED,Global method-name inference removed; receiver family review still required
app/services/pagination.py:paginate_query,scripts/qa/t13d_configuration_benchmark.py:EmptyRuleRows.all,UNREVIEWED,Global method-name inference removed; receiver family review still required
app/services/pine_replica_engine.py:score_from_feature_result,app/services/technical_confidence.py:TechnicalDataReadiness.missing_flags,CONFIRMED_CALL_GRAPH,Exact declared/imported/default source resolution: LOCAL_DEFAULT_IMPLEMENTATION
app/services/pipeline_baseline.py:_json_safe,app/services/fundamental_ranker_v2.py:FundamentalsV2Config.items,UNREVIEWED,Global method-name inference removed; receiver family review still required
app/services/pipeline_baseline.py:_write_json,app/services/canonical_evidence.py:CanonicalEvidenceSerializer.dumps,UNREVIEWED,Global method-name inference removed; receiver family review still required
app/services/pipeline_baseline.py:normalize_parity_payload,app/services/fundamental_ranker_v2.py:FundamentalsV2Config.items,UNREVIEWED,Global method-name inference removed; receiver family review still required
app/services/pipeline_executor.py:_apply_ib_execution_status,app/observability/metrics.py:PrometheusMetrics.set_gauge,UNREVIEWED,Global method-name inference removed; receiver family review still required
app/services/pipeline_executor.py:_apply_setup_lifecycle_capture_result,app/services/fundamental_ranker_v2.py:FundamentalsV2Config.items,UNREVIEWED,Global method-name inference removed; receiver family review still required
app/services/pipeline_executor.py:_apply_winner_capture_result,app/services/fundamental_ranker_v2.py:FundamentalsV2Config.items,UNREVIEWED,Global method-name inference removed; receiver family review still required
app/services/pipeline_executor.py:_cancel_unfinished_steps,scripts/qa/t13d_configuration_benchmark.py:RulePreload.scalars,UNREVIEWED,Global method-name inference removed; receiver family review still required
app/services/pipeline_executor.py:_interrupt_superseded_running_steps,scripts/qa/t13d_configuration_benchmark.py:RulePreload.scalars,UNREVIEWED,Global method-name inference removed; receiver family review still required
app/services/pipeline_executor.py:_invoke_winner_capture,app/services/fundamental_ranker_v2.py:FundamentalsV2Config.items,UNREVIEWED,Global method-name inference removed; receiver family review still required
app/services/pipeline_executor.py:_pipeline_has_step,scripts/qa/t13d_configuration_benchmark.py:RulePreload.scalars,UNREVIEWED,Global method-name inference removed; receiver family review still required
app/services/pipeline_executor.py:_pipeline_step,app/observability/metrics.py:PrometheusMetrics.set_gauge,UNREVIEWED,Global method-name inference removed; receiver family review still required
app/services/pipeline_executor.py:_pipeline_step.observe_step,app/observability/metrics.py:PrometheusMetrics.set_gauge,UNREVIEWED,Global method-name inference removed; receiver family review still required
app/services/pipeline_executor.py:_pipeline_step.observe_step,app/services/ceri/observability.py:CeriMetricRegistry.increment,UNREVIEWED,Global method-name inference removed; receiver family review still required
app/services/pipeline_executor.py:_pipeline_step.observe_step,app/services/ceri/observability.py:CeriMetricRegistry.observe,UNREVIEWED,Global method-name inference removed; receiver family review still required
app/services/pipeline_executor.py:_public_result,app/services/fundamental_ranker_v2.py:FundamentalsV2Config.items,UNREVIEWED,Global method-name inference removed; receiver family review still required
app/services/pipeline_executor.py:_require_step,scripts/profile_sec_performance.py:ProfilingSession.scalar,UNREVIEWED,Global method-name inference removed; receiver family review still required
app/services/pipeline_executor.py:_resume_rankings_by_ticker,scripts/qa/t13d_configuration_benchmark.py:EmptyRuleRows.all,UNREVIEWED,Global method-name inference removed; receiver family review still required
app/services/pipeline_executor.py:_resume_rankings_by_ticker,scripts/qa/t13d_configuration_benchmark.py:RulePreload.scalars,UNREVIEWED,Global method-name inference removed; receiver family review still required
app/services/pipeline_executor.py:_resume_rows_by_ticker,scripts/qa/t13d_configuration_benchmark.py:EmptyRuleRows.all,UNREVIEWED,Global method-name inference removed; receiver family review still required
app/services/pipeline_executor.py:_resume_rows_by_ticker,scripts/qa/t13d_configuration_benchmark.py:RulePreload.scalars,UNREVIEWED,Global method-name inference removed; receiver family review still required
app/services/pipeline_executor.py:_run_ticker_count,scripts/profile_sec_performance.py:ProfilingSession.scalar,UNREVIEWED,Global method-name inference removed; receiver family review still required
app/services/pipeline_executor.py:_schedule_ceri_provider_ingest,app/services/fundamental_ranker_v2.py:FundamentalsV2Config.items,UNREVIEWED,Global method-name inference removed; receiver family review still required
app/services/pipeline_executor.py:_schedule_ceri_provider_ingest,scripts/qa/t13d_configuration_benchmark.py:RulePreload.scalars,UNREVIEWED,Global method-name inference removed; receiver family review still required
app/services/pipeline_executor.py:_tickers_for_run,scripts/qa/t13d_configuration_benchmark.py:RulePreload.scalars,UNREVIEWED,Global method-name inference removed; receiver family review still required
app/services/pipeline_executor.py:_validate_projection_source_pins,app/services/fundamental_ranker_v2.py:FundamentalsV2Config.items,UNREVIEWED,Global method-name inference removed; receiver family review still required
app/services/pipeline_executor.py:_validate_resume_checkpoint,scripts/profile_sec_performance.py:ProfilingSession.scalar,UNREVIEWED,Global method-name inference removed; receiver family review still required
app/services/pipeline_executor.py:_validate_resume_checkpoint,scripts/qa/t13d_configuration_benchmark.py:EmptyRuleRows.all,UNREVIEWED,Global method-name inference removed; receiver family review still required
app/services/pipeline_executor.py:_validate_resume_checkpoint,scripts/qa/t13d_configuration_benchmark.py:RulePreload.scalars,UNREVIEWED,Global method-name inference removed; receiver family review still required
app/services/pipeline_executor.py:_validate_resume_evidence,scripts/profile_sec_performance.py:ProfilingSession.scalar,UNREVIEWED,Global method-name inference removed; receiver family review still required
app/services/pipeline_executor.py:_validate_resume_evidence,scripts/qa/t13d_configuration_benchmark.py:RulePreload.scalars,UNREVIEWED,Global method-name inference removed; receiver family review still required
app/services/pipeline_executor.py:execute_full_pipeline,app/observability/metrics.py:PrometheusMetrics.total,UNREVIEWED,Global method-name inference removed; receiver family review still required
app/services/pipeline_executor.py:execute_full_pipeline,app/services/ceri/observability.py:CeriMetricRegistry.increment,UNREVIEWED,Global method-name inference removed; receiver family review still required
app/services/pipeline_executor.py:execute_full_pipeline,app/services/fundamental_ranker_v2.py:FundamentalsV2Config.items,UNREVIEWED,Global method-name inference removed; receiver family review still required
app/services/pipeline_executor.py:execute_full_pipeline,app/services/ib_fetch_executor.py:execute_fetch_plan,CONFIRMED_CALL_GRAPH,Exact declared/imported/default source resolution: DEFAULT_PIPELINE_DEPENDENCY
app/services/pipeline_executor.py:execute_full_pipeline,app/services/ib_fetch_plan_service.py:build_fetch_plan,CONFIRMED_CALL_GRAPH,Exact declared/imported/default source resolution: DEFAULT_PIPELINE_DEPENDENCY
app/services/pipeline_executor.py:execute_full_pipeline,scripts/profile_sec_performance.py:ProfilingSession.scalar,UNREVIEWED,Global method-name inference removed; receiver family review still required
app/services/pipeline_performance.py:PipelinePerformanceTracker.snapshot,app/services/fundamental_ranker_v2.py:FundamentalsV2Config.items,UNREVIEWED,Global method-name inference removed; receiver family review still required
app/services/pipeline_service.py:_authoritative_pipeline_for_run,scripts/qa/t13d_configuration_benchmark.py:EmptyRuleRows.all,UNREVIEWED,Global method-name inference removed; receiver family review still required
app/services/pipeline_service.py:_authoritative_pipeline_for_run,scripts/qa/t13d_configuration_benchmark.py:RulePreload.scalars,UNREVIEWED,Global method-name inference removed; receiver family review still required
app/services/pipeline_service.py:_load_pipeline_steps,scripts/qa/t13d_configuration_benchmark.py:EmptyRuleRows.all,UNREVIEWED,Global method-name inference removed; receiver family review still required
app/services/pipeline_service.py:_load_pipeline_steps,scripts/qa/t13d_configuration_benchmark.py:RulePreload.scalars,UNREVIEWED,Global method-name inference removed; receiver family review still required
app/services/pipeline_service.py:existing_sec_repair_continuation,scripts/profile_sec_performance.py:ProfilingSession.scalar,UNREVIEWED,Global method-name inference removed; receiver family review still required
app/services/pipeline_service.py:mark_pipeline_job_failure,scripts/profile_sec_performance.py:ProfilingSession.scalar,UNREVIEWED,Global method-name inference removed; receiver family review still required
app/services/pre_enqueue_operational_gate.py:validate_pre_enqueue_operational_gate,app/services/ib_gateway_health_service.py:IBGatewayHealthStatus.is_fresh,UNREVIEWED,Global method-name inference removed; receiver family review still required
app/services/pre_enqueue_operational_gate.py:validate_pre_enqueue_operational_gate,scripts/profile_sec_performance.py:ProfilingSession.scalar,UNREVIEWED,Global method-name inference removed; receiver family review still required
app/services/price_bar_repository.py:load_price_bar_rows,scripts/qa/t13d_configuration_benchmark.py:RulePreload.scalars,UNREVIEWED,Global method-name inference removed; receiver family review still required
app/services/price_bar_repository.py:load_price_bars_frame,scripts/qa/t13d_configuration_benchmark.py:EmptyRuleRows.all,UNREVIEWED,Global method-name inference removed; receiver family review still required
app/services/price_bar_repository.py:load_price_bars_frame,scripts/qa/t13d_configuration_benchmark.py:RulePreload.scalars,UNREVIEWED,Global method-name inference removed; receiver family review still required
app/services/price_bar_repository.py:project_price_bar_rows_as_of,scripts/qa/t13d_configuration_benchmark.py:RulePreload.scalars,UNREVIEWED,Global method-name inference removed; receiver family review still required
app/services/price_series_version_service.py:load_series_versions,scripts/qa/t13d_configuration_benchmark.py:RulePreload.scalars,UNREVIEWED,Global method-name inference removed; receiver family review still required
app/services/price_series_version_service.py:maintain_price_series_versions,scripts/profile_sec_performance.py:ProfilingSession.scalar,UNREVIEWED,Global method-name inference removed; receiver family review still required
app/services/price_series_version_service.py:maintain_price_series_versions,scripts/qa/t13d_configuration_benchmark.py:RulePreload.scalars,UNREVIEWED,Global method-name inference removed; receiver family review still required
app/services/producer_readiness.py:ProducerReadinessEnvelope.from_payload,app/services/producer_readiness.py:NativeReadinessMetrics.freeze,CONFIRMED_CALL_GRAPH,Exact declared/imported/default source resolution: DECLARED_RECEIVER_OR_RETURN
app/services/producer_readiness.py:normalize_producer_readiness,app/services/producer_readiness.py:NativeReadinessMetrics.freeze,CONFIRMED_CALL_GRAPH,Exact declared/imported/default source resolution: DECLARED_RECEIVER_OR_RETURN
app/services/ranking_profile_components.py:calculate_technical_profile_score,app/services/fundamental_ranker_v2.py:FundamentalsV2Config.items,UNREVIEWED,Global method-name inference removed; receiver family review still required
app/services/ranking_profile_config.py:_parse_profile,app/services/fundamental_ranker_v2.py:FundamentalsV2Config.items,UNREVIEWED,Global method-name inference removed; receiver family review still required
app/services/ranking_profile_config.py:_validate_profile,app/services/fundamental_ranker_v2.py:FundamentalsV2Config.items,UNREVIEWED,Global method-name inference removed; receiver family review still required
app/services/ranking_profile_config.py:load_ranking_profiles,app/services/fundamental_ranker_v2.py:FundamentalsV2Config.items,UNREVIEWED,Global method-name inference removed; receiver family review still required
app/services/ranking_profile_service.py:_fundamentals_for_run,scripts/qa/t13d_configuration_benchmark.py:RulePreload.scalars,UNREVIEWED,Global method-name inference removed; receiver family review still required
app/services/ranking_profile_service.py:_identity_safe_liquidity,app/services/fundamental_ranker_v2.py:FundamentalsV2Config.items,UNREVIEWED,Global method-name inference removed; receiver family review still required
app/services/ranking_profile_service.py:_load_liquidity_features,scripts/qa/t13d_configuration_benchmark.py:EmptyRuleRows.all,UNREVIEWED,Global method-name inference removed; receiver family review still required
app/services/ranking_profile_service.py:_load_liquidity_features,scripts/qa/t13d_configuration_benchmark.py:RulePreload.scalars,UNREVIEWED,Global method-name inference removed; receiver family review still required
app/services/ranking_profile_service.py:_persist_rankings,scripts/certify_technical_artifact_cache.py:main.SinkDb.add_all,UNREVIEWED,Global method-name inference removed; receiver family review still required
app/services/ranking_profile_service.py:_raw_rows_for_run,scripts/qa/t13d_configuration_benchmark.py:RulePreload.scalars,UNREVIEWED,Global method-name inference removed; receiver family review still required
app/services/ranking_profile_service.py:_replace_legacy_ranking,scripts/certify_technical_artifact_cache.py:main.SinkDb.add_all,UNREVIEWED,Global method-name inference removed; receiver family review still required
app/services/ranking_profile_service.py:_require_single_ranking_context,app/services/calculation_identity.py:CalculationIdentityCompatibility.diagnostic,UNREVIEWED,Global method-name inference removed; receiver family review still required
app/services/ranking_profile_service.py:_technicals_for_run,scripts/qa/t13d_configuration_benchmark.py:RulePreload.scalars,UNREVIEWED,Global method-name inference removed; receiver family review still required
app/services/ranking_profile_service.py:_validate_explicit_pipeline_context,app/services/calculation_identity.py:CalculationIdentityCompatibility.diagnostic,UNREVIEWED,Global method-name inference removed; receiver family review still required
app/services/ranking_profile_service.py:get_all_ranking_results,scripts/qa/t13d_configuration_benchmark.py:RulePreload.scalars,UNREVIEWED,Global method-name inference removed; receiver family review still required
app/services/ranking_profile_service.py:get_ranking_results,scripts/qa/t13d_configuration_benchmark.py:RulePreload.scalars,UNREVIEWED,Global method-name inference removed; receiver family review still required
app/services/ranking_profile_service.py:refresh_all_ranking_profiles,app/services/core_effective_configuration.py:CoreEffectiveConfiguration.bind,UNREVIEWED,Global method-name inference removed; receiver family review still required
app/services/ranking_profile_service.py:refresh_all_ranking_profiles,app/services/core_effective_configuration.py:CoreEffectiveConfiguration.ranking_profile,UNREVIEWED,Global method-name inference removed; receiver family review still required
app/services/ranking_profile_service.py:refresh_ranking_profile,app/services/fundamental_ranker_v2.py:FundamentalsV2Config.items,UNREVIEWED,Global method-name inference removed; receiver family review still required
app/services/readiness_service.py:ReadinessReport.response_checks,app/services/fundamental_ranker_v2.py:FundamentalsV2Config.items,UNREVIEWED,Global method-name inference removed; receiver family review still required
app/services/readiness_service.py:ReadinessReport.response_states,app/services/fundamental_ranker_v2.py:FundamentalsV2Config.items,UNREVIEWED,Global method-name inference removed; receiver family review still required
app/services/readiness_service.py:ReadinessService._core_metrics_listener_check,app/services/fundamental_ranker_v2.py:FundamentalsV2Config.items,UNREVIEWED,Global method-name inference removed; receiver family review still required
app/services/readiness_service.py:ReadinessService._disk_check,app/services/ceri/effective_session_service.py:CeriEffectiveSessionService.resolve,UNREVIEWED,Global method-name inference removed; receiver family review still required
app/services/readiness_service.py:ReadinessService._ib_workload_required,scripts/profile_sec_performance.py:ProfilingSession.scalar,UNREVIEWED,Global method-name inference removed; receiver family review still required
app/services/readiness_service.py:ReadinessService._runtime_contract_check,app/services/fundamental_ranker_v2.py:FundamentalsV2Config.items,UNREVIEWED,Global method-name inference removed; receiver family review still required
app/services/readiness_service.py:ReadinessService._system_collector_check,app/services/fundamental_ranker_v2.py:FundamentalsV2Config.items,UNREVIEWED,Global method-name inference removed; receiver family review still required
app/services/readiness_service.py:ReadinessService._telemetry_check,app/services/winner_probability/operations_service.py:WinnerProbabilityOperationsService.status,UNREVIEWED,Global method-name inference removed; receiver family review still required
app/services/readiness_service.py:ReadinessService._worker_check,scripts/qa/t13d_configuration_benchmark.py:EmptyRuleRows.all,UNREVIEWED,Global method-name inference removed; receiver family review still required
app/services/readiness_service.py:ReadinessService._worker_registration_check,scripts/qa/t13d_configuration_benchmark.py:EmptyRuleRows.all,UNREVIEWED,Global method-name inference removed; receiver family review still required
app/services/readiness_service.py:ReadinessService._worker_registration_check,scripts/qa/t13d_configuration_benchmark.py:RulePreload.scalars,UNREVIEWED,Global method-name inference removed; receiver family review still required
app/services/readiness_service.py:ReadinessService._worker_telemetry_rows,scripts/qa/t13d_configuration_benchmark.py:EmptyRuleRows.all,UNREVIEWED,Global method-name inference removed; receiver family review still required
app/services/readiness_service.py:ReadinessService.core_report,app/services/fundamental_ranker_v2.py:FundamentalsV2Config.items,UNREVIEWED,Global method-name inference removed; receiver family review still required
app/services/readiness_service.py:ReadinessService.report,app/services/fundamental_ranker_v2.py:FundamentalsV2Config.items,UNREVIEWED,Global method-name inference removed; receiver family review still required
app/services/readiness_service.py:_unhealthy_job_counts,scripts/profile_sec_performance.py:ProfilingSession.scalar,UNREVIEWED,Global method-name inference removed; receiver family review still required
app/services/redaction.py:_assignment_replacement,app/services/ceri/estimate_deduplicator.py:CeriEstimateDeduplicator.group,UNREVIEWED,Global method-name inference removed; receiver family review still required
app/services/redaction.py:redact_sensitive,app/observability/logging.py:JsonLogFormatter.format,UNREVIEWED,Global method-name inference removed; receiver family review still required
app/services/redaction.py:redact_sensitive,app/services/fundamental_ranker_v2.py:FundamentalsV2Config.items,UNREVIEWED,Global method-name inference removed; receiver family review still required
app/services/redaction.py:redact_text,app/services/ceri/estimate_deduplicator.py:CeriEstimateDeduplicator.group,UNREVIEWED,Global method-name inference removed; receiver family review still required
app/services/relative_leadership.py:rank_technical_universe,app/services/fundamental_ranker_v2.py:FundamentalsV2Config.items,UNREVIEWED,Global method-name inference removed; receiver family review still required
app/services/relative_leadership.py:rank_technical_universe,scripts/qa/t13d_configuration_benchmark.py:EmptyRuleRows.all,UNREVIEWED,Global method-name inference removed; receiver family review still required
app/services/runtime_identity_recovery.py:verified_recovery_state,app/services/fundamental_ranker_v2.py:FundamentalsV2Config.items,UNREVIEWED,Global method-name inference removed; receiver family review still required
app/services/sector_benchmark_service.py:resolutions_for_tickers,app/services/fundamental_ranker_v2.py:FundamentalsV2Config.items,UNREVIEWED,Global method-name inference removed; receiver family review still required
app/services/sector_etf_rotation_service.py:_weighted_score,app/services/fundamental_ranker_v2.py:FundamentalsV2Config.items,UNREVIEWED,Global method-name inference removed; receiver family review still required
app/services/sector_leadership_service.py:SectorLeadershipService.build,app/services/fundamental_ranker_v2.py:FundamentalsV2Config.items,UNREVIEWED,Global method-name inference removed; receiver family review still required
app/services/sector_leadership_service.py:_fundamentals_for_run,scripts/qa/t13d_configuration_benchmark.py:RulePreload.scalars,UNREVIEWED,Global method-name inference removed; receiver family review still required
app/services/sector_leadership_service.py:_ranking_results_for_run,scripts/qa/t13d_configuration_benchmark.py:RulePreload.scalars,UNREVIEWED,Global method-name inference removed; receiver family review still required
app/services/sector_leadership_service.py:_raw_rows_for_run,scripts/qa/t13d_configuration_benchmark.py:RulePreload.scalars,UNREVIEWED,Global method-name inference removed; receiver family review still required
app/services/sector_leadership_service.py:_technicals_for_run,scripts/qa/t13d_configuration_benchmark.py:RulePreload.scalars,UNREVIEWED,Global method-name inference removed; receiver family review still required
app/services/sector_rotation_config.py:_validate_etf_proxies,app/services/fundamental_ranker_v2.py:FundamentalsV2Config.items,UNREVIEWED,Global method-name inference removed; receiver family review still required
app/services/sector_rotation_config.py:_validate_permissions,app/services/fundamental_ranker_v2.py:FundamentalsV2Config.items,UNREVIEWED,Global method-name inference removed; receiver family review still required
app/services/sector_rotation_config.py:_validate_taxonomy,app/services/fundamental_ranker_v2.py:FundamentalsV2Config.items,UNREVIEWED,Global method-name inference removed; receiver family review still required
app/services/sector_rotation_config.py:_validate_weights,app/services/fundamental_ranker_v2.py:FundamentalsV2Config.items,UNREVIEWED,Global method-name inference removed; receiver family review still required
app/services/sector_rotation_config.py:sector_rotation_config_hash,app/services/canonical_evidence.py:CanonicalEvidenceSerializer.dumps,UNREVIEWED,Global method-name inference removed; receiver family review still required
app/services/sector_rotation_export_service.py:export_sector_rotation_json,app/services/canonical_evidence.py:CanonicalEvidenceSerializer.dumps,UNREVIEWED,Global method-name inference removed; receiver family review still required
app/services/sector_rotation_export_service.py:export_sector_rotation_markdown,app/observability/logging.py:JsonLogFormatter.format,UNREVIEWED,Global method-name inference removed; receiver family review still required
app/services/sector_rotation_repository.py:SectorRotationRepository._latest_logical_snapshot,scripts/profile_sec_performance.py:ProfilingSession.scalar,UNREVIEWED,Global method-name inference removed; receiver family review still required
app/services/sector_rotation_repository.py:SectorRotationRepository._matching_snapshot,scripts/profile_sec_performance.py:ProfilingSession.scalar,UNREVIEWED,Global method-name inference removed; receiver family review still required
app/services/sector_rotation_repository.py:SectorRotationRepository._validate_source_evidence_kinds,app/services/fundamental_ranker_v2.py:FundamentalsV2Config.items,UNREVIEWED,Global method-name inference removed; receiver family review still required
app/services/sector_rotation_repository.py:SectorRotationRepository._validate_source_evidence_kinds,scripts/qa/t13d_configuration_benchmark.py:RulePreload.scalars,UNREVIEWED,Global method-name inference removed; receiver family review still required
app/services/sector_rotation_repository.py:SectorRotationRepository.get_previous_snapshot,scripts/profile_sec_performance.py:ProfilingSession.scalar,UNREVIEWED,Global method-name inference removed; receiver family review still required
app/services/sector_rotation_repository.py:SectorRotationRepository.get_sector_row,scripts/profile_sec_performance.py:ProfilingSession.scalar,UNREVIEWED,Global method-name inference removed; receiver family review still required
app/services/sector_rotation_repository.py:SectorRotationRepository.get_snapshot_rows,scripts/qa/t13d_configuration_benchmark.py:RulePreload.scalars,UNREVIEWED,Global method-name inference removed; receiver family review still required
app/services/sector_rotation_repository.py:SectorRotationRepository.history,scripts/qa/t13d_configuration_benchmark.py:RulePreload.scalars,UNREVIEWED,Global method-name inference removed; receiver family review still required
app/services/sector_rotation_repository.py:SectorRotationRepository.latest_for_run,scripts/profile_sec_performance.py:ProfilingSession.scalar,UNREVIEWED,Global method-name inference removed; receiver family review still required
app/services/sector_rotation_repository.py:SectorRotationRepository.latest_for_run_as_of_or_before,scripts/profile_sec_performance.py:ProfilingSession.scalar,UNREVIEWED,Global method-name inference removed; receiver family review still required
app/services/sector_rotation_repository.py:SectorRotationRepository.latest_global_as_of_or_before,scripts/profile_sec_performance.py:ProfilingSession.scalar,UNREVIEWED,Global method-name inference removed; receiver family review still required
app/services/sector_rotation_repository.py:SectorRotationRepository.previous_snapshot_candidates,scripts/qa/t13d_configuration_benchmark.py:RulePreload.scalars,UNREVIEWED,Global method-name inference removed; receiver family review still required
app/services/sector_rotation_repository.py:SectorRotationRepository.save_snapshot,scripts/certify_technical_artifact_cache.py:main.SinkDb.add_all,UNREVIEWED,Global method-name inference removed; receiver family review still required
app/services/sector_rotation_repository.py:SectorRotationRepository.snapshot_evidence_hash,app/services/canonical_evidence.py:CanonicalEvidenceSerializer.dumps,UNREVIEWED,Global method-name inference removed; receiver family review still required
app/services/sector_rotation_service.py:_resolve_as_of_date,scripts/profile_sec_performance.py:ProfilingSession.scalar,UNREVIEWED,Global method-name inference removed; receiver family review still required
app/services/sector_rotation_service.py:build_sector_rotation_snapshot,app/services/core_effective_configuration.py:CoreEffectiveConfiguration.bind,CONFIRMED_CALL_GRAPH,Exact declared/imported/default source resolution: DECLARED_RECEIVER_OR_RETURN
app/services/sector_rotation_service.py:build_sector_rotation_snapshot,app/services/core_effective_configuration.py:CoreEffectiveConfiguration.require_retry_identity,CONFIRMED_CALL_GRAPH,Exact declared/imported/default source resolution: DECLARED_RECEIVER_OR_RETURN
app/services/sector_rotation_service.py:build_sector_rotation_snapshot,app/services/fundamental_ranker_v2.py:FundamentalsV2Config.items,UNREVIEWED,Global method-name inference removed; receiver family review still required
app/services/sector_rotation_service.py:build_sector_rotation_snapshot,scripts/qa/t13d_configuration_benchmark.py:RulePreload.scalars,UNREVIEWED,Global method-name inference removed; receiver family review still required
app/services/sector_taxonomy.py:normalize_sector_result,app/services/fundamental_ranker_v2.py:FundamentalsV2Config.items,UNREVIEWED,Global method-name inference removed; receiver family review still required
app/services/sector_universe_service.py:_coherent_compatible_rankings,app/services/fundamental_ranker_v2.py:FundamentalsV2Config.items,UNREVIEWED,Global method-name inference removed; receiver family review still required
app/services/sector_universe_service.py:_combined_results_for_run,scripts/qa/t13d_configuration_benchmark.py:RulePreload.scalars,UNREVIEWED,Global method-name inference removed; receiver family review still required
app/services/sector_universe_service.py:_danger_warning_count,app/services/fundamental_ranker_v2.py:FundamentalsV2Config.items,UNREVIEWED,Global method-name inference removed; receiver family review still required
app/services/sector_universe_service.py:_fundamentals_for_run,scripts/qa/t13d_configuration_benchmark.py:RulePreload.scalars,UNREVIEWED,Global method-name inference removed; receiver family review still required
app/services/sector_universe_service.py:_profile_distribution,app/services/fundamental_ranker_v2.py:FundamentalsV2Config.items,UNREVIEWED,Global method-name inference removed; receiver family review still required
app/services/sector_universe_service.py:_ranking_results_for_run,scripts/qa/t13d_configuration_benchmark.py:RulePreload.scalars,UNREVIEWED,Global method-name inference removed; receiver family review still required
app/services/sector_universe_service.py:_raw_rows_for_run,scripts/qa/t13d_configuration_benchmark.py:RulePreload.scalars,UNREVIEWED,Global method-name inference removed; receiver family review still required
app/services/sector_universe_service.py:_technicals_for_run,scripts/qa/t13d_configuration_benchmark.py:RulePreload.scalars,UNREVIEWED,Global method-name inference removed; receiver family review still required
app/services/sector_universe_service.py:_ticker_records,app/services/fundamental_ranker_v2.py:FundamentalsV2Config.items,UNREVIEWED,Global method-name inference removed; receiver family review still required
app/services/sector_universe_service.py:_to_metrics,app/services/fundamental_ranker_v2.py:FundamentalsV2Config.items,UNREVIEWED,Global method-name inference removed; receiver family review still required
app/services/sector_universe_service.py:_universe_score_components,app/services/fundamental_ranker_v2.py:FundamentalsV2Config.items,UNREVIEWED,Global method-name inference removed; receiver family review still required
app/services/setup_lifecycle/actionability_policy.py:SetupLifecycleActionabilityPolicy.__init__,app/services/decision_effective_configuration.py:DecisionEffectiveConfiguration.setup_config,UNREVIEWED,Global method-name inference removed; receiver family review still required
app/services/setup_lifecycle/adapter_input_audit.py:adapter_input_specs,app/services/fundamental_ranker_v2.py:FundamentalsV2Config.items,UNREVIEWED,Global method-name inference removed; receiver family review still required
app/services/setup_lifecycle/adapter_input_audit.py:audit_adapter_input_coverage,app/services/fundamental_ranker_v2.py:FundamentalsV2Config.items,UNREVIEWED,Global method-name inference removed; receiver family review still required
app/services/setup_lifecycle/alert_service.py:SetupLifecycleAlertService.__init__,app/services/decision_effective_configuration.py:DecisionEffectiveConfiguration.setup_config,UNREVIEWED,Global method-name inference removed; receiver family review still required
app/services/setup_lifecycle/alert_service.py:SetupLifecycleAlertService._rules,scripts/qa/t13d_configuration_benchmark.py:EmptyRuleRows.all,UNREVIEWED,Global method-name inference removed; receiver family review still required
app/services/setup_lifecycle/alert_service.py:SetupLifecycleAlertService.seed_builtin_rules,app/services/fundamental_ranker_v2.py:FundamentalsV2Config.items,UNREVIEWED,Global method-name inference removed; receiver family review still required
app/services/setup_lifecycle/alert_service.py:SetupLifecycleAlertService.seed_builtin_rules,scripts/qa/t13d_configuration_benchmark.py:EmptyRuleRows.all,UNREVIEWED,Global method-name inference removed; receiver family review still required
app/services/setup_lifecycle/canonicalization.py:SetupLifecycleCanonicalizer.__init__,app/services/decision_effective_configuration.py:DecisionEffectiveConfiguration.setup_config,UNREVIEWED,Global method-name inference removed; receiver family review still required
app/services/setup_lifecycle/canonicalization.py:_json_value,app/services/fundamental_ranker_v2.py:FundamentalsV2Config.items,UNREVIEWED,Global method-name inference removed; receiver family review still required
app/services/setup_lifecycle/change_detector.py:SetupLifecycleChangeDetector.__init__,app/services/decision_effective_configuration.py:DecisionEffectiveConfiguration.setup_config,UNREVIEWED,Global method-name inference removed; receiver family review still required
app/services/setup_lifecycle/change_detector.py:SetupLifecycleChangeDetector.detect_changes,app/services/setup_lifecycle/signal_registry.py:SignalDefinitionRegistry.definitions,UNREVIEWED,Global method-name inference removed; receiver family review still required
app/services/setup_lifecycle/confidence_service.py:_freshness_and_lineage,app/services/fundamental_ranker_v2.py:FundamentalsV2Config.items,UNREVIEWED,Global method-name inference removed; receiver family review still required
app/services/setup_lifecycle/config.py:_normalized_component_weights,app/services/fundamental_ranker_v2.py:FundamentalsV2Config.items,UNREVIEWED,Global method-name inference removed; receiver family review still required
app/services/setup_lifecycle/config.py:_normalized_data,app/services/setup_lifecycle/signal_registry.py:SignalDefinitionRegistry.definitions,UNREVIEWED,Global method-name inference removed; receiver family review still required
app/services/setup_lifecycle/config.py:_parse_alert_rule,app/services/fundamental_ranker_v2.py:FundamentalsV2Config.items,UNREVIEWED,Global method-name inference removed; receiver family review still required
app/services/setup_lifecycle/config.py:_parse_alerts,app/services/fundamental_ranker_v2.py:FundamentalsV2Config.items,UNREVIEWED,Global method-name inference removed; receiver family review still required
app/services/setup_lifecycle/config.py:_parse_confidence,app/services/fundamental_ranker_v2.py:FundamentalsV2Config.items,UNREVIEWED,Global method-name inference removed; receiver family review still required
app/services/setup_lifecycle/config.py:_parse_family_policy,app/services/fundamental_ranker_v2.py:FundamentalsV2Config.items,UNREVIEWED,Global method-name inference removed; receiver family review still required
app/services/setup_lifecycle/config.py:_validate_cross_section_rules,app/services/setup_lifecycle/signal_registry.py:SignalDefinitionRegistry.require,UNREVIEWED,Global method-name inference removed; receiver family review still required
app/services/setup_lifecycle/config.py:load_setup_lifecycle_config,app/services/canonical_evidence.py:CanonicalEvidenceSerializer.dumps,UNREVIEWED,Global method-name inference removed; receiver family review still required
app/services/setup_lifecycle/config.py:load_setup_lifecycle_config,app/services/fundamental_ranker_v2.py:FundamentalsV2Config.items,UNREVIEWED,Global method-name inference removed; receiver family review still required
app/services/setup_lifecycle/config.py:setup_lifecycle_config_hash,app/services/canonical_evidence.py:CanonicalEvidenceSerializer.dumps,UNREVIEWED,Global method-name inference removed; receiver family review still required
app/services/setup_lifecycle/decision_evidence.py:persist_alert_decision_evidence,scripts/profile_sec_performance.py:ProfilingSession.scalar,UNREVIEWED,Global method-name inference removed; receiver family review still required
app/services/setup_lifecycle/decision_evidence.py:persist_alert_rule_evidence,scripts/profile_sec_performance.py:ProfilingSession.scalar,UNREVIEWED,Global method-name inference removed; receiver family review still required
app/services/setup_lifecycle/decision_evidence.py:persist_lifecycle_evaluation_evidence,app/services/core_effective_configuration.py:CoreEffectiveConfiguration.bind,UNREVIEWED,Global method-name inference removed; receiver family review still required
app/services/setup_lifecycle/decision_evidence.py:persist_lifecycle_evaluation_evidence,scripts/profile_sec_performance.py:ProfilingSession.scalar,UNREVIEWED,Global method-name inference removed; receiver family review still required
app/services/setup_lifecycle/decision_evidence.py:persist_lifecycle_transition_evidence,scripts/profile_sec_performance.py:ProfilingSession.scalar,UNREVIEWED,Global method-name inference removed; receiver family review still required
app/services/setup_lifecycle/decision_evidence.py:persist_observation_gap_evaluation_evidence,app/services/core_effective_configuration.py:CoreEffectiveConfiguration.bind,UNREVIEWED,Global method-name inference removed; receiver family review still required
app/services/setup_lifecycle/decision_evidence.py:persist_observation_gap_evaluation_evidence,scripts/profile_sec_performance.py:ProfilingSession.scalar,UNREVIEWED,Global method-name inference removed; receiver family review still required
app/services/setup_lifecycle/decision_evidence.py:prior_generated_alert_decision,scripts/profile_sec_performance.py:ProfilingSession.scalar,UNREVIEWED,Global method-name inference removed; receiver family review still required
app/services/setup_lifecycle/episode_service.py:SetupLifecycleEpisodeService.__init__,app/services/decision_effective_configuration.py:DecisionEffectiveConfiguration.setup_config,UNREVIEWED,Global method-name inference removed; receiver family review still required
app/services/setup_lifecycle/episode_service.py:_signal_values,app/services/fundamental_ranker_v2.py:FundamentalsV2Config.items,UNREVIEWED,Global method-name inference removed; receiver family review still required
app/services/setup_lifecycle/episode_service.py:normalized_snapshot_from_row,app/services/fundamental_ranker_v2.py:FundamentalsV2Config.items,UNREVIEWED,Global method-name inference removed; receiver family review still required
app/services/setup_lifecycle/evaluation_service.py:SetupLifecycleEvaluationService.__init__,app/services/decision_effective_configuration.py:DecisionEffectiveConfiguration.setup_config,UNREVIEWED,Global method-name inference removed; receiver family review still required
app/services/setup_lifecycle/evaluation_service.py:SetupLifecycleEvaluationService._evaluate_lifecycle_episodes,app/services/fundamental_ranker_v2.py:FundamentalsV2Config.items,UNREVIEWED,Global method-name inference removed; receiver family review still required
app/services/setup_lifecycle/evaluation_service.py:_canonicalize_run,app/services/setup_lifecycle/canonicalization.py:SetupLifecycleCanonicalizer.canonicalize_run,CONFIRMED_CALL_GRAPH,Exact declared/imported/default source resolution: SOURCE_REVIEWED_DISPATCH
app/services/setup_lifecycle/export_service.py:_cell,app/services/canonical_evidence.py:CanonicalEvidenceSerializer.dumps,UNREVIEWED,Global method-name inference removed; receiver family review still required
app/services/setup_lifecycle/export_service.py:export_json,app/services/canonical_evidence.py:CanonicalEvidenceSerializer.dumps,UNREVIEWED,Global method-name inference removed; receiver family review still required
app/services/setup_lifecycle/export_service.py:setup_lifecycle_point_in_time_features,scripts/profile_sec_performance.py:ProfilingSession.scalar,UNREVIEWED,Global method-name inference removed; receiver family review still required
app/services/setup_lifecycle/export_service.py:setup_lifecycle_point_in_time_features,scripts/qa/t13d_configuration_benchmark.py:RulePreload.scalars,UNREVIEWED,Global method-name inference removed; receiver family review still required
app/services/setup_lifecycle/lifecycle_engine.py:SetupLifecycleEngine.__init__,app/services/decision_effective_configuration.py:DecisionEffectiveConfiguration.setup_config,UNREVIEWED,Global method-name inference removed; receiver family review still required
app/services/setup_lifecycle/maintenance_service.py:SetupLifecycleMaintenanceService._active_episodes,scripts/qa/t13d_configuration_benchmark.py:RulePreload.scalars,UNREVIEWED,Global method-name inference removed; receiver family review still required
app/services/setup_lifecycle/maintenance_service.py:SetupLifecycleMaintenanceService._lifecycle_events,scripts/qa/t13d_configuration_benchmark.py:RulePreload.scalars,UNREVIEWED,Global method-name inference removed; receiver family review still required
app/services/setup_lifecycle/maintenance_service.py:SetupLifecycleMaintenanceService._repair_snapshots,scripts/qa/t13d_configuration_benchmark.py:RulePreload.scalars,UNREVIEWED,Global method-name inference removed; receiver family review still required
app/services/setup_lifecycle/maintenance_service.py:SetupLifecycleMaintenanceService._signal_change_events,scripts/qa/t13d_configuration_benchmark.py:RulePreload.scalars,UNREVIEWED,Global method-name inference removed; receiver family review still required
app/services/setup_lifecycle/query_service.py:SetupLifecycleQueryService._no_material_changes,scripts/qa/t13d_configuration_benchmark.py:RulePreload.scalars,UNREVIEWED,Global method-name inference removed; receiver family review still required
app/services/setup_lifecycle/query_service.py:SetupLifecycleQueryService.alerts,scripts/qa/t13d_configuration_benchmark.py:RulePreload.scalars,UNREVIEWED,Global method-name inference removed; receiver family review still required
app/services/setup_lifecycle/query_service.py:SetupLifecycleQueryService.diagnostics,scripts/profile_sec_performance.py:ProfilingSession.scalar,UNREVIEWED,Global method-name inference removed; receiver family review still required
app/services/setup_lifecycle/query_service.py:SetupLifecycleQueryService.episode_detail,scripts/qa/t13d_configuration_benchmark.py:RulePreload.scalars,UNREVIEWED,Global method-name inference removed; receiver family review still required
app/services/setup_lifecycle/query_service.py:SetupLifecycleQueryService.operations,scripts/qa/t13d_configuration_benchmark.py:RulePreload.scalars,UNREVIEWED,Global method-name inference removed; receiver family review still required
app/services/setup_lifecycle/query_service.py:SetupLifecycleQueryService.ticker_timeline,scripts/qa/t13d_configuration_benchmark.py:RulePreload.scalars,UNREVIEWED,Global method-name inference removed; receiver family review still required
app/services/setup_lifecycle/query_service.py:_alerts_summary,scripts/qa/t13d_configuration_benchmark.py:EmptyRuleRows.all,UNREVIEWED,Global method-name inference removed; receiver family review still required
app/services/setup_lifecycle/query_service.py:_combined_change_page_rows,scripts/qa/t13d_configuration_benchmark.py:EmptyRuleRows.all,UNREVIEWED,Global method-name inference removed; receiver family review still required
app/services/setup_lifecycle/query_service.py:_count,scripts/profile_sec_performance.py:ProfilingSession.scalar,UNREVIEWED,Global method-name inference removed; receiver family review still required
app/services/setup_lifecycle/query_service.py:_distinct,scripts/qa/t13d_configuration_benchmark.py:RulePreload.scalars,UNREVIEWED,Global method-name inference removed; receiver family review still required
app/services/setup_lifecycle/query_service.py:_encode_change_cursor,app/services/canonical_evidence.py:CanonicalEvidenceSerializer.dumps,UNREVIEWED,Global method-name inference removed; receiver family review still required
app/services/setup_lifecycle/query_service.py:_encode_timeline_cursor,app/services/canonical_evidence.py:CanonicalEvidenceSerializer.dumps,UNREVIEWED,Global method-name inference removed; receiver family review still required
app/services/setup_lifecycle/query_service.py:_job_count,scripts/profile_sec_performance.py:ProfilingSession.scalar,UNREVIEWED,Global method-name inference removed; receiver family review still required
app/services/setup_lifecycle/query_service.py:_low_confidence_share,scripts/profile_sec_performance.py:ProfilingSession.scalar,UNREVIEWED,Global method-name inference removed; receiver family review still required
app/services/setup_lifecycle/query_service.py:_prime_market_change_payload_context,app/services/fundamental_ranker_v2.py:FundamentalsV2Config.items,UNREVIEWED,Global method-name inference removed; receiver family review still required
app/services/setup_lifecycle/query_service.py:_prime_market_change_payload_context,scripts/qa/t13d_configuration_benchmark.py:EmptyRuleRows.all,UNREVIEWED,Global method-name inference removed; receiver family review still required
app/services/setup_lifecycle/query_service.py:_prime_market_change_payload_context,scripts/qa/t13d_configuration_benchmark.py:RulePreload.scalars,UNREVIEWED,Global method-name inference removed; receiver family review still required
app/services/setup_lifecycle/query_service.py:_prime_no_material_payload_context,scripts/qa/t13d_configuration_benchmark.py:EmptyRuleRows.all,UNREVIEWED,Global method-name inference removed; receiver family review still required
app/services/setup_lifecycle/query_service.py:_prime_no_material_payload_context,scripts/qa/t13d_configuration_benchmark.py:RulePreload.scalars,UNREVIEWED,Global method-name inference removed; receiver family review still required
app/services/setup_lifecycle/query_service.py:_rows_by_id,scripts/qa/t13d_configuration_benchmark.py:EmptyRuleRows.all,UNREVIEWED,Global method-name inference removed; receiver family review still required
app/services/setup_lifecycle/query_service.py:_rows_by_id,scripts/qa/t13d_configuration_benchmark.py:RulePreload.scalars,UNREVIEWED,Global method-name inference removed; receiver family review still required
app/services/setup_lifecycle/query_service.py:_snapshot_rows_by_id,scripts/qa/t13d_configuration_benchmark.py:EmptyRuleRows.all,UNREVIEWED,Global method-name inference removed; receiver family review still required
app/services/setup_lifecycle/query_service.py:_snapshot_rows_by_id,scripts/qa/t13d_configuration_benchmark.py:RulePreload.scalars,UNREVIEWED,Global method-name inference removed; receiver family review still required
app/services/setup_lifecycle/query_service.py:_stale_lease_count,scripts/profile_sec_performance.py:ProfilingSession.scalar,UNREVIEWED,Global method-name inference removed; receiver family review still required
app/services/setup_lifecycle/query_service.py:market_change_payload,app/services/fundamental_ranker_v2.py:FundamentalsV2Config.items,UNREVIEWED,Global method-name inference removed; receiver family review still required
app/services/setup_lifecycle/query_service.py:market_change_payload,scripts/profile_sec_performance.py:ProfilingSession.scalar,UNREVIEWED,Global method-name inference removed; receiver family review still required
app/services/setup_lifecycle/query_service.py:no_material_change_payload,app/services/fundamental_ranker_v2.py:FundamentalsV2Config.items,UNREVIEWED,Global method-name inference removed; receiver family review still required
app/services/setup_lifecycle/query_service.py:no_material_change_payload,scripts/profile_sec_performance.py:ProfilingSession.scalar,UNREVIEWED,Global method-name inference removed; receiver family review still required
app/services/setup_lifecycle/replay_service.py:SetupLifecycleReplayService.__init__,app/services/decision_effective_configuration.py:DecisionEffectiveConfiguration.setup_config,UNREVIEWED,Global method-name inference removed; receiver family review still required
app/services/setup_lifecycle/replay_service.py:SetupLifecycleReplayService._alert_differences,scripts/qa/t13d_configuration_benchmark.py:RulePreload.scalars,UNREVIEWED,Global method-name inference removed; receiver family review still required
app/services/setup_lifecycle/replay_service.py:SetupLifecycleReplayService._changed_primary_episode,scripts/profile_sec_performance.py:ProfilingSession.scalar,UNREVIEWED,Global method-name inference removed; receiver family review still required
app/services/setup_lifecycle/replay_service.py:SetupLifecycleReplayService._current_events,scripts/qa/t13d_configuration_benchmark.py:RulePreload.scalars,UNREVIEWED,Global method-name inference removed; receiver family review still required
app/services/setup_lifecycle/replay_service.py:SetupLifecycleReplayService._snapshots,scripts/qa/t13d_configuration_benchmark.py:RulePreload.scalars,UNREVIEWED,Global method-name inference removed; receiver family review still required
app/services/setup_lifecycle/repository.py:SetupLifecycleRepository._apply_snapshot_fields,app/services/fundamental_ranker_v2.py:FundamentalsV2Config.items,UNREVIEWED,Global method-name inference removed; receiver family review still required
app/services/setup_lifecycle/repository.py:SetupLifecycleRepository._count,scripts/profile_sec_performance.py:ProfilingSession.scalar,UNREVIEWED,Global method-name inference removed; receiver family review still required
app/services/setup_lifecycle/repository.py:SetupLifecycleRepository.active_episode_for_update,scripts/profile_sec_performance.py:ProfilingSession.scalar,UNREVIEWED,Global method-name inference removed; receiver family review still required
app/services/setup_lifecycle/repository.py:SetupLifecycleRepository.active_episodes_for_keys,scripts/qa/t13d_configuration_benchmark.py:RulePreload.scalars,UNREVIEWED,Global method-name inference removed; receiver family review still required
app/services/setup_lifecycle/repository.py:SetupLifecycleRepository.active_episodes_for_ticker,scripts/qa/t13d_configuration_benchmark.py:RulePreload.scalars,UNREVIEWED,Global method-name inference removed; receiver family review still required
app/services/setup_lifecycle/repository.py:SetupLifecycleRepository.add_alert_event,scripts/profile_sec_performance.py:ProfilingSession.scalar,UNREVIEWED,Global method-name inference removed; receiver family review still required
app/services/setup_lifecycle/repository.py:SetupLifecycleRepository.add_lifecycle_events,scripts/qa/t13d_configuration_benchmark.py:RulePreload.scalars,UNREVIEWED,Global method-name inference removed; receiver family review still required
app/services/setup_lifecycle/repository.py:SetupLifecycleRepository.advance_canonical_selection,scripts/profile_sec_performance.py:ProfilingSession.scalar,UNREVIEWED,Global method-name inference removed; receiver family review still required
app/services/setup_lifecycle/repository.py:SetupLifecycleRepository.advance_canonical_selections,scripts/qa/t13d_configuration_benchmark.py:RulePreload.scalars,UNREVIEWED,Global method-name inference removed; receiver family review still required
app/services/setup_lifecycle/repository.py:SetupLifecycleRepository.alert_event_by_key,scripts/profile_sec_performance.py:ProfilingSession.scalar,UNREVIEWED,Global method-name inference removed; receiver family review still required
app/services/setup_lifecycle/repository.py:SetupLifecycleRepository.alert_event_key,app/services/setup_lifecycle/repository.py:SetupLifecycleRepository.stable_key,CONFIRMED_CALL_GRAPH,Exact declared/imported/default source resolution: LOCAL_METHOD
app/services/setup_lifecycle/repository.py:SetupLifecycleRepository.alert_rules,scripts/qa/t13d_configuration_benchmark.py:RulePreload.scalars,UNREVIEWED,Global method-name inference removed; receiver family review still required
app/services/setup_lifecycle/repository.py:SetupLifecycleRepository.apply_evaluation_counts,app/services/fundamental_ranker_v2.py:FundamentalsV2Config.items,UNREVIEWED,Global method-name inference removed; receiver family review still required
app/services/setup_lifecycle/repository.py:SetupLifecycleRepository.canonical_snapshot_histories_before,app/services/fundamental_ranker_v2.py:FundamentalsV2Config.items,UNREVIEWED,Global method-name inference removed; receiver family review still required
app/services/setup_lifecycle/repository.py:SetupLifecycleRepository.canonical_snapshot_histories_before,scripts/qa/t13d_configuration_benchmark.py:RulePreload.scalars,UNREVIEWED,Global method-name inference removed; receiver family review still required
app/services/setup_lifecycle/repository.py:SetupLifecycleRepository.canonical_snapshot_history,scripts/qa/t13d_configuration_benchmark.py:RulePreload.scalars,UNREVIEWED,Global method-name inference removed; receiver family review still required
app/services/setup_lifecycle/repository.py:SetupLifecycleRepository.count_active_episodes,scripts/profile_sec_performance.py:ProfilingSession.scalar,UNREVIEWED,Global method-name inference removed; receiver family review still required
app/services/setup_lifecycle/repository.py:SetupLifecycleRepository.current_cross_session_snapshot,scripts/profile_sec_performance.py:ProfilingSession.scalar,UNREVIEWED,Global method-name inference removed; receiver family review still required
app/services/setup_lifecycle/repository.py:SetupLifecycleRepository.current_selection_for_key,scripts/profile_sec_performance.py:ProfilingSession.scalar,UNREVIEWED,Global method-name inference removed; receiver family review still required
app/services/setup_lifecycle/repository.py:SetupLifecycleRepository.current_selection_snapshot_ids,scripts/qa/t13d_configuration_benchmark.py:RulePreload.scalars,UNREVIEWED,Global method-name inference removed; receiver family review still required
app/services/setup_lifecycle/repository.py:SetupLifecycleRepository.find_snapshot_by_identity,scripts/profile_sec_performance.py:ProfilingSession.scalar,UNREVIEWED,Global method-name inference removed; receiver family review still required
app/services/setup_lifecycle/repository.py:SetupLifecycleRepository.get_lifecycle_event,scripts/profile_sec_performance.py:ProfilingSession.scalar,UNREVIEWED,Global method-name inference removed; receiver family review still required
app/services/setup_lifecycle/repository.py:SetupLifecycleRepository.get_signal_change_event,scripts/profile_sec_performance.py:ProfilingSession.scalar,UNREVIEWED,Global method-name inference removed; receiver family review still required
app/services/setup_lifecycle/repository.py:SetupLifecycleRepository.get_signal_change_events_by_ids,scripts/qa/t13d_configuration_benchmark.py:RulePreload.scalars,UNREVIEWED,Global method-name inference removed; receiver family review still required
app/services/setup_lifecycle/repository.py:SetupLifecycleRepository.get_snapshots_by_ids,scripts/qa/t13d_configuration_benchmark.py:RulePreload.scalars,UNREVIEWED,Global method-name inference removed; receiver family review still required
app/services/setup_lifecycle/repository.py:SetupLifecycleRepository.hash_token,app/services/setup_lifecycle/repository.py:SetupLifecycleRepository.stable_key,CONFIRMED_CALL_GRAPH,Exact declared/imported/default source resolution: LOCAL_METHOD
app/services/setup_lifecycle/repository.py:SetupLifecycleRepository.historical_session_canonical_snapshot,scripts/profile_sec_performance.py:ProfilingSession.scalar,UNREVIEWED,Global method-name inference removed; receiver family review still required
app/services/setup_lifecycle/repository.py:SetupLifecycleRepository.latest_authoritative_evaluation_version,scripts/profile_sec_performance.py:ProfilingSession.scalar,UNREVIEWED,Global method-name inference removed; receiver family review still required
app/services/setup_lifecycle/repository.py:SetupLifecycleRepository.latest_closed_episode,scripts/profile_sec_performance.py:ProfilingSession.scalar,UNREVIEWED,Global method-name inference removed; receiver family review still required
app/services/setup_lifecycle/repository.py:SetupLifecycleRepository.lifecycle_episodes_for_keys,scripts/qa/t13d_configuration_benchmark.py:RulePreload.scalars,UNREVIEWED,Global method-name inference removed; receiver family review still required
app/services/setup_lifecycle/repository.py:SetupLifecycleRepository.lifecycle_event_key,app/services/setup_lifecycle/repository.py:SetupLifecycleRepository.stable_key,CONFIRMED_CALL_GRAPH,Exact declared/imported/default source resolution: LOCAL_METHOD
app/services/setup_lifecycle/repository.py:SetupLifecycleRepository.load_canonicalization_candidates,scripts/qa/t13d_configuration_benchmark.py:RulePreload.scalars,UNREVIEWED,Global method-name inference removed; receiver family review still required
app/services/setup_lifecycle/repository.py:SetupLifecycleRepository.load_snapshots_for_run,scripts/qa/t13d_configuration_benchmark.py:RulePreload.scalars,UNREVIEWED,Global method-name inference removed; receiver family review still required
app/services/setup_lifecycle/repository.py:SetupLifecycleRepository.previous_canonical_snapshot,scripts/profile_sec_performance.py:ProfilingSession.scalar,UNREVIEWED,Global method-name inference removed; receiver family review still required
app/services/setup_lifecycle/repository.py:SetupLifecycleRepository.previous_canonical_snapshots,scripts/qa/t13d_configuration_benchmark.py:RulePreload.scalars,UNREVIEWED,Global method-name inference removed; receiver family review still required
app/services/setup_lifecycle/repository.py:SetupLifecycleRepository.recent_alert_events,scripts/qa/t13d_configuration_benchmark.py:RulePreload.scalars,UNREVIEWED,Global method-name inference removed; receiver family review still required
app/services/setup_lifecycle/repository.py:SetupLifecycleRepository.signal_change_key,app/services/setup_lifecycle/repository.py:SetupLifecycleRepository.stable_hash,CONFIRMED_CALL_GRAPH,Exact declared/imported/default source resolution: LOCAL_METHOD
app/services/setup_lifecycle/repository.py:SetupLifecycleRepository.upsert_alert_rule,scripts/profile_sec_performance.py:ProfilingSession.scalar,UNREVIEWED,Global method-name inference removed; receiver family review still required
app/services/setup_lifecycle/repository.py:SetupLifecycleRepository.upsert_snapshots,scripts/certify_technical_artifact_cache.py:main.SinkDb.add_all,UNREVIEWED,Global method-name inference removed; receiver family review still required
app/services/setup_lifecycle/repository.py:SetupLifecycleRepository.upsert_snapshots,scripts/qa/t13d_configuration_benchmark.py:RulePreload.scalars,UNREVIEWED,Global method-name inference removed; receiver family review still required
app/services/setup_lifecycle/signal_registry.py:SignalDefinitionRegistry.from_config,app/services/fundamental_ranker_v2.py:FundamentalsV2Config.items,UNREVIEWED,Global method-name inference removed; receiver family review still required
app/services/setup_lifecycle/snapshot_builder.py:SetupLifecycleSnapshotBuilder.__init__,app/services/decision_effective_configuration.py:DecisionEffectiveConfiguration.setup_config,UNREVIEWED,Global method-name inference removed; receiver family review still required
app/services/setup_lifecycle/snapshot_builder.py:SetupLifecycleSnapshotBuilder._missing_data,app/services/fundamental_ranker_v2.py:FundamentalsV2Config.items,UNREVIEWED,Global method-name inference removed; receiver family review still required
app/services/setup_lifecycle/snapshot_builder.py:SetupLifecycleSnapshotBuilder._score_velocities,app/services/fundamental_ranker_v2.py:FundamentalsV2Config.items,UNREVIEWED,Global method-name inference removed; receiver family review still required
app/services/setup_lifecycle/snapshot_builder.py:SetupLifecycleSnapshotBuilder._score_velocities,app/services/setup_lifecycle/signal_registry.py:SignalDefinitionRegistry.require,UNREVIEWED,Global method-name inference removed; receiver family review still required
app/services/setup_lifecycle/snapshot_builder.py:SetupLifecycleSnapshotBuilder._signals_json,app/services/setup_lifecycle/signal_registry.py:SignalDefinitionRegistry.definitions,UNREVIEWED,Global method-name inference removed; receiver family review still required
app/services/setup_lifecycle/snapshot_builder.py:SetupLifecycleSnapshotBuilder._source_values,app/services/setup_lifecycle/signal_registry.py:SignalDefinitionRegistry.definitions,UNREVIEWED,Global method-name inference removed; receiver family review still required
app/services/setup_lifecycle/snapshot_builder.py:SetupLifecycleSnapshotBuilder.build,app/services/core_effective_configuration.py:CoreEffectiveConfiguration.bind,UNREVIEWED,Global method-name inference removed; receiver family review still required
app/services/setup_lifecycle/snapshot_builder.py:SetupLifecycleSnapshotCaptureService.__init__,app/services/decision_effective_configuration.py:DecisionEffectiveConfiguration.setup_config,UNREVIEWED,Global method-name inference removed; receiver family review still required
app/services/setup_lifecycle/snapshot_builder.py:build_run_context_snapshots,app/services/setup_lifecycle/signal_registry.py:SignalDefinitionRegistry.require,UNREVIEWED,Global method-name inference removed; receiver family review still required
app/services/setup_lifecycle/source_loader.py:SetupLifecycleSourceLoader._latest_market_snapshot,scripts/profile_sec_performance.py:ProfilingSession.scalar,UNREVIEWED,Global method-name inference removed; receiver family review still required
app/services/setup_lifecycle/source_loader.py:SetupLifecycleSourceLoader._latest_sector_snapshot,scripts/profile_sec_performance.py:ProfilingSession.scalar,UNREVIEWED,Global method-name inference removed; receiver family review still required
app/services/setup_lifecycle/source_loader.py:SetupLifecycleSourceLoader._load_price_bars,scripts/qa/t13d_configuration_benchmark.py:RulePreload.scalars,UNREVIEWED,Global method-name inference removed; receiver family review still required
app/services/setup_lifecycle/source_loader.py:SetupLifecycleSourceLoader.load_run_context,app/services/fundamental_ranker_v2.py:FundamentalsV2Config.items,UNREVIEWED,Global method-name inference removed; receiver family review still required
app/services/setup_lifecycle/source_loader.py:SetupLifecycleSourceLoader.load_run_context,scripts/qa/t13d_configuration_benchmark.py:RulePreload.scalars,UNREVIEWED,Global method-name inference removed; receiver family review still required
app/services/setup_lifecycle/source_loader.py:_latest_bars_by_ticker,app/services/fundamental_ranker_v2.py:FundamentalsV2Config.items,UNREVIEWED,Global method-name inference removed; receiver family review still required
app/services/setup_quality_v5.py:_weights_for,app/services/fundamental_ranker_v2.py:FundamentalsV2Config.items,UNREVIEWED,Global method-name inference removed; receiver family review still required
app/services/startup_preflight.py:_resolve_storage_path,app/services/ceri/effective_session_service.py:CeriEffectiveSessionService.resolve,UNREVIEWED,Global method-name inference removed; receiver family review still required
app/services/startup_preflight.py:run_startup_preflight,app/services/ceri/effective_session_service.py:CeriEffectiveSessionService.resolve,UNREVIEWED,Global method-name inference removed; receiver family review still required
app/services/supervisor_registry.py:heartbeat_supervisor,app/services/fundamental_ranker_v2.py:FundamentalsV2Config.items,UNREVIEWED,Global method-name inference removed; receiver family review still required
app/services/supervisor_registry.py:heartbeat_supervisor,app/services/winner_probability/operations_service.py:WinnerProbabilityOperationsService.status,UNREVIEWED,Global method-name inference removed; receiver family review still required
app/services/supervisor_registry.py:live_supervisors,scripts/qa/t13d_configuration_benchmark.py:EmptyRuleRows.all,UNREVIEWED,Global method-name inference removed; receiver family review still required
app/services/supervisor_registry.py:live_supervisors,scripts/qa/t13d_configuration_benchmark.py:RulePreload.scalars,UNREVIEWED,Global method-name inference removed; receiver family review still required
app/services/technical_artifact_cache.py:get_local_artifact,app/services/ceri/observability.py:CeriMetricRegistry.increment,UNREVIEWED,Global method-name inference removed; receiver family review still required
app/services/technical_artifact_cache.py:get_local_artifact,scripts/profile_sec_performance.py:ProfilingSession.scalar,UNREVIEWED,Global method-name inference removed; receiver family review still required
app/services/technical_artifact_cache.py:record_local_artifact_shadow_validation,scripts/profile_sec_performance.py:ProfilingSession.scalar,UNREVIEWED,Global method-name inference removed; receiver family review still required
app/services/technical_artifact_cache.py:upsert_local_artifact,scripts/profile_sec_performance.py:ProfilingSession.scalar,UNREVIEWED,Global method-name inference removed; receiver family review still required
app/services/technical_consumer_eligibility.py:technical_decision_input,app/services/fundamental_ranker_v2.py:FundamentalsV2Config.items,UNREVIEWED,Global method-name inference removed; receiver family review still required
app/services/technical_feature_flags.py:_active_keys,app/services/fundamental_ranker_v2.py:FundamentalsV2Config.items,UNREVIEWED,Global method-name inference removed; receiver family review still required
app/services/technical_indicators.py:_pullback_geometry,scripts/qa/t13d_configuration_benchmark.py:EmptyRuleRows.all,UNREVIEWED,Global method-name inference removed; receiver family review still required
app/services/technical_indicators.py:_relative_strength_features_for_aligned,app/services/fundamental_ranker_v2.py:FundamentalsV2Config.items,UNREVIEWED,Global method-name inference removed; receiver family review still required
app/services/technical_score_service.py:TechnicalScoringOverlapCoordinator.__init__,app/services/core_effective_configuration.py:CoreEffectiveConfiguration.require_retry_identity,CONFIRMED_CALL_GRAPH,Exact declared/imported/default source resolution: DEFAULT_IMPLEMENTATION
app/services/technical_score_service.py:TechnicalScoringOverlapCoordinator._activate_sequential_fallback,app/services/ceri/observability.py:CeriMetricRegistry.increment,UNREVIEWED,Global method-name inference removed; receiver family review still required
app/services/technical_score_service.py:TechnicalScoringOverlapCoordinator._activate_sequential_fallback,app/services/ceri/sec/state_service.py:SecDocumentStateService.cancel,UNREVIEWED,Global method-name inference removed; receiver family review still required
app/services/technical_score_service.py:TechnicalScoringOverlapCoordinator._drain_completed,app/services/background_worker.py:_execute_full_pipeline_job.lease_guard,UNREVIEWED,Global method-name inference removed; receiver family review still required
app/services/technical_score_service.py:TechnicalScoringOverlapCoordinator._drain_completed,app/services/ceri/sec/state_service.py:SecDocumentStateService.cancel,UNREVIEWED,Global method-name inference removed; receiver family review still required
app/services/technical_score_service.py:TechnicalScoringOverlapCoordinator._finalize_sequential_fallback,app/services/background_worker.py:_execute_full_pipeline_job.lease_guard,UNREVIEWED,Global method-name inference removed; receiver family review still required
app/services/technical_score_service.py:TechnicalScoringOverlapCoordinator._persist_completed_artifacts,app/services/background_worker.py:_execute_full_pipeline_job.lease_guard,UNREVIEWED,Global method-name inference removed; receiver family review still required
app/services/technical_score_service.py:TechnicalScoringOverlapCoordinator._resubmit_stale_market_results,app/services/ceri/observability.py:CeriMetricRegistry.increment,UNREVIEWED,Global method-name inference removed; receiver family review still required
app/services/technical_score_service.py:TechnicalScoringOverlapCoordinator._submit_ready,app/services/background_worker.py:_execute_full_pipeline_job.lease_guard,UNREVIEWED,Global method-name inference removed; receiver family review still required
app/services/technical_score_service.py:TechnicalScoringOverlapCoordinator.abort,app/services/ceri/sec/state_service.py:SecDocumentStateService.cancel,UNREVIEWED,Global method-name inference removed; receiver family review still required
app/services/technical_score_service.py:TechnicalScoringOverlapCoordinator.finalize,app/services/background_worker.py:_execute_full_pipeline_job.lease_guard,UNREVIEWED,Global method-name inference removed; receiver family review still required
app/services/technical_score_service.py:_record_technical_duration,app/services/ceri/observability.py:CeriMetricRegistry.observe,UNREVIEWED,Global method-name inference removed; receiver family review still required
app/services/technical_score_service.py:_record_temporal_lineage_metrics,app/services/ceri/observability.py:CeriMetricRegistry.increment,UNREVIEWED,Global method-name inference removed; receiver family review still required
app/services/technical_score_service.py:_record_temporal_lineage_metrics,app/services/ceri/observability.py:CeriMetricRegistry.observe,UNREVIEWED,Global method-name inference removed; receiver family review still required
app/services/technical_score_service.py:_record_temporal_lineage_metrics,app/services/fundamental_ranker_v2.py:FundamentalsV2Config.items,UNREVIEWED,Global method-name inference removed; receiver family review still required
app/services/technical_score_service.py:_score_tickers_legacy,app/services/ceri/observability.py:CeriMetricRegistry.increment,UNREVIEWED,Global method-name inference removed; receiver family review still required
app/services/technical_score_service.py:_score_tickers_process_pool,app/observability/metrics.py:PrometheusMetrics.set_gauge,UNREVIEWED,Global method-name inference removed; receiver family review still required
app/services/technical_score_service.py:_score_tickers_process_pool,app/services/ceri/observability.py:CeriMetricRegistry.increment,UNREVIEWED,Global method-name inference removed; receiver family review still required
app/services/technical_score_service.py:_score_tickers_pure_sequential,app/services/ceri/observability.py:CeriMetricRegistry.increment,UNREVIEWED,Global method-name inference removed; receiver family review still required
app/services/technical_score_service.py:_technical_score_differences,app/services/setup_lifecycle/signal_registry.py:SignalDefinitionRegistry.keys,UNREVIEWED,Global method-name inference removed; receiver family review still required
app/services/technical_score_service.py:_technical_v5_run_context,app/services/fundamental_ranker_v2.py:FundamentalsV2Config.items,UNREVIEWED,Global method-name inference removed; receiver family review still required
app/services/technical_score_service.py:_technical_v5_run_context,scripts/qa/t13d_configuration_benchmark.py:EmptyRuleRows.all,UNREVIEWED,Global method-name inference removed; receiver family review still required
app/services/technical_score_service.py:_tickers_for_run,scripts/qa/t13d_configuration_benchmark.py:RulePreload.scalars,UNREVIEWED,Global method-name inference removed; receiver family review still required
app/services/technical_score_service.py:finalize_technical_scores,scripts/certify_technical_artifact_cache.py:main.SinkDb.add_all,UNREVIEWED,Global method-name inference removed; receiver family review still required
app/services/technical_score_v4.py:_regime_weights,app/services/fundamental_ranker_v2.py:FundamentalsV2Config.items,UNREVIEWED,Global method-name inference removed; receiver family review still required
app/services/technical_score_v5.py:technical_score_v5_from_base_score,app/services/fundamental_ranker_v2.py:FundamentalsV2Config.items,UNREVIEWED,Global method-name inference removed; receiver family review still required
app/services/technical_scoring_config.py:_deep_merge,app/services/fundamental_ranker_v2.py:FundamentalsV2Config.items,UNREVIEWED,Global method-name inference removed; receiver family review still required
app/services/technical_scoring_config.py:_validate_regime_weights,app/services/fundamental_ranker_v2.py:FundamentalsV2Config.items,UNREVIEWED,Global method-name inference removed; receiver family review still required
app/services/technical_strength_v5.py:calculate_technical_strength,app/services/fundamental_ranker_v2.py:FundamentalsV2Config.items,UNREVIEWED,Global method-name inference removed; receiver family review still required
app/services/technical_v51_overlay_research.py:_bootstrap_series_ci,scripts/qa/run_m05_scale.py:_percentiles.percentile,UNREVIEWED,Global method-name inference removed; receiver family review still required
app/services/technical_v51_overlay_research.py:action_transitions,app/services/fundamental_ranker_v2.py:FundamentalsV2Config.items,UNREVIEWED,Global method-name inference removed; receiver family review still required
app/services/technical_v51_overlay_research.py:add_extension_states,app/services/fundamental_ranker_v2.py:FundamentalsV2Config.items,UNREVIEWED,Global method-name inference removed; receiver family review still required
app/services/technical_v51_overlay_research.py:build_candidate_rankings,app/services/fundamental_ranker_v2.py:FundamentalsV2Config.items,UNREVIEWED,Global method-name inference removed; receiver family review still required
app/services/technical_v51_overlay_research.py:classify_extension_row,app/services/fundamental_ranker_v2.py:FundamentalsV2Config.items,UNREVIEWED,Global method-name inference removed; receiver family review still required
app/services/technical_v51_overlay_research.py:load_research_config,app/services/fundamental_ranker_v2.py:FundamentalsV2Config.items,UNREVIEWED,Global method-name inference removed; receiver family review still required
app/services/technical_v51_overlay_research.py:stable_hash,app/services/canonical_evidence.py:CanonicalEvidenceSerializer.dumps,UNREVIEWED,Global method-name inference removed; receiver family review still required
app/services/technical_v5_calibration.py:component_ablation_record,app/services/fundamental_ranker_v2.py:FundamentalsV2Config.items,UNREVIEWED,Global method-name inference removed; receiver family review still required
app/services/technical_v5_forensics.py:candidate_scores,app/services/fundamental_ranker_v2.py:FundamentalsV2Config.items,UNREVIEWED,Global method-name inference removed; receiver family review still required
app/services/technical_v5_forensics.py:cohort_forensics,app/services/fundamental_ranker_v2.py:FundamentalsV2Config.items,UNREVIEWED,Global method-name inference removed; receiver family review still required
app/services/technical_v5_forensics.py:component_forensics,app/services/fundamental_ranker_v2.py:FundamentalsV2Config.items,UNREVIEWED,Global method-name inference removed; receiver family review still required
app/services/technical_v5_forensics.py:setup_forensics,app/services/fundamental_ranker_v2.py:FundamentalsV2Config.items,UNREVIEWED,Global method-name inference removed; receiver family review still required
app/services/technical_work.py:_with_temporal_lineage,app/services/fundamental_ranker_v2.py:FundamentalsV2Config.items,UNREVIEWED,Global method-name inference removed; receiver family review still required
app/services/transition_preflight_plan_service.py:_build_decision_handoff_payload,scripts/qa/t13d_configuration_benchmark.py:RulePreload.scalars,UNREVIEWED,Global method-name inference removed; receiver family review still required
app/services/transition_preflight_plan_service.py:_collect_source_ids,app/services/fundamental_ranker_v2.py:FundamentalsV2Config.items,UNREVIEWED,Global method-name inference removed; receiver family review still required
app/services/transition_preflight_plan_service.py:_create_pipeline_decision_handoff_plan,app/services/fundamental_ranker_v2.py:FundamentalsV2Config.items,UNREVIEWED,Global method-name inference removed; receiver family review still required
app/services/transition_preflight_plan_service.py:_validate_handoff_temporal_lineage,app/services/fundamental_ranker_v2.py:FundamentalsV2Config.items,UNREVIEWED,Global method-name inference removed; receiver family review still required
app/services/transition_preflight_plan_service.py:_validate_handoff_temporal_lineage,scripts/qa/t13d_configuration_benchmark.py:RulePreload.scalars,UNREVIEWED,Global method-name inference removed; receiver family review still required
app/services/transition_preflight_plan_service.py:build_run_start_anchor_manifest,app/services/fundamental_ranker_v2.py:FundamentalsV2Config.items,UNREVIEWED,Global method-name inference removed; receiver family review still required
app/services/transition_preflight_plan_service.py:build_run_start_anchor_manifest,scripts/qa/t13d_configuration_benchmark.py:RulePreload.scalars,UNREVIEWED,Global method-name inference removed; receiver family review still required
app/services/transition_preflight_plan_service.py:cancel_transition_preflight,scripts/profile_sec_performance.py:ProfilingSession.scalar,UNREVIEWED,Global method-name inference removed; receiver family review still required
app/services/transition_preflight_plan_service.py:create_transition_preflight_plan,scripts/profile_sec_performance.py:ProfilingSession.scalar,UNREVIEWED,Global method-name inference removed; receiver family review still required
app/services/transition_preflight_plan_service.py:expire_abandoned_preflights,scripts/qa/t13d_configuration_benchmark.py:RulePreload.scalars,UNREVIEWED,Global method-name inference removed; receiver family review still required
app/services/transition_preflight_plan_service.py:freeze_transition_decision_handoff_manifest,scripts/profile_sec_performance.py:ProfilingSession.scalar,UNREVIEWED,Global method-name inference removed; receiver family review still required
app/services/transition_preflight_plan_service.py:verify_transition_decision_manifests_before_mutation,scripts/profile_sec_performance.py:ProfilingSession.scalar,UNREVIEWED,Global method-name inference removed; receiver family review still required
app/services/transition_preflight_plan_service.py:verify_transition_preflight_for_enqueue,scripts/profile_sec_performance.py:ProfilingSession.scalar,UNREVIEWED,Global method-name inference removed; receiver family review still required
app/services/upload_service.py:create_upload_run,scripts/certify_technical_artifact_cache.py:main.SinkDb.add_all,UNREVIEWED,Global method-name inference removed; receiver family review still required
app/services/winner_probability/api_service.py:WinnerProbabilityApiService._estimate_by_kind,scripts/profile_sec_performance.py:ProfilingSession.scalar,UNREVIEWED,Global method-name inference removed; receiver family review still required
app/services/winner_probability/api_service.py:WinnerProbabilityApiService._evidence_members,scripts/qa/t13d_configuration_benchmark.py:RulePreload.scalars,UNREVIEWED,Global method-name inference removed; receiver family review still required
app/services/winner_probability/api_service.py:WinnerProbabilityApiService._forward_outcomes,scripts/qa/t13d_configuration_benchmark.py:RulePreload.scalars,UNREVIEWED,Global method-name inference removed; receiver family review still required
app/services/winner_probability/api_service.py:WinnerProbabilityApiService._resolve_outcome_definition,scripts/profile_sec_performance.py:ProfilingSession.scalar,UNREVIEWED,Global method-name inference removed; receiver family review still required
app/services/winner_probability/api_service.py:WinnerProbabilityApiService._target_stop_outcomes,scripts/qa/t13d_configuration_benchmark.py:RulePreload.scalars,UNREVIEWED,Global method-name inference removed; receiver family review still required
app/services/winner_probability/api_service.py:WinnerProbabilityApiService.get_model_calibration,scripts/qa/t13d_configuration_benchmark.py:RulePreload.scalars,UNREVIEWED,Global method-name inference removed; receiver family review still required
app/services/winner_probability/api_service.py:WinnerProbabilityApiService.get_model_drift,scripts/qa/t13d_configuration_benchmark.py:RulePreload.scalars,UNREVIEWED,Global method-name inference removed; receiver family review still required
app/services/winner_probability/api_service.py:WinnerProbabilityApiService.get_neighbors,scripts/qa/t13d_configuration_benchmark.py:RulePreload.scalars,UNREVIEWED,Global method-name inference removed; receiver family review still required
app/services/winner_probability/api_service.py:WinnerProbabilityApiService.get_run_evidence,scripts/qa/t13d_configuration_benchmark.py:RulePreload.scalars,UNREVIEWED,Global method-name inference removed; receiver family review still required
app/services/winner_probability/api_service.py:WinnerProbabilityApiService.get_ticker_history,scripts/qa/t13d_configuration_benchmark.py:RulePreload.scalars,UNREVIEWED,Global method-name inference removed; receiver family review still required
app/services/winner_probability/api_service.py:WinnerProbabilityApiService.list_models,scripts/qa/t13d_configuration_benchmark.py:RulePreload.scalars,UNREVIEWED,Global method-name inference removed; receiver family review still required
app/services/winner_probability/api_service.py:_latest_calibration_at,scripts/qa/t13d_configuration_benchmark.py:RulePreload.scalars,UNREVIEWED,Global method-name inference removed; receiver family review still required
app/services/winner_probability/backfill.py:_load_runs,scripts/qa/t13d_configuration_benchmark.py:RulePreload.scalars,UNREVIEWED,Global method-name inference removed; receiver family review still required
app/services/winner_probability/calculation_identity.py:_validate_raw,app/services/calculation_identity.py:CalculationIdentityCompatibility.diagnostic,UNREVIEWED,Global method-name inference removed; receiver family review still required
app/services/winner_probability/calculation_identity.py:acquire_winner_sources,app/services/contextual_effective_configuration.py:ContextualEffectiveConfiguration.regime_config,UNREVIEWED,Global method-name inference removed; receiver family review still required
app/services/winner_probability/calculation_identity.py:build_winner_prediction_identity,app/services/core_effective_configuration.py:CoreEffectiveConfiguration.bind,UNREVIEWED,Global method-name inference removed; receiver family review still required
app/services/winner_probability/calculation_identity.py:validate_winner_handoff,app/services/calculation_identity.py:CalculationIdentityCompatibility.diagnostic,UNREVIEWED,Global method-name inference removed; receiver family review still required
app/services/winner_probability/capture_service.py:WinnerPredictionCaptureService.capture_run,app/services/decision_effective_configuration.py:DecisionEffectiveConfiguration.winner_config,UNREVIEWED,Global method-name inference removed; receiver family review still required
app/services/winner_probability/capture_service.py:WinnerPredictionCaptureService.capture_run,app/services/fundamental_ranker_v2.py:FundamentalsV2Config.items,UNREVIEWED,Global method-name inference removed; receiver family review still required
app/services/winner_probability/capture_service.py:WinnerPredictionCaptureService.capture_run,app/services/winner_probability/consumer_eligibility.py:WinnerSourceEligibilityError.metadata,UNREVIEWED,Global method-name inference removed; receiver family review still required
app/services/winner_probability/capture_service.py:_MutableCaptureCounts.add,app/services/fundamental_ranker_v2.py:FundamentalsV2Config.items,UNREVIEWED,Global method-name inference removed; receiver family review still required
app/services/winner_probability/capture_service.py:_MutableCaptureCounts.to_result,app/services/fundamental_ranker_v2.py:FundamentalsV2Config.items,UNREVIEWED,Global method-name inference removed; receiver family review still required
app/services/winner_probability/cohort_definition.py:CohortDefinitionService.ensure_definition,scripts/profile_sec_performance.py:ProfilingSession.scalar,UNREVIEWED,Global method-name inference removed; receiver family review still required
app/services/winner_probability/cohort_definition.py:_cohort_key,app/services/canonical_evidence.py:CanonicalEvidenceSerializer.dumps,UNREVIEWED,Global method-name inference removed; receiver family review still required
app/services/winner_probability/cohort_generation_service.py:CohortGenerationService._assert_temporally_clean,app/services/winner_probability/cohort_generation_service.py:CohortGenerationService.audit_temporal_integrity,CONFIRMED_CALL_GRAPH,Exact declared/imported/default source resolution: DECLARED_RECEIVER_OR_RETURN
app/services/winner_probability/cohort_generation_service.py:CohortGenerationService._locked_published_for_state,scripts/profile_sec_performance.py:ProfilingSession.scalar,UNREVIEWED,Global method-name inference removed; receiver family review still required
app/services/winner_probability/cohort_generation_service.py:CohortGenerationService.audit_temporal_integrity,scripts/qa/t13d_configuration_benchmark.py:RulePreload.scalars,UNREVIEWED,Global method-name inference removed; receiver family review still required
app/services/winner_probability/cohort_generation_service.py:CohortGenerationService.capture_or_resume,scripts/profile_sec_performance.py:ProfilingSession.scalar,UNREVIEWED,Global method-name inference removed; receiver family review still required
app/services/winner_probability/cohort_generation_service.py:CohortGenerationService.get_published_cohort_generation,scripts/profile_sec_performance.py:ProfilingSession.scalar,UNREVIEWED,Global method-name inference removed; receiver family review still required
app/services/winner_probability/cohort_generation_service.py:CohortGenerationService.publish,scripts/profile_sec_performance.py:ProfilingSession.scalar,UNREVIEWED,Global method-name inference removed; receiver family review still required
app/services/winner_probability/cohort_generation_service.py:CohortGenerationService.publish_reviewed_supersession,scripts/qa/t13d_configuration_benchmark.py:RulePreload.scalars,UNREVIEWED,Global method-name inference removed; receiver family review still required
app/services/winner_probability/cohort_generation_service.py:EvidenceWatermarkService._locked_state,scripts/profile_sec_performance.py:ProfilingSession.scalar,UNREVIEWED,Global method-name inference removed; receiver family review still required
app/services/winner_probability/cohort_generation_service.py:_canonical_hash,app/services/canonical_evidence.py:CanonicalEvidenceSerializer.dumps,UNREVIEWED,Global method-name inference removed; receiver family review still required
app/services/winner_probability/cohort_generation_service.py:_contract_statement,app/services/fundamental_ranker_v2.py:FundamentalsV2Config.items,UNREVIEWED,Global method-name inference removed; receiver family review still required
app/services/winner_probability/cohort_materialization_service.py:CohortMaterializationService._groups,app/services/fundamental_ranker_v2.py:FundamentalsV2Config.items,UNREVIEWED,Global method-name inference removed; receiver family review still required
app/services/winner_probability/cohort_materialization_service.py:CohortMaterializationService._validate_complete,scripts/profile_sec_performance.py:ProfilingSession.scalar,UNREVIEWED,Global method-name inference removed; receiver family review still required
app/services/winner_probability/cohort_materialization_service.py:CohortMaterializationService.materialize_slice,scripts/profile_sec_performance.py:ProfilingSession.scalar,UNREVIEWED,Global method-name inference removed; receiver family review still required
app/services/winner_probability/config.py:_normalized_config_payload,app/services/canonical_evidence.py:CanonicalEvidenceSerializer.dumps,UNREVIEWED,Global method-name inference removed; receiver family review still required
app/services/winner_probability/config.py:_parse_drift,app/services/fundamental_ranker_v2.py:FundamentalsV2Config.items,UNREVIEWED,Global method-name inference removed; receiver family review still required
app/services/winner_probability/config.py:_parse_estimate_views,app/services/fundamental_ranker_v2.py:FundamentalsV2Config.items,UNREVIEWED,Global method-name inference removed; receiver family review still required
app/services/winner_probability/config.py:load_winner_probability_config,app/services/canonical_evidence.py:CanonicalEvidenceSerializer.dumps,UNREVIEWED,Global method-name inference removed; receiver family review still required
app/services/winner_probability/consumer_eligibility.py:WinnerSourceEligibilityError.__init__,app/services/fundamental_ranker_v2.py:FundamentalsV2Config.items,UNREVIEWED,Global method-name inference removed; receiver family review still required
app/services/winner_probability/decision_time_estimate_service.py:DecisionTimeEstimateService.capture_run_evidence_metrics,app/services/winner_probability/evidence_service.py:EvidenceService.run_candidate_metrics,CONFIRMED_CALL_GRAPH,Exact declared/imported/default source resolution: DECLARED_RECEIVER_OR_RETURN
app/services/winner_probability/decision_time_estimate_service.py:DecisionTimeEstimateService.clear_capture_run,app/services/winner_probability/evidence_service.py:EvidenceService.clear_run_candidate_universe,CONFIRMED_CALL_GRAPH,Exact declared/imported/default source resolution: DECLARED_RECEIVER_OR_RETURN
app/services/winner_probability/decision_time_estimate_service.py:DecisionTimeEstimateService.prepare_capture_run,app/services/winner_probability/evidence_service.py:EvidenceService.prepare_run_candidate_universe,CONFIRMED_CALL_GRAPH,Exact declared/imported/default source resolution: DECLARED_RECEIVER_OR_RETURN
app/services/winner_probability/drift_service.py:DriftService.calculate,app/services/fundamental_ranker_v2.py:FundamentalsV2Config.items,UNREVIEWED,Global method-name inference removed; receiver family review still required
app/services/winner_probability/dtos.py:WinnerProbabilityFilters.as_query_params,app/services/fundamental_ranker_v2.py:FundamentalsV2Config.items,UNREVIEWED,Global method-name inference removed; receiver family review still required
app/services/winner_probability/estimate_publication_service.py:WinnerEstimatePublicationService._locked_estimates,scripts/qa/t13d_configuration_benchmark.py:RulePreload.scalars,UNREVIEWED,Global method-name inference removed; receiver family review still required
app/services/winner_probability/estimate_publication_service.py:WinnerEstimatePublicationService._validate_global_preconditions,scripts/profile_sec_performance.py:ProfilingSession.scalar,UNREVIEWED,Global method-name inference removed; receiver family review still required
app/services/winner_probability/estimate_publication_service.py:WinnerEstimatePublicationService._validate_global_preconditions,scripts/qa/t13d_configuration_benchmark.py:RulePreload.scalars,UNREVIEWED,Global method-name inference removed; receiver family review still required
app/services/winner_probability/estimate_publication_service.py:WinnerEstimatePublicationService.publish,scripts/profile_sec_performance.py:ProfilingSession.scalar,UNREVIEWED,Global method-name inference removed; receiver family review still required
app/services/winner_probability/estimate_publication_service.py:WinnerEstimatePublicationService.publish,scripts/qa/t13d_configuration_benchmark.py:RulePreload.scalars,UNREVIEWED,Global method-name inference removed; receiver family review still required
app/services/winner_probability/estimate_publication_service.py:serving_id_snapshot,scripts/qa/t13d_configuration_benchmark.py:RulePreload.scalars,UNREVIEWED,Global method-name inference removed; receiver family review still required
app/services/winner_probability/estimate_publication_service.py:transition_manifest_hash,app/services/fundamental_ranker_v2.py:FundamentalsV2Config.items,UNREVIEWED,Global method-name inference removed; receiver family review still required
app/services/winner_probability/evidence_manifest_service.py:EvidenceManifestService.create_or_get_manifest,scripts/profile_sec_performance.py:ProfilingSession.scalar,UNREVIEWED,Global method-name inference removed; receiver family review still required
app/services/winner_probability/evidence_manifest_service.py:EvidenceManifestService.persist_manifest_members,scripts/qa/t13d_configuration_benchmark.py:EmptyRuleRows.all,UNREVIEWED,Global method-name inference removed; receiver family review still required
app/services/winner_probability/evidence_manifest_service.py:_hash_payload,app/services/canonical_evidence.py:CanonicalEvidenceSerializer.dumps,UNREVIEWED,Global method-name inference removed; receiver family review still required
app/services/winner_probability/evidence_service.py:EvidenceService._load_compatibility_replays,app/services/winner_probability/evidence_service.py:EvidenceService._load_compatibility_replay_candidates,CONFIRMED_CALL_GRAPH,Exact declared/imported/default source resolution: DECLARED_RECEIVER_OR_RETURN
app/services/winner_probability/evidence_service.py:EvidenceService.diagnostic_funnel,scripts/profile_sec_performance.py:ProfilingSession.scalar,UNREVIEWED,Global method-name inference removed; receiver family review still required
app/services/winner_probability/evidence_service.py:EvidenceService.prepare_run_candidate_universe,app/services/fundamental_ranker_v2.py:FundamentalsV2Config.items,UNREVIEWED,Global method-name inference removed; receiver family review still required
app/services/winner_probability/evidence_service.py:EvidenceService.run_candidate_metrics,app/services/winner_probability/evidence_service.py:RunEvidenceCandidateUniverse.metrics,UNREVIEWED,Global method-name inference removed; receiver family review still required
app/services/winner_probability/evidence_service.py:_load_replay_lineage_rows,scripts/qa/t13d_configuration_benchmark.py:RulePreload.scalars,UNREVIEWED,Global method-name inference removed; receiver family review still required
app/services/winner_probability/evidence_service.py:_matches,app/services/fundamental_ranker_v2.py:FundamentalsV2Config.items,UNREVIEWED,Global method-name inference removed; receiver family review still required
app/services/winner_probability/exports.py:export_outcome_explorer_csv,app/services/canonical_evidence.py:CanonicalEvidenceSerializer.dumps,UNREVIEWED,Global method-name inference removed; receiver family review still required
app/services/winner_probability/exports.py:export_reproduction_manifest_json,app/services/canonical_evidence.py:CanonicalEvidenceSerializer.dumps,UNREVIEWED,Global method-name inference removed; receiver family review still required
app/services/winner_probability/exports.py:export_run_evidence_json,app/services/canonical_evidence.py:CanonicalEvidenceSerializer.dumps,UNREVIEWED,Global method-name inference removed; receiver family review still required
app/services/winner_probability/feature_extractor.py:WinnerFeatureExtractor.extract,app/services/decision_effective_configuration.py:DecisionEffectiveConfiguration.winner_config,UNREVIEWED,Global method-name inference removed; receiver family review still required
app/services/winner_probability/feature_extractor.py:_canonical_feature_json,app/services/fundamental_ranker_v2.py:FundamentalsV2Config.items,UNREVIEWED,Global method-name inference removed; receiver family review still required
app/services/winner_probability/feature_extractor.py:_feature_semantic_hash,app/services/fundamental_ranker_v2.py:FundamentalsV2Config.items,UNREVIEWED,Global method-name inference removed; receiver family review still required
app/services/winner_probability/feature_extractor.py:_stable_hash,app/services/canonical_evidence.py:CanonicalEvidenceSerializer.dumps,UNREVIEWED,Global method-name inference removed; receiver family review still required
app/services/winner_probability/job_handlers.py:_decision_contexts,app/services/fundamental_ranker_v2.py:FundamentalsV2Config.items,UNREVIEWED,Global method-name inference removed; receiver family review still required
app/services/winner_probability/job_handlers.py:_eligible_predictions,scripts/qa/t13d_configuration_benchmark.py:RulePreload.scalars,UNREVIEWED,Global method-name inference removed; receiver family review still required
app/services/winner_probability/job_handlers.py:_freeze_latest_rescore_targets,scripts/qa/t13d_configuration_benchmark.py:RulePreload.scalars,UNREVIEWED,Global method-name inference removed; receiver family review still required
app/services/winner_probability/job_handlers.py:_latest_source_cutoff_at,scripts/profile_sec_performance.py:ProfilingSession.scalar,UNREVIEWED,Global method-name inference removed; receiver family review still required
app/services/winner_probability/job_handlers.py:_start_processing_run,scripts/profile_sec_performance.py:ProfilingSession.scalar,UNREVIEWED,Global method-name inference removed; receiver family review still required
app/services/winner_probability/job_handlers.py:_start_processing_run,scripts/qa/t13d_configuration_benchmark.py:RulePreload.scalars,UNREVIEWED,Global method-name inference removed; receiver family review still required
app/services/winner_probability/job_handlers.py:execute_latest_rescore_job,scripts/qa/t13d_configuration_benchmark.py:RulePreload.scalars,UNREVIEWED,Global method-name inference removed; receiver family review still required
app/services/winner_probability/market_data_obligation_service.py:MarketDataObligationService.ensure_for_outcomes,scripts/qa/t13d_configuration_benchmark.py:RulePreload.scalars,UNREVIEWED,Global method-name inference removed; receiver family review still required
app/services/winner_probability/market_data_obligation_service.py:MarketDataObligationService.evaluate,scripts/qa/t13d_configuration_benchmark.py:RulePreload.scalars,UNREVIEWED,Global method-name inference removed; receiver family review still required
app/services/winner_probability/market_data_obligation_service.py:MarketDataObligationService.record_fetch_results,scripts/qa/t13d_configuration_benchmark.py:RulePreload.scalars,UNREVIEWED,Global method-name inference removed; receiver family review still required
app/services/winner_probability/market_data_obligation_service.py:MarketDataObligationService.recovery_needs,scripts/qa/t13d_configuration_benchmark.py:RulePreload.scalars,UNREVIEWED,Global method-name inference removed; receiver family review still required
app/services/winner_probability/market_data_obligation_service.py:build_recovery_request_plan,app/services/fundamental_ranker_v2.py:FundamentalsV2Config.items,UNREVIEWED,Global method-name inference removed; receiver family review still required
app/services/winner_probability/market_data_obligation_service.py:global_daily_bar_lag,scripts/profile_sec_performance.py:ProfilingSession.scalar,UNREVIEWED,Global method-name inference removed; receiver family review still required
app/services/winner_probability/market_data_obligation_service.py:price_series_watermark,app/services/canonical_evidence.py:CanonicalEvidenceSerializer.dumps,UNREVIEWED,Global method-name inference removed; receiver family review still required
app/services/winner_probability/maturation_canary_service.py:_build_outcome_record,app/services/fundamental_ranker_v2.py:FundamentalsV2Config.items,UNREVIEWED,Global method-name inference removed; receiver family review still required
app/services/winner_probability/maturation_canary_service.py:_build_outcome_record,scripts/qa/t13d_configuration_benchmark.py:RulePreload.scalars,UNREVIEWED,Global method-name inference removed; receiver family review still required
app/services/winner_probability/maturation_canary_service.py:_independent_lineage,app/services/canonical_evidence.py:CanonicalEvidenceSerializer.dumps,UNREVIEWED,Global method-name inference removed; receiver family review still required
app/services/winner_probability/maturation_canary_service.py:_load_bars,scripts/qa/t13d_configuration_benchmark.py:RulePreload.scalars,UNREVIEWED,Global method-name inference removed; receiver family review still required
app/services/winner_probability/maturation_canary_service.py:_series_versions,scripts/qa/t13d_configuration_benchmark.py:RulePreload.scalars,UNREVIEWED,Global method-name inference removed; receiver family review still required
app/services/winner_probability/maturation_canary_service.py:_target_stop_states_for_prediction,scripts/qa/t13d_configuration_benchmark.py:RulePreload.scalars,UNREVIEWED,Global method-name inference removed; receiver family review still required
app/services/winner_probability/maturation_canary_service.py:_verify_actual_result,app/services/canonical_evidence.py:CanonicalEvidenceSerializer.dumps,UNREVIEWED,Global method-name inference removed; receiver family review still required
app/services/winner_probability/maturation_canary_service.py:build_maturation_canary_manifest,scripts/qa/t13d_configuration_benchmark.py:RulePreload.scalars,UNREVIEWED,Global method-name inference removed; receiver family review still required
app/services/winner_probability/maturation_canary_service.py:execute_reviewed_maturation_canary,scripts/profile_sec_performance.py:ProfilingSession.scalar,UNREVIEWED,Global method-name inference removed; receiver family review still required
app/services/winner_probability/model_artifact_service.py:artifact_hash,app/services/canonical_evidence.py:CanonicalEvidenceSerializer.dumps,UNREVIEWED,Global method-name inference removed; receiver family review still required
app/services/winner_probability/model_registry.py:ModelRegistry._active_count,scripts/profile_sec_performance.py:ProfilingSession.scalar,UNREVIEWED,Global method-name inference removed; receiver family review still required
app/services/winner_probability/model_registry.py:ModelRegistry._calibration_bins,scripts/qa/t13d_configuration_benchmark.py:RulePreload.scalars,UNREVIEWED,Global method-name inference removed; receiver family review still required
app/services/winner_probability/model_registry.py:ModelRegistry._has_critical_drift,scripts/profile_sec_performance.py:ProfilingSession.scalar,UNREVIEWED,Global method-name inference removed; receiver family review still required
app/services/winner_probability/model_registry.py:ModelRegistry._is_active,scripts/profile_sec_performance.py:ProfilingSession.scalar,UNREVIEWED,Global method-name inference removed; receiver family review still required
app/services/winner_probability/model_registry.py:ModelRegistry._retire_active_replaced_models,scripts/qa/t13d_configuration_benchmark.py:RulePreload.scalars,UNREVIEWED,Global method-name inference removed; receiver family review still required
app/services/winner_probability/model_registry.py:ModelRegistry._sufficient_drift_metrics,scripts/qa/t13d_configuration_benchmark.py:RulePreload.scalars,UNREVIEWED,Global method-name inference removed; receiver family review still required
app/services/winner_probability/model_registry.py:_stable_hash,app/services/canonical_evidence.py:CanonicalEvidenceSerializer.dumps,UNREVIEWED,Global method-name inference removed; receiver family review still required
app/services/winner_probability/model_training.py:_episode_groups,app/services/fundamental_ranker_v2.py:FundamentalsV2Config.items,UNREVIEWED,Global method-name inference removed; receiver family review still required
app/services/winner_probability/model_training.py:_fit_preprocessor,app/services/fundamental_ranker_v2.py:FundamentalsV2Config.items,UNREVIEWED,Global method-name inference removed; receiver family review still required
app/services/winner_probability/model_training.py:_transform_examples,app/services/fundamental_ranker_v2.py:FundamentalsV2Config.items,UNREVIEWED,Global method-name inference removed; receiver family review still required
app/services/winner_probability/operations_service.py:WinnerProbabilityOperationsService.status,scripts/profile_sec_performance.py:ProfilingSession.scalar,UNREVIEWED,Global method-name inference removed; receiver family review still required
app/services/winner_probability/operations_service.py:WinnerProbabilityOperationsService.status,scripts/qa/t13d_configuration_benchmark.py:RulePreload.scalars,UNREVIEWED,Global method-name inference removed; receiver family review still required
app/services/winner_probability/operations_service.py:_count,scripts/profile_sec_performance.py:ProfilingSession.scalar,UNREVIEWED,Global method-name inference removed; receiver family review still required
app/services/winner_probability/outcome_explorer_service.py:OutcomeExplorerService.explorer_table,app/services/fundamental_ranker_v2.py:FundamentalsV2Config.items,UNREVIEWED,Global method-name inference removed; receiver family review still required
app/services/winner_probability/outcome_explorer_service.py:OutcomeExplorerService.explorer_table,scripts/qa/t13d_configuration_benchmark.py:RulePreload.scalars,UNREVIEWED,Global method-name inference removed; receiver family review still required
app/services/winner_probability/outcome_explorer_service.py:_counts,app/services/fundamental_ranker_v2.py:FundamentalsV2Config.items,UNREVIEWED,Global method-name inference removed; receiver family review still required
app/services/winner_probability/outcome_orchestration_service.py:H5NextOpenOrchestrationService.drain_due,app/services/fundamental_ranker_v2.py:FundamentalsV2Config.items,UNREVIEWED,Global method-name inference removed; receiver family review still required
app/services/winner_probability/outcome_revision_service.py:_assign,app/services/fundamental_ranker_v2.py:FundamentalsV2Config.items,UNREVIEWED,Global method-name inference removed; receiver family review still required
app/services/winner_probability/outcome_service.py:OutcomeMaturationResult.as_dict,app/services/fundamental_ranker_v2.py:FundamentalsV2Config.items,UNREVIEWED,Global method-name inference removed; receiver family review still required
app/services/winner_probability/outcome_service.py:WinnerOutcomeRepository.get_current_matured_forward_outcomes,scripts/qa/t13d_configuration_benchmark.py:RulePreload.scalars,UNREVIEWED,Global method-name inference removed; receiver family review still required
app/services/winner_probability/outcome_service.py:WinnerOutcomeRepository.get_due_pending_forward_outcomes,scripts/qa/t13d_configuration_benchmark.py:RulePreload.scalars,UNREVIEWED,Global method-name inference removed; receiver family review still required
app/services/winner_probability/outcome_service.py:WinnerOutcomeRepository.get_target_stop_outcomes_for_forward,scripts/profile_sec_performance.py:ProfilingSession.scalar,UNREVIEWED,Global method-name inference removed; receiver family review still required
app/services/winner_probability/outcome_service.py:WinnerOutcomeRepository.load_bars,scripts/qa/t13d_configuration_benchmark.py:RulePreload.scalars,UNREVIEWED,Global method-name inference removed; receiver family review still required
app/services/winner_probability/outcome_service.py:WinnerOutcomeRepository.load_batch_context,scripts/qa/t13d_configuration_benchmark.py:RulePreload.scalars,UNREVIEWED,Global method-name inference removed; receiver family review still required
app/services/winner_probability/outcome_service.py:_source_lineage,app/services/canonical_evidence.py:CanonicalEvidenceSerializer.dumps,UNREVIEWED,Global method-name inference removed; receiver family review still required
app/services/winner_probability/pending_outcome_service.py:PendingOutcomeService._ensure_outcome_definition,app/services/fundamental_ranker_v2.py:FundamentalsV2Config.items,UNREVIEWED,Global method-name inference removed; receiver family review still required
app/services/winner_probability/pending_outcome_service.py:PendingOutcomeService.materialize_pending_outcomes,app/services/decision_effective_configuration.py:DecisionEffectiveConfiguration.winner_config,CONFIRMED_CALL_GRAPH,Exact declared/imported/default source resolution: LOCAL_DEFAULT_IMPLEMENTATION
app/services/winner_probability/pending_outcome_service.py:PendingOutcomeService.materialize_pending_outcomes,app/services/winner_probability/market_data_obligation_service.py:MarketDataObligationService.ensure_for_outcomes,CONFIRMED_CALL_GRAPH,Exact declared/imported/default source resolution: SOURCE_REVIEWED_DISPATCH
app/services/winner_probability/pre11_activation_service.py:Pre11L5ActivationService.activate,scripts/profile_sec_performance.py:ProfilingSession.scalar,UNREVIEWED,Global method-name inference removed; receiver family review still required
app/services/winner_probability/pre11_compatibility_service.py:Pre11CompatibilityService._prepare_replay_cache,scripts/qa/t13d_configuration_benchmark.py:RulePreload.scalars,UNREVIEWED,Global method-name inference removed; receiver family review still required
app/services/winner_probability/pre11_compatibility_service.py:Pre11CompatibilityService._replay_preview,scripts/profile_sec_performance.py:ProfilingSession.scalar,UNREVIEWED,Global method-name inference removed; receiver family review still required
app/services/winner_probability/pre11_compatibility_service.py:Pre11CompatibilityService.dry_run,app/services/fundamental_ranker_v2.py:FundamentalsV2Config.items,UNREVIEWED,Global method-name inference removed; receiver family review still required
app/services/winner_probability/pre11_compatibility_service.py:Pre11CompatibilityService.dry_run,scripts/qa/t13d_configuration_benchmark.py:RulePreload.scalars,UNREVIEWED,Global method-name inference removed; receiver family review still required
app/services/winner_probability/pre11_compatibility_service.py:Pre11CompatibilityWriteService.persist_decisions_and_replays,app/services/winner_probability/pre11_compatibility_service.py:Pre11CompatibilityScope.validate,UNREVIEWED,Global method-name inference removed; receiver family review still required
app/services/winner_probability/pre11_compatibility_service.py:Pre11CompatibilityWriteService.persist_decisions_and_replays,scripts/profile_sec_performance.py:ProfilingSession.scalar,UNREVIEWED,Global method-name inference removed; receiver family review still required
app/services/winner_probability/pre11_compatibility_service.py:Pre11CompatibilityWriteService.persist_decisions_and_replays,scripts/qa/t13d_configuration_benchmark.py:RulePreload.scalars,UNREVIEWED,Global method-name inference removed; receiver family review still required
app/services/winner_probability/pre11_compatibility_service.py:_hash,app/services/canonical_evidence.py:CanonicalEvidenceSerializer.dumps,UNREVIEWED,Global method-name inference removed; receiver family review still required
app/services/winner_probability/probability_estimator.py:ProbabilityEstimator._create_estimate,app/services/decision_effective_configuration.py:DecisionEffectiveConfiguration.winner_config,UNREVIEWED,Global method-name inference removed; receiver family review still required
app/services/winner_probability/probability_estimator.py:ProbabilityEstimator.create_decision_time_estimate,app/services/decision_effective_configuration.py:DecisionEffectiveConfiguration.winner_config,UNREVIEWED,Global method-name inference removed; receiver family review still required
app/services/winner_probability/probability_estimator.py:ProbabilityEstimator.create_latest_rescore_from_generation,app/services/decision_effective_configuration.py:DecisionEffectiveConfiguration.winner_config,UNREVIEWED,Global method-name inference removed; receiver family review still required
app/services/winner_probability/probability_estimator.py:ProbabilityEstimator.create_latest_rescore_from_generation,scripts/profile_sec_performance.py:ProfilingSession.scalar,UNREVIEWED,Global method-name inference removed; receiver family review still required
app/services/winner_probability/probability_estimator.py:ProbabilityEstimator.create_latest_rescore_from_generation,scripts/qa/t13d_configuration_benchmark.py:EmptyRuleRows.all,UNREVIEWED,Global method-name inference removed; receiver family review still required
app/services/winner_probability/probability_estimator.py:_existing_cohort_statistic,scripts/profile_sec_performance.py:ProfilingSession.scalar,UNREVIEWED,Global method-name inference removed; receiver family review still required
app/services/winner_probability/probability_estimator.py:_existing_estimate,scripts/profile_sec_performance.py:ProfilingSession.scalar,UNREVIEWED,Global method-name inference removed; receiver family review still required
app/services/winner_probability/repository.py:WinnerProbabilityRepository.get_active_episode,scripts/profile_sec_performance.py:ProfilingSession.scalar,UNREVIEWED,Global method-name inference removed; receiver family review still required
app/services/winner_probability/repository.py:WinnerProbabilityRepository.get_active_outcome_definition,scripts/profile_sec_performance.py:ProfilingSession.scalar,UNREVIEWED,Global method-name inference removed; receiver family review still required
app/services/winner_probability/repository.py:WinnerProbabilityRepository.get_active_prediction,scripts/profile_sec_performance.py:ProfilingSession.scalar,UNREVIEWED,Global method-name inference removed; receiver family review still required
app/services/winner_probability/repository.py:WinnerProbabilityRepository.get_current_temporal_decision,scripts/profile_sec_performance.py:ProfilingSession.scalar,UNREVIEWED,Global method-name inference removed; receiver family review still required
app/services/winner_probability/repository.py:WinnerProbabilityRepository.get_decision_time_estimate,scripts/profile_sec_performance.py:ProfilingSession.scalar,UNREVIEWED,Global method-name inference removed; receiver family review still required
app/services/winner_probability/repository.py:WinnerProbabilityRepository.get_episode_by_key,scripts/profile_sec_performance.py:ProfilingSession.scalar,UNREVIEWED,Global method-name inference removed; receiver family review still required
app/services/winner_probability/repository.py:WinnerProbabilityRepository.get_forward_outcome,scripts/profile_sec_performance.py:ProfilingSession.scalar,UNREVIEWED,Global method-name inference removed; receiver family review still required
app/services/winner_probability/repository.py:WinnerProbabilityRepository.get_outcome_definition,scripts/profile_sec_performance.py:ProfilingSession.scalar,UNREVIEWED,Global method-name inference removed; receiver family review still required
app/services/winner_probability/repository.py:WinnerProbabilityRepository.get_target_stop_outcome,scripts/profile_sec_performance.py:ProfilingSession.scalar,UNREVIEWED,Global method-name inference removed; receiver family review still required
app/services/winner_probability/repository.py:WinnerProbabilityRepository.load_run_context,scripts/profile_sec_performance.py:ProfilingSession.scalar,UNREVIEWED,Global method-name inference removed; receiver family review still required
app/services/winner_probability/repository.py:WinnerProbabilityRepository.load_run_context,scripts/qa/t13d_configuration_benchmark.py:RulePreload.scalars,UNREVIEWED,Global method-name inference removed; receiver family review still required
app/services/winner_probability/reproduction_service.py:ReproductionService._load_exact_evidence,scripts/qa/t13d_configuration_benchmark.py:RulePreload.scalars,UNREVIEWED,Global method-name inference removed; receiver family review still required
app/services/winner_probability/scheduler.py:schedule_primary_h5_maturation,scripts/profile_sec_performance.py:ProfilingSession.scalar,UNREVIEWED,Global method-name inference removed; receiver family review still required
app/services/winner_probability/target_stop_scope_repair_service.py:_repair_record,app/services/fundamental_ranker_v2.py:FundamentalsV2Config.items,UNREVIEWED,Global method-name inference removed; receiver family review still required
app/services/winner_probability/target_stop_scope_repair_service.py:_repair_record,scripts/qa/t13d_configuration_benchmark.py:RulePreload.scalars,UNREVIEWED,Global method-name inference removed; receiver family review still required
app/services/winner_probability/target_stop_scope_repair_service.py:apply_target_stop_scope_repair,scripts/profile_sec_performance.py:ProfilingSession.scalar,UNREVIEWED,Global method-name inference removed; receiver family review still required
app/services/winner_probability/target_stop_scope_repair_service.py:build_target_stop_scope_repair_manifest,scripts/qa/t13d_configuration_benchmark.py:RulePreload.scalars,UNREVIEWED,Global method-name inference removed; receiver family review still required
app/services/winner_probability/temporal_eligibility.py:load_current_temporal_decisions,scripts/qa/t13d_configuration_benchmark.py:RulePreload.scalars,UNREVIEWED,Global method-name inference removed; receiver family review still required
app/services/winner_probability/temporal_validation_service.py:TemporalValidationService.apply_certification,scripts/certify_technical_artifact_cache.py:main.SinkDb.add_all,UNREVIEWED,Global method-name inference removed; receiver family review still required
app/services/winner_probability/temporal_validation_service.py:TemporalValidationService.apply_certification,scripts/qa/t13d_configuration_benchmark.py:RulePreload.scalars,UNREVIEWED,Global method-name inference removed; receiver family review still required
app/services/winner_probability/temporal_validation_service.py:TemporalValidationService.apply_quarantine,scripts/certify_technical_artifact_cache.py:main.SinkDb.add_all,UNREVIEWED,Global method-name inference removed; receiver family review still required
app/services/winner_probability/temporal_validation_service.py:TemporalValidationService.apply_quarantine,scripts/qa/t13d_configuration_benchmark.py:RulePreload.scalars,UNREVIEWED,Global method-name inference removed; receiver family review still required
app/services/winner_probability/temporal_validation_service.py:TemporalValidationService.plan_certification,scripts/qa/t13d_configuration_benchmark.py:RulePreload.scalars,UNREVIEWED,Global method-name inference removed; receiver family review still required
app/services/winner_probability/temporal_validation_service.py:TemporalValidationService.plan_quarantine,scripts/qa/t13d_configuration_benchmark.py:RulePreload.scalars,UNREVIEWED,Global method-name inference removed; receiver family review still required
app/services/winner_probability/temporal_validation_service.py:TemporalValidationService.record,scripts/profile_sec_performance.py:ProfilingSession.scalar,UNREVIEWED,Global method-name inference removed; receiver family review still required
app/services/worker_registry.py:heartbeat_worker,app/services/fundamental_ranker_v2.py:FundamentalsV2Config.items,UNREVIEWED,Global method-name inference removed; receiver family review still required
app/services/worker_registry.py:heartbeat_worker,app/services/winner_probability/operations_service.py:WinnerProbabilityOperationsService.status,UNREVIEWED,Global method-name inference removed; receiver family review still required
app/services/worker_registry.py:live_workers,scripts/qa/t13d_configuration_benchmark.py:EmptyRuleRows.all,UNREVIEWED,Global method-name inference removed; receiver family review still required
app/services/worker_registry.py:live_workers,scripts/qa/t13d_configuration_benchmark.py:RulePreload.scalars,UNREVIEWED,Global method-name inference removed; receiver family review still required
app/settings.py:Settings.__init__,app/observability/metrics.py:PrometheusMetrics.reset,UNREVIEWED,Global method-name inference removed; receiver family review still required
app/settings.py:Settings.validate_local_runtime_boundary,app/services/fundamental_ranker_v2.py:FundamentalsV2Config.items,UNREVIEWED,Global method-name inference removed; receiver family review still required
app/worker.py:main,app/observability/metrics.py:PrometheusMetrics.configure,CONFIRMED_CALL_GRAPH,Exact declared/imported/default source resolution: DECLARED_RECEIVER_OR_RETURN
app/worker.py:main,app/observability/metrics.py:PrometheusMetrics.set_gauge,CONFIRMED_CALL_GRAPH,Exact declared/imported/default source resolution: DECLARED_RECEIVER_OR_RETURN
app/worker_supervisor.py:_record_child_failure,app/observability/metrics.py:PrometheusMetrics.set_gauge,CONFIRMED_CALL_GRAPH,Exact declared/imported/default source resolution: DECLARED_RECEIVER_OR_RETURN
app/worker_supervisor.py:_write_supervisor_state,app/services/ceri/effective_session_service.py:CeriEffectiveSessionService.resolve,UNREVIEWED,Global method-name inference removed; receiver family review still required
app/worker_supervisor.py:main,app/observability/metrics.py:PrometheusMetrics.configure,CONFIRMED_CALL_GRAPH,Exact declared/imported/default source resolution: DECLARED_RECEIVER_OR_RETURN
app/worker_supervisor.py:main,app/observability/metrics.py:PrometheusMetrics.set_gauge,CONFIRMED_CALL_GRAPH,Exact declared/imported/default source resolution: DECLARED_RECEIVER_OR_RETURN
app/worker_supervisor.py:main,app/services/ceri/effective_session_service.py:CeriEffectiveSessionService.resolve,UNREVIEWED,Global method-name inference removed; receiver family review still required
scripts/aggregate_sec_certification.py:_database_invariants,app/services/fundamental_ranker_v2.py:FundamentalsV2Config.items,UNREVIEWED,Global method-name inference removed; receiver family review still required
scripts/aggregate_sec_certification.py:_database_invariants,scripts/profile_sec_performance.py:ProfilingSession.scalar,UNREVIEWED,Global method-name inference removed; receiver family review still required
scripts/aggregate_sec_certification.py:_database_invariants,scripts/qa/t13d_configuration_benchmark.py:RulePreload.scalars,UNREVIEWED,Global method-name inference removed; receiver family review still required
scripts/aggregate_sec_certification.py:_markdown,app/services/fundamental_ranker_v2.py:FundamentalsV2Config.items,UNREVIEWED,Global method-name inference removed; receiver family review still required
scripts/aggregate_sec_certification.py:_run_tickers,scripts/qa/t13d_configuration_benchmark.py:RulePreload.scalars,UNREVIEWED,Global method-name inference removed; receiver family review still required
scripts/aggregate_sec_certification.py:main,app/services/canonical_evidence.py:CanonicalEvidenceSerializer.dumps,UNREVIEWED,Global method-name inference removed; receiver family review still required
scripts/aggregate_sec_certification.py:main,app/services/ceri/effective_session_service.py:CeriEffectiveSessionService.resolve,UNREVIEWED,Global method-name inference removed; receiver family review still required
scripts/aggregate_sec_certification.py:main,scripts/profile_sec_performance.py:Tracker.as_dict,UNREVIEWED,Global method-name inference removed; receiver family review still required
scripts/benchmark_pipeline_baseline.py:_database_version,scripts/profile_sec_performance.py:ProfilingSession.scalar,UNREVIEWED,Global method-name inference removed; receiver family review still required
scripts/benchmark_pipeline_baseline.py:main,app/services/canonical_evidence.py:CanonicalEvidenceSerializer.dumps,UNREVIEWED,Global method-name inference removed; receiver family review still required
scripts/build_sec_guidance_real_corpus.py:_write_jsonl,app/services/canonical_evidence.py:CanonicalEvidenceSerializer.dumps,UNREVIEWED,Global method-name inference removed; receiver family review still required
scripts/build_sec_guidance_real_corpus.py:build,app/services/canonical_evidence.py:CanonicalEvidenceSerializer.dumps,UNREVIEWED,Global method-name inference removed; receiver family review still required
scripts/build_sec_guidance_real_corpus.py:build,app/services/ceri/effective_session_service.py:CeriEffectiveSessionService.resolve,UNREVIEWED,Global method-name inference removed; receiver family review still required
scripts/capture_background_performance_baseline.py:main,app/services/canonical_evidence.py:CanonicalEvidenceSerializer.dumps,UNREVIEWED,Global method-name inference removed; receiver family review still required
scripts/capture_background_performance_baseline.py:main,app/services/ceri/effective_session_service.py:CeriEffectiveSessionService.resolve,UNREVIEWED,Global method-name inference removed; receiver family review still required
scripts/ceri_run104_controlled_replay.py:_comparison_change_counts,app/services/fundamental_ranker_v2.py:FundamentalsV2Config.items,UNREVIEWED,Global method-name inference removed; receiver family review still required
scripts/ceri_run104_controlled_replay.py:_controlled_report,app/services/canonical_evidence.py:CanonicalEvidenceSerializer.dumps,UNREVIEWED,Global method-name inference removed; receiver family review still required
scripts/ceri_run104_controlled_replay.py:_controlled_report,app/services/fundamental_ranker_v2.py:FundamentalsV2Config.items,UNREVIEWED,Global method-name inference removed; receiver family review still required
scripts/ceri_run104_controlled_replay.py:_csv_row,app/services/canonical_evidence.py:CanonicalEvidenceSerializer.dumps,UNREVIEWED,Global method-name inference removed; receiver family review still required
scripts/ceri_run104_controlled_replay.py:_csv_row,app/services/fundamental_ranker_v2.py:FundamentalsV2Config.items,UNREVIEWED,Global method-name inference removed; receiver family review still required
scripts/ceri_run104_controlled_replay.py:_git_sha,scripts/ops/winner_evidence_differential.py:run,UNREVIEWED,Global method-name inference removed; receiver family review still required
scripts/ceri_run104_controlled_replay.py:_lineage_report,app/services/fundamental_ranker_v2.py:FundamentalsV2Config.items,UNREVIEWED,Global method-name inference removed; receiver family review still required
scripts/ceri_run104_controlled_replay.py:_trace_section,app/observability/logging.py:JsonLogFormatter.format,UNREVIEWED,Global method-name inference removed; receiver family review still required
scripts/ceri_run104_controlled_replay.py:main,app/services/canonical_evidence.py:CanonicalEvidenceSerializer.dumps,UNREVIEWED,Global method-name inference removed; receiver family review still required
scripts/certify_observability_cross_process.py:_available_loopback_port,app/services/core_effective_configuration.py:CoreEffectiveConfiguration.bind,UNREVIEWED,Global method-name inference removed; receiver family review still required
scripts/certify_observability_cross_process.py:_completed,scripts/profile_sec_performance.py:ProfilingSession.scalar,UNREVIEWED,Global method-name inference removed; receiver family review still required
scripts/certify_observability_cross_process.py:main,app/observability/logging.py:JsonLogFormatter.format,UNREVIEWED,Global method-name inference removed; receiver family review still required
scripts/certify_observability_cross_process.py:main,app/services/canonical_evidence.py:CanonicalEvidenceSerializer.dumps,UNREVIEWED,Global method-name inference removed; receiver family review still required
scripts/certify_observability_cross_process.py:main,app/services/ceri/effective_session_service.py:CeriEffectiveSessionService.resolve,UNREVIEWED,Global method-name inference removed; receiver family review still required
scripts/certify_observability_cross_process.py:main,scripts/ops/winner_evidence_differential.py:run,UNREVIEWED,Global method-name inference removed; receiver family review still required
scripts/certify_observability_cross_process.py:main,scripts/profile_sec_performance.py:ProfilingSession.scalar,UNREVIEWED,Global method-name inference removed; receiver family review still required
scripts/certify_sec_guidance_real_corpus.py:_markdown,app/services/fundamental_ranker_v2.py:FundamentalsV2Config.items,UNREVIEWED,Global method-name inference removed; receiver family review still required
scripts/certify_sec_guidance_real_corpus.py:_match_rows,app/services/canonical_evidence.py:CanonicalEvidenceSerializer.dumps,UNREVIEWED,Global method-name inference removed; receiver family review still required
scripts/certify_sec_guidance_real_corpus.py:certify,app/services/canonical_evidence.py:CanonicalEvidenceSerializer.dumps,UNREVIEWED,Global method-name inference removed; receiver family review still required
scripts/certify_sec_guidance_real_corpus.py:certify,app/services/fundamental_ranker_v2.py:FundamentalsV2Config.items,UNREVIEWED,Global method-name inference removed; receiver family review still required
scripts/certify_sec_guidance_real_corpus.py:write_reports,app/services/canonical_evidence.py:CanonicalEvidenceSerializer.dumps,UNREVIEWED,Global method-name inference removed; receiver family review still required
scripts/certify_sec_incremental_ingestion.py:_markdown_report,app/services/fundamental_ranker_v2.py:FundamentalsV2Config.items,UNREVIEWED,Global method-name inference removed; receiver family review still required
scripts/certify_sec_incremental_ingestion.py:main,app/services/canonical_evidence.py:CanonicalEvidenceSerializer.dumps,UNREVIEWED,Global method-name inference removed; receiver family review still required
scripts/certify_sec_incremental_ingestion.py:main,app/services/ceri/effective_session_service.py:CeriEffectiveSessionService.resolve,UNREVIEWED,Global method-name inference removed; receiver family review still required
scripts/certify_sec_incremental_ingestion.py:main,scripts/profile_sec_performance.py:ProfilingSession.scalar,UNREVIEWED,Global method-name inference removed; receiver family review still required
scripts/certify_sec_incremental_ingestion.py:run_scenario,scripts/profile_sec_performance.py:Tracker.as_dict,UNREVIEWED,Global method-name inference removed; receiver family review still required
scripts/certify_technical_artifact_cache.py:main,app/observability/metrics.py:PrometheusMetrics.reset,UNREVIEWED,Global method-name inference removed; receiver family review still required
scripts/certify_technical_artifact_cache.py:main,app/observability/metrics.py:PrometheusMetrics.total,UNREVIEWED,Global method-name inference removed; receiver family review still required
scripts/certify_technical_artifact_cache.py:main,app/services/canonical_evidence.py:CanonicalEvidenceSerializer.dumps,UNREVIEWED,Global method-name inference removed; receiver family review still required
scripts/docs/check_route_inventory.py:_table_for_routes,app/observability/logging.py:JsonLogFormatter.format,UNREVIEWED,Global method-name inference removed; receiver family review still required
scripts/forensics/adversarial_temporal_clone_replay.py:_bar_replay,scripts/qa/t13d_configuration_benchmark.py:RulePreload.scalars,UNREVIEWED,Global method-name inference removed; receiver family review still required
scripts/forensics/adversarial_temporal_clone_replay.py:_run_replays,scripts/qa/t13d_configuration_benchmark.py:RulePreload.scalars,UNREVIEWED,Global method-name inference removed; receiver family review still required
scripts/forensics/adversarial_temporal_clone_replay.py:_source_replay,scripts/qa/t13d_configuration_benchmark.py:RulePreload.scalars,UNREVIEWED,Global method-name inference removed; receiver family review still required
scripts/forensics/adversarial_temporal_clone_replay.py:main,app/services/canonical_evidence.py:CanonicalEvidenceSerializer.dumps,UNREVIEWED,Global method-name inference removed; receiver family review still required
scripts/forensics/preflight_selection_readiness_scan.py:main,app/services/canonical_evidence.py:CanonicalEvidenceSerializer.dumps,UNREVIEWED,Global method-name inference removed; receiver family review still required
scripts/forensics/preflight_selection_readiness_scan.py:main,app/services/fundamental_ranker_v2.py:FundamentalsV2Config.items,UNREVIEWED,Global method-name inference removed; receiver family review still required
scripts/forensics/run153_ceri_lineage_clone_replay.py:_artifact_state,scripts/qa/t13d_configuration_benchmark.py:RulePreload.scalars,UNREVIEWED,Global method-name inference removed; receiver family review still required
scripts/forensics/run153_ceri_lineage_clone_replay.py:main,app/services/canonical_evidence.py:CanonicalEvidenceSerializer.dumps,UNREVIEWED,Global method-name inference removed; receiver family review still required
scripts/forensics/run153_ceri_lineage_clone_replay.py:main,scripts/profile_sec_performance.py:ProfilingSession.scalar,UNREVIEWED,Global method-name inference removed; receiver family review still required
scripts/forensics/run153_ceri_lineage_clone_replay.py:main,scripts/qa/t13d_configuration_benchmark.py:RulePreload.scalars,UNREVIEWED,Global method-name inference removed; receiver family review still required
scripts/forensics/run153_systemic_remediation_replay.py:_lifecycle_counts,scripts/profile_sec_performance.py:ProfilingSession.scalar,UNREVIEWED,Global method-name inference removed; receiver family review still required
scripts/forensics/run153_systemic_remediation_replay.py:main,app/services/canonical_evidence.py:CanonicalEvidenceSerializer.dumps,UNREVIEWED,Global method-name inference removed; receiver family review still required
scripts/forensics/run153_tbla_readonly_equivalence.py:main,app/services/canonical_evidence.py:CanonicalEvidenceSerializer.dumps,UNREVIEWED,Global method-name inference removed; receiver family review still required
scripts/forensics/run159_ceri_quarantine.py:_canonical_hash,app/services/canonical_evidence.py:CanonicalEvidenceSerializer.dumps,UNREVIEWED,Global method-name inference removed; receiver family review still required
scripts/forensics/run159_ceri_quarantine.py:analyze,app/services/canonical_evidence.py:CanonicalEvidenceSerializer.dumps,UNREVIEWED,Global method-name inference removed; receiver family review still required
scripts/forensics/run159_ceri_quarantine.py:analyze,app/services/fundamental_ranker_v2.py:FundamentalsV2Config.items,UNREVIEWED,Global method-name inference removed; receiver family review still required
scripts/forensics/run159_ceri_quarantine.py:analyze,scripts/profile_sec_performance.py:ProfilingSession.scalar,UNREVIEWED,Global method-name inference removed; receiver family review still required
scripts/forensics/run159_ceri_quarantine.py:analyze,scripts/qa/t13d_configuration_benchmark.py:RulePreload.scalars,UNREVIEWED,Global method-name inference removed; receiver family review still required
scripts/forensics/run159_ceri_quarantine.py:apply_quarantine,scripts/profile_sec_performance.py:ProfilingSession.scalar,UNREVIEWED,Global method-name inference removed; receiver family review still required
scripts/forensics/run159_ceri_quarantine.py:main,app/services/canonical_evidence.py:CanonicalEvidenceSerializer.dumps,UNREVIEWED,Global method-name inference removed; receiver family review still required
scripts/forensics/run159_ceri_quarantine.py:main,app/services/ceri/effective_session_service.py:CeriEffectiveSessionService.resolve,UNREVIEWED,Global method-name inference removed; receiver family review still required
scripts/forensics/run159_certification_claim_inventory.py:_row_dict,app/services/fundamental_ranker_v2.py:FundamentalsV2Config.items,UNREVIEWED,Global method-name inference removed; receiver family review still required
scripts/forensics/run159_certification_claim_inventory.py:build_inventory,app/services/canonical_evidence.py:CanonicalEvidenceSerializer.dumps,UNREVIEWED,Global method-name inference removed; receiver family review still required
scripts/forensics/run159_certification_claim_inventory.py:build_inventory,app/services/fundamental_ranker_v2.py:FundamentalsV2Config.items,UNREVIEWED,Global method-name inference removed; receiver family review still required
scripts/forensics/run159_certification_claim_inventory.py:build_inventory,scripts/qa/t13d_configuration_benchmark.py:EmptyRuleRows.all,UNREVIEWED,Global method-name inference removed; receiver family review still required
scripts/forensics/run159_certification_claim_inventory.py:build_inventory,scripts/qa/t13d_configuration_benchmark.py:RulePreload.scalars,UNREVIEWED,Global method-name inference removed; receiver family review still required
scripts/forensics/run159_certification_claim_inventory.py:main,app/services/canonical_evidence.py:CanonicalEvidenceSerializer.dumps,UNREVIEWED,Global method-name inference removed; receiver family review still required
scripts/forensics/run159_certification_claim_inventory.py:main,app/services/ceri/effective_session_service.py:CeriEffectiveSessionService.resolve,UNREVIEWED,Global method-name inference removed; receiver family review still required
scripts/forensics/session_temporal_integrity_audit.py:main,app/services/canonical_evidence.py:CanonicalEvidenceSerializer.dumps,UNREVIEWED,Global method-name inference removed; receiver family review still required
scripts/generate_ceri_remediation_verification.py:_config_payload,app/services/fundamental_ranker_v2.py:FundamentalsV2Config.items,UNREVIEWED,Global method-name inference removed; receiver family review still required
scripts/generate_ceri_remediation_verification.py:_jsonable,app/services/fundamental_ranker_v2.py:FundamentalsV2Config.items,UNREVIEWED,Global method-name inference removed; receiver family review still required
scripts/generate_ceri_remediation_verification.py:_legacy_check,app/services/fundamental_ranker_v2.py:FundamentalsV2Config.items,UNREVIEWED,Global method-name inference removed; receiver family review still required
scripts/generate_ceri_remediation_verification.py:_write_json,app/services/canonical_evidence.py:CanonicalEvidenceSerializer.dumps,UNREVIEWED,Global method-name inference removed; receiver family review still required
scripts/generate_ceri_remediation_verification.py:_write_markdown,app/services/fundamental_ranker_v2.py:FundamentalsV2Config.items,UNREVIEWED,Global method-name inference removed; receiver family review still required
scripts/generate_ceri_remediation_verification.py:main,app/services/canonical_evidence.py:CanonicalEvidenceSerializer.dumps,UNREVIEWED,Global method-name inference removed; receiver family review still required
scripts/generate_ceri_remediation_verification.py:main,scripts/profile_sec_performance.py:ProfilingSession.scalar,UNREVIEWED,Global method-name inference removed; receiver family review still required
scripts/generate_ceri_remediation_verification.py:main,scripts/qa/t13d_configuration_benchmark.py:EmptyRuleRows.all,UNREVIEWED,Global method-name inference removed; receiver family review still required
scripts/generate_ceri_remediation_verification.py:main,scripts/qa/t13d_configuration_benchmark.py:RulePreload.scalars,UNREVIEWED,Global method-name inference removed; receiver family review still required
scripts/inspect_ceri_backlog.py:main,app/services/canonical_evidence.py:CanonicalEvidenceSerializer.dumps,UNREVIEWED,Global method-name inference removed; receiver family review still required
scripts/inspect_ceri_backlog.py:main,scripts/profile_sec_performance.py:Tracker.as_dict,UNREVIEWED,Global method-name inference removed; receiver family review still required
scripts/inspect_ceri_v2_plan.py:main,app/services/canonical_evidence.py:CanonicalEvidenceSerializer.dumps,UNREVIEWED,Global method-name inference removed; receiver family review still required
scripts/inspect_ceri_v2_plan.py:main,app/services/ceri/effective_session_service.py:CeriEffectiveSessionService.resolve,UNREVIEWED,Global method-name inference removed; receiver family review still required
scripts/inspect_ceri_v2_plan.py:main,scripts/qa/t13d_configuration_benchmark.py:RulePreload.scalars,UNREVIEWED,Global method-name inference removed; receiver family review still required
scripts/inspect_run_recovery.py:_distinct_tickers,scripts/profile_sec_performance.py:ProfilingSession.scalar,UNREVIEWED,Global method-name inference removed; receiver family review still required
scripts/inspect_run_recovery.py:_run_count,scripts/profile_sec_performance.py:ProfilingSession.scalar,UNREVIEWED,Global method-name inference removed; receiver family review still required
scripts/inspect_run_recovery.py:inspect_recovery,app/services/fundamental_ranker_v2.py:FundamentalsV2Config.items,UNREVIEWED,Global method-name inference removed; receiver family review still required
scripts/inspect_run_recovery.py:inspect_recovery,scripts/profile_sec_performance.py:ProfilingSession.scalar,UNREVIEWED,Global method-name inference removed; receiver family review still required
scripts/inspect_run_recovery.py:inspect_recovery,scripts/profile_sec_performance.py:Tracker.as_dict,UNREVIEWED,Global method-name inference removed; receiver family review still required
scripts/inspect_run_recovery.py:inspect_recovery,scripts/qa/t13d_configuration_benchmark.py:EmptyRuleRows.all,UNREVIEWED,Global method-name inference removed; receiver family review still required
scripts/inspect_run_recovery.py:inspect_recovery,scripts/qa/t13d_configuration_benchmark.py:RulePreload.scalars,UNREVIEWED,Global method-name inference removed; receiver family review still required
scripts/inspect_run_recovery.py:main,app/services/canonical_evidence.py:CanonicalEvidenceSerializer.dumps,UNREVIEWED,Global method-name inference removed; receiver family review still required
scripts/inspect_run_recovery.py:main,app/services/ceri/effective_session_service.py:CeriEffectiveSessionService.resolve,UNREVIEWED,Global method-name inference removed; receiver family review still required
scripts/manage_sec_processor.py:_run_tickers,scripts/qa/t13d_configuration_benchmark.py:RulePreload.scalars,UNREVIEWED,Global method-name inference removed; receiver family review still required
scripts/manage_sec_processor.py:main,app/services/canonical_evidence.py:CanonicalEvidenceSerializer.dumps,UNREVIEWED,Global method-name inference removed; receiver family review still required
scripts/manage_sec_processor.py:main,app/services/ceri/effective_session_service.py:CeriEffectiveSessionService.resolve,UNREVIEWED,Global method-name inference removed; receiver family review still required
scripts/manage_sec_processor.py:main,scripts/profile_sec_performance.py:Tracker.as_dict,UNREVIEWED,Global method-name inference removed; receiver family review still required
scripts/materialize_sec_guidance_real_corpus_v1.py:materialize,app/services/canonical_evidence.py:CanonicalEvidenceSerializer.dumps,UNREVIEWED,Global method-name inference removed; receiver family review still required
scripts/materialize_sec_guidance_real_corpus_v1.py:materialize,app/services/fundamental_ranker_v2.py:FundamentalsV2Config.items,UNREVIEWED,Global method-name inference removed; receiver family review still required
scripts/ops/certify_sec_processor_contract.py:_create_database,app/observability/logging.py:JsonLogFormatter.format,UNREVIEWED,Global method-name inference removed; receiver family review still required
scripts/ops/certify_sec_processor_contract.py:_drop_targets,app/observability/logging.py:JsonLogFormatter.format,UNREVIEWED,Global method-name inference removed; receiver family review still required
scripts/ops/certify_sec_processor_contract.py:_dump_production,scripts/ops/winner_evidence_differential.py:run,UNREVIEWED,Global method-name inference removed; receiver family review still required
scripts/ops/certify_sec_processor_contract.py:_git_head,scripts/ops/winner_evidence_differential.py:run,UNREVIEWED,Global method-name inference removed; receiver family review still required
scripts/ops/certify_sec_processor_contract.py:_jsonable,app/services/fundamental_ranker_v2.py:FundamentalsV2Config.items,UNREVIEWED,Global method-name inference removed; receiver family review still required
scripts/ops/certify_sec_processor_contract.py:_restore_clone,scripts/ops/winner_evidence_differential.py:run,UNREVIEWED,Global method-name inference removed; receiver family review still required
scripts/ops/certify_sec_processor_contract.py:_snapshot,app/services/canonical_evidence.py:CanonicalEvidenceSerializer.dumps,UNREVIEWED,Global method-name inference removed; receiver family review still required
scripts/ops/certify_sec_processor_contract.py:_snapshot,app/services/fundamental_ranker_v2.py:FundamentalsV2Config.items,UNREVIEWED,Global method-name inference removed; receiver family review still required
scripts/ops/certify_sec_processor_contract.py:main,app/services/canonical_evidence.py:CanonicalEvidenceSerializer.dumps,UNREVIEWED,Global method-name inference removed; receiver family review still required
scripts/ops/certify_sec_processor_contract.py:main,scripts/ops/lifecycle_probe.py:parse_args,UNREVIEWED,Global method-name inference removed; receiver family review still required
scripts/ops/core_configuration_authority_audit.py:census,app/services/fundamental_ranker_v2.py:FundamentalsV2Config.items,UNREVIEWED,Global method-name inference removed; receiver family review still required
scripts/ops/core_configuration_authority_audit.py:inventory,app/services/fundamental_ranker_v2.py:FundamentalsV2Config.items,UNREVIEWED,Global method-name inference removed; receiver family review still required
scripts/ops/effective_configuration_authority_audit.py:main,app/services/fundamental_ranker_v2.py:FundamentalsV2Config.items,UNREVIEWED,Global method-name inference removed; receiver family review still required
scripts/ops/effective_configuration_authority_audit.py:yaml_keys,app/services/fundamental_ranker_v2.py:FundamentalsV2Config.items,UNREVIEWED,Global method-name inference removed; receiver family review still required
scripts/ops/evidence_manifest.py:_alembic_revision,scripts/profile_sec_performance.py:ProfilingSession.scalar,UNREVIEWED,Global method-name inference removed; receiver family review still required
scripts/ops/evidence_manifest.py:_canonicalize,app/services/fundamental_ranker_v2.py:FundamentalsV2Config.items,UNREVIEWED,Global method-name inference removed; receiver family review still required
scripts/ops/evidence_manifest.py:_capture_table,app/services/canonical_evidence.py:CanonicalEvidenceSerializer.dumps,UNREVIEWED,Global method-name inference removed; receiver family review still required
scripts/ops/evidence_manifest.py:_write_json,app/services/canonical_evidence.py:CanonicalEvidenceSerializer.dumps,UNREVIEWED,Global method-name inference removed; receiver family review still required
scripts/ops/evidence_manifest.py:compare_database_to_manifest,app/services/fundamental_ranker_v2.py:FundamentalsV2Config.items,UNREVIEWED,Global method-name inference removed; receiver family review still required
scripts/ops/evidence_manifest.py:main,app/services/canonical_evidence.py:CanonicalEvidenceSerializer.dumps,UNREVIEWED,Global method-name inference removed; receiver family review still required
scripts/ops/evidence_manifest.py:main,scripts/ops/lifecycle_probe.py:parse_args,UNREVIEWED,Global method-name inference removed; receiver family review still required
scripts/ops/evidence_manifest.py:read_manifest,app/services/fundamental_ranker_v2.py:FundamentalsV2Config.items,UNREVIEWED,Global method-name inference removed; receiver family review still required
scripts/ops/ib_historical_probe.py:main,app/services/ceri/effective_session_service.py:CeriEffectiveSessionService.resolve,UNREVIEWED,Global method-name inference removed; receiver family review still required
scripts/ops/ib_historical_probe.py:main,scripts/ops/lifecycle_probe.py:parse_args,UNREVIEWED,Global method-name inference removed; receiver family review still required
scripts/ops/ib_historical_probe.py:print_report,app/services/canonical_evidence.py:CanonicalEvidenceSerializer.dumps,UNREVIEWED,Global method-name inference removed; receiver family review still required
scripts/ops/ib_historical_probe.py:write_json_artifact,app/services/canonical_evidence.py:CanonicalEvidenceSerializer.dumps,UNREVIEWED,Global method-name inference removed; receiver family review still required
scripts/ops/lifecycle_probe.py:_diagnose,app/services/fundamental_ranker_v2.py:FundamentalsV2Config.items,UNREVIEWED,Global method-name inference removed; receiver family review still required
scripts/ops/lifecycle_probe.py:_diagnose,scripts/ops/winner_evidence_differential.py:run,UNREVIEWED,Global method-name inference removed; receiver family review still required
scripts/ops/lifecycle_probe.py:_docker_command,scripts/ops/winner_evidence_differential.py:run,UNREVIEWED,Global method-name inference removed; receiver family review still required
scripts/ops/lifecycle_probe.py:_git_commit,scripts/ops/winner_evidence_differential.py:run,UNREVIEWED,Global method-name inference removed; receiver family review still required
scripts/ops/lifecycle_probe.py:_jobs_report,scripts/qa/t13d_configuration_benchmark.py:EmptyRuleRows.all,UNREVIEWED,Global method-name inference removed; receiver family review still required
scripts/ops/lifecycle_probe.py:_migrate,scripts/ops/winner_evidence_differential.py:run,UNREVIEWED,Global method-name inference removed; receiver family review still required
scripts/ops/lifecycle_probe.py:_observability_report,app/services/fundamental_ranker_v2.py:FundamentalsV2Config.items,UNREVIEWED,Global method-name inference removed; receiver family review still required
scripts/ops/lifecycle_probe.py:_role_processes,app/services/fundamental_ranker_v2.py:FundamentalsV2Config.items,UNREVIEWED,Global method-name inference removed; receiver family review still required
scripts/ops/lifecycle_probe.py:_runtime_recovery_evidence,app/services/fundamental_ranker_v2.py:FundamentalsV2Config.items,UNREVIEWED,Global method-name inference removed; receiver family review still required
scripts/ops/lifecycle_probe.py:_terminate_process_tree,scripts/ops/winner_evidence_differential.py:run,UNREVIEWED,Global method-name inference removed; receiver family review still required
scripts/ops/lifecycle_probe.py:main,app/services/canonical_evidence.py:CanonicalEvidenceSerializer.dumps,UNREVIEWED,Global method-name inference removed; receiver family review still required
scripts/ops/validate_restore.py:_critical_row_counts,scripts/profile_sec_performance.py:ProfilingSession.scalar,UNREVIEWED,Global method-name inference removed; receiver family review still required
scripts/ops/validate_restore.py:_current_alembic_revision,scripts/profile_sec_performance.py:ProfilingSession.scalar,UNREVIEWED,Global method-name inference removed; receiver family review still required
scripts/ops/validate_restore.py:_foreign_key_violations,scripts/profile_sec_performance.py:ProfilingSession.scalar,UNREVIEWED,Global method-name inference removed; receiver family review still required
scripts/ops/validate_restore.py:_hash_column_checks,scripts/profile_sec_performance.py:ProfilingSession.scalar,UNREVIEWED,Global method-name inference removed; receiver family review still required
scripts/ops/validate_restore.py:_repository_alembic_heads,app/services/setup_lifecycle/signal_registry.py:SignalDefinitionRegistry.from_config,UNREVIEWED,Global method-name inference removed; receiver family review still required
scripts/ops/validate_restore.py:main,app/services/canonical_evidence.py:CanonicalEvidenceSerializer.dumps,UNREVIEWED,Global method-name inference removed; receiver family review still required
scripts/ops/validate_restore.py:main,scripts/ops/lifecycle_probe.py:parse_args,UNREVIEWED,Global method-name inference removed; receiver family review still required
scripts/ops/validate_restore.py:write_report,app/services/canonical_evidence.py:CanonicalEvidenceSerializer.dumps,UNREVIEWED,Global method-name inference removed; receiver family review still required
scripts/ops/winner_evidence_differential.py:_statistics_payload,app/services/fundamental_ranker_v2.py:FundamentalsV2Config.items,UNREVIEWED,Global method-name inference removed; receiver family review still required
scripts/ops/winner_evidence_differential.py:main,app/services/canonical_evidence.py:CanonicalEvidenceSerializer.dumps,UNREVIEWED,Global method-name inference removed; receiver family review still required
scripts/ops/winner_evidence_differential.py:main,scripts/ops/lifecycle_probe.py:parse_args,UNREVIEWED,Global method-name inference removed; receiver family review still required
scripts/ops/winner_evidence_differential.py:run,scripts/profile_sec_performance.py:ProfilingSession.scalar,UNREVIEWED,Global method-name inference removed; receiver family review still required
scripts/ops/winner_evidence_differential.py:run,scripts/qa/t13d_configuration_benchmark.py:RulePreload.scalars,UNREVIEWED,Global method-name inference removed; receiver family review still required
scripts/owpe_pre11_activate_l5.py:main,app/services/canonical_evidence.py:CanonicalEvidenceSerializer.dumps,UNREVIEWED,Global method-name inference removed; receiver family review still required
scripts/owpe_pre11_activation_snapshot.py:main,app/services/canonical_evidence.py:CanonicalEvidenceSerializer.dumps,UNREVIEWED,Global method-name inference removed; receiver family review still required
scripts/owpe_pre11_activation_snapshot.py:main,app/services/fundamental_ranker_v2.py:FundamentalsV2Config.items,UNREVIEWED,Global method-name inference removed; receiver family review still required
scripts/owpe_pre11_activation_snapshot.py:main,scripts/profile_sec_performance.py:ProfilingSession.scalar,UNREVIEWED,Global method-name inference removed; receiver family review still required
scripts/owpe_pre11_training_compatibility.py:main,app/services/canonical_evidence.py:CanonicalEvidenceSerializer.dumps,UNREVIEWED,Global method-name inference removed; receiver family review still required
scripts/owpe_pre11_training_compatibility.py:main,app/services/winner_probability/pre11_compatibility_service.py:Pre11DryRunResult.manifest_payload,CONFIRMED_CALL_GRAPH,Exact declared/imported/default source resolution: LOCAL_DEFAULT_IMPLEMENTATION
scripts/owpe_pre11_training_compatibility.py:main,scripts/profile_sec_performance.py:ProfilingSession.scalar,UNREVIEWED,Global method-name inference removed; receiver family review still required
scripts/profile_sec_performance.py:Tracker.finalize,app/services/fundamental_ranker_v2.py:FundamentalsV2Config.items,UNREVIEWED,Global method-name inference removed; receiver family review still required
scripts/profile_sec_performance.py:assert_no_unrelated_active_jobs,scripts/qa/t13d_configuration_benchmark.py:EmptyRuleRows.all,UNREVIEWED,Global method-name inference removed; receiver family review still required
scripts/profile_sec_performance.py:main,app/services/canonical_evidence.py:CanonicalEvidenceSerializer.dumps,UNREVIEWED,Global method-name inference removed; receiver family review still required
scripts/profile_sec_performance.py:postgresql_working_set_bytes,scripts/ops/winner_evidence_differential.py:run,UNREVIEWED,Global method-name inference removed; receiver family review still required
scripts/profile_sec_performance.py:render_markdown,app/services/fundamental_ranker_v2.py:FundamentalsV2Config.items,UNREVIEWED,Global method-name inference removed; receiver family review still required
scripts/profile_sec_performance.py:summarize_requests,app/services/fundamental_ranker_v2.py:FundamentalsV2Config.items,UNREVIEWED,Global method-name inference removed; receiver family review still required
scripts/profile_sec_performance.py:timing_breakdown,app/services/fundamental_ranker_v2.py:FundamentalsV2Config.items,UNREVIEWED,Global method-name inference removed; receiver family review still required
scripts/profile_sec_performance.py:verify_clean_queue,scripts/qa/t13d_configuration_benchmark.py:EmptyRuleRows.all,UNREVIEWED,Global method-name inference removed; receiver family review still required
scripts/profile_sec_performance.py:write_outputs,app/services/canonical_evidence.py:CanonicalEvidenceSerializer.dumps,UNREVIEWED,Global method-name inference removed; receiver family review still required
scripts/profile_sec_performance.py:write_outputs,app/services/ceri/effective_session_service.py:CeriEffectiveSessionService.resolve,UNREVIEWED,Global method-name inference removed; receiver family review still required
scripts/qa/certify_ceri_run101.py:_csv,app/services/canonical_evidence.py:CanonicalEvidenceSerializer.dumps,UNREVIEWED,Global method-name inference removed; receiver family review still required
scripts/qa/certify_ceri_run101.py:_csv,app/services/fundamental_ranker_v2.py:FundamentalsV2Config.items,UNREVIEWED,Global method-name inference removed; receiver family review still required
scripts/qa/certify_ceri_run101.py:_summary,app/services/fundamental_ranker_v2.py:FundamentalsV2Config.items,UNREVIEWED,Global method-name inference removed; receiver family review still required
scripts/qa/certify_ceri_run101.py:main,app/services/canonical_evidence.py:CanonicalEvidenceSerializer.dumps,UNREVIEWED,Global method-name inference removed; receiver family review still required
scripts/qa/certify_ceri_run101.py:main,app/services/fundamental_ranker_v2.py:FundamentalsV2Config.items,UNREVIEWED,Global method-name inference removed; receiver family review still required
scripts/qa/certify_ceri_run101.py:main,scripts/qa/t13d_configuration_benchmark.py:RulePreload.scalars,UNREVIEWED,Global method-name inference removed; receiver family review still required
scripts/qa/certify_ceri_run101_golden.py:_trace,app/services/canonical_evidence.py:CanonicalEvidenceSerializer.dumps,UNREVIEWED,Global method-name inference removed; receiver family review still required
scripts/qa/certify_ceri_run101_golden.py:_write_json,app/services/canonical_evidence.py:CanonicalEvidenceSerializer.dumps,UNREVIEWED,Global method-name inference removed; receiver family review still required
scripts/qa/certify_ceri_run101_golden.py:main,app/services/canonical_evidence.py:CanonicalEvidenceSerializer.dumps,UNREVIEWED,Global method-name inference removed; receiver family review still required
scripts/qa/certify_ceri_run102_golden.py:_trace,app/services/canonical_evidence.py:CanonicalEvidenceSerializer.dumps,UNREVIEWED,Global method-name inference removed; receiver family review still required
scripts/qa/certify_ceri_run102_golden.py:_write_json,app/services/canonical_evidence.py:CanonicalEvidenceSerializer.dumps,UNREVIEWED,Global method-name inference removed; receiver family review still required
scripts/qa/certify_ceri_run102_golden.py:main,app/services/canonical_evidence.py:CanonicalEvidenceSerializer.dumps,UNREVIEWED,Global method-name inference removed; receiver family review still required
scripts/qa/certify_slse_natural.py:_counts,scripts/profile_sec_performance.py:ProfilingSession.scalar,UNREVIEWED,Global method-name inference removed; receiver family review still required
scripts/qa/certify_slse_natural.py:main,app/services/canonical_evidence.py:CanonicalEvidenceSerializer.dumps,UNREVIEWED,Global method-name inference removed; receiver family review still required
scripts/qa/certify_slse_natural.py:main,app/services/fundamental_ranker_v2.py:FundamentalsV2Config.items,UNREVIEWED,Global method-name inference removed; receiver family review still required
scripts/qa/certify_slse_natural.py:main,scripts/profile_sec_performance.py:ProfilingSession.scalar,UNREVIEWED,Global method-name inference removed; receiver family review still required
scripts/qa/certify_slse_natural.py:main,scripts/qa/t13d_configuration_benchmark.py:RulePreload.scalars,UNREVIEWED,Global method-name inference removed; receiver family review still required
scripts/qa/core_configuration_behavior_capture.py:capture,app/services/core_effective_configuration.py:CoreEffectiveConfiguration.ranking_profile,CONFIRMED_CALL_GRAPH,Exact declared/imported/default source resolution: LOCAL_DEFAULT_IMPLEMENTATION
scripts/qa/ib_fault_proxy.py:_handle_connection,app/services/ceri/sec/state_service.py:SecDocumentStateService.cancel,UNREVIEWED,Global method-name inference removed; receiver family review still required
scripts/qa/ib_fault_proxy.py:_validate_args,app/services/fundamental_ranker_v2.py:FundamentalsV2Config.items,UNREVIEWED,Global method-name inference removed; receiver family review still required
scripts/qa/rebuild_slse_dev_history.py:_counter,app/services/fundamental_ranker_v2.py:FundamentalsV2Config.items,UNREVIEWED,Global method-name inference removed; receiver family review still required
scripts/qa/rebuild_slse_dev_history.py:_counts,scripts/profile_sec_performance.py:ProfilingSession.scalar,UNREVIEWED,Global method-name inference removed; receiver family review still required
scripts/qa/rebuild_slse_dev_history.py:_defect_signatures,scripts/qa/t13d_configuration_benchmark.py:RulePreload.scalars,UNREVIEWED,Global method-name inference removed; receiver family review still required
scripts/qa/rebuild_slse_dev_history.py:_metrics,scripts/qa/t13d_configuration_benchmark.py:RulePreload.scalars,UNREVIEWED,Global method-name inference removed; receiver family review still required
scripts/qa/rebuild_slse_dev_history.py:_write_json,app/services/canonical_evidence.py:CanonicalEvidenceSerializer.dumps,UNREVIEWED,Global method-name inference removed; receiver family review still required
scripts/qa/rebuild_slse_dev_history.py:main,app/services/canonical_evidence.py:CanonicalEvidenceSerializer.dumps,UNREVIEWED,Global method-name inference removed; receiver family review still required
scripts/qa/rebuild_slse_dev_history.py:main,scripts/qa/t13d_configuration_benchmark.py:RulePreload.scalars,UNREVIEWED,Global method-name inference removed; receiver family review still required
scripts/qa/run_m05_restart.py:_final_evidence,app/services/fundamental_ranker_v2.py:FundamentalsV2Config.items,UNREVIEWED,Global method-name inference removed; receiver family review still required
scripts/qa/run_m05_restart.py:_final_evidence,scripts/profile_sec_performance.py:ProfilingSession.scalar,UNREVIEWED,Global method-name inference removed; receiver family review still required
scripts/qa/run_m05_restart.py:_final_evidence,scripts/qa/t13d_configuration_benchmark.py:EmptyRuleRows.all,UNREVIEWED,Global method-name inference removed; receiver family review still required
scripts/qa/run_m05_restart.py:_final_evidence,scripts/qa/t13d_configuration_benchmark.py:RulePreload.scalars,UNREVIEWED,Global method-name inference removed; receiver family review still required
scripts/qa/run_m05_restart.py:_free_local_port,app/services/core_effective_configuration.py:CoreEffectiveConfiguration.bind,UNREVIEWED,Global method-name inference removed; receiver family review still required
scripts/qa/run_m05_restart.py:main,app/services/canonical_evidence.py:CanonicalEvidenceSerializer.dumps,UNREVIEWED,Global method-name inference removed; receiver family review still required
scripts/qa/run_m05_scale.py:_database_size,scripts/profile_sec_performance.py:ProfilingSession.scalar,UNREVIEWED,Global method-name inference removed; receiver family review still required
scripts/qa/run_m05_scale.py:_disposable_database,app/observability/logging.py:JsonLogFormatter.format,UNREVIEWED,Global method-name inference removed; receiver family review still required
scripts/qa/run_m05_scale.py:_evidence_counts,app/services/fundamental_ranker_v2.py:FundamentalsV2Config.items,UNREVIEWED,Global method-name inference removed; receiver family review still required
scripts/qa/run_m05_scale.py:_evidence_counts,scripts/profile_sec_performance.py:ProfilingSession.scalar,UNREVIEWED,Global method-name inference removed; receiver family review still required
scripts/qa/run_m05_scale.py:_load_csv_template,app/services/fundamental_ranker_v2.py:FundamentalsV2Config.items,UNREVIEWED,Global method-name inference removed; receiver family review still required
scripts/qa/run_m05_scale.py:main,app/services/canonical_evidence.py:CanonicalEvidenceSerializer.dumps,UNREVIEWED,Global method-name inference removed; receiver family review still required
scripts/qa/run_m05_soak.py:main,app/services/canonical_evidence.py:CanonicalEvidenceSerializer.dumps,UNREVIEWED,Global method-name inference removed; receiver family review still required
scripts/qa/scan_tracked_secrets.py:scan_text,app/services/fundamental_ranker_v2.py:FundamentalsV2Config.items,UNREVIEWED,Global method-name inference removed; receiver family review still required
scripts/qa/t12b_compare_behavior.py:compare,app/services/fundamental_ranker_v2.py:FundamentalsV2Config.items,UNREVIEWED,Global method-name inference removed; receiver family review still required
scripts/qa/t12b_compare_behavior.py:compare,app/services/setup_lifecycle/signal_registry.py:SignalDefinitionRegistry.keys,UNREVIEWED,Global method-name inference removed; receiver family review still required
scripts/qa/t12c_compare_behavior.py:main,app/services/setup_lifecycle/signal_registry.py:SignalDefinitionRegistry.keys,UNREVIEWED,Global method-name inference removed; receiver family review still required
scripts/qa/t12d_compare_behavior.py:main,app/services/setup_lifecycle/signal_registry.py:SignalDefinitionRegistry.keys,UNREVIEWED,Global method-name inference removed; receiver family review still required
scripts/qa/t12e_behavior_probe.py:_business,app/services/fundamental_ranker_v2.py:FundamentalsV2Config.items,UNREVIEWED,Global method-name inference removed; receiver family review still required
scripts/qa/t12e_lane_report.py:pytest_sessionfinish,app/services/canonical_evidence.py:CanonicalEvidenceSerializer.dumps,UNREVIEWED,Global method-name inference removed; receiver family review still required
scripts/qa/t13c_behavior_probe.py:_plain,app/services/fundamental_ranker_v2.py:FundamentalsV2Config.items,UNREVIEWED,Global method-name inference removed; receiver family review still required
scripts/qa/t13c_configuration_inventory.py:inventory,app/services/fundamental_ranker_v2.py:FundamentalsV2Config.items,UNREVIEWED,Global method-name inference removed; receiver family review still required
scripts/qa/t13d_behavior_probe.py:_business,app/services/fundamental_ranker_v2.py:FundamentalsV2Config.items,UNREVIEWED,Global method-name inference removed; receiver family review still required
scripts/qa/t13d_configuration_benchmark.py:benchmark,app/services/canonical_evidence.py:CanonicalEvidenceSerializer.dumps,UNREVIEWED,Global method-name inference removed; receiver family review still required
scripts/qa/t13d_configuration_benchmark.py:benchmark,app/services/ceri/effective_session_service.py:CeriEffectiveSessionService.resolve,UNREVIEWED,Global method-name inference removed; receiver family review still required
scripts/qa/t13d_configuration_benchmark.py:benchmark,app/services/decision_effective_configuration.py:DecisionEffectiveConfiguration.winner_config,UNREVIEWED,Global method-name inference removed; receiver family review still required
scripts/qa/t13d_configuration_benchmark.py:benchmark,app/services/fundamental_ranker_v2.py:FundamentalsV2Config.items,UNREVIEWED,Global method-name inference removed; receiver family review still required
scripts/qa/t13d_configuration_inventory.py:census,app/services/fundamental_ranker_v2.py:FundamentalsV2Config.items,UNREVIEWED,Global method-name inference removed; receiver family review still required
scripts/qa/t13d_configuration_inventory.py:inventory,app/services/canonical_evidence.py:CanonicalEvidenceSerializer.dumps,UNREVIEWED,Global method-name inference removed; receiver family review still required
scripts/qa/t13d_configuration_inventory.py:inventory,app/services/fundamental_ranker_v2.py:FundamentalsV2Config.items,UNREVIEWED,Global method-name inference removed; receiver family review still required
scripts/qa/t13e_authority_audit.py:inventory,app/services/ceri/estimate_deduplicator.py:CeriEstimateDeduplicator.group,UNREVIEWED,Global method-name inference removed; receiver family review still required
scripts/qa/t13e_authority_audit.py:inventory,app/services/fundamental_ranker_v2.py:FundamentalsV2Config.items,UNREVIEWED,Global method-name inference removed; receiver family review still required
scripts/qa/t13e_configuration_benchmark.py:benchmark,app/services/canonical_evidence.py:CanonicalEvidenceSerializer.dumps,UNREVIEWED,Global method-name inference removed; receiver family review still required
scripts/qa/t13e_configuration_benchmark.py:benchmark,app/services/ceri/effective_session_service.py:CeriEffectiveSessionService.resolve,UNREVIEWED,Global method-name inference removed; receiver family review still required
scripts/qa/t13e_configuration_benchmark.py:benchmark,app/services/decision_effective_configuration.py:DecisionEffectiveConfiguration.winner_config,UNREVIEWED,Global method-name inference removed; receiver family review still required
scripts/qa/t13e_deployed_probe.py:main,app/services/canonical_evidence.py:CanonicalEvidenceSerializer.dumps,UNREVIEWED,Global method-name inference removed; receiver family review still required
scripts/qa/t13e_deployed_probe.py:main,app/services/ceri/effective_session_service.py:CeriEffectiveSessionService.resolve,UNREVIEWED,Global method-name inference removed; receiver family review still required
scripts/qa/t13e_deployed_probe.py:main,app/services/fundamental_ranker_v2.py:FundamentalsV2Config.items,UNREVIEWED,Global method-name inference removed; receiver family review still required
scripts/qa/t13e_deployed_probe.py:main,scripts/profile_sec_performance.py:ProfilingSession.scalar,UNREVIEWED,Global method-name inference removed; receiver family review still required
scripts/qa/t13e_deployed_probe.py:main,scripts/qa/t13d_configuration_benchmark.py:EmptyRuleRows.all,UNREVIEWED,Global method-name inference removed; receiver family review still required
scripts/qa/t13e_deployed_probe.py:main,scripts/qa/t13d_configuration_benchmark.py:RulePreload.scalars,UNREVIEWED,Global method-name inference removed; receiver family review still required
scripts/qa/t14a_mutation_inventory.py:discover,app/services/fundamental_ranker_v2.py:FundamentalsV2Config.items,UNREVIEWED,Global method-name inference removed; receiver family review still required
scripts/qa/t14a_reviewed_inventory.py:build_inventory,app/services/fundamental_ranker_v2.py:FundamentalsV2Config.items,UNREVIEWED,Global method-name inference removed; receiver family review still required
scripts/qa/t14a_reviewed_inventory.py:export_inventory,app/services/canonical_evidence.py:CanonicalEvidenceSerializer.dumps,UNREVIEWED,Global method-name inference removed; receiver family review still required
scripts/qa/t14a_reviewed_inventory.py:export_inventory,app/services/fundamental_ranker_v2.py:FundamentalsV2Config.items,UNREVIEWED,Global method-name inference removed; receiver family review still required
scripts/qa/t14a_reviewed_inventory.py:graph,app/services/fundamental_ranker_v2.py:FundamentalsV2Config.items,UNREVIEWED,Global method-name inference removed; receiver family review still required
scripts/qa/t14a_reviewed_inventory.py:handler_registry,app/services/fundamental_ranker_v2.py:FundamentalsV2Config.items,UNREVIEWED,Global method-name inference removed; receiver family review still required
scripts/qa/t14a_reviewed_inventory.py:sql_tables,app/services/ceri/estimate_deduplicator.py:CeriEstimateDeduplicator.group,UNREVIEWED,Global method-name inference removed; receiver family review still required
scripts/qa/windows_process_lifetime_harness.py:_atomic_write,app/services/canonical_evidence.py:CanonicalEvidenceSerializer.dumps,UNREVIEWED,Global method-name inference removed; receiver family review still required
scripts/qa/windows_process_lifetime_harness.py:_inspect,app/services/canonical_evidence.py:CanonicalEvidenceSerializer.dumps,UNREVIEWED,Global method-name inference removed; receiver family review still required
scripts/qa/windows_process_lifetime_harness.py:_launch,app/services/canonical_evidence.py:CanonicalEvidenceSerializer.dumps,UNREVIEWED,Global method-name inference removed; receiver family review still required
scripts/qa/windows_process_lifetime_harness.py:_launch,app/services/ceri/effective_session_service.py:CeriEffectiveSessionService.resolve,UNREVIEWED,Global method-name inference removed; receiver family review still required
scripts/qa/windows_process_lifetime_harness.py:_stop,app/services/canonical_evidence.py:CanonicalEvidenceSerializer.dumps,UNREVIEWED,Global method-name inference removed; receiver family review still required
scripts/resolve_sec_ciks.py:main,app/services/canonical_evidence.py:CanonicalEvidenceSerializer.dumps,UNREVIEWED,Global method-name inference removed; receiver family review still required
scripts/resolve_sec_ciks.py:main,scripts/qa/t13d_configuration_benchmark.py:EmptyRuleRows.all,UNREVIEWED,Global method-name inference removed; receiver family review still required
scripts/resolve_sec_ciks.py:main,scripts/qa/t13d_configuration_benchmark.py:RulePreload.scalars,UNREVIEWED,Global method-name inference removed; receiver family review still required
scripts/run_technical_v51_overlay_research.py:_command,scripts/ops/winner_evidence_differential.py:run,UNREVIEWED,Global method-name inference removed; receiver family review still required
scripts/run_technical_v51_overlay_research.py:main,app/services/canonical_evidence.py:CanonicalEvidenceSerializer.dumps,UNREVIEWED,Global method-name inference removed; receiver family review still required
scripts/run_technical_v51_overlay_research.py:main,app/services/ceri/export_service.py:CeriExportResult.to_csv,UNREVIEWED,Global method-name inference removed; receiver family review still required
scripts/run_technical_v5_forensic_recalibration.py:_confidence_study,app/services/fundamental_ranker_v2.py:FundamentalsV2Config.items,UNREVIEWED,Global method-name inference removed; receiver family review still required
scripts/run_technical_v5_forensic_recalibration.py:_enrich,scripts/run_technical_v5_shadow_evaluation.py:_bars_as_of,CONFIRMED_CALL_GRAPH,Exact declared/imported/default source resolution: IMPORTED_METHOD
scripts/run_technical_v5_forensic_recalibration.py:_enrich,scripts/run_technical_v5_shadow_evaluation.py:_future_bars,CONFIRMED_CALL_GRAPH,Exact declared/imported/default source resolution: IMPORTED_METHOD
scripts/run_technical_v5_forensic_recalibration.py:_enrich,scripts/run_technical_v5_shadow_evaluation.py:_history_key,CONFIRMED_CALL_GRAPH,Exact declared/imported/default source resolution: IMPORTED_METHOD
scripts/run_technical_v5_forensic_recalibration.py:_enrich,scripts/run_technical_v5_shadow_evaluation.py:_load_market_data,CONFIRMED_CALL_GRAPH,Exact declared/imported/default source resolution: IMPORTED_METHOD
scripts/run_technical_v5_forensic_recalibration.py:_enrich,scripts/run_technical_v5_shadow_evaluation.py:_load_score_rows,CONFIRMED_CALL_GRAPH,Exact declared/imported/default source resolution: IMPORTED_METHOD
scripts/run_technical_v5_forensic_recalibration.py:_enrich,scripts/run_technical_v5_shadow_evaluation.py:_row_at,CONFIRMED_CALL_GRAPH,Exact declared/imported/default source resolution: IMPORTED_METHOD
scripts/run_technical_v5_forensic_recalibration.py:_load_company_metadata,scripts/qa/t13d_configuration_benchmark.py:EmptyRuleRows.all,UNREVIEWED,Global method-name inference removed; receiver family review still required
scripts/run_technical_v5_forensic_recalibration.py:_repair_sector_cache,scripts/run_technical_v5_shadow_evaluation.py:_bars_as_of,CONFIRMED_CALL_GRAPH,Exact declared/imported/default source resolution: IMPORTED_METHOD
scripts/run_technical_v5_forensic_recalibration.py:_repair_sector_cache,scripts/run_technical_v5_shadow_evaluation.py:_load_market_data,CONFIRMED_CALL_GRAPH,Exact declared/imported/default source resolution: IMPORTED_METHOD
scripts/run_technical_v5_forensic_recalibration.py:_repair_sector_cache,scripts/run_technical_v5_shadow_evaluation.py:_load_score_rows,CONFIRMED_CALL_GRAPH,Exact declared/imported/default source resolution: IMPORTED_METHOD
scripts/run_technical_v5_forensic_recalibration.py:_repair_sector_cache,scripts/run_technical_v5_shadow_evaluation.py:_roc_features_at,CONFIRMED_CALL_GRAPH,Exact declared/imported/default source resolution: IMPORTED_METHOD
scripts/run_technical_v5_forensic_recalibration.py:_repair_sector_cache,scripts/run_technical_v5_shadow_evaluation.py:_sector_score,CONFIRMED_CALL_GRAPH,Exact declared/imported/default source resolution: IMPORTED_METHOD
scripts/run_technical_v5_forensic_recalibration.py:_repair_sector_cache,scripts/winner_target_stop_scope_repair.py:apply,UNREVIEWED,Global method-name inference removed; receiver family review still required
scripts/run_technical_v5_forensic_recalibration.py:_sector_value,scripts/run_technical_v5_shadow_evaluation.py:_bars_as_of,CONFIRMED_CALL_GRAPH,Exact declared/imported/default source resolution: IMPORTED_METHOD
scripts/run_technical_v5_forensic_recalibration.py:_sector_value,scripts/run_technical_v5_shadow_evaluation.py:_roc_features_at,CONFIRMED_CALL_GRAPH,Exact declared/imported/default source resolution: IMPORTED_METHOD
scripts/run_technical_v5_forensic_recalibration.py:_sector_value,scripts/run_technical_v5_shadow_evaluation.py:_sector_score,CONFIRMED_CALL_GRAPH,Exact declared/imported/default source resolution: IMPORTED_METHOD
scripts/run_technical_v5_forensic_recalibration.py:main,app/services/canonical_evidence.py:CanonicalEvidenceSerializer.dumps,UNREVIEWED,Global method-name inference removed; receiver family review still required
scripts/run_technical_v5_forensic_recalibration.py:main,app/services/ceri/export_service.py:CeriExportResult.to_csv,UNREVIEWED,Global method-name inference removed; receiver family review still required
scripts/run_technical_v5_shadow_evaluation.py:_ablation_campaign,app/services/fundamental_ranker_v2.py:FundamentalsV2Config.items,UNREVIEWED,Global method-name inference removed; receiver family review still required
scripts/run_technical_v5_shadow_evaluation.py:_ablation_leadership_variants,app/services/fundamental_ranker_v2.py:FundamentalsV2Config.items,UNREVIEWED,Global method-name inference removed; receiver family review still required
scripts/run_technical_v5_shadow_evaluation.py:_bars_as_of,app/services/fundamental_ranker_v2.py:FundamentalsV2Config.items,UNREVIEWED,Global method-name inference removed; receiver family review still required
scripts/run_technical_v5_shadow_evaluation.py:_base_score,app/services/fundamental_ranker_v2.py:FundamentalsV2Config.items,UNREVIEWED,Global method-name inference removed; receiver family review still required
scripts/run_technical_v5_shadow_evaluation.py:_load_market_data,scripts/qa/t13d_configuration_benchmark.py:EmptyRuleRows.all,UNREVIEWED,Global method-name inference removed; receiver family review still required
scripts/run_technical_v5_shadow_evaluation.py:_missing_data_analysis,app/services/fundamental_ranker_v2.py:FundamentalsV2Config.items,UNREVIEWED,Global method-name inference removed; receiver family review still required
scripts/run_technical_v5_shadow_evaluation.py:_rank_context_leadership,app/services/fundamental_ranker_v2.py:FundamentalsV2Config.items,UNREVIEWED,Global method-name inference removed; receiver family review still required
scripts/run_technical_v5_shadow_evaluation.py:_reconciles,app/services/fundamental_ranker_v2.py:FundamentalsV2Config.items,UNREVIEWED,Global method-name inference removed; receiver family review still required
scripts/run_technical_v5_shadow_evaluation.py:_reconstruct,app/services/fundamental_ranker_v2.py:FundamentalsV2Config.items,UNREVIEWED,Global method-name inference removed; receiver family review still required
scripts/run_technical_v5_shadow_evaluation.py:_residual_series,scripts/winner_target_stop_scope_repair.py:apply,UNREVIEWED,Global method-name inference removed; receiver family review still required
scripts/run_technical_v5_shadow_evaluation.py:_score_deciles,app/services/fundamental_ranker_v2.py:FundamentalsV2Config.items,UNREVIEWED,Global method-name inference removed; receiver family review still required
scripts/run_technical_v5_shadow_evaluation.py:_v4_v5_comparison,app/services/fundamental_ranker_v2.py:FundamentalsV2Config.items,UNREVIEWED,Global method-name inference removed; receiver family review still required
scripts/run_technical_v5_shadow_evaluation.py:_walk_forward,app/services/fundamental_ranker_v2.py:FundamentalsV2Config.items,UNREVIEWED,Global method-name inference removed; receiver family review still required
scripts/run_technical_v5_shadow_evaluation.py:_walk_forward,scripts/winner_target_stop_scope_repair.py:apply,UNREVIEWED,Global method-name inference removed; receiver family review still required
scripts/run_technical_v5_shadow_evaluation.py:_write_reports,app/services/canonical_evidence.py:CanonicalEvidenceSerializer.dumps,UNREVIEWED,Global method-name inference removed; receiver family review still required
scripts/run_technical_v5_shadow_evaluation.py:main,app/services/canonical_evidence.py:CanonicalEvidenceSerializer.dumps,UNREVIEWED,Global method-name inference removed; receiver family review still required
scripts/run_technical_v5_shadow_evaluation.py:main,app/services/ceri/export_service.py:CeriExportResult.to_csv,UNREVIEWED,Global method-name inference removed; receiver family review still required
scripts/start_full_week_sql_audit.py:main,app/services/canonical_evidence.py:CanonicalEvidenceSerializer.dumps,UNREVIEWED,Global method-name inference removed; receiver family review still required
scripts/validate_ib_market_intelligence.py:main,app/services/canonical_evidence.py:CanonicalEvidenceSerializer.dumps,UNREVIEWED,Global method-name inference removed; receiver family review still required
scripts/validate_ib_market_intelligence.py:main,app/services/ib_market_intelligence/config.py:IBMarketIntelligenceConfig.section,CONFIRMED_CALL_GRAPH,Exact declared/imported/default source resolution: LOCAL_DEFAULT_IMPLEMENTATION
scripts/validate_ib_market_intelligence.py:main,app/services/ib_market_intelligence/flex.py:IBFlexClient.download,CONFIRMED_CALL_GRAPH,Exact declared/imported/default source resolution: LOCAL_DEFAULT_IMPLEMENTATION
scripts/verify_owpe_pre11_activation.py:main,app/services/canonical_evidence.py:CanonicalEvidenceSerializer.dumps,UNREVIEWED,Global method-name inference removed; receiver family review still required
scripts/winner_candidate_estimates.py:_active_jobs,scripts/profile_sec_performance.py:ProfilingSession.scalar,UNREVIEWED,Global method-name inference removed; receiver family review still required
scripts/winner_candidate_estimates.py:_artifact_hash,app/services/fundamental_ranker_v2.py:FundamentalsV2Config.items,UNREVIEWED,Global method-name inference removed; receiver family review still required
scripts/winner_candidate_estimates.py:_candidate_checks,scripts/profile_sec_performance.py:ProfilingSession.scalar,UNREVIEWED,Global method-name inference removed; receiver family review still required
scripts/winner_candidate_estimates.py:_candidate_membership_count,scripts/profile_sec_performance.py:ProfilingSession.scalar,UNREVIEWED,Global method-name inference removed; receiver family review still required
scripts/winner_candidate_estimates.py:_contaminated_ids,scripts/qa/t13d_configuration_benchmark.py:RulePreload.scalars,UNREVIEWED,Global method-name inference removed; receiver family review still required
scripts/winner_candidate_estimates.py:_distribution,scripts/qa/t13d_configuration_benchmark.py:RulePreload.scalars,UNREVIEWED,Global method-name inference removed; receiver family review still required
scripts/winner_candidate_estimates.py:_ensure_empty_manifest,scripts/profile_sec_performance.py:ProfilingSession.scalar,UNREVIEWED,Global method-name inference removed; receiver family review still required
scripts/winner_candidate_estimates.py:_fallback_counts,scripts/qa/t13d_configuration_benchmark.py:EmptyRuleRows.all,UNREVIEWED,Global method-name inference removed; receiver family review still required
scripts/winner_candidate_estimates.py:_hash_query,scripts/qa/t13d_configuration_benchmark.py:RulePreload.scalars,UNREVIEWED,Global method-name inference removed; receiver family review still required
scripts/winner_candidate_estimates.py:_independent_latest_statistic,app/services/fundamental_ranker_v2.py:FundamentalsV2Config.items,UNREVIEWED,Global method-name inference removed; receiver family review still required
scripts/winner_candidate_estimates.py:_manifest_members,app/services/fundamental_ranker_v2.py:FundamentalsV2Config.items,UNREVIEWED,Global method-name inference removed; receiver family review still required
scripts/winner_candidate_estimates.py:_old_members,app/services/fundamental_ranker_v2.py:FundamentalsV2Config.items,UNREVIEWED,Global method-name inference removed; receiver family review still required
scripts/winner_candidate_estimates.py:_persisted_memberships_match,app/services/fundamental_ranker_v2.py:FundamentalsV2Config.items,UNREVIEWED,Global method-name inference removed; receiver family review still required
scripts/winner_candidate_estimates.py:_preflight,scripts/qa/t13d_configuration_benchmark.py:RulePreload.scalars,UNREVIEWED,Global method-name inference removed; receiver family review still required
scripts/winner_candidate_estimates.py:_protected_integrity_state,app/services/fundamental_ranker_v2.py:FundamentalsV2Config.items,UNREVIEWED,Global method-name inference removed; receiver family review still required
scripts/winner_candidate_estimates.py:_serving_ids,scripts/qa/t13d_configuration_benchmark.py:RulePreload.scalars,UNREVIEWED,Global method-name inference removed; receiver family review still required
scripts/winner_candidate_estimates.py:_summary,app/services/ceri/effective_session_service.py:CeriEffectiveSessionService.resolve,UNREVIEWED,Global method-name inference removed; receiver family review still required
scripts/winner_candidate_estimates.py:plan,app/services/canonical_evidence.py:CanonicalEvidenceSerializer.dumps,UNREVIEWED,Global method-name inference removed; receiver family review still required
scripts/winner_candidate_estimates.py:plan,app/services/fundamental_ranker_v2.py:FundamentalsV2Config.items,UNREVIEWED,Global method-name inference removed; receiver family review still required
scripts/winner_candidate_estimates.py:plan,scripts/profile_sec_performance.py:ProfilingSession.scalar,UNREVIEWED,Global method-name inference removed; receiver family review still required
scripts/winner_candidate_estimates.py:verify,app/services/canonical_evidence.py:CanonicalEvidenceSerializer.dumps,UNREVIEWED,Global method-name inference removed; receiver family review still required
scripts/winner_candidate_estimates.py:write,app/services/canonical_evidence.py:CanonicalEvidenceSerializer.dumps,UNREVIEWED,Global method-name inference removed; receiver family review still required
scripts/winner_candidate_estimates.py:write,scripts/profile_sec_performance.py:ProfilingSession.scalar,UNREVIEWED,Global method-name inference removed; receiver family review still required
scripts/winner_clean_reconstruction.py:_active_definition,scripts/profile_sec_performance.py:ProfilingSession.scalar,UNREVIEWED,Global method-name inference removed; receiver family review still required
scripts/winner_clean_reconstruction.py:_artifact_hash,app/services/fundamental_ranker_v2.py:FundamentalsV2Config.items,UNREVIEWED,Global method-name inference removed; receiver family review still required
scripts/winner_clean_reconstruction.py:_assert_controls,app/services/fundamental_ranker_v2.py:FundamentalsV2Config.items,UNREVIEWED,Global method-name inference removed; receiver family review still required
scripts/winner_clean_reconstruction.py:_clean_exclusion_checks,scripts/profile_sec_performance.py:ProfilingSession.scalar,UNREVIEWED,Global method-name inference removed; receiver family review still required
scripts/winner_clean_reconstruction.py:_cohort_level_statistics,scripts/profile_sec_performance.py:ProfilingSession.scalar,UNREVIEWED,Global method-name inference removed; receiver family review still required
scripts/winner_clean_reconstruction.py:_control_state,scripts/profile_sec_performance.py:ProfilingSession.scalar,UNREVIEWED,Global method-name inference removed; receiver family review still required
scripts/winner_clean_reconstruction.py:_generation_invalid_ids,scripts/qa/t13d_configuration_benchmark.py:RulePreload.scalars,UNREVIEWED,Global method-name inference removed; receiver family review still required
scripts/winner_clean_reconstruction.py:_generation_root_ids,scripts/qa/t13d_configuration_benchmark.py:RulePreload.scalars,UNREVIEWED,Global method-name inference removed; receiver family review still required
scripts/winner_clean_reconstruction.py:_hash_query,scripts/qa/t13d_configuration_benchmark.py:RulePreload.scalars,UNREVIEWED,Global method-name inference removed; receiver family review still required
scripts/winner_clean_reconstruction.py:_independent_census,scripts/qa/t13d_configuration_benchmark.py:EmptyRuleRows.all,UNREVIEWED,Global method-name inference removed; receiver family review still required
scripts/winner_clean_reconstruction.py:_independent_clean_ids,scripts/qa/t13d_configuration_benchmark.py:RulePreload.scalars,UNREVIEWED,Global method-name inference removed; receiver family review still required
scripts/winner_clean_reconstruction.py:_shadow_estimate_gate,scripts/profile_sec_performance.py:ProfilingSession.scalar,UNREVIEWED,Global method-name inference removed; receiver family review still required
scripts/winner_clean_reconstruction.py:_summary,app/services/ceri/effective_session_service.py:CeriEffectiveSessionService.resolve,UNREVIEWED,Global method-name inference removed; receiver family review still required
scripts/winner_clean_reconstruction.py:build_candidate,app/services/canonical_evidence.py:CanonicalEvidenceSerializer.dumps,UNREVIEWED,Global method-name inference removed; receiver family review still required
scripts/winner_clean_reconstruction.py:build_candidate,scripts/profile_sec_performance.py:Tracker.as_dict,UNREVIEWED,Global method-name inference removed; receiver family review still required
scripts/winner_clean_reconstruction.py:plan,app/services/canonical_evidence.py:CanonicalEvidenceSerializer.dumps,UNREVIEWED,Global method-name inference removed; receiver family review still required
scripts/winner_clean_reconstruction.py:plan,scripts/profile_sec_performance.py:ProfilingSession.scalar,UNREVIEWED,Global method-name inference removed; receiver family review still required
scripts/winner_clean_reconstruction.py:plan,scripts/profile_sec_performance.py:Tracker.as_dict,UNREVIEWED,Global method-name inference removed; receiver family review still required
scripts/winner_clean_reconstruction.py:report,app/services/canonical_evidence.py:CanonicalEvidenceSerializer.dumps,UNREVIEWED,Global method-name inference removed; receiver family review still required
scripts/winner_clean_reconstruction.py:report,scripts/qa/t13d_configuration_benchmark.py:RulePreload.scalars,UNREVIEWED,Global method-name inference removed; receiver family review still required
scripts/winner_clean_reconstruction.py:verify,app/services/canonical_evidence.py:CanonicalEvidenceSerializer.dumps,UNREVIEWED,Global method-name inference removed; receiver family review still required
scripts/winner_estimate_lifecycle.py:_artifact_hash,app/services/fundamental_ranker_v2.py:FundamentalsV2Config.items,UNREVIEWED,Global method-name inference removed; receiver family review still required
scripts/winner_estimate_lifecycle.py:_hash_query,scripts/qa/t13d_configuration_benchmark.py:RulePreload.scalars,UNREVIEWED,Global method-name inference removed; receiver family review still required
scripts/winner_estimate_lifecycle.py:_independent_expected_ids,scripts/qa/t13d_configuration_benchmark.py:RulePreload.scalars,UNREVIEWED,Global method-name inference removed; receiver family review still required
scripts/winner_estimate_lifecycle.py:_raw_journal_divergence_ids,scripts/qa/t13d_configuration_benchmark.py:RulePreload.scalars,UNREVIEWED,Global method-name inference removed; receiver family review still required
scripts/winner_estimate_lifecycle.py:_require_head,scripts/qa/t13d_configuration_benchmark.py:RulePreload.scalars,UNREVIEWED,Global method-name inference removed; receiver family review still required
scripts/winner_estimate_lifecycle.py:_require_stopped,scripts/profile_sec_performance.py:ProfilingSession.scalar,UNREVIEWED,Global method-name inference removed; receiver family review still required
scripts/winner_estimate_lifecycle.py:_summary,app/services/ceri/effective_session_service.py:CeriEffectiveSessionService.resolve,UNREVIEWED,Global method-name inference removed; receiver family review still required
scripts/winner_estimate_lifecycle.py:plan,app/services/canonical_evidence.py:CanonicalEvidenceSerializer.dumps,UNREVIEWED,Global method-name inference removed; receiver family review still required
scripts/winner_estimate_lifecycle.py:plan,scripts/profile_sec_performance.py:ProfilingSession.scalar,UNREVIEWED,Global method-name inference removed; receiver family review still required
scripts/winner_estimate_lifecycle.py:verify,app/services/canonical_evidence.py:CanonicalEvidenceSerializer.dumps,UNREVIEWED,Global method-name inference removed; receiver family review still required
scripts/winner_estimate_publication.py:_assert_disposable_simulation_database,scripts/profile_sec_performance.py:ProfilingSession.scalar,UNREVIEWED,Global method-name inference removed; receiver family review still required
scripts/winner_estimate_publication.py:_candidate_clbk_count,scripts/profile_sec_performance.py:ProfilingSession.scalar,UNREVIEWED,Global method-name inference removed; receiver family review still required
scripts/winner_estimate_publication.py:_candidate_membership_count,scripts/profile_sec_performance.py:ProfilingSession.scalar,UNREVIEWED,Global method-name inference removed; receiver family review still required
scripts/winner_estimate_publication.py:_candidate_temporal_impurity_count,scripts/profile_sec_performance.py:ProfilingSession.scalar,UNREVIEWED,Global method-name inference removed; receiver family review still required
scripts/winner_estimate_publication.py:_preflight,scripts/profile_sec_performance.py:ProfilingSession.scalar,UNREVIEWED,Global method-name inference removed; receiver family review still required
scripts/winner_estimate_publication.py:_preflight,scripts/qa/t13d_configuration_benchmark.py:RulePreload.scalars,UNREVIEWED,Global method-name inference removed; receiver family review still required
scripts/winner_estimate_publication.py:_protected_state,scripts/profile_sec_performance.py:ProfilingSession.scalar,UNREVIEWED,Global method-name inference removed; receiver family review still required
scripts/winner_estimate_publication.py:_quarantine_count,scripts/profile_sec_performance.py:ProfilingSession.scalar,UNREVIEWED,Global method-name inference removed; receiver family review still required
scripts/winner_estimate_publication.py:_serving_ids,scripts/qa/t13d_configuration_benchmark.py:RulePreload.scalars,UNREVIEWED,Global method-name inference removed; receiver family review still required
scripts/winner_estimate_publication.py:_simulation_checks,scripts/profile_sec_performance.py:ProfilingSession.scalar,UNREVIEWED,Global method-name inference removed; receiver family review still required
scripts/winner_estimate_publication.py:_simulation_is_baseline,scripts/profile_sec_performance.py:ProfilingSession.scalar,UNREVIEWED,Global method-name inference removed; receiver family review still required
scripts/winner_estimate_publication.py:_summary,app/services/ceri/effective_session_service.py:CeriEffectiveSessionService.resolve,UNREVIEWED,Global method-name inference removed; receiver family review still required
scripts/winner_estimate_publication.py:plan,app/services/canonical_evidence.py:CanonicalEvidenceSerializer.dumps,UNREVIEWED,Global method-name inference removed; receiver family review still required
scripts/winner_estimate_publication.py:plan,app/services/fundamental_ranker_v2.py:FundamentalsV2Config.items,UNREVIEWED,Global method-name inference removed; receiver family review still required
scripts/winner_estimate_publication.py:simulate,app/services/canonical_evidence.py:CanonicalEvidenceSerializer.dumps,UNREVIEWED,Global method-name inference removed; receiver family review still required
scripts/winner_estimate_publication.py:simulate,app/services/ceri/effective_session_service.py:CeriEffectiveSessionService.resolve,UNREVIEWED,Global method-name inference removed; receiver family review still required
scripts/winner_estimate_publication.py:verify,app/services/canonical_evidence.py:CanonicalEvidenceSerializer.dumps,UNREVIEWED,Global method-name inference removed; receiver family review still required
scripts/winner_estimate_publication.py:verify,app/services/ceri/effective_session_service.py:CeriEffectiveSessionService.resolve,UNREVIEWED,Global method-name inference removed; receiver family review still required
scripts/winner_ib_request_scope_canary.py:_bar_records,scripts/qa/t13d_configuration_benchmark.py:EmptyRuleRows.all,UNREVIEWED,Global method-name inference removed; receiver family review still required
scripts/winner_ib_request_scope_canary.py:_historical_counts,scripts/profile_sec_performance.py:ProfilingSession.scalar,UNREVIEWED,Global method-name inference removed; receiver family review still required
scripts/winner_ib_request_scope_canary.py:_load_master,app/services/fundamental_ranker_v2.py:FundamentalsV2Config.items,UNREVIEWED,Global method-name inference removed; receiver family review still required
scripts/winner_ib_request_scope_canary.py:_preflight_payload,app/services/fundamental_ranker_v2.py:FundamentalsV2Config.items,UNREVIEWED,Global method-name inference removed; receiver family review still required
scripts/winner_ib_request_scope_canary.py:_preflight_payload,scripts/profile_sec_performance.py:ProfilingSession.scalar,UNREVIEWED,Global method-name inference removed; receiver family review still required
scripts/winner_ib_request_scope_canary.py:_preflight_payload,scripts/qa/t13d_configuration_benchmark.py:RulePreload.scalars,UNREVIEWED,Global method-name inference removed; receiver family review still required
scripts/winner_ib_request_scope_canary.py:_present_dates,scripts/qa/t13d_configuration_benchmark.py:RulePreload.scalars,UNREVIEWED,Global method-name inference removed; receiver family review still required
scripts/winner_ib_request_scope_canary.py:_quarantine_count,scripts/profile_sec_performance.py:ProfilingSession.scalar,UNREVIEWED,Global method-name inference removed; receiver family review still required
scripts/winner_ib_request_scope_canary.py:_region_hashes,app/services/fundamental_ranker_v2.py:FundamentalsV2Config.items,UNREVIEWED,Global method-name inference removed; receiver family review still required
scripts/winner_ib_request_scope_canary.py:_remaining_master_payload,scripts/qa/t13d_configuration_benchmark.py:RulePreload.scalars,UNREVIEWED,Global method-name inference removed; receiver family review still required
scripts/winner_ib_request_scope_canary.py:_write_immutable,app/services/canonical_evidence.py:CanonicalEvidenceSerializer.dumps,UNREVIEWED,Global method-name inference removed; receiver family review still required
scripts/winner_ib_request_scope_canary.py:apply_interrupted_finalization,app/services/canonical_evidence.py:CanonicalEvidenceSerializer.dumps,UNREVIEWED,Global method-name inference removed; receiver family review still required
scripts/winner_ib_request_scope_canary.py:audit_v1,app/services/canonical_evidence.py:CanonicalEvidenceSerializer.dumps,UNREVIEWED,Global method-name inference removed; receiver family review still required
scripts/winner_ib_request_scope_canary.py:audit_v1,app/services/ceri/effective_session_service.py:CeriEffectiveSessionService.resolve,UNREVIEWED,Global method-name inference removed; receiver family review still required
scripts/winner_ib_request_scope_canary.py:audit_v1,app/services/fundamental_ranker_v2.py:FundamentalsV2Config.items,UNREVIEWED,Global method-name inference removed; receiver family review still required
scripts/winner_ib_request_scope_canary.py:audit_v1,scripts/profile_sec_performance.py:ProfilingSession.scalar,UNREVIEWED,Global method-name inference removed; receiver family review still required
scripts/winner_ib_request_scope_canary.py:audit_v1,scripts/qa/t13d_configuration_benchmark.py:RulePreload.scalars,UNREVIEWED,Global method-name inference removed; receiver family review still required
scripts/winner_ib_request_scope_canary.py:dry_run_remaining,app/services/canonical_evidence.py:CanonicalEvidenceSerializer.dumps,UNREVIEWED,Global method-name inference removed; receiver family review still required
scripts/winner_ib_request_scope_canary.py:execute_recovery_batch,app/services/canonical_evidence.py:CanonicalEvidenceSerializer.dumps,UNREVIEWED,Global method-name inference removed; receiver family review still required
scripts/winner_ib_request_scope_canary.py:execute_recovery_batch,app/services/fundamental_ranker_v2.py:FundamentalsV2Config.items,UNREVIEWED,Global method-name inference removed; receiver family review still required
scripts/winner_ib_request_scope_canary.py:execute_v3,app/services/canonical_evidence.py:CanonicalEvidenceSerializer.dumps,UNREVIEWED,Global method-name inference removed; receiver family review still required
scripts/winner_ib_request_scope_canary.py:execute_v3,app/services/fundamental_ranker_v2.py:FundamentalsV2Config.items,UNREVIEWED,Global method-name inference removed; receiver family review still required
scripts/winner_ib_request_scope_canary.py:final_recovery_manifest,app/services/canonical_evidence.py:CanonicalEvidenceSerializer.dumps,UNREVIEWED,Global method-name inference removed; receiver family review still required
scripts/winner_ib_request_scope_canary.py:final_recovery_manifest,app/services/ceri/effective_session_service.py:CeriEffectiveSessionService.resolve,UNREVIEWED,Global method-name inference removed; receiver family review still required
scripts/winner_ib_request_scope_canary.py:final_recovery_manifest,app/services/fundamental_ranker_v2.py:FundamentalsV2Config.items,UNREVIEWED,Global method-name inference removed; receiver family review still required
scripts/winner_ib_request_scope_canary.py:final_recovery_manifest,scripts/qa/t13d_configuration_benchmark.py:RulePreload.scalars,UNREVIEWED,Global method-name inference removed; receiver family review still required
scripts/winner_ib_request_scope_canary.py:historical_state_snapshot,app/services/canonical_evidence.py:CanonicalEvidenceSerializer.dumps,UNREVIEWED,Global method-name inference removed; receiver family review still required
scripts/winner_ib_request_scope_canary.py:historical_state_snapshot,app/services/ceri/effective_session_service.py:CeriEffectiveSessionService.resolve,UNREVIEWED,Global method-name inference removed; receiver family review still required
scripts/winner_ib_request_scope_canary.py:historical_state_snapshot,scripts/qa/t13d_configuration_benchmark.py:RulePreload.scalars,UNREVIEWED,Global method-name inference removed; receiver family review still required
scripts/winner_ib_request_scope_canary.py:plan_interrupted_finalization,app/services/canonical_evidence.py:CanonicalEvidenceSerializer.dumps,UNREVIEWED,Global method-name inference removed; receiver family review still required
scripts/winner_ib_request_scope_canary.py:plan_interrupted_finalization,app/services/ceri/effective_session_service.py:CeriEffectiveSessionService.resolve,UNREVIEWED,Global method-name inference removed; receiver family review still required
scripts/winner_ib_request_scope_canary.py:plan_recovery_batch,app/services/canonical_evidence.py:CanonicalEvidenceSerializer.dumps,UNREVIEWED,Global method-name inference removed; receiver family review still required
scripts/winner_ib_request_scope_canary.py:plan_recovery_batch,app/services/ceri/effective_session_service.py:CeriEffectiveSessionService.resolve,UNREVIEWED,Global method-name inference removed; receiver family review still required
scripts/winner_ib_request_scope_canary.py:plan_remaining_master,app/services/canonical_evidence.py:CanonicalEvidenceSerializer.dumps,UNREVIEWED,Global method-name inference removed; receiver family review still required
scripts/winner_ib_request_scope_canary.py:plan_remaining_master,app/services/ceri/effective_session_service.py:CeriEffectiveSessionService.resolve,UNREVIEWED,Global method-name inference removed; receiver family review still required
scripts/winner_ib_request_scope_canary.py:plan_v3,app/services/canonical_evidence.py:CanonicalEvidenceSerializer.dumps,UNREVIEWED,Global method-name inference removed; receiver family review still required
scripts/winner_ib_request_scope_canary.py:plan_v3,app/services/ceri/effective_session_service.py:CeriEffectiveSessionService.resolve,UNREVIEWED,Global method-name inference removed; receiver family review still required
scripts/winner_ib_request_scope_canary.py:reconcile_successful_run_storage,app/services/canonical_evidence.py:CanonicalEvidenceSerializer.dumps,UNREVIEWED,Global method-name inference removed; receiver family review still required
scripts/winner_ib_request_scope_canary.py:verify_v3,app/services/canonical_evidence.py:CanonicalEvidenceSerializer.dumps,UNREVIEWED,Global method-name inference removed; receiver family review still required
scripts/winner_ib_request_scope_canary.py:verify_v3,app/services/ceri/effective_session_service.py:CeriEffectiveSessionService.resolve,UNREVIEWED,Global method-name inference removed; receiver family review still required
scripts/winner_ib_request_scope_canary.py:verify_v3,scripts/profile_sec_performance.py:ProfilingSession.scalar,UNREVIEWED,Global method-name inference removed; receiver family review still required
scripts/winner_ib_request_scope_canary.py:verify_v3,scripts/qa/t13d_configuration_benchmark.py:EmptyRuleRows.all,UNREVIEWED,Global method-name inference removed; receiver family review still required
scripts/winner_ib_request_scope_canary.py:verify_v3,scripts/qa/t13d_configuration_benchmark.py:RulePreload.scalars,UNREVIEWED,Global method-name inference removed; receiver family review still required
scripts/winner_market_data_recovery.py:_candidate_rows,scripts/qa/t13d_configuration_benchmark.py:EmptyRuleRows.all,UNREVIEWED,Global method-name inference removed; receiver family review still required
scripts/winner_market_data_recovery.py:_historical_temporal_evidence,app/services/fundamental_ranker_v2.py:FundamentalsV2Config.items,UNREVIEWED,Global method-name inference removed; receiver family review still required
scripts/winner_market_data_recovery.py:_load_bars,scripts/qa/t13d_configuration_benchmark.py:RulePreload.scalars,UNREVIEWED,Global method-name inference removed; receiver family review still required
scripts/winner_market_data_recovery.py:apply_certification,app/services/canonical_evidence.py:CanonicalEvidenceSerializer.dumps,UNREVIEWED,Global method-name inference removed; receiver family review still required
scripts/winner_market_data_recovery.py:build_manifest,app/services/fundamental_ranker_v2.py:FundamentalsV2Config.items,UNREVIEWED,Global method-name inference removed; receiver family review still required
scripts/winner_market_data_recovery.py:build_manifest,scripts/qa/t13d_configuration_benchmark.py:RulePreload.scalars,UNREVIEWED,Global method-name inference removed; receiver family review still required
scripts/winner_market_data_recovery.py:generate,app/services/canonical_evidence.py:CanonicalEvidenceSerializer.dumps,UNREVIEWED,Global method-name inference removed; receiver family review still required
scripts/winner_market_data_recovery.py:generate,app/services/ceri/effective_session_service.py:CeriEffectiveSessionService.resolve,UNREVIEWED,Global method-name inference removed; receiver family review still required
scripts/winner_market_data_recovery.py:install_obligations,app/services/canonical_evidence.py:CanonicalEvidenceSerializer.dumps,UNREVIEWED,Global method-name inference removed; receiver family review still required
scripts/winner_market_data_recovery.py:install_obligations,scripts/qa/t13d_configuration_benchmark.py:RulePreload.scalars,UNREVIEWED,Global method-name inference removed; receiver family review still required
scripts/winner_market_data_recovery.py:show_request_plan,app/services/canonical_evidence.py:CanonicalEvidenceSerializer.dumps,UNREVIEWED,Global method-name inference removed; receiver family review still required
scripts/winner_market_data_recovery.py:show_request_plan,scripts/qa/t13d_configuration_benchmark.py:EmptyRuleRows.all,UNREVIEWED,Global method-name inference removed; receiver family review still required
scripts/winner_maturation_canary.py:_artifact_summary,app/services/ceri/effective_session_service.py:CeriEffectiveSessionService.resolve,UNREVIEWED,Global method-name inference removed; receiver family review still required
scripts/winner_maturation_canary.py:_canary_outcome_state,scripts/qa/t13d_configuration_benchmark.py:RulePreload.scalars,UNREVIEWED,Global method-name inference removed; receiver family review still required
scripts/winner_maturation_canary.py:_canary_price_state,scripts/qa/t13d_configuration_benchmark.py:RulePreload.scalars,UNREVIEWED,Global method-name inference removed; receiver family review still required
scripts/winner_maturation_canary.py:_candidate_profiles,scripts/qa/t13d_configuration_benchmark.py:EmptyRuleRows.all,UNREVIEWED,Global method-name inference removed; receiver family review still required
scripts/winner_maturation_canary.py:_candidate_profiles,scripts/qa/t13d_configuration_benchmark.py:RulePreload.scalars,UNREVIEWED,Global method-name inference removed; receiver family review still required
scripts/winner_maturation_canary.py:_control_state,scripts/profile_sec_performance.py:ProfilingSession.scalar,UNREVIEWED,Global method-name inference removed; receiver family review still required
scripts/winner_maturation_canary.py:_hash_query,scripts/qa/t13d_configuration_benchmark.py:RulePreload.scalars,UNREVIEWED,Global method-name inference removed; receiver family review still required
scripts/winner_maturation_canary.py:_hash_without_artifact_hash,app/services/fundamental_ranker_v2.py:FundamentalsV2Config.items,UNREVIEWED,Global method-name inference removed; receiver family review still required
scripts/winner_maturation_canary.py:_quarantine_count,scripts/profile_sec_performance.py:ProfilingSession.scalar,UNREVIEWED,Global method-name inference removed; receiver family review still required
scripts/winner_maturation_canary.py:execute,app/services/canonical_evidence.py:CanonicalEvidenceSerializer.dumps,UNREVIEWED,Global method-name inference removed; receiver family review still required
scripts/winner_maturation_canary.py:plan,app/services/canonical_evidence.py:CanonicalEvidenceSerializer.dumps,UNREVIEWED,Global method-name inference removed; receiver family review still required
scripts/winner_maturation_canary.py:plan,app/services/ceri/effective_session_service.py:CeriEffectiveSessionService.resolve,UNREVIEWED,Global method-name inference removed; receiver family review still required
scripts/winner_maturation_canary.py:snapshot,app/services/canonical_evidence.py:CanonicalEvidenceSerializer.dumps,UNREVIEWED,Global method-name inference removed; receiver family review still required
scripts/winner_maturation_canary.py:verify,app/services/canonical_evidence.py:CanonicalEvidenceSerializer.dumps,UNREVIEWED,Global method-name inference removed; receiver family review still required
scripts/winner_maturation_canary.py:verify,app/services/fundamental_ranker_v2.py:FundamentalsV2Config.items,UNREVIEWED,Global method-name inference removed; receiver family review still required
scripts/winner_target_stop_scope_repair.py:_active_winner_jobs,scripts/profile_sec_performance.py:ProfilingSession.scalar,UNREVIEWED,Global method-name inference removed; receiver family review still required
scripts/winner_target_stop_scope_repair.py:_payload_hash,app/services/fundamental_ranker_v2.py:FundamentalsV2Config.items,UNREVIEWED,Global method-name inference removed; receiver family review still required
scripts/winner_target_stop_scope_repair.py:_quarantine_count,scripts/profile_sec_performance.py:ProfilingSession.scalar,UNREVIEWED,Global method-name inference removed; receiver family review still required
scripts/winner_target_stop_scope_repair.py:_query_hash,scripts/qa/t13d_configuration_benchmark.py:RulePreload.scalars,UNREVIEWED,Global method-name inference removed; receiver family review still required
scripts/winner_target_stop_scope_repair.py:_summary,app/services/ceri/effective_session_service.py:CeriEffectiveSessionService.resolve,UNREVIEWED,Global method-name inference removed; receiver family review still required
scripts/winner_target_stop_scope_repair.py:apply,app/services/canonical_evidence.py:CanonicalEvidenceSerializer.dumps,UNREVIEWED,Global method-name inference removed; receiver family review still required
scripts/winner_target_stop_scope_repair.py:plan,app/services/canonical_evidence.py:CanonicalEvidenceSerializer.dumps,UNREVIEWED,Global method-name inference removed; receiver family review still required
scripts/winner_target_stop_scope_repair.py:plan,scripts/qa/t13d_configuration_benchmark.py:RulePreload.scalars,UNREVIEWED,Global method-name inference removed; receiver family review still required
scripts/winner_target_stop_scope_repair.py:verify,app/services/canonical_evidence.py:CanonicalEvidenceSerializer.dumps,UNREVIEWED,Global method-name inference removed; receiver family review still required
scripts/winner_target_stop_scope_repair.py:verify,app/services/fundamental_ranker_v2.py:FundamentalsV2Config.items,UNREVIEWED,Global method-name inference removed; receiver family review still required
scripts/winner_target_stop_scope_repair.py:verify,scripts/profile_sec_performance.py:ProfilingSession.scalar,UNREVIEWED,Global method-name inference removed; receiver family review still required
