family_or_record_id,adoption_status,authority_proof,authority_review_is_foundation_gate,authority_supplied,behavior,decorators,discovery_status,disposition,domains,entry_point_family_id,entrypoints,kind,modes,proof_boundary,reachability,selectors,semantic_adoption_status,semantic_review_complete,source_sha256,status,writer_adoption_dependencies,writer_families,raw_conditional_overapproximation
EF_021cfb93d6813955,T14B_ADOPTION,"Concrete native arguments and decorators retained. Direct invocation and current/ambient delivery are exposed as a potential authority variant, not assumed equivalent to certified pipeline delivery.",False,"self, db: Session, dto: SectorRotationSnapshotWrite, *, evidence_sources: dict[str, Any] | None=None",SYNCHRONOUS_OR_ENQUEUE_NATIVE_OPERATION,[],DISCOVERED,T14B,"[""CERI"", ""COMBINED"", ""CURRENT_PROJECTION"", ""FUNDAMENTAL"", ""IBMI"", ""RANKING"", ""REGIME"", ""SECTOR"", ""TECHNICAL""]",EF_021cfb93d6813955,"[""app/services/sector_rotation_repository.py:SectorRotationRepository.save_snapshot""]",SERVICE_PUBLIC,"[""CANONICAL_CALCULATION"", ""CURRENT_PROJECTION_ADVANCE""]",Exact source signature and selector clauses are discovery evidence. Semantic authority/conditional dispatch review is not yet complete; this record is not a bypass assertion.,Mounted HTTP/registered handler/public service or explicit CLI; source address and signature retained.,"[""previous = self._latest_logical_snapshot(db, dto)"", ""is_current_revision=True,""]",SEMANTIC_ADOPTION_PENDING,False,60477db921d780980d12d3a80126ceed380528008c6eab916367a0f53b0fae39,SEMANTIC_ADOPTION_PENDING,[],"[""WF_CORE_CURRENT_PROJECTION"", ""WF_CORE_RETAINED_EVIDENCE"", ""WF_SECTOR_SNAPSHOT""]",
EF_025e41805514b5ba,T14D_ADOPTION,"Concrete native arguments and decorators retained. Direct invocation and current/ambient delivery are exposed as a potential authority variant, not assumed equivalent to certified pipeline delivery.",False,"db: Session, pipeline_run_id: int",SYNCHRONOUS_OR_ENQUEUE_NATIVE_OPERATION,[],DISCOVERED,T14D,"[""PIPELINE""]",EF_025e41805514b5ba,"[""app/services/pipeline_service.py:cancel_pipeline""]",SERVICE_PUBLIC,"[""BOOTSTRAP""]",Exact source signature and selector clauses are discovery evidence. Semantic authority/conditional dispatch review is not yet complete; this record is not a bypass assertion.,Mounted HTTP/registered handler/public service or explicit CLI; source address and signature retained.,[],SEMANTIC_ADOPTION_PENDING,False,82cf1c28c6f4ee72da8fce44e8530e1578451d5489f6066c69985d320a6d621b,SEMANTIC_ADOPTION_PENDING,[],"[""WF_PIPELINE_CONTROL""]",
EF_02815044960ac52c,T14D_ADOPTION,"Concrete native arguments and decorators retained. Direct invocation and current/ambient delivery are exposed as a potential authority variant, not assumed equivalent to certified pipeline delivery.",False,"self, db: Session, *, prediction: WinnerPredictionSnapshot, outcome_definition: WinnerOutcomeDefinition, training_cutoff_at: datetime, config: WinnerProbabilityConfig, request_key: str, expected_reviewed_manifest_hash: str, actor: str, approve_write: bool",SYNCHRONOUS_OR_ENQUEUE_NATIVE_OPERATION,[],DISCOVERED,T14D,"[""WINNER_COHORT"", ""WINNER_ESTIMATE""]",EF_02815044960ac52c,"[""app/services/winner_probability/pre11_activation_service.py:Pre11L5ActivationService.activate""]",SERVICE_PUBLIC,"[""BOOTSTRAP"", ""CANONICAL_CALCULATION"", ""PUBLICATION""]",Exact source signature and selector clauses are discovery evidence. Semantic authority/conditional dispatch review is not yet complete; this record is not a bypass assertion.,Mounted HTTP/registered handler/public service or explicit CLI; source address and signature retained.,"[""training_cutoff_at: datetime,"", ""if training_cutoff_at.tzinfo is None:"", ""raise ValueError(\""training_cutoff_at must be timezone-aware\"")"", ""raise ValueError(\""active configuration does not define a global L5 cohort\"")"", ""evidence = self.evidence_service.load_evidence("", ""training_cutoff_at=training_cutoff_at,"", ""training_cutoff_at=training_cutoff_at,"", "".where(WinnerProbabilityEstimate.estimate_kind == EstimateKind.LATEST_RESCORE)"", "".where(WinnerProbabilityEstimate.training_cutoff_at == training_cutoff_at)"", ""estimate_kind=EstimateKind.LATEST_RESCORE,"", ""training_cutoff_at=training_cutoff_at,"", ""included_as_of=training_cutoff_at,"", ""inclusion_cutoff_at=training_cutoff_at,""]",SEMANTIC_ADOPTION_PENDING,False,64ff7f2d07241b426af5fbca4c43456598d6baa4f449f5c6409ea24790e021c2,SEMANTIC_ADOPTION_PENDING,"[""T14C""]","[""WF_WINNER_COHORT_DEFINITION"", ""WF_WINNER_EVIDENCE_MANIFEST"", ""WF_WINNER_INLINE_COHORT"", ""WF_WINNER_PRE11_ACTIVATION""]",
EF_03715d8cb04ab7de,T14D_ADOPTION,"Concrete native arguments and decorators retained. Direct invocation and current/ambient delivery are exposed as a potential authority variant, not assumed equivalent to certified pipeline delivery.",False,"self, db, request: SetupLifecycleReplayRequest",SYNCHRONOUS_OR_ENQUEUE_NATIVE_OPERATION,"[""anchored_decision_calculator""]",DISCOVERED,T14D,"[""ALERT_DECISION"", ""CERI"", ""COMBINED"", ""CURRENT_PROJECTION"", ""FUNDAMENTAL"", ""IBMI"", ""LIFECYCLE_EVALUATION"", ""LIFECYCLE_TRANSITION"", ""RANKING"", ""REGIME"", ""SECTOR"", ""SETUP"", ""TECHNICAL""]",EF_03715d8cb04ab7de,"[""app/services/setup_lifecycle/replay_service.py:SetupLifecycleReplayService.replay""]",SERVICE_PUBLIC,"[""CANONICAL_CALCULATION"", ""CURRENT_PROJECTION_ADVANCE""]",Exact source signature and selector clauses are discovery evidence. Semantic authority/conditional dispatch review is not yet complete; this record is not a bypass assertion.,Mounted HTTP/registered handler/public service or explicit CLI; source address and signature retained.,"[""effective_configuration=self.lifecycle_engine.effective_configuration,"", ""current_phase=\""replay_completed\"",""]",SEMANTIC_ADOPTION_PENDING,False,d83eec8e81776231dca95604d92dab15525a66427b594eb5ff1150f554e7ff92,SEMANTIC_ADOPTION_PENDING,"[""T14B"", ""T14C""]","[""WF_CORE_CURRENT_PROJECTION"", ""WF_CORE_RETAINED_EVIDENCE"", ""WF_LIFECYCLE_EVALUATION_EVIDENCE"", ""WF_SETUP_EVALUATION_RUN_STATE"", ""WF_SETUP_TYPED_REPOSITORY""]",
EF_053db506b2540635,T14D_ADOPTION,"Concrete native arguments and decorators retained. Direct invocation and current/ambient delivery are exposed as a potential authority variant, not assumed equivalent to certified pipeline delivery.",False,"db: Session, *, feature: IBIntelligenceFeature, config: IBMarketIntelligenceConfig, constituent_manifest: dict[str, Any]",SYNCHRONOUS_OR_ENQUEUE_NATIVE_OPERATION,[],DISCOVERED,T14D,"[""CERI"", ""COMBINED"", ""CURRENT_PROJECTION"", ""FUNDAMENTAL"", ""IBMI"", ""RANKING"", ""REGIME"", ""SECTOR"", ""TECHNICAL""]",EF_053db506b2540635,"[""app/services/ib_market_intelligence/decision_evidence.py:persist_ibmi_feature_evidence""]",SERVICE_PUBLIC,"[""CANONICAL_CALCULATION"", ""CURRENT_PROJECTION_ADVANCE""]",Exact source signature and selector clauses are discovery evidence. Semantic authority/conditional dispatch review is not yet complete; this record is not a bypass assertion.,Mounted HTTP/registered handler/public service or explicit CLI; source address and signature retained.,"[""effective = getattr(config, \""_effective_configuration\"", None) or getattr("", ""config, \""_effective_configurations\"", {}"", ""raise EvidenceUnavailableError(\""IBMI_CONFIGURATION_REQUIRED_BEFORE_CALCULATION\"")"", ""effective.require_family(f\""contextual.ibmi.{feature.module.lower()}\"")"", ""\""effective_configuration\"": {"", ""current_row=feature,"", ""effective_configuration=effective.snapshot,""]",SEMANTIC_ADOPTION_PENDING,False,3fdf38b8496808d66c40327c21337cb17f767c969cb5478b92c172b8a8ed0d3d,SEMANTIC_ADOPTION_PENDING,"[""T14B""]","[""WF_CORE_CURRENT_PROJECTION"", ""WF_CORE_RETAINED_EVIDENCE""]",
EF_08367ecd4bfc25ab,T14D_ADOPTION,"Concrete native arguments and decorators retained. Direct invocation and current/ambient delivery are exposed as a potential authority variant, not assumed equivalent to certified pipeline delivery.",False,"self, db: Session, *, plan: TemporalCertificationPlan, expected_manifest_hash: str, actor: str, request_key: str, approve_write: bool, evaluated_at: datetime | None=None",SYNCHRONOUS_OR_ENQUEUE_NATIVE_OPERATION,[],DISCOVERED,T14D,"[""WINNER_PREDICTION""]",EF_08367ecd4bfc25ab,"[""app/services/winner_probability/temporal_validation_service.py:TemporalValidationService.apply_certification""]",SERVICE_PUBLIC,"[""CURRENT_STATE_REPAIR""]",Exact source signature and selector clauses are discovery evidence. Semantic authority/conditional dispatch review is not yet complete; this record is not a bypass assertion.,Mounted HTTP/registered handler/public service or explicit CLI; source address and signature retained.,"["".order_by(WinnerPredictionSnapshot.id)"", ""source_data_cutoff_at=prediction.source_data_cutoff_at,"", ""source_cutoff_valid=result.source_cutoff_valid,""]",SEMANTIC_ADOPTION_PENDING,False,599eb58c724911cb0ddd2c1a0a80636b8c33f3016a5dfb462735250e33330c16,SEMANTIC_ADOPTION_PENDING,[],"[""WF_WINNER_TEMPORAL_VALIDITY""]",
EF_0a056737ae51257a,T14C_ADOPTION,"Concrete native arguments and decorators retained. Direct invocation and current/ambient delivery are exposed as a potential authority variant, not assumed equivalent to certified pipeline delivery.",False,"self, db: Session, *, state: WinnerCohortRefreshState, contract: WinnerCohortContract, requested_at: datetime | None=None",SYNCHRONOUS_OR_ENQUEUE_NATIVE_OPERATION,[],DISCOVERED,T14C,"[""CURRENT_PROJECTION"", ""WINNER_GENERATION""]",EF_0a056737ae51257a,"[""app/services/winner_probability/cohort_generation_service.py:CohortGenerationService.capture_or_resume""]",SERVICE_PUBLIC,"[""CANONICAL_CALCULATION""]",Exact source signature and selector clauses are discovery evidence. Semantic authority/conditional dispatch review is not yet complete; this record is not a bypass assertion.,Mounted HTTP/registered handler/public service or explicit CLI; source address and signature retained.,"[""# The cutoff is anchored to the material watermark observation, not"", ""\""training_cutoff_at\"": state.updated_at + timedelta(microseconds=1),"", ""\""checkpoint_json\"": {\""phase\"": \""LOAD_EVIDENCE\""},"", ""generation._configuration_generation_created = generation_id is not None"", ""generation._configuration_generation_created = True""]",SEMANTIC_ADOPTION_PENDING,False,892d9d514f152cc9b2d4316ef27c3cb7152925551560123f629c6bc49ae8a678,SEMANTIC_ADOPTION_PENDING,[],"[""WF_WINNER_GENERATION""]",
EF_0a5cee795e4d11d5,T14C_ADOPTION,"Concrete native arguments and decorators retained. Direct invocation and current/ambient delivery are exposed as a potential authority variant, not assumed equivalent to certified pipeline delivery.",False,"self, db: Session, *, obligations: Sequence[WinnerMarketDataObligation] | None=None, tickers: Sequence[str]=(), now: datetime | None=None",SYNCHRONOUS_OR_ENQUEUE_NATIVE_OPERATION,[],DISCOVERED,T14C,"[""PRICE""]",EF_0a5cee795e4d11d5,"[""app/services/winner_probability/market_data_obligation_service.py:MarketDataObligationService.evaluate""]",SERVICE_PUBLIC,"[""MAINTENANCE""]",Exact source signature and selector clauses are discovery evidence. Semantic authority/conditional dispatch review is not yet complete; this record is not a bypass assertion.,Mounted HTTP/registered handler/public service or explicit CLI; source address and signature retained.,[],SEMANTIC_ADOPTION_PENDING,False,7333b32b5d199dc1ecd0398884dce286a8dbaa2334234e6c1c3e671a14d76770,SEMANTIC_ADOPTION_PENDING,[],"[""WF_WINNER_MARKET_DATA_OBLIGATION""]",
EF_0c0cd820f687c1bb,T14D_ADOPTION,"Concrete native arguments and decorators retained. Direct invocation and current/ambient delivery are exposed as a potential authority variant, not assumed equivalent to certified pipeline delivery.",False,"db: Session, *, upload_run_id: int, market_cutoff: MarketCalculationCutoff",SYNCHRONOUS_OR_ENQUEUE_NATIVE_OPERATION,[],DISCOVERED,T14D,"[""PIPELINE""]",EF_0c0cd820f687c1bb,"[""app/services/transition_preflight_plan_service.py:freeze_transition_decision_handoff_manifest""]",SERVICE_PUBLIC,"[""BOOTSTRAP""]",Exact source signature and selector clauses are discovery evidence. Semantic authority/conditional dispatch review is not yet complete; this record is not a bypass assertion.,Mounted HTTP/registered handler/public service or explicit CLI; source address and signature retained.,"[""upload_run_id: int,"", ""market_cutoff: MarketCalculationCutoff,"", ""TransitionPreflightPlan.market_calculation_context_id == market_cutoff.context_id,"", ""TransitionPreflightPlan.upload_run_id == upload_run_id,"", ""upload_run_id=upload_run_id,"", ""market_cutoff=market_cutoff,"", ""build_run_context_snapshots,"", ""run_context = SetupLifecycleSourceLoader().load_run_context("", ""upload_run_id,"", ""market_cutoff=market_cutoff,"", ""built_rows = build_run_context_snapshots("", ""run_context,"", ""market_cutoff=market_cutoff,"", ""upload_run_id=upload_run_id,"", ""market_cutoff=market_cutoff,"", ""upload_run_id=upload_run_id,"", ""market_cutoff=market_cutoff,"", ""market_cutoff=market_cutoff,"", ""market_calculation_context_id=market_cutoff.context_id,"", ""upload_run_id=upload_run_id,""]",SEMANTIC_ADOPTION_PENDING,False,722769048b4e7c34632e6fcaaf36a9a1cc7f3c7ddd4f40dc40322319bd455fb4,SEMANTIC_ADOPTION_PENDING,[],"[""WF_DECISION_HANDOFF_MANIFEST"", ""WF_TRANSITION_PREFLIGHT""]",
EF_0d98794ca39011bf,T14D_ADOPTION,"Native broker contract resolution can persist ready/ambiguous/failed identity. This is supporting source identity, not financial evidence calculation.",False,"ticker: str, db: DbSession, force_refresh: bool=False",SYNCHRONOUS_OR_ENQUEUE_NATIVE_OPERATION,"[""router.post('/resolve/{ticker}')"", ""unsafe_route(ROUTE_CLASS_PUBLIC_LOCAL, reason='updates local IB contract cache')""]",DISCOVERED,T14D,"[""IBMI_SOURCE""]",EF_0d98794ca39011bf,"[""app/routers/ib_routes.py:resolve_ticker""]",HTTP,"[""MAINTENANCE""]",Finite initiator classification; existing native writer compliance is not replaced by route trust. Raw helper permutations may overapproximate conditional delivery.,Mounted HTTP/registered handler/public service or explicit CLI; source address and signature retained.,[],SEMANTIC_ADOPTION_PENDING,True,5f67384f0a09483f5aaea032aacd032c0d340c9cb7c1a7604588559b01994b9e,STANDALONE_CONTRACT_IDENTITY,"[""T14B""]","[""WF_IB_CONTRACT_IDENTITY""]",
EF_0ef7906db6e76146,T14D_ADOPTION,"Registered native handler through background_worker.execute_job: exact configuration anchor loading, configuration_delivery_scope and fence_domain_commits with job execution token. Payload source/temporal references and native writer-family algorithms remain domain specific. Shared contract adoption is T14B/C/D; no additional dependency is inferred.",False,"db: Session, job: BackgroundJob, *, outcome_service: OutcomeMaturationService | None=None, orchestration_service: H5NextOpenOrchestrationService | None=None, now: datetime | None=None",DURABLE_FENCED_NATIVE_DELIVERY,"[""anchored_job_configuration""]",DISCOVERED,T14D,"[""CONFIGURATION"", ""CURRENT_PROJECTION"", ""WINNER_COHORT"", ""WINNER_GENERATION"", ""WINNER_OUTCOME"", ""WINNER_PREDICTION""]",EF_0ef7906db6e76146,"[""app/services/winner_probability/job_handlers.py:execute_outcome_maturation_job""]",DURABLE_JOB,"[""BOOTSTRAP"", ""CANONICAL_CALCULATION"", ""CURRENT_PROJECTION_ADVANCE"", ""OUTCOME_MATURATION""]","Classification covers registered worker dispatch; direct calls to the handler outside execute_job are separate direct-call variants, not certified by worker transport.",Mounted HTTP/registered handler/public service or explicit CLI; source address and signature retained.,"[""payload = job.payload_json or {}"", ""config = load_winner_probability_config()"", ""planned = CohortRefreshPlanner().request_for_current_evidence("", ""refresh_state.current_due_count = int(counts.get(\""pending_h5_after_cycle\"", 0) or 0)"", ""refresh_state.current_deferred_count = int(counts.get(\""retry_deferred\"", 0) or 0)""]",SEMANTIC_ADOPTION_PENDING,True,6648afb29b36f57bfe17a3eead0f5ef4a720f80e46be27310cb7f9ed7b5c87fd,DURABLE_JOB,"[""SUPPORTED_DISTINCT_SEMANTICS_NO_CHANGE"", ""T14C""]","[""WF_CONFIGURATION_DELIVERY"", ""WF_WINNER_COHORT_DEFINITION"", ""WF_WINNER_COHORT_MATERIALIZATION"", ""WF_WINNER_EVIDENCE_MANIFEST"", ""WF_WINNER_FORWARD_MATURATION"", ""WF_WINNER_GENERATION"", ""WF_WINNER_OUTCOME_REVISION"", ""WF_WINNER_WATERMARK""]",
EF_0f42cc0be4abc685,T14C_ADOPTION,"Concrete native arguments and decorators retained. Direct invocation and current/ambient delivery are exposed as a potential authority variant, not assumed equivalent to certified pipeline delivery.",False,"self, db: Session, *, event_type: str, requester: str, evaluation_run_id: int | None=None, reason: str | None=None, scope: dict[str, Any] | None=None, before: dict[str, Any] | None=None, after: dict[str, Any] | None=None, affected_counts: dict[str, int] | None=None, preview_token: str | None=None",SYNCHRONOUS_OR_ENQUEUE_NATIVE_OPERATION,[],DISCOVERED,T14C,"[""ALERT_DECISION"", ""LIFECYCLE_EVALUATION"", ""LIFECYCLE_TRANSITION"", ""SETUP""]",EF_0f42cc0be4abc685,"[""app/services/setup_lifecycle/repository.py:SetupLifecycleRepository.write_admin_audit_event""]",SERVICE_PUBLIC,"[""CANONICAL_CALCULATION""]",Exact source signature and selector clauses are discovery evidence. Semantic authority/conditional dispatch review is not yet complete; this record is not a bypass assertion.,Mounted HTTP/registered handler/public service or explicit CLI; source address and signature retained.,[],SEMANTIC_ADOPTION_PENDING,False,fbe61b3f69359337c6100dd7148dfc3c6c65f1255fcf7781b8672c9cdb016925,SEMANTIC_ADOPTION_PENDING,[],"[""WF_SETUP_TYPED_REPOSITORY""]",
EF_108005c3877b73f8,T14C_ADOPTION,"Concrete native arguments and decorators retained. Direct invocation and current/ambient delivery are exposed as a potential authority variant, not assumed equivalent to certified pipeline delivery.",False,"self, db: Session, *, model_id: int, actor: str, reason: str, replacement_model_version_id: int | None=None, allow_without_active_fallback: bool=False",SYNCHRONOUS_OR_ENQUEUE_NATIVE_OPERATION,[],DISCOVERED,T14C,"[""WINNER_MODEL""]",EF_108005c3877b73f8,"[""app/services/winner_probability/model_registry.py:ModelRegistry.retire_model""]",SERVICE_PUBLIC,"[""MAINTENANCE""]",Exact source signature and selector clauses are discovery evidence. Semantic authority/conditional dispatch review is not yet complete; this record is not a bypass assertion.,Mounted HTTP/registered handler/public service or explicit CLI; source address and signature retained.,[],SEMANTIC_ADOPTION_PENDING,False,dc58b45f79faa3650862b07dc5adb6d256a1331390e8694b5e67d53625954740,SEMANTIC_ADOPTION_PENDING,[],"[""WF_WINNER_MODEL_GOVERNANCE""]",
EF_118b721845a2cc66,T14D_ADOPTION,"Requires explicit upload run, reads latest_for_run; on miss native build_snapshot(db,run_id) synthesizes standalone root, persists snapshot/evidence and commits.",False,"request: Request, run_id: int, db: DbSession",SYNCHRONOUS_OR_ENQUEUE_NATIVE_OPERATION,"[""router.get('/runs/{run_id}/market-regime', response_class=HTMLResponse)""]",DISCOVERED,T14D,"[""CERI"", ""COMBINED"", ""CURRENT_PROJECTION"", ""FUNDAMENTAL"", ""IBMI"", ""RANKING"", ""REGIME"", ""SECTOR"", ""TECHNICAL""]",EF_118b721845a2cc66,"[""app/routers/market_regime_routes.py:run_market_regime_page""]",HTTP,"[""CANONICAL_CALCULATION""]",Finite initiator classification; existing native writer compliance is not replaced by route trust. Raw helper permutations may overapproximate conditional delivery.,Mounted HTTP/registered handler/public service or explicit CLI; source address and signature retained.,"[""_snapshot_template_context(""]",SEMANTIC_ADOPTION_PENDING,True,465a4196cf617ff717fe47e9ce60383e9e7ea5b182eebfd703a2fe50b33f09cf,REGIME_RUN_BUILD_ON_MISS,"[""T14B""]","[""WF_CORE_CURRENT_PROJECTION"", ""WF_CORE_RETAINED_EVIDENCE"", ""WF_REGIME_SNAPSHOT""]",
EF_12960f471203b24d,T14C_ADOPTION,"Concrete native arguments and decorators retained. Direct invocation and current/ambient delivery are exposed as a potential authority variant, not assumed equivalent to certified pipeline delivery.",False,"db, *, rule: SignalAlertRule, ticker: str, timeframe: str, effective_session: date, source_event_key: str, semantic_key: str, decision: str, reasons: tuple[str, ...], payload: dict[str, Any], setup_evidence_id: int | None=None, lifecycle_evaluation_evidence_id: int | None=None, lifecycle_transition_evidence_id: int | None=None, cooldown_predecessor_evidence_id: int | None=None, dedup_predecessor_evidence_id: int | None=None, effective_configuration=None",SYNCHRONOUS_OR_ENQUEUE_NATIVE_OPERATION,[],DISCOVERED,T14C,"[""ALERT_DECISION""]",EF_12960f471203b24d,"[""app/services/setup_lifecycle/decision_evidence.py:persist_alert_decision_evidence""]",SERVICE_PUBLIC,"[""CANONICAL_CALCULATION""]",Exact source signature and selector clauses are discovery evidence. Semantic authority/conditional dispatch review is not yet complete; this record is not a bypass assertion.,Mounted HTTP/registered handler/public service or explicit CLI; source address and signature retained.,"[""effective_configuration=None,"", ""cutoff = None"", ""cutoff = evaluation.calculation_cutoff_at"", ""\""calculation_cutoff_at\"": cutoff,"", ""if effective_configuration is not None:"", ""from app.services.effective_configuration import CONFIGURATION_PAYLOAD_KEY"", ""evidence_payload[CONFIGURATION_PAYLOAD_KEY] = effective_configuration.snapshot.as_dict()"", ""calculation_cutoff_at=cutoff,"", ""payload_json=evidence_payload,"", ""payload_fingerprint=fingerprint,""]",SEMANTIC_ADOPTION_PENDING,False,4f804141b9540e0081a3ed377e6c1ee4db972888c43eec6fa1bf99d0f1d2c9fd,SEMANTIC_ADOPTION_PENDING,[],"[""WF_SETUP_ALERT_RULE_EVIDENCE"", ""WF_SETUP_DECISION_EVIDENCE""]",
EF_13401d351b294c00,T14D_ADOPTION,Synchronous native recalculation is called with db/run_id and no pipeline_run_id or market_cutoff. Serving values are replaced without canonical Fundamental identity/core evidence.,False,"run_id: int, db: DbSession",SYNCHRONOUS_OR_ENQUEUE_NATIVE_OPERATION,"[""router.post('/runs/{run_id}/fundamentals/recalculate')"", ""unsafe_route(ROUTE_CLASS_PUBLIC_LOCAL, reason='recalculates persisted fundamental scores')""]",DISCOVERED,T14D,"[""CERI"", ""COMBINED"", ""CURRENT_PROJECTION"", ""FUNDAMENTAL"", ""IBMI"", ""RANKING"", ""REGIME"", ""SECTOR"", ""TECHNICAL""]",EF_13401d351b294c00,"[""app/routers/run_routes.py:recalculate_fundamentals_action""]",HTTP,"[""LEGACY_UNCERTIFIED""]",Finite initiator classification; existing native writer compliance is not replaced by route trust. Raw helper permutations may overapproximate conditional delivery.,Mounted HTTP/registered handler/public service or explicit CLI; source address and signature retained.,[],SEMANTIC_ADOPTION_PENDING,True,4ad74569b8e74b097ff49fd0a6d29a3c92de33e9816eb505dc0576b0f92dd98d,CONFIRMED_BYPASS,"[""T14B""]","[""WF_COMBINED_REFRESH"", ""WF_CORE_CURRENT_PROJECTION"", ""WF_CORE_RETAINED_EVIDENCE"", ""WF_FUNDAMENTAL_RECALCULATION""]",
EF_14ac8eafdc1a1ae0,T14B_ADOPTION,"Concrete native arguments and decorators retained. Direct invocation and current/ambient delivery are exposed as a potential authority variant, not assumed equivalent to certified pipeline delivery.",False,"self, db: Session, feature: CeriRevisionFeature",SYNCHRONOUS_OR_ENQUEUE_NATIVE_OPERATION,[],DISCOVERED,T14B,"[""CERI_SOURCE""]",EF_14ac8eafdc1a1ae0,"[""app/services/ceri/revision_feature_service.py:CeriRevisionFeatureService.persist_feature""]",SERVICE_PUBLIC,"[""CANONICAL_CALCULATION""]",Exact source signature and selector clauses are discovery evidence. Semantic authority/conditional dispatch review is not yet complete; this record is not a bypass assertion.,Mounted HTTP/registered handler/public service or explicit CLI; source address and signature retained.,[],SEMANTIC_ADOPTION_PENDING,False,9485600c1bbfc4924e799e97b428f35a4acc5c4532dffa762a8849b70805213e,SEMANTIC_ADOPTION_PENDING,[],"[""WF_CERI_REVISION_FEATURE""]",
EF_14cfda3844ac2a98,T14C_ADOPTION,"Concrete native arguments and decorators retained. Direct invocation and current/ambient delivery are exposed as a potential authority variant, not assumed equivalent to certified pipeline delivery.",False,"self, db, snapshots: list[SetupSignalSnapshot] | tuple[SetupSignalSnapshot, ...], *, evaluation_run_id: int | None=None, affected_snapshot_ids: tuple[int, ...] | None=None",SYNCHRONOUS_OR_ENQUEUE_NATIVE_OPERATION,"[""anchored_decision_calculator""]",DISCOVERED,T14C,"[""ALERT_DECISION"", ""CURRENT_PROJECTION"", ""LIFECYCLE_EVALUATION"", ""LIFECYCLE_TRANSITION"", ""SETUP""]",EF_14cfda3844ac2a98,"[""app/services/setup_lifecycle/canonicalization.py:SetupLifecycleCanonicalizer.canonicalize_snapshots""]",SERVICE_PUBLIC,"[""CANONICAL_CALCULATION"", ""CURRENT_PROJECTION_ADVANCE""]",Exact source signature and selector clauses are discovery evidence. Semantic authority/conditional dispatch review is not yet complete; this record is not a bypass assertion.,Mounted HTTP/registered handler/public service or explicit CLI; source address and signature retained.,[],SEMANTIC_ADOPTION_PENDING,False,41d520e1c57584cb7fbae6b3163002f7fb8c2cd5662f771b6332702e51262dcc,SEMANTIC_ADOPTION_PENDING,[],"[""WF_SETUP_CURRENT_SELECTION"", ""WF_SETUP_TRANSITION_EVENT_STATE"", ""WF_SETUP_TYPED_REPOSITORY""]",
EF_16848e7d5042bbd5,T14D_ADOPTION,"Concrete native arguments and decorators retained. Direct invocation and current/ambient delivery are exposed as a potential authority variant, not assumed equivalent to certified pipeline delivery.",False,,SYNCHRONOUS_OR_ENQUEUE_NATIVE_OPERATION,[],DISCOVERED,T14D,"[""CERI_SOURCE""]",EF_16848e7d5042bbd5,"[""scripts/resolve_sec_ciks.py:main""]",CLI,"[""CURRENT_STATE_REPAIR""]",Exact source signature and selector clauses are discovery evidence. Semantic authority/conditional dispatch review is not yet complete; this record is not a bypass assertion.,Mounted HTTP/registered handler/public service or explicit CLI; source address and signature retained.,[],SEMANTIC_ADOPTION_PENDING,False,7627254f375aa7fff913984482a41dc4810d46171fd5a9caaa9b5b09a3a410c2,SEMANTIC_ADOPTION_PENDING,[],"[""WF_SEC_CIK_CLI""]",
EF_16c693b72a6392ab,T14C_ADOPTION,"Concrete native arguments and decorators retained. Direct invocation and current/ambient delivery are exposed as a potential authority variant, not assumed equivalent to certified pipeline delivery.",False,"db, *, snapshot: SetupSignalSnapshot, episode: SetupLifecycleEpisode | None, decision: Any, actionability: Any, evaluation_run_id: int | None, transition_eligible: bool, effective_configuration=None",SYNCHRONOUS_OR_ENQUEUE_NATIVE_OPERATION,[],DISCOVERED,T14C,"[""CERI"", ""COMBINED"", ""CURRENT_PROJECTION"", ""FUNDAMENTAL"", ""IBMI"", ""LIFECYCLE_EVALUATION"", ""RANKING"", ""REGIME"", ""SECTOR"", ""TECHNICAL""]",EF_16c693b72a6392ab,"[""app/services/setup_lifecycle/decision_evidence.py:persist_lifecycle_evaluation_evidence""]",SERVICE_PUBLIC,"[""CANONICAL_CALCULATION"", ""CURRENT_PROJECTION_ADVANCE""]",Exact source signature and selector clauses are discovery evidence. Semantic authority/conditional dispatch review is not yet complete; this record is not a bypass assertion.,Mounted HTTP/registered handler/public service or explicit CLI; source address and signature retained.,"[""effective_configuration=None,"", ""# remain explicit legacy-current projections instead of becoming a forged"", ""if episode is not None and getattr(episode, \""latest_evaluation_evidence_id\"", None) is None:"", ""prior_evaluation_id = getattr(episode, \""latest_evaluation_evidence_id\"", None)"", ""prior_transition_id = getattr(episode, \""latest_transition_evidence_id\"", None)"", ""and episode.current_state == decision.proposed_state.value"", ""and episode.current_phase == decision.phase_code"", ""effective_configuration is None"", ""or (prior_evaluation.payload_json.get(\""effective_configuration_at_creation\"") or {}).get("", ""== effective_configuration.snapshot.semantic_hash"", ""\""calculation_cutoff_at\"": snapshot.calculation_cutoff_at,"", ""\""previous_state\"": getattr(episode, \""current_state\"", None),"", ""if effective_configuration is not None:"", ""from app.services.contextual_calculation_identity import build_contextual_result_identity"", ""from app.services.effective_configuration import CONFIGURATION_PAYLOAD_KEY"", ""identity = effective_configuration.bind("", ""build_contextual_result_identity("", ""config_hash=effective_configuration.snapshot.semantic_hash,"", ""decision_payload[CONFIGURATION_PAYLOAD_KEY] = effective_configuration.snapshot.as_dict()"", ""\""CURRENT_RULES_RETROSPECTIVE\"""", ""else \""CURRENT_CALCULATION\"""", ""decision_payload[READINESS_PAYLOAD_KEY] = normalize_producer_readiness("", ""evaluated_at=snapshot.calculation_cutoff_at,"", ""payload_fingerprint = CanonicalEvidenceSerializer.fingerprint(payload)"", ""\""payload_fingerprint\"": payload_fingerprint,"", ""calculation_cutoff_at=snapshot.calculation_cutoff_at,"", ""payload_json=payload,"", ""payload_fingerprint=payload_fingerprint,""]",SEMANTIC_ADOPTION_PENDING,False,4f804141b9540e0081a3ed377e6c1ee4db972888c43eec6fa1bf99d0f1d2c9fd,SEMANTIC_ADOPTION_PENDING,"[""T14B""]","[""WF_CORE_CURRENT_PROJECTION"", ""WF_CORE_RETAINED_EVIDENCE"", ""WF_LIFECYCLE_EVALUATION_EVIDENCE""]",
EF_17af8f95c72dc4b5,T14D_ADOPTION,"Concrete native arguments and decorators retained. Direct invocation and current/ambient delivery are exposed as a potential authority variant, not assumed equivalent to certified pipeline delivery.",False,"self, db: Session, request: CeriPurgeExecuteRequest, *, job_id: int | None=None, processing_run_id: int | None=None",SYNCHRONOUS_OR_ENQUEUE_NATIVE_OPERATION,[],DISCOVERED,T14D,"[""CERI"", ""CERI_ALERT"", ""CERI_CHANGE"", ""CERI_SOURCE"", ""COMBINED"", ""CONFIGURATION"", ""CURRENT_PROJECTION"", ""FUNDAMENTAL"", ""IBMI"", ""RANKING"", ""REGIME"", ""SECTOR"", ""TECHNICAL""]",EF_17af8f95c72dc4b5,"[""app/services/ceri/purge_service.py:CeriPurgeService.execute""]",SERVICE_PUBLIC,"[""BOOTSTRAP"", ""CANONICAL_CALCULATION"", ""CURRENT_PROJECTION_ADVANCE"", ""MAINTENANCE""]",Exact source signature and selector clauses are discovery evidence. Semantic authority/conditional dispatch review is not yet complete; this record is not a bypass assertion.,Mounted HTTP/registered handler/public service or explicit CLI; source address and signature retained.,"[""current_hash = _manifest_hash("", ""if current_hash != request.preview_manifest_hash:""]",SEMANTIC_ADOPTION_PENDING,False,b8e14283ad9471bde5e5cc551eb0eb92020e66f032793bd82616d4e7a6171550,SEMANTIC_ADOPTION_PENDING,"[""SUPPORTED_DISTINCT_SEMANTICS_NO_CHANGE"", ""T14B"", ""T14C""]","[""WF_CERI_ALERT_CREATION"", ""WF_CERI_CHANGE"", ""WF_CERI_CONSENSUS_ATTACH"", ""WF_CERI_FEATURE_BUILD"", ""WF_CERI_LICENSED_PURGE"", ""WF_CERI_PRICE_RESPONSE"", ""WF_CERI_REVISION_FEATURE"", ""WF_CERI_SCORE"", ""WF_CONFIGURATION_DELIVERY"", ""WF_CORE_CURRENT_PROJECTION"", ""WF_CORE_RETAINED_EVIDENCE""]",
EF_17cd4c0e3faace6e,T14C_ADOPTION,"Concrete native arguments and decorators retained. Direct invocation and current/ambient delivery are exposed as a potential authority variant, not assumed equivalent to certified pipeline delivery.",False,"self, db: Session, event: SignalAlertEvent",SYNCHRONOUS_OR_ENQUEUE_NATIVE_OPERATION,[],DISCOVERED,T14C,"[""ALERT_DECISION"", ""LIFECYCLE_EVALUATION"", ""LIFECYCLE_TRANSITION"", ""SETUP""]",EF_17cd4c0e3faace6e,"[""app/services/setup_lifecycle/repository.py:SetupLifecycleRepository.add_alert_event""]",SERVICE_PUBLIC,"[""CANONICAL_CALCULATION""]",Exact source signature and selector clauses are discovery evidence. Semantic authority/conditional dispatch review is not yet complete; this record is not a bypass assertion.,Mounted HTTP/registered handler/public service or explicit CLI; source address and signature retained.,[],SEMANTIC_ADOPTION_PENDING,False,fbe61b3f69359337c6100dd7148dfc3c6c65f1255fcf7781b8672c9cdb016925,SEMANTIC_ADOPTION_PENDING,[],"[""WF_SETUP_ALERT_EVENT_STATE"", ""WF_SETUP_TYPED_REPOSITORY""]",
EF_17fbd8ea8e28f686,T14C_ADOPTION,"Concrete native arguments and decorators retained. Direct invocation and current/ambient delivery are exposed as a potential authority variant, not assumed equivalent to certified pipeline delivery.",False,"self, db: Session, outcomes: Sequence[WinnerForwardOutcome], *, excluded_tickers: frozenset[str]=frozenset(), now: datetime | None=None",SYNCHRONOUS_OR_ENQUEUE_NATIVE_OPERATION,[],DISCOVERED,T14C,"[""PRICE""]",EF_17fbd8ea8e28f686,"[""app/services/winner_probability/market_data_obligation_service.py:MarketDataObligationService.ensure_for_outcomes""]",SERVICE_PUBLIC,"[""MAINTENANCE""]",Exact source signature and selector clauses are discovery evidence. Semantic authority/conditional dispatch review is not yet complete; this record is not a bypass assertion.,Mounted HTTP/registered handler/public service or explicit CLI; source address and signature retained.,"[""decisions = load_current_temporal_decisions(db, prediction_ids)"", ""or not outcome.is_current_revision""]",SEMANTIC_ADOPTION_PENDING,False,7333b32b5d199dc1ecd0398884dce286a8dbaa2334234e6c1c3e671a14d76770,SEMANTIC_ADOPTION_PENDING,[],"[""WF_WINNER_MARKET_DATA_OBLIGATION""]",
EF_1829ba4c1327b124,T14D_ADOPTION,"Concrete native arguments and decorators retained. Direct invocation and current/ambient delivery are exposed as a potential authority variant, not assumed equivalent to certified pipeline delivery.",False,"db: Session, *, pipeline: PipelineRun, diagnostics: dict[str, Any], resume_from_step: str | None=None",SYNCHRONOUS_OR_ENQUEUE_NATIVE_OPERATION,[],DISCOVERED,T14D,"[""CERI"", ""CERI_ALERT"", ""CERI_CHANGE"", ""CERI_SOURCE"", ""COMBINED"", ""CONFIGURATION"", ""CURRENT_PROJECTION"", ""FUNDAMENTAL"", ""IBMI"", ""IBMI_SOURCE"", ""PIPELINE"", ""PRICE"", ""RANKING"", ""RAW"", ""REGIME"", ""SECTOR"", ""TECHNICAL""]",EF_1829ba4c1327b124,"[""app/services/ceri/sec/readiness_repair.py:schedule_sec_readiness_repair""]",SERVICE_PUBLIC,"[""BOOTSTRAP"", ""CANONICAL_CALCULATION"", ""CURRENT_PROJECTION_ADVANCE"", ""CURRENT_STATE_REPAIR"", ""LEGACY_UNCERTIFIED"", ""MAINTENANCE""]",Exact source signature and selector clauses are discovery evidence. Semantic authority/conditional dispatch review is not yet complete; this record is not a bypass assertion.,Mounted HTTP/registered handler/public service or explicit CLI; source address and signature retained.,"[""def schedule_sec_readiness_repair("", ""readiness = dict(diagnostics.get(\""readiness\"") or {})"", ""readiness.get(\""processor_signature\"")"", ""target_step = resume_from_step or pipeline.current_step or \""VALIDATING_RUN\"""", ""request_key = f\""sec-readiness-repair:pipeline:{pipeline.id}:signature:{signature}\"""", ""job_type=SEC_READINESS_REPAIR_JOB_TYPE,"", ""related_run_id=pipeline.upload_run_id,"", ""priority=SEC_READINESS_REPAIR_PRIORITY,"", ""max_retries=SEC_READINESS_REPAIR_MAX_RETRIES,"", ""workflow_key=f\""pipeline:{pipeline.id}:sec-readiness\"","", ""initial_ready = int(readiness.get(\""ready_tickers\"") or 0)"", ""total = int(readiness.get(\""requested_tickers\"") or 0)"", ""pipeline.current_step = target_step"", ""\""run_id\"": pipeline.upload_run_id,"", ""\""current_processor_signature\"": signature,"", ""\""counts\"": readiness.get(\""counts\"") or {},""]",SEMANTIC_ADOPTION_PENDING,False,0c8d4fa417cb5563fe3bc6a1c644ff81b1102690a75c49850d659104d51f718a,SEMANTIC_ADOPTION_PENDING,"[""SUPPORTED_DISTINCT_SEMANTICS_NO_CHANGE"", ""T14B"", ""T14C""]","[""WF_CERI_ALERT_CREATION"", ""WF_CERI_CHANGE"", ""WF_CERI_CONSENSUS_ATTACH"", ""WF_CERI_FEATURE_BUILD"", ""WF_CERI_GUIDANCE_ELIGIBILITY"", ""WF_CERI_PRICE_RESPONSE"", ""WF_CERI_RAW_SOURCE"", ""WF_CERI_REVISION_FEATURE"", ""WF_CERI_SCORE"", ""WF_CERI_SOURCE_IDENTITY"", ""WF_CERI_SOURCE_NORMALIZATION"", ""WF_COMBINED_REFRESH"", ""WF_CONFIGURATION_DELIVERY"", ""WF_CORE_CURRENT_PROJECTION"", ""WF_CORE_RETAINED_EVIDENCE"", ""WF_FUNDAMENTAL_RECALCULATION"", ""WF_IB_CONTRACT_IDENTITY"", ""WF_MARKET_CONTEXT_AUTHORITY"", ""WF_PIPELINE_CONTROL"", ""WF_PIPELINE_STAGE_STATE"", ""WF_PRICE_INGESTION"", ""WF_PRICE_SERIES_VERSION"", ""WF_RANKING_LEGACY_REPLACEMENT"", ""WF_RANKING_PERSISTENCE"", ""WF_REGIME_SNAPSHOT"", ""WF_SECTOR_SNAPSHOT"", ""WF_SEC_DOCUMENT_SOURCE"", ""WF_SEC_IDENTITY_REPAIR"", ""WF_SEC_INCREMENTAL_IDENTITY"", ""WF_SEC_PIPELINE_READINESS_REPAIR"", ""WF_TECHNICAL_FEATURE_CACHE"", ""WF_TECHNICAL_FINALIZATION"", ""WF_WINNER_MARKET_DATA_OBLIGATION""]",
EF_188a52d7dc0ff552,T14C_ADOPTION,"Concrete native arguments and decorators retained. Direct invocation and current/ambient delivery are exposed as a potential authority variant, not assumed equivalent to certified pipeline delivery.",False,"self, db: Session, *, generation: WinnerCohortGeneration, outcome_definition: WinnerOutcomeDefinition, config: WinnerProbabilityConfig, lease_guard: Callable[[], None], should_cancel: Callable[[], bool], max_groups: int=100, max_wall_seconds: float=45.0, publish_when_ready: bool=True",SYNCHRONOUS_OR_ENQUEUE_NATIVE_OPERATION,[],DISCOVERED,T14C,"[""CURRENT_PROJECTION"", ""WINNER_COHORT"", ""WINNER_GENERATION""]",EF_188a52d7dc0ff552,"[""app/services/winner_probability/cohort_materialization_service.py:CohortMaterializationService.materialize_slice""]",SERVICE_PUBLIC,"[""BOOTSTRAP"", ""CANONICAL_CALCULATION""]",Exact source signature and selector clauses are discovery evidence. Semantic authority/conditional dispatch review is not yet complete; this record is not a bypass assertion.,Mounted HTTP/registered handler/public service or explicit CLI; source address and signature retained.,"[""from app.services.configuration_delivery import configuration_for_winner_generation"", ""config = configuration_for_winner_generation(db, generation, config)"", ""training_cutoff_at = generation.training_cutoff_at"", ""evidence_load_started_at = datetime.now(UTC)"", ""\""phase\"": \""LOAD_EVIDENCE\"","", ""\""evidence_load_started_at\"": evidence_load_started_at.isoformat(),"", ""\""phase\"": \""LOAD_EVIDENCE\"","", ""\""evidence_load_started_at\"": evidence_load_started_at.isoformat(),"", ""universe = self._load_frozen_evidence("", ""training_cutoff_at=training_cutoff_at,"", ""\""phase\"": \""LOAD_EVIDENCE_TIMED_OUT\"","", ""\""evidence_load_started_at\"": evidence_load_started_at.isoformat(),"", ""\""phase\"": \""LOAD_EVIDENCE_TIMED_OUT\"","", ""\""evidence_load_started_at\"": evidence_load_started_at.isoformat(),"", ""evidence_load_completed_at = datetime.now(UTC)"", ""\""evidence_load_completed_at\"": evidence_load_completed_at.isoformat(),"", ""\""evidence_load_seconds\"": ("", ""evidence_load_completed_at - evidence_load_started_at"", ""\""evidence_load_completed_at\"": evidence_load_completed_at.isoformat(),"", ""\""current_group_level\"": cohort_key.level,"", ""\""current_group_key\"": cohort_key.key,"", ""training_cutoff_at=training_cutoff_at,"", ""\""effective_configuration_at_creation\"": _cohort_configuration(config),"", ""\""configuration_execution_semantics\"": getattr("", ""config, \""_configuration_execution_semantics\"", \""FROZEN_GENERATION\""""]",SEMANTIC_ADOPTION_PENDING,False,b03328ab63e92035e628acac51d667926c1a341cba7d8ff92e822fc5ca2f3efd,SEMANTIC_ADOPTION_PENDING,[],"[""WF_WINNER_COHORT_DEFINITION"", ""WF_WINNER_COHORT_MATERIALIZATION"", ""WF_WINNER_EVIDENCE_MANIFEST"", ""WF_WINNER_GENERATION""]",
EF_193d9ffd0c79c2f8,T14D_ADOPTION,"Concrete native arguments and decorators retained. Direct invocation and current/ambient delivery are exposed as a potential authority variant, not assumed equivalent to certified pipeline delivery.",False,"self, db: Session, *, processing_run: CeriProcessingRun, ingestion_run_id: int | None=None, source_records: list[CeriSourceRecord] | None=None, should_cancel: Callable[[], bool] | None=None, checkpoint_interval: int=5, checkpoint_callback: Callable[[dict[str, Any]], None] | None=None",SYNCHRONOUS_OR_ENQUEUE_NATIVE_OPERATION,[],DISCOVERED,T14D,"[""CERI_SOURCE""]",EF_193d9ffd0c79c2f8,"[""app/services/ceri/normalization_service.py:CeriNormalizationService.normalize""]",SERVICE_PUBLIC,"[""CANONICAL_CALCULATION"", ""MAINTENANCE""]",Exact source signature and selector clauses are discovery evidence. Semantic authority/conditional dispatch review is not yet complete; this record is not a bypass assertion.,Mounted HTTP/registered handler/public service or explicit CLI; source address and signature retained.,[],SEMANTIC_ADOPTION_PENDING,False,056c28029df41ac9e47ee9c3d9ca11fc4a72585c05b2262d26fd7b781d048599,SEMANTIC_ADOPTION_PENDING,"[""T14B""]","[""WF_CERI_GUIDANCE_ELIGIBILITY"", ""WF_CERI_SOURCE_IDENTITY"", ""WF_CERI_SOURCE_NORMALIZATION""]",
EF_1b91db6627789dc6,T14D_ADOPTION,"Registered native handler through background_worker.execute_job: exact configuration anchor loading, configuration_delivery_scope and fence_domain_commits with job execution token. Payload source/temporal references and native writer-family algorithms remain domain specific. Shared contract adoption is T14B/C/D; no additional dependency is inferred.",False,"db: Session, job: BackgroundJob",DURABLE_FENCED_NATIVE_DELIVERY,[],DISCOVERED,T14D,"[""CERI"", ""CERI_ALERT"", ""CERI_CHANGE"", ""CERI_SOURCE"", ""COMBINED"", ""CONFIGURATION"", ""CURRENT_PROJECTION"", ""FUNDAMENTAL"", ""IBMI"", ""RANKING"", ""REGIME"", ""SECTOR"", ""TECHNICAL""]",EF_1b91db6627789dc6,"[""app/services/ceri/batched_job_handlers.py:execute_run_finalize_job""]",DURABLE_JOB,"[""BOOTSTRAP"", ""CANONICAL_CALCULATION"", ""CURRENT_PROJECTION_ADVANCE"", ""MAINTENANCE""]","Classification covers registered worker dispatch; direct calls to the handler outside execute_job are separate direct-call variants, not certified by worker transport.",Mounted HTTP/registered handler/public service or explicit CLI; source address and signature retained.,"[""payload = job.payload_json or {}"", ""\""cutoff_at\"","", ""\""calculation_context_id\"",""]",SEMANTIC_ADOPTION_PENDING,True,fd5da628c07287e834fa932460852568e8c79ec9e27af7b4beacd9478f3d39c0,DURABLE_JOB,"[""SUPPORTED_DISTINCT_SEMANTICS_NO_CHANGE"", ""T14B"", ""T14C""]","[""WF_CERI_ALERT_CREATION"", ""WF_CERI_CHANGE"", ""WF_CERI_CONSENSUS_ATTACH"", ""WF_CERI_FEATURE_BUILD"", ""WF_CERI_PRICE_RESPONSE"", ""WF_CERI_REVISION_FEATURE"", ""WF_CERI_SCORE"", ""WF_CONFIGURATION_DELIVERY"", ""WF_CORE_CURRENT_PROJECTION"", ""WF_CORE_RETAINED_EVIDENCE""]",
EF_1d0eb4e43cbd2c5f,T14D_ADOPTION,"Concrete native arguments and decorators retained. Direct invocation and current/ambient delivery are exposed as a potential authority variant, not assumed equivalent to certified pipeline delivery.",False,,SYNCHRONOUS_OR_ENQUEUE_NATIVE_OPERATION,[],DISCOVERED,T14D,"[""WINNER_OUTCOME"", ""WINNER_PREDICTION""]",EF_1d0eb4e43cbd2c5f,"[""scripts/winner_maturation_canary.py:main""]",CLI,"[""CURRENT_STATE_REPAIR"", ""OUTCOME_MATURATION""]",Exact source signature and selector clauses are discovery evidence. Semantic authority/conditional dispatch review is not yet complete; this record is not a bypass assertion.,Mounted HTTP/registered handler/public service or explicit CLI; source address and signature retained.,[],SEMANTIC_ADOPTION_PENDING,False,f5b49475955ba86e199cac347d4e1aa94a16d6920eec86f745556e682f15e7fe,SEMANTIC_ADOPTION_PENDING,"[""T14C""]","[""WF_WINNER_FORWARD_MATURATION"", ""WF_WINNER_MATURATION_CANARY"", ""WF_WINNER_OUTCOME_REVISION""]",
EF_1fcddaaed4bf5583,T14C_ADOPTION,"Concrete native arguments and decorators retained. Direct invocation and current/ambient delivery are exposed as a potential authority variant, not assumed equivalent to certified pipeline delivery.",False,"self, db: Session, features: ExtractedPredictionFeatures, config: WinnerProbabilityConfig",SYNCHRONOUS_OR_ENQUEUE_NATIVE_OPERATION,[],DISCOVERED,T14C,"[""WINNER_COHORT"", ""WINNER_ESTIMATE"", ""WINNER_OUTCOME"", ""WINNER_PREDICTION""]",EF_1fcddaaed4bf5583,"[""app/services/winner_probability/episode_service.py:WinnerEpisodeService.assign_episode""]",SERVICE_PUBLIC,"[""CANONICAL_CALCULATION"", ""MAINTENANCE""]",Exact source signature and selector clauses are discovery evidence. Semantic authority/conditional dispatch review is not yet complete; this record is not a bypass assertion.,Mounted HTTP/registered handler/public service or explicit CLI; source address and signature retained.,[],SEMANTIC_ADOPTION_PENDING,False,bcb585e684335ab1ae5966836d4e0e58a23431b1d351596cf22665e7299e4299,SEMANTIC_ADOPTION_PENDING,[],"[""WF_WINNER_EPISODE"", ""WF_WINNER_TYPED_REPOSITORY""]",
EF_1ffa51a772dfc285,T14D_ADOPTION,"Concrete native arguments and decorators retained. Direct invocation and current/ambient delivery are exposed as a potential authority variant, not assumed equivalent to certified pipeline delivery.",False,,SYNCHRONOUS_OR_ENQUEUE_NATIVE_OPERATION,[],DISCOVERED,T14D,"[""WINNER_OUTCOME""]",EF_1ffa51a772dfc285,"[""scripts/winner_target_stop_scope_repair.py:main""]",CLI,"[""CURRENT_STATE_REPAIR""]",Exact source signature and selector clauses are discovery evidence. Semantic authority/conditional dispatch review is not yet complete; this record is not a bypass assertion.,Mounted HTTP/registered handler/public service or explicit CLI; source address and signature retained.,[],SEMANTIC_ADOPTION_PENDING,False,26e79e72eb5a0b658dcb04e67ebfb0366805753eebaea739aaf1904ce454f29d,SEMANTIC_ADOPTION_PENDING,[],"[""WF_WINNER_TARGET_STOP_REPAIR""]",
EF_20010a31016223bb,T14D_ADOPTION,"Concrete native arguments and decorators retained. Direct invocation and current/ambient delivery are exposed as a potential authority variant, not assumed equivalent to certified pipeline delivery.",False,"self, db: Session, *, plan: TemporalQuarantinePlan, expected_manifest_hash: str, actor: str, request_key: str, approve_write: bool, evaluated_at: datetime | None=None",SYNCHRONOUS_OR_ENQUEUE_NATIVE_OPERATION,[],DISCOVERED,T14D,"[""WINNER_PREDICTION""]",EF_20010a31016223bb,"[""app/services/winner_probability/temporal_validation_service.py:TemporalValidationService.apply_quarantine""]",SERVICE_PUBLIC,"[""CURRENT_STATE_REPAIR""]",Exact source signature and selector clauses are discovery evidence. Semantic authority/conditional dispatch review is not yet complete; this record is not a bypass assertion.,Mounted HTTP/registered handler/public service or explicit CLI; source address and signature retained.,"["".order_by(WinnerPredictionSnapshot.id)"", ""latest_sequences = {"", ""source_data_cutoff_at=prediction.source_data_cutoff_at,"", ""validation_sequence=int(latest_sequences.get(item.prediction_id) or 0) + 1,"", ""source_cutoff_valid=result.source_cutoff_valid,""]",SEMANTIC_ADOPTION_PENDING,False,599eb58c724911cb0ddd2c1a0a80636b8c33f3016a5dfb462735250e33330c16,SEMANTIC_ADOPTION_PENDING,[],"[""WF_WINNER_TEMPORAL_VALIDITY""]",
EF_20e06c4f9457355d,T14B_ADOPTION,"Concrete native arguments and decorators retained. Direct invocation and current/ambient delivery are exposed as a potential authority variant, not assumed equivalent to certified pipeline delivery.",False,"self, db: Session, *, result: PriceResponseResult, company_id: int, ticker: str, event_id: int | None, event_effective_at: datetime | None, event_effective_session: date | None, feature_as_of_session: date | None=None, cutoff_at: datetime | None=None, calculation_context_id: int | None=None, calendar_version: str | None=None, ownership_mode: str=CeriArtifactOwnership.STANDALONE.value",SYNCHRONOUS_OR_ENQUEUE_NATIVE_OPERATION,[],DISCOVERED,T14B,"[""CERI_SOURCE""]",EF_20e06c4f9457355d,"[""app/services/ceri/price_response_service.py:CeriPriceResponseService.persist""]",SERVICE_PUBLIC,"[""CANONICAL_CALCULATION""]",Exact source signature and selector clauses are discovery evidence. Semantic authority/conditional dispatch review is not yet complete; this record is not a bypass assertion.,Mounted HTTP/registered handler/public service or explicit CLI; source address and signature retained.,"[""cutoff_at: datetime | None = None,"", ""calculation_context_id: int | None = None,"", ""cutoff_at=cutoff_at,"", ""calculation_context_id=calculation_context_id,""]",SEMANTIC_ADOPTION_PENDING,False,cdb0804a13895d091b64cfde76b2b7f6b54a963490be8bcb818018f7969c1d92,SEMANTIC_ADOPTION_PENDING,[],"[""WF_CERI_PRICE_RESPONSE""]",
EF_213662a6d137bcac,T14B_ADOPTION,"Concrete native arguments and decorators retained. Direct invocation and current/ambient delivery are exposed as a potential authority variant, not assumed equivalent to certified pipeline delivery.",False,"self, db: Session, source_record: CeriSourceRecord",SYNCHRONOUS_OR_ENQUEUE_NATIVE_OPERATION,[],DISCOVERED,T14B,"[""CERI_SOURCE""]",EF_213662a6d137bcac,"[""app/services/ceri/identity_resolver.py:CeriIdentityResolver.resolve_source_record""]",SERVICE_PUBLIC,"[""MAINTENANCE""]",Exact source signature and selector clauses are discovery evidence. Semantic authority/conditional dispatch review is not yet complete; this record is not a bypass assertion.,Mounted HTTP/registered handler/public service or explicit CLI; source address and signature retained.,[],SEMANTIC_ADOPTION_PENDING,False,cf3b1f8f528d5965a8531e273d76222d3cf54a4331266d1b41de54769e9bbb01,SEMANTIC_ADOPTION_PENDING,[],"[""WF_CERI_SOURCE_IDENTITY""]",
EF_21b51ca218ca4e33,T14C_ADOPTION,"Concrete native arguments and decorators retained. Direct invocation and current/ambient delivery are exposed as a potential authority variant, not assumed equivalent to certified pipeline delivery.",False,"self, db: Session, *, now: datetime | None=None, limit: int=500, forward_outcome_ids: tuple[int, ...]=(), should_cancel: Callable[[], bool] | None=None",SYNCHRONOUS_OR_ENQUEUE_NATIVE_OPERATION,[],DISCOVERED,T14C,"[""WINNER_OUTCOME"", ""WINNER_PREDICTION""]",EF_21b51ca218ca4e33,"[""app/services/winner_probability/outcome_service.py:OutcomeMaturationService.process_current_revisions""]",SERVICE_PUBLIC,"[""OUTCOME_MATURATION""]",Exact source signature and selector clauses are discovery evidence. Semantic authority/conditional dispatch review is not yet complete; this record is not a bypass assertion.,Mounted HTTP/registered handler/public service or explicit CLI; source address and signature retained.,"[""def process_current_revisions("", ""outcomes = self.repository.get_current_matured_forward_outcomes("", ""context = self.build_batch_context(db, outcomes)"", ""self.process_forward_outcome(db, outcome, now=now, totals=totals, context=context)""]",SEMANTIC_ADOPTION_PENDING,False,d65e981c1fe09e9caa4f2df13830d67bf588615f0ec3939ddeb176b19edba108,SEMANTIC_ADOPTION_PENDING,[],"[""WF_WINNER_FORWARD_MATURATION"", ""WF_WINNER_OUTCOME_REVISION""]",
EF_22b85b4f8e513ffa,T14C_ADOPTION,"Concrete native arguments and decorators retained. Direct invocation and current/ambient delivery are exposed as a potential authority variant, not assumed equivalent to certified pipeline delivery.",False,"self, db: Session, event: SetupLifecycleEvent",SYNCHRONOUS_OR_ENQUEUE_NATIVE_OPERATION,[],DISCOVERED,T14C,"[""LIFECYCLE_TRANSITION""]",EF_22b85b4f8e513ffa,"[""app/services/setup_lifecycle/repository.py:SetupLifecycleRepository.supersede_prior_current_events""]",SERVICE_PUBLIC,"[""CANONICAL_CALCULATION""]",Exact source signature and selector clauses are discovery evidence. Semantic authority/conditional dispatch review is not yet complete; this record is not a bypass assertion.,Mounted HTTP/registered handler/public service or explicit CLI; source address and signature retained.,"[""def supersede_prior_current_events("", "".where(SetupLifecycleEvent.is_current_version.is_(True))"", ""is_current_version=False,""]",SEMANTIC_ADOPTION_PENDING,False,fbe61b3f69359337c6100dd7148dfc3c6c65f1255fcf7781b8672c9cdb016925,SEMANTIC_ADOPTION_PENDING,[],"[""WF_SETUP_TRANSITION_EVENT_STATE""]",
EF_22da324cfd71d5ee,T14D_ADOPTION,"Concrete native arguments and decorators retained. Direct invocation and current/ambient delivery are exposed as a potential authority variant, not assumed equivalent to certified pipeline delivery.",False,"db: Session, fetch_run_id: int, plan: FetchPlan, options: FetchJobOptions",SYNCHRONOUS_OR_ENQUEUE_NATIVE_OPERATION,[],DISCOVERED,T14D,"[""CONFIGURATION"", ""IBMI_SOURCE"", ""PRICE""]",EF_22da324cfd71d5ee,"[""app/services/ib_fetch_job_service.py:submit_fetch_job""]",SERVICE_PUBLIC,"[""BOOTSTRAP"", ""CANONICAL_CALCULATION"", ""MAINTENANCE""]",Exact source signature and selector clauses are discovery evidence. Semantic authority/conditional dispatch review is not yet complete; this record is not a bypass assertion.,Mounted HTTP/registered handler/public service or explicit CLI; source address and signature retained.,[],SEMANTIC_ADOPTION_PENDING,False,aa5ea2f88bb2154de8149cd00e0e3fde389914f4f143ba28c9d14f530405f6c0,SEMANTIC_ADOPTION_PENDING,"[""SUPPORTED_DISTINCT_SEMANTICS_NO_CHANGE"", ""T14B"", ""T14C""]","[""WF_CONFIGURATION_DELIVERY"", ""WF_IB_CONTRACT_IDENTITY"", ""WF_PRICE_INGESTION"", ""WF_PRICE_SERIES_VERSION"", ""WF_WINNER_MARKET_DATA_OBLIGATION""]",
EF_22ed64aba322f7af,SUPPORTED_DISTINCT_SEMANTICS,"Concrete native arguments and decorators retained. Direct invocation and current/ambient delivery are exposed as a potential authority variant, not assumed equivalent to certified pipeline delivery.",False,"db, job",SYNCHRONOUS_OR_ENQUEUE_NATIVE_OPERATION,[],DISCOVERED,SUPPORTED_DISTINCT_SEMANTICS,"[""CONFIGURATION""]",EF_22ed64aba322f7af,"[""app/services/configuration_delivery.py:bind_job_configuration""]",SERVICE_PUBLIC,"[""BOOTSTRAP""]",Exact source signature and selector clauses are discovery evidence. Semantic authority/conditional dispatch review is not yet complete; this record is not a bypass assertion.,Mounted HTTP/registered handler/public service or explicit CLI; source address and signature retained.,"[""def bind_job_configuration(db, job):"", ""reference = job.payload_json[ANCHOR_KEY]"", ""pipeline_id = job.payload_json.get(\""pipeline_run_id\"")"", ""insert(ExecutionConfigurationBinding)"", ""raise ValueError(\""CONFIGURATION_ANCHOR_BINDING_MISMATCH\"")""]",SEMANTIC_ADOPTION_PENDING,False,cdb1765a5b3202300846c4020453a7642b194f51da3377b81052a01e772e3217,SEMANTIC_ADOPTION_PENDING,"[""SUPPORTED_DISTINCT_SEMANTICS_NO_CHANGE""]","[""WF_CONFIGURATION_DELIVERY""]",
EF_253b79a161c2f85f,T14D_ADOPTION,"Registered native handler through background_worker.execute_job: exact configuration anchor loading, configuration_delivery_scope and fence_domain_commits with job execution token. Payload source/temporal references and native writer-family algorithms remain domain specific. Shared contract adoption is T14B/C/D; no additional dependency is inferred.",False,"db: Session, job: BackgroundJob, *, outcome_service: OutcomeMaturationService | None=None, now: datetime | None=None",DURABLE_FENCED_NATIVE_DELIVERY,"[""anchored_job_configuration""]",DISCOVERED,T14D,"[""CONFIGURATION"", ""CURRENT_PROJECTION"", ""WINNER_COHORT"", ""WINNER_GENERATION"", ""WINNER_OUTCOME"", ""WINNER_PREDICTION""]",EF_253b79a161c2f85f,"[""app/services/winner_probability/job_handlers.py:execute_outcome_revision_check_job""]",DURABLE_JOB,"[""BOOTSTRAP"", ""CANONICAL_CALCULATION"", ""CURRENT_PROJECTION_ADVANCE"", ""OUTCOME_MATURATION""]","Classification covers registered worker dispatch; direct calls to the handler outside execute_job are separate direct-call variants, not certified by worker transport.",Mounted HTTP/registered handler/public service or explicit CLI; source address and signature retained.,"[""payload = job.payload_json or {}"", ""config = load_winner_probability_config()"", ""result = outcome_service.process_current_revisions("", ""CohortRefreshPlanner().request_for_current_evidence(""]",SEMANTIC_ADOPTION_PENDING,True,6648afb29b36f57bfe17a3eead0f5ef4a720f80e46be27310cb7f9ed7b5c87fd,DURABLE_JOB,"[""SUPPORTED_DISTINCT_SEMANTICS_NO_CHANGE"", ""T14C""]","[""WF_CONFIGURATION_DELIVERY"", ""WF_WINNER_COHORT_DEFINITION"", ""WF_WINNER_COHORT_MATERIALIZATION"", ""WF_WINNER_EVIDENCE_MANIFEST"", ""WF_WINNER_FORWARD_MATURATION"", ""WF_WINNER_GENERATION"", ""WF_WINNER_OUTCOME_REVISION"", ""WF_WINNER_WATERMARK""]",
EF_2549c9b27b482b53,T14C_ADOPTION,"Concrete native arguments and decorators retained. Direct invocation and current/ambient delivery are exposed as a potential authority variant, not assumed equivalent to certified pipeline delivery.",False,"self, db: Session, snapshot: SetupSignalSnapshot, *, reason: str, decision: dict[str, Any]",SYNCHRONOUS_OR_ENQUEUE_NATIVE_OPERATION,[],DISCOVERED,T14C,"[""CURRENT_PROJECTION"", ""SETUP""]",EF_2549c9b27b482b53,"[""app/services/setup_lifecycle/repository.py:SetupLifecycleRepository.record_snapshot_canonical_decision""]",SERVICE_PUBLIC,"[""CURRENT_PROJECTION_ADVANCE""]",Exact source signature and selector clauses are discovery evidence. Semantic authority/conditional dispatch review is not yet complete; this record is not a bypass assertion.,Mounted HTTP/registered handler/public service or explicit CLI; source address and signature retained.,[],SEMANTIC_ADOPTION_PENDING,False,fbe61b3f69359337c6100dd7148dfc3c6c65f1255fcf7781b8672c9cdb016925,SEMANTIC_ADOPTION_PENDING,[],"[""WF_SETUP_CURRENT_SELECTION""]",
EF_26b4197e150dd293,T14D_ADOPTION,"Concrete native arguments and decorators retained. Direct invocation and current/ambient delivery are exposed as a potential authority variant, not assumed equivalent to certified pipeline delivery.",False,"db: Session, *, provider: SecCeriProvider, ticker: str",SYNCHRONOUS_OR_ENQUEUE_NATIVE_OPERATION,[],DISCOVERED,T14D,"[""CERI_SOURCE""]",EF_26b4197e150dd293,"[""app/services/ceri/sec/identity_repair.py:resolve_and_persist_sec_identity""]",SERVICE_PUBLIC,"[""CURRENT_STATE_REPAIR""]",Exact source signature and selector clauses are discovery evidence. Semantic authority/conditional dispatch review is not yet complete; this record is not a bypass assertion.,Mounted HTTP/registered handler/public service or explicit CLI; source address and signature retained.,[],SEMANTIC_ADOPTION_PENDING,False,065b3c5e8ffcd32597fe9507e12e6e589ccc1b5ab4af733cd4de1f6e19ba3f24,SEMANTIC_ADOPTION_PENDING,[],"[""WF_SEC_IDENTITY_REPAIR""]",
EF_26f8eec180edfe25,T14D_ADOPTION,"Concrete native arguments and decorators retained. Direct invocation and current/ambient delivery are exposed as a potential authority variant, not assumed equivalent to certified pipeline delivery.",False,"db: Session, tickers: list[str], include_benchmarks: bool=True, what_to_show_values: tuple[str, ...]=DEFAULT_WHAT_TO_SHOW, settings: Settings | None=None",SYNCHRONOUS_OR_ENQUEUE_NATIVE_OPERATION,[],DISCOVERED,T14D,"[""IBMI_SOURCE"", ""PRICE""]",EF_26f8eec180edfe25,"[""app/services/bar_cache_service.py:ensure_daily_bars""]",SERVICE_PUBLIC,"[""CANONICAL_CALCULATION"", ""MAINTENANCE""]",Exact source signature and selector clauses are discovery evidence. Semantic authority/conditional dispatch review is not yet complete; this record is not a bypass assertion.,Mounted HTTP/registered handler/public service or explicit CLI; source address and signature retained.,[],SEMANTIC_ADOPTION_PENDING,False,9cdf382e27005e0736f82ef22a505149181906bd0dfee55d139cc38de0c614c5,SEMANTIC_ADOPTION_PENDING,"[""T14B""]","[""WF_IB_CONTRACT_IDENTITY"", ""WF_PRICE_INGESTION"", ""WF_PRICE_SERIES_VERSION""]",
EF_27e57281b2de8753,T14D_ADOPTION,"Mounted mutating route initiates the native named operation via durable enqueue/service submit. Configuration anchor is resolved at enqueue; worker execute_job supplies retained delivery and execution fence. Concrete arguments/selectors are retained below; domain calculation is owned by the listed native writer families, not by the route.",False,"request: Request, payload: TickerJobRequest, db: DbSession",SYNCHRONOUS_OR_ENQUEUE_NATIVE_OPERATION,"[""router.post('/api/ib-intelligence/refresh')"", ""unsafe_route(ROUTE_CLASS_LOCAL_ADMIN, reason='queues read-only IB historical intelligence', csrf_required=True, local_admin_required=True)""]",DISCOVERED,T14D,"[""CERI"", ""COMBINED"", ""CONFIGURATION"", ""CURRENT_PROJECTION"", ""FUNDAMENTAL"", ""IBMI"", ""IBMI_SOURCE"", ""RANKING"", ""REGIME"", ""SECTOR"", ""TECHNICAL""]",EF_27e57281b2de8753,"[""app/routers/ib_market_intelligence_routes.py:queue_historical""]",HTTP,"[""BOOTSTRAP""]",Finite initiator classification; existing native writer compliance is not replaced by route trust. Raw helper permutations may overapproximate conditional delivery.,Mounted HTTP/registered handler/public service or explicit CLI; source address and signature retained.,[],SEMANTIC_ADOPTION_PENDING,True,c9e7d034e0e72ae15a30ae165ea1f88faf9b6b8dd653e540e1755975dcbd38c3,DURABLE_NATIVE_ENQUEUE,"[""SUPPORTED_DISTINCT_SEMANTICS_NO_CHANGE"", ""T14B""]","[""WF_CONFIGURATION_DELIVERY"", ""WF_CORE_CURRENT_PROJECTION"", ""WF_CORE_RETAINED_EVIDENCE"", ""WF_IBMI_HISTORICAL_SOURCE"", ""WF_IBMI_NATIVE_FEATURE"", ""WF_IB_CONTRACT_IDENTITY""]",
EF_28db8281e196d4a6,T14D_ADOPTION,Native persisted/dry-run replay modes retain selected rule/source semantics. Replay is not proof of original-context reconstruction; native evidence/current-selection boundaries remain separate.,False,"request: Request, db: DbSession, ticker: str | None=None, date_from: date | None=None, date_to: date | None=None, persist: bool=False, confirmation: str | None=None, reason: str | None=None, requester: str | None=None",SYNCHRONOUS_OR_ENQUEUE_NATIVE_OPERATION,"[""router.post('/api/setup-lifecycle/replay')"", ""unsafe_route(ROUTE_CLASS_LOCAL_ADMIN, reason='can persist setup lifecycle replay output', local_admin_required=True)""]",DISCOVERED,T14D,"[""ALERT_DECISION"", ""CERI"", ""COMBINED"", ""CURRENT_PROJECTION"", ""FUNDAMENTAL"", ""IBMI"", ""LIFECYCLE_EVALUATION"", ""LIFECYCLE_TRANSITION"", ""RANKING"", ""REGIME"", ""SECTOR"", ""SETUP"", ""TECHNICAL""]",EF_28db8281e196d4a6,"[""app/routers/setup_lifecycle_routes.py:replay_setup_lifecycle""]",HTTP,"[""CURRENT_RULES_RETROSPECTIVE""]",Finite initiator classification; existing native writer compliance is not replaced by route trust. Raw helper permutations may overapproximate conditional delivery.,Mounted HTTP/registered handler/public service or explicit CLI; source address and signature retained.,[],SEMANTIC_ADOPTION_PENDING,True,807e40419d203b9901d9d55ab3eace29b0e3b2429b4547a82a4e7d8917770ff2,SETUP_LIFECYCLE_REPLAY,"[""T14B"", ""T14C""]","[""WF_CORE_CURRENT_PROJECTION"", ""WF_CORE_RETAINED_EVIDENCE"", ""WF_LIFECYCLE_EVALUATION_EVIDENCE"", ""WF_SETUP_EVALUATION_RUN_STATE"", ""WF_SETUP_TYPED_REPOSITORY""]",
EF_29d8aab26f7bc1b7,T14D_ADOPTION,"Concrete native arguments and decorators retained. Direct invocation and current/ambient delivery are exposed as a potential authority variant, not assumed equivalent to certified pipeline delivery.",False,"self, db: Session, request: CeriFeatureRebuildRequest, *, processing_run: Any | None=None, batch_context: CeriFeatureBatchContext | None=None",SYNCHRONOUS_OR_ENQUEUE_NATIVE_OPERATION,[],DISCOVERED,T14D,"[""CERI_SOURCE""]",EF_29d8aab26f7bc1b7,"[""app/services/ceri/feature_rebuild_service.py:CeriFeatureRebuildService.rebuild""]",SERVICE_PUBLIC,"[""CANONICAL_CALCULATION"", ""MAINTENANCE""]",Exact source signature and selector clauses are discovery evidence. Semantic authority/conditional dispatch review is not yet complete; this record is not a bypass assertion.,Mounted HTTP/registered handler/public service or explicit CLI; source address and signature retained.,"[""batch_context: CeriFeatureBatchContext | None = None,"", ""own_context = batch_context is None"", ""context = batch_context or self.prepare_batch(db, request)"", ""self.rebuild_from_context("", ""context=context,"", ""for company in self._context_companies(context, request)"", ""if own_context:"", ""load_context_ms=context.load_context_ms,"", ""sql_select_count=context.select_count,"", ""rows_loaded=dict(context.rows_loaded),"", ""\""ceri_catalyst_event_revisions\"" in context.rows_loaded"", ""batch_total_ms=merged.batch_total_ms + context.load_context_ms,""]",SEMANTIC_ADOPTION_PENDING,False,76d8e35f5ee82258ffe0280a2d3ddad0fb3b283f2fcc11677c1fa52e5f6ea2be,SEMANTIC_ADOPTION_PENDING,"[""T14B""]","[""WF_CERI_CONSENSUS_ATTACH"", ""WF_CERI_FEATURE_BUILD"", ""WF_CERI_REVISION_FEATURE""]",
EF_2bf8cff4ba3b4f20,T14C_ADOPTION,"Concrete native arguments and decorators retained. Direct invocation and current/ambient delivery are exposed as a potential authority variant, not assumed equivalent to certified pipeline delivery.",False,"self, db: Session, *, manifest: Mapping[str, Any], reviewed_manifest_hash: str, candidate_manifest_hash: str, actor: str, request_key: str, approve_write: bool, published_at: datetime | None=None, stage_hook: Callable[[str], None] | None=None",SYNCHRONOUS_OR_ENQUEUE_NATIVE_OPERATION,[],DISCOVERED,T14C,"[""CURRENT_PROJECTION"", ""WINNER_ESTIMATE"", ""WINNER_GENERATION"", ""WINNER_PUBLICATION""]",EF_2bf8cff4ba3b4f20,"[""app/services/winner_probability/estimate_publication_service.py:WinnerEstimatePublicationService.publish""]",SERVICE_PUBLIC,"[""CANONICAL_CALCULATION"", ""PUBLICATION""]",Exact source signature and selector clauses are discovery evidence. Semantic authority/conditional dispatch review is not yet complete; this record is not a bypass assertion.,Mounted HTTP/registered handler/public service or explicit CLI; source address and signature retained.,"[""raise PublicationInvariantViolation(\""current published-generation pointer drifted\"")""]",SEMANTIC_ADOPTION_PENDING,False,58a1a92c62940df5f61083aa063b42001cb6fd07db50f2b57e3c4acfbb6c1eb6,SEMANTIC_ADOPTION_PENDING,[],"[""WF_WINNER_GENERATION"", ""WF_WINNER_PUBLICATION""]",
EF_2c20ef6c4a891318,T14D_ADOPTION,"Concrete native arguments and decorators retained. Direct invocation and current/ambient delivery are exposed as a potential authority variant, not assumed equivalent to certified pipeline delivery.",False,"self, db: Session, *, dry_run: Pre11DryRunResult, reviewed_manifest_path: Path, request_key: str, approve_write: bool, actor: str, outcome_definition: WinnerOutcomeDefinition, config: WinnerProbabilityConfig",SYNCHRONOUS_OR_ENQUEUE_NATIVE_OPERATION,[],DISCOVERED,T14D,"[""CONFIGURATION"", ""CURRENT_PROJECTION"", ""WINNER_COHORT"", ""WINNER_GENERATION""]",EF_2c20ef6c4a891318,"[""app/services/winner_probability/pre11_compatibility_service.py:Pre11CompatibilityWriteService.persist_decisions_and_replays""]",SERVICE_PUBLIC,"[""BOOTSTRAP"", ""CANONICAL_CALCULATION"", ""CURRENT_PROJECTION_ADVANCE"", ""CURRENT_RULES_RETROSPECTIVE""]",Exact source signature and selector clauses are discovery evidence. Semantic authority/conditional dispatch review is not yet complete; this record is not a bypass assertion.,Mounted HTTP/registered handler/public service or explicit CLI; source address and signature retained.,"[""latest = db.scalar("", "".order_by(WinnerTrainingEligibilityDecision.revision.desc())"", ""revision=(latest.revision + 1 if latest is not None else 1),"", ""supersedes_decision_id=latest.id if latest is not None else None,"", ""latest_replay = db.scalar("", "".order_by(WinnerTrainingOutcomeReplay.revision.desc())"", ""source_revision_cutoff_at=preview.source_revision_cutoff_at,"", ""revision=(latest_replay.revision + 1 if latest_replay is not None else 1),"", ""supersedes_replay_id=latest_replay.id if latest_replay is not None else None,"", ""CohortRefreshPlanner().request_for_current_evidence(""]",SEMANTIC_ADOPTION_PENDING,False,b113c3909ebb5e1bae33f2b2b793223ee2a04802789a8aa9cdb94249ea9da795,SEMANTIC_ADOPTION_PENDING,"[""SUPPORTED_DISTINCT_SEMANTICS_NO_CHANGE"", ""T14C""]","[""WF_CONFIGURATION_DELIVERY"", ""WF_WINNER_COHORT_DEFINITION"", ""WF_WINNER_COHORT_MATERIALIZATION"", ""WF_WINNER_EVIDENCE_MANIFEST"", ""WF_WINNER_GENERATION"", ""WF_WINNER_PRE11_TRAINING_REPLAY"", ""WF_WINNER_WATERMARK""]",
EF_2ccea74c5c437507,T14C_ADOPTION,"Concrete native arguments and decorators retained. Direct invocation and current/ambient delivery are exposed as a potential authority variant, not assumed equivalent to certified pipeline delivery.",False,"db, *, event: SetupLifecycleEvent, evaluation: SetupLifecycleEvaluationEvidence | None, prior_transition_evidence_id: int | None",SYNCHRONOUS_OR_ENQUEUE_NATIVE_OPERATION,[],DISCOVERED,T14C,"[""LIFECYCLE_TRANSITION""]",EF_2ccea74c5c437507,"[""app/services/setup_lifecycle/decision_evidence.py:persist_lifecycle_transition_evidence""]",SERVICE_PUBLIC,"[""CANONICAL_CALCULATION""]",Exact source signature and selector clauses are discovery evidence. Semantic authority/conditional dispatch review is not yet complete; this record is not a bypass assertion.,Mounted HTTP/registered handler/public service or explicit CLI; source address and signature retained.,"[""payload_fingerprint = CanonicalEvidenceSerializer.fingerprint(payload)"", ""{\""contract\"": \""setup-lifecycle-transition-evidence-v1\"", \""payload\"": payload_fingerprint}"", ""payload_json=payload,"", ""payload_fingerprint=payload_fingerprint,""]",SEMANTIC_ADOPTION_PENDING,False,4f804141b9540e0081a3ed377e6c1ee4db972888c43eec6fa1bf99d0f1d2c9fd,SEMANTIC_ADOPTION_PENDING,[],"[""WF_LIFECYCLE_TRANSITION_EVIDENCE""]",
EF_2d2b331779e8c8de,T14D_ADOPTION,"Concrete native arguments and decorators retained. Direct invocation and current/ambient delivery are exposed as a potential authority variant, not assumed equivalent to certified pipeline delivery.",False,"db: Session, manifest: dict[str, Any], *, reviewed_manifest_hash: str, approve_write: bool, actor: str, request_key: str, now: datetime | None=None",SYNCHRONOUS_OR_ENQUEUE_NATIVE_OPERATION,[],DISCOVERED,T14D,"[""WINNER_OUTCOME""]",EF_2d2b331779e8c8de,"[""app/services/winner_probability/target_stop_scope_repair_service.py:apply_target_stop_scope_repair""]",SERVICE_PUBLIC,"[""CURRENT_STATE_REPAIR""]",Exact source signature and selector clauses are discovery evidence. Semantic authority/conditional dispatch review is not yet complete; this record is not a bypass assertion.,Mounted HTTP/registered handler/public service or explicit CLI; source address and signature retained.,"[""current_record = _repair_record(db, source, incident=manifest[\""incident\""])"", ""if canonical_manifest_bytes(current_record) != canonical_manifest_bytes(record):"", ""source.is_current_revision = False"", ""is_current_revision=True,""]",SEMANTIC_ADOPTION_PENDING,False,a78c678e251088ab2b865abd6e242b6632df4af670971eaae31962d39261f131,SEMANTIC_ADOPTION_PENDING,[],"[""WF_WINNER_TARGET_STOP_REPAIR""]",
EF_33499b0639d00900,T14C_ADOPTION,"Concrete native arguments and decorators retained. Direct invocation and current/ambient delivery are exposed as a potential authority variant, not assumed equivalent to certified pipeline delivery.",False,"self, db: Session, *, outcome_definition_id: str | None=None, training_cutoff_at: datetime | None=None, should_cancel: Callable[[], bool] | None=None, lease_guard: Callable[[], None] | None=None, on_generation_captured: Callable[[WinnerCohortGeneration], None] | None=None, max_groups: int=100, max_wall_seconds: float=45.0",SYNCHRONOUS_OR_ENQUEUE_NATIVE_OPERATION,[],DISCOVERED,T14C,"[""CONFIGURATION"", ""CURRENT_PROJECTION"", ""WINNER_COHORT"", ""WINNER_GENERATION""]",EF_33499b0639d00900,"[""app/services/winner_probability/job_handlers.py:WinnerCohortRefreshService.refresh_cohorts""]",SERVICE_PUBLIC,"[""BOOTSTRAP"", ""CANONICAL_CALCULATION"", ""CURRENT_PROJECTION_ADVANCE""]",Exact source signature and selector clauses are discovery evidence. Semantic authority/conditional dispatch review is not yet complete; this record is not a bypass assertion.,Mounted HTTP/registered handler/public service or explicit CLI; source address and signature retained.,"[""training_cutoff_at: datetime | None = None,"", ""config = load_winner_probability_config()"", ""# Legacy payload cutoffs are audit-only. Material identity comes from"", ""del training_cutoff_at"", ""advance = self.watermark_service.advance_to_current_material_evidence("", ""from app.services.configuration_delivery import bind_winner_generation_configuration"", ""bind_winner_generation_configuration(db, generation, config)""]",SEMANTIC_ADOPTION_PENDING,False,6648afb29b36f57bfe17a3eead0f5ef4a720f80e46be27310cb7f9ed7b5c87fd,SEMANTIC_ADOPTION_PENDING,"[""SUPPORTED_DISTINCT_SEMANTICS_NO_CHANGE""]","[""WF_CONFIGURATION_DELIVERY"", ""WF_WINNER_COHORT_DEFINITION"", ""WF_WINNER_COHORT_MATERIALIZATION"", ""WF_WINNER_EVIDENCE_MANIFEST"", ""WF_WINNER_GENERATION"", ""WF_WINNER_WATERMARK""]",
EF_3392d180c1a8d378,T14D_ADOPTION,"Concrete native arguments and decorators retained. Direct invocation and current/ambient delivery are exposed as a potential authority variant, not assumed equivalent to certified pipeline delivery.",False,db: Session,SYNCHRONOUS_OR_ENQUEUE_NATIVE_OPERATION,[],DISCOVERED,T14D,"[""TRADE_JOURNAL""]",EF_3392d180c1a8d378,"[""app/services/ib_market_intelligence/journal.py:rebuild_trade_episodes""]",SERVICE_PUBLIC,"[""CURRENT_STATE_REPAIR""]",Exact source signature and selector clauses are discovery evidence. Semantic authority/conditional dispatch review is not yet complete; this record is not a bypass assertion.,Mounted HTTP/registered handler/public service or explicit CLI; source address and signature retained.,"["".order_by(""]",SEMANTIC_ADOPTION_PENDING,False,193c5fc72a61d0a0a3f71bf46c17a9d087d41c29e6eeb210f4ecd60169f9ec9c,SEMANTIC_ADOPTION_PENDING,[],"[""WF_IB_TRADE_EPISODES""]",
EF_33bfaa981caf74af,T14D_ADOPTION,"Registered native handler through background_worker.execute_job: exact configuration anchor loading, configuration_delivery_scope and fence_domain_commits with job execution token. Payload source/temporal references and native writer-family algorithms remain domain specific. Shared contract adoption is T14B/C/D; no additional dependency is inferred.",False,"db: Session, job: BackgroundJob",DURABLE_FENCED_NATIVE_DELIVERY,[],DISCOVERED,T14D,"[""IBMI_SOURCE"", ""PRICE""]",EF_33bfaa981caf74af,"[""app/services/market_data_prewarm_service.py:execute_market_data_prewarm_job""]",DURABLE_JOB,"[""CANONICAL_CALCULATION"", ""MAINTENANCE""]","Classification covers registered worker dispatch; direct calls to the handler outside execute_job are separate direct-call variants, not certified by worker transport.",Mounted HTTP/registered handler/public service or explicit CLI; source address and signature retained.,[],SEMANTIC_ADOPTION_PENDING,True,401577235d9ff6d424bf9ce8756d6279ee86c2473d77361f5a4043d93a35753e,DURABLE_JOB,"[""T14B"", ""T14C""]","[""WF_IB_CONTRACT_IDENTITY"", ""WF_PRICE_INGESTION"", ""WF_PRICE_SERIES_VERSION"", ""WF_WINNER_MARKET_DATA_OBLIGATION""]",
EF_345fc21fac985c42,T14D_ADOPTION,Existing addressed alert status DISMISSED and timestamp; invalidated alerts unchanged. No score calculation or provider source revision.,False,"alert_id: int, request: Request, db: DbSession",SYNCHRONOUS_OR_ENQUEUE_NATIVE_OPERATION,"[""router.post('/api/ceri/alerts/{alert_id}/dismiss')"", ""unsafe_route(ROUTE_CLASS_LOCAL_ADMIN, reason='mutates CERI alert dismissal state', csrf_required=True, local_admin_required=True)""]",DISCOVERED,T14D,"[""CERI_ALERT""]",EF_345fc21fac985c42,"[""app/routers/ceri_routes.py:dismiss_ceri_alert""]",HTTP,"[""MAINTENANCE""]",Finite initiator classification; existing native writer compliance is not replaced by route trust. Raw helper permutations may overapproximate conditional delivery.,Mounted HTTP/registered handler/public service or explicit CLI; source address and signature retained.,[],SEMANTIC_ADOPTION_PENDING,True,88bbc18dae640fecf768c487acbcf8fd5b1d632bfab3258602673e93c534ecd3,MANUAL_ALERT_STATUS,"[""T14C""]","[""WF_CERI_ALERT_STATUS""]",
EF_34751282c1807125,T14C_ADOPTION,"Concrete native arguments and decorators retained. Direct invocation and current/ambient delivery are exposed as a potential authority variant, not assumed equivalent to certified pipeline delivery.",False,"self, db, snapshot: SetupSignalSnapshot, *, evaluation_run_id: int | None=None, completed_observation_sessions: int=1, prior_snapshots: tuple[NormalizedSnapshot, ...]=(), preloaded_episodes: tuple[SetupLifecycleEpisode, ...] | None=None, refresh_primary: bool=True",SYNCHRONOUS_OR_ENQUEUE_NATIVE_OPERATION,"[""anchored_decision_calculator""]",DISCOVERED,T14C,"[""ALERT_DECISION"", ""CERI"", ""COMBINED"", ""CURRENT_PROJECTION"", ""FUNDAMENTAL"", ""IBMI"", ""LIFECYCLE_EVALUATION"", ""LIFECYCLE_TRANSITION"", ""RANKING"", ""REGIME"", ""SECTOR"", ""SETUP"", ""TECHNICAL""]",EF_34751282c1807125,"[""app/services/setup_lifecycle/episode_service.py:SetupLifecycleEpisodeService.apply_snapshot""]",SERVICE_PUBLIC,"[""CANONICAL_CALCULATION"", ""CURRENT_PROJECTION_ADVANCE""]",Exact source signature and selector clauses are discovery evidence. Semantic authority/conditional dispatch review is not yet complete; this record is not a bypass assertion.,Mounted HTTP/registered handler/public service or explicit CLI; source address and signature retained.,"[""normalized, source_lineage=dict(setup.payload_json.get(\""source_lineage_json\"") or {})"", ""previous_state=LifecycleState(active.current_state),"", ""previous_phase=active.current_phase,"", ""else active.current_state != decision.proposed_state.value"", ""or active.current_phase != decision.phase_code"", ""effective_configuration=self.lifecycle_engine.effective_configuration,""]",SEMANTIC_ADOPTION_PENDING,False,578373d5a831af69b68312ed233d7af7580f7763a497dc1f4ba808d5b822b641,SEMANTIC_ADOPTION_PENDING,"[""T14B""]","[""WF_CORE_CURRENT_PROJECTION"", ""WF_CORE_RETAINED_EVIDENCE"", ""WF_LIFECYCLE_EPISODE"", ""WF_LIFECYCLE_EVALUATION_EVIDENCE"", ""WF_LIFECYCLE_TRANSITION_EVIDENCE"", ""WF_SETUP_TRANSITION_EVENT_STATE"", ""WF_SETUP_TYPED_REPOSITORY""]",
EF_3544a66f80c3a3ee,T14C_ADOPTION,"Concrete native arguments and decorators retained. Direct invocation and current/ambient delivery are exposed as a potential authority variant, not assumed equivalent to certified pipeline delivery.",False,"self, db: Session, outcome: WinnerForwardOutcome, *, now: datetime | None=None, totals: _MutableOutcomeCounts | None=None, context: OutcomeBatchContext | None=None",SYNCHRONOUS_OR_ENQUEUE_NATIVE_OPERATION,[],DISCOVERED,T14C,"[""WINNER_OUTCOME"", ""WINNER_PREDICTION""]",EF_3544a66f80c3a3ee,"[""app/services/winner_probability/outcome_service.py:OutcomeMaturationService.process_forward_outcome""]",SERVICE_PUBLIC,"[""OUTCOME_MATURATION""]",Exact source signature and selector clauses are discovery evidence. Semantic authority/conditional dispatch review is not yet complete; this record is not a bypass assertion.,Mounted HTTP/registered handler/public service or explicit CLI; source address and signature retained.,"[""context: OutcomeBatchContext | None = None,"", ""context.predictions.get(outcome.prediction_id)"", ""if context is not None"", ""calculation = self._calculate_forward(db, prediction, outcome, now=now, context=context)"", ""context.target_stops_for(matured_outcome)"", ""if context is not None""]",SEMANTIC_ADOPTION_PENDING,False,d65e981c1fe09e9caa4f2df13830d67bf588615f0ec3939ddeb176b19edba108,SEMANTIC_ADOPTION_PENDING,[],"[""WF_WINNER_FORWARD_MATURATION"", ""WF_WINNER_OUTCOME_REVISION""]",
EF_396637ef05c88e25,T14D_ADOPTION,"Registered native handler through background_worker.execute_job: exact configuration anchor loading, configuration_delivery_scope and fence_domain_commits with job execution token. Payload source/temporal references and native writer-family algorithms remain domain specific. Shared contract adoption is T14B/C/D; no additional dependency is inferred.",False,"db: Session, job: BackgroundJob, *, feature_service: CeriFeatureRebuildService | None=None",DURABLE_FENCED_NATIVE_DELIVERY,[],DISCOVERED,T14D,"[""CERI_SOURCE""]",EF_396637ef05c88e25,"[""app/services/ceri/batched_job_handlers.py:execute_feature_batch_job""]",DURABLE_JOB,"[""CANONICAL_CALCULATION"", ""MAINTENANCE""]","Classification covers registered worker dispatch; direct calls to the handler outside execute_job are separate direct-call variants, not certified by worker transport.",Mounted HTTP/registered handler/public service or explicit CLI; source address and signature retained.,"[""payload = job.payload_json or {}"", ""missing_context = ["", ""for key in (\""calculation_context_id\"", \""cutoff_at\"", \""as_of_session\"", \""calendar_version\"")"", ""if missing_context:"", ""\""Pipeline-owned CERI feature job is missing frozen context fields: \"""", ""+ \"", \"".join(missing_context)"", ""config = load_ceri_config()"", ""batch_context = None"", ""batch_context = service.prepare_batch("", ""cutoff_at=_optional_datetime(payload.get(\""cutoff_at\"")),"", ""calculation_context_id=int(payload[\""calculation_context_id\""]),"", ""\""calculation_context_id\"": int(payload[\""calculation_context_id\""]),"", ""cutoff_at=_optional_datetime(payload.get(\""cutoff_at\"")),"", ""cutoff_at=_optional_datetime(payload.get(\""cutoff_at\"")),"", ""calculation_context_id=int(payload[\""calculation_context_id\""]),"", ""**({\""batch_context\"": batch_context} if batch_context is not None else {}),"", ""# ticker without discarding the shared read-only batch context."", ""\""load_context_ms\"": int(getattr(batch_context, \""load_context_ms\"", 0) or 0),"", ""\""sql_select_count\"": int(getattr(batch_context, \""select_count\"", 0) or 0),"", ""\""rows_loaded\"": dict(getattr(batch_context, \""rows_loaded\"", {}) or {}),"", ""telemetry[\""sql_monitor\""] = current_sql_summary_snapshot()""]",SEMANTIC_ADOPTION_PENDING,True,fd5da628c07287e834fa932460852568e8c79ec9e27af7b4beacd9478f3d39c0,DURABLE_JOB,"[""T14B""]","[""WF_CERI_CONSENSUS_ATTACH"", ""WF_CERI_FEATURE_BUILD"", ""WF_CERI_REVISION_FEATURE""]",
EF_3984d25edba4f45f,T14B_ADOPTION,"Concrete native arguments and decorators retained. Direct invocation and current/ambient delivery are exposed as a potential authority variant, not assumed equivalent to certified pipeline delivery.",False,"db: Session, run_id: int, tickers: list[str] | None=None, benchmark_ticker: str='SPY', *, market_cutoff: MarketCalculationCutoff | None=None, pipeline_run_id: int | None=None, effective_configuration: CoreEffectiveConfiguration | None=None, expected_calculation_identity: CalculationIdentity | None=None",SYNCHRONOUS_OR_ENQUEUE_NATIVE_OPERATION,[],DISCOVERED,T14B,"[""CERI"", ""COMBINED"", ""CURRENT_PROJECTION"", ""FUNDAMENTAL"", ""IBMI"", ""RANKING"", ""REGIME"", ""SECTOR"", ""TECHNICAL""]",EF_3984d25edba4f45f,"[""app/services/technical_score_service.py:score_run_technicals""]",SERVICE_PUBLIC,"[""CANONICAL_CALCULATION"", ""CURRENT_PROJECTION_ADVANCE"", ""MAINTENANCE""]",Exact source signature and selector clauses are discovery evidence. Semantic authority/conditional dispatch review is not yet complete; this record is not a bypass assertion.,Mounted HTTP/registered handler/public service or explicit CLI; source address and signature retained.,"[""market_cutoff: MarketCalculationCutoff | None = None,"", ""effective_configuration: CoreEffectiveConfiguration | None = None,"", ""market_cutoff = ("", ""market_cutoff"", ""or market_context_for_upload_run(db, run_id)"", ""or standalone_market_context(reason=\""STANDALONE_TECHNICAL_SCORING\"")"", ""effective_configuration = effective_configuration or resolve_technical_configuration("", ""pine=load_pine_defaults(),"", ""v4=load_technical_scoring_v4_config(),"", ""v5=load_technical_scoring_v5_config(),"", ""effective_configuration.require_family(\""core.technical\"")"", ""effective_configuration.require_retry_identity(expected_calculation_identity)"", ""resolved = effective_configuration.values"", ""benchmark_price = _call_price_frame(db, benchmark_ticker, market_cutoff)"", ""sector_price = _sector_benchmark_price(db, pine_params, market_cutoff=market_cutoff)"", ""db, \""QQQ\"", v4_params, market_cutoff=market_cutoff, pine_params=pine_params"", ""v5_context = ("", ""_technical_v5_run_context(db, run_id, symbols, v5_params, market_cutoff=market_cutoff)"", ""else TechnicalV5RunContext(resolutions={}, sector_features={})"", ""market_cutoff=market_cutoff,"", ""market_cutoff=market_cutoff,"", ""market_cutoff=market_cutoff,"", ""v5_context=v5_context,"", ""market_cutoff=market_cutoff,"", ""effective_configuration=effective_configuration,""]",SEMANTIC_ADOPTION_PENDING,False,bdb1e8a595498d5f37887565b3ec1def3929ac74ea684a619089a66eeff90d3f,SEMANTIC_ADOPTION_PENDING,[],"[""WF_CORE_CURRENT_PROJECTION"", ""WF_CORE_RETAINED_EVIDENCE"", ""WF_TECHNICAL_FEATURE_CACHE"", ""WF_TECHNICAL_FINALIZATION""]",
EF_3a2e1392612da502,T14D_ADOPTION,"Registered native handler through background_worker.execute_job: exact configuration anchor loading, configuration_delivery_scope and fence_domain_commits with job execution token. Payload source/temporal references and native writer-family algorithms remain domain specific. Shared contract adoption is T14B/C/D; no additional dependency is inferred.",False,"db: Session, job: BackgroundJob, *, settings: Settings | None=None, ib_factory=None",DURABLE_FENCED_NATIVE_DELIVERY,"[""anchored_job_configuration""]",DISCOVERED,T14D,"[""CERI"", ""COMBINED"", ""CURRENT_PROJECTION"", ""FUNDAMENTAL"", ""IBMI"", ""IBMI_SOURCE"", ""RANKING"", ""REGIME"", ""SECTOR"", ""TECHNICAL""]",EF_3a2e1392612da502,"[""app/services/ib_market_intelligence/orchestration.py:execute_historical_refresh""]",DURABLE_JOB,"[""CANONICAL_CALCULATION"", ""CURRENT_PROJECTION_ADVANCE"", ""MAINTENANCE""]","Classification covers registered worker dispatch; direct calls to the handler outside execute_job are separate direct-call variants, not certified by worker transport.",Mounted HTTP/registered handler/public service or explicit CLI; source address and signature retained.,"[""config = load_ib_market_intelligence_config(settings=settings)"", ""module = IntelligenceModule(str(job.payload_json[\""module\""]))"", ""tickers = _tickers(job.payload_json)"", ""market_cutoff = standalone_market_context(reason=\""IBMI_HISTORICAL_REFRESH\"")"", ""job.payload_json, module, settings, market_cutoff=market_cutoff"", ""cutoff_at=market_cutoff.cutoff_at,"", ""# This job is a current acquisition/refresh operation.  Freeze its"", ""# calculation cutoff only after the provider observations have been"", ""feature_cutoff = standalone_market_context(reason=\""IBMI_HISTORICAL_REFRESH_FEATURE\"")"", ""calculation_cutoff_at=feature_cutoff.cutoff_at,"", ""operation_mode=\""CURRENT\"",""]",SEMANTIC_ADOPTION_PENDING,True,28850325b6bef2e07a5af041b045befab19a6ab05b33df8831ddefe05926a556,DURABLE_JOB,"[""T14B""]","[""WF_CORE_CURRENT_PROJECTION"", ""WF_CORE_RETAINED_EVIDENCE"", ""WF_IBMI_HISTORICAL_SOURCE"", ""WF_IBMI_NATIVE_FEATURE"", ""WF_IB_CONTRACT_IDENTITY""]",
EF_3aa9732708e9982e,T14B_ADOPTION,"Concrete native arguments and decorators retained. Direct invocation and current/ambient delivery are exposed as a potential authority variant, not assumed equivalent to certified pipeline delivery.",False,"self, recent: CeriRevisionFeature, longer: CeriRevisionFeature",SYNCHRONOUS_OR_ENQUEUE_NATIVE_OPERATION,[],DISCOVERED,T14B,"[""CERI_SOURCE""]",EF_3aa9732708e9982e,"[""app/services/ceri/revision_feature_service.py:CeriRevisionFeatureService.with_acceleration""]",SERVICE_PUBLIC,"[""CANONICAL_CALCULATION""]",Exact source signature and selector clauses are discovery evidence. Semantic authority/conditional dispatch review is not yet complete; this record is not a bypass assertion.,Mounted HTTP/registered handler/public service or explicit CLI; source address and signature retained.,[],SEMANTIC_ADOPTION_PENDING,False,9485600c1bbfc4924e799e97b428f35a4acc5c4532dffa762a8849b70805213e,SEMANTIC_ADOPTION_PENDING,[],"[""WF_CERI_REVISION_FEATURE""]",
EF_3c20103a5ea92683,T14D_ADOPTION,"Concrete native arguments and decorators retained. Direct invocation and current/ambient delivery are exposed as a potential authority variant, not assumed equivalent to certified pipeline delivery.",False,"db: Session, run_id: int, *, market_cutoff: MarketCalculationCutoff | None=None",SYNCHRONOUS_OR_ENQUEUE_NATIVE_OPERATION,[],DISCOVERED,T14D,"[""CERI"", ""COMBINED"", ""CURRENT_PROJECTION"", ""FUNDAMENTAL"", ""IBMI"", ""RANKING"", ""REGIME"", ""SECTOR"", ""TECHNICAL""]",EF_3c20103a5ea92683,"[""app/services/pipeline_executor.py:build_sector_rotation_snapshot_for_run""]",SERVICE_PUBLIC,"[""CANONICAL_CALCULATION"", ""CURRENT_PROJECTION_ADVANCE""]",Exact source signature and selector clauses are discovery evidence. Semantic authority/conditional dispatch review is not yet complete; this record is not a bypass assertion.,Mounted HTTP/registered handler/public service or explicit CLI; source address and signature retained.,"[""market_cutoff: MarketCalculationCutoff | None = None,"", ""db, run_id=run_id, market_cutoff=market_cutoff""]",SEMANTIC_ADOPTION_PENDING,False,89b3e12adb753d36988b95be05a6fc8bb780738540627f0498c977c18fab9d80,SEMANTIC_ADOPTION_PENDING,"[""T14B""]","[""WF_CORE_CURRENT_PROJECTION"", ""WF_CORE_RETAINED_EVIDENCE"", ""WF_SECTOR_SNAPSHOT""]",
EF_3cae421594a55a30,T14D_ADOPTION,"Registered native handler through background_worker.execute_job: exact configuration anchor loading, configuration_delivery_scope and fence_domain_commits with job execution token. Payload source/temporal references and native writer-family algorithms remain domain specific. Shared contract adoption is T14B/C/D; no additional dependency is inferred.",False,"db: Session, job: BackgroundJob, *, maintenance_service: SetupLifecycleMaintenanceService | None=None",DURABLE_FENCED_NATIVE_DELIVERY,"[""anchored_job_configuration""]",DISCOVERED,T14D,"[""ALERT_DECISION"", ""CONFIGURATION"", ""LIFECYCLE_EVALUATION"", ""LIFECYCLE_TRANSITION"", ""SETUP""]",EF_3cae421594a55a30,"[""app/services/setup_lifecycle/job_handlers.py:execute_alert_rebuild_job""]",DURABLE_JOB,"[""BOOTSTRAP"", ""CANONICAL_CALCULATION""]","Classification covers registered worker dispatch; direct calls to the handler outside execute_job are separate direct-call variants, not certified by worker transport.",Mounted HTTP/registered handler/public service or explicit CLI; source address and signature retained.,"[""payload = job.payload_json or {}""]",SEMANTIC_ADOPTION_PENDING,True,1da2ddadf14cfd178ed5eaf89e7e3560a4b9d763af9d2db29025bbb821226006,DURABLE_JOB,"[""T14C""]","[""WF_SETUP_ALERT_EVENT_STATE"", ""WF_SETUP_ALERT_RULE_BOOTSTRAP"", ""WF_SETUP_ALERT_RULE_EVIDENCE"", ""WF_SETUP_ALERT_RULE_STATE"", ""WF_SETUP_DECISION_EVIDENCE"", ""WF_SETUP_TYPED_REPOSITORY""]",
EF_3d469f86339ccac7,T14B_ADOPTION,"Concrete native arguments and decorators retained. Direct invocation and current/ambient delivery are exposed as a potential authority variant, not assumed equivalent to certified pipeline delivery.",False,"db: Session, bars: list[HistoricalBar], *, fetch_run_id: int | None=None, fetch_item_id: int | None=None",SYNCHRONOUS_OR_ENQUEUE_NATIVE_OPERATION,[],DISCOVERED,T14B,"[""PRICE""]",EF_3d469f86339ccac7,"[""app/services/bar_cache_service.py:cache_bars""]",SERVICE_PUBLIC,"[""CANONICAL_CALCULATION"", ""MAINTENANCE""]",Exact source signature and selector clauses are discovery evidence. Semantic authority/conditional dispatch review is not yet complete; this record is not a bypass assertion.,Mounted HTTP/registered handler/public service or explicit CLI; source address and signature retained.,"[""current = existing.get(key)"", ""if current is None:"", ""current_hash = current.data_hash or price_bar_data_hash(current)"", ""if current_hash == new_hash:"", ""current.last_seen_at = now"", ""if current.data_hash is None:"", ""current.data_hash = new_hash"", ""revision_number = (current.revision_count or 0) + 1"", ""current,"", ""previous_data_hash=current_hash,"", ""current.open = _decimal_or_none(bar.open)"", ""current.high = _decimal_or_none(bar.high)"", ""current.low = _decimal_or_none(bar.low)"", ""current.close = _decimal_or_none(bar.close)"", ""current.volume = _decimal_or_none(bar.volume)"", ""current.source = bar.source"", ""current.adjustment_type = bar.adjustment_type"", ""current.last_seen_at = now"", ""current.revised_at = now"", ""current.revision_count = revision_number"", ""current.data_hash = new_hash""]",SEMANTIC_ADOPTION_PENDING,False,9cdf382e27005e0736f82ef22a505149181906bd0dfee55d139cc38de0c614c5,SEMANTIC_ADOPTION_PENDING,[],"[""WF_PRICE_INGESTION"", ""WF_PRICE_SERIES_VERSION""]",
EF_3fc4b414d23b5f24,T14C_ADOPTION,"Concrete native arguments and decorators retained. Direct invocation and current/ambient delivery are exposed as a potential authority variant, not assumed equivalent to certified pipeline delivery.",False,"self, db: Session, *, prediction: WinnerPredictionSnapshot, outcome_definition: WinnerOutcomeDefinition, generation: WinnerCohortGeneration, config: WinnerProbabilityConfig | None=None, model_version_id: int | None=None, _candidate: bool=False, _source_version: str=COHORT_BASELINE_SOURCE_VERSION",SYNCHRONOUS_OR_ENQUEUE_NATIVE_OPERATION,[],DISCOVERED,T14C,"[""WINNER_ESTIMATE""]",EF_3fc4b414d23b5f24,"[""app/services/winner_probability/probability_estimator.py:ProbabilityEstimator.create_latest_rescore_from_generation""]",SERVICE_PUBLIC,"[""CURRENT_RULES_RETROSPECTIVE""]",Exact source signature and selector clauses are discovery evidence. Semantic authority/conditional dispatch review is not yet complete; this record is not a bypass assertion.,Mounted HTTP/registered handler/public service or explicit CLI; source address and signature retained.,"[""def create_latest_rescore_from_generation("", ""config = config or load_winner_probability_config()"", ""from app.services.decision_effective_configuration import resolve_winner_configuration"", ""config = resolve_winner_configuration(config, family=\""cohort\"").winner_config()"", ""self.model_registry.ensure_can_serve_latest_rescore("", ""raise ValueError(\""latest rescore requires a PUBLISHED cohort generation\"")"", ""from app.services.configuration_delivery import configuration_for_winner_generation"", ""config = configuration_for_winner_generation(db, generation, config)"", "".where(WinnerProbabilityEstimate.estimate_kind == ESTIMATE_KIND_LATEST_RESCORE)"", ""retained = (existing.metadata_json or {}).get(\""effective_configuration_at_creation\"")"", ""!= resolve_winner_configuration(config, family=\""cohort\"").snapshot.semantic_hash"", ""raise ValueError(\""WINNER_ESTIMATE_CONFIGURATION_MISMATCH\"")"", ""# statistic as a normal latest rescore."", ""estimate_kind=ESTIMATE_KIND_LATEST_RESCORE,"", ""training_cutoff_at=generation.training_cutoff_at,"", ""\""effective_configuration_at_creation\"": _cohort_configuration(config),"", ""\""configuration_execution_semantics\"": getattr("", ""config, \""_configuration_execution_semantics\"", \""CURRENT_RULES_RESCORE\""""]",SEMANTIC_ADOPTION_PENDING,False,375f3806061617f55358f7740c83fee14af7825084f29207eb8e37b68fad1680,SEMANTIC_ADOPTION_PENDING,[],"[""WF_WINNER_LATEST_RESCORE""]",
EF_42b795771febb433,T14D_ADOPTION,"Registered native handler through background_worker.execute_job: exact configuration anchor loading, configuration_delivery_scope and fence_domain_commits with job execution token. Payload source/temporal references and native writer-family algorithms remain domain specific. Shared contract adoption is T14B/C/D; no additional dependency is inferred.",False,"db: Session, job: BackgroundJob",DURABLE_FENCED_NATIVE_DELIVERY,[],DISCOVERED,T14D,"[""CERI"", ""CERI_ALERT"", ""CERI_CHANGE"", ""CERI_SOURCE"", ""COMBINED"", ""CONFIGURATION"", ""CURRENT_PROJECTION"", ""FUNDAMENTAL"", ""IBMI"", ""IBMI_SOURCE"", ""PIPELINE"", ""PRICE"", ""RANKING"", ""RAW"", ""REGIME"", ""SECTOR"", ""TECHNICAL""]",EF_42b795771febb433,"[""app/services/background_worker.py:_execute_full_pipeline_job""]",DURABLE_JOB,"[""BOOTSTRAP"", ""CANONICAL_CALCULATION"", ""CURRENT_PROJECTION_ADVANCE"", ""LEGACY_UNCERTIFIED"", ""MAINTENANCE""]","Classification covers registered worker dispatch; direct calls to the handler outside execute_job are separate direct-call variants, not certified by worker transport.",Mounted HTTP/registered handler/public service or explicit CLI; source address and signature retained.,"[""from app.services.market_calculation_context_service import ("", ""validate_pipeline_job_market_context,"", ""pipeline_run_id = job.payload_json.get(\""pipeline_run_id\"")"", ""market_cutoff = validate_pipeline_job_market_context("", ""payload=job.payload_json or {},"", ""execution_token = str(job.execution_token or \""\"")"", ""execution_token=execution_token,"", ""resume_from_step=job.payload_json.get(\""resume_from_step\""),"", ""execution_token=execution_token,"", ""dependencies=PipelineExecutionDependencies(market_cutoff=market_cutoff),""]",SEMANTIC_ADOPTION_PENDING,True,de3e326ac5c9ebadf0d316d6546fd6a856e4b7fc4b375ad9f954ac25b03d5876,DURABLE_JOB,"[""SUPPORTED_DISTINCT_SEMANTICS_NO_CHANGE"", ""T14B"", ""T14C""]","[""WF_CERI_ALERT_CREATION"", ""WF_CERI_CHANGE"", ""WF_CERI_CONSENSUS_ATTACH"", ""WF_CERI_FEATURE_BUILD"", ""WF_CERI_GUIDANCE_ELIGIBILITY"", ""WF_CERI_PRICE_RESPONSE"", ""WF_CERI_RAW_SOURCE"", ""WF_CERI_REVISION_FEATURE"", ""WF_CERI_SCORE"", ""WF_CERI_SOURCE_IDENTITY"", ""WF_CERI_SOURCE_NORMALIZATION"", ""WF_COMBINED_REFRESH"", ""WF_CONFIGURATION_DELIVERY"", ""WF_CORE_CURRENT_PROJECTION"", ""WF_CORE_RETAINED_EVIDENCE"", ""WF_FUNDAMENTAL_RECALCULATION"", ""WF_IB_CONTRACT_IDENTITY"", ""WF_MARKET_CONTEXT_AUTHORITY"", ""WF_PIPELINE_STAGE_STATE"", ""WF_PRICE_INGESTION"", ""WF_PRICE_SERIES_VERSION"", ""WF_RANKING_LEGACY_REPLACEMENT"", ""WF_RANKING_PERSISTENCE"", ""WF_REGIME_SNAPSHOT"", ""WF_SECTOR_SNAPSHOT"", ""WF_SEC_DOCUMENT_SOURCE"", ""WF_SEC_INCREMENTAL_IDENTITY"", ""WF_TECHNICAL_FEATURE_CACHE"", ""WF_TECHNICAL_FINALIZATION"", ""WF_WINNER_MARKET_DATA_OBLIGATION""]",
EF_431a8947c0b31cbf,T14B_ADOPTION,"Concrete native arguments and decorators retained. Direct invocation and current/ambient delivery are exposed as a potential authority variant, not assumed equivalent to certified pipeline delivery.",False,"db: Session, key: LocalArtifactKey, *, usage: Literal['active', 'shadow']='active'",SYNCHRONOUS_OR_ENQUEUE_NATIVE_OPERATION,[],DISCOVERED,T14B,"[""TECHNICAL""]",EF_431a8947c0b31cbf,"[""app/services/technical_artifact_cache.py:get_local_artifact""]",SERVICE_PUBLIC,"[""MAINTENANCE""]",Exact source signature and selector clauses are discovery evidence. Semantic authority/conditional dispatch review is not yet complete; this record is not a bypass assertion.,Mounted HTTP/registered handler/public service or explicit CLI; source address and signature retained.,[],SEMANTIC_ADOPTION_PENDING,False,da16fa255a71e34676928b64522bf73ba2150e6d3bb0378ee3c76d4642705e07,SEMANTIC_ADOPTION_PENDING,[],"[""WF_TECHNICAL_FEATURE_CACHE""]",
EF_43806b77d2f43fbe,T14D_ADOPTION,"Requires upload run; synchronously score_run_technicals(db,run_id), refresh_combined_results(db,run_id), then commit. No market_cutoff/pipeline_run_id is supplied by the route; native serving/evidence branches must remain distinct from full-pipeline delivery.",False,"run_id: int, db: DbSession",SYNCHRONOUS_NATIVE_REFRESH,"[""router.post('/runs/{run_id}/technicals/refresh')"", ""unsafe_route(ROUTE_CLASS_PUBLIC_LOCAL, reason='refreshes persisted technical scores')""]",DISCOVERED,T14D,"[""CERI"", ""COMBINED"", ""CURRENT_PROJECTION"", ""FUNDAMENTAL"", ""IBMI"", ""RANKING"", ""REGIME"", ""SECTOR"", ""TECHNICAL""]",EF_43806b77d2f43fbe,"[""app/routers/run_routes.py:refresh_technicals_action""]",HTTP,"[""CURRENT_RULES_RETROSPECTIVE""]",Finite initiator classification; existing native writer compliance is not replaced by route trust. Raw helper permutations may overapproximate conditional delivery.,Mounted HTTP/registered handler/public service or explicit CLI; source address and signature retained.,[],SEMANTIC_ADOPTION_PENDING,True,4ad74569b8e74b097ff49fd0a6d29a3c92de33e9816eb505dc0576b0f92dd98d,POTENTIAL_BYPASS,"[""T14B""]","[""WF_COMBINED_REFRESH"", ""WF_CORE_CURRENT_PROJECTION"", ""WF_CORE_RETAINED_EVIDENCE"", ""WF_TECHNICAL_FEATURE_CACHE"", ""WF_TECHNICAL_FINALIZATION""]",
EF_43e51c53a8544734,T14C_ADOPTION,"Concrete native arguments and decorators retained. Direct invocation and current/ambient delivery are exposed as a potential authority variant, not assumed equivalent to certified pipeline delivery.",False,"self, db: Session, alert: CeriAlertEvent",SYNCHRONOUS_OR_ENQUEUE_NATIVE_OPERATION,[],DISCOVERED,T14C,"[""CERI_ALERT""]",EF_43e51c53a8544734,"[""app/services/ceri/alert_service.py:CeriAlertService.acknowledge""]",SERVICE_PUBLIC,"[""MAINTENANCE""]",Exact source signature and selector clauses are discovery evidence. Semantic authority/conditional dispatch review is not yet complete; this record is not a bypass assertion.,Mounted HTTP/registered handler/public service or explicit CLI; source address and signature retained.,[],SEMANTIC_ADOPTION_PENDING,False,4af397c52731eb0195df7b1d3ba4079a2deb134e0630576e0ca25ffca9fbd0b8,SEMANTIC_ADOPTION_PENDING,[],"[""WF_CERI_ALERT_STATUS""]",
EF_4401e1a8a0cd2743,T14C_ADOPTION,"Concrete native arguments and decorators retained. Direct invocation and current/ambient delivery are exposed as a potential authority variant, not assumed equivalent to certified pipeline delivery.",False,"self, db: Session, *, outcome_definition: WinnerOutcomeDefinition, config: WinnerProbabilityConfig, observed_at: datetime | None=None, priority: int=100, enqueue_refresh: bool=True",SYNCHRONOUS_OR_ENQUEUE_NATIVE_OPERATION,[],DISCOVERED,T14C,"[""CONFIGURATION"", ""CURRENT_PROJECTION"", ""WINNER_COHORT"", ""WINNER_GENERATION""]",EF_4401e1a8a0cd2743,"[""app/services/winner_probability/cohort_refresh_planner.py:CohortRefreshPlanner.request_for_current_evidence""]",SERVICE_PUBLIC,"[""BOOTSTRAP"", ""CANONICAL_CALCULATION"", ""CURRENT_PROJECTION_ADVANCE""]",Exact source signature and selector clauses are discovery evidence. Semantic authority/conditional dispatch review is not yet complete; this record is not a bypass assertion.,Mounted HTTP/registered handler/public service or explicit CLI; source address and signature retained.,"[""def request_for_current_evidence("", ""advance = self.watermark_service.advance_to_current_material_evidence(""]",SEMANTIC_ADOPTION_PENDING,False,d7ab0becd34b1986295629b1d2636ce89473d1ab235cd7cb00a22c132997f321,SEMANTIC_ADOPTION_PENDING,"[""SUPPORTED_DISTINCT_SEMANTICS_NO_CHANGE""]","[""WF_CONFIGURATION_DELIVERY"", ""WF_WINNER_COHORT_DEFINITION"", ""WF_WINNER_COHORT_MATERIALIZATION"", ""WF_WINNER_EVIDENCE_MANIFEST"", ""WF_WINNER_GENERATION"", ""WF_WINNER_WATERMARK""]",
EF_446e95876ddd58c5,T14C_ADOPTION,"Concrete native arguments and decorators retained. Direct invocation and current/ambient delivery are exposed as a potential authority variant, not assumed equivalent to certified pipeline delivery.",False,"self, db: Session, *, cohort_key: CohortKey, outcome_definition: WinnerOutcomeDefinition | CohortOutcomeIdentity, config: WinnerProbabilityConfig",SYNCHRONOUS_OR_ENQUEUE_NATIVE_OPERATION,[],DISCOVERED,T14C,"[""WINNER_COHORT""]",EF_446e95876ddd58c5,"[""app/services/winner_probability/cohort_definition.py:CohortDefinitionService.ensure_definition""]",SERVICE_PUBLIC,"[""BOOTSTRAP""]",Exact source signature and selector clauses are discovery evidence. Semantic authority/conditional dispatch review is not yet complete; this record is not a bypass assertion.,Mounted HTTP/registered handler/public service or explicit CLI; source address and signature retained.,[],SEMANTIC_ADOPTION_PENDING,False,1d06840231dedebbb0bf1785ac7c0609719ff0d5db83bf5d37fe3b21080f549e,SEMANTIC_ADOPTION_PENDING,[],"[""WF_WINNER_COHORT_DEFINITION""]",
EF_44af811a1c6f79b6,T14D_ADOPTION,"Registered native handler through background_worker.execute_job: exact configuration anchor loading, configuration_delivery_scope and fence_domain_commits with job execution token. Payload source/temporal references and native writer-family algorithms remain domain specific. Shared contract adoption is T14B/C/D; no additional dependency is inferred.",False,"db: Session, job: BackgroundJob, *, cohort_refresh_service: WinnerCohortRefreshService | None=None",DURABLE_FENCED_NATIVE_DELIVERY,"[""anchored_job_configuration""]",DISCOVERED,T14D,"[""CONFIGURATION"", ""CURRENT_PROJECTION"", ""WINNER_COHORT"", ""WINNER_GENERATION""]",EF_44af811a1c6f79b6,"[""app/services/winner_probability/job_handlers.py:execute_cohort_refresh_job""]",DURABLE_JOB,"[""BOOTSTRAP"", ""CANONICAL_CALCULATION"", ""CURRENT_PROJECTION_ADVANCE""]","Classification covers registered worker dispatch; direct calls to the handler outside execute_job are separate direct-call variants, not certified by worker transport.",Mounted HTTP/registered handler/public service or explicit CLI; source address and signature retained.,"[""payload = job.payload_json or {}"", ""training_cutoff_at = ("", ""datetime.fromisoformat(str(payload[\""training_cutoff_at\""]))"", ""if payload.get(\""training_cutoff_at\"")"", ""config = load_winner_probability_config()"", ""training_cutoff_at=training_cutoff_at,""]",SEMANTIC_ADOPTION_PENDING,True,6648afb29b36f57bfe17a3eead0f5ef4a720f80e46be27310cb7f9ed7b5c87fd,DURABLE_JOB,"[""SUPPORTED_DISTINCT_SEMANTICS_NO_CHANGE"", ""T14C""]","[""WF_CONFIGURATION_DELIVERY"", ""WF_WINNER_COHORT_DEFINITION"", ""WF_WINNER_COHORT_MATERIALIZATION"", ""WF_WINNER_EVIDENCE_MANIFEST"", ""WF_WINNER_GENERATION"", ""WF_WINNER_WATERMARK""]",
EF_44e2b88da09c0be6,T14B_ADOPTION,"Concrete native arguments and decorators retained. Direct invocation and current/ambient delivery are exposed as a potential authority variant, not assumed equivalent to certified pipeline delivery.",False,"self, db: Session, *, document_id: int, content_hash: str, content_bytes: int",SYNCHRONOUS_OR_ENQUEUE_NATIVE_OPERATION,[],DISCOVERED,T14B,"[""CERI_SOURCE""]",EF_44e2b88da09c0be6,"[""app/services/ceri/sec/state_service.py:SecDocumentStateService.record_downloaded_content""]",SERVICE_PUBLIC,"[""CANONICAL_CALCULATION""]",Exact source signature and selector clauses are discovery evidence. Semantic authority/conditional dispatch review is not yet complete; this record is not a bypass assertion.,Mounted HTTP/registered handler/public service or explicit CLI; source address and signature retained.,[],SEMANTIC_ADOPTION_PENDING,False,2888f0bacb17ab799e0d17704986206a61cb08b5e0981473c7b5b7fac55f543d,SEMANTIC_ADOPTION_PENDING,[],"[""WF_SEC_DOCUMENT_SOURCE""]",
EF_45b828a8ba71d319,T14D_ADOPTION,"Mounted mutating route initiates the native named operation via durable enqueue/service submit. Configuration anchor is resolved at enqueue; worker execute_job supplies retained delivery and execution fence. Concrete arguments/selectors are retained below; domain calculation is owned by the listed native writer families, not by the route.",False,"request: Request, db: DbSession, outcome_definition_id: str | None=None",SYNCHRONOUS_OR_ENQUEUE_NATIVE_OPERATION,"[""router.post('/api/winner-probability/cohorts/refresh')"", ""unsafe_route(ROUTE_CLASS_LOCAL_ADMIN, reason='queues winner-probability cohort rebuild', local_admin_required=True)""]",DISCOVERED,T14D,"[""CONFIGURATION"", ""CURRENT_PROJECTION"", ""WINNER_COHORT"", ""WINNER_GENERATION""]",EF_45b828a8ba71d319,"[""app/routers/winner_probability_routes.py:queue_winner_cohort_refresh""]",HTTP,"[""BOOTSTRAP""]",Finite initiator classification; existing native writer compliance is not replaced by route trust. Raw helper permutations may overapproximate conditional delivery.,Mounted HTTP/registered handler/public service or explicit CLI; source address and signature retained.,[],SEMANTIC_ADOPTION_PENDING,True,45075a7db6bbea9aeeff4c13e64fe2b1dd37cbb36d2f342b93e03b15953af12a,DURABLE_NATIVE_ENQUEUE,"[""SUPPORTED_DISTINCT_SEMANTICS_NO_CHANGE"", ""T14C""]","[""WF_CONFIGURATION_DELIVERY"", ""WF_WINNER_COHORT_DEFINITION"", ""WF_WINNER_COHORT_MATERIALIZATION"", ""WF_WINNER_EVIDENCE_MANIFEST"", ""WF_WINNER_GENERATION"", ""WF_WINNER_WATERMARK""]",
EF_45c95cae4cabbaf8,T14D_ADOPTION,"Registered native handler through background_worker.execute_job: exact configuration anchor loading, configuration_delivery_scope and fence_domain_commits with job execution token. Payload source/temporal references and native writer-family algorithms remain domain specific. Shared contract adoption is T14B/C/D; no additional dependency is inferred.",False,"db: Session, job: BackgroundJob, *, evaluation_service: SetupLifecycleEvaluationService | None=None",DURABLE_FENCED_NATIVE_DELIVERY,"[""anchored_job_configuration""]",DISCOVERED,T14D,"[""ALERT_DECISION"", ""CERI"", ""COMBINED"", ""CONFIGURATION"", ""CURRENT_PROJECTION"", ""FUNDAMENTAL"", ""IBMI"", ""LIFECYCLE_EVALUATION"", ""LIFECYCLE_TRANSITION"", ""RANKING"", ""REGIME"", ""SECTOR"", ""SETUP"", ""TECHNICAL""]",EF_45c95cae4cabbaf8,"[""app/services/setup_lifecycle/job_handlers.py:execute_evaluate_run_job""]",DURABLE_JOB,"[""BOOTSTRAP"", ""CANONICAL_CALCULATION"", ""CURRENT_PROJECTION_ADVANCE""]","Classification covers registered worker dispatch; direct calls to the handler outside execute_job are separate direct-call variants, not certified by worker transport.",Mounted HTTP/registered handler/public service or explicit CLI; source address and signature retained.,"[""run_id = _required_int(job.payload_json or {}, \""run_id\"")"", ""requester=(job.payload_json or {}).get(\""requester\""),""]",SEMANTIC_ADOPTION_PENDING,True,1da2ddadf14cfd178ed5eaf89e7e3560a4b9d763af9d2db29025bbb821226006,DURABLE_JOB,"[""T14B"", ""T14C""]","[""WF_CORE_CURRENT_PROJECTION"", ""WF_CORE_RETAINED_EVIDENCE"", ""WF_LIFECYCLE_EPISODE"", ""WF_LIFECYCLE_EVALUATION_EVIDENCE"", ""WF_LIFECYCLE_TRANSITION_EVIDENCE"", ""WF_SETUP_ALERT_EVENT_STATE"", ""WF_SETUP_ALERT_RULE_BOOTSTRAP"", ""WF_SETUP_ALERT_RULE_EVIDENCE"", ""WF_SETUP_ALERT_RULE_STATE"", ""WF_SETUP_CHANGE_EVENT_STATE"", ""WF_SETUP_CURRENT_SELECTION"", ""WF_SETUP_DECISION_EVIDENCE"", ""WF_SETUP_EVALUATION_RUN_STATE"", ""WF_SETUP_PERSISTENCE"", ""WF_SETUP_TRANSITION_EVENT_STATE"", ""WF_SETUP_TYPED_REPOSITORY""]",
EF_476d24112b2ecdd5,T14D_ADOPTION,"Mounted mutating route initiates the native named operation via durable enqueue/service submit. Configuration anchor is resolved at enqueue; worker execute_job supplies retained delivery and execution fence. Concrete arguments/selectors are retained below; domain calculation is owned by the listed native writer families, not by the route.",False,"db: DbSession, payload: MarketDataPrewarmBody=DEFAULT_PREWARM_BODY",SYNCHRONOUS_OR_ENQUEUE_NATIVE_OPERATION,"[""router.post('/prewarm')"", ""unsafe_route(ROUTE_CLASS_PUBLIC_LOCAL, reason='queues a local read-only market-data prewarm')""]",DISCOVERED,T14D,"[""CONFIGURATION"", ""IBMI_SOURCE"", ""PRICE""]",EF_476d24112b2ecdd5,"[""app/routers/market_data_routes.py:queue_market_data_prewarm""]",HTTP,"[""BOOTSTRAP""]",Finite initiator classification; existing native writer compliance is not replaced by route trust. Raw helper permutations may overapproximate conditional delivery.,Mounted HTTP/registered handler/public service or explicit CLI; source address and signature retained.,[],SEMANTIC_ADOPTION_PENDING,True,fcbfcb9d4c63cfcb1fe8138dfe334f4b20e7cd6c4aa50484fdda67811fd4ea27,DURABLE_NATIVE_ENQUEUE,"[""SUPPORTED_DISTINCT_SEMANTICS_NO_CHANGE"", ""T14B"", ""T14C""]","[""WF_CONFIGURATION_DELIVERY"", ""WF_IB_CONTRACT_IDENTITY"", ""WF_PRICE_INGESTION"", ""WF_PRICE_SERIES_VERSION"", ""WF_WINNER_MARKET_DATA_OBLIGATION""]",
EF_47b620eb610ed3cd,T14D_ADOPTION,"Concrete native arguments and decorators retained. Direct invocation and current/ambient delivery are exposed as a potential authority variant, not assumed equivalent to certified pipeline delivery.",False,,SYNCHRONOUS_OR_ENQUEUE_NATIVE_OPERATION,[],DISCOVERED,T14D,"[""CURRENT_PROJECTION"", ""WINNER_COHORT"", ""WINNER_GENERATION""]",EF_47b620eb610ed3cd,"[""scripts/winner_clean_reconstruction.py:main""]",CLI,"[""BOOTSTRAP"", ""CANONICAL_CALCULATION"", ""CURRENT_PROJECTION_ADVANCE"", ""CURRENT_RULES_RETROSPECTIVE""]",Exact source signature and selector clauses are discovery evidence. Semantic authority/conditional dispatch review is not yet complete; this record is not a bypass assertion.,Mounted HTTP/registered handler/public service or explicit CLI; source address and signature retained.,[],SEMANTIC_ADOPTION_PENDING,False,77f8794b846d4a99ea1f612430eacd335c0cd1eaa68f0bce0c01eaf6a324cb30,SEMANTIC_ADOPTION_PENDING,"[""T14C""]","[""WF_WINNER_COHORT_DEFINITION"", ""WF_WINNER_COHORT_MATERIALIZATION"", ""WF_WINNER_CURRENT_RULE_RECONSTRUCTION"", ""WF_WINNER_EVIDENCE_MANIFEST"", ""WF_WINNER_GENERATION"", ""WF_WINNER_WATERMARK""]",
EF_48bd32bb045bb8b9,T14C_ADOPTION,"Concrete native arguments and decorators retained. Direct invocation and current/ambient delivery are exposed as a potential authority variant, not assumed equivalent to certified pipeline delivery.",False,"self, evaluation_run: SetupLifecycleEvaluationRun, counts: dict[str, int]",SYNCHRONOUS_OR_ENQUEUE_NATIVE_OPERATION,[],DISCOVERED,T14C,"[""LIFECYCLE_EVALUATION""]",EF_48bd32bb045bb8b9,"[""app/services/setup_lifecycle/repository.py:SetupLifecycleRepository.apply_evaluation_counts""]",SERVICE_PUBLIC,"[""CANONICAL_CALCULATION""]",Exact source signature and selector clauses are discovery evidence. Semantic authority/conditional dispatch review is not yet complete; this record is not a bypass assertion.,Mounted HTTP/registered handler/public service or explicit CLI; source address and signature retained.,[],SEMANTIC_ADOPTION_PENDING,False,fbe61b3f69359337c6100dd7148dfc3c6c65f1255fcf7781b8672c9cdb016925,SEMANTIC_ADOPTION_PENDING,[],"[""WF_SETUP_EVALUATION_RUN_STATE""]",
EF_4a7754d23dd80087,T14C_ADOPTION,"Concrete native arguments and decorators retained. Direct invocation and current/ambient delivery are exposed as a potential authority variant, not assumed equivalent to certified pipeline delivery.",False,"db, rule: SignalAlertRule",SYNCHRONOUS_OR_ENQUEUE_NATIVE_OPERATION,[],DISCOVERED,T14C,"[""ALERT_DECISION""]",EF_4a7754d23dd80087,"[""app/services/setup_lifecycle/decision_evidence.py:persist_alert_rule_evidence""]",SERVICE_PUBLIC,"[""CANONICAL_CALCULATION""]",Exact source signature and selector clauses are discovery evidence. Semantic authority/conditional dispatch review is not yet complete; this record is not a bypass assertion.,Mounted HTTP/registered handler/public service or explicit CLI; source address and signature retained.,"[""payload_json=payload,"", ""payload_fingerprint=fingerprint,""]",SEMANTIC_ADOPTION_PENDING,False,4f804141b9540e0081a3ed377e6c1ee4db972888c43eec6fa1bf99d0f1d2c9fd,SEMANTIC_ADOPTION_PENDING,[],"[""WF_SETUP_ALERT_RULE_EVIDENCE""]",
EF_4ab938a993a4d853,T14D_ADOPTION,"Concrete native arguments and decorators retained. Direct invocation and current/ambient delivery are exposed as a potential authority variant, not assumed equivalent to certified pipeline delivery.",False,"self, db: Session, *, revision: CeriCatalystEventRevision, prior_revision: CeriCatalystEventRevision | None=None, company_id: int, scope: str='daily_change_feed'",SYNCHRONOUS_OR_ENQUEUE_NATIVE_OPERATION,"[""anchored_decision_calculator""]",DISCOVERED,T14D,"[""CERI_CHANGE""]",EF_4ab938a993a4d853,"[""app/services/ceri/change_detection_service.py:CeriChangeDetectionService.detect_catalyst_revision""]",SERVICE_PUBLIC,"[""CANONICAL_CALCULATION""]",Exact source signature and selector clauses are discovery evidence. Semantic authority/conditional dispatch review is not yet complete; this record is not a bypass assertion.,Mounted HTTP/registered handler/public service or explicit CLI; source address and signature retained.,[],SEMANTIC_ADOPTION_PENDING,False,1c368f6ca1c1b714ce5d9217d86a9c7fa980c8e9ea6a2670b881fb7f79de3465,SEMANTIC_ADOPTION_PENDING,"[""T14C""]","[""WF_CERI_CHANGE""]",
EF_4b57eb3e4ba3ac95,T14D_ADOPTION,"Registered native handler through background_worker.execute_job: exact configuration anchor loading, configuration_delivery_scope and fence_domain_commits with job execution token. Payload source/temporal references and native writer-family algorithms remain domain specific. Shared contract adoption is T14B/C/D; no additional dependency is inferred.",False,"db: Session, job: BackgroundJob, *, normalization_service: CeriNormalizationService | None=None",DURABLE_FENCED_NATIVE_DELIVERY,[],DISCOVERED,T14D,"[""CERI_SOURCE""]",EF_4b57eb3e4ba3ac95,"[""app/services/ceri/batched_job_handlers.py:execute_normalize_batch_job""]",DURABLE_JOB,"[""CANONICAL_CALCULATION"", ""MAINTENANCE""]","Classification covers registered worker dispatch; direct calls to the handler outside execute_job are separate direct-call variants, not certified by worker transport.",Mounted HTTP/registered handler/public service or explicit CLI; source address and signature retained.,"[""payload = job.payload_json or {}"", ""config = load_ceri_config()""]",SEMANTIC_ADOPTION_PENDING,True,fd5da628c07287e834fa932460852568e8c79ec9e27af7b4beacd9478f3d39c0,DURABLE_JOB,"[""T14B""]","[""WF_CERI_GUIDANCE_ELIGIBILITY"", ""WF_CERI_SOURCE_IDENTITY"", ""WF_CERI_SOURCE_NORMALIZATION""]",
EF_4dac4941b428441c,T14D_ADOPTION,"Concrete native arguments and decorators retained. Direct invocation and current/ambient delivery are exposed as a potential authority variant, not assumed equivalent to certified pipeline delivery.",False,"self, db, *, ticker: str, as_of_date: date | None=None, setup_family: str | None=None, evaluation_run_id: int | None=None",SYNCHRONOUS_OR_ENQUEUE_NATIVE_OPERATION,[],DISCOVERED,T14D,"[""ALERT_DECISION"", ""CERI"", ""COMBINED"", ""CURRENT_PROJECTION"", ""FUNDAMENTAL"", ""IBMI"", ""LIFECYCLE_EVALUATION"", ""LIFECYCLE_TRANSITION"", ""RANKING"", ""REGIME"", ""SECTOR"", ""SETUP"", ""TECHNICAL""]",EF_4dac4941b428441c,"[""app/services/setup_lifecycle/maintenance_service.py:SetupLifecycleMaintenanceService.repair_ticker""]",SERVICE_PUBLIC,"[""CANONICAL_CALCULATION"", ""CURRENT_PROJECTION_ADVANCE""]",Exact source signature and selector clauses are discovery evidence. Semantic authority/conditional dispatch review is not yet complete; this record is not a bypass assertion.,Mounted HTTP/registered handler/public service or explicit CLI; source address and signature retained.,[],SEMANTIC_ADOPTION_PENDING,False,24b93e45b9851c75ce5a0c37768bdca71af8c981c343f19ae5e14b6428f56015,SEMANTIC_ADOPTION_PENDING,"[""T14B"", ""T14C""]","[""WF_CORE_CURRENT_PROJECTION"", ""WF_CORE_RETAINED_EVIDENCE"", ""WF_LIFECYCLE_EPISODE"", ""WF_LIFECYCLE_EVALUATION_EVIDENCE"", ""WF_LIFECYCLE_TRANSITION_EVIDENCE"", ""WF_SETUP_ALERT_EVENT_STATE"", ""WF_SETUP_ALERT_RULE_EVIDENCE"", ""WF_SETUP_DECISION_EVIDENCE"", ""WF_SETUP_TRANSITION_EVENT_STATE"", ""WF_SETUP_TYPED_REPOSITORY""]",
EF_4e8e234f5820cedb,T14D_ADOPTION,"Registered native handler through background_worker.execute_job: exact configuration anchor loading, configuration_delivery_scope and fence_domain_commits with job execution token. Payload source/temporal references and native writer-family algorithms remain domain specific. Shared contract adoption is T14B/C/D; no additional dependency is inferred.",False,"db: Session, job: BackgroundJob, *, backfill_service: WinnerProbabilityBackfillService | None=None",DURABLE_FENCED_NATIVE_DELIVERY,"[""anchored_job_configuration""]",DISCOVERED,T14D,"[""PRICE"", ""WINNER_COHORT"", ""WINNER_ESTIMATE"", ""WINNER_OUTCOME"", ""WINNER_PREDICTION""]",EF_4e8e234f5820cedb,"[""app/services/winner_probability/job_handlers.py:execute_historical_backfill_job""]",DURABLE_JOB,"[""BOOTSTRAP"", ""CANONICAL_CALCULATION"", ""MAINTENANCE""]","Classification covers registered worker dispatch; direct calls to the handler outside execute_job are separate direct-call variants, not certified by worker transport.",Mounted HTTP/registered handler/public service or explicit CLI; source address and signature retained.,"[""payload = job.payload_json or {}"", ""decision_contexts = _decision_contexts(payload.get(\""decision_contexts\""))"", ""config = load_winner_probability_config()"", ""decision_contexts=decision_contexts,""]",SEMANTIC_ADOPTION_PENDING,True,6648afb29b36f57bfe17a3eead0f5ef4a720f80e46be27310cb7f9ed7b5c87fd,DURABLE_JOB,"[""T14C""]","[""WF_WINNER_CAPTURE_TRAINING_METADATA"", ""WF_WINNER_COHORT_DEFINITION"", ""WF_WINNER_EPISODE"", ""WF_WINNER_ESTIMATOR"", ""WF_WINNER_EVIDENCE_MANIFEST"", ""WF_WINNER_INLINE_COHORT"", ""WF_WINNER_MARKET_DATA_OBLIGATION"", ""WF_WINNER_PENDING_OUTCOME"", ""WF_WINNER_PREDICTION_CAPTURE"", ""WF_WINNER_TYPED_REPOSITORY""]",
EF_4ea88144f5371516,T14D_ADOPTION,Explicit native Sector rebuild for addressed run; standalone as-of/root resolver differs from supplied pipeline cutoff. Snapshot and constituent rows converge on native repository.,False,"run_id: int, db: DbSession",SYNCHRONOUS_OR_ENQUEUE_NATIVE_OPERATION,"[""router.post('/api/runs/{run_id}/sector-rotation/recalculate')"", ""unsafe_route(ROUTE_CLASS_PUBLIC_LOCAL, reason='recalculates persisted sector rotation snapshot')""]",DISCOVERED,T14D,"[""CERI"", ""COMBINED"", ""CURRENT_PROJECTION"", ""FUNDAMENTAL"", ""IBMI"", ""RANKING"", ""REGIME"", ""SECTOR"", ""TECHNICAL""]",EF_4ea88144f5371516,"[""app/routers/sector_rotation_routes.py:recalculate_run_sector_rotation_api""]",HTTP,"[""CURRENT_STATE_REPAIR""]",Finite initiator classification; existing native writer compliance is not replaced by route trust. Raw helper permutations may overapproximate conditional delivery.,Mounted HTTP/registered handler/public service or explicit CLI; source address and signature retained.,[],SEMANTIC_ADOPTION_PENDING,True,771ef65def7fd9b4063946d9faac39177ce1a082fe1fbf835c7af1ba668e696e,SECTOR_EXPLICIT_RECALCULATION,"[""T14B""]","[""WF_CORE_CURRENT_PROJECTION"", ""WF_CORE_RETAINED_EVIDENCE"", ""WF_SECTOR_SNAPSHOT""]",
EF_4f6bcd619acea809,T14C_ADOPTION,"Concrete native arguments and decorators retained. Direct invocation and current/ambient delivery are exposed as a potential authority variant, not assumed equivalent to certified pipeline delivery.",False,"self, db: Session, *, prediction: WinnerPredictionSnapshot, outcome_definition: WinnerOutcomeDefinition, neighbors: tuple[SimilarityNeighbor, ...], source_cutoff_at: datetime | None=None, cache_version: str=SIMILARITY_CACHE_VERSION",SYNCHRONOUS_OR_ENQUEUE_NATIVE_OPERATION,[],DISCOVERED,T14C,"[""WINNER_DIAGNOSTICS""]",EF_4f6bcd619acea809,"[""app/services/winner_probability/similarity_service.py:SimilarityService.persist_neighbors""]",SERVICE_PUBLIC,"[""CANONICAL_CALCULATION""]",Exact source signature and selector clauses are discovery evidence. Semantic authority/conditional dispatch review is not yet complete; this record is not a bypass assertion.,Mounted HTTP/registered handler/public service or explicit CLI; source address and signature retained.,"[""source_cutoff_at: datetime | None = None,"", ""source_cutoff_at = source_cutoff_at or prediction.source_data_cutoff_at"", ""source_cutoff_at=source_cutoff_at,""]",SEMANTIC_ADOPTION_PENDING,False,f5815ec98f821b53db847a5ab626771b3f6075f4347e1c609a94a480aae4b71a,SEMANTIC_ADOPTION_PENDING,[],"[""WF_WINNER_SIMILARITY""]",
EF_5088947f34107440,T14C_ADOPTION,"Concrete native arguments and decorators retained. Direct invocation and current/ambient delivery are exposed as a potential authority variant, not assumed equivalent to certified pipeline delivery.",False,"self, db, run_id: int, *, requester: str | None=None, should_cancel: Callable[[], bool] | None=None, capture_result: SnapshotCaptureResult | None=None, snapshot_ids: tuple[int, ...] | None=None, market_cutoff: MarketCalculationCutoff | None=None, pipeline_run_id: int | None=None",SYNCHRONOUS_OR_ENQUEUE_NATIVE_OPERATION,"[""anchored_decision_calculator""]",DISCOVERED,T14C,"[""ALERT_DECISION"", ""CERI"", ""COMBINED"", ""CONFIGURATION"", ""CURRENT_PROJECTION"", ""FUNDAMENTAL"", ""IBMI"", ""LIFECYCLE_EVALUATION"", ""LIFECYCLE_TRANSITION"", ""RANKING"", ""REGIME"", ""SECTOR"", ""SETUP"", ""TECHNICAL""]",EF_5088947f34107440,"[""app/services/setup_lifecycle/evaluation_service.py:SetupLifecycleEvaluationService.evaluate_run""]",SERVICE_PUBLIC,"[""BOOTSTRAP"", ""CANONICAL_CALCULATION"", ""CURRENT_PROJECTION_ADVANCE""]",Exact source signature and selector clauses are discovery evidence. Semantic authority/conditional dispatch review is not yet complete; this record is not a bypass assertion.,Mounted HTTP/registered handler/public service or explicit CLI; source address and signature retained.,"[""market_cutoff: MarketCalculationCutoff | None = None,"", ""market_cutoff = assert_pipeline_calculation_context("", ""upload_run_id=run_id,"", ""supplied_context=market_cutoff,"", ""market_cutoff=market_cutoff,"", ""market_cutoff=market_cutoff,"", ""current_phase=\""cancelled\"","", ""current_phase=\""failed\"","", ""current_phase=\""completed\"",""]",SEMANTIC_ADOPTION_PENDING,False,4abac7c2d6ae611887f4d199e999f364b6ef38e317f27ffdc23e974e457dfc17,SEMANTIC_ADOPTION_PENDING,"[""T14B""]","[""WF_CORE_CURRENT_PROJECTION"", ""WF_CORE_RETAINED_EVIDENCE"", ""WF_LIFECYCLE_EPISODE"", ""WF_LIFECYCLE_EVALUATION_EVIDENCE"", ""WF_LIFECYCLE_TRANSITION_EVIDENCE"", ""WF_SETUP_ALERT_EVENT_STATE"", ""WF_SETUP_ALERT_RULE_BOOTSTRAP"", ""WF_SETUP_ALERT_RULE_EVIDENCE"", ""WF_SETUP_ALERT_RULE_STATE"", ""WF_SETUP_CHANGE_EVENT_STATE"", ""WF_SETUP_CURRENT_SELECTION"", ""WF_SETUP_DECISION_EVIDENCE"", ""WF_SETUP_EVALUATION_RUN_STATE"", ""WF_SETUP_PERSISTENCE"", ""WF_SETUP_TRANSITION_EVENT_STATE"", ""WF_SETUP_TYPED_REPOSITORY""]",
EF_51bfaf224a5cb9ee,T14D_ADOPTION,"Concrete native arguments and decorators retained. Direct invocation and current/ambient delivery are exposed as a potential authority variant, not assumed equivalent to certified pipeline delivery.",False,"self, db, *, ticker: str | None=None, date_from: date | None=None, date_to: date | None=None",SYNCHRONOUS_OR_ENQUEUE_NATIVE_OPERATION,[],DISCOVERED,T14D,"[""ALERT_DECISION"", ""CONFIGURATION"", ""LIFECYCLE_EVALUATION"", ""LIFECYCLE_TRANSITION"", ""SETUP""]",EF_51bfaf224a5cb9ee,"[""app/services/setup_lifecycle/maintenance_service.py:SetupLifecycleMaintenanceService.rebuild_alerts""]",SERVICE_PUBLIC,"[""BOOTSTRAP"", ""CANONICAL_CALCULATION""]",Exact source signature and selector clauses are discovery evidence. Semantic authority/conditional dispatch review is not yet complete; this record is not a bypass assertion.,Mounted HTTP/registered handler/public service or explicit CLI; source address and signature retained.,[],SEMANTIC_ADOPTION_PENDING,False,24b93e45b9851c75ce5a0c37768bdca71af8c981c343f19ae5e14b6428f56015,SEMANTIC_ADOPTION_PENDING,"[""T14C""]","[""WF_SETUP_ALERT_EVENT_STATE"", ""WF_SETUP_ALERT_RULE_BOOTSTRAP"", ""WF_SETUP_ALERT_RULE_EVIDENCE"", ""WF_SETUP_ALERT_RULE_STATE"", ""WF_SETUP_DECISION_EVIDENCE"", ""WF_SETUP_TYPED_REPOSITORY""]",
EF_538276c91abb138c,T14B_ADOPTION,"Concrete native arguments and decorators retained. Direct invocation and current/ambient delivery are exposed as a potential authority variant, not assumed equivalent to certified pipeline delivery.",False,"self, earnings: CeriEarningsActual, estimates: list[CeriEstimateSnapshot]",SYNCHRONOUS_OR_ENQUEUE_NATIVE_OPERATION,[],DISCOVERED,T14B,"[""CERI_SOURCE""]",EF_538276c91abb138c,"[""app/services/ceri/surprise_feature_service.py:CeriSurpriseFeatureService.attach_consensus_snapshot""]",SERVICE_PUBLIC,"[""MAINTENANCE""]",Exact source signature and selector clauses are discovery evidence. Semantic authority/conditional dispatch review is not yet complete; this record is not a bypass assertion.,Mounted HTTP/registered handler/public service or explicit CLI; source address and signature retained.,"[""earnings.consensus_selection_reason = \""latest_consensus_before_report_at\""""]",SEMANTIC_ADOPTION_PENDING,False,69faa836dcc2fbbdb97952e5a86a8b696ae81b941e85789891c2ab874f0ca5eb,SEMANTIC_ADOPTION_PENDING,[],"[""WF_CERI_CONSENSUS_ATTACH""]",
EF_539de8ba1f139e53,T14D_ADOPTION,"Concrete native arguments and decorators retained. Direct invocation and current/ambient delivery are exposed as a potential authority variant, not assumed equivalent to certified pipeline delivery.",False,"db, job, error, failure",SYNCHRONOUS_OR_ENQUEUE_NATIVE_OPERATION,[],DISCOVERED,T14D,"[""PIPELINE""]",EF_539de8ba1f139e53,"[""app/services/ceri/sec/readiness_repair.py:mark_sec_repair_failure""]",SERVICE_PUBLIC,"[""CURRENT_STATE_REPAIR""]",Exact source signature and selector clauses are discovery evidence. Semantic authority/conditional dispatch review is not yet complete; this record is not a bypass assertion.,Mounted HTTP/registered handler/public service or explicit CLI; source address and signature retained.,"[""target = pipeline.current_step or \""VALIDATING_RUN\""""]",SEMANTIC_ADOPTION_PENDING,False,0c8d4fa417cb5563fe3bc6a1c644ff81b1102690a75c49850d659104d51f718a,SEMANTIC_ADOPTION_PENDING,[],"[""WF_SEC_PIPELINE_READINESS_REPAIR""]",
EF_53e5ff53b1c5e6dd,T14C_ADOPTION,"Concrete native arguments and decorators retained. Direct invocation and current/ambient delivery are exposed as a potential authority variant, not assumed equivalent to certified pipeline delivery.",False,"self, db: Session, items: list[tuple[SetupSignalSnapshot, str, dict[str, Any]]]",SYNCHRONOUS_OR_ENQUEUE_NATIVE_OPERATION,[],DISCOVERED,T14C,"[""CURRENT_PROJECTION"", ""SETUP""]",EF_53e5ff53b1c5e6dd,"[""app/services/setup_lifecycle/repository.py:SetupLifecycleRepository.record_snapshot_canonical_decisions""]",SERVICE_PUBLIC,"[""CURRENT_PROJECTION_ADVANCE""]",Exact source signature and selector clauses are discovery evidence. Semantic authority/conditional dispatch review is not yet complete; this record is not a bypass assertion.,Mounted HTTP/registered handler/public service or explicit CLI; source address and signature retained.,[],SEMANTIC_ADOPTION_PENDING,False,fbe61b3f69359337c6100dd7148dfc3c6c65f1255fcf7781b8672c9cdb016925,SEMANTIC_ADOPTION_PENDING,[],"[""WF_SETUP_CURRENT_SELECTION""]",
EF_552e27976095f9b4,T14C_ADOPTION,"Concrete native arguments and decorators retained. Direct invocation and current/ambient delivery are exposed as a potential authority variant, not assumed equivalent to certified pipeline delivery.",False,"self, db: Session, alert: CeriAlertEvent",SYNCHRONOUS_OR_ENQUEUE_NATIVE_OPERATION,[],DISCOVERED,T14C,"[""CERI_ALERT""]",EF_552e27976095f9b4,"[""app/services/ceri/alert_service.py:CeriAlertService.dismiss""]",SERVICE_PUBLIC,"[""MAINTENANCE""]",Exact source signature and selector clauses are discovery evidence. Semantic authority/conditional dispatch review is not yet complete; this record is not a bypass assertion.,Mounted HTTP/registered handler/public service or explicit CLI; source address and signature retained.,[],SEMANTIC_ADOPTION_PENDING,False,4af397c52731eb0195df7b1d3ba4079a2deb134e0630576e0ca25ffca9fbd0b8,SEMANTIC_ADOPTION_PENDING,[],"[""WF_CERI_ALERT_STATUS""]",
EF_567aa492a5f39941,T14C_ADOPTION,"Concrete native arguments and decorators retained. Direct invocation and current/ambient delivery are exposed as a potential authority variant, not assumed equivalent to certified pipeline delivery.",False,"self, db: Session, event: SignalChangeEvent",SYNCHRONOUS_OR_ENQUEUE_NATIVE_OPERATION,[],DISCOVERED,T14C,"[""ALERT_DECISION"", ""LIFECYCLE_EVALUATION"", ""LIFECYCLE_TRANSITION"", ""SETUP""]",EF_567aa492a5f39941,"[""app/services/setup_lifecycle/repository.py:SetupLifecycleRepository.add_signal_change_event""]",SERVICE_PUBLIC,"[""CANONICAL_CALCULATION""]",Exact source signature and selector clauses are discovery evidence. Semantic authority/conditional dispatch review is not yet complete; this record is not a bypass assertion.,Mounted HTTP/registered handler/public service or explicit CLI; source address and signature retained.,[],SEMANTIC_ADOPTION_PENDING,False,fbe61b3f69359337c6100dd7148dfc3c6c65f1255fcf7781b8672c9cdb016925,SEMANTIC_ADOPTION_PENDING,[],"[""WF_SETUP_CHANGE_EVENT_STATE"", ""WF_SETUP_TYPED_REPOSITORY""]",
EF_57005fc921eb55e1,T14D_ADOPTION,"Concrete native arguments and decorators retained. Direct invocation and current/ambient delivery are exposed as a potential authority variant, not assumed equivalent to certified pipeline delivery.",False,,SYNCHRONOUS_OR_ENQUEUE_NATIVE_OPERATION,[],DISCOVERED,T14D,"[""CERI_SOURCE""]",EF_57005fc921eb55e1,"[""scripts/profile_sec_performance.py:main""]",CLI,"[""CANONICAL_CALCULATION"", ""MAINTENANCE""]",Exact source signature and selector clauses are discovery evidence. Semantic authority/conditional dispatch review is not yet complete; this record is not a bypass assertion.,Mounted HTTP/registered handler/public service or explicit CLI; source address and signature retained.,"[""\""runtime_configuration\"": runtime,"", ""\""current_sec_detailed_telemetry\"": False,""]",SEMANTIC_ADOPTION_PENDING,False,e4eeb4bdebde6907c861f8f6acf3b9b08c8ab8c54936070e69029e9ad7165b1e,SEMANTIC_ADOPTION_PENDING,"[""T14B""]","[""WF_CERI_RAW_SOURCE"", ""WF_SEC_DOCUMENT_SOURCE"", ""WF_SEC_INCREMENTAL_IDENTITY""]",
EF_5748a18c40645191,T14D_ADOPTION,"Synchronous addressed run: refresh_all_ranking_profiles(db,run_id), then commit. Current profile/rule resolution and native sealed-versus-legacy persistence are delegated to Ranking. No durable job or owning pipeline cutoff is supplied by this route.",False,"run_id: int, db: DbSession, redirect: bool=False",SYNCHRONOUS_NATIVE_REFRESH,"[""router.post('/runs/{run_id}/rankings/refresh', response_model=None)"", ""unsafe_route(ROUTE_CLASS_PUBLIC_LOCAL, reason='refreshes persisted ranking profiles')""]",DISCOVERED,T14D,"[""CERI"", ""COMBINED"", ""CURRENT_PROJECTION"", ""FUNDAMENTAL"", ""IBMI"", ""RANKING"", ""REGIME"", ""SECTOR"", ""TECHNICAL""]",EF_5748a18c40645191,"[""app/routers/run_routes.py:refresh_all_ranking_profiles_action""]",HTTP,"[""CURRENT_RULES_RETROSPECTIVE""]",Finite initiator classification; existing native writer compliance is not replaced by route trust. Raw helper permutations may overapproximate conditional delivery.,Mounted HTTP/registered handler/public service or explicit CLI; source address and signature retained.,[],SEMANTIC_ADOPTION_PENDING,True,4ad74569b8e74b097ff49fd0a6d29a3c92de33e9816eb505dc0576b0f92dd98d,POTENTIAL_BYPASS,"[""T14B""]","[""WF_CORE_CURRENT_PROJECTION"", ""WF_CORE_RETAINED_EVIDENCE"", ""WF_RANKING_LEGACY_REPLACEMENT"", ""WF_RANKING_PERSISTENCE""]",
EF_57e42943795f68d5,T14D_ADOPTION,"Concrete native arguments and decorators retained. Direct invocation and current/ambient delivery are exposed as a potential authority variant, not assumed equivalent to certified pipeline delivery.",False,"self, db: Session, request: CeriBackfillRequest",SYNCHRONOUS_OR_ENQUEUE_NATIVE_OPERATION,[],DISCOVERED,T14D,"[""CERI_SOURCE""]",EF_57e42943795f68d5,"[""app/services/ceri/backfill_service.py:CeriBackfillService.run""]",SERVICE_PUBLIC,"[""CANONICAL_CALCULATION"", ""MAINTENANCE""]",Exact source signature and selector clauses are discovery evidence. Semantic authority/conditional dispatch review is not yet complete; this record is not a bypass assertion.,Mounted HTTP/registered handler/public service or explicit CLI; source address and signature retained.,[],SEMANTIC_ADOPTION_PENDING,False,3970f19c6d4dbb28d64b4c114dcf41d62c56fb574c92b084df739da605c0386a,SEMANTIC_ADOPTION_PENDING,"[""T14B""]","[""WF_CERI_CONSENSUS_ATTACH"", ""WF_CERI_FEATURE_BUILD"", ""WF_CERI_GUIDANCE_ELIGIBILITY"", ""WF_CERI_RAW_SOURCE"", ""WF_CERI_REVISION_FEATURE"", ""WF_CERI_SOURCE_IDENTITY"", ""WF_CERI_SOURCE_NORMALIZATION"", ""WF_SEC_DOCUMENT_SOURCE"", ""WF_SEC_INCREMENTAL_IDENTITY""]",
EF_5acf98114588686d,T14B_ADOPTION,"Concrete native arguments and decorators retained. Direct invocation and current/ambient delivery are exposed as a potential authority variant, not assumed equivalent to certified pipeline delivery.",False,"self, db: Session, identity: SecDocumentIdentity",SYNCHRONOUS_OR_ENQUEUE_NATIVE_OPERATION,[],DISCOVERED,T14B,"[""CERI_SOURCE""]",EF_5acf98114588686d,"[""app/services/ceri/sec/state_service.py:SecDocumentStateService.register_document""]",SERVICE_PUBLIC,"[""CANONICAL_CALCULATION""]",Exact source signature and selector clauses are discovery evidence. Semantic authority/conditional dispatch review is not yet complete; this record is not a bypass assertion.,Mounted HTTP/registered handler/public service or explicit CLI; source address and signature retained.,[],SEMANTIC_ADOPTION_PENDING,False,2888f0bacb17ab799e0d17704986206a61cb08b5e0981473c7b5b7fac55f543d,SEMANTIC_ADOPTION_PENDING,[],"[""WF_SEC_DOCUMENT_SOURCE""]",
EF_5b65c0a336085ec6,T14C_ADOPTION,"Concrete native arguments and decorators retained. Direct invocation and current/ambient delivery are exposed as a potential authority variant, not assumed equivalent to certified pipeline delivery.",False,"self, db: Session, *, prediction: WinnerPredictionSnapshot, outcome_definition: WinnerOutcomeDefinition, config: WinnerProbabilityConfig",SYNCHRONOUS_OR_ENQUEUE_NATIVE_OPERATION,[],DISCOVERED,T14C,"[""WINNER_COHORT"", ""WINNER_ESTIMATE""]",EF_5b65c0a336085ec6,"[""app/services/winner_probability/decision_time_estimate_service.py:DecisionTimeEstimateService.create_decision_time_estimate""]",SERVICE_PUBLIC,"[""BOOTSTRAP"", ""CANONICAL_CALCULATION""]",Exact source signature and selector clauses are discovery evidence. Semantic authority/conditional dispatch review is not yet complete; this record is not a bypass assertion.,Mounted HTTP/registered handler/public service or explicit CLI; source address and signature retained.,"[""training_cutoff_at=prediction.source_data_cutoff_at,""]",SEMANTIC_ADOPTION_PENDING,False,a56836f09b5ac30473dffadf5ddecfb4ae377b04d18d3b6ad1c406ad1cf1434c,SEMANTIC_ADOPTION_PENDING,[],"[""WF_WINNER_COHORT_DEFINITION"", ""WF_WINNER_ESTIMATOR"", ""WF_WINNER_EVIDENCE_MANIFEST"", ""WF_WINNER_INLINE_COHORT""]",
EF_5b7bff6206e3ab12,T14D_ADOPTION,"Mounted mutating route initiates the native named operation via durable enqueue/service submit. Configuration anchor is resolved at enqueue; worker execute_job supplies retained delivery and execution fence. Concrete arguments/selectors are retained below; domain calculation is owned by the listed native writer families, not by the route.",False,"request: Request, payload: HistogramJobRequest, db: DbSession",SYNCHRONOUS_OR_ENQUEUE_NATIVE_OPERATION,"[""router.post('/api/ib-intelligence/histogram/fetch')"", ""unsafe_route(ROUTE_CLASS_LOCAL_ADMIN, reason='queues read-only IB histogram requests', csrf_required=True, local_admin_required=True)""]",DISCOVERED,T14D,"[""CERI"", ""COMBINED"", ""CONFIGURATION"", ""CURRENT_PROJECTION"", ""FUNDAMENTAL"", ""IBMI"", ""IBMI_SOURCE"", ""RANKING"", ""REGIME"", ""SECTOR"", ""TECHNICAL""]",EF_5b7bff6206e3ab12,"[""app/routers/ib_market_intelligence_routes.py:queue_histogram""]",HTTP,"[""BOOTSTRAP""]",Finite initiator classification; existing native writer compliance is not replaced by route trust. Raw helper permutations may overapproximate conditional delivery.,Mounted HTTP/registered handler/public service or explicit CLI; source address and signature retained.,[],SEMANTIC_ADOPTION_PENDING,True,c9e7d034e0e72ae15a30ae165ea1f88faf9b6b8dd653e540e1755975dcbd38c3,DURABLE_NATIVE_ENQUEUE,"[""SUPPORTED_DISTINCT_SEMANTICS_NO_CHANGE"", ""T14B""]","[""WF_CONFIGURATION_DELIVERY"", ""WF_CORE_CURRENT_PROJECTION"", ""WF_CORE_RETAINED_EVIDENCE"", ""WF_IBMI_NATIVE_FEATURE"", ""WF_IB_CONTRACT_IDENTITY"", ""WF_IB_HISTOGRAM_SCANNER""]",
EF_5d82bf1f829e0378,T14D_ADOPTION,"Concrete native arguments and decorators retained. Direct invocation and current/ambient delivery are exposed as a potential authority variant, not assumed equivalent to certified pipeline delivery.",False,"db, job, failure",SYNCHRONOUS_OR_ENQUEUE_NATIVE_OPERATION,[],DISCOVERED,T14D,"[""PIPELINE""]",EF_5d82bf1f829e0378,"[""app/services/pipeline_service.py:mark_pipeline_job_failure""]",SERVICE_PUBLIC,"[""BOOTSTRAP""]",Exact source signature and selector clauses are discovery evidence. Semantic authority/conditional dispatch review is not yet complete; this record is not a bypass assertion.,Mounted HTTP/registered handler/public service or explicit CLI; source address and signature retained.,"[""target = pipeline.current_step or \""VALIDATING_RUN\""""]",SEMANTIC_ADOPTION_PENDING,False,82cf1c28c6f4ee72da8fce44e8530e1578451d5489f6066c69985d320a6d621b,SEMANTIC_ADOPTION_PENDING,[],"[""WF_PIPELINE_CONTROL""]",
EF_5ecffaf35b261ecd,T14C_ADOPTION,"Concrete native arguments and decorators retained. Direct invocation and current/ambient delivery are exposed as a potential authority variant, not assumed equivalent to certified pipeline delivery.",False,"self, db, run_id: int, *, evaluation_run: SetupLifecycleEvaluationRun | None=None, requester: str | None=None, finalize_evaluation_run: bool=True, market_cutoff=None",SYNCHRONOUS_OR_ENQUEUE_NATIVE_OPERATION,"[""anchored_decision_calculator""]",DISCOVERED,T14C,"[""ALERT_DECISION"", ""CERI"", ""COMBINED"", ""CURRENT_PROJECTION"", ""FUNDAMENTAL"", ""IBMI"", ""LIFECYCLE_EVALUATION"", ""LIFECYCLE_TRANSITION"", ""RANKING"", ""REGIME"", ""SECTOR"", ""SETUP"", ""TECHNICAL""]",EF_5ecffaf35b261ecd,"[""app/services/setup_lifecycle/snapshot_builder.py:SetupLifecycleSnapshotCaptureService.capture_snapshots_for_run""]",SERVICE_PUBLIC,"[""CANONICAL_CALCULATION"", ""CURRENT_PROJECTION_ADVANCE""]",Exact source signature and selector clauses are discovery evidence. Semantic authority/conditional dispatch review is not yet complete; this record is not a bypass assertion.,Mounted HTTP/registered handler/public service or explicit CLI; source address and signature retained.,"[""market_cutoff=None,"", ""if market_cutoff is None:"", ""run_context = self.loader.load_run_context(db, run_id)"", ""run_context = self.loader.load_run_context(db, run_id, market_cutoff=market_cutoff)"", ""current_phase=\""snapshot_load_failed\"","", ""built_rows = build_run_context_snapshots("", ""run_context,"", ""current_phase=\""snapshot_build_failed\"","", ""counts={\""read\"": len(run_context.tickers), \""failed\"": 1},"", ""if market_cutoff is not None:"", ""upload_run_id=run_id,"", ""market_cutoff=market_cutoff,"", ""(ticker_context, built, replace(built.dto, evaluation_run_id=evaluation_run.id))"", ""for ticker_context, built in built_rows"", ""persisted = batch_upsert(db, [dto for _context, _built, dto in prepared_rows])"", ""current_phase=\""snapshot_persist_failed\"","", ""counts={\""read\"": len(run_context.tickers), \""failed\"": 1},"", ""for index, (ticker_context, built, dto) in enumerate(prepared_rows):"", ""if dto.effective_configuration is not None:"", ""snapshot._effective_configuration = dto.effective_configuration"", ""warnings_by_ticker[ticker_context.ticker] = built.warnings"", ""errors_by_ticker[ticker_context.ticker] = str(exc)"", ""read=len(run_context.tickers),"", ""current_phase=\""snapshot_capture\"",""]",SEMANTIC_ADOPTION_PENDING,False,d9e0d3e587de5c86bd34517831741952ca78cb0a976c4b85df796a2d549f058b,SEMANTIC_ADOPTION_PENDING,"[""T14B""]","[""WF_CORE_CURRENT_PROJECTION"", ""WF_CORE_RETAINED_EVIDENCE"", ""WF_SETUP_EVALUATION_RUN_STATE"", ""WF_SETUP_PERSISTENCE"", ""WF_SETUP_TYPED_REPOSITORY""]",
EF_5f39587263ee923e,T14B_ADOPTION,"Concrete native arguments and decorators retained. Direct invocation and current/ambient delivery are exposed as a potential authority variant, not assumed equivalent to certified pipeline delivery.",False,"db: Session, *, content: str, query_type: str, query_id: str, reference_code: str | None, dry_run: bool=False, intelligence_run_id: int | None=None, now: datetime | None=None, report_timezone: str='UTC'",SYNCHRONOUS_OR_ENQUEUE_NATIVE_OPERATION,[],DISCOVERED,T14B,"[""TRADE_JOURNAL""]",EF_5f39587263ee923e,"[""app/services/ib_market_intelligence/flex.py:import_flex_report""]",SERVICE_PUBLIC,"[""CANONICAL_CALCULATION""]",Exact source signature and selector clauses are discovery evidence. Semantic authority/conditional dispatch review is not yet complete; this record is not a bypass assertion.,Mounted HTTP/registered handler/public service or explicit CLI; source address and signature retained.,"["".order_by(IBExecutionFill.id.desc())""]",SEMANTIC_ADOPTION_PENDING,False,9014f18190afe5f0cf6ea1fb2dc2716ca4546ff790bd1d9453977045661d1b1a,SEMANTIC_ADOPTION_PENDING,[],"[""WF_IB_FLEX_IMPORT""]",
EF_605087d3a0d9034a,T14D_ADOPTION,"Concrete native arguments and decorators retained. Direct invocation and current/ambient delivery are exposed as a potential authority variant, not assumed equivalent to certified pipeline delivery.",False,,SYNCHRONOUS_OR_ENQUEUE_NATIVE_OPERATION,[],DISCOVERED,T14D,"[""CERI"", ""COMBINED"", ""CURRENT_PROJECTION"", ""FUNDAMENTAL"", ""IBMI"", ""RANKING"", ""REGIME"", ""SECTOR"", ""TECHNICAL""]",EF_605087d3a0d9034a,"[""scripts/certify_technical_artifact_cache.py:main""]",CLI,"[""CANONICAL_CALCULATION"", ""CURRENT_PROJECTION_ADVANCE"", ""MAINTENANCE""]",Exact source signature and selector clauses are discovery evidence. Semantic authority/conditional dispatch review is not yet complete; this record is not a bypass assertion.,Mounted HTTP/registered handler/public service or explicit CLI; source address and signature retained.,[],SEMANTIC_ADOPTION_PENDING,False,8dcd14c064c2eea110b8cc755e2e28422c85e5abc975a0662eb0a8103fbd36b1,SEMANTIC_ADOPTION_PENDING,"[""T14B""]","[""WF_CORE_CURRENT_PROJECTION"", ""WF_CORE_RETAINED_EVIDENCE"", ""WF_TECHNICAL_FEATURE_CACHE"", ""WF_TECHNICAL_FINALIZATION""]",
EF_60948ade054ed19a,T14C_ADOPTION,"Concrete native arguments and decorators retained. Direct invocation and current/ambient delivery are exposed as a potential authority variant, not assumed equivalent to certified pipeline delivery.",False,"db, run_id: int, *, config: SetupLifecycleConfig | None=None, requester: str | None=None, market_cutoff=None",SYNCHRONOUS_OR_ENQUEUE_NATIVE_OPERATION,[],DISCOVERED,T14C,"[""ALERT_DECISION"", ""CERI"", ""COMBINED"", ""CURRENT_PROJECTION"", ""FUNDAMENTAL"", ""IBMI"", ""LIFECYCLE_EVALUATION"", ""LIFECYCLE_TRANSITION"", ""RANKING"", ""REGIME"", ""SECTOR"", ""SETUP"", ""TECHNICAL""]",EF_60948ade054ed19a,"[""app/services/setup_lifecycle/snapshot_builder.py:capture_snapshots_for_run""]",SERVICE_PUBLIC,"[""CANONICAL_CALCULATION"", ""CURRENT_PROJECTION_ADVANCE""]",Exact source signature and selector clauses are discovery evidence. Semantic authority/conditional dispatch review is not yet complete; this record is not a bypass assertion.,Mounted HTTP/registered handler/public service or explicit CLI; source address and signature retained.,"[""market_cutoff=None,"", ""market_cutoff=market_cutoff,""]",SEMANTIC_ADOPTION_PENDING,False,d9e0d3e587de5c86bd34517831741952ca78cb0a976c4b85df796a2d549f058b,SEMANTIC_ADOPTION_PENDING,"[""T14B""]","[""WF_CORE_CURRENT_PROJECTION"", ""WF_CORE_RETAINED_EVIDENCE"", ""WF_SETUP_EVALUATION_RUN_STATE"", ""WF_SETUP_PERSISTENCE"", ""WF_SETUP_TYPED_REPOSITORY""]",
EF_6277f667d9db5d08,T14D_ADOPTION,"Registered native handler through background_worker.execute_job: exact configuration anchor loading, configuration_delivery_scope and fence_domain_commits with job execution token. Payload source/temporal references and native writer-family algorithms remain domain specific. Shared contract adoption is T14B/C/D; no additional dependency is inferred.",False,"db: Session, job: BackgroundJob, *, capture_service: CeriRunCaptureService | None=None",DURABLE_FENCED_NATIVE_DELIVERY,"[""anchored_job_configuration""]",DISCOVERED,T14D,"[""CERI"", ""CERI_ALERT"", ""CERI_CHANGE"", ""CERI_SOURCE"", ""COMBINED"", ""CONFIGURATION"", ""CURRENT_PROJECTION"", ""FUNDAMENTAL"", ""IBMI"", ""RANKING"", ""REGIME"", ""SECTOR"", ""TECHNICAL""]",EF_6277f667d9db5d08,"[""app/services/ceri/job_handlers.py:execute_capture_run_job""]",DURABLE_JOB,"[""BOOTSTRAP"", ""CANONICAL_CALCULATION"", ""CURRENT_PROJECTION_ADVANCE"", ""MAINTENANCE""]","Classification covers registered worker dispatch; direct calls to the handler outside execute_job are separate direct-call variants, not certified by worker transport.",Mounted HTTP/registered handler/public service or explicit CLI; source address and signature retained.,"[""payload = job.payload_json or {}"", ""market_cutoff = None"", ""\""calculation_context_id\"","", ""\""cutoff_at\"","", ""\""Pipeline-owned CERI capture job is missing frozen context fields: \"""", ""market_cutoff = resolve_pipeline_market_context("", ""calculation_context_id=_optional_int(payload.get(\""calculation_context_id\"")),"", ""upload_run_id=run_id,"", ""expected_cutoff_at=_optional_datetime(payload.get(\""cutoff_at\"")),"", ""expected_latest_completed_session=_optional_date(payload.get(\""as_of_session\"")),"", ""capture.capture_run(db, run_id, market_cutoff=market_cutoff)"", ""if market_cutoff is not None""]",SEMANTIC_ADOPTION_PENDING,True,3a4a73bf3ebcf9389f9b0d5f6e9c362dd1e3e0f9531895c1cd8bd92e0fb98ee4,DURABLE_JOB,"[""SUPPORTED_DISTINCT_SEMANTICS_NO_CHANGE"", ""T14B"", ""T14C""]","[""WF_CERI_ALERT_CREATION"", ""WF_CERI_CHANGE"", ""WF_CERI_CONSENSUS_ATTACH"", ""WF_CERI_PRICE_RESPONSE"", ""WF_CERI_SCORE"", ""WF_CONFIGURATION_DELIVERY"", ""WF_CORE_CURRENT_PROJECTION"", ""WF_CORE_RETAINED_EVIDENCE""]",
EF_62e86ef307df87ac,T14C_ADOPTION,"Concrete native arguments and decorators retained. Direct invocation and current/ambient delivery are exposed as a potential authority variant, not assumed equivalent to certified pipeline delivery.",False,"self, db: Session, *, report: CalibrationReport, outcome_definition_id: int, estimate_kind: str, model_version_id: int | None=None, segment: dict[str, Any] | None=None",SYNCHRONOUS_OR_ENQUEUE_NATIVE_OPERATION,[],DISCOVERED,T14C,"[""WINNER_DIAGNOSTICS""]",EF_62e86ef307df87ac,"[""app/services/winner_probability/calibration_service.py:CalibrationService.persist_bins""]",SERVICE_PUBLIC,"[""CANONICAL_CALCULATION""]",Exact source signature and selector clauses are discovery evidence. Semantic authority/conditional dispatch review is not yet complete; this record is not a bypass assertion.,Mounted HTTP/registered handler/public service or explicit CLI; source address and signature retained.,[],SEMANTIC_ADOPTION_PENDING,False,9ca1969d8776f342b42f325792d5c40aa0eb5702be5054b689433a9a1922e20d,SEMANTIC_ADOPTION_PENDING,[],"[""WF_WINNER_CALIBRATION""]",
EF_633140182b79ba72,T14D_ADOPTION,"Concrete native arguments and decorators retained. Direct invocation and current/ambient delivery are exposed as a potential authority variant, not assumed equivalent to certified pipeline delivery.",False,"db: Session, run_id: int, *, market_cutoff: MarketCalculationCutoff | None=None",SYNCHRONOUS_OR_ENQUEUE_NATIVE_OPERATION,[],DISCOVERED,T14D,"[""CERI"", ""COMBINED"", ""CURRENT_PROJECTION"", ""FUNDAMENTAL"", ""IBMI"", ""RANKING"", ""REGIME"", ""SECTOR"", ""TECHNICAL""]",EF_633140182b79ba72,"[""app/services/pipeline_executor.py:build_market_regime_snapshot_for_run""]",SERVICE_PUBLIC,"[""CANONICAL_CALCULATION"", ""CURRENT_PROJECTION_ADVANCE""]",Exact source signature and selector clauses are discovery evidence. Semantic authority/conditional dispatch review is not yet complete; this record is not a bypass assertion.,Mounted HTTP/registered handler/public service or explicit CLI; source address and signature retained.,"[""market_cutoff: MarketCalculationCutoff | None = None,"", ""db, run_id=run_id, market_cutoff=market_cutoff""]",SEMANTIC_ADOPTION_PENDING,False,89b3e12adb753d36988b95be05a6fc8bb780738540627f0498c977c18fab9d80,SEMANTIC_ADOPTION_PENDING,"[""T14B""]","[""WF_CORE_CURRENT_PROJECTION"", ""WF_CORE_RETAINED_EVIDENCE"", ""WF_REGIME_SNAPSHOT""]",
EF_64159a91b7fd323b,T14D_ADOPTION,"Registered native handler through background_worker.execute_job: exact configuration anchor loading, configuration_delivery_scope and fence_domain_commits with job execution token. Payload source/temporal references and native writer-family algorithms remain domain specific. Shared contract adoption is T14B/C/D; no additional dependency is inferred.",False,"db: Session, job: BackgroundJob",DURABLE_FENCED_NATIVE_DELIVERY,[],DISCOVERED,T14D,"[""IBMI_SOURCE"", ""PRICE""]",EF_64159a91b7fd323b,"[""app/services/ib_fetch_job_service.py:execute_durable_fetch_job""]",DURABLE_JOB,"[""CANONICAL_CALCULATION"", ""MAINTENANCE""]","Classification covers registered worker dispatch; direct calls to the handler outside execute_job are separate direct-call variants, not certified by worker transport.",Mounted HTTP/registered handler/public service or explicit CLI; source address and signature retained.,"[""payload = job.payload_json or {}"", ""execution_token = str(job.execution_token or \""\"")"", ""execution_token=execution_token,"", ""execution_token=execution_token,""]",SEMANTIC_ADOPTION_PENDING,True,aa5ea2f88bb2154de8149cd00e0e3fde389914f4f143ba28c9d14f530405f6c0,DURABLE_JOB,"[""T14B"", ""T14C""]","[""WF_IB_CONTRACT_IDENTITY"", ""WF_PRICE_INGESTION"", ""WF_PRICE_SERIES_VERSION"", ""WF_WINNER_MARKET_DATA_OBLIGATION""]",
EF_6512999c3ff8e394,T14C_ADOPTION,"Concrete native arguments and decorators retained. Direct invocation and current/ambient delivery are exposed as a potential authority variant, not assumed equivalent to certified pipeline delivery.",False,"self, db: Session, *, mode: str, status: str, engine_version: str, config_version: str, config_hash: str, source_run_id: int | None=None, source_run_id_text: str | None=None, output_evaluation_version: str | None=None, date_from: date | None=None, date_to: date | None=None, ticker_scope: list[str] | None=None, requested_config: dict[str, Any] | None=None, dry_run: bool=False, requester: str | None=None",SYNCHRONOUS_OR_ENQUEUE_NATIVE_OPERATION,[],DISCOVERED,T14C,"[""ALERT_DECISION"", ""LIFECYCLE_EVALUATION"", ""LIFECYCLE_TRANSITION"", ""SETUP""]",EF_6512999c3ff8e394,"[""app/services/setup_lifecycle/repository.py:SetupLifecycleRepository.create_evaluation_run""]",SERVICE_PUBLIC,"[""CANONICAL_CALCULATION""]",Exact source signature and selector clauses are discovery evidence. Semantic authority/conditional dispatch review is not yet complete; this record is not a bypass assertion.,Mounted HTTP/registered handler/public service or explicit CLI; source address and signature retained.,[],SEMANTIC_ADOPTION_PENDING,False,fbe61b3f69359337c6100dd7148dfc3c6c65f1255fcf7781b8672c9cdb016925,SEMANTIC_ADOPTION_PENDING,[],"[""WF_SETUP_EVALUATION_RUN_STATE"", ""WF_SETUP_TYPED_REPOSITORY""]",
EF_65e0e20a4aabf36e,T14D_ADOPTION,"Concrete native arguments and decorators retained. Direct invocation and current/ambient delivery are exposed as a potential authority variant, not assumed equivalent to certified pipeline delivery.",False,,SYNCHRONOUS_OR_ENQUEUE_NATIVE_OPERATION,[],DISCOVERED,T14D,"[""ALERT_DECISION"", ""CERI"", ""COMBINED"", ""CONFIGURATION"", ""CURRENT_PROJECTION"", ""FUNDAMENTAL"", ""IBMI"", ""LIFECYCLE_EVALUATION"", ""LIFECYCLE_TRANSITION"", ""RANKING"", ""REGIME"", ""SECTOR"", ""SETUP"", ""TECHNICAL""]",EF_65e0e20a4aabf36e,"[""scripts/qa/rebuild_slse_dev_history.py:main""]",CLI,"[""BOOTSTRAP"", ""CANONICAL_CALCULATION"", ""CURRENT_PROJECTION_ADVANCE"", ""CURRENT_STATE_REPAIR""]",Exact source signature and selector clauses are discovery evidence. Semantic authority/conditional dispatch review is not yet complete; this record is not a bypass assertion.,Mounted HTTP/registered handler/public service or explicit CLI; source address and signature retained.,"[""config = load_setup_lifecycle_config()"", "".order_by(UploadRun.processed_at, UploadRun.id)""]",SEMANTIC_ADOPTION_PENDING,False,c88a866a52c7fadd88b6ca1af0c6c4f1213feb43ddec92ad97b706d059188d8a,SEMANTIC_ADOPTION_PENDING,"[""T14B"", ""T14C""]","[""WF_CORE_CURRENT_PROJECTION"", ""WF_CORE_RETAINED_EVIDENCE"", ""WF_LIFECYCLE_EPISODE"", ""WF_LIFECYCLE_EVALUATION_EVIDENCE"", ""WF_LIFECYCLE_TRANSITION_EVIDENCE"", ""WF_SETUP_ALERT_EVENT_STATE"", ""WF_SETUP_ALERT_RULE_BOOTSTRAP"", ""WF_SETUP_ALERT_RULE_EVIDENCE"", ""WF_SETUP_ALERT_RULE_STATE"", ""WF_SETUP_CHANGE_EVENT_STATE"", ""WF_SETUP_CURRENT_SELECTION"", ""WF_SETUP_DECISION_EVIDENCE"", ""WF_SETUP_DERIVED_PURGE"", ""WF_SETUP_EVALUATION_RUN_STATE"", ""WF_SETUP_PERSISTENCE"", ""WF_SETUP_TRANSITION_EVENT_STATE"", ""WF_SETUP_TYPED_REPOSITORY""]",
EF_693fab42d4a40d7d,T14D_ADOPTION,Queues default execute=False after removing preview_manifest_hash. Native preview writes audit/metrics; configuration enqueue anchors are business authority. Any supplied execute=True lacks the removed preview hash and fails before source lifecycle writes.,False,"request: Request, db: DbSession, payload: dict[str, Any] | None=None",SYNCHRONOUS_OR_ENQUEUE_NATIVE_OPERATION,"[""router.post('/api/ceri/purge/preview')"", ""unsafe_route(ROUTE_CLASS_LOCAL_ADMIN, reason='queues CERI licensed-data purge preview', csrf_required=True, local_admin_required=True)""]",DISCOVERED,T14D,"[""CONFIGURATION""]",EF_693fab42d4a40d7d,"[""app/routers/ceri_routes.py:preview_ceri_purge""]",HTTP,"[""MAINTENANCE""]",Finite initiator classification; existing native writer compliance is not replaced by route trust. Raw helper permutations may overapproximate conditional delivery.,Mounted HTTP/registered handler/public service or explicit CLI; source address and signature retained.,[],SEMANTIC_ADOPTION_PENDING,True,88bbc18dae640fecf768c487acbcf8fd5b1d632bfab3258602673e93c534ecd3,PURGE_PREVIEW_ENQUEUE,"[""SUPPORTED_DISTINCT_SEMANTICS_NO_CHANGE""]","[""WF_CONFIGURATION_DELIVERY""]","[""WF_CERI_ALERT_CREATION"", ""WF_CERI_CHANGE"", ""WF_CERI_CONSENSUS_ATTACH"", ""WF_CERI_FEATURE_BUILD"", ""WF_CERI_LICENSED_PURGE"", ""WF_CERI_PRICE_RESPONSE"", ""WF_CERI_REVISION_FEATURE"", ""WF_CERI_SCORE"", ""WF_CONFIGURATION_DELIVERY"", ""WF_CORE_CURRENT_PROJECTION"", ""WF_CORE_RETAINED_EVIDENCE""]"
EF_6954da3818e91504,SUPPORTED_DISTINCT_SEMANTICS,"Concrete native arguments and decorators retained. Direct invocation and current/ambient delivery are exposed as a potential authority variant, not assumed equivalent to certified pipeline delivery.",False,"db, configurations",SYNCHRONOUS_OR_ENQUEUE_NATIVE_OPERATION,[],DISCOVERED,SUPPORTED_DISTINCT_SEMANTICS,"[""CONFIGURATION""]",EF_6954da3818e91504,"[""app/services/configuration_delivery.py:persist_configuration_anchor""]",SERVICE_PUBLIC,"[""BOOTSTRAP""]",Exact source signature and selector clauses are discovery evidence. Semantic authority/conditional dispatch review is not yet complete; this record is not a bypass assertion.,Mounted HTTP/registered handler/public service or explicit CLI; source address and signature retained.,"[""def persist_configuration_anchor(db, configurations):"", ""if not isinstance(configurations, dict):"", ""configurations = {c.snapshot.family.namespace: c for c in configurations}"", ""snapshots = {c.snapshot.resolution_hash: c.snapshot for c in configurations.values()}"", ""payload_json=s.as_dict(),"", ""db.execute(insert(EffectiveConfigurationRecord).values(values).on_conflict_do_nothing())"", ""for key, config in configurations.items():"", ""\""configurations\"": references,"", ""insert(ExecutionConfigurationAnchor)"", ""payload_json=anchor,""]",SEMANTIC_ADOPTION_PENDING,False,cdb1765a5b3202300846c4020453a7642b194f51da3377b81052a01e772e3217,SEMANTIC_ADOPTION_PENDING,"[""SUPPORTED_DISTINCT_SEMANTICS_NO_CHANGE""]","[""WF_CONFIGURATION_DELIVERY""]",
EF_6ae0c3ce1aab2525,T14D_ADOPTION,"Synchronous addressed run/profile: refresh_ranking_profile(db,run_id,profile_name), then commit. Current profile/rule resolution is delegated to native Ranking; no durable enqueue or explicit owning pipeline cutoff.",False,"run_id: int, profile_name: str, db: DbSession",SYNCHRONOUS_NATIVE_REFRESH,"[""router.post('/runs/{run_id}/rankings/{profile_name}/refresh')"", ""unsafe_route(ROUTE_CLASS_PUBLIC_LOCAL, reason='refreshes one persisted ranking profile')""]",DISCOVERED,T14D,"[""CERI"", ""COMBINED"", ""CURRENT_PROJECTION"", ""FUNDAMENTAL"", ""IBMI"", ""RANKING"", ""REGIME"", ""SECTOR"", ""TECHNICAL""]",EF_6ae0c3ce1aab2525,"[""app/routers/run_routes.py:refresh_ranking_profile_action""]",HTTP,"[""CURRENT_RULES_RETROSPECTIVE""]",Finite initiator classification; existing native writer compliance is not replaced by route trust. Raw helper permutations may overapproximate conditional delivery.,Mounted HTTP/registered handler/public service or explicit CLI; source address and signature retained.,[],SEMANTIC_ADOPTION_PENDING,True,4ad74569b8e74b097ff49fd0a6d29a3c92de33e9816eb505dc0576b0f92dd98d,POTENTIAL_BYPASS,"[""T14B""]","[""WF_CORE_CURRENT_PROJECTION"", ""WF_CORE_RETAINED_EVIDENCE"", ""WF_RANKING_LEGACY_REPLACEMENT"", ""WF_RANKING_PERSISTENCE""]",
EF_6bbd386aea2907d8,T14D_ADOPTION,"Concrete native arguments and decorators retained. Direct invocation and current/ambient delivery are exposed as a potential authority variant, not assumed equivalent to certified pipeline delivery.",False,"db: Session, pipeline: PipelineRun, *, context_id: int",SYNCHRONOUS_OR_ENQUEUE_NATIVE_OPERATION,[],DISCOVERED,T14D,"[""PIPELINE""]",EF_6bbd386aea2907d8,"[""app/services/market_calculation_context_service.py:attach_reserved_market_context""]",SERVICE_PUBLIC,"[""BOOTSTRAP""]",Exact source signature and selector clauses are discovery evidence. Semantic authority/conditional dispatch review is not yet complete; this record is not a bypass assertion.,Mounted HTTP/registered handler/public service or explicit CLI; source address and signature retained.,"[""def attach_reserved_market_context("", ""context_id: int,"", "") -> MarketCalculationCutoff:"", ""\""\""\""Atomically transfer one reserved context to its eventual pipeline.\""\""\"""", ""select(MarketCalculationContext)"", "".where(MarketCalculationContext.id == context_id)"", ""raise PipelineCalculationContextError("", ""f\""Reserved market calculation context {context_id} was not found.\"""", ""if row.upload_run_id != pipeline.upload_run_id:"", ""raise PipelineCalculationContextError("", ""f\""Reserved context {context_id} belongs to upload run {row.upload_run_id}, \"""", ""f\""not {pipeline.upload_run_id}.\"""", ""raise PipelineCalculationContextError("", ""f\""Reserved context {context_id} is already owned by pipeline {row.pipeline_run_id}.\"""", ""existing_context_id = db.scalar("", ""select(MarketCalculationContext.id).where("", ""MarketCalculationContext.pipeline_run_id == pipeline.id"", ""if existing_context_id not in {None, row.id}:"", ""raise PipelineCalculationContextError("", ""f\""Pipeline {pipeline.id} already owns context {existing_context_id}.\"""", ""return cutoff_from_row(row)""]",SEMANTIC_ADOPTION_PENDING,False,37a510c48cde85ca4fc061e5d0017f0c01836c095be3ea0341a5be34f42a18fb,SEMANTIC_ADOPTION_PENDING,[],"[""WF_MARKET_CONTEXT_AUTHORITY""]",
EF_6cafbc6643911d81,T14D_ADOPTION,"Concrete native arguments and decorators retained. Direct invocation and current/ambient delivery are exposed as a potential authority variant, not assumed equivalent to certified pipeline delivery.",False,,SYNCHRONOUS_OR_ENQUEUE_NATIVE_OPERATION,[],DISCOVERED,T14D,"[""ALERT_DECISION"", ""CERI"", ""COMBINED"", ""CONFIGURATION"", ""CURRENT_PROJECTION"", ""FUNDAMENTAL"", ""IBMI"", ""LIFECYCLE_EVALUATION"", ""LIFECYCLE_TRANSITION"", ""RANKING"", ""REGIME"", ""SECTOR"", ""SETUP"", ""TECHNICAL""]",EF_6cafbc6643911d81,"[""scripts/qa/certify_slse_natural.py:main""]",CLI,"[""BOOTSTRAP"", ""CANONICAL_CALCULATION"", ""CURRENT_PROJECTION_ADVANCE""]",Exact source signature and selector clauses are discovery evidence. Semantic authority/conditional dispatch review is not yet complete; this record is not a bypass assertion.,Mounted HTTP/registered handler/public service or explicit CLI; source address and signature retained.,"[""config = load_setup_lifecycle_config()"", "".order_by(UploadRun.processed_at, UploadRun.id)"", ""SignalChangeEvent.current_snapshot_id.in_(snapshot_ids)"", ""SetupLifecycleEpisode.current_snapshot_id.in_(snapshot_ids),"", ""\""episode_states\"": dict(sorted(Counter(row.current_state for row in episodes).items())),""]",SEMANTIC_ADOPTION_PENDING,False,fb79e7da1a4a0ceb00dd87d3f1e25ddaf111fbc4dd02aa1037aca037433bbfb3,SEMANTIC_ADOPTION_PENDING,"[""T14B"", ""T14C""]","[""WF_CORE_CURRENT_PROJECTION"", ""WF_CORE_RETAINED_EVIDENCE"", ""WF_LIFECYCLE_EPISODE"", ""WF_LIFECYCLE_EVALUATION_EVIDENCE"", ""WF_LIFECYCLE_TRANSITION_EVIDENCE"", ""WF_SETUP_ALERT_EVENT_STATE"", ""WF_SETUP_ALERT_RULE_BOOTSTRAP"", ""WF_SETUP_ALERT_RULE_EVIDENCE"", ""WF_SETUP_ALERT_RULE_STATE"", ""WF_SETUP_CHANGE_EVENT_STATE"", ""WF_SETUP_CURRENT_SELECTION"", ""WF_SETUP_DECISION_EVIDENCE"", ""WF_SETUP_EVALUATION_RUN_STATE"", ""WF_SETUP_PERSISTENCE"", ""WF_SETUP_TRANSITION_EVENT_STATE"", ""WF_SETUP_TYPED_REPOSITORY""]",
EF_6ebcbfe33aa2f19b,T14D_ADOPTION,"Mounted mutating route initiates the native named operation via durable enqueue/service submit. Configuration anchor is resolved at enqueue; worker execute_job supplies retained delivery and execution fence. Concrete arguments/selectors are retained below; domain calculation is owned by the listed native writer families, not by the route.",False,"request: Request, db: DbSession, payload: dict[str, Any] | None=None",SYNCHRONOUS_OR_ENQUEUE_NATIVE_OPERATION,"[""router.post('/api/ceri/backfills')"", ""unsafe_route(ROUTE_CLASS_LOCAL_ADMIN, reason='queues CERI backfill', csrf_required=True, local_admin_required=True)""]",DISCOVERED,T14D,"[""CERI_SOURCE"", ""CONFIGURATION""]",EF_6ebcbfe33aa2f19b,"[""app/routers/ceri_routes.py:create_ceri_backfill""]",HTTP,"[""BOOTSTRAP""]",Finite initiator classification; existing native writer compliance is not replaced by route trust. Raw helper permutations may overapproximate conditional delivery.,Mounted HTTP/registered handler/public service or explicit CLI; source address and signature retained.,[],SEMANTIC_ADOPTION_PENDING,True,88bbc18dae640fecf768c487acbcf8fd5b1d632bfab3258602673e93c534ecd3,DURABLE_NATIVE_ENQUEUE,"[""SUPPORTED_DISTINCT_SEMANTICS_NO_CHANGE"", ""T14B""]","[""WF_CERI_CONSENSUS_ATTACH"", ""WF_CERI_FEATURE_BUILD"", ""WF_CERI_GUIDANCE_ELIGIBILITY"", ""WF_CERI_RAW_SOURCE"", ""WF_CERI_REVISION_FEATURE"", ""WF_CERI_SOURCE_IDENTITY"", ""WF_CERI_SOURCE_NORMALIZATION"", ""WF_CONFIGURATION_DELIVERY"", ""WF_SEC_DOCUMENT_SOURCE"", ""WF_SEC_INCREMENTAL_IDENTITY""]",
EF_7042df9c9280cacb,T14C_ADOPTION,"Concrete native arguments and decorators retained. Direct invocation and current/ambient delivery are exposed as a potential authority variant, not assumed equivalent to certified pipeline delivery.",False,"self, db: Session, *, report: ShadowTrainingReport, outcome_definition_id: int, training_cutoff_at: datetime, background_job_id: int | None=None, candidate_model_version_id: int | None=None",SYNCHRONOUS_OR_ENQUEUE_NATIVE_OPERATION,[],DISCOVERED,T14C,"[""WINNER_DIAGNOSTICS""]",EF_7042df9c9280cacb,"[""app/services/winner_probability/model_training.py:ShadowModelTrainingService.persist_training_run""]",SERVICE_PUBLIC,"[""CANONICAL_CALCULATION""]",Exact source signature and selector clauses are discovery evidence. Semantic authority/conditional dispatch review is not yet complete; this record is not a bypass assertion.,Mounted HTTP/registered handler/public service or explicit CLI; source address and signature retained.,"[""training_cutoff_at: datetime,"", ""training_cutoff_at=training_cutoff_at,"", ""\""training_cutoff_at\"": fold.training_cutoff_at.isoformat(),"", ""started_at=training_cutoff_at,""]",SEMANTIC_ADOPTION_PENDING,False,f4703b3f28be5a090000214ffcba6be532df1b1c5404cf2ab20ea5ab43f20bad,SEMANTIC_ADOPTION_PENDING,[],"[""WF_WINNER_MODEL_TRAINING""]",
EF_7344c72b8b591bf9,T14D_ADOPTION,Requires positive addressed run. async defaults True and enqueues SETUP_LIFECYCLE_EVALUATE_RUN; False directly evaluates native service and commits. Native exact cutoff/source eligibility and configuration differ by delivery variant; neither path creates a direct Winner dependency.,False,"db: DbSession, request: Request, run_id: int | None=None, async_: Annotated[bool, Query(alias='async')]=True",DURABLE_DEFAULT_OR_SYNCHRONOUS_EXPLICIT,"[""router.post('/api/setup-lifecycle/run/{run_id}/evaluate')"", ""router.post('/api/setup-lifecycle/evaluate')"", ""router.post('/api/setup-lifecycle/evaluate-run')"", ""unsafe_route(ROUTE_CLASS_PUBLIC_LOCAL, reason='queues or runs setup lifecycle evaluation')""]",DISCOVERED,T14D,"[""ALERT_DECISION"", ""CERI"", ""COMBINED"", ""CONFIGURATION"", ""CURRENT_PROJECTION"", ""FUNDAMENTAL"", ""IBMI"", ""LIFECYCLE_EVALUATION"", ""LIFECYCLE_TRANSITION"", ""RANKING"", ""REGIME"", ""SECTOR"", ""SETUP"", ""TECHNICAL""]",EF_7344c72b8b591bf9,"[""app/routers/setup_lifecycle_routes.py:evaluate_setup_lifecycle_run""]",HTTP,"[""CANONICAL_CALCULATION""]",Finite initiator classification; existing native writer compliance is not replaced by route trust. Raw helper permutations may overapproximate conditional delivery.,Mounted HTTP/registered handler/public service or explicit CLI; source address and signature retained.,"[""payload_run_id = int((run_id or 0) or request.query_params.get(\""run_id\"") or 0)"", ""if payload_run_id <= 0:"", ""detail={\""code\"": \""INVALID_CONFIGURATION\"", \""message\"": \""run_id is required.\""},"", ""_require_run(db, payload_run_id)"", ""{\""run_id\"": payload_run_id, \""requester\"": \""api\""},"", ""related_run_id=payload_run_id,"", ""request_key=f\""setup-lifecycle:evaluate-run:{payload_run_id}\"","", ""\""run_id\"": payload_run_id,"", ""result = SetupLifecycleEvaluationService().evaluate_run(db, payload_run_id, requester=\""api\"")""]",SEMANTIC_ADOPTION_PENDING,True,807e40419d203b9901d9d55ab3eace29b0e3b2429b4547a82a4e7d8917770ff2,POTENTIAL_BYPASS,"[""SUPPORTED_DISTINCT_SEMANTICS_NO_CHANGE"", ""T14B"", ""T14C""]","[""WF_CONFIGURATION_DELIVERY"", ""WF_CORE_CURRENT_PROJECTION"", ""WF_CORE_RETAINED_EVIDENCE"", ""WF_LIFECYCLE_EPISODE"", ""WF_LIFECYCLE_EVALUATION_EVIDENCE"", ""WF_LIFECYCLE_TRANSITION_EVIDENCE"", ""WF_SETUP_ALERT_EVENT_STATE"", ""WF_SETUP_ALERT_RULE_BOOTSTRAP"", ""WF_SETUP_ALERT_RULE_EVIDENCE"", ""WF_SETUP_ALERT_RULE_STATE"", ""WF_SETUP_CHANGE_EVENT_STATE"", ""WF_SETUP_CURRENT_SELECTION"", ""WF_SETUP_DECISION_EVIDENCE"", ""WF_SETUP_EVALUATION_RUN_STATE"", ""WF_SETUP_PERSISTENCE"", ""WF_SETUP_TRANSITION_EVENT_STATE"", ""WF_SETUP_TYPED_REPOSITORY""]",
EF_756b7b07d4f365c0,T14B_ADOPTION,"Concrete native arguments and decorators retained. Direct invocation and current/ambient delivery are exposed as a potential authority variant, not assumed equivalent to certified pipeline delivery.",False,"db: Session, run_id: int, score_results: list[PineReplicaScore | TechnicalScore], *, symbols: list[str] | None=None, v4_params: dict[str, Any] | None=None, v5_params: dict[str, Any] | None=None, v5_context: TechnicalV5RunContext | None=None, settings: Settings | None=None, market_cutoff: MarketCalculationCutoff | None=None, pipeline_run_id: int | None=None, persist: bool=True, effective_configuration: CoreEffectiveConfiguration | None=None",SYNCHRONOUS_OR_ENQUEUE_NATIVE_OPERATION,[],DISCOVERED,T14B,"[""CERI"", ""COMBINED"", ""CURRENT_PROJECTION"", ""FUNDAMENTAL"", ""IBMI"", ""RANKING"", ""REGIME"", ""SECTOR"", ""TECHNICAL""]",EF_756b7b07d4f365c0,"[""app/services/technical_score_service.py:finalize_technical_scores""]",SERVICE_PUBLIC,"[""CANONICAL_CALCULATION"", ""CURRENT_PROJECTION_ADVANCE""]",Exact source signature and selector clauses are discovery evidence. Semantic authority/conditional dispatch review is not yet complete; this record is not a bypass assertion.,Mounted HTTP/registered handler/public service or explicit CLI; source address and signature retained.,"[""v5_context: TechnicalV5RunContext | None = None,"", ""market_cutoff: MarketCalculationCutoff | None = None,"", ""effective_configuration: CoreEffectiveConfiguration | None = None,"", ""if pipeline_run_id is not None and effective_configuration is None:"", ""\""certified Technical finalization requires configuration frozen \"""", ""if effective_configuration is not None:"", ""effective_configuration.require_family(\""core.technical\"")"", ""resolved = effective_configuration.values"", ""v4_params = v4_params or load_technical_scoring_v4_config()"", ""v5_params = v5_params or load_technical_scoring_v5_config()"", ""pine_params = load_pine_defaults()"", ""v5_context = v5_context or ("", ""_technical_v5_run_context("", ""market_cutoff=("", ""market_cutoff"", ""or market_context_for_upload_run(db, run_id)"", ""or standalone_market_context(reason=\""STANDALONE_TECHNICAL_FINALIZE\"")"", ""else TechnicalV5RunContext(resolutions={}, sector_features={})"", ""v5_context.resolutions.get(score.ticker.upper()),"", ""v5_context.sector_features,"", ""if market_cutoff is not None:"", ""result.calculation_context_id = market_cutoff.context_id"", ""result.calculation_cutoff_at = market_cutoff.cutoff_at"", ""result.input_as_of_session = market_cutoff.latest_completed_session"", ""result.calendar_version = market_cutoff.calendar_version"", ""resolution = v5_context.resolutions.get("", ""v5_context.sector_features,"", ""if market_cutoff is not None:"", ""persisted.calculation_context_id = market_cutoff.context_id"", ""persisted.calculation_cutoff_at = market_cutoff.cutoff_at"", ""persisted.input_as_of_session = market_cutoff.latest_completed_session"", ""persisted.calendar_version = market_cutoff.calendar_version"", ""if market_cutoff is None:"", ""raise ValueError(\""Technical identity production requires an explicit market_cutoff\"")"", ""market_cutoff=market_cutoff,"", ""effective_configuration.bind(identity),"", ""current_row=score,"", ""effective_configuration=effective_configuration.snapshot""]",SEMANTIC_ADOPTION_PENDING,False,bdb1e8a595498d5f37887565b3ec1def3929ac74ea684a619089a66eeff90d3f,SEMANTIC_ADOPTION_PENDING,[],"[""WF_CORE_CURRENT_PROJECTION"", ""WF_CORE_RETAINED_EVIDENCE"", ""WF_TECHNICAL_FINALIZATION""]",
EF_758fcb1e2e9178c1,T14D_ADOPTION,"Mounted mutating route initiates the native named operation via durable enqueue/service submit. Configuration anchor is resolved at enqueue; worker execute_job supplies retained delivery and execution fence. Concrete arguments/selectors are retained below; domain calculation is owned by the listed native writer families, not by the route.",False,"request: Request, db: DbSession, payload: dict[str, Any] | None=None",SYNCHRONOUS_OR_ENQUEUE_NATIVE_OPERATION,"[""router.post('/api/ceri/reprocess')"", ""unsafe_route(ROUTE_CLASS_LOCAL_ADMIN, reason='queues CERI reprocessing', csrf_required=True, local_admin_required=True)""]",DISCOVERED,T14D,"[""CERI"", ""CERI_ALERT"", ""CERI_CHANGE"", ""CERI_SOURCE"", ""COMBINED"", ""CONFIGURATION"", ""CURRENT_PROJECTION"", ""FUNDAMENTAL"", ""IBMI"", ""RANKING"", ""REGIME"", ""SECTOR"", ""TECHNICAL""]",EF_758fcb1e2e9178c1,"[""app/routers/ceri_routes.py:reprocess_ceri""]",HTTP,"[""BOOTSTRAP""]",Finite initiator classification; existing native writer compliance is not replaced by route trust. Raw helper permutations may overapproximate conditional delivery.,Mounted HTTP/registered handler/public service or explicit CLI; source address and signature retained.,[],SEMANTIC_ADOPTION_PENDING,True,88bbc18dae640fecf768c487acbcf8fd5b1d632bfab3258602673e93c534ecd3,DURABLE_NATIVE_ENQUEUE,"[""SUPPORTED_DISTINCT_SEMANTICS_NO_CHANGE"", ""T14B"", ""T14C""]","[""WF_CERI_ALERT_CREATION"", ""WF_CERI_CHANGE"", ""WF_CERI_CONSENSUS_ATTACH"", ""WF_CERI_FEATURE_BUILD"", ""WF_CERI_GUIDANCE_ELIGIBILITY"", ""WF_CERI_PRICE_RESPONSE"", ""WF_CERI_REVISION_FEATURE"", ""WF_CERI_SCORE"", ""WF_CERI_SOURCE_IDENTITY"", ""WF_CERI_SOURCE_NORMALIZATION"", ""WF_CONFIGURATION_DELIVERY"", ""WF_CORE_CURRENT_PROJECTION"", ""WF_CORE_RETAINED_EVIDENCE""]",
EF_75b98d629a58f4a6,T14D_ADOPTION,"Explicit execute payload, prior preview address/scope/hash and confirmation token; retained decision references block source/derivative invalidation. Subsequent rebuild jobs retain native configuration delivery.",False,"request: Request, db: DbSession, payload: dict[str, Any] | None=None",SYNCHRONOUS_OR_ENQUEUE_NATIVE_OPERATION,"[""router.post('/api/ceri/purge/execute')"", ""unsafe_route(ROUTE_CLASS_LOCAL_ADMIN, reason='queues CERI licensed-data purge execution', csrf_required=True, local_admin_required=True)""]",DISCOVERED,T14D,"[""CERI"", ""CERI_ALERT"", ""CERI_CHANGE"", ""CERI_SOURCE"", ""COMBINED"", ""CONFIGURATION"", ""CURRENT_PROJECTION"", ""FUNDAMENTAL"", ""IBMI"", ""RANKING"", ""REGIME"", ""SECTOR"", ""TECHNICAL""]",EF_75b98d629a58f4a6,"[""app/routers/ceri_routes.py:execute_ceri_purge""]",HTTP,"[""MAINTENANCE""]",Finite initiator classification; existing native writer compliance is not replaced by route trust. Raw helper permutations may overapproximate conditional delivery.,Mounted HTTP/registered handler/public service or explicit CLI; source address and signature retained.,[],SEMANTIC_ADOPTION_PENDING,True,88bbc18dae640fecf768c487acbcf8fd5b1d632bfab3258602673e93c534ecd3,LICENSED_SOURCE_MAINTENANCE,"[""SUPPORTED_DISTINCT_SEMANTICS_NO_CHANGE"", ""T14B"", ""T14C""]","[""WF_CERI_ALERT_CREATION"", ""WF_CERI_CHANGE"", ""WF_CERI_CONSENSUS_ATTACH"", ""WF_CERI_FEATURE_BUILD"", ""WF_CERI_LICENSED_PURGE"", ""WF_CERI_PRICE_RESPONSE"", ""WF_CERI_REVISION_FEATURE"", ""WF_CERI_SCORE"", ""WF_CONFIGURATION_DELIVERY"", ""WF_CORE_CURRENT_PROJECTION"", ""WF_CORE_RETAINED_EVIDENCE""]",
EF_78de7a499feb8c0b,T14D_ADOPTION,"Concrete native arguments and decorators retained. Direct invocation and current/ambient delivery are exposed as a potential authority variant, not assumed equivalent to certified pipeline delivery.",False,"db: Session, plan_id: int",SYNCHRONOUS_OR_ENQUEUE_NATIVE_OPERATION,[],DISCOVERED,T14D,"[""PIPELINE""]",EF_78de7a499feb8c0b,"[""app/services/transition_preflight_plan_service.py:cancel_transition_preflight""]",SERVICE_PUBLIC,"[""BOOTSTRAP""]",Exact source signature and selector clauses are discovery evidence. Semantic authority/conditional dispatch review is not yet complete; this record is not a bypass assertion.,Mounted HTTP/registered handler/public service or explicit CLI; source address and signature retained.,[],SEMANTIC_ADOPTION_PENDING,False,722769048b4e7c34632e6fcaaf36a9a1cc7f3c7ddd4f40dc40322319bd455fb4,SEMANTIC_ADOPTION_PENDING,[],"[""WF_TRANSITION_PREFLIGHT""]",
EF_791a604abef6589e,T14D_ADOPTION,"Concrete native arguments and decorators retained. Direct invocation and current/ambient delivery are exposed as a potential authority variant, not assumed equivalent to certified pipeline delivery.",False,"self, db: Session, run_id: int | None=None, today: date | None=None, config_path: Path | None=None, market_cutoff: MarketCalculationCutoff | None=None, effective_configuration=None, expected_calculation_identity=None",SYNCHRONOUS_OR_ENQUEUE_NATIVE_OPERATION,[],DISCOVERED,T14D,"[""CERI"", ""COMBINED"", ""CURRENT_PROJECTION"", ""FUNDAMENTAL"", ""IBMI"", ""RANKING"", ""REGIME"", ""SECTOR"", ""TECHNICAL""]",EF_791a604abef6589e,"[""app/services/market_regime_command_center.py:MarketRegimeCommandCenterService.build_snapshot""]",SERVICE_PUBLIC,"[""CANONICAL_CALCULATION"", ""CURRENT_PROJECTION_ADVANCE""]",Exact source signature and selector clauses are discovery evidence. Semantic authority/conditional dispatch review is not yet complete; this record is not a bypass assertion.,Mounted HTTP/registered handler/public service or explicit CLI; source address and signature retained.,"[""market_cutoff: MarketCalculationCutoff | None = None,"", ""effective_configuration=None,"", ""market_cutoff = market_cutoff or standalone_market_context("", ""cutoff_at=("", ""today = market_cutoff.latest_completed_session"", ""effective_configuration.regime_config()"", ""if effective_configuration is not None"", ""else load_market_regime_command_center_config("", ""effective_configuration = config._effective_configuration"", ""effective_configuration.require_retry_identity(expected_calculation_identity)"", ""primary = self._load_market_input("", ""db, primary_symbol, config, today, market_cutoff=market_cutoff"", ""self._load_market_input(db, risk_symbol, config, today, market_cutoff=market_cutoff)"", ""\""calculation_context_id\"": market_cutoff.context_id,"", ""\""calculation_cutoff_at\"": market_cutoff.cutoff_at.isoformat(),"", ""\""input_as_of_session\"": market_cutoff.latest_completed_session.isoformat(),"", ""\""calendar_version\"": market_cutoff.calendar_version,"", ""\""source_latest_sessions\"": {"", ""market_cutoff=market_cutoff,"", ""pipeline_id_for_cutoff(db, run_id=run_id, market_cutoff=market_cutoff)"", ""\""source_latest_sessions\"": dto.debug[\""temporal_lineage\""].get("", ""\""source_latest_sessions\"""", ""policy=REGIME_CONTEXT_COMPATIBILITY.name,"", ""object.__setattr__(write, \""_effective_configuration\"", effective_configuration.snapshot)""]",SEMANTIC_ADOPTION_PENDING,False,3efb0b2bdffc941bdb468e20fef1d7c1fed89e910ad9ec1e1f9bdca680362368,SEMANTIC_ADOPTION_PENDING,"[""T14B""]","[""WF_CORE_CURRENT_PROJECTION"", ""WF_CORE_RETAINED_EVIDENCE"", ""WF_REGIME_SNAPSHOT""]",
EF_7a4eefa3be56b725,T14D_ADOPTION,"Concrete native arguments and decorators retained. Direct invocation and current/ambient delivery are exposed as a potential authority variant, not assumed equivalent to certified pipeline delivery.",False,"self, db: Session, request: CeriChangeRebuildRequest",SYNCHRONOUS_OR_ENQUEUE_NATIVE_OPERATION,[],DISCOVERED,T14D,"[""CERI_CHANGE""]",EF_7a4eefa3be56b725,"[""app/services/ceri/change_rebuild_service.py:CeriChangeRebuildService.rebuild""]",SERVICE_PUBLIC,"[""CANONICAL_CALCULATION""]",Exact source signature and selector clauses are discovery evidence. Semantic authority/conditional dispatch review is not yet complete; this record is not a bypass assertion.,Mounted HTTP/registered handler/public service or explicit CLI; source address and signature retained.,"[""target_session, cutoff_at = _required_boundary(request)"", ""for current in rows:"", ""current,"", ""if _snapshot_sort_key(candidate) < _snapshot_sort_key(current)"", ""current=current,"", ""cutoff_at=cutoff_at,"", ""cutoff_at=cutoff_at,""]",SEMANTIC_ADOPTION_PENDING,False,65d9fe92861bd78b5424f570501022834a1f100cadc82b2535bcaaa0057b1251,SEMANTIC_ADOPTION_PENDING,"[""T14C""]","[""WF_CERI_CHANGE""]",
EF_7ba89fcb943e74fa,T14D_ADOPTION,"Mounted mutating route initiates the native named operation via durable enqueue/service submit. Configuration anchor is resolved at enqueue; worker execute_job supplies retained delivery and execution fence. Concrete arguments/selectors are retained below; domain calculation is owned by the listed native writer families, not by the route.",False,"run_id: int, db: DbSession, ticker_subset: TickerSubsetForm='', include_benchmarks: IncludeBenchmarksForm=False, what_to_show: WhatToShowForm=None, force_refresh: ForceRefreshForm=False, force_full_backfill: ForceFullBackfillForm=False",SYNCHRONOUS_OR_ENQUEUE_NATIVE_OPERATION,"[""router.post('/runs/{run_id}/ib/fetch')"", ""unsafe_route(ROUTE_CLASS_PUBLIC_LOCAL, reason='queues read-only historical IB bar fetch')""]",DISCOVERED,T14D,"[""CONFIGURATION"", ""IBMI_SOURCE"", ""PRICE""]",EF_7ba89fcb943e74fa,"[""app/routers/run_routes.py:fetch_run_ib_bars_action""]",HTTP,"[""BOOTSTRAP""]",Finite initiator classification; existing native writer compliance is not replaced by route trust. Raw helper permutations may overapproximate conditional delivery.,Mounted HTTP/registered handler/public service or explicit CLI; source address and signature retained.,"[""run = _load_run(db, run_id)""]",SEMANTIC_ADOPTION_PENDING,True,4ad74569b8e74b097ff49fd0a6d29a3c92de33e9816eb505dc0576b0f92dd98d,DURABLE_NATIVE_ENQUEUE,"[""SUPPORTED_DISTINCT_SEMANTICS_NO_CHANGE"", ""T14B"", ""T14C""]","[""WF_CONFIGURATION_DELIVERY"", ""WF_IB_CONTRACT_IDENTITY"", ""WF_PRICE_INGESTION"", ""WF_PRICE_SERIES_VERSION"", ""WF_WINNER_MARKET_DATA_OBLIGATION""]",
EF_7ce4f5f114ccbfab,T14C_ADOPTION,"Concrete native arguments and decorators retained. Direct invocation and current/ambient delivery are exposed as a potential authority variant, not assumed equivalent to certified pipeline delivery.",False,"self, db: Session, current: WinnerForwardOutcome, values: dict[str, Any], *, now: datetime",SYNCHRONOUS_OR_ENQUEUE_NATIVE_OPERATION,[],DISCOVERED,T14C,"[""WINNER_OUTCOME""]",EF_7ce4f5f114ccbfab,"[""app/services/winner_probability/outcome_revision_service.py:OutcomeRevisionService.upsert_forward_revision""]",SERVICE_PUBLIC,"[""OUTCOME_MATURATION""]",Exact source signature and selector clauses are discovery evidence. Semantic authority/conditional dispatch review is not yet complete; this record is not a bypass assertion.,Mounted HTTP/registered handler/public service or explicit CLI; source address and signature retained.,"[""current: WinnerForwardOutcome,"", ""if current.source_bar_lineage_hash == lineage_hash and current.matured_at is not None:"", ""return current, False"", ""if current.source_bar_lineage_hash is None or current.matured_at is None:"", ""_assign(current, values)"", ""return current, True"", ""current.is_current_revision = False"", ""current.superseded_at = now"", ""prediction_id=current.prediction_id,"", ""entry_model=current.entry_model,"", ""horizon_sessions=current.horizon_sessions,"", ""entry_session=current.entry_session,"", ""due_session=current.due_session,"", ""revision=current.revision + 1,"", ""is_current_revision=True,"", ""metadata_json={**(current.metadata_json or {}), \""revised_from_id\"": current.id},""]",SEMANTIC_ADOPTION_PENDING,False,dc0140d05d27e7498a83af2f39ec6b71797e9ac44b15058a910edac541ef62c7,SEMANTIC_ADOPTION_PENDING,[],"[""WF_WINNER_OUTCOME_REVISION""]",
EF_7d354959e8046b90,T14D_ADOPTION,"Mounted mutating route initiates the native named operation via durable enqueue/service submit. Configuration anchor is resolved at enqueue; worker execute_job supplies retained delivery and execution fence. Concrete arguments/selectors are retained below; domain calculation is owned by the listed native writer families, not by the route.",False,"request: Request, payload: TickerJobRequest, db: DbSession",SYNCHRONOUS_OR_ENQUEUE_NATIVE_OPERATION,"[""router.post('/api/ib-intelligence/rebuild-features')"", ""unsafe_route(ROUTE_CLASS_LOCAL_ADMIN, reason='queues deterministic intelligence feature rebuild', csrf_required=True, local_admin_required=True)""]",DISCOVERED,T14D,"[""CERI"", ""COMBINED"", ""CONFIGURATION"", ""CURRENT_PROJECTION"", ""FUNDAMENTAL"", ""IBMI"", ""RANKING"", ""REGIME"", ""SECTOR"", ""TECHNICAL""]",EF_7d354959e8046b90,"[""app/routers/ib_market_intelligence_routes.py:queue_rebuild""]",HTTP,"[""BOOTSTRAP""]",Finite initiator classification; existing native writer compliance is not replaced by route trust. Raw helper permutations may overapproximate conditional delivery.,Mounted HTTP/registered handler/public service or explicit CLI; source address and signature retained.,[],SEMANTIC_ADOPTION_PENDING,True,c9e7d034e0e72ae15a30ae165ea1f88faf9b6b8dd653e540e1755975dcbd38c3,DURABLE_NATIVE_ENQUEUE,"[""SUPPORTED_DISTINCT_SEMANTICS_NO_CHANGE"", ""T14B""]","[""WF_CONFIGURATION_DELIVERY"", ""WF_CORE_CURRENT_PROJECTION"", ""WF_CORE_RETAINED_EVIDENCE"", ""WF_IBMI_NATIVE_FEATURE""]",
EF_7de5b07f9f5c012a,T14C_ADOPTION,"Concrete native arguments and decorators retained. Direct invocation and current/ambient delivery are exposed as a potential authority variant, not assumed equivalent to certified pipeline delivery.",False,"self, db, *, ticker: str, timeframe: str",SYNCHRONOUS_OR_ENQUEUE_NATIVE_OPERATION,[],DISCOVERED,T14C,"[""LIFECYCLE_TRANSITION"", ""SETUP""]",EF_7de5b07f9f5c012a,"[""app/services/setup_lifecycle/episode_service.py:SetupLifecycleEpisodeService.refresh_primary_status""]",SERVICE_PUBLIC,"[""CANONICAL_CALCULATION""]",Exact source signature and selector clauses are discovery evidence. Semantic authority/conditional dispatch review is not yet complete; this record is not a bypass assertion.,Mounted HTTP/registered handler/public service or explicit CLI; source address and signature retained.,[],SEMANTIC_ADOPTION_PENDING,False,578373d5a831af69b68312ed233d7af7580f7763a497dc1f4ba808d5b822b641,SEMANTIC_ADOPTION_PENDING,[],"[""WF_LIFECYCLE_EPISODE""]",
EF_7eea11a8cded4a8a,T14B_ADOPTION,"Concrete native arguments and decorators retained. Direct invocation and current/ambient delivery are exposed as a potential authority variant, not assumed equivalent to certified pipeline delivery.",False,"self, event: TickerReadyEvent",SYNCHRONOUS_OR_ENQUEUE_NATIVE_OPERATION,[],DISCOVERED,T14B,"[""TECHNICAL""]",EF_7eea11a8cded4a8a,"[""app/services/technical_score_service.py:TechnicalScoringOverlapCoordinator.on_ticker_ready""]",SERVICE_PUBLIC,"[""MAINTENANCE""]",Exact source signature and selector clauses are discovery evidence. Semantic authority/conditional dispatch review is not yet complete; this record is not a bypass assertion.,Mounted HTTP/registered handler/public service or explicit CLI; source address and signature retained.,[],SEMANTIC_ADOPTION_PENDING,False,bdb1e8a595498d5f37887565b3ec1def3929ac74ea684a619089a66eeff90d3f,SEMANTIC_ADOPTION_PENDING,[],"[""WF_TECHNICAL_FEATURE_CACHE""]",
EF_7f9ab18e0a68b4e4,T14C_ADOPTION,"Concrete native arguments and decorators retained. Direct invocation and current/ambient delivery are exposed as a potential authority variant, not assumed equivalent to certified pipeline delivery.",False,"self, db: Session, *, estimate: WinnerProbabilityEstimate, evidence: tuple[GenerationEvidenceMember, ...], included_as_of: datetime, inclusion_cutoff_at: datetime",SYNCHRONOUS_OR_ENQUEUE_NATIVE_OPERATION,[],DISCOVERED,T14C,"[""WINNER_COHORT""]",EF_7f9ab18e0a68b4e4,"[""app/services/winner_probability/evidence_manifest_service.py:EvidenceManifestService.persist_members""]",SERVICE_PUBLIC,"[""CANONICAL_CALCULATION""]",Exact source signature and selector clauses are discovery evidence. Semantic authority/conditional dispatch review is not yet complete; this record is not a bypass assertion.,Mounted HTTP/registered handler/public service or explicit CLI; source address and signature retained.,"[""inclusion_cutoff_at: datetime,"", ""\""inclusion_cutoff_at\"": inclusion_cutoff_at,""]",SEMANTIC_ADOPTION_PENDING,False,599ab444dd74d4226b2a4e77ef0511d3c53804bc90c79a642146afab4debd7b9,SEMANTIC_ADOPTION_PENDING,[],"[""WF_WINNER_EVIDENCE_MANIFEST""]",
EF_7fabc787dc6ffca2,T14B_ADOPTION,"Concrete native arguments and decorators retained. Direct invocation and current/ambient delivery are exposed as a potential authority variant, not assumed equivalent to certified pipeline delivery.",False,"db: Session, *, kind: CoreEvidenceKind, current_row: Any, sources: dict[str, Any] | None=None, payload: dict[str, Any] | None=None, scope_ticker: str | None | object=_SCOPE_UNSET, scope_profile: str | None | object=_SCOPE_UNSET, calculation_identity: CalculationIdentity | None=None, effective_configuration: EffectiveConfigurationSnapshot | None=None",SYNCHRONOUS_OR_ENQUEUE_NATIVE_OPERATION,[],DISCOVERED,T14B,"[""CERI"", ""COMBINED"", ""CURRENT_PROJECTION"", ""FUNDAMENTAL"", ""IBMI"", ""RANKING"", ""REGIME"", ""SECTOR"", ""TECHNICAL""]",EF_7fabc787dc6ffca2,"[""app/services/core_calculation_evidence.py:persist_core_evidence""]",SERVICE_PUBLIC,"[""CANONICAL_CALCULATION"", ""CURRENT_PROJECTION_ADVANCE""]",Exact source signature and selector clauses are discovery evidence. Semantic authority/conditional dispatch review is not yet complete; this record is not a bypass assertion.,Mounted HTTP/registered handler/public service or explicit CLI; source address and signature retained.,"[""current_row: Any,"", ""effective_configuration: EffectiveConfigurationSnapshot | None = None,"", ""\""\""\""Persist/reuse immutable evidence and advance its independent current pointer."", ""Rows without a Phase-1 Calculation Identity remain explicit legacy current rows."", ""identity_payload = getattr(current_row, \""debug_json\"", None)"", ""identity_payload = getattr(current_row, \""evidence_lineage_json\"", None)"", ""if effective_configuration is not None:"", ""raise ValueError(\""configuration evidence requires an explicit Calculation Identity\"")"", ""config_dimension = identity.configuration.effective_configuration"", ""and config_dimension.value.namespace.startswith((\""core.\"", \""contextual.\"", \""decision.\""))"", ""and effective_configuration is None"", ""raise ValueError(\""CORE_EFFECTIVE_CONFIGURATION_REQUIRED\"")"", ""if effective_configuration is not None:"", ""from app.services.effective_configuration import compare_configuration"", ""if not isinstance(effective_configuration, EffectiveConfigurationSnapshot):"", ""raise TypeError(\""effective configuration evidence requires a typed snapshot\"")"", ""comparison = compare_configuration("", ""identity.configuration.effective_configuration,"", ""IdentityDimension.known(effective_configuration.identity),"", ""if comparison.status is not ConfigurationCompatibilityStatus.EXACT:"", ""raise ValueError(\""effective configuration must match the bound Calculation Identity\"")"", ""payload if payload is not None else calculation_evidence_payload(current_row)"", ""if effective_configuration is not None:"", ""normalize_configuration_business_payload("", ""payload, namespace=effective_configuration.family.namespace, source_ids=source_ids"", ""if READINESS_PAYLOAD_KEY in payload:"", ""raise ValueError(\""readiness-at-creation is owned by the evidence writer\"")"", ""if CONFIGURATION_PAYLOAD_KEY in payload:"", ""raise ValueError(\""effective configuration-at-creation is owned by the evidence writer\"")"", ""if effective_configuration is not None:"", ""payload[CONFIGURATION_PAYLOAD_KEY] = effective_configuration.as_dict()"", ""payload[READINESS_PAYLOAD_KEY] = normalize_producer_readiness("", ""evaluated_at=temporal[\""calculation_cutoff\""].get(\""value\""),"", ""payload_fingerprint = CanonicalEvidenceSerializer.fingerprint(payload)"", ""\""payload_fingerprint\"": payload_fingerprint,"", ""run_id = getattr(current_row, \""run_id\"", None)"", ""getattr(current_row, \""ticker\"", None) if scope_ticker is _SCOPE_UNSET else scope_ticker"", ""getattr(current_row, \""ranking_profile\"", None)"", ""payload_fingerprint=payload_fingerprint,"", ""payload_json=payload,"", ""current_row.evidence_id = evidence.id"", ""if hasattr(type(current_row), \""calculation_evidence\""):"", ""set_committed_value(current_row, \""calculation_evidence\"", evidence)"", ""_advance_current_projection(db, evidence)"", ""readiness = readiness_from_evidence(evidence)"", ""\""producer readiness producer=%s status=%s blocking=%s warnings=%s policy=%s\"","", ""readiness.producer,"", ""readiness.status.value,"", ""[reason.value for reason in readiness.blocking_reasons],"", ""[reason.value for reason in readiness.warning_reasons],"", ""readiness.readiness_policy_version,""]",SEMANTIC_ADOPTION_PENDING,False,5fb836a9c3db7bb9975e66095936425416a260c2a15dfd38583469f88bf23698,SEMANTIC_ADOPTION_PENDING,[],"[""WF_CORE_CURRENT_PROJECTION"", ""WF_CORE_RETAINED_EVIDENCE""]",
EF_7fb42632402aecde,T14D_ADOPTION,"Mounted mutating route initiates the native named operation via durable enqueue/service submit. Configuration anchor is resolved at enqueue; worker execute_job supplies retained delivery and execution fence. Concrete arguments/selectors are retained below; domain calculation is owned by the listed native writer families, not by the route.",False,"db: DbSession, scope: str, requester: str, reason: str, run_id: int | None=None, ticker: str | None=None, date_from: date | None=None, date_to: date | None=None, as_of_date: date | None=None",SYNCHRONOUS_OR_ENQUEUE_NATIVE_OPERATION,"[""router.post('/api/setup-lifecycle/evaluations')"", ""unsafe_route(ROUTE_CLASS_LOCAL_ADMIN, reason='queues explicitly scoped setup lifecycle evaluation or repair work', local_admin_required=True)""]",DISCOVERED,T14D,"[""ALERT_DECISION"", ""CONFIGURATION"", ""LIFECYCLE_EVALUATION"", ""LIFECYCLE_TRANSITION"", ""SETUP""]",EF_7fb42632402aecde,"[""app/routers/setup_lifecycle_routes.py:queue_setup_lifecycle_evaluation""]",HTTP,"[""BOOTSTRAP""]",Finite initiator classification; existing native writer compliance is not replaced by route trust. Raw helper permutations may overapproximate conditional delivery.,Mounted HTTP/registered handler/public service or explicit CLI; source address and signature retained.,"[""\""code\"": \""INVALID_CONFIGURATION\"",""]",SEMANTIC_ADOPTION_PENDING,True,807e40419d203b9901d9d55ab3eace29b0e3b2429b4547a82a4e7d8917770ff2,DURABLE_NATIVE_ENQUEUE,"[""SUPPORTED_DISTINCT_SEMANTICS_NO_CHANGE"", ""T14C""]","[""WF_CONFIGURATION_DELIVERY"", ""WF_SETUP_TYPED_REPOSITORY""]",
EF_812da22fe41fbcba,T14B_ADOPTION,"Concrete native arguments and decorators retained. Direct invocation and current/ambient delivery are exposed as a potential authority variant, not assumed equivalent to certified pipeline delivery.",False,"db: Session, dto: HistoricalMetricBarDTO, *, intelligence_run_id: int | None=None, observed_at: datetime | None=None",SYNCHRONOUS_OR_ENQUEUE_NATIVE_OPERATION,[],DISCOVERED,T14B,"[""IBMI_SOURCE""]",EF_812da22fe41fbcba,"[""app/services/ib_market_intelligence/repository.py:persist_historical_metric_bar""]",SERVICE_PUBLIC,"[""CANONICAL_CALCULATION""]",Exact source signature and selector clauses are discovery evidence. Semantic authority/conditional dispatch review is not yet complete; this record is not a bypass assertion.,Mounted HTTP/registered handler/public service or explicit CLI; source address and signature retained.,[],SEMANTIC_ADOPTION_PENDING,False,cd771770dc9e76378b3c4fa229c1117b825adc6594d65d70f12a3fbe1b3f89ca,SEMANTIC_ADOPTION_PENDING,[],"[""WF_IBMI_HISTORICAL_SOURCE""]",
EF_82522331e642b008,T14B_ADOPTION,"Concrete native arguments and decorators retained. Direct invocation and current/ambient delivery are exposed as a potential authority variant, not assumed equivalent to certified pipeline delivery.",False,"self, db: Session, snapshot: CeriScoreSnapshot",SYNCHRONOUS_OR_ENQUEUE_NATIVE_OPERATION,[],DISCOVERED,T14B,"[""CERI"", ""COMBINED"", ""CURRENT_PROJECTION"", ""FUNDAMENTAL"", ""IBMI"", ""RANKING"", ""REGIME"", ""SECTOR"", ""TECHNICAL""]",EF_82522331e642b008,"[""app/services/ceri/snapshot_service.py:CeriSnapshotService.persist_snapshot""]",SERVICE_PUBLIC,"[""CANONICAL_CALCULATION"", ""CURRENT_PROJECTION_ADVANCE""]",Exact source signature and selector clauses are discovery evidence. Semantic authority/conditional dispatch review is not yet complete; this record is not a bypass assertion.,Mounted HTTP/registered handler/public service or explicit CLI; source address and signature retained.,"[""effective_configuration=self.effective_configuration,""]",SEMANTIC_ADOPTION_PENDING,False,7959a5c0f55e2eebdae2f3a3f5d8900228185abc5d2e4fec6d6c0750bfd5d071,SEMANTIC_ADOPTION_PENDING,[],"[""WF_CERI_SCORE"", ""WF_CORE_CURRENT_PROJECTION"", ""WF_CORE_RETAINED_EVIDENCE""]",
EF_82e637435e97fe46,T14D_ADOPTION,"Registered native handler through background_worker.execute_job: exact configuration anchor loading, configuration_delivery_scope and fence_domain_commits with job execution token. Payload source/temporal references and native writer-family algorithms remain domain specific. Shared contract adoption is T14B/C/D; no additional dependency is inferred.",False,"db: Session, job: BackgroundJob",DURABLE_FENCED_NATIVE_DELIVERY,"[""anchored_job_configuration""]",DISCOVERED,T14D,"[""CERI"", ""CERI_ALERT"", ""CERI_CHANGE"", ""CERI_SOURCE"", ""COMBINED"", ""CONFIGURATION"", ""CURRENT_PROJECTION"", ""FUNDAMENTAL"", ""IBMI"", ""RANKING"", ""REGIME"", ""SECTOR"", ""TECHNICAL""]",EF_82e637435e97fe46,"[""app/services/ceri/job_handlers.py:execute_purge_licensed_data_job""]",DURABLE_JOB,"[""BOOTSTRAP"", ""CANONICAL_CALCULATION"", ""CURRENT_PROJECTION_ADVANCE"", ""MAINTENANCE""]","Classification covers registered worker dispatch; direct calls to the handler outside execute_job are separate direct-call variants, not certified by worker transport.",Mounted HTTP/registered handler/public service or explicit CLI; source address and signature retained.,"[""payload = job.payload_json or {}""]",SEMANTIC_ADOPTION_PENDING,True,3a4a73bf3ebcf9389f9b0d5f6e9c362dd1e3e0f9531895c1cd8bd92e0fb98ee4,DURABLE_JOB,"[""SUPPORTED_DISTINCT_SEMANTICS_NO_CHANGE"", ""T14B"", ""T14C""]","[""WF_CERI_ALERT_CREATION"", ""WF_CERI_CHANGE"", ""WF_CERI_CONSENSUS_ATTACH"", ""WF_CERI_FEATURE_BUILD"", ""WF_CERI_LICENSED_PURGE"", ""WF_CERI_PRICE_RESPONSE"", ""WF_CERI_REVISION_FEATURE"", ""WF_CERI_SCORE"", ""WF_CONFIGURATION_DELIVERY"", ""WF_CORE_CURRENT_PROJECTION"", ""WF_CORE_RETAINED_EVIDENCE""]",
EF_8322d930fc0acb54,T14D_ADOPTION,"Concrete native arguments and decorators retained. Direct invocation and current/ambient delivery are exposed as a potential authority variant, not assumed equivalent to certified pipeline delivery.",False,"self, db: Session, run_id: int | None, as_of_date: date | None=None, persist: bool=True, config: dict[str, Any] | None=None, market_cutoff: MarketCalculationCutoff | None=None, effective_configuration=None, expected_calculation_identity=None",SYNCHRONOUS_OR_ENQUEUE_NATIVE_OPERATION,[],DISCOVERED,T14D,"[""CERI"", ""COMBINED"", ""CURRENT_PROJECTION"", ""FUNDAMENTAL"", ""IBMI"", ""RANKING"", ""REGIME"", ""SECTOR"", ""TECHNICAL""]",EF_8322d930fc0acb54,"[""app/services/sector_rotation_service.py:SectorRotationService.build_sector_rotation_snapshot""]",SERVICE_PUBLIC,"[""CANONICAL_CALCULATION"", ""CURRENT_PROJECTION_ADVANCE""]",Exact source signature and selector clauses are discovery evidence. Semantic authority/conditional dispatch review is not yet complete; this record is not a bypass assertion.,Mounted HTTP/registered handler/public service or explicit CLI; source address and signature retained.,"[""market_cutoff: MarketCalculationCutoff | None = None,"", ""effective_configuration=None,"", ""market_cutoff=market_cutoff,"", ""effective_configuration=effective_configuration,""]",SEMANTIC_ADOPTION_PENDING,False,9481fc36da87372447765c2a731c9c281b6676ec1d5c0ca59c3d8d3bbfb61811,SEMANTIC_ADOPTION_PENDING,"[""T14B""]","[""WF_CORE_CURRENT_PROJECTION"", ""WF_CORE_RETAINED_EVIDENCE"", ""WF_SECTOR_SNAPSHOT""]",
EF_832da348c142644a,T14D_ADOPTION,"Concrete native arguments and decorators retained. Direct invocation and current/ambient delivery are exposed as a potential authority variant, not assumed equivalent to certified pipeline delivery.",False,"self, db: Session, request: CeriIngestionRequest, *, should_cancel=None",SYNCHRONOUS_OR_ENQUEUE_NATIVE_OPERATION,[],DISCOVERED,T14D,"[""CERI_SOURCE""]",EF_832da348c142644a,"[""app/services/ceri/orchestration.py:CeriIngestionService.ingest""]",SERVICE_PUBLIC,"[""CANONICAL_CALCULATION"", ""MAINTENANCE""]",Exact source signature and selector clauses are discovery evidence. Semantic authority/conditional dispatch review is not yet complete; this record is not a bypass assertion.,Mounted HTTP/registered handler/public service or explicit CLI; source address and signature retained.,"[""payload_bytes = len("", ""response_bytes += payload_bytes"", ""raw_payload_allowed=dataset_policy.raw_payload_storage_allowed,"", ""stored_bytes += payload_bytes""]",SEMANTIC_ADOPTION_PENDING,False,fdb0b9fe1e9af8f56d333c0d52d43326518e89f8b91f64e19d040ad92a9c1acf,SEMANTIC_ADOPTION_PENDING,"[""T14B""]","[""WF_CERI_RAW_SOURCE"", ""WF_SEC_DOCUMENT_SOURCE"", ""WF_SEC_INCREMENTAL_IDENTITY""]",
EF_84afac2f08856690,T14D_ADOPTION,"Concrete native arguments and decorators retained. Direct invocation and current/ambient delivery are exposed as a potential authority variant, not assumed equivalent to certified pipeline delivery.",False,"db: Session, *, now: datetime | None=None",SYNCHRONOUS_OR_ENQUEUE_NATIVE_OPERATION,[],DISCOVERED,T14D,"[""PIPELINE""]",EF_84afac2f08856690,"[""app/services/transition_preflight_plan_service.py:expire_abandoned_preflights""]",SERVICE_PUBLIC,"[""BOOTSTRAP""]",Exact source signature and selector clauses are discovery evidence. Semantic authority/conditional dispatch review is not yet complete; this record is not a bypass assertion.,Mounted HTTP/registered handler/public service or explicit CLI; source address and signature retained.,[],SEMANTIC_ADOPTION_PENDING,False,722769048b4e7c34632e6fcaaf36a9a1cc7f3c7ddd4f40dc40322319bd455fb4,SEMANTIC_ADOPTION_PENDING,[],"[""WF_TRANSITION_PREFLIGHT""]",
EF_84b99433eae3bc2d,T14D_ADOPTION,"Local-admin addressed execution fill exclusion followed by derived trade-episode rebuild; episode-to-research association uses prior eligible latest-completed research, not a direct Winner producer dependency.",False,"fill_id: int, request: Request, payload: ExcludeFillRequest, db: DbSession",SYNCHRONOUS_OR_ENQUEUE_NATIVE_OPERATION,"[""router.post('/api/ib-intelligence/trade-journal/fills/{fill_id}/exclude')"", ""unsafe_route(ROUTE_CLASS_LOCAL_ADMIN, reason='marks local journal evidence excluded without deleting broker evidence', csrf_required=True, local_admin_required=True)""]",DISCOVERED,T14D,"[""TRADE_JOURNAL""]",EF_84b99433eae3bc2d,"[""app/routers/ib_market_intelligence_routes.py:exclude_fill""]",HTTP,"[""MAINTENANCE""]",Finite initiator classification; existing native writer compliance is not replaced by route trust. Raw helper permutations may overapproximate conditional delivery.,Mounted HTTP/registered handler/public service or explicit CLI; source address and signature retained.,[],SEMANTIC_ADOPTION_PENDING,True,c9e7d034e0e72ae15a30ae165ea1f88faf9b6b8dd653e540e1755975dcbd38c3,EXECUTION_FILL_MAINTENANCE,[],"[""WF_IB_FILL_EXCLUSION""]",
EF_84d4762d05423329,T14C_ADOPTION,"Concrete native arguments and decorators retained. Direct invocation and current/ambient delivery are exposed as a potential authority variant, not assumed equivalent to certified pipeline delivery.",False,"self, db, *, evaluation_run_id: int | None, snapshot_ids: tuple[int, ...]",SYNCHRONOUS_OR_ENQUEUE_NATIVE_OPERATION,"[""anchored_decision_calculator""]",DISCOVERED,T14C,"[""ALERT_DECISION"", ""LIFECYCLE_EVALUATION"", ""LIFECYCLE_TRANSITION"", ""SETUP""]",EF_84d4762d05423329,"[""app/services/setup_lifecycle/change_detector.py:SetupLifecycleChangeDetector.detect_and_persist""]",SERVICE_PUBLIC,"[""CANONICAL_CALCULATION""]",Exact source signature and selector clauses are discovery evidence. Semantic authority/conditional dispatch review is not yet complete; this record is not a bypass assertion.,Mounted HTTP/registered handler/public service or explicit CLI; source address and signature retained.,"[""current_snapshots = self.repository.get_snapshots_by_ids(db, snapshot_ids)"", ""cutoffs={"", ""(current.ticker, current.timeframe): current.data_as_of_date"", ""for current in current_snapshots"", ""for current in current_snapshots:"", ""ticker=current.ticker,"", ""timeframe=current.timeframe,"", ""before_date=current.data_as_of_date,"", ""ticker=current.ticker,"", ""timeframe=current.timeframe,"", ""before_date=current.data_as_of_date,"", ""ascending = histories.get((current.ticker, current.timeframe), [])"", ""current=current,"", ""current=current,""]",SEMANTIC_ADOPTION_PENDING,False,b1895a02c8655e0150b34805daec16c69467bfe0c91feec39df605e8910fb2b7,SEMANTIC_ADOPTION_PENDING,[],"[""WF_SETUP_CHANGE_EVENT_STATE"", ""WF_SETUP_TYPED_REPOSITORY""]",
EF_85f4b661ddf7bbe3,T14D_ADOPTION,"Concrete native arguments and decorators retained. Direct invocation and current/ambient delivery are exposed as a potential authority variant, not assumed equivalent to certified pipeline delivery.",False,"db: Session, pipeline: PipelineRun",SYNCHRONOUS_OR_ENQUEUE_NATIVE_OPERATION,[],DISCOVERED,T14D,"[""PIPELINE""]",EF_85f4b661ddf7bbe3,"[""app/services/market_calculation_context_service.py:market_context_for_pipeline""]",SERVICE_PUBLIC,"[""BOOTSTRAP""]",Exact source signature and selector clauses are discovery evidence. Semantic authority/conditional dispatch review is not yet complete; this record is not a bypass assertion.,Mounted HTTP/registered handler/public service or explicit CLI; source address and signature retained.,"[""def market_context_for_pipeline(db: Session, pipeline: PipelineRun) -> MarketCalculationCutoff:"", ""return standalone_market_context(reason=\""PIPELINE_TEST_SESSION_COMPATIBILITY\"")"", ""select(MarketCalculationContext).where("", ""MarketCalculationContext.pipeline_run_id == pipeline.id"", ""return create_pipeline_market_context(db, pipeline)"", ""return cutoff_from_row(row)""]",SEMANTIC_ADOPTION_PENDING,False,37a510c48cde85ca4fc061e5d0017f0c01836c095be3ea0341a5be34f42a18fb,SEMANTIC_ADOPTION_PENDING,[],"[""WF_MARKET_CONTEXT_AUTHORITY""]",
EF_866ac2c173ac81d7,T14B_ADOPTION,"Concrete native arguments and decorators retained. Direct invocation and current/ambient delivery are exposed as a potential authority variant, not assumed equivalent to certified pipeline delivery.",False,"db: Session, bars: Iterable[Any], changed_keys: set[SeriesIdentity], *, now: datetime | None=None",SYNCHRONOUS_OR_ENQUEUE_NATIVE_OPERATION,[],DISCOVERED,T14B,"[""PRICE""]",EF_866ac2c173ac81d7,"[""app/services/price_series_version_service.py:maintain_price_series_versions""]",SERVICE_PUBLIC,"[""MAINTENANCE""]",Exact source signature and selector clauses are discovery evidence. Semantic authority/conditional dispatch review is not yet complete; this record is not a bypass assertion.,Mounted HTTP/registered handler/public service or explicit CLI; source address and signature retained.,"[""series.latest_bar_date = max(dates)""]",SEMANTIC_ADOPTION_PENDING,False,de088773d7932d741aaf3cabbaa79df5b294a3902f74375b064eb076c1354c43,SEMANTIC_ADOPTION_PENDING,[],"[""WF_PRICE_SERIES_VERSION""]",
EF_874835d87c21855e,T14B_ADOPTION,"Concrete native arguments and decorators retained. Direct invocation and current/ambient delivery are exposed as a potential authority variant, not assumed equivalent to certified pipeline delivery.",False,"self, db: Session, dto: MarketRegimeSnapshotWrite, run_id: int | None=None",SYNCHRONOUS_OR_ENQUEUE_NATIVE_OPERATION,[],DISCOVERED,T14B,"[""CERI"", ""COMBINED"", ""CURRENT_PROJECTION"", ""FUNDAMENTAL"", ""IBMI"", ""RANKING"", ""REGIME"", ""SECTOR"", ""TECHNICAL""]",EF_874835d87c21855e,"[""app/services/market_regime_repository.py:MarketRegimeRepository.upsert_snapshot""]",SERVICE_PUBLIC,"[""CANONICAL_CALCULATION"", ""CURRENT_PROJECTION_ADVANCE""]",Exact source signature and selector clauses are discovery evidence. Semantic authority/conditional dispatch review is not yet complete; this record is not a bypass assertion.,Mounted HTTP/registered handler/public service or explicit CLI; source address and signature retained.,"[""previous = self._latest_logical_snapshot(db, dto, run_id)"", ""is_current_revision=True,""]",SEMANTIC_ADOPTION_PENDING,False,b443628a55dd0586fc748e8e443b4b28b37a7119ba2a63faecc0646f51bfff34,SEMANTIC_ADOPTION_PENDING,[],"[""WF_CORE_CURRENT_PROJECTION"", ""WF_CORE_RETAINED_EVIDENCE"", ""WF_REGIME_SNAPSHOT""]",
EF_883a8783001bcffe,T14D_ADOPTION,"Concrete native arguments and decorators retained. Direct invocation and current/ambient delivery are exposed as a potential authority variant, not assumed equivalent to certified pipeline delivery.",False,,SYNCHRONOUS_OR_ENQUEUE_NATIVE_OPERATION,[],DISCOVERED,T14D,"[""PRICE"", ""WINNER_PREDICTION""]",EF_883a8783001bcffe,"[""scripts/winner_market_data_recovery.py:main""]",CLI,"[""CURRENT_STATE_REPAIR"", ""MAINTENANCE""]",Exact source signature and selector clauses are discovery evidence. Semantic authority/conditional dispatch review is not yet complete; this record is not a bypass assertion.,Mounted HTTP/registered handler/public service or explicit CLI; source address and signature retained.,[],SEMANTIC_ADOPTION_PENDING,False,1947de44277453bf036a69449efb7a507d4dfa6dd409059214f37dc8ca4d4631,SEMANTIC_ADOPTION_PENDING,"[""T14C""]","[""WF_WINNER_MARKET_DATA_OBLIGATION"", ""WF_WINNER_TEMPORAL_VALIDITY""]",
EF_8971757daefc9594,T14B_ADOPTION,"Concrete native arguments and decorators retained. Direct invocation and current/ambient delivery are exposed as a potential authority variant, not assumed equivalent to certified pipeline delivery.",False,"db: Session, *, ticker: str, ib_conid: int | None, as_of_session: date, feature: FeatureResult, config: IBMarketIntelligenceConfig, intelligence_run_id: int | None=None, calculated_at: datetime | None=None, calculation_cutoff_at: datetime | None=None, constituents: Any | None=None",SYNCHRONOUS_OR_ENQUEUE_NATIVE_OPERATION,[],DISCOVERED,T14B,"[""CERI"", ""COMBINED"", ""CURRENT_PROJECTION"", ""FUNDAMENTAL"", ""IBMI"", ""RANKING"", ""REGIME"", ""SECTOR"", ""TECHNICAL""]",EF_8971757daefc9594,"[""app/services/ib_market_intelligence/repository.py:persist_feature""]",SERVICE_PUBLIC,"[""CANONICAL_CALCULATION"", ""CURRENT_PROJECTION_ADVANCE""]",Exact source signature and selector clauses are discovery evidence. Semantic authority/conditional dispatch review is not yet complete; this record is not a bypass assertion.,Mounted HTTP/registered handler/public service or explicit CLI; source address and signature retained.,"[""calculation_cutoff_at: datetime | None = None,"", ""calculation_cutoff_at=calculation_cutoff_at""]",SEMANTIC_ADOPTION_PENDING,False,cd771770dc9e76378b3c4fa229c1117b825adc6594d65d70f12a3fbe1b3f89ca,SEMANTIC_ADOPTION_PENDING,[],"[""WF_CORE_CURRENT_PROJECTION"", ""WF_CORE_RETAINED_EVIDENCE"", ""WF_IBMI_NATIVE_FEATURE""]",
EF_89da1789ee7554d2,T14D_ADOPTION,Native run payload latest_for_run lookup or persistent standalone build/commit before display. Exact as-of/native eligible sources remain required.,False,"request: Request, run_id: int, sector_slug: str, db: DbSession",SYNCHRONOUS_OR_ENQUEUE_NATIVE_OPERATION,"[""router.get('/runs/{run_id}/sector-rotation/{sector_slug}', response_class=HTMLResponse)""]",DISCOVERED,T14D,"[""CERI"", ""COMBINED"", ""CURRENT_PROJECTION"", ""FUNDAMENTAL"", ""IBMI"", ""RANKING"", ""REGIME"", ""SECTOR"", ""TECHNICAL""]",EF_89da1789ee7554d2,"[""app/routers/sector_rotation_routes.py:sector_rotation_drilldown""]",HTTP,"[""CANONICAL_CALCULATION""]",Finite initiator classification; existing native writer compliance is not replaced by route trust. Raw helper permutations may overapproximate conditional delivery.,Mounted HTTP/registered handler/public service or explicit CLI; source address and signature retained.,"[""payload = _run_payload_or_calculate(db, run_id)"", ""row = _payload_sector_row(payload, sector_slug)"", ""_drilldown_template_context(""]",SEMANTIC_ADOPTION_PENDING,True,771ef65def7fd9b4063946d9faac39177ce1a082fe1fbf835c7af1ba668e696e,SECTOR_RUN_BUILD_ON_MISS,"[""T14B""]","[""WF_CORE_CURRENT_PROJECTION"", ""WF_CORE_RETAINED_EVIDENCE"", ""WF_SECTOR_SNAPSHOT""]",
EF_8a3329a4bd4cdc2a,T14D_ADOPTION,"Mounted mutating route initiates the native named operation via durable enqueue/service submit. Configuration anchor is resolved at enqueue; worker execute_job supplies retained delivery and execution fence. Concrete arguments/selectors are retained below; domain calculation is owned by the listed native writer families, not by the route.",False,"run_id: int, fetch_run_id: int, db: DbSession",SYNCHRONOUS_OR_ENQUEUE_NATIVE_OPERATION,"[""router.post('/runs/{run_id}/ib/fetch/{fetch_run_id}/resume')"", ""unsafe_route(ROUTE_CLASS_PUBLIC_LOCAL, reason='resumes a local IB fetch')""]",DISCOVERED,T14D,"[""CONFIGURATION"", ""IBMI_SOURCE"", ""PRICE""]",EF_8a3329a4bd4cdc2a,"[""app/routers/run_routes.py:resume_run_ib_fetch_action""]",HTTP,"[""BOOTSTRAP""]",Finite initiator classification; existing native writer compliance is not replaced by route trust. Raw helper permutations may overapproximate conditional delivery.,Mounted HTTP/registered handler/public service or explicit CLI; source address and signature retained.,[],SEMANTIC_ADOPTION_PENDING,True,4ad74569b8e74b097ff49fd0a6d29a3c92de33e9816eb505dc0576b0f92dd98d,DURABLE_NATIVE_ENQUEUE,"[""SUPPORTED_DISTINCT_SEMANTICS_NO_CHANGE"", ""T14B"", ""T14C""]","[""WF_CONFIGURATION_DELIVERY"", ""WF_IB_CONTRACT_IDENTITY"", ""WF_PRICE_INGESTION"", ""WF_PRICE_SERIES_VERSION"", ""WF_WINNER_MARKET_DATA_OBLIGATION""]",
EF_8ad883f17f5b8452,T14D_ADOPTION,"Concrete native arguments and decorators retained. Direct invocation and current/ambient delivery are exposed as a potential authority variant, not assumed equivalent to certified pipeline delivery.",False,"db: Session, *, now: datetime | None=None, batch_size: int=500, max_batches: int=10",SYNCHRONOUS_OR_ENQUEUE_NATIVE_OPERATION,[],DISCOVERED,T14D,"[""CONFIGURATION"", ""CURRENT_PROJECTION"", ""WINNER_COHORT"", ""WINNER_GENERATION"", ""WINNER_OUTCOME"", ""WINNER_PREDICTION""]",EF_8ad883f17f5b8452,"[""app/services/winner_probability/scheduler.py:schedule_primary_h5_maturation""]",SCHEDULER,"[""BOOTSTRAP"", ""CANONICAL_CALCULATION"", ""CURRENT_PROJECTION_ADVANCE"", ""OUTCOME_MATURATION""]",Exact source signature and selector clauses are discovery evidence. Semantic authority/conditional dispatch review is not yet complete; this record is not a bypass assertion.,Mounted HTTP/registered handler/public service or explicit CLI; source address and signature retained.,"[""completed_session = latest_completed_session(now or datetime.now(UTC))"", "".order_by(BackgroundJob.id.desc())"", ""# completed job for this trading session terminates before a root context or""]",SEMANTIC_ADOPTION_PENDING,False,f6d856cece6d0d652e9d58af7624b2e2b3ce8fa36175116bcb581ce8946896f2,SEMANTIC_ADOPTION_PENDING,"[""SUPPORTED_DISTINCT_SEMANTICS_NO_CHANGE"", ""T14C""]","[""WF_CONFIGURATION_DELIVERY"", ""WF_WINNER_COHORT_DEFINITION"", ""WF_WINNER_COHORT_MATERIALIZATION"", ""WF_WINNER_EVIDENCE_MANIFEST"", ""WF_WINNER_FORWARD_MATURATION"", ""WF_WINNER_GENERATION"", ""WF_WINNER_OUTCOME_REVISION"", ""WF_WINNER_WATERMARK""]",
EF_8bc9bd0a149c2ced,T14D_ADOPTION,Explicit broker price acquisition reaches native bar/revision source writer and price-series versions. Root/session and contract arguments remain native; not Technical score finalization.,False,"db: DbSession, tickers: Annotated[str, Query(description='Comma-separated ticker list')], include_benchmarks: bool=True, force_refresh: bool=False, force_full_backfill: bool=False, what_to_show: Annotated[list[str] | None, Query()]=None",SYNCHRONOUS_OR_ENQUEUE_NATIVE_OPERATION,"[""router.post('/fetch')"", ""unsafe_route(ROUTE_CLASS_PUBLIC_LOCAL, reason='fetches read-only historical IB bars')""]",DISCOVERED,T14D,"[""IBMI_SOURCE"", ""PRICE""]",EF_8bc9bd0a149c2ced,"[""app/routers/ib_routes.py:fetch_bars""]",HTTP,"[""CANONICAL_CALCULATION""]",Finite initiator classification; existing native writer compliance is not replaced by route trust. Raw helper permutations may overapproximate conditional delivery.,Mounted HTTP/registered handler/public service or explicit CLI; source address and signature retained.,[],SEMANTIC_ADOPTION_PENDING,True,5f67384f0a09483f5aaea032aacd032c0d340c9cb7c1a7604588559b01994b9e,STANDALONE_PRICE_ACQUISITION,"[""T14B"", ""T14C""]","[""WF_IB_CONTRACT_IDENTITY"", ""WF_PRICE_INGESTION"", ""WF_PRICE_SERIES_VERSION"", ""WF_WINNER_MARKET_DATA_OBLIGATION""]",
EF_8c34bf021c5cd042,T14D_ADOPTION,"Registered native handler through background_worker.execute_job: exact configuration anchor loading, configuration_delivery_scope and fence_domain_commits with job execution token. Payload source/temporal references and native writer-family algorithms remain domain specific. Shared contract adoption is T14B/C/D; no additional dependency is inferred.",False,"db: Session, job: BackgroundJob, *, feature_service: CeriFeatureRebuildService | None=None",DURABLE_FENCED_NATIVE_DELIVERY,"[""anchored_job_configuration""]",DISCOVERED,T14D,"[""CERI"", ""CERI_ALERT"", ""CERI_CHANGE"", ""CERI_SOURCE"", ""COMBINED"", ""CONFIGURATION"", ""CURRENT_PROJECTION"", ""FUNDAMENTAL"", ""IBMI"", ""RANKING"", ""REGIME"", ""SECTOR"", ""TECHNICAL""]",EF_8c34bf021c5cd042,"[""app/services/ceri/job_handlers.py:execute_rebuild_features_job""]",DURABLE_JOB,"[""BOOTSTRAP"", ""CANONICAL_CALCULATION"", ""CURRENT_PROJECTION_ADVANCE"", ""MAINTENANCE""]","Classification covers registered worker dispatch; direct calls to the handler outside execute_job are separate direct-call variants, not certified by worker transport.",Mounted HTTP/registered handler/public service or explicit CLI; source address and signature retained.,"[""payload = job.payload_json or {}"", ""missing_context = ["", ""for key in (\""calculation_context_id\"", \""cutoff_at\"", \""as_of_session\"", \""calendar_version\"")"", ""if missing_context:"", ""\""Pipeline-owned CERI feature job is missing frozen context fields: \"""", ""+ \"", \"".join(missing_context)"", ""cutoff_at=_optional_datetime(payload.get(\""cutoff_at\"")),"", ""calculation_context_id=_optional_int(payload.get(\""calculation_context_id\"")),""]",SEMANTIC_ADOPTION_PENDING,True,3a4a73bf3ebcf9389f9b0d5f6e9c362dd1e3e0f9531895c1cd8bd92e0fb98ee4,DURABLE_JOB,"[""SUPPORTED_DISTINCT_SEMANTICS_NO_CHANGE"", ""T14B"", ""T14C""]","[""WF_CERI_ALERT_CREATION"", ""WF_CERI_CHANGE"", ""WF_CERI_CONSENSUS_ATTACH"", ""WF_CERI_FEATURE_BUILD"", ""WF_CERI_PRICE_RESPONSE"", ""WF_CERI_REVISION_FEATURE"", ""WF_CERI_SCORE"", ""WF_CONFIGURATION_DELIVERY"", ""WF_CORE_CURRENT_PROJECTION"", ""WF_CORE_RETAINED_EVIDENCE""]",
EF_8cbe38eaadc0dfcb,T14C_ADOPTION,"Concrete native arguments and decorators retained. Direct invocation and current/ambient delivery are exposed as a potential authority variant, not assumed equivalent to certified pipeline delivery.",False,"self, db: Session, *, prediction: WinnerPredictionSnapshot, outcome_definition: WinnerOutcomeDefinition, config: WinnerProbabilityConfig | None=None",SYNCHRONOUS_OR_ENQUEUE_NATIVE_OPERATION,[],DISCOVERED,T14C,"[""WINNER_COHORT"", ""WINNER_ESTIMATE""]",EF_8cbe38eaadc0dfcb,"[""app/services/winner_probability/probability_estimator.py:ProbabilityEstimator.create_decision_time_estimate""]",SERVICE_PUBLIC,"[""BOOTSTRAP"", ""CANONICAL_CALCULATION""]",Exact source signature and selector clauses are discovery evidence. Semantic authority/conditional dispatch review is not yet complete; this record is not a bypass assertion.,Mounted HTTP/registered handler/public service or explicit CLI; source address and signature retained.,"[""config = config or load_winner_probability_config()"", ""from app.services.decision_effective_configuration import resolve_winner_configuration"", ""config = resolve_winner_configuration(config, family=\""cohort\"").winner_config()"", ""training_cutoff_at=prediction.source_data_cutoff_at,""]",SEMANTIC_ADOPTION_PENDING,False,375f3806061617f55358f7740c83fee14af7825084f29207eb8e37b68fad1680,SEMANTIC_ADOPTION_PENDING,[],"[""WF_WINNER_COHORT_DEFINITION"", ""WF_WINNER_ESTIMATOR"", ""WF_WINNER_EVIDENCE_MANIFEST"", ""WF_WINNER_INLINE_COHORT""]",
EF_8d44630b5c3bfb20,T14C_ADOPTION,"Concrete native arguments and decorators retained. Direct invocation and current/ambient delivery are exposed as a potential authority variant, not assumed equivalent to certified pipeline delivery.",False,"self, db: Session, *, change: CeriChangeEvent, ticker: str",SYNCHRONOUS_OR_ENQUEUE_NATIVE_OPERATION,"[""anchored_decision_calculator""]",DISCOVERED,T14C,"[""CERI_ALERT""]",EF_8d44630b5c3bfb20,"[""app/services/ceri/alert_service.py:CeriAlertService.persist_alert_for_change""]",SERVICE_PUBLIC,"[""CANONICAL_CALCULATION""]",Exact source signature and selector clauses are discovery evidence. Semantic authority/conditional dispatch review is not yet complete; this record is not a bypass assertion.,Mounted HTTP/registered handler/public service or explicit CLI; source address and signature retained.,"[""self._ensure_rule_configuration(db)"", ""configuration_payload = self.effective_configuration.snapshot.as_dict()"", ""validity_classification=\""VALID_CURRENT\"","", ""\""effective_configuration_at_creation\"": configuration_payload,""]",SEMANTIC_ADOPTION_PENDING,False,4af397c52731eb0195df7b1d3ba4079a2deb134e0630576e0ca25ffca9fbd0b8,SEMANTIC_ADOPTION_PENDING,[],"[""WF_CERI_ALERT_CREATION""]",
EF_8dac9448947605ba,T14D_ADOPTION,"Concrete native arguments and decorators retained. Direct invocation and current/ambient delivery are exposed as a potential authority variant, not assumed equivalent to certified pipeline delivery.",False,"db: Session, *, verified: VerifiedTransitionPreflight, pipeline: PipelineRun",SYNCHRONOUS_OR_ENQUEUE_NATIVE_OPERATION,[],DISCOVERED,T14D,"[""PIPELINE""]",EF_8dac9448947605ba,"[""app/services/transition_preflight_plan_service.py:consume_transition_preflight""]",SERVICE_PUBLIC,"[""BOOTSTRAP""]",Exact source signature and selector clauses are discovery evidence. Semantic authority/conditional dispatch review is not yet complete; this record is not a bypass assertion.,Mounted HTTP/registered handler/public service or explicit CLI; source address and signature retained.,"["") -> MarketCalculationCutoff:"", ""market_cutoff = attach_reserved_market_context("", ""context_id=verified.plan.market_calculation_context_id,"", ""\""transition_preflight_consumed plan_id=%s context_id=%s upload_run_id=%s \"""", ""\""pipeline_id=%s candidate_type=%s selection_keys=%s cutoff=%s session=%s\"","", ""verified.plan.market_calculation_context_id,"", ""verified.plan.upload_run_id,"", ""CanonicalEvidenceSerializer.canonicalize(market_cutoff.cutoff_at),"", ""market_cutoff.latest_completed_session.isoformat(),"", ""return market_cutoff""]",SEMANTIC_ADOPTION_PENDING,False,722769048b4e7c34632e6fcaaf36a9a1cc7f3c7ddd4f40dc40322319bd455fb4,SEMANTIC_ADOPTION_PENDING,[],"[""WF_MARKET_CONTEXT_AUTHORITY""]",
EF_8e2313d593ef63fa,T14D_ADOPTION,"Concrete native arguments and decorators retained. Direct invocation and current/ambient delivery are exposed as a potential authority variant, not assumed equivalent to certified pipeline delivery.",False,"db: Session, job: BackgroundJob, *, settings: Settings | None=None",SYNCHRONOUS_OR_ENQUEUE_NATIVE_OPERATION,[],DISCOVERED,T14D,"[""IBMI_SOURCE"", ""PRICE""]",EF_8e2313d593ef63fa,"[""app/services/market_data_prewarm_service.py:execute_market_data_prewarm""]",SERVICE_PUBLIC,"[""CANONICAL_CALCULATION"", ""MAINTENANCE""]",Exact source signature and selector clauses are discovery evidence. Semantic authority/conditional dispatch review is not yet complete; this record is not a bypass assertion.,Mounted HTTP/registered handler/public service or explicit CLI; source address and signature retained.,"[""request = MarketDataPrewarmRequest.from_payload(job.payload_json or {})"", ""\""universe_fingerprint\"": job.payload_json.get(\""universe_fingerprint\""),"", ""\""effective_session\"": job.payload_json.get("", ""(request.freshness_date or latest_completed_us_trading_day()).isoformat(),"", ""\""bar_size\"": job.payload_json.get(\""bar_size\"", settings.ib_default_bar_size),"", ""\""data_types\"": job.payload_json.get(\""data_types\"", list(DEFAULT_WHAT_TO_SHOW)),"", ""\""config_version\"": job.payload_json.get("", ""\""config_fingerprint\"": job.payload_json.get(\""config_fingerprint\""),"", ""\""already_current_tickers\"": list(planned_coverage[\""already_current\""]),"", ""job.payload_json.get(\""foreground_reuse_observations\"") or []"", ""\""preemption_history\"": list(job.payload_json.get(\""preemption_history\"") or []),"", ""\""preemption_count\"": int(job.payload_json.get(\""preemption_count\"") or 0),""]",SEMANTIC_ADOPTION_PENDING,False,401577235d9ff6d424bf9ce8756d6279ee86c2473d77361f5a4043d93a35753e,SEMANTIC_ADOPTION_PENDING,"[""T14B"", ""T14C""]","[""WF_IB_CONTRACT_IDENTITY"", ""WF_PRICE_INGESTION"", ""WF_PRICE_SERIES_VERSION"", ""WF_WINNER_MARKET_DATA_OBLIGATION""]",
EF_8e47858541189c36,T14C_ADOPTION,"Concrete native arguments and decorators retained. Direct invocation and current/ambient delivery are exposed as a potential authority variant, not assumed equivalent to certified pipeline delivery.",False,"self, db: Session, *, outcome_definition: WinnerOutcomeDefinition, config: WinnerProbabilityConfig, observed_at: datetime | None=None",SYNCHRONOUS_OR_ENQUEUE_NATIVE_OPERATION,[],DISCOVERED,T14C,"[""CURRENT_PROJECTION""]",EF_8e47858541189c36,"[""app/services/winner_probability/cohort_generation_service.py:EvidenceWatermarkService.advance_to_current_material_evidence""]",SERVICE_PUBLIC,"[""CURRENT_PROJECTION_ADVANCE""]",Exact source signature and selector clauses are discovery evidence. Semantic authority/conditional dispatch review is not yet complete; this record is not a bypass assertion.,Mounted HTTP/registered handler/public service or explicit CLI; source address and signature retained.,"[""def advance_to_current_material_evidence("", ""watermark = self.current_material_watermark(db, outcome_definition_id=outcome_definition.id)"", ""current = watermark_from_state(state)"", ""ordering = _compare_watermarks(watermark, current)""]",SEMANTIC_ADOPTION_PENDING,False,892d9d514f152cc9b2d4316ef27c3cb7152925551560123f629c6bc49ae8a678,SEMANTIC_ADOPTION_PENDING,[],"[""WF_WINNER_WATERMARK""]",
EF_8eedb2c400c92649,T14D_ADOPTION,"Concrete native arguments and decorators retained. Direct invocation and current/ambient delivery are exposed as a potential authority variant, not assumed equivalent to certified pipeline delivery.",False,"self, db: Session, run_id: int, *, tickers: set[str] | None=None, force: bool=False, cutoff_at: datetime | None=None, market_cutoff: MarketCalculationCutoff | None=None, effective_configuration=None, expected_calculation_identity=None",SYNCHRONOUS_OR_ENQUEUE_NATIVE_OPERATION,[],DISCOVERED,T14D,"[""CERI"", ""CERI_ALERT"", ""CERI_CHANGE"", ""CERI_SOURCE"", ""COMBINED"", ""CURRENT_PROJECTION"", ""FUNDAMENTAL"", ""IBMI"", ""RANKING"", ""REGIME"", ""SECTOR"", ""TECHNICAL""]",EF_8eedb2c400c92649,"[""app/services/ceri/capture_service.py:CeriRunCaptureService.capture_run""]",SERVICE_PUBLIC,"[""CANONICAL_CALCULATION"", ""CURRENT_PROJECTION_ADVANCE"", ""MAINTENANCE""]",Exact source signature and selector clauses are discovery evidence. Semantic authority/conditional dispatch review is not yet complete; this record is not a bypass assertion.,Mounted HTTP/registered handler/public service or explicit CLI; source address and signature retained.,"[""cutoff_at: datetime | None = None,"", ""market_cutoff: MarketCalculationCutoff | None = None,"", ""effective_configuration=None,"", ""from app.services.contextual_effective_configuration import resolve_ceri_configuration"", ""ibmi_config = load_ib_market_intelligence_config()"", ""from app.services.effective_configuration import ("", ""ConfigurationSource,"", ""ConfigurationSourceKind,"", ""native_sources = dict(getattr(settings, \""_contextual_configuration_sources\"", ()))"", ""f\""consumer.{key}\"": ConfigurationSource("", ""ConfigurationSourceKind(native_sources.get(field, \""SETTINGS_MODEL\"")), field"", ""consumer_sources[\""consumer.run_capture\""] = ConfigurationSource("", ""ConfigurationSourceKind.SETTINGS_MODEL, \""ceri-effective-master-and-run-capture-flags\"""", ""consumer_sources[\""consumer.revision_feature_config_hash\""] = ConfigurationSource("", ""ConfigurationSourceKind.REQUEST, \""ceri-native-feature-config-filter\"""", ""getattr(ibmi_config, \""_configuration_sources\"", ())"", ""ConfigurationSource("", ""ConfigurationSourceKind.CODE_DEFAULT, \""ceri-options-risk-default-cap\"""", ""frozen = effective_configuration or resolve_ceri_configuration("", ""frozen.require_family(\""contextual.ceri\"")"", ""self.snapshot_service.effective_configuration = frozen"", ""if market_cutoff is None:"", ""market_cutoff = standalone_market_context("", ""reason=\""STANDALONE_CERI_CAPTURE\"", cutoff_at=cutoff_at"", ""elif cutoff_at is not None and cutoff_at != market_cutoff.cutoff_at:"", ""raise ValueError(\""cutoff_at conflicts with the frozen market cutoff\"")"", ""cutoff_at = market_cutoff.cutoff_at"", ""as_of_session = market_cutoff.latest_completed_session"", ""cutoff_at,"", ""cutoff_at,"", ""calculation_context_id=market_cutoff.context_id,"", ""pipeline_id = pipeline_id_for_cutoff(db, run_id=run_id, market_cutoff=market_cutoff)"", ""ibmi_candidates = _preload_ibmi_context(db, rows, cutoff_at, settings=settings)"", ""market_cutoff,"", ""cutoff_at,"", ""cutoff_at,"", ""cutoff_at,"", ""cutoff_at=cutoff_at,"", ""calculation_context_id=market_cutoff.context_id,"", ""calendar_version=market_cutoff.calendar_version,"", ""contextual_permissions = {}"", ""cutoff_at,"", ""market_cutoff=market_cutoff,"", ""decisions=contextual_permissions,"", ""cutoff_at,"", ""market_cutoff=market_cutoff,"", ""decisions=contextual_permissions,"", ""cutoff_at=cutoff_at,"", ""guidance_events=_guidance_for_company(db, company.id, as_of_session, cutoff_at),"", ""guidance_rows = _guidance_for_company(db, company.id, as_of_session, cutoff_at)"", ""catalyst_lineage = _catalyst_lineage(db, company.id, as_of_session, cutoff_at)"", ""CONTEXTUAL_ELIGIBILITY_KEY: contextual_permissions,"", ""\""ib_context_selected_feature_ids\"": sorted("", ""for permission in contextual_permissions.values()"", ""\""calculation_context_id\"": market_cutoff.context_id,"", ""\""calculation_cutoff_at\"": CanonicalEvidenceSerializer.canonicalize("", ""market_cutoff.cutoff_at"", ""\""calendar_version\"": market_cutoff.calendar_version,"", ""\""current_snapshot_id\"": feature.current_snapshot_id,"", ""ceri_base_identity = consumer_context_identity("", ""market_cutoff=market_cutoff,"", ""ceri_identity = build_contextual_result_identity("", ""namespace=\""ceri-context\"","", ""ceri_identity = self.snapshot_service.effective_configuration.bind(ceri_identity)"", ""identity_metadata(ceri_identity, policy=CERI_CONTEXT_COMPATIBILITY.name)"", ""cutoff_at=cutoff_at,"", ""alignment_context=_alignment_context(db, row, run_id),"", ""snapshot.calculation_context_id = market_cutoff.context_id"", ""snapshot.calendar_version = market_cutoff.calendar_version"", ""current=snapshot,"", ""new_changes = _latest_changes(db, company.id, changes.changes)""]",SEMANTIC_ADOPTION_PENDING,False,9d483c67f9f7d36d5779ab237448001bdca5dc3502d389747a69ef1336238f1c,SEMANTIC_ADOPTION_PENDING,"[""T14B"", ""T14C""]","[""WF_CERI_ALERT_CREATION"", ""WF_CERI_CHANGE"", ""WF_CERI_CONSENSUS_ATTACH"", ""WF_CERI_PRICE_RESPONSE"", ""WF_CERI_SCORE"", ""WF_CORE_CURRENT_PROJECTION"", ""WF_CORE_RETAINED_EVIDENCE""]",
EF_8f75a6b432147740,T14D_ADOPTION,"Concrete native arguments and decorators retained. Direct invocation and current/ambient delivery are exposed as a potential authority variant, not assumed equivalent to certified pipeline delivery.",False,"db: Session, request: MarketDataPrewarmRequest, settings: Settings | None=None",SYNCHRONOUS_OR_ENQUEUE_NATIVE_OPERATION,[],DISCOVERED,T14D,"[""CONFIGURATION"", ""IBMI_SOURCE"", ""PRICE""]",EF_8f75a6b432147740,"[""app/services/market_data_prewarm_service.py:enqueue_market_data_prewarm""]",SERVICE_PUBLIC,"[""BOOTSTRAP"", ""CANONICAL_CALCULATION"", ""MAINTENANCE""]",Exact source signature and selector clauses are discovery evidence. Semantic authority/conditional dispatch review is not yet complete; this record is not a bypass assertion.,Mounted HTTP/registered handler/public service or explicit CLI; source address and signature retained.,[],SEMANTIC_ADOPTION_PENDING,False,401577235d9ff6d424bf9ce8756d6279ee86c2473d77361f5a4043d93a35753e,SEMANTIC_ADOPTION_PENDING,"[""SUPPORTED_DISTINCT_SEMANTICS_NO_CHANGE"", ""T14B"", ""T14C""]","[""WF_CONFIGURATION_DELIVERY"", ""WF_IB_CONTRACT_IDENTITY"", ""WF_PRICE_INGESTION"", ""WF_PRICE_SERIES_VERSION"", ""WF_WINNER_MARKET_DATA_OBLIGATION""]",
EF_913f3902d02f0fc3,T14C_ADOPTION,"Concrete native arguments and decorators retained. Direct invocation and current/ambient delivery are exposed as a potential authority variant, not assumed equivalent to certified pipeline delivery.",False,"self, db: Session, current: WinnerTargetStopOutcome, values: dict[str, Any], *, now: datetime",SYNCHRONOUS_OR_ENQUEUE_NATIVE_OPERATION,[],DISCOVERED,T14C,"[""WINNER_OUTCOME""]",EF_913f3902d02f0fc3,"[""app/services/winner_probability/outcome_revision_service.py:OutcomeRevisionService.upsert_target_stop_revision""]",SERVICE_PUBLIC,"[""OUTCOME_MATURATION""]",Exact source signature and selector clauses are discovery evidence. Semantic authority/conditional dispatch review is not yet complete; this record is not a bypass assertion.,Mounted HTTP/registered handler/public service or explicit CLI; source address and signature retained.,"[""current: WinnerTargetStopOutcome,"", ""if current.source_bar_lineage_hash == lineage_hash and current.evaluated_at is not None:"", ""return current, False"", ""if current.source_bar_lineage_hash is None or current.evaluated_at is None:"", ""_assign(current, values)"", ""return current, True"", ""current.is_current_revision = False"", ""current.superseded_at = now"", ""prediction_id=current.prediction_id,"", ""outcome_definition_id=current.outcome_definition_id,"", ""entry_model=current.entry_model,"", ""horizon_sessions=current.horizon_sessions,"", ""target_pct=current.target_pct,"", ""stop_pct=current.stop_pct,"", ""revision=current.revision + 1,"", ""is_current_revision=True,"", ""metadata_json={**(current.metadata_json or {}), \""revised_from_id\"": current.id},""]",SEMANTIC_ADOPTION_PENDING,False,dc0140d05d27e7498a83af2f39ec6b71797e9ac44b15058a910edac541ef62c7,SEMANTIC_ADOPTION_PENDING,[],"[""WF_WINNER_OUTCOME_REVISION""]",
EF_919b08f9bc6d4b63,T14B_ADOPTION,"Concrete native arguments and decorators retained. Direct invocation and current/ambient delivery are exposed as a potential authority variant, not assumed equivalent to certified pipeline delivery.",False,"db: Session, ticker: str, ib: IB, force_refresh: bool=False",SYNCHRONOUS_OR_ENQUEUE_NATIVE_OPERATION,[],DISCOVERED,T14B,"[""IBMI_SOURCE""]",EF_919b08f9bc6d4b63,"[""app/services/ib_contract_resolver.py:resolve_us_stock_contract""]",SERVICE_PUBLIC,"[""MAINTENANCE""]",Exact source signature and selector clauses are discovery evidence. Semantic authority/conditional dispatch review is not yet complete; this record is not a bypass assertion.,Mounted HTTP/registered handler/public service or explicit CLI; source address and signature retained.,[],SEMANTIC_ADOPTION_PENDING,False,5bb255198cab1844e310195f243ab0751871f166297628964e65eac664ce5f23,SEMANTIC_ADOPTION_PENDING,[],"[""WF_IB_CONTRACT_IDENTITY""]",
EF_91d23aeb828f0378,T14D_ADOPTION,"Registered native handler through background_worker.execute_job: exact configuration anchor loading, configuration_delivery_scope and fence_domain_commits with job execution token. Payload source/temporal references and native writer-family algorithms remain domain specific. Shared contract adoption is T14B/C/D; no additional dependency is inferred.",False,"db: Session, job: BackgroundJob, *, probability_estimator: ProbabilityEstimator | None=None",DURABLE_FENCED_NATIVE_DELIVERY,"[""anchored_job_configuration""]",DISCOVERED,T14D,"[""WINNER_ESTIMATE""]",EF_91d23aeb828f0378,"[""app/services/winner_probability/job_handlers.py:execute_latest_rescore_job""]",DURABLE_JOB,"[""CURRENT_RULES_RETROSPECTIVE""]","Classification covers registered worker dispatch; direct calls to the handler outside execute_job are separate direct-call variants, not certified by worker transport.",Mounted HTTP/registered handler/public service or explicit CLI; source address and signature retained.,"[""def execute_latest_rescore_job("", ""payload = dict(job.payload_json or {})"", ""config = load_winner_probability_config()"", ""process_type=WINNER_LATEST_RESCORE,"", ""target_ids = _freeze_latest_rescore_targets(db, payload)"", ""job.payload_json = dict(payload)"", ""raise ValueError(\""latest rescore target manifest exceeds the 10,000-row safety cap\"")"", ""or get_settings().winner_latest_rescore_max_predictions_per_slice,"", ""result = probability_estimator.create_latest_rescore_from_generation("", ""job.payload_json = dict(payload)"", ""raise JobDeferred(\""winner latest rescore continuation\"", delay_seconds=1)"", ""\""job_type\"": WINNER_LATEST_RESCORE,""]",SEMANTIC_ADOPTION_PENDING,True,6648afb29b36f57bfe17a3eead0f5ef4a720f80e46be27310cb7f9ed7b5c87fd,DURABLE_JOB,"[""T14C""]","[""WF_WINNER_LATEST_RESCORE""]",
EF_9271dda80cbc7784,T14D_ADOPTION,"Concrete native arguments and decorators retained. Direct invocation and current/ambient delivery are exposed as a potential authority variant, not assumed equivalent to certified pipeline delivery.",False,,SYNCHRONOUS_OR_ENQUEUE_NATIVE_OPERATION,[],DISCOVERED,T14D,"[""IBMI_SOURCE""]",EF_9271dda80cbc7784,"[""scripts/validate_ib_market_intelligence.py:main""]",CLI,"[""MAINTENANCE""]",Exact source signature and selector clauses are discovery evidence. Semantic authority/conditional dispatch review is not yet complete; this record is not a bypass assertion.,Mounted HTTP/registered handler/public service or explicit CLI; source address and signature retained.,"[""config = load_ib_market_intelligence_config(settings=settings)""]",SEMANTIC_ADOPTION_PENDING,False,eed3f766f483f09e7b9b83fa73b9dcaaf202927be539c0ad5bfe2332519b96cf,SEMANTIC_ADOPTION_PENDING,"[""T14B""]","[""WF_IB_CONTRACT_IDENTITY""]",
EF_9331426e90d56ac8,T14C_ADOPTION,"Concrete native arguments and decorators retained. Direct invocation and current/ambient delivery are exposed as a potential authority variant, not assumed equivalent to certified pipeline delivery.",False,"self, db: Session, event: SetupLifecycleEvent",SYNCHRONOUS_OR_ENQUEUE_NATIVE_OPERATION,[],DISCOVERED,T14C,"[""ALERT_DECISION"", ""LIFECYCLE_EVALUATION"", ""LIFECYCLE_TRANSITION"", ""SETUP""]",EF_9331426e90d56ac8,"[""app/services/setup_lifecycle/repository.py:SetupLifecycleRepository.add_new_lifecycle_event""]",SERVICE_PUBLIC,"[""CANONICAL_CALCULATION""]",Exact source signature and selector clauses are discovery evidence. Semantic authority/conditional dispatch review is not yet complete; this record is not a bypass assertion.,Mounted HTTP/registered handler/public service or explicit CLI; source address and signature retained.,[],SEMANTIC_ADOPTION_PENDING,False,fbe61b3f69359337c6100dd7148dfc3c6c65f1255fcf7781b8672c9cdb016925,SEMANTIC_ADOPTION_PENDING,[],"[""WF_SETUP_TRANSITION_EVENT_STATE"", ""WF_SETUP_TYPED_REPOSITORY""]",
EF_952eb770ffb142bc,T14D_ADOPTION,"Concrete native arguments and decorators retained. Direct invocation and current/ambient delivery are exposed as a potential authority variant, not assumed equivalent to certified pipeline delivery.",False,"*, worker_id: str, worker_instance_id: str | None=None, queues: Iterable[str] | None=None, stale_after_seconds: int, heartbeat_timeout_seconds: int=30, fairness_enabled: bool=False, max_consecutive_interactive: int=4, age_promotion_seconds: int=300, claim_state: WorkerClaimState | None=None, session_factory: sessionmaker[Session], handlers: Mapping[str, JobHandler] | None=None, schedule_winner_probability: bool=False, certification_mode: bool=False, certification_session_id: str | None=None, sec_capability_required: bool=False",SYNCHRONOUS_OR_ENQUEUE_NATIVE_OPERATION,[],DISCOVERED,T14D,"[""CONFIGURATION"", ""CURRENT_PROJECTION"", ""PIPELINE"", ""WINNER_COHORT"", ""WINNER_GENERATION"", ""WINNER_OUTCOME"", ""WINNER_PREDICTION""]",EF_952eb770ffb142bc,"[""app/services/background_worker.py:run_worker_once""]",SERVICE_PUBLIC,"[""BOOTSTRAP"", ""CANONICAL_CALCULATION"", ""CURRENT_PROJECTION_ADVANCE"", ""CURRENT_STATE_REPAIR"", ""OUTCOME_MATURATION""]",Exact source signature and selector clauses are discovery evidence. Semantic authority/conditional dispatch review is not yet complete; this record is not a bypass assertion.,Mounted HTTP/registered handler/public service or explicit CLI; source address and signature retained.,"[""execution_token = job.execution_token"", ""execution_token=execution_token,"", ""execution_token=execution_token,"", ""mark_job_partial(db, job, result, execution_token=execution_token)"", ""mark_job_completed(db, job, result, execution_token=execution_token)"", ""execution_token=execution_token,"", ""mark_job_cancelled(db, job, execution_token=execution_token)"", ""execution_token=execution_token,"", ""mark_job_failed_or_retry(db, job, exc, execution_token=execution_token)""]",SEMANTIC_ADOPTION_PENDING,False,de3e326ac5c9ebadf0d316d6546fd6a856e4b7fc4b375ad9f954ac25b03d5876,SEMANTIC_ADOPTION_PENDING,"[""SUPPORTED_DISTINCT_SEMANTICS_NO_CHANGE"", ""T14C""]","[""WF_CONFIGURATION_DELIVERY"", ""WF_PIPELINE_CONTROL"", ""WF_SEC_PIPELINE_READINESS_REPAIR"", ""WF_WINNER_COHORT_DEFINITION"", ""WF_WINNER_COHORT_MATERIALIZATION"", ""WF_WINNER_EVIDENCE_MANIFEST"", ""WF_WINNER_FORWARD_MATURATION"", ""WF_WINNER_GENERATION"", ""WF_WINNER_OUTCOME_REVISION"", ""WF_WINNER_WATERMARK""]",
EF_955c1ccf26f164a6,T14C_ADOPTION,"Concrete native arguments and decorators retained. Direct invocation and current/ambient delivery are exposed as a potential authority variant, not assumed equivalent to certified pipeline delivery.",False,"self, db: Session, *, model_id: int, actor: str, reason: str, config: WinnerProbabilityConfig | None=None",SYNCHRONOUS_OR_ENQUEUE_NATIVE_OPERATION,[],DISCOVERED,T14C,"[""WINNER_MODEL""]",EF_955c1ccf26f164a6,"[""app/services/winner_probability/model_registry.py:ModelRegistry.promote_model""]",SERVICE_PUBLIC,"[""MAINTENANCE""]",Exact source signature and selector clauses are discovery evidence. Semantic authority/conditional dispatch review is not yet complete; this record is not a bypass assertion.,Mounted HTTP/registered handler/public service or explicit CLI; source address and signature retained.,[],SEMANTIC_ADOPTION_PENDING,False,dc58b45f79faa3650862b07dc5adb6d256a1331390e8694b5e67d53625954740,SEMANTIC_ADOPTION_PENDING,[],"[""WF_WINNER_MODEL_GOVERNANCE""]",
EF_9ae86c108357a235,T14D_ADOPTION,"Concrete native arguments and decorators retained. Direct invocation and current/ambient delivery are exposed as a potential authority variant, not assumed equivalent to certified pipeline delivery.",False,"session_factory: Callable[[], Session], manifest: dict[str, Any], *, reviewed_manifest_hash: str, approve_write: bool, actor: str, request_key: str, now: datetime | None=None",SYNCHRONOUS_OR_ENQUEUE_NATIVE_OPERATION,[],DISCOVERED,T14D,"[""WINNER_OUTCOME"", ""WINNER_PREDICTION""]",EF_9ae86c108357a235,"[""app/services/winner_probability/maturation_canary_service.py:execute_reviewed_maturation_canary""]",SERVICE_PUBLIC,"[""CURRENT_STATE_REPAIR"", ""OUTCOME_MATURATION""]",Exact source signature and selector clauses are discovery evidence. Semantic authority/conditional dispatch review is not yet complete; this record is not a bypass assertion.,Mounted HTTP/registered handler/public service or explicit CLI; source address and signature retained.,"[""current = build_maturation_canary_manifest(preflight_db, ids)"", ""if canonical_manifest_bytes(current) != canonical_manifest_bytes(manifest):"", ""current_record = build_maturation_canary_manifest(db, [outcome_id])[\""outcomes\""][0]"", ""if canonical_manifest_bytes(current_record) != canonical_manifest_bytes(reviewed):"", ""context = service.build_batch_context(db, [outcome])"", ""context=context,""]",SEMANTIC_ADOPTION_PENDING,False,b62e324968981e9b097bcc32f72a56aab7babb0f881df229f9a3670d9df13acf,SEMANTIC_ADOPTION_PENDING,"[""T14C""]","[""WF_WINNER_FORWARD_MATURATION"", ""WF_WINNER_MATURATION_CANARY"", ""WF_WINNER_OUTCOME_REVISION""]",
EF_9aef80213867f7fc,T14D_ADOPTION,"Mounted mutating route initiates the native named operation via durable enqueue/service submit. Configuration anchor is resolved at enqueue; worker execute_job supplies retained delivery and execution fence. Concrete arguments/selectors are retained below; domain calculation is owned by the listed native writer families, not by the route.",False,"request: Request, payload: FlexJobRequest, db: DbSession",SYNCHRONOUS_OR_ENQUEUE_NATIVE_OPERATION,"[""router.post('/api/ib-intelligence/flex/import')"", ""unsafe_route(ROUTE_CLASS_LOCAL_ADMIN, reason='queues reporting-only Flex import', csrf_required=True, local_admin_required=True)""]",DISCOVERED,T14D,"[""CONFIGURATION"", ""TRADE_JOURNAL""]",EF_9aef80213867f7fc,"[""app/routers/ib_market_intelligence_routes.py:queue_flex""]",HTTP,"[""BOOTSTRAP""]",Finite initiator classification; existing native writer compliance is not replaced by route trust. Raw helper permutations may overapproximate conditional delivery.,Mounted HTTP/registered handler/public service or explicit CLI; source address and signature retained.,[],SEMANTIC_ADOPTION_PENDING,True,c9e7d034e0e72ae15a30ae165ea1f88faf9b6b8dd653e540e1755975dcbd38c3,DURABLE_NATIVE_ENQUEUE,"[""SUPPORTED_DISTINCT_SEMANTICS_NO_CHANGE"", ""T14B""]","[""WF_CONFIGURATION_DELIVERY"", ""WF_IB_FLEX_IMPORT"", ""WF_IB_TRADE_EPISODES"", ""WF_IB_TRADE_RESEARCH_LINK""]",
EF_9b4d3201debe9ea7,T14C_ADOPTION,"Concrete native arguments and decorators retained. Direct invocation and current/ambient delivery are exposed as a potential authority variant, not assumed equivalent to certified pipeline delivery.",False,"self, db: Session, *, rule_id: str, severity: str, scope: str, config_version: str, enabled: bool=True, setup_family: str | None=None, cooldown_sessions: int=0, minimum_confidence: int=0, condition: dict[str, Any] | None=None, market_restrictions: dict[str, Any] | None=None",SYNCHRONOUS_OR_ENQUEUE_NATIVE_OPERATION,[],DISCOVERED,T14C,"[""ALERT_DECISION"", ""CONFIGURATION""]",EF_9b4d3201debe9ea7,"[""app/services/setup_lifecycle/repository.py:SetupLifecycleRepository.upsert_alert_rule""]",SERVICE_PUBLIC,"[""CANONICAL_CALCULATION""]",Exact source signature and selector clauses are discovery evidence. Semantic authority/conditional dispatch review is not yet complete; this record is not a bypass assertion.,Mounted HTTP/registered handler/public service or explicit CLI; source address and signature retained.,[],SEMANTIC_ADOPTION_PENDING,False,fbe61b3f69359337c6100dd7148dfc3c6c65f1255fcf7781b8672c9cdb016925,SEMANTIC_ADOPTION_PENDING,[],"[""WF_SETUP_ALERT_RULE_STATE""]",
EF_9b54186b1978efc7,T14C_ADOPTION,"Concrete native arguments and decorators retained. Direct invocation and current/ambient delivery are exposed as a potential authority variant, not assumed equivalent to certified pipeline delivery.",False,"self, db",SYNCHRONOUS_OR_ENQUEUE_NATIVE_OPERATION,"[""anchored_decision_calculator""]",DISCOVERED,T14C,"[""ALERT_DECISION"", ""CONFIGURATION""]",EF_9b54186b1978efc7,"[""app/services/setup_lifecycle/alert_service.py:SetupLifecycleAlertService.seed_builtin_rules""]",SERVICE_PUBLIC,"[""BOOTSTRAP"", ""CANONICAL_CALCULATION""]",Exact source signature and selector clauses are discovery evidence. Semantic authority/conditional dispatch review is not yet complete; this record is not a bypass assertion.,Mounted HTTP/registered handler/public service or explicit CLI; source address and signature retained.,"[""from app.services.configuration_delivery import current_delivery"", ""if current_delivery() is not None:"", ""# an older queued root must never overwrite a current C2 rule row."", ""for row in self.effective_configuration.values[\""rules\""]""]",SEMANTIC_ADOPTION_PENDING,False,318ee22172a7bd642ac89dda6f21856268b03289535e009c4d070330c79b16db,SEMANTIC_ADOPTION_PENDING,[],"[""WF_SETUP_ALERT_RULE_BOOTSTRAP"", ""WF_SETUP_ALERT_RULE_STATE""]",
EF_9de871e1a7416925,T14C_ADOPTION,"Concrete native arguments and decorators retained. Direct invocation and current/ambient delivery are exposed as a potential authority variant, not assumed equivalent to certified pipeline delivery.",False,"self, db: Session, *, generation: WinnerCohortGeneration, previous: WinnerCohortGeneration, published_at: datetime",SYNCHRONOUS_OR_ENQUEUE_NATIVE_OPERATION,[],DISCOVERED,T14C,"[""CURRENT_PROJECTION"", ""WINNER_GENERATION""]",EF_9de871e1a7416925,"[""app/services/winner_probability/cohort_generation_service.py:CohortGenerationService.publish_reviewed_supersession""]",SERVICE_PUBLIC,"[""CANONICAL_CALCULATION""]",Exact source signature and selector clauses are discovery evidence. Semantic authority/conditional dispatch review is not yet complete; this record is not a bypass assertion.,Mounted HTTP/registered handler/public service or explicit CLI; source address and signature retained.,"["".order_by(WinnerCohortRefreshState.id)"", "".order_by(WinnerCohortGeneration.id)"", ""raise GenerationPublicationConflict(\""current published-generation pointer drifted\"")""]",SEMANTIC_ADOPTION_PENDING,False,892d9d514f152cc9b2d4316ef27c3cb7152925551560123f629c6bc49ae8a678,SEMANTIC_ADOPTION_PENDING,[],"[""WF_WINNER_GENERATION""]",
EF_9e0bf6312cea1b10,T14C_ADOPTION,"Concrete native arguments and decorators retained. Direct invocation and current/ambient delivery are exposed as a potential authority variant, not assumed equivalent to certified pipeline delivery.",False,"self, db: Session, items: list[tuple[SetupSignalSnapshot, dict[str, Any]]], *, reason: str, evaluation_run_id: int | None=None",SYNCHRONOUS_OR_ENQUEUE_NATIVE_OPERATION,[],DISCOVERED,T14C,"[""CURRENT_PROJECTION"", ""SETUP""]",EF_9e0bf6312cea1b10,"[""app/services/setup_lifecycle/repository.py:SetupLifecycleRepository.advance_canonical_selections""]",SERVICE_PUBLIC,"[""CURRENT_PROJECTION_ADVANCE""]",Exact source signature and selector clauses are discovery evidence. Semantic authority/conditional dispatch review is not yet complete; this record is not a bypass assertion.,Mounted HTTP/registered handler/public service or explicit CLI; source address and signature retained.,"[""select(SetupSignalSnapshotCurrentSelection)"", ""SetupSignalSnapshotCurrentSelection.ticker,"", ""SetupSignalSnapshotCurrentSelection.timeframe,"", ""SetupSignalSnapshotCurrentSelection.data_as_of_date,"", ""SetupSignalSnapshotCurrentSelection,"", ""SetupSignalSnapshotCurrentSelection.selected_snapshot_id == SetupSignalSnapshot.id,"", ""latest_other_session = max(other_dates, default=None)"", ""if latest_other_session is not None"", ""and snapshot.data_as_of_date > latest_other_session"", ""selection = SetupSignalSnapshotCurrentSelection(""]",SEMANTIC_ADOPTION_PENDING,False,fbe61b3f69359337c6100dd7148dfc3c6c65f1255fcf7781b8672c9cdb016925,SEMANTIC_ADOPTION_PENDING,[],"[""WF_SETUP_CURRENT_SELECTION""]",
EF_9ec7335da7c27e86,T14D_ADOPTION,"Registered native handler through background_worker.execute_job: exact configuration anchor loading, configuration_delivery_scope and fence_domain_commits with job execution token. Payload source/temporal references and native writer-family algorithms remain domain specific. Shared contract adoption is T14B/C/D; no additional dependency is inferred.",False,"db: Session, job: BackgroundJob, *, normalization_service: CeriNormalizationService | None=None",DURABLE_FENCED_NATIVE_DELIVERY,"[""anchored_job_configuration""]",DISCOVERED,T14D,"[""CERI"", ""CERI_ALERT"", ""CERI_CHANGE"", ""CERI_SOURCE"", ""COMBINED"", ""CONFIGURATION"", ""CURRENT_PROJECTION"", ""FUNDAMENTAL"", ""IBMI"", ""RANKING"", ""REGIME"", ""SECTOR"", ""TECHNICAL""]",EF_9ec7335da7c27e86,"[""app/services/ceri/job_handlers.py:execute_normalize_job""]",DURABLE_JOB,"[""BOOTSTRAP"", ""CANONICAL_CALCULATION"", ""CURRENT_PROJECTION_ADVANCE"", ""MAINTENANCE""]","Classification covers registered worker dispatch; direct calls to the handler outside execute_job are separate direct-call variants, not certified by worker transport.",Mounted HTTP/registered handler/public service or explicit CLI; source address and signature retained.,"[""payload = job.payload_json or {}""]",SEMANTIC_ADOPTION_PENDING,True,3a4a73bf3ebcf9389f9b0d5f6e9c362dd1e3e0f9531895c1cd8bd92e0fb98ee4,DURABLE_JOB,"[""SUPPORTED_DISTINCT_SEMANTICS_NO_CHANGE"", ""T14B"", ""T14C""]","[""WF_CERI_ALERT_CREATION"", ""WF_CERI_CHANGE"", ""WF_CERI_CONSENSUS_ATTACH"", ""WF_CERI_FEATURE_BUILD"", ""WF_CERI_GUIDANCE_ELIGIBILITY"", ""WF_CERI_PRICE_RESPONSE"", ""WF_CERI_REVISION_FEATURE"", ""WF_CERI_SCORE"", ""WF_CERI_SOURCE_IDENTITY"", ""WF_CERI_SOURCE_NORMALIZATION"", ""WF_CONFIGURATION_DELIVERY"", ""WF_CORE_CURRENT_PROJECTION"", ""WF_CORE_RETAINED_EVIDENCE""]",
EF_9ecbca3f3412c850,T14D_ADOPTION,"Concrete native arguments and decorators retained. Direct invocation and current/ambient delivery are exposed as a potential authority variant, not assumed equivalent to certified pipeline delivery.",False,"self, db: Session, *, current: CeriScoreSnapshot, prior: CeriScoreSnapshot | None, scope: str='run_capture', comparison_state: ComparisonState | str | None=None",SYNCHRONOUS_OR_ENQUEUE_NATIVE_OPERATION,"[""anchored_decision_calculator""]",DISCOVERED,T14D,"[""CERI_CHANGE""]",EF_9ecbca3f3412c850,"[""app/services/ceri/change_detection_service.py:CeriChangeDetectionService.detect_score_changes""]",SERVICE_PUBLIC,"[""CANONICAL_CALCULATION""]",Exact source signature and selector clauses are discovery evidence. Semantic authority/conditional dispatch review is not yet complete; this record is not a bypass assertion.,Mounted HTTP/registered handler/public service or explicit CLI; source address and signature retained.,"[""current: CeriScoreSnapshot,"", ""state = ComparisonState(comparison_state or classify_snapshot_comparison(prior, current))"", ""current.comparison_state = state.value"", ""current.comparison_snapshot_id = prior.id if prior is not None else None"", ""for change_type, delta in self._score_changes(current, prior).items():"", ""company_id=current.company_id,"", ""effective_session=current.as_of_session,"", ""to_snapshot_id=current.id,"", ""config_hash=current.config_hash,"", ""calculation_version=current.calculation_version,""]",SEMANTIC_ADOPTION_PENDING,False,1c368f6ca1c1b714ce5d9217d86a9c7fa980c8e9ea6a2670b881fb7f79de3465,SEMANTIC_ADOPTION_PENDING,"[""T14C""]","[""WF_CERI_CHANGE""]",
EF_9fb0b29fc945c34f,T14D_ADOPTION,"Concrete native arguments and decorators retained. Direct invocation and current/ambient delivery are exposed as a potential authority variant, not assumed equivalent to certified pipeline delivery.",False,,SYNCHRONOUS_OR_ENQUEUE_NATIVE_OPERATION,[],DISCOVERED,T14D,"[""CERI_SOURCE""]",EF_9fb0b29fc945c34f,"[""scripts/certify_sec_incremental_ingestion.py:main""]",CLI,"[""CANONICAL_CALCULATION"", ""MAINTENANCE""]",Exact source signature and selector clauses are discovery evidence. Semantic authority/conditional dispatch review is not yet complete; this record is not a bypass assertion.,Mounted HTTP/registered handler/public service or explicit CLI; source address and signature retained.,"[""config = load_ceri_config()"", "".order_by(CeriSecDocumentExtraction.status)""]",SEMANTIC_ADOPTION_PENDING,False,71b79f9753fcb65ccba99f37d43115e375905e5ab6b36662ffd1bf00d297025f,SEMANTIC_ADOPTION_PENDING,"[""T14B""]","[""WF_CERI_RAW_SOURCE"", ""WF_SEC_DOCUMENT_SOURCE"", ""WF_SEC_INCREMENTAL_IDENTITY""]",
EF_9ffa04a332230973,T14D_ADOPTION,"Concrete native arguments and decorators retained. Direct invocation and current/ambient delivery are exposed as a potential authority variant, not assumed equivalent to certified pipeline delivery.",False,"self, earnings: list[CeriEarningsActual], estimates: list[CeriEstimateSnapshot], *, price_response_quality: float | None=None",SYNCHRONOUS_OR_ENQUEUE_NATIVE_OPERATION,[],DISCOVERED,T14D,"[""CERI_SOURCE""]",EF_9ffa04a332230973,"[""app/services/ceri/surprise_feature_service.py:CeriSurpriseFeatureService.summarize""]",SERVICE_PUBLIC,"[""MAINTENANCE""]",Exact source signature and selector clauses are discovery evidence. Semantic authority/conditional dispatch review is not yet complete; this record is not a bypass assertion.,Mounted HTTP/registered handler/public service or explicit CLI; source address and signature retained.,[],SEMANTIC_ADOPTION_PENDING,False,69faa836dcc2fbbdb97952e5a86a8b696ae81b941e85789891c2ab874f0ca5eb,SEMANTIC_ADOPTION_PENDING,"[""T14B""]","[""WF_CERI_CONSENSUS_ATTACH""]",
EF_PRIVILEGED_DATABASE_RESTORE,T14D_ADOPTION,"Source invokes psql ON_ERROR_STOP=1 -f BackupPath for PlainSql, or pg_restore --clean --if-exists --no-owner --dbname for archive restore. Both rewrite the selected database outside native semantic writer transactions. Requires an explicit target URL and existing backup. Restore success is followed by validate_restore.py and optional evidence manifest comparison. Comparison is optional if no expected or adjacent manifest exists; it does not reconstruct missing original evidence. This external operation can replace all business artifact families in the restored archive, so the target scope is the whole database rather than a new application algorithm.",False,BackupPath; explicit RestoreDatabaseUrl or RESTORE_DATABASE_URL; target database credentials; optional ExpectedEvidenceManifest.,SYNCHRONOUS_PRIVILEGED_EXTERNAL_SQL,,DISCOVERED,T14D,"[""ALERT_DECISION"", ""CERI"", ""CERI_ALERT"", ""CERI_CHANGE"", ""CERI_REVIEW"", ""CERI_SOURCE"", ""COMBINED"", ""CONFIGURATION"", ""CURRENT_PROJECTION"", ""FUNDAMENTAL"", ""IBMI"", ""IBMI_SOURCE"", ""LIFECYCLE_EVALUATION"", ""LIFECYCLE_TRANSITION"", ""PIPELINE"", ""PRICE"", ""RANKING"", ""RAW"", ""REGIME"", ""SECTOR"", ""SETUP"", ""TECHNICAL"", ""TRADE_JOURNAL"", ""WINNER_COHORT"", ""WINNER_DIAGNOSTICS"", ""WINNER_ESTIMATE"", ""WINNER_GENERATION"", ""WINNER_MODEL"", ""WINNER_OUTCOME"", ""WINNER_PREDICTION"", ""WINNER_PUBLICATION""]",EF_PRIVILEGED_DATABASE_RESTORE,"[""scripts/ops/restore_postgres.ps1:script""]",ADMIN_EXTERNAL,"[""MAINTENANCE""]",Separate privileged restore boundary. Native family ownership is retained for restored tables; their normal transactional authority checks are not executed by the restore client. T14D owns restore authorization and mandatory post-restore provenance gates.,Explicit PowerShell administrator command; not mounted HTTP or a registered worker handler.,"[""RestoreDatabaseUrl parameter or RESTORE_DATABASE_URL; no implicit application DATABASE_URL target"", ""PlainSql selects psql versus archive pg_restore"", ""ExpectedEvidenceManifest or adjacent backup evidence manifest; comparison is optional""]",SEMANTIC_ADOPTION_PENDING,True,d3fbb424bed01f1c128c71d09f780efa3ecc272e454e07d90d959a2224c5f7ba,PRIVILEGED_DATABASE_RESTORE,"[""SUPPORTED_DISTINCT_SEMANTICS_NO_CHANGE"", ""T14B"", ""T14C""]","[""WF_CERI_ALERT_CREATION"", ""WF_CERI_ALERT_STATUS"", ""WF_CERI_CHANGE"", ""WF_CERI_COMPANY_BOOTSTRAP"", ""WF_CERI_CONSENSUS_ATTACH"", ""WF_CERI_CURRENT_RULE_REPLAY"", ""WF_CERI_DISPOSITION"", ""WF_CERI_FEATURE_BUILD"", ""WF_CERI_GUIDANCE_ELIGIBILITY"", ""WF_CERI_HUMAN_SOURCE_OVERRIDE"", ""WF_CERI_LICENSED_PURGE"", ""WF_CERI_PRICE_RESPONSE"", ""WF_CERI_RAW_SOURCE"", ""WF_CERI_REVIEW_METADATA"", ""WF_CERI_REVISION_FEATURE"", ""WF_CERI_SCORE"", ""WF_CERI_SOURCE_IDENTITY"", ""WF_CERI_SOURCE_NORMALIZATION"", ""WF_COMBINED_REFRESH"", ""WF_CONFIGURATION_DELIVERY"", ""WF_CORE_CURRENT_PROJECTION"", ""WF_CORE_RETAINED_EVIDENCE"", ""WF_DECISION_HANDOFF_MANIFEST"", ""WF_FUNDAMENTAL_RECALCULATION"", ""WF_IBMI_HISTORICAL_SOURCE"", ""WF_IBMI_LIVE_SOURCE"", ""WF_IBMI_NATIVE_FEATURE"", ""WF_IB_CONTRACT_IDENTITY"", ""WF_IB_FILL_EXCLUSION"", ""WF_IB_FLEX_IMPORT"", ""WF_IB_HISTOGRAM_SCANNER"", ""WF_IB_SCANNER_SOURCE"", ""WF_IB_TRADE_EPISODES"", ""WF_IB_TRADE_RESEARCH_LINK"", ""WF_LIFECYCLE_EPISODE"", ""WF_LIFECYCLE_EVALUATION_EVIDENCE"", ""WF_LIFECYCLE_OBSERVATION_GAP"", ""WF_LIFECYCLE_TRANSITION_EVIDENCE"", ""WF_MARKET_CONTEXT_AUTHORITY"", ""WF_PIPELINE_CONTROL"", ""WF_PIPELINE_FENCE_INTERRUPTION"", ""WF_PIPELINE_STAGE_STATE"", ""WF_PRICE_INGESTION"", ""WF_PRICE_SERIES_VERSION"", ""WF_RANKING_LEGACY_REPLACEMENT"", ""WF_RANKING_PERSISTENCE"", ""WF_REGIME_DERIVED_DELETE"", ""WF_REGIME_SNAPSHOT"", ""WF_SECTOR_SNAPSHOT"", ""WF_SEC_CIK_CLI"", ""WF_SEC_DOCUMENT_SOURCE"", ""WF_SEC_IDENTITY_REPAIR"", ""WF_SEC_INCREMENTAL_IDENTITY"", ""WF_SEC_PIPELINE_READINESS_REPAIR"", ""WF_SETUP_ALERT_EVENT_STATE"", ""WF_SETUP_ALERT_RULE_BOOTSTRAP"", ""WF_SETUP_ALERT_RULE_EVIDENCE"", ""WF_SETUP_ALERT_RULE_STATE"", ""WF_SETUP_CHANGE_EVENT_STATE"", ""WF_SETUP_CURRENT_SELECTION"", ""WF_SETUP_DECISION_EVIDENCE"", ""WF_SETUP_DERIVED_PURGE"", ""WF_SETUP_EVALUATION_RUN_STATE"", ""WF_SETUP_PERSISTENCE"", ""WF_SETUP_TRANSITION_EVENT_STATE"", ""WF_SETUP_TYPED_REPOSITORY"", ""WF_TECHNICAL_FEATURE_CACHE"", ""WF_TECHNICAL_FINALIZATION"", ""WF_TRANSITION_PREFLIGHT"", ""WF_UPLOAD_INITIALIZATION"", ""WF_WINNER_CALIBRATION"", ""WF_WINNER_CAPTURE_TRAINING_METADATA"", ""WF_WINNER_COHORT_DEFINITION"", ""WF_WINNER_COHORT_MATERIALIZATION"", ""WF_WINNER_CURRENT_RULE_RECONSTRUCTION"", ""WF_WINNER_DRIFT"", ""WF_WINNER_EPISODE"", ""WF_WINNER_ESTIMATOR"", ""WF_WINNER_EVIDENCE_MANIFEST"", ""WF_WINNER_FORWARD_MATURATION"", ""WF_WINNER_GENERATION"", ""WF_WINNER_INLINE_COHORT"", ""WF_WINNER_LATEST_RESCORE"", ""WF_WINNER_MARKET_DATA_OBLIGATION"", ""WF_WINNER_MATURATION_CANARY"", ""WF_WINNER_MODEL_GOVERNANCE"", ""WF_WINNER_MODEL_TRAINING"", ""WF_WINNER_OUTCOME_REVISION"", ""WF_WINNER_PENDING_OUTCOME"", ""WF_WINNER_PRE11_ACTIVATION"", ""WF_WINNER_PRE11_TRAINING_REPLAY"", ""WF_WINNER_PREDICTION_CAPTURE"", ""WF_WINNER_PUBLICATION"", ""WF_WINNER_SIMILARITY"", ""WF_WINNER_SQL_CANDIDATE_ESTIMATE"", ""WF_WINNER_TARGET_STOP_REPAIR"", ""WF_WINNER_TEMPORAL_VALIDITY"", ""WF_WINNER_TYPED_REPOSITORY"", ""WF_WINNER_WATERMARK""]",
EF_a005dd81d77d51c6,T14D_ADOPTION,"Concrete native arguments and decorators retained. Direct invocation and current/ambient delivery are exposed as a potential authority variant, not assumed equivalent to certified pipeline delivery.",False,"db: Session, *, upload_run_id: int, idempotency_key: str, tickers: set[str] | None=None, cutoff_at: datetime | None=None, expires_in: timedelta=DEFAULT_PREFLIGHT_TTL, discovery: TransitionCandidateDiscoveryService | None=None",SYNCHRONOUS_OR_ENQUEUE_NATIVE_OPERATION,[],DISCOVERED,T14D,"[""PIPELINE""]",EF_a005dd81d77d51c6,"[""app/services/transition_preflight_plan_service.py:create_transition_preflight_plan""]",SERVICE_PUBLIC,"[""BOOTSTRAP""]",Exact source signature and selector clauses are discovery evidence. Semantic authority/conditional dispatch review is not yet complete; this record is not a bypass assertion.,Mounted HTTP/registered handler/public service or explicit CLI; source address and signature retained.,"[""upload_run_id: int,"", ""cutoff_at: datetime | None = None,"", ""if existing.upload_run_id != upload_run_id:"", ""if cutoff_at is not None:"", ""existing_context = db.get("", ""MarketCalculationContext,"", ""existing.market_calculation_context_id,"", ""if existing_context is None or existing_context.cutoff_at != _aware(cutoff_at):"", ""\""the idempotency key is already bound to a different cutoff instant\"","", ""market_cutoff = reserve_preflight_market_context("", ""upload_run_id=upload_run_id,"", ""cutoff_at=cutoff_at,"", ""upload_run_id,"", ""market_cutoff=market_cutoff,"", ""upload_run_id=upload_run_id,"", ""market_cutoff=market_cutoff,"", ""market_calculation_context_id=market_cutoff.context_id,"", ""upload_run_id=upload_run_id,"", ""\""latest_snapshot_id\"": row.current_pointer_snapshot_id,"", ""\""latest_revision\"": row.expected_latest_pointer_revision,"", ""\""latest_reconstructable_session\"": CanonicalEvidenceSerializer.canonicalize("", ""row.latest_reconstructable_session""]",SEMANTIC_ADOPTION_PENDING,False,722769048b4e7c34632e6fcaaf36a9a1cc7f3c7ddd4f40dc40322319bd455fb4,SEMANTIC_ADOPTION_PENDING,[],"[""WF_MARKET_CONTEXT_AUTHORITY"", ""WF_TRANSITION_PREFLIGHT""]",
EF_a046247f0bce46ec,T14D_ADOPTION,"Concrete native arguments and decorators retained. Direct invocation and current/ambient delivery are exposed as a potential authority variant, not assumed equivalent to certified pipeline delivery.",False,"db: Session, job: BackgroundJob, *, settings: Settings | None=None, provider: SecCeriProvider | None=None, should_cancel: Callable[[], bool] | None=None",SYNCHRONOUS_OR_ENQUEUE_NATIVE_OPERATION,"[""pipeline_helper_configuration""]",DISCOVERED,T14D,"[""CERI"", ""CERI_ALERT"", ""CERI_CHANGE"", ""CERI_SOURCE"", ""COMBINED"", ""CONFIGURATION"", ""CURRENT_PROJECTION"", ""FUNDAMENTAL"", ""IBMI"", ""IBMI_SOURCE"", ""PIPELINE"", ""PRICE"", ""RANKING"", ""RAW"", ""REGIME"", ""SECTOR"", ""TECHNICAL""]",EF_a046247f0bce46ec,"[""app/services/ceri/sec/readiness_repair.py:execute_sec_readiness_repair""]",SERVICE_PUBLIC,"[""BOOTSTRAP"", ""CANONICAL_CALCULATION"", ""CURRENT_PROJECTION_ADVANCE"", ""CURRENT_STATE_REPAIR"", ""LEGACY_UNCERTIFIED"", ""MAINTENANCE""]",Exact source signature and selector clauses are discovery evidence. Semantic authority/conditional dispatch review is not yet complete; this record is not a bypass assertion.,Mounted HTTP/registered handler/public service or explicit CLI; source address and signature retained.,"[""def execute_sec_readiness_repair("", ""pipeline_id = int((job.payload_json or {}).get(\""pipeline_run_id\"") or 0)"", ""tickers = _tickers_for_run(db, pipeline.upload_run_id)"", ""if (job.payload_json or {}).get(\""processor_signature\"") != signature:"", ""target = str((job.payload_json or {}).get(\""resume_from_step\"") or \""VALIDATING_RUN\"")"", ""\""run_id\"": pipeline.upload_run_id,"", ""\""readiness\"": {\""counts\"": repair.get(\""counts\"") or {}},"", ""config = load_ceri_config()"", ""readiness=diagnose_sec_readiness("", ""initial = diagnose_sec_readiness(db, tickers=tickers, processor_signature=signature)"", ""current = diagnose_sec_readiness(db, tickers=tickers, processor_signature=signature)"", ""readiness=current.as_dict(),"", ""after_identity = diagnose_sec_readiness(db, tickers=tickers, processor_signature=signature)"", ""SecTickerReadinessCategory.INVALID_TICKER,"", ""SecTickerReadinessCategory.UNRESOLVED_MAPPING,"", ""SecTickerReadinessCategory.CIK_MISSING,"", ""SecTickerReadinessCategory.OTHER_BLOCKING_REASON,"", ""f\""sec-readiness-repair:{pipeline.id}:{signature}:{ticker}:\"""", ""\""run_id\"": pipeline.upload_run_id,"", ""current = diagnose_sec_readiness(db, tickers=tickers, processor_signature=signature)"", ""readiness=current.as_dict(),"", ""final = diagnose_sec_readiness(db, tickers=tickers, processor_signature=signature)"", ""stage=\""RECHECKING_READINESS\"","", ""readiness=final.as_dict(),"", ""(job.payload_json or {}).get(\""resume_from_step\"") or \""VALIDATING_RUN\"""", ""readiness=final.as_dict(),"", ""\""run_id\"": pipeline.upload_run_id,"", ""\""readiness\"": final.as_dict(include_tickers=False),"", ""\""readiness\"": final.as_dict(),"", ""raise SecReadinessRepairUnresolved("", ""\""readiness\"": final.as_dict(),"", ""readiness=final.as_dict(),"", ""\""readiness\"": final.as_dict(),""]",SEMANTIC_ADOPTION_PENDING,False,0c8d4fa417cb5563fe3bc6a1c644ff81b1102690a75c49850d659104d51f718a,SEMANTIC_ADOPTION_PENDING,"[""SUPPORTED_DISTINCT_SEMANTICS_NO_CHANGE"", ""T14B"", ""T14C""]","[""WF_CERI_ALERT_CREATION"", ""WF_CERI_CHANGE"", ""WF_CERI_CONSENSUS_ATTACH"", ""WF_CERI_FEATURE_BUILD"", ""WF_CERI_GUIDANCE_ELIGIBILITY"", ""WF_CERI_PRICE_RESPONSE"", ""WF_CERI_RAW_SOURCE"", ""WF_CERI_REVISION_FEATURE"", ""WF_CERI_SCORE"", ""WF_CERI_SOURCE_IDENTITY"", ""WF_CERI_SOURCE_NORMALIZATION"", ""WF_COMBINED_REFRESH"", ""WF_CONFIGURATION_DELIVERY"", ""WF_CORE_CURRENT_PROJECTION"", ""WF_CORE_RETAINED_EVIDENCE"", ""WF_FUNDAMENTAL_RECALCULATION"", ""WF_IB_CONTRACT_IDENTITY"", ""WF_MARKET_CONTEXT_AUTHORITY"", ""WF_PIPELINE_CONTROL"", ""WF_PIPELINE_STAGE_STATE"", ""WF_PRICE_INGESTION"", ""WF_PRICE_SERIES_VERSION"", ""WF_RANKING_LEGACY_REPLACEMENT"", ""WF_RANKING_PERSISTENCE"", ""WF_REGIME_SNAPSHOT"", ""WF_SECTOR_SNAPSHOT"", ""WF_SEC_DOCUMENT_SOURCE"", ""WF_SEC_IDENTITY_REPAIR"", ""WF_SEC_INCREMENTAL_IDENTITY"", ""WF_SEC_PIPELINE_READINESS_REPAIR"", ""WF_TECHNICAL_FEATURE_CACHE"", ""WF_TECHNICAL_FINALIZATION"", ""WF_WINNER_MARKET_DATA_OBLIGATION""]",
EF_a0ee551be8adb522,T14D_ADOPTION,"Concrete native arguments and decorators retained. Direct invocation and current/ambient delivery are exposed as a potential authority variant, not assumed equivalent to certified pipeline delivery.",False,"db: Session, job_type: str, payload: dict[str, Any], related_run_id: int | None=None, priority: int=100, max_retries: int=3, run_after: datetime | None=None, request_key: str | None=None, workflow_key: str | None=None, coalesce: bool=True, single_flight_workflow: bool=False, root_job_id: int | None=None, parent_job_id: int | None=None, continuation_depth: int | None=None, trigger_source: str | None=None, causality: CausalityContext | None=None, trigger_kind: str | None=None, trigger_name: str | None=None, triggered_by_request_id: str | None=None, fanout_group_id: str | None=None",SYNCHRONOUS_OR_ENQUEUE_NATIVE_OPERATION,[],DISCOVERED,T14D,"[""CONFIGURATION""]",EF_a0ee551be8adb522,"[""app/services/background_job_service.py:enqueue_job""]",SERVICE_PUBLIC,"[""BOOTSTRAP""]",Exact source signature and selector clauses are discovery evidence. Semantic authority/conditional dispatch review is not yet complete; this record is not a bypass assertion.,Mounted HTTP/registered handler/public service or explicit CLI; source address and signature retained.,"[""causality: CausalityContext | None = None,"", ""from app.services.configuration_delivery import anchor_enqueue_payload"", ""\""payload_json\"": payload,"", ""from app.services.configuration_delivery import bind_job_configuration"", ""bind_job_configuration(db, job)""]",SEMANTIC_ADOPTION_PENDING,False,b931f237b12e6710cc9a643c4751dcd056ba8e49ecd6a90b369059791ad76d68,SEMANTIC_ADOPTION_PENDING,"[""SUPPORTED_DISTINCT_SEMANTICS_NO_CHANGE""]","[""WF_CONFIGURATION_DELIVERY""]",
EF_a27b7ead7124b2da,T14B_ADOPTION,"Concrete native arguments and decorators retained. Direct invocation and current/ambient delivery are exposed as a potential authority variant, not assumed equivalent to certified pipeline delivery.",False,"db: Session, run_id: int, *, market_cutoff: MarketCalculationCutoff | None=None, pipeline_run_id: int | None=None, effective_configuration: CoreEffectiveConfiguration | None=None, expected_calculation_identity: CalculationIdentity | None=None",SYNCHRONOUS_OR_ENQUEUE_NATIVE_OPERATION,[],DISCOVERED,T14B,"[""CERI"", ""COMBINED"", ""CURRENT_PROJECTION"", ""FUNDAMENTAL"", ""IBMI"", ""RANKING"", ""REGIME"", ""SECTOR"", ""TECHNICAL""]",EF_a27b7ead7124b2da,"[""app/services/combined_decision.py:refresh_combined_results""]",SERVICE_PUBLIC,"[""CANONICAL_CALCULATION"", ""CURRENT_PROJECTION_ADVANCE""]",Exact source signature and selector clauses are discovery evidence. Semantic authority/conditional dispatch review is not yet complete; this record is not a bypass assertion.,Mounted HTTP/registered handler/public service or explicit CLI; source address and signature retained.,"[""market_cutoff: MarketCalculationCutoff | None = None,"", ""effective_configuration: CoreEffectiveConfiguration | None = None,"", ""effective_configuration = effective_configuration or resolve_combined_configuration()"", ""effective_configuration.require_family(\""core.combined\"")"", ""effective_configuration.require_retry_identity(expected_calculation_identity)"", ""config = effective_configuration.values"", ""_validate_explicit_pipeline_context("", ""market_cutoff=market_cutoff,"", ""_require_single_combined_context(validated)"", ""decisions_with_identity.append((decision, effective_configuration.bind(output_identity)))"", ""current_row=result,"", ""effective_configuration=effective_configuration.snapshot,""]",SEMANTIC_ADOPTION_PENDING,False,f94a7ca57d4a0167e333f240d6b4a952d329202080ea2f7ab1731b56dc4e2f2c,SEMANTIC_ADOPTION_PENDING,[],"[""WF_COMBINED_REFRESH"", ""WF_CORE_CURRENT_PROJECTION"", ""WF_CORE_RETAINED_EVIDENCE""]",
EF_a3fd956e147403b1,T14B_ADOPTION,"Concrete native arguments and decorators retained. Direct invocation and current/ambient delivery are exposed as a potential authority variant, not assumed equivalent to certified pipeline delivery.",False,"db: Session, run_id: int, profile_name: str, today: date | None=None, *, market_cutoff: MarketCalculationCutoff | None=None, pipeline_run_id: int | None=None, effective_configuration: CoreEffectiveConfiguration | None=None, expected_calculation_identity: CalculationIdentity | None=None",SYNCHRONOUS_OR_ENQUEUE_NATIVE_OPERATION,[],DISCOVERED,T14B,"[""CERI"", ""COMBINED"", ""CURRENT_PROJECTION"", ""FUNDAMENTAL"", ""IBMI"", ""RANKING"", ""REGIME"", ""SECTOR"", ""TECHNICAL""]",EF_a3fd956e147403b1,"[""app/services/ranking_profile_service.py:refresh_ranking_profile""]",SERVICE_PUBLIC,"[""CANONICAL_CALCULATION"", ""CURRENT_PROJECTION_ADVANCE"", ""LEGACY_UNCERTIFIED""]",Exact source signature and selector clauses are discovery evidence. Semantic authority/conditional dispatch review is not yet complete; this record is not a bypass assertion.,Mounted HTTP/registered handler/public service or explicit CLI; source address and signature retained.,"[""market_cutoff: MarketCalculationCutoff | None = None,"", ""effective_configuration: CoreEffectiveConfiguration | None = None,"", ""if effective_configuration is None"", ""else effective_configuration.ranking_profile()"", ""rows, fundamentals, technicals = _load_run_inputs(db, run_id)"", ""effective_configuration = effective_configuration or resolve_ranking_configuration("", ""profile, _load_scoring_config()"", ""effective_configuration.require_retry_identity(expected_calculation_identity)"", ""profile = effective_configuration.ranking_profile()"", ""config = effective_configuration.values"", ""market_cutoff=market_cutoff,"", ""calculation_cutoff = _validated_cutoff(validated)"", ""liquidity_features = _load_liquidity_features(db, calculation_cutoff)"", ""models.append(_to_ranking_model(run_id, decision, effective_configuration.bind(identity)))"", ""effective_configurations={profile.name: effective_configuration},""]",SEMANTIC_ADOPTION_PENDING,False,258fe658ed134ebbb32dd3998b1a0c02b59fed07882bd224795fe3b116df78a3,SEMANTIC_ADOPTION_PENDING,[],"[""WF_CORE_CURRENT_PROJECTION"", ""WF_CORE_RETAINED_EVIDENCE"", ""WF_RANKING_LEGACY_REPLACEMENT"", ""WF_RANKING_PERSISTENCE""]",
EF_a4620089ed8199e3,T14D_ADOPTION,"Concrete native arguments and decorators retained. Direct invocation and current/ambient delivery are exposed as a potential authority variant, not assumed equivalent to certified pipeline delivery.",False,,SYNCHRONOUS_OR_ENQUEUE_NATIVE_OPERATION,[],DISCOVERED,T14D,"[""CURRENT_PROJECTION""]",EF_a4620089ed8199e3,"[""scripts/forensics/run159_ceri_quarantine.py:main""]",CLI,"[""MAINTENANCE""]",Exact source signature and selector clauses are discovery evidence. Semantic authority/conditional dispatch review is not yet complete; this record is not a bypass assertion.,Mounted HTTP/registered handler/public service or explicit CLI; source address and signature retained.,[],SEMANTIC_ADOPTION_PENDING,False,18764109baacdc06d25a736ffd1848a8ce107d2c3f938bb9c2f1cc02eebb8c0c,SEMANTIC_ADOPTION_PENDING,[],"[""WF_CERI_DISPOSITION""]",
EF_a4713c8bc1b99a73,T14D_ADOPTION,"create_catalyst_override appends ManualReview plus revision_number+1 with prior_revision_id, marks supplied old revision non-current, retains provider/source address and reviewer/reason, and flushes. The HTTP metadata review does not call this source-override service. No immutable score evidence is authored here.",False,"self, db: Session, *, current_revision: CeriCatalystEventRevision, new_values: dict[str, Any], reviewer: str, reason: str",SYNCHRONOUS_OR_ENQUEUE_NATIVE_OPERATION,[],DISCOVERED,T14D,"[""CERI_REVIEW"", ""CERI_SOURCE""]",EF_a4713c8bc1b99a73,"[""app/services/ceri/manual_review_service.py:CeriManualReviewService.create_catalyst_override""]",SERVICE_PUBLIC,"[""MAINTENANCE""]",Selected operation has source-grounded retained branch review; distinct native artifacts remain separate writer families.,Mounted HTTP/registered handler/public service or explicit CLI; source address and signature retained.,"[""current_revision: CeriCatalystEventRevision,"", ""target_id=current_revision.id,"", ""prior_value_json=_revision_values(current_revision),"", ""current_revision.is_current = False"", ""catalyst_event_id=current_revision.catalyst_event_id,"", ""source_record_id=current_revision.source_record_id,"", ""prior_revision_id=current_revision.id,"", ""revision_number=current_revision.revision_number + 1,"", ""is_current=True,"", ""announced_at=new_values.get(\""announced_at\"", current_revision.announced_at),"", ""expected_date=new_values.get(\""expected_date\"", current_revision.expected_date),"", ""current_revision.effective_session,"", ""status=new_values.get(\""status\"", current_revision.status),"", ""direction=new_values.get(\""direction\"", current_revision.direction),"", ""materiality=new_values.get(\""materiality\"", current_revision.materiality),"", ""date_confidence=new_values.get(\""date_confidence\"", current_revision.date_confidence),"", ""current_revision.source_confidence,"", ""**(current_revision.operational_values_json or {}),"", ""conflict_flags_json=current_revision.conflict_flags_json,""]",SEMANTIC_ADOPTION_PENDING,True,345858351da3ac6d49b2a2f55cbf8c368471e2f32f16003015adaaaed185d03a,PRIVILEGED_MAINTENANCE,[],"[""WF_CERI_HUMAN_SOURCE_OVERRIDE""]",
EF_a65afd15a9f488ee,T14C_ADOPTION,"Concrete native arguments and decorators retained. Direct invocation and current/ambient delivery are exposed as a potential authority variant, not assumed equivalent to certified pipeline delivery.",False,"self, db: Session, dto: SetupSignalSnapshotWrite",SYNCHRONOUS_OR_ENQUEUE_NATIVE_OPERATION,[],DISCOVERED,T14C,"[""SETUP""]",EF_a65afd15a9f488ee,"[""app/services/setup_lifecycle/repository.py:SetupLifecycleRepository.upsert_snapshot""]",SERVICE_PUBLIC,"[""CANONICAL_CALCULATION""]",Exact source signature and selector clauses are discovery evidence. Semantic authority/conditional dispatch review is not yet complete; this record is not a bypass assertion.,Mounted HTTP/registered handler/public service or explicit CLI; source address and signature retained.,[],SEMANTIC_ADOPTION_PENDING,False,fbe61b3f69359337c6100dd7148dfc3c6c65f1255fcf7781b8672c9cdb016925,SEMANTIC_ADOPTION_PENDING,[],"[""WF_SETUP_PERSISTENCE""]",
EF_a8016e0b9d69e5be,T14B_ADOPTION,"Concrete native arguments and decorators retained. Direct invocation and current/ambient delivery are exposed as a potential authority variant, not assumed equivalent to certified pipeline delivery.",False,"db: Session, run_id: int, today: date | None=None, *, market_cutoff: MarketCalculationCutoff | None=None, pipeline_run_id: int | None=None, effective_configurations: tuple[CoreEffectiveConfiguration, ...] | None=None, resolved_profiles: list[RankingProfileConfig] | None=None",SYNCHRONOUS_OR_ENQUEUE_NATIVE_OPERATION,[],DISCOVERED,T14B,"[""CERI"", ""COMBINED"", ""CURRENT_PROJECTION"", ""FUNDAMENTAL"", ""IBMI"", ""RANKING"", ""REGIME"", ""SECTOR"", ""TECHNICAL""]",EF_a8016e0b9d69e5be,"[""app/services/ranking_profile_service.py:refresh_all_ranking_profiles""]",SERVICE_PUBLIC,"[""CANONICAL_CALCULATION"", ""CURRENT_PROJECTION_ADVANCE"", ""LEGACY_UNCERTIFIED""]",Exact source signature and selector clauses are discovery evidence. Semantic authority/conditional dispatch review is not yet complete; this record is not a bypass assertion.,Mounted HTTP/registered handler/public service or explicit CLI; source address and signature retained.,"[""market_cutoff: MarketCalculationCutoff | None = None,"", ""effective_configurations: tuple[CoreEffectiveConfiguration, ...] | None = None,"", ""(resolved_profiles if resolved_profiles is not None else load_ranking_profiles())"", ""if effective_configurations is None"", ""else [item.ranking_profile() for item in effective_configurations]"", ""rows, fundamentals, technicals = _load_run_inputs(db, run_id)"", ""config = _load_scoring_config() if effective_configurations is None else {}"", ""configurations = ("", ""{item.ranking_profile().name: item for item in effective_configurations}"", ""if effective_configurations is not None"", ""else {profile.name: resolve_ranking_configuration(profile, config) for profile in profiles}"", ""market_cutoff=market_cutoff,"", ""calculation_cutoff = _validated_cutoff(validated)"", ""liquidity_features = _load_liquidity_features(db, calculation_cutoff)"", ""effective_configuration = configurations[profile.name]"", ""profile = effective_configuration.ranking_profile()"", ""config = effective_configuration.values"", ""_to_ranking_model(run_id, decision, effective_configuration.bind(identity))"", ""effective_configurations=configurations,""]",SEMANTIC_ADOPTION_PENDING,False,258fe658ed134ebbb32dd3998b1a0c02b59fed07882bd224795fe3b116df78a3,SEMANTIC_ADOPTION_PENDING,[],"[""WF_CORE_CURRENT_PROJECTION"", ""WF_CORE_RETAINED_EVIDENCE"", ""WF_RANKING_LEGACY_REPLACEMENT"", ""WF_RANKING_PERSISTENCE""]",
EF_a858bf7694ca75d1,T14D_ADOPTION,"Registered native handler through background_worker.execute_job: exact configuration anchor loading, configuration_delivery_scope and fence_domain_commits with job execution token. Payload source/temporal references and native writer-family algorithms remain domain specific. Shared contract adoption is T14B/C/D; no additional dependency is inferred.",False,"db: Session, job: BackgroundJob, *, change_service: CeriChangeRebuildService | None=None",DURABLE_FENCED_NATIVE_DELIVERY,"[""anchored_job_configuration""]",DISCOVERED,T14D,"[""CERI_ALERT"", ""CERI_CHANGE"", ""CONFIGURATION""]",EF_a858bf7694ca75d1,"[""app/services/ceri/job_handlers.py:execute_change_detection_job""]",DURABLE_JOB,"[""BOOTSTRAP"", ""CANONICAL_CALCULATION""]","Classification covers registered worker dispatch; direct calls to the handler outside execute_job are separate direct-call variants, not certified by worker transport.",Mounted HTTP/registered handler/public service or explicit CLI; source address and signature retained.,"[""payload = job.payload_json or {}"", ""cutoff_at=_optional_datetime(payload.get(\""cutoff_at\"")),""]",SEMANTIC_ADOPTION_PENDING,True,3a4a73bf3ebcf9389f9b0d5f6e9c362dd1e3e0f9531895c1cd8bd92e0fb98ee4,DURABLE_JOB,"[""SUPPORTED_DISTINCT_SEMANTICS_NO_CHANGE"", ""T14C""]","[""WF_CERI_ALERT_CREATION"", ""WF_CERI_CHANGE"", ""WF_CONFIGURATION_DELIVERY""]",
EF_a89fe25d89061bca,T14C_ADOPTION,"Concrete native arguments and decorators retained. Direct invocation and current/ambient delivery are exposed as a potential authority variant, not assumed equivalent to certified pipeline delivery.",False,"self, db: Session, *, fetch_run: IBFetchRun, now: datetime | None=None",SYNCHRONOUS_OR_ENQUEUE_NATIVE_OPERATION,[],DISCOVERED,T14C,"[""PRICE""]",EF_a89fe25d89061bca,"[""app/services/winner_probability/market_data_obligation_service.py:MarketDataObligationService.record_fetch_results""]",SERVICE_PUBLIC,"[""MAINTENANCE""]",Exact source signature and selector clauses are discovery evidence. Semantic authority/conditional dispatch review is not yet complete; this record is not a bypass assertion.,Mounted HTTP/registered handler/public service or explicit CLI; source address and signature retained.,[],SEMANTIC_ADOPTION_PENDING,False,7333b32b5d199dc1ecd0398884dce286a8dbaa2334234e6c1c3e671a14d76770,SEMANTIC_ADOPTION_PENDING,[],"[""WF_WINNER_MARKET_DATA_OBLIGATION""]",
EF_a8f9a91d7a0d9f8a,T14D_ADOPTION,"write requires approve_write/actor/request_key and reviewed generation/membership/protected-state hashes, inserts ORM estimates and INSERT SELECT evidence members, verifies protected serving IDs, then commits. _preflight requires EXACT EXPECTED_HEAD=0061_winner_estimate_policy, so current certified 0080 rejects it before business writes; retain historical deployed reachability rather than declaring it dead.",False,,SYNCHRONOUS_OR_ENQUEUE_NATIVE_OPERATION,[],DISCOVERED,T14D,"[""WINNER_COHORT"", ""WINNER_ESTIMATE""]",EF_a8f9a91d7a0d9f8a,"[""scripts/winner_candidate_estimates.py:main""]",CLI,"[""LEGACY_UNCERTIFIED""]",Selected operation has source-grounded retained branch review; distinct native artifacts remain separate writer families.,Mounted HTTP/registered handler/public service or explicit CLI; source address and signature retained.,[],SEMANTIC_ADOPTION_PENDING,True,7cc99db1c7b3ec5093f1f412f0f49528c165de89b2c6e4191b1cca1a180dfd7e,LEGACY_WRITER,[],"[""WF_WINNER_SQL_CANDIDATE_ESTIMATE""]",
EF_ab3beb917a917279,T14D_ADOPTION,"Mounted mutating route initiates the native named operation via durable enqueue/service submit. Configuration anchor is resolved at enqueue; worker execute_job supplies retained delivery and execution fence. Concrete arguments/selectors are retained below; domain calculation is owned by the listed native writer families, not by the route.",False,"request: Request, db: DbSession, payload: dict[str, Any] | None=None",SYNCHRONOUS_OR_ENQUEUE_NATIVE_OPERATION,"[""router.post('/api/ceri/recalculate')"", ""unsafe_route(ROUTE_CLASS_LOCAL_ADMIN, reason='queues CERI recalculation or feature rebuild', csrf_required=True, local_admin_required=True)""]",DISCOVERED,T14D,"[""CERI"", ""CERI_ALERT"", ""CERI_CHANGE"", ""CERI_SOURCE"", ""COMBINED"", ""CONFIGURATION"", ""CURRENT_PROJECTION"", ""FUNDAMENTAL"", ""IBMI"", ""RANKING"", ""REGIME"", ""SECTOR"", ""TECHNICAL""]",EF_ab3beb917a917279,"[""app/routers/ceri_routes.py:recalculate_ceri""]",HTTP,"[""BOOTSTRAP""]",Finite initiator classification; existing native writer compliance is not replaced by route trust. Raw helper permutations may overapproximate conditional delivery.,Mounted HTTP/registered handler/public service or explicit CLI; source address and signature retained.,[],SEMANTIC_ADOPTION_PENDING,True,88bbc18dae640fecf768c487acbcf8fd5b1d632bfab3258602673e93c534ecd3,DURABLE_NATIVE_ENQUEUE,"[""SUPPORTED_DISTINCT_SEMANTICS_NO_CHANGE"", ""T14B"", ""T14C""]","[""WF_CERI_ALERT_CREATION"", ""WF_CERI_CHANGE"", ""WF_CERI_CONSENSUS_ATTACH"", ""WF_CERI_FEATURE_BUILD"", ""WF_CERI_PRICE_RESPONSE"", ""WF_CERI_REVISION_FEATURE"", ""WF_CERI_SCORE"", ""WF_CONFIGURATION_DELIVERY"", ""WF_CORE_CURRENT_PROJECTION"", ""WF_CORE_RETAINED_EVIDENCE""]",
EF_ab4102ebb9197c4d,T14B_ADOPTION,Public create_upload_run uses the same direct initial-upload scoring transaction as upload_csv; the Raw artifact is legitimate source evidence but its simultaneously inserted Fundamental values lack native Fundamental lineage.,False,"db: Session, upload_file: UploadFile",SYNCHRONOUS_OR_ENQUEUE_NATIVE_OPERATION,[],DISCOVERED,T14B,"[""FUNDAMENTAL"", ""RAW""]",EF_ab4102ebb9197c4d,"[""app/services/upload_service.py:create_upload_run""]",SERVICE_PUBLIC,"[""BOOTSTRAP""]",Selected operation has source-grounded retained branch review; distinct native artifacts remain separate writer families.,Mounted HTTP/registered handler/public service or explicit CLI; source address and signature retained.,"[""def create_upload_run(db: Session, upload_file: UploadFile) -> UploadRun:"", ""filename = upload_file.filename or \""upload.csv\"""", ""_validate_upload_size(upload_file, settings.max_upload_size_mb)"", ""file_path = _save_upload(upload_file, settings.upload_dir, filename)"", ""csv_rows = load_csv_rows("", ""sector_config = load_sector_rotation_config()"", ""_remove_upload_file(file_path)""]",SEMANTIC_ADOPTION_PENDING,True,6179eab5ddff59cd577ab6d3e3b34c5cea390c8893177edd35d2f618ea26d1e4,CONFIRMED_BYPASS,[],"[""WF_UPLOAD_INITIALIZATION""]",
EF_abd56d56b5b99888,T14C_ADOPTION,"Concrete native arguments and decorators retained. Direct invocation and current/ambient delivery are exposed as a potential authority variant, not assumed equivalent to certified pipeline delivery.",False,"self, db: Session, *, evidence: tuple[GenerationEvidenceMember, ...], hash_algorithm: str='sha256'",SYNCHRONOUS_OR_ENQUEUE_NATIVE_OPERATION,[],DISCOVERED,T14C,"[""WINNER_COHORT""]",EF_abd56d56b5b99888,"[""app/services/winner_probability/evidence_manifest_service.py:EvidenceManifestService.create_or_get_manifest""]",SERVICE_PUBLIC,"[""CANONICAL_CALCULATION""]",Exact source signature and selector clauses are discovery evidence. Semantic authority/conditional dispatch review is not yet complete; this record is not a bypass assertion.,Mounted HTTP/registered handler/public service or explicit CLI; source address and signature retained.,"[""payload_json=payload,"", ""payload_json=payload,""]",SEMANTIC_ADOPTION_PENDING,False,599ab444dd74d4226b2a4e77ef0511d3c53804bc90c79a642146afab4debd7b9,SEMANTIC_ADOPTION_PENDING,[],"[""WF_WINNER_EVIDENCE_MANIFEST""]",
EF_ac7c37fdb3ecd56c,T14D_ADOPTION,"Registered native handler through background_worker.execute_job: exact configuration anchor loading, configuration_delivery_scope and fence_domain_commits with job execution token. Payload source/temporal references and native writer-family algorithms remain domain specific. Shared contract adoption is T14B/C/D; no additional dependency is inferred.",False,"db: Session, job: BackgroundJob, *, settings: Settings | None=None, client_factory=None",DURABLE_FENCED_NATIVE_DELIVERY,"[""anchored_job_configuration""]",DISCOVERED,T14D,"[""TRADE_JOURNAL""]",EF_ac7c37fdb3ecd56c,"[""app/services/ib_market_intelligence/orchestration.py:execute_flex_import""]",DURABLE_JOB,"[""CANONICAL_CALCULATION"", ""CURRENT_STATE_REPAIR""]","Classification covers registered worker dispatch; direct calls to the handler outside execute_job are separate direct-call variants, not certified by worker transport.",Mounted HTTP/registered handler/public service or explicit CLI; source address and signature retained.,"[""config = load_ib_market_intelligence_config(settings=settings)"", ""query_type = str(job.payload_json.get(\""query_type\"", \""TRADE_CONFIRMATIONS\""))"", ""and not bool(job.payload_json.get(\""force\"", False))"", ""\""dry_run\"": bool(job.payload_json.get(\""dry_run\"", False)),"", ""\""force\"": bool(job.payload_json.get(\""force\"", False)),"", ""dry_run=bool(job.payload_json.get(\""dry_run\"", False)),"", ""if not job.payload_json.get(\""dry_run\"", False) and result[\""status\""] != \""DUPLICATE_REPORT\"":"", ""\""matching_policy_version\"", \""latest-completed-before-entry-v1\""""]",SEMANTIC_ADOPTION_PENDING,True,28850325b6bef2e07a5af041b045befab19a6ab05b33df8831ddefe05926a556,DURABLE_JOB,"[""T14B""]","[""WF_IB_FLEX_IMPORT"", ""WF_IB_TRADE_EPISODES"", ""WF_IB_TRADE_RESEARCH_LINK""]",
EF_ad585eacf12c98d7,T14B_ADOPTION,"Concrete native arguments and decorators retained. Direct invocation and current/ambient delivery are exposed as a potential authority variant, not assumed equivalent to certified pipeline delivery.",False,"self, db: Session, *, ingestion_run_id: int | None, record: RawProviderRecord, raw_payload_allowed: bool",SYNCHRONOUS_OR_ENQUEUE_NATIVE_OPERATION,[],DISCOVERED,T14B,"[""CERI_SOURCE""]",EF_ad585eacf12c98d7,"[""app/services/ceri/source_record_service.py:CeriSourceRecordService.store_source_record""]",SERVICE_PUBLIC,"[""CANONICAL_CALCULATION""]",Exact source signature and selector clauses are discovery evidence. Semantic authority/conditional dispatch review is not yet complete; this record is not a bypass assertion.,Mounted HTTP/registered handler/public service or explicit CLI; source address and signature retained.,"[""raw_payload_allowed: bool,"", "".order_by(CeriSourceRecord.ingested_at.desc(), CeriSourceRecord.id.desc())"", ""if not raw_payload_allowed or record.provider in {\""eodhd\"", \""sec\""}"", ""provider_terms_version=_optional_payload_text(record, \""provider_terms_version\""),"", ""or _optional_payload_datetime(record.payload, \""source_timestamp\""),"", ""else _optional_payload_text(record, \""source_reference\"")"", ""if raw_payload_allowed"", ""payload_remediation_version=(""]",SEMANTIC_ADOPTION_PENDING,False,be4b9eab1ddba7bbb67e83f950822b5cba3883538083c53e7734c0d235939482,SEMANTIC_ADOPTION_PENDING,[],"[""WF_CERI_RAW_SOURCE""]",
EF_ad6df420db64c51c,T14D_ADOPTION,"Registered native handler through background_worker.execute_job: exact configuration anchor loading, configuration_delivery_scope and fence_domain_commits with job execution token. Payload source/temporal references and native writer-family algorithms remain domain specific. Shared contract adoption is T14B/C/D; no additional dependency is inferred.",False,"db: Session, job: BackgroundJob, *, settings: Settings | None=None, ib_factory=None",DURABLE_FENCED_NATIVE_DELIVERY,"[""anchored_job_configuration""]",DISCOVERED,T14D,"[""CERI"", ""COMBINED"", ""CURRENT_PROJECTION"", ""FUNDAMENTAL"", ""IBMI"", ""IBMI_SOURCE"", ""RANKING"", ""REGIME"", ""SECTOR"", ""TECHNICAL""]",EF_ad6df420db64c51c,"[""app/services/ib_market_intelligence/orchestration.py:execute_histogram_fetch""]",DURABLE_JOB,"[""CANONICAL_CALCULATION"", ""CURRENT_PROJECTION_ADVANCE"", ""MAINTENANCE""]","Classification covers registered worker dispatch; direct calls to the handler outside execute_job are separate direct-call variants, not certified by worker transport.",Mounted HTTP/registered handler/public service or explicit CLI; source address and signature retained.,"[""config = load_ib_market_intelligence_config(settings=settings)"", ""requested_period = effective_histogram_period(job.payload_json, section, settings)"", ""tickers = _tickers(job.payload_json, limit=settings.ib_intelligence_shortlist_limit)"", ""market_cutoff = MarketClockService().cutoff_for("", ""reference_row = _latest_close_row("", ""as_of_session=market_cutoff.latest_completed_session,"", ""cutoff_at=market_cutoff.cutoff_at,"", ""config=config._effective_configurations[\""histogram\""].values[\""config\""][\""histogram\""],"", ""as_of_session=market_cutoff.latest_completed_session,"", ""calculation_cutoff_at=market_cutoff.cutoff_at,""]",SEMANTIC_ADOPTION_PENDING,True,28850325b6bef2e07a5af041b045befab19a6ab05b33df8831ddefe05926a556,DURABLE_JOB,"[""T14B""]","[""WF_CORE_CURRENT_PROJECTION"", ""WF_CORE_RETAINED_EVIDENCE"", ""WF_IBMI_NATIVE_FEATURE"", ""WF_IB_CONTRACT_IDENTITY"", ""WF_IB_HISTOGRAM_SCANNER""]",
EF_add9abc9ad900919,T14D_ADOPTION,"Concrete native arguments and decorators retained. Direct invocation and current/ambient delivery are exposed as a potential authority variant, not assumed equivalent to certified pipeline delivery.",False,"db: Session, *, upload_run_id: int, plan_id: int, settings: Settings | None=None, discovery: Any | None=None, health_probe: HealthProbe=check_status, now: datetime | None=None, repo_root: Path | None=None",SYNCHRONOUS_OR_ENQUEUE_NATIVE_OPERATION,[],DISCOVERED,T14D,"[""CERI"", ""CERI_ALERT"", ""CERI_CHANGE"", ""CERI_SOURCE"", ""COMBINED"", ""CONFIGURATION"", ""CURRENT_PROJECTION"", ""FUNDAMENTAL"", ""IBMI"", ""IBMI_SOURCE"", ""PIPELINE"", ""PRICE"", ""RANKING"", ""RAW"", ""REGIME"", ""SECTOR"", ""TECHNICAL""]",EF_add9abc9ad900919,"[""app/services/pre_enqueue_operational_gate.py:validate_pre_enqueue_operational_gate""]",SERVICE_PUBLIC,"[""BOOTSTRAP"", ""CANONICAL_CALCULATION"", ""CURRENT_PROJECTION_ADVANCE"", ""LEGACY_UNCERTIFIED"", ""MAINTENANCE""]",Exact source signature and selector clauses are discovery evidence. Semantic authority/conditional dispatch review is not yet complete; this record is not a bypass assertion.,Mounted HTTP/registered handler/public service or explicit CLI; source address and signature retained.,"[""upload_run_id: int,"", ""context_id = _validate_reserved_control_state("", ""upload_run_id=upload_run_id,"", ""context_id=context_id,"", ""details={\""runtime\"": effective_runtime_configuration(settings)},"", ""context_id=context_id,"", ""context_id=context_id,"", ""context_id=context_id,"", ""context_id=context_id,"", ""max_age_seconds=settings.ib_readiness_max_age_seconds,"", ""context_id=context_id,"", ""upload_run_id=upload_run_id,"", ""context_id=context_id,""]",SEMANTIC_ADOPTION_PENDING,False,9329953b5939de23f9f7a8ebba04dc952fed40354f1a79ccedbec24fb6984c1d,SEMANTIC_ADOPTION_PENDING,"[""SUPPORTED_DISTINCT_SEMANTICS_NO_CHANGE"", ""T14B"", ""T14C""]","[""WF_CERI_ALERT_CREATION"", ""WF_CERI_CHANGE"", ""WF_CERI_CONSENSUS_ATTACH"", ""WF_CERI_FEATURE_BUILD"", ""WF_CERI_GUIDANCE_ELIGIBILITY"", ""WF_CERI_PRICE_RESPONSE"", ""WF_CERI_RAW_SOURCE"", ""WF_CERI_REVISION_FEATURE"", ""WF_CERI_SCORE"", ""WF_CERI_SOURCE_IDENTITY"", ""WF_CERI_SOURCE_NORMALIZATION"", ""WF_COMBINED_REFRESH"", ""WF_CONFIGURATION_DELIVERY"", ""WF_CORE_CURRENT_PROJECTION"", ""WF_CORE_RETAINED_EVIDENCE"", ""WF_FUNDAMENTAL_RECALCULATION"", ""WF_IB_CONTRACT_IDENTITY"", ""WF_MARKET_CONTEXT_AUTHORITY"", ""WF_PIPELINE_STAGE_STATE"", ""WF_PRICE_INGESTION"", ""WF_PRICE_SERIES_VERSION"", ""WF_RANKING_LEGACY_REPLACEMENT"", ""WF_RANKING_PERSISTENCE"", ""WF_REGIME_SNAPSHOT"", ""WF_SECTOR_SNAPSHOT"", ""WF_SEC_DOCUMENT_SOURCE"", ""WF_SEC_INCREMENTAL_IDENTITY"", ""WF_TECHNICAL_FEATURE_CACHE"", ""WF_TECHNICAL_FINALIZATION"", ""WF_WINNER_MARKET_DATA_OBLIGATION""]",
EF_aeb34a0b17ebe519,T14D_ADOPTION,"Registered native handler through background_worker.execute_job: exact configuration anchor loading, configuration_delivery_scope and fence_domain_commits with job execution token. Payload source/temporal references and native writer-family algorithms remain domain specific. Shared contract adoption is T14B/C/D; no additional dependency is inferred.",False,"db: Session, job: BackgroundJob",DURABLE_FENCED_NATIVE_DELIVERY,"[""anchored_job_configuration""]",DISCOVERED,T14D,"[""CERI_ALERT""]",EF_aeb34a0b17ebe519,"[""app/services/ceri/job_handlers.py:execute_alert_rebuild_job""]",DURABLE_JOB,"[""CANONICAL_CALCULATION""]","Classification covers registered worker dispatch; direct calls to the handler outside execute_job are separate direct-call variants, not certified by worker transport.",Mounted HTTP/registered handler/public service or explicit CLI; source address and signature retained.,"[""payload = job.payload_json or {}"", ""for company in _load_rows(db, CeriCompany)"", ""from app.services.configuration_delivery import current_delivery, delivered_configuration"", ""if current_delivery() is not None:"", ""alerts_enabled = delivered_configuration(\""decision.alerts.ceri\"").values[\""enabled\""]""]",SEMANTIC_ADOPTION_PENDING,True,3a4a73bf3ebcf9389f9b0d5f6e9c362dd1e3e0f9531895c1cd8bd92e0fb98ee4,DURABLE_JOB,"[""T14C""]","[""WF_CERI_ALERT_CREATION""]",
EF_afffe1082832c5a1,T14D_ADOPTION,"Registered native handler through background_worker.execute_job: exact configuration anchor loading, configuration_delivery_scope and fence_domain_commits with job execution token. Payload source/temporal references and native writer-family algorithms remain domain specific. Shared contract adoption is T14B/C/D; no additional dependency is inferred.",False,"db: Session, job: BackgroundJob, *, replay_service: SetupLifecycleReplayService | None=None",DURABLE_FENCED_NATIVE_DELIVERY,"[""anchored_job_configuration""]",DISCOVERED,T14D,"[""ALERT_DECISION"", ""CERI"", ""COMBINED"", ""CURRENT_PROJECTION"", ""FUNDAMENTAL"", ""IBMI"", ""LIFECYCLE_EVALUATION"", ""LIFECYCLE_TRANSITION"", ""RANKING"", ""REGIME"", ""SECTOR"", ""SETUP"", ""TECHNICAL""]",EF_afffe1082832c5a1,"[""app/services/setup_lifecycle/job_handlers.py:execute_replay_job""]",DURABLE_JOB,"[""CANONICAL_CALCULATION"", ""CURRENT_PROJECTION_ADVANCE""]","Classification covers registered worker dispatch; direct calls to the handler outside execute_job are separate direct-call variants, not certified by worker transport.",Mounted HTTP/registered handler/public service or explicit CLI; source address and signature retained.,"[""payload = job.payload_json or {}""]",SEMANTIC_ADOPTION_PENDING,True,1da2ddadf14cfd178ed5eaf89e7e3560a4b9d763af9d2db29025bbb821226006,DURABLE_JOB,"[""T14B"", ""T14C""]","[""WF_CORE_CURRENT_PROJECTION"", ""WF_CORE_RETAINED_EVIDENCE"", ""WF_LIFECYCLE_EVALUATION_EVIDENCE"", ""WF_SETUP_EVALUATION_RUN_STATE"", ""WF_SETUP_TYPED_REPOSITORY""]",
EF_b28b7630f07da0e9,T14C_ADOPTION,"Concrete native arguments and decorators retained. Direct invocation and current/ambient delivery are exposed as a potential authority variant, not assumed equivalent to certified pipeline delivery.",False,"self, db, *, keys: set[tuple[str, str]]",SYNCHRONOUS_OR_ENQUEUE_NATIVE_OPERATION,[],DISCOVERED,T14C,"[""LIFECYCLE_TRANSITION"", ""SETUP""]",EF_b28b7630f07da0e9,"[""app/services/setup_lifecycle/episode_service.py:SetupLifecycleEpisodeService.refresh_primary_statuses""]",SERVICE_PUBLIC,"[""CANONICAL_CALCULATION""]",Exact source signature and selector clauses are discovery evidence. Semantic authority/conditional dispatch review is not yet complete; this record is not a bypass assertion.,Mounted HTTP/registered handler/public service or explicit CLI; source address and signature retained.,[],SEMANTIC_ADOPTION_PENDING,False,578373d5a831af69b68312ed233d7af7580f7763a497dc1f4ba808d5b822b641,SEMANTIC_ADOPTION_PENDING,[],"[""WF_LIFECYCLE_EPISODE""]",
EF_b28f847e170dbcd8,T14D_ADOPTION,"Mounted mutating route initiates the native named operation via durable enqueue/service submit. Configuration anchor is resolved at enqueue; worker execute_job supplies retained delivery and execution fence. Concrete arguments/selectors are retained below; domain calculation is owned by the listed native writer families, not by the route.",False,"request: Request, db: DbSession, payload: dict[str, Any] | None=None",SYNCHRONOUS_OR_ENQUEUE_NATIVE_OPERATION,"[""router.post('/api/ceri/ingestion-runs')"", ""unsafe_route(ROUTE_CLASS_LOCAL_ADMIN, reason='queues licensed/provider CERI ingestion', csrf_required=True, local_admin_required=True)""]",DISCOVERED,T14D,"[""CERI"", ""CERI_ALERT"", ""CERI_CHANGE"", ""CERI_SOURCE"", ""COMBINED"", ""CONFIGURATION"", ""CURRENT_PROJECTION"", ""FUNDAMENTAL"", ""IBMI"", ""RANKING"", ""REGIME"", ""SECTOR"", ""TECHNICAL""]",EF_b28f847e170dbcd8,"[""app/routers/ceri_routes.py:create_ceri_ingestion_run""]",HTTP,"[""BOOTSTRAP""]",Finite initiator classification; existing native writer compliance is not replaced by route trust. Raw helper permutations may overapproximate conditional delivery.,Mounted HTTP/registered handler/public service or explicit CLI; source address and signature retained.,[],SEMANTIC_ADOPTION_PENDING,True,88bbc18dae640fecf768c487acbcf8fd5b1d632bfab3258602673e93c534ecd3,DURABLE_NATIVE_ENQUEUE,"[""SUPPORTED_DISTINCT_SEMANTICS_NO_CHANGE"", ""T14B"", ""T14C""]","[""WF_CERI_ALERT_CREATION"", ""WF_CERI_CHANGE"", ""WF_CERI_CONSENSUS_ATTACH"", ""WF_CERI_FEATURE_BUILD"", ""WF_CERI_GUIDANCE_ELIGIBILITY"", ""WF_CERI_PRICE_RESPONSE"", ""WF_CERI_RAW_SOURCE"", ""WF_CERI_REVISION_FEATURE"", ""WF_CERI_SCORE"", ""WF_CERI_SOURCE_IDENTITY"", ""WF_CERI_SOURCE_NORMALIZATION"", ""WF_CONFIGURATION_DELIVERY"", ""WF_CORE_CURRENT_PROJECTION"", ""WF_CORE_RETAINED_EVIDENCE"", ""WF_SEC_DOCUMENT_SOURCE"", ""WF_SEC_INCREMENTAL_IDENTITY""]",
EF_b29864373e3407c6,T14D_ADOPTION,"Concrete native arguments and decorators retained. Direct invocation and current/ambient delivery are exposed as a potential authority variant, not assumed equivalent to certified pipeline delivery.",False,"db: Session, episode: IBTradeEpisode, *, lookback_sessions: int=5, policy: str='latest-completed-before-entry-v1'",SYNCHRONOUS_OR_ENQUEUE_NATIVE_OPERATION,[],DISCOVERED,T14D,"[""TRADE_JOURNAL""]",EF_b29864373e3407c6,"[""app/services/ib_market_intelligence/journal.py:match_episode_to_research""]",SERVICE_PUBLIC,"[""CURRENT_STATE_REPAIR""]",Exact source signature and selector clauses are discovery evidence. Semantic authority/conditional dispatch review is not yet complete; this record is not a bypass assertion.,Mounted HTTP/registered handler/public service or explicit CLI; source address and signature retained.,"[""policy: str = \""latest-completed-before-entry-v1\"","", ""cutoff = episode.opened_at"", ""earliest = cutoff - timedelta(days=max(lookback_sessions * 2, 7))"", ""& (TechnicalScore.created_at <= cutoff),"", ""& (FundamentalScore.created_at <= cutoff),"", "".where(UploadRun.processed_at <= cutoff)"", "".where(CombinedResult.created_at <= cutoff)"", "".order_by(CombinedResult.created_at.desc(), UploadRun.processed_at.desc())"", ""candidate[1].created_at.date() == cutoff.date(),"", ""link.context_json = {}"", ""link.context_json = {}"", ""link.leakage_check = \""PASS\"" if best_time <= cutoff else \""FAIL\"""", ""{\""upload_run_id\"": candidate[0].id, \""combined_result_id\"": candidate[1].id}"", "".where(WinnerPredictionSnapshot.source_data_cutoff_at <= cutoff)"", "".order_by(WinnerPredictionSnapshot.source_data_cutoff_at.desc())"", ""db, prediction_id=winner.id, cutoff=cutoff"", "".where(SetupSignalSnapshot.calculated_at <= cutoff)"", "".order_by(SetupSignalSnapshot.calculated_at.desc())"", "".where(RankingResult.created_at <= cutoff)"", "".where(RankingResult.created_at <= cutoff)"", ""ranking = db.scalar(ranking_query.order_by(RankingResult.created_at.desc()))"", "".where(CeriScoreSnapshot.cutoff_at <= cutoff)"", "".order_by(CeriScoreSnapshot.cutoff_at.desc())"", ""context: dict[str, Any] = {"", ""link.upload_run_id = run.id"", ""link.context_json = context"", ""ceri.cutoff_at if ceri else None,"", ""winner.source_data_cutoff_at if winner else None,"", ""link.leakage_check = \""PASS\"" if all(value <= cutoff for value in evidence_times) else \""FAIL\""""]",SEMANTIC_ADOPTION_PENDING,False,193c5fc72a61d0a0a3f71bf46c17a9d087d41c29e6eeb210f4ecd60169f9ec9c,SEMANTIC_ADOPTION_PENDING,[],"[""WF_IB_TRADE_RESEARCH_LINK""]",
EF_b2c4eae10dbb7074,T14C_ADOPTION,"Concrete native arguments and decorators retained. Direct invocation and current/ambient delivery are exposed as a potential authority variant, not assumed equivalent to certified pipeline delivery.",False,"self, prediction: WinnerPredictionSnapshot, *, explicit_legacy_override: bool | None=None",SYNCHRONOUS_OR_ENQUEUE_NATIVE_OPERATION,[],DISCOVERED,T14C,"[""WINNER_PREDICTION""]",EF_b2c4eae10dbb7074,"[""app/services/winner_probability/training_eligibility.py:TrainingEligibilityPolicy.persist_capture_decision""]",SERVICE_PUBLIC,"[""MAINTENANCE""]",Exact source signature and selector clauses are discovery evidence. Semantic authority/conditional dispatch review is not yet complete; this record is not a bypass assertion.,Mounted HTTP/registered handler/public service or explicit CLI; source address and signature retained.,[],SEMANTIC_ADOPTION_PENDING,False,7da78444bc805813b156d4377d7c7d1e718548980e37cfe763cfae97d7fdcb56,SEMANTIC_ADOPTION_PENDING,[],"[""WF_WINNER_CAPTURE_TRAINING_METADATA""]",
EF_b485539a18ce34a9,T14D_ADOPTION,"Concrete native arguments and decorators retained. Direct invocation and current/ambient delivery are exposed as a potential authority variant, not assumed equivalent to certified pipeline delivery.",False,"db: Session, upload_run_id: int, requested_by: str | None=None, ceri_run_capture_enabled: bool | None=None, ceri_provider_ingest_enabled: bool | None=None, setup_lifecycle_pipeline_step_enabled: bool | None=None, market_data_policy: MarketDataPolicy | str=MarketDataPolicy.REQUIRE_IB, ib_preflight_status: dict[str, Any] | None=None, transition_preflight_plan_id: int | None=None, transition_candidate_discovery: Any | None=None",SYNCHRONOUS_OR_ENQUEUE_NATIVE_OPERATION,[],DISCOVERED,T14D,"[""CERI"", ""CERI_ALERT"", ""CERI_CHANGE"", ""CERI_SOURCE"", ""COMBINED"", ""CONFIGURATION"", ""CURRENT_PROJECTION"", ""FUNDAMENTAL"", ""IBMI"", ""IBMI_SOURCE"", ""PIPELINE"", ""PRICE"", ""RANKING"", ""RAW"", ""REGIME"", ""SECTOR"", ""TECHNICAL""]",EF_b485539a18ce34a9,"[""app/services/pipeline_service.py:start_pipeline""]",SERVICE_PUBLIC,"[""BOOTSTRAP"", ""CANONICAL_CALCULATION"", ""CURRENT_PROJECTION_ADVANCE"", ""CURRENT_STATE_REPAIR"", ""LEGACY_UNCERTIFIED"", ""MAINTENANCE""]",Exact source signature and selector clauses are discovery evidence. Semantic authority/conditional dispatch review is not yet complete; this record is not a bypass assertion.,Mounted HTTP/registered handler/public service or explicit CLI; source address and signature retained.,"[""upload_run_id: int,"", ""upload_run = db.get(UploadRun, upload_run_id)"", ""if upload_run is None:"", ""raise ValueError(f\""Upload run {upload_run_id} was not found.\"")"", ""upload_run_id=upload_run_id,"", ""upload_run_id=upload_run_id,"", ""authoritative = _authoritative_pipeline_for_run(db, upload_run_id)"", ""from app.services.ceri.sec.readiness_repair import ("", ""schedule_sec_readiness_repair,"", ""schedule_sec_readiness_repair("", ""request_key = _pipeline_request_key(upload_run_id, step_names, policy)"", ""upload_run_id=upload_run_id,"", ""current_step=step_names[0],"", ""from app.services.market_calculation_context_service import ("", ""create_pipeline_market_context,"", ""market_cutoff = create_pipeline_market_context(db, pipeline)"", ""market_cutoff = consume_transition_preflight("", ""\""market_calculation_context_id\"": market_cutoff.context_id,"", ""\""market_cutoff_at\"": CanonicalEvidenceSerializer.canonicalize(market_cutoff.cutoff_at),"", ""\""input_as_of_session\"": market_cutoff.latest_completed_session.isoformat(),"", ""\""market_calendar_version\"": market_cutoff.calendar_version,"", ""\""bar_readiness_version\"": market_cutoff.bar_readiness_version,"", ""related_run_id=upload_run_id,"", ""\""market_calculation_context_id\"": market_cutoff.context_id,"", ""\""market_cutoff_at\"": CanonicalEvidenceSerializer.canonicalize(market_cutoff.cutoff_at),"", ""\""input_as_of_session\"": market_cutoff.latest_completed_session.isoformat(),"", ""\""market_calendar_version\"": market_cutoff.calendar_version,"", ""\""bar_readiness_version\"": market_cutoff.bar_readiness_version,""]",SEMANTIC_ADOPTION_PENDING,False,82cf1c28c6f4ee72da8fce44e8530e1578451d5489f6066c69985d320a6d621b,SEMANTIC_ADOPTION_PENDING,"[""SUPPORTED_DISTINCT_SEMANTICS_NO_CHANGE"", ""T14B"", ""T14C""]","[""WF_CERI_ALERT_CREATION"", ""WF_CERI_CHANGE"", ""WF_CERI_CONSENSUS_ATTACH"", ""WF_CERI_FEATURE_BUILD"", ""WF_CERI_GUIDANCE_ELIGIBILITY"", ""WF_CERI_PRICE_RESPONSE"", ""WF_CERI_RAW_SOURCE"", ""WF_CERI_REVISION_FEATURE"", ""WF_CERI_SCORE"", ""WF_CERI_SOURCE_IDENTITY"", ""WF_CERI_SOURCE_NORMALIZATION"", ""WF_COMBINED_REFRESH"", ""WF_CONFIGURATION_DELIVERY"", ""WF_CORE_CURRENT_PROJECTION"", ""WF_CORE_RETAINED_EVIDENCE"", ""WF_FUNDAMENTAL_RECALCULATION"", ""WF_IB_CONTRACT_IDENTITY"", ""WF_MARKET_CONTEXT_AUTHORITY"", ""WF_PIPELINE_CONTROL"", ""WF_PIPELINE_STAGE_STATE"", ""WF_PRICE_INGESTION"", ""WF_PRICE_SERIES_VERSION"", ""WF_RANKING_LEGACY_REPLACEMENT"", ""WF_RANKING_PERSISTENCE"", ""WF_REGIME_SNAPSHOT"", ""WF_SECTOR_SNAPSHOT"", ""WF_SEC_DOCUMENT_SOURCE"", ""WF_SEC_IDENTITY_REPAIR"", ""WF_SEC_INCREMENTAL_IDENTITY"", ""WF_SEC_PIPELINE_READINESS_REPAIR"", ""WF_TECHNICAL_FEATURE_CACHE"", ""WF_TECHNICAL_FINALIZATION"", ""WF_WINNER_MARKET_DATA_OBLIGATION""]",
EF_b52294e32a1ee5d9,T14D_ADOPTION,"Concrete native arguments and decorators retained. Direct invocation and current/ambient delivery are exposed as a potential authority variant, not assumed equivalent to certified pipeline delivery.",False,"db: Session, *, snapshot: CeriScoreSnapshot, config: CeriConfig, effective_configuration=None",SYNCHRONOUS_OR_ENQUEUE_NATIVE_OPERATION,[],DISCOVERED,T14D,"[""CERI"", ""COMBINED"", ""CURRENT_PROJECTION"", ""FUNDAMENTAL"", ""IBMI"", ""RANKING"", ""REGIME"", ""SECTOR"", ""TECHNICAL""]",EF_b52294e32a1ee5d9,"[""app/services/ceri/decision_evidence.py:persist_ceri_decision_evidence""]",SERVICE_PUBLIC,"[""CANONICAL_CALCULATION"", ""CURRENT_PROJECTION_ADVANCE""]",Exact source signature and selector clauses are discovery evidence. Semantic authority/conditional dispatch review is not yet complete; this record is not a bypass assertion.,Mounted HTTP/registered handler/public service or explicit CLI; source address and signature retained.,"[""effective_configuration=None,"", ""effective_configuration = effective_configuration or getattr("", ""config, \""_effective_configuration\"", None"", ""if effective_configuration is not None:"", ""from app.services.contextual_effective_configuration import ceri_calculation_values"", ""if ceri_calculation_values(config) != effective_configuration.values[\""config\""]:"", ""effective = identity.configuration.effective_configuration"", ""effective_configuration.snapshot.semantic_hash"", ""if effective_configuration is not None"", ""effective_configuration.values[\""config\""]"", ""if effective_configuration is not None"", ""effective_configuration.values[\""native_policy\""][\""posture\""]"", ""if effective_configuration is not None"", ""effective_configuration=effective_configuration.snapshot"", ""if effective_configuration is not None and identity is not None"", ""current_row=snapshot,""]",SEMANTIC_ADOPTION_PENDING,False,5d55df32564e064c64121690c92400569371b675e1962fc2f653c76dfcedb407,SEMANTIC_ADOPTION_PENDING,"[""T14B""]","[""WF_CORE_CURRENT_PROJECTION"", ""WF_CORE_RETAINED_EVIDENCE""]",
EF_b66fd9fbd8bf92e7,T14D_ADOPTION,"Registered native handler through background_worker.execute_job: exact configuration anchor loading, configuration_delivery_scope and fence_domain_commits with job execution token. Payload source/temporal references and native writer-family algorithms remain domain specific. Shared contract adoption is T14B/C/D; no additional dependency is inferred.",False,"db: Session, job: BackgroundJob",DURABLE_FENCED_NATIVE_DELIVERY,[],DISCOVERED,T14D,"[""CERI"", ""CERI_ALERT"", ""CERI_CHANGE"", ""CERI_SOURCE"", ""COMBINED"", ""CONFIGURATION"", ""CURRENT_PROJECTION"", ""FUNDAMENTAL"", ""IBMI"", ""IBMI_SOURCE"", ""PIPELINE"", ""PRICE"", ""RANKING"", ""RAW"", ""REGIME"", ""SECTOR"", ""TECHNICAL""]",EF_b66fd9fbd8bf92e7,"[""app/services/background_worker.py:_execute_sec_readiness_repair_job""]",DURABLE_JOB,"[""BOOTSTRAP"", ""CANONICAL_CALCULATION"", ""CURRENT_PROJECTION_ADVANCE"", ""CURRENT_STATE_REPAIR"", ""LEGACY_UNCERTIFIED"", ""MAINTENANCE""]","Classification covers registered worker dispatch; direct calls to the handler outside execute_job are separate direct-call variants, not certified by worker transport.",Mounted HTTP/registered handler/public service or explicit CLI; source address and signature retained.,"[""def _execute_sec_readiness_repair_job("", ""from app.services.ceri.sec.readiness_repair import ("", ""SecReadinessRepairCancelled,"", ""execute_sec_readiness_repair,"", ""with job_phase(\""sec_readiness_repair\""):"", ""return execute_sec_readiness_repair("", ""except SecReadinessRepairCancelled as exc:""]",SEMANTIC_ADOPTION_PENDING,True,de3e326ac5c9ebadf0d316d6546fd6a856e4b7fc4b375ad9f954ac25b03d5876,DURABLE_JOB,"[""SUPPORTED_DISTINCT_SEMANTICS_NO_CHANGE"", ""T14B"", ""T14C""]","[""WF_CERI_ALERT_CREATION"", ""WF_CERI_CHANGE"", ""WF_CERI_CONSENSUS_ATTACH"", ""WF_CERI_FEATURE_BUILD"", ""WF_CERI_GUIDANCE_ELIGIBILITY"", ""WF_CERI_PRICE_RESPONSE"", ""WF_CERI_RAW_SOURCE"", ""WF_CERI_REVISION_FEATURE"", ""WF_CERI_SCORE"", ""WF_CERI_SOURCE_IDENTITY"", ""WF_CERI_SOURCE_NORMALIZATION"", ""WF_COMBINED_REFRESH"", ""WF_CONFIGURATION_DELIVERY"", ""WF_CORE_CURRENT_PROJECTION"", ""WF_CORE_RETAINED_EVIDENCE"", ""WF_FUNDAMENTAL_RECALCULATION"", ""WF_IB_CONTRACT_IDENTITY"", ""WF_MARKET_CONTEXT_AUTHORITY"", ""WF_PIPELINE_CONTROL"", ""WF_PIPELINE_STAGE_STATE"", ""WF_PRICE_INGESTION"", ""WF_PRICE_SERIES_VERSION"", ""WF_RANKING_LEGACY_REPLACEMENT"", ""WF_RANKING_PERSISTENCE"", ""WF_REGIME_SNAPSHOT"", ""WF_SECTOR_SNAPSHOT"", ""WF_SEC_DOCUMENT_SOURCE"", ""WF_SEC_IDENTITY_REPAIR"", ""WF_SEC_INCREMENTAL_IDENTITY"", ""WF_SEC_PIPELINE_READINESS_REPAIR"", ""WF_TECHNICAL_FEATURE_CACHE"", ""WF_TECHNICAL_FINALIZATION"", ""WF_WINNER_MARKET_DATA_OBLIGATION""]",
EF_b69d6707daaa3390,T14D_ADOPTION,"Mounted mutating route initiates the native named operation via durable enqueue/service submit. Configuration anchor is resolved at enqueue; worker execute_job supplies retained delivery and execution fence. Concrete arguments/selectors are retained below; domain calculation is owned by the listed native writer families, not by the route.",False,"run_id: int, fetch_run_id: int, db: DbSession",SYNCHRONOUS_OR_ENQUEUE_NATIVE_OPERATION,"[""router.post('/runs/{run_id}/ib/fetch/{fetch_run_id}/retry-failed')"", ""unsafe_route(ROUTE_CLASS_PUBLIC_LOCAL, reason='queues retry for failed IB fetch items')""]",DISCOVERED,T14D,"[""CONFIGURATION"", ""IBMI_SOURCE"", ""PRICE""]",EF_b69d6707daaa3390,"[""app/routers/run_routes.py:retry_failed_run_ib_fetch_action""]",HTTP,"[""BOOTSTRAP""]",Finite initiator classification; existing native writer compliance is not replaced by route trust. Raw helper permutations may overapproximate conditional delivery.,Mounted HTTP/registered handler/public service or explicit CLI; source address and signature retained.,[],SEMANTIC_ADOPTION_PENDING,True,4ad74569b8e74b097ff49fd0a6d29a3c92de33e9816eb505dc0576b0f92dd98d,DURABLE_NATIVE_ENQUEUE,"[""SUPPORTED_DISTINCT_SEMANTICS_NO_CHANGE"", ""T14B"", ""T14C""]","[""WF_CONFIGURATION_DELIVERY"", ""WF_IB_CONTRACT_IDENTITY"", ""WF_PRICE_INGESTION"", ""WF_PRICE_SERIES_VERSION"", ""WF_WINNER_MARKET_DATA_OBLIGATION""]",
EF_b788f811597ea7c5,T14D_ADOPTION,"Mounted mutating route initiates the native named operation via durable enqueue/service submit. Configuration anchor is resolved at enqueue; worker execute_job supplies retained delivery and execution fence. Concrete arguments/selectors are retained below; domain calculation is owned by the listed native writer families, not by the route.",False,"request: Request, db: DbSession, limit: int=500",SYNCHRONOUS_OR_ENQUEUE_NATIVE_OPERATION,"[""router.post('/api/winner-probability/outcomes/process')"", ""unsafe_route(ROUTE_CLASS_LOCAL_ADMIN, reason='queues winner-probability outcome maturation', local_admin_required=True)""]",DISCOVERED,T14D,"[""CONFIGURATION"", ""CURRENT_PROJECTION"", ""WINNER_COHORT"", ""WINNER_GENERATION"", ""WINNER_OUTCOME"", ""WINNER_PREDICTION""]",EF_b788f811597ea7c5,"[""app/routers/winner_probability_routes.py:queue_winner_outcome_maturation""]",HTTP,"[""BOOTSTRAP""]",Finite initiator classification; existing native writer compliance is not replaced by route trust. Raw helper permutations may overapproximate conditional delivery.,Mounted HTTP/registered handler/public service or explicit CLI; source address and signature retained.,[],SEMANTIC_ADOPTION_PENDING,True,45075a7db6bbea9aeeff4c13e64fe2b1dd37cbb36d2f342b93e03b15953af12a,DURABLE_NATIVE_ENQUEUE,"[""SUPPORTED_DISTINCT_SEMANTICS_NO_CHANGE"", ""T14C""]","[""WF_CONFIGURATION_DELIVERY"", ""WF_WINNER_COHORT_DEFINITION"", ""WF_WINNER_COHORT_MATERIALIZATION"", ""WF_WINNER_EVIDENCE_MANIFEST"", ""WF_WINNER_FORWARD_MATURATION"", ""WF_WINNER_GENERATION"", ""WF_WINNER_OUTCOME_REVISION"", ""WF_WINNER_WATERMARK""]",
EF_b91e53fb5c6f1222,T14C_ADOPTION,"Concrete native arguments and decorators retained. Direct invocation and current/ambient delivery are exposed as a potential authority variant, not assumed equivalent to certified pipeline delivery.",False,"self, db: Session, evaluation_run_id: int, *, current_phase: str | None=None",SYNCHRONOUS_OR_ENQUEUE_NATIVE_OPERATION,[],DISCOVERED,T14C,"[""LIFECYCLE_EVALUATION""]",EF_b91e53fb5c6f1222,"[""app/services/setup_lifecycle/repository.py:SetupLifecycleRepository.heartbeat_evaluation_run""]",SERVICE_PUBLIC,"[""CANONICAL_CALCULATION""]",Exact source signature and selector clauses are discovery evidence. Semantic authority/conditional dispatch review is not yet complete; this record is not a bypass assertion.,Mounted HTTP/registered handler/public service or explicit CLI; source address and signature retained.,"[""current_phase: str | None = None,"", ""if current_phase is not None:"", ""values[\""current_phase\""] = current_phase""]",SEMANTIC_ADOPTION_PENDING,False,fbe61b3f69359337c6100dd7148dfc3c6c65f1255fcf7781b8672c9cdb016925,SEMANTIC_ADOPTION_PENDING,[],"[""WF_SETUP_EVALUATION_RUN_STATE""]",
EF_b95c796004827c0e,T14D_ADOPTION,"Concrete native arguments and decorators retained. Direct invocation and current/ambient delivery are exposed as a potential authority variant, not assumed equivalent to certified pipeline delivery.",False,"db: Session, requests: Sequence[EvidenceDispositionRequest]",SYNCHRONOUS_OR_ENQUEUE_NATIVE_OPERATION,[],DISCOVERED,T14D,"[""CURRENT_PROJECTION""]",EF_b95c796004827c0e,"[""app/services/ceri/evidence_eligibility.py:append_evidence_dispositions""]",SERVICE_PUBLIC,"[""MAINTENANCE""]",Exact source signature and selector clauses are discovery evidence. Semantic authority/conditional dispatch review is not yet complete; this record is not a bypass assertion.,Mounted HTTP/registered handler/public service or explicit CLI; source address and signature retained.,[],SEMANTIC_ADOPTION_PENDING,False,105bc742d914e2a0644fcf617ccf0ea57fa6cf554240586ffa3b7f1cc82f06ca,SEMANTIC_ADOPTION_PENDING,[],"[""WF_CERI_DISPOSITION""]",
EF_bbe23c5f58004112,T14D_ADOPTION,"Registered native handler through background_worker.execute_job: exact configuration anchor loading, configuration_delivery_scope and fence_domain_commits with job execution token. Payload source/temporal references and native writer-family algorithms remain domain specific. Shared contract adoption is T14B/C/D; no additional dependency is inferred.",False,"db: Session, job: BackgroundJob, *, settings: Settings | None=None, ib_factory=None",DURABLE_FENCED_NATIVE_DELIVERY,"[""anchored_job_configuration""]",DISCOVERED,T14D,"[""CERI"", ""COMBINED"", ""CURRENT_PROJECTION"", ""FUNDAMENTAL"", ""IBMI"", ""IBMI_SOURCE"", ""RANKING"", ""REGIME"", ""SECTOR"", ""TECHNICAL""]",EF_bbe23c5f58004112,"[""app/services/ib_market_intelligence/orchestration.py:execute_live_snapshot""]",DURABLE_JOB,"[""CANONICAL_CALCULATION"", ""CURRENT_PROJECTION_ADVANCE"", ""MAINTENANCE""]","Classification covers registered worker dispatch; direct calls to the handler outside execute_job are separate direct-call variants, not certified by worker transport.",Mounted HTTP/registered handler/public service or explicit CLI; source address and signature retained.,"[""config = load_ib_market_intelligence_config(settings=settings)"", ""module = IntelligenceModule(str(job.payload_json[\""module\""]))"", ""tickers = _tickers(job.payload_json, limit=settings.ib_intelligence_shortlist_limit)"", ""calculation_cutoff_at=snapshot.observed_at,"", ""operation_mode=\""CURRENT\"",""]",SEMANTIC_ADOPTION_PENDING,True,28850325b6bef2e07a5af041b045befab19a6ab05b33df8831ddefe05926a556,DURABLE_JOB,"[""T14B""]","[""WF_CORE_CURRENT_PROJECTION"", ""WF_CORE_RETAINED_EVIDENCE"", ""WF_IBMI_LIVE_SOURCE"", ""WF_IBMI_NATIVE_FEATURE"", ""WF_IB_CONTRACT_IDENTITY""]",
EF_bd24dd9da817c632,T14D_ADOPTION,"Concrete native arguments and decorators retained. Direct invocation and current/ambient delivery are exposed as a potential authority variant, not assumed equivalent to certified pipeline delivery.",False,"db: Session, *, upload_run_id: int, cutoff_at: datetime | None=None, clock: MarketClockService | None=None",SYNCHRONOUS_OR_ENQUEUE_NATIVE_OPERATION,[],DISCOVERED,T14D,"[""PIPELINE""]",EF_bd24dd9da817c632,"[""app/services/market_calculation_context_service.py:reserve_preflight_market_context""]",SERVICE_PUBLIC,"[""BOOTSTRAP""]",Exact source signature and selector clauses are discovery evidence. Semantic authority/conditional dispatch review is not yet complete; this record is not a bypass assertion.,Mounted HTTP/registered handler/public service or explicit CLI; source address and signature retained.,"[""def reserve_preflight_market_context("", ""upload_run_id: int,"", ""cutoff_at: datetime | None = None,"", "") -> MarketCalculationCutoff:"", ""\""\""\""Persist an unowned immutable context for a durable transition preflight.\""\""\"""", ""cutoff = (clock or MarketClockService()).cutoff_for("", ""cutoff_at or datetime.now(UTC), reason=\""TRANSITION_PREFLIGHT_RESERVED\"""", ""row = MarketCalculationContext("", ""upload_run_id=upload_run_id,"", ""cutoff_at=cutoff.cutoff_at,"", ""exchange_timezone=cutoff.exchange_timezone,"", ""latest_completed_session=cutoff.latest_completed_session,"", ""daily_bar_ready_at=cutoff.daily_bar_ready_at,"", ""calendar_version=cutoff.calendar_version,"", ""bar_readiness_version=cutoff.bar_readiness_version,"", ""cutoff_reason=cutoff.cutoff_reason,"", ""return cutoff.with_context_id(row.id)""]",SEMANTIC_ADOPTION_PENDING,False,37a510c48cde85ca4fc061e5d0017f0c01836c095be3ea0341a5be34f42a18fb,SEMANTIC_ADOPTION_PENDING,[],"[""WF_MARKET_CONTEXT_AUTHORITY""]",
EF_be226eaac46d1ab2,T14B_ADOPTION,"Concrete native arguments and decorators retained. Direct invocation and current/ambient delivery are exposed as a potential authority variant, not assumed equivalent to certified pipeline delivery.",False,"db: Session, dto: LiveSnapshotDTO, *, intelligence_run_id: int | None=None",SYNCHRONOUS_OR_ENQUEUE_NATIVE_OPERATION,[],DISCOVERED,T14B,"[""IBMI_SOURCE""]",EF_be226eaac46d1ab2,"[""app/services/ib_market_intelligence/repository.py:persist_live_snapshot""]",SERVICE_PUBLIC,"[""CANONICAL_CALCULATION""]",Exact source signature and selector clauses are discovery evidence. Semantic authority/conditional dispatch review is not yet complete; this record is not a bypass assertion.,Mounted HTTP/registered handler/public service or explicit CLI; source address and signature retained.,[],SEMANTIC_ADOPTION_PENDING,False,cd771770dc9e76378b3c4fa229c1117b825adc6594d65d70f12a3fbe1b3f89ca,SEMANTIC_ADOPTION_PENDING,[],"[""WF_IBMI_LIVE_SOURCE""]",
EF_be3b33a649ccba7e,T14D_ADOPTION,"Concrete native arguments and decorators retained. Direct invocation and current/ambient delivery are exposed as a potential authority variant, not assumed equivalent to certified pipeline delivery.",False,"db: Session, run_id: int | None, as_of_date: date | None=None, persist: bool=True, config: dict[str, Any] | None=None, universe_service: SectorUniverseService | None=None, etf_service: SectorEtfRotationService | None=None, policy_service: SectorRotationPolicyService | None=None, repository: SectorRotationRepository | None=None, market_repository: MarketRegimeRepository | None=None, market_cutoff: MarketCalculationCutoff | None=None, effective_configuration=None, expected_calculation_identity=None",SYNCHRONOUS_OR_ENQUEUE_NATIVE_OPERATION,[],DISCOVERED,T14D,"[""CERI"", ""COMBINED"", ""CURRENT_PROJECTION"", ""FUNDAMENTAL"", ""IBMI"", ""RANKING"", ""REGIME"", ""SECTOR"", ""TECHNICAL""]",EF_be3b33a649ccba7e,"[""app/services/sector_rotation_service.py:build_sector_rotation_snapshot""]",SERVICE_PUBLIC,"[""CANONICAL_CALCULATION"", ""CURRENT_PROJECTION_ADVANCE""]",Exact source signature and selector clauses are discovery evidence. Semantic authority/conditional dispatch review is not yet complete; this record is not a bypass assertion.,Mounted HTTP/registered handler/public service or explicit CLI; source address and signature retained.,"[""market_cutoff: MarketCalculationCutoff | None = None,"", ""effective_configuration=None,"", ""from app.services.configuration_source_values import SourcedConfigurationValues"", ""from app.services.contextual_effective_configuration import resolve_sector_configuration"", ""effective_configuration = effective_configuration or resolve_sector_configuration(config)"", ""effective_configuration.require_family(\""contextual.sector\"")"", ""effective_configuration.require_retry_identity(expected_calculation_identity)"", ""config = SourcedConfigurationValues(effective_configuration.values[\""config\""], ())"", ""config.effective_configuration = effective_configuration"", ""market_cutoff = market_cutoff or standalone_market_context(reason=\""STANDALONE_SECTOR_ROTATION\"")"", ""if as_of_date is not None and as_of_date > market_cutoff.latest_completed_session:"", ""raise ValueError(\""sector as_of_date exceeds the market calculation cutoff\"")"", ""as_of_date = as_of_date or market_cutoff.latest_completed_session"", ""market_snapshot = _latest_market_snapshot("", ""market_cutoff,"", ""market_snapshot, market_permission = contextual_decision_input("", ""market_cutoff=market_cutoff,"", ""db=db, universe_rows=universe_rows, config=config, market_cutoff=market_cutoff"", ""market_cutoff=market_cutoff,"", ""effective_configuration=effective_configuration,"", ""previous_snapshot, previous_permission = contextual_decision_input("", ""warnings = _append_unique(warnings, \""missing_asof_market_regime_context\"")"", ""CONTEXTUAL_ELIGIBILITY_KEY: {"", ""\""calculation_context_id\"": market_cutoff.context_id,"", ""\""calculation_cutoff_at\"": market_cutoff.cutoff_at.isoformat(),"", ""\""input_as_of_session\"": market_cutoff.latest_completed_session.isoformat(),"", ""\""calendar_version\"": market_cutoff.calendar_version,"", ""\""sector_latest_source_sessions\"": {"", ""pipeline_id_for_cutoff(db, run_id=run_id, market_cutoff=market_cutoff)"", ""base = consumer_context_identity("", ""market_cutoff=market_cutoff,"", ""market_cutoff,"", ""identity = build_contextual_result_identity("", ""CONTEXTUAL_ELIGIBILITY_KEY: dto.debug[CONTEXTUAL_ELIGIBILITY_KEY],"", ""configuration=expected_sector_identity("", ""context=base,"", "").configuration,"", ""context=base,"", ""effective_configuration.bind(identity),"", ""snapshot_write, \""_effective_configuration\"", effective_configuration.snapshot""]",SEMANTIC_ADOPTION_PENDING,False,9481fc36da87372447765c2a731c9c281b6676ec1d5c0ca59c3d8d3bbfb61811,SEMANTIC_ADOPTION_PENDING,"[""T14B""]","[""WF_CORE_CURRENT_PROJECTION"", ""WF_CORE_RETAINED_EVIDENCE"", ""WF_SECTOR_SNAPSHOT""]",
EF_be776167a4a792cf,T14D_ADOPTION,"Registered native handler through background_worker.execute_job: exact configuration anchor loading, configuration_delivery_scope and fence_domain_commits with job execution token. Payload source/temporal references and native writer-family algorithms remain domain specific. Shared contract adoption is T14B/C/D; no additional dependency is inferred.",False,"db: Session, job: BackgroundJob, *, maintenance_service: SetupLifecycleMaintenanceService | None=None",DURABLE_FENCED_NATIVE_DELIVERY,"[""anchored_job_configuration""]",DISCOVERED,T14D,"[""ALERT_DECISION"", ""CERI"", ""COMBINED"", ""CURRENT_PROJECTION"", ""FUNDAMENTAL"", ""IBMI"", ""LIFECYCLE_EVALUATION"", ""LIFECYCLE_TRANSITION"", ""RANKING"", ""REGIME"", ""SECTOR"", ""SETUP"", ""TECHNICAL""]",EF_be776167a4a792cf,"[""app/services/setup_lifecycle/job_handlers.py:execute_repair_ticker_job""]",DURABLE_JOB,"[""CANONICAL_CALCULATION"", ""CURRENT_PROJECTION_ADVANCE""]","Classification covers registered worker dispatch; direct calls to the handler outside execute_job are separate direct-call variants, not certified by worker transport.",Mounted HTTP/registered handler/public service or explicit CLI; source address and signature retained.,"[""payload = job.payload_json or {}""]",SEMANTIC_ADOPTION_PENDING,True,1da2ddadf14cfd178ed5eaf89e7e3560a4b9d763af9d2db29025bbb821226006,DURABLE_JOB,"[""T14B"", ""T14C""]","[""WF_CORE_CURRENT_PROJECTION"", ""WF_CORE_RETAINED_EVIDENCE"", ""WF_LIFECYCLE_EPISODE"", ""WF_LIFECYCLE_EVALUATION_EVIDENCE"", ""WF_LIFECYCLE_TRANSITION_EVIDENCE"", ""WF_SETUP_ALERT_EVENT_STATE"", ""WF_SETUP_ALERT_RULE_EVIDENCE"", ""WF_SETUP_DECISION_EVIDENCE"", ""WF_SETUP_TRANSITION_EVENT_STATE"", ""WF_SETUP_TYPED_REPOSITORY""]",
EF_bf185d27ba6a5998,T14C_ADOPTION,"Concrete native arguments and decorators retained. Direct invocation and current/ambient delivery are exposed as a potential authority variant, not assumed equivalent to certified pipeline delivery.",False,"self, db: Session, *, manifest: WinnerEvidenceManifest, evidence: tuple[GenerationEvidenceMember, ...]",SYNCHRONOUS_OR_ENQUEUE_NATIVE_OPERATION,[],DISCOVERED,T14C,"[""WINNER_COHORT""]",EF_bf185d27ba6a5998,"[""app/services/winner_probability/evidence_manifest_service.py:EvidenceManifestService.persist_manifest_members""]",SERVICE_PUBLIC,"[""CANONICAL_CALCULATION""]",Exact source signature and selector clauses are discovery evidence. Semantic authority/conditional dispatch review is not yet complete; this record is not a bypass assertion.,Mounted HTTP/registered handler/public service or explicit CLI; source address and signature retained.,[],SEMANTIC_ADOPTION_PENDING,False,599ab444dd74d4226b2a4e77ef0511d3c53804bc90c79a642146afab4debd7b9,SEMANTIC_ADOPTION_PENDING,[],"[""WF_WINNER_EVIDENCE_MANIFEST""]",
EF_c0bd3112a99523a0,T14C_ADOPTION,"Concrete native arguments and decorators retained. Direct invocation and current/ambient delivery are exposed as a potential authority variant, not assumed equivalent to certified pipeline delivery.",False,"self, db: Session, row: Any",SYNCHRONOUS_OR_ENQUEUE_NATIVE_OPERATION,[],DISCOVERED,T14C,"[""ALERT_DECISION"", ""LIFECYCLE_EVALUATION"", ""LIFECYCLE_TRANSITION"", ""SETUP""]",EF_c0bd3112a99523a0,"[""app/services/setup_lifecycle/repository.py:SetupLifecycleRepository.add""]",SERVICE_PUBLIC,"[""CANONICAL_CALCULATION""]",Exact source signature and selector clauses are discovery evidence. Semantic authority/conditional dispatch review is not yet complete; this record is not a bypass assertion.,Mounted HTTP/registered handler/public service or explicit CLI; source address and signature retained.,[],SEMANTIC_ADOPTION_PENDING,False,fbe61b3f69359337c6100dd7148dfc3c6c65f1255fcf7781b8672c9cdb016925,SEMANTIC_ADOPTION_PENDING,[],"[""WF_SETUP_TYPED_REPOSITORY""]",
EF_c213ced13c9ed3f5,T14C_ADOPTION,"Concrete native arguments and decorators retained. Direct invocation and current/ambient delivery are exposed as a potential authority variant, not assumed equivalent to certified pipeline delivery.",False,"db, snapshot: SetupSignalSnapshot",SYNCHRONOUS_OR_ENQUEUE_NATIVE_OPERATION,[],DISCOVERED,T14C,"[""CERI"", ""COMBINED"", ""CURRENT_PROJECTION"", ""FUNDAMENTAL"", ""IBMI"", ""RANKING"", ""REGIME"", ""SECTOR"", ""TECHNICAL""]",EF_c213ced13c9ed3f5,"[""app/services/setup_lifecycle/decision_evidence.py:persist_setup_evidence""]",SERVICE_PUBLIC,"[""CANONICAL_CALCULATION"", ""CURRENT_PROJECTION_ADVANCE""]",Exact source signature and selector clauses are discovery evidence. Semantic authority/conditional dispatch review is not yet complete; this record is not a bypass assertion.,Mounted HTTP/registered handler/public service or explicit CLI; source address and signature retained.,"[""\""\""\""Freeze a certified Setup envelope; identity-incomplete rows remain legacy current.\""\""\"""", ""frozen = getattr(snapshot, \""_effective_configuration\"", None)"", ""from app.services.core_effective_configuration import core_configuration_from_evidence"", ""retained = core_configuration_from_evidence(prior)"", ""current_row=snapshot,"", ""effective_configuration=frozen,""]",SEMANTIC_ADOPTION_PENDING,False,4f804141b9540e0081a3ed377e6c1ee4db972888c43eec6fa1bf99d0f1d2c9fd,SEMANTIC_ADOPTION_PENDING,"[""T14B""]","[""WF_CORE_CURRENT_PROJECTION"", ""WF_CORE_RETAINED_EVIDENCE""]",
EF_c37482a6d5894991,T14C_ADOPTION,"Concrete native arguments and decorators retained. Direct invocation and current/ambient delivery are exposed as a potential authority variant, not assumed equivalent to certified pipeline delivery.",False,"self, db: Session, row: Any",SYNCHRONOUS_OR_ENQUEUE_NATIVE_OPERATION,[],DISCOVERED,T14C,"[""WINNER_COHORT"", ""WINNER_ESTIMATE"", ""WINNER_OUTCOME"", ""WINNER_PREDICTION""]",EF_c37482a6d5894991,"[""app/services/winner_probability/repository.py:WinnerProbabilityRepository.add""]",SERVICE_PUBLIC,"[""MAINTENANCE""]",Exact source signature and selector clauses are discovery evidence. Semantic authority/conditional dispatch review is not yet complete; this record is not a bypass assertion.,Mounted HTTP/registered handler/public service or explicit CLI; source address and signature retained.,[],SEMANTIC_ADOPTION_PENDING,False,7f75186c83936af152ad93a941142e04ebe2cad7fdc3cc928a5287ac7bb2d5d3,SEMANTIC_ADOPTION_PENDING,[],"[""WF_WINNER_TYPED_REPOSITORY""]",
EF_c4119444b4ef72f3,T14D_ADOPTION,Native run payload latest_for_run lookup or persistent standalone build/commit; GET may create evidence and serving projection.,False,"request: Request, run_id: int, db: DbSession",SYNCHRONOUS_OR_ENQUEUE_NATIVE_OPERATION,"[""router.get('/runs/{run_id}/sector-rotation', response_class=HTMLResponse)""]",DISCOVERED,T14D,"[""CERI"", ""COMBINED"", ""CURRENT_PROJECTION"", ""FUNDAMENTAL"", ""IBMI"", ""RANKING"", ""REGIME"", ""SECTOR"", ""TECHNICAL""]",EF_c4119444b4ef72f3,"[""app/routers/sector_rotation_routes.py:sector_rotation_dashboard""]",HTTP,"[""CANONICAL_CALCULATION""]",Finite initiator classification; existing native writer compliance is not replaced by route trust. Raw helper permutations may overapproximate conditional delivery.,Mounted HTTP/registered handler/public service or explicit CLI; source address and signature retained.,"[""payload = _run_payload_or_calculate(db, run_id)"", ""_dashboard_template_context(payload=payload, run_id=run_id),""]",SEMANTIC_ADOPTION_PENDING,True,771ef65def7fd9b4063946d9faac39177ce1a082fe1fbf835c7af1ba668e696e,SECTOR_RUN_BUILD_ON_MISS,"[""T14B""]","[""WF_CORE_CURRENT_PROJECTION"", ""WF_CORE_RETAINED_EVIDENCE"", ""WF_SECTOR_SNAPSHOT""]",
EF_c637fc640f1c37bb,T14D_ADOPTION,"Concrete native arguments and decorators retained. Direct invocation and current/ambient delivery are exposed as a potential authority variant, not assumed equivalent to certified pipeline delivery.",False,"db: Session, pipeline: PipelineRun, *, processor_signature: str, resume_from_step: str='VALIDATING_RUN'",SYNCHRONOUS_OR_ENQUEUE_NATIVE_OPERATION,[],DISCOVERED,T14D,"[""CERI"", ""CERI_ALERT"", ""CERI_CHANGE"", ""CERI_SOURCE"", ""COMBINED"", ""CONFIGURATION"", ""CURRENT_PROJECTION"", ""FUNDAMENTAL"", ""IBMI"", ""IBMI_SOURCE"", ""PIPELINE"", ""PRICE"", ""RANKING"", ""RAW"", ""REGIME"", ""SECTOR"", ""TECHNICAL""]",EF_c637fc640f1c37bb,"[""app/services/pipeline_service.py:enqueue_pipeline_after_sec_repair""]",SERVICE_PUBLIC,"[""BOOTSTRAP"", ""CANONICAL_CALCULATION"", ""CURRENT_PROJECTION_ADVANCE"", ""LEGACY_UNCERTIFIED"", ""MAINTENANCE""]",Exact source signature and selector clauses are discovery evidence. Semantic authority/conditional dispatch review is not yet complete; this record is not a bypass assertion.,Mounted HTTP/registered handler/public service or explicit CLI; source address and signature retained.,"[""for item in _load_pipeline_steps(db, pipeline.id)"", ""**_pipeline_context_payload(db, pipeline),"", ""related_run_id=pipeline.upload_run_id,"", ""pipeline.current_step = resume_from_step""]",SEMANTIC_ADOPTION_PENDING,False,82cf1c28c6f4ee72da8fce44e8530e1578451d5489f6066c69985d320a6d621b,SEMANTIC_ADOPTION_PENDING,"[""SUPPORTED_DISTINCT_SEMANTICS_NO_CHANGE"", ""T14B"", ""T14C""]","[""WF_CERI_ALERT_CREATION"", ""WF_CERI_CHANGE"", ""WF_CERI_CONSENSUS_ATTACH"", ""WF_CERI_FEATURE_BUILD"", ""WF_CERI_GUIDANCE_ELIGIBILITY"", ""WF_CERI_PRICE_RESPONSE"", ""WF_CERI_RAW_SOURCE"", ""WF_CERI_REVISION_FEATURE"", ""WF_CERI_SCORE"", ""WF_CERI_SOURCE_IDENTITY"", ""WF_CERI_SOURCE_NORMALIZATION"", ""WF_COMBINED_REFRESH"", ""WF_CONFIGURATION_DELIVERY"", ""WF_CORE_CURRENT_PROJECTION"", ""WF_CORE_RETAINED_EVIDENCE"", ""WF_FUNDAMENTAL_RECALCULATION"", ""WF_IB_CONTRACT_IDENTITY"", ""WF_MARKET_CONTEXT_AUTHORITY"", ""WF_PIPELINE_CONTROL"", ""WF_PIPELINE_STAGE_STATE"", ""WF_PRICE_INGESTION"", ""WF_PRICE_SERIES_VERSION"", ""WF_RANKING_LEGACY_REPLACEMENT"", ""WF_RANKING_PERSISTENCE"", ""WF_REGIME_SNAPSHOT"", ""WF_SECTOR_SNAPSHOT"", ""WF_SEC_DOCUMENT_SOURCE"", ""WF_SEC_INCREMENTAL_IDENTITY"", ""WF_TECHNICAL_FEATURE_CACHE"", ""WF_TECHNICAL_FINALIZATION"", ""WF_WINNER_MARKET_DATA_OBLIGATION""]",
EF_c6e52b9cafebbd63,T14D_ADOPTION,"Concrete native arguments and decorators retained. Direct invocation and current/ambient delivery are exposed as a potential authority variant, not assumed equivalent to certified pipeline delivery.",False,,SYNCHRONOUS_OR_ENQUEUE_NATIVE_OPERATION,[],DISCOVERED,T14D,"[""IBMI_SOURCE"", ""PRICE""]",EF_c6e52b9cafebbd63,"[""scripts/winner_ib_request_scope_canary.py:main""]",CLI,"[""CANONICAL_CALCULATION"", ""MAINTENANCE""]",Exact source signature and selector clauses are discovery evidence. Semantic authority/conditional dispatch review is not yet complete; this record is not a bypass assertion.,Mounted HTTP/registered handler/public service or explicit CLI; source address and signature retained.,[],SEMANTIC_ADOPTION_PENDING,False,87616d2f890d37bfb5f176acd71c3d9666a6ed9e396a27d5e66e3abb08b93fb6,SEMANTIC_ADOPTION_PENDING,"[""T14B"", ""T14C""]","[""WF_IB_CONTRACT_IDENTITY"", ""WF_PRICE_INGESTION"", ""WF_PRICE_SERIES_VERSION"", ""WF_WINNER_MARKET_DATA_OBLIGATION""]",
EF_c7f7c896fe1e6070,T14D_ADOPTION,"Concrete native arguments and decorators retained. Direct invocation and current/ambient delivery are exposed as a potential authority variant, not assumed equivalent to certified pipeline delivery.",False,"db: Session, *, default_timeout_seconds: int, market_data_timeout_seconds: int, now: datetime | None=None, worker_id: str | None=None, worker_instance_id: str | None=None, worker_heartbeat_at: datetime | None=None, long_stage_timeout_seconds: int=1800",SYNCHRONOUS_OR_ENQUEUE_NATIVE_OPERATION,[],DISCOVERED,T14D,"[""PIPELINE""]",EF_c7f7c896fe1e6070,"[""app/services/background_job_service.py:fence_stalled_jobs""]",SERVICE_PUBLIC,"[""MAINTENANCE""]",Exact source signature and selector clauses are discovery evidence. Semantic authority/conditional dispatch review is not yet complete; this record is not a bypass assertion.,Mounted HTTP/registered handler/public service or explicit CLI; source address and signature retained.,"[""current_sequence = int(job.progress_sequence or 0)"", ""observed_sequence = int(observation.get(\""progress_sequence\"", current_sequence))"", ""if has_observed_sequence and observed_sequence != current_sequence:"", ""\""progress_sequence\"": current_sequence,"", ""decision_context = {"", ""\""progress_sequence\"": current_sequence,"", ""logger.info(\""job.watchdog.decision %s\"", decision_context, extra=decision_context)"", ""old_token = job.execution_token"", ""f\""Useful progress sequence {current_sequence} remained frozen for {timeout}s \"""", ""job.execution_token = None"", ""execution_token=old_token,"", ""decision_context = {"", ""\""progress_sequence\"": current_sequence,"", ""logger.warning(\""job.watchdog.decision %s\"", decision_context, extra=decision_context)""]",SEMANTIC_ADOPTION_PENDING,False,b931f237b12e6710cc9a643c4751dcd056ba8e49ecd6a90b369059791ad76d68,SEMANTIC_ADOPTION_PENDING,[],"[""WF_PIPELINE_FENCE_INTERRUPTION""]",
EF_c9db4dc167d1d6e3,T14C_ADOPTION,"Concrete native arguments and decorators retained. Direct invocation and current/ambient delivery are exposed as a potential authority variant, not assumed equivalent to certified pipeline delivery.",False,"self, db, *, ticker: str, timeframe: str, setup_family: SetupFamily, observed_on: date, evaluation_run_id: int | None=None",SYNCHRONOUS_OR_ENQUEUE_NATIVE_OPERATION,"[""anchored_decision_calculator""]",DISCOVERED,T14C,"[""ALERT_DECISION"", ""LIFECYCLE_EVALUATION"", ""LIFECYCLE_TRANSITION"", ""SETUP""]",EF_c9db4dc167d1d6e3,"[""app/services/setup_lifecycle/episode_service.py:SetupLifecycleEpisodeService.apply_observation_gap""]",SERVICE_PUBLIC,"[""CANONICAL_CALCULATION""]",Exact source signature and selector clauses are discovery evidence. Semantic authority/conditional dispatch review is not yet complete; this record is not a bypass assertion.,Mounted HTTP/registered handler/public service or explicit CLI; source address and signature retained.,"[""episode.current_as_of_date = observed_on"", ""effective_configuration=self.lifecycle_engine.effective_configuration,"", ""episode.latest_evaluation_evidence_id = evaluation_evidence.id""]",SEMANTIC_ADOPTION_PENDING,False,578373d5a831af69b68312ed233d7af7580f7763a497dc1f4ba808d5b822b641,SEMANTIC_ADOPTION_PENDING,[],"[""WF_LIFECYCLE_EPISODE"", ""WF_LIFECYCLE_OBSERVATION_GAP"", ""WF_LIFECYCLE_TRANSITION_EVIDENCE"", ""WF_SETUP_TRANSITION_EVENT_STATE"", ""WF_SETUP_TYPED_REPOSITORY""]",
EF_c9e75e814c3b2bca,T14C_ADOPTION,"Concrete native arguments and decorators retained. Direct invocation and current/ambient delivery are exposed as a potential authority variant, not assumed equivalent to certified pipeline delivery.",False,"self, db: Session, *, prediction: WinnerPredictionSnapshot, outcome_definition: WinnerOutcomeDefinition, generation: WinnerCohortGeneration, source_version: str, config: WinnerProbabilityConfig | None=None",SYNCHRONOUS_OR_ENQUEUE_NATIVE_OPERATION,[],DISCOVERED,T14C,"[""WINNER_ESTIMATE""]",EF_c9e75e814c3b2bca,"[""app/services/winner_probability/probability_estimator.py:ProbabilityEstimator.create_candidate_rescore_from_generation""]",SERVICE_PUBLIC,"[""CURRENT_RULES_RETROSPECTIVE""]",Exact source signature and selector clauses are discovery evidence. Semantic authority/conditional dispatch review is not yet complete; this record is not a bypass assertion.,Mounted HTTP/registered handler/public service or explicit CLI; source address and signature retained.,"[""return self.create_latest_rescore_from_generation(""]",SEMANTIC_ADOPTION_PENDING,False,375f3806061617f55358f7740c83fee14af7825084f29207eb8e37b68fad1680,SEMANTIC_ADOPTION_PENDING,[],"[""WF_WINNER_LATEST_RESCORE""]",
EF_ca5cc419a94e79c8,T14C_ADOPTION,"Concrete native arguments and decorators retained. Direct invocation and current/ambient delivery are exposed as a potential authority variant, not assumed equivalent to certified pipeline delivery.",False,"self, db: Session, evaluation_run: SetupLifecycleEvaluationRun, *, status: str, current_phase: str | None=None, counts: dict[str, int] | None=None, errors: dict[str, Any] | None=None, source_snapshot_min_id: int | None=None, source_snapshot_max_id: int | None=None, completed_at: datetime | None=None",SYNCHRONOUS_OR_ENQUEUE_NATIVE_OPERATION,[],DISCOVERED,T14C,"[""LIFECYCLE_EVALUATION""]",EF_ca5cc419a94e79c8,"[""app/services/setup_lifecycle/repository.py:SetupLifecycleRepository.complete_evaluation_run""]",SERVICE_PUBLIC,"[""CANONICAL_CALCULATION""]",Exact source signature and selector clauses are discovery evidence. Semantic authority/conditional dispatch review is not yet complete; this record is not a bypass assertion.,Mounted HTTP/registered handler/public service or explicit CLI; source address and signature retained.,"[""current_phase: str | None = None,"", ""evaluation_run.current_phase = current_phase""]",SEMANTIC_ADOPTION_PENDING,False,fbe61b3f69359337c6100dd7148dfc3c6c65f1255fcf7781b8672c9cdb016925,SEMANTIC_ADOPTION_PENDING,[],"[""WF_SETUP_EVALUATION_RUN_STATE""]",
EF_cb55d161e779c8be,T14B_ADOPTION,"Concrete native arguments and decorators retained. Direct invocation and current/ambient delivery are exposed as a potential authority variant, not assumed equivalent to certified pipeline delivery.",False,"db: Session, key: LocalArtifactKey, *, artifact_json: dict[str, Any], warning_flags: list[str] | tuple[str, ...]=(), status: str='READY'",SYNCHRONOUS_OR_ENQUEUE_NATIVE_OPERATION,[],DISCOVERED,T14B,"[""TECHNICAL""]",EF_cb55d161e779c8be,"[""app/services/technical_artifact_cache.py:upsert_local_artifact""]",SERVICE_PUBLIC,"[""MAINTENANCE""]",Exact source signature and selector clauses are discovery evidence. Semantic authority/conditional dispatch review is not yet complete; this record is not a bypass assertion.,Mounted HTTP/registered handler/public service or explicit CLI; source address and signature retained.,[],SEMANTIC_ADOPTION_PENDING,False,da16fa255a71e34676928b64522bf73ba2150e6d3bb0378ee3c76d4642705e07,SEMANTIC_ADOPTION_PENDING,[],"[""WF_TECHNICAL_FEATURE_CACHE""]",
EF_cbb8326842449165,T14D_ADOPTION,"Registered native handler through background_worker.execute_job: exact configuration anchor loading, configuration_delivery_scope and fence_domain_commits with job execution token. Payload source/temporal references and native writer-family algorithms remain domain specific. Shared contract adoption is T14B/C/D; no additional dependency is inferred.",False,"db: Session, job: BackgroundJob, *, ingestion_service: CeriIngestionService | None=None",DURABLE_FENCED_NATIVE_DELIVERY,[],DISCOVERED,T14D,"[""CERI_SOURCE""]",EF_cbb8326842449165,"[""app/services/ceri/batched_job_handlers.py:execute_provider_ingest_batch_job""]",DURABLE_JOB,"[""CANONICAL_CALCULATION"", ""MAINTENANCE""]","Classification covers registered worker dispatch; direct calls to the handler outside execute_job are separate direct-call variants, not certified by worker transport.",Mounted HTTP/registered handler/public service or explicit CLI; source address and signature retained.,"[""payload = job.payload_json or {}"", ""config=load_ceri_config(),"", ""registry=CeriProviderRegistry(config=load_ceri_config()),""]",SEMANTIC_ADOPTION_PENDING,True,fd5da628c07287e834fa932460852568e8c79ec9e27af7b4beacd9478f3d39c0,DURABLE_JOB,"[""T14B""]","[""WF_CERI_RAW_SOURCE"", ""WF_SEC_DOCUMENT_SOURCE"", ""WF_SEC_INCREMENTAL_IDENTITY""]",
EF_cc88287ad5594ea1,T14D_ADOPTION,"Concrete native arguments and decorators retained. Direct invocation and current/ambient delivery are exposed as a potential authority variant, not assumed equivalent to certified pipeline delivery.",False,,SYNCHRONOUS_OR_ENQUEUE_NATIVE_OPERATION,[],DISCOVERED,T14D,"[""CERI"", ""CERI_SOURCE"", ""COMBINED"", ""CURRENT_PROJECTION"", ""FUNDAMENTAL"", ""IBMI"", ""RANKING"", ""REGIME"", ""SECTOR"", ""TECHNICAL""]",EF_cc88287ad5594ea1,"[""scripts/ceri_run104_controlled_replay.py:main""]",CLI,"[""CANONICAL_CALCULATION"", ""CURRENT_PROJECTION_ADVANCE"", ""CURRENT_RULES_RETROSPECTIVE""]",Exact source signature and selector clauses are discovery evidence. Semantic authority/conditional dispatch review is not yet complete; this record is not a bypass assertion.,Mounted HTTP/registered handler/public service or explicit CLI; source address and signature retained.,[],SEMANTIC_ADOPTION_PENDING,False,b89bc85a728047dc0746f7d262ab7688842c3e1987edc7a784f9c2a0cfa77bd2,SEMANTIC_ADOPTION_PENDING,"[""T14B""]","[""WF_CERI_CURRENT_RULE_REPLAY"", ""WF_CERI_REVISION_FEATURE"", ""WF_CERI_SCORE"", ""WF_CORE_CURRENT_PROJECTION"", ""WF_CORE_RETAINED_EVIDENCE""]",
EF_cdcd77c8d00fbd9d,T14D_ADOPTION,"Mounted mutating route initiates the native named operation via durable enqueue/service submit. Configuration anchor is resolved at enqueue; worker execute_job supplies retained delivery and execution fence. Concrete arguments/selectors are retained below; domain calculation is owned by the listed native writer families, not by the route.",False,"request: Request, run_id: int, db: DbSession, decision_handoff_manifest_id: int | None=None",SYNCHRONOUS_OR_ENQUEUE_NATIVE_OPERATION,"[""router.post('/api/winner-probability/runs/{run_id}/capture')"", ""unsafe_route(ROUTE_CLASS_LOCAL_ADMIN, reason='queues winner-probability snapshot capture', local_admin_required=True)""]",DISCOVERED,T14D,"[""CONFIGURATION"", ""PRICE"", ""WINNER_COHORT"", ""WINNER_ESTIMATE"", ""WINNER_OUTCOME"", ""WINNER_PREDICTION""]",EF_cdcd77c8d00fbd9d,"[""app/routers/winner_probability_routes.py:queue_winner_prediction_capture""]",HTTP,"[""BOOTSTRAP""]",Finite initiator classification; existing native writer compliance is not replaced by route trust. Raw helper permutations may overapproximate conditional delivery.,Mounted HTTP/registered handler/public service or explicit CLI; source address and signature retained.,"[""TransitionDecisionHandoffManifest.upload_run_id == run_id"", ""context = db.get("", ""MarketCalculationContext, handoff.market_calculation_context_id"", ""if context is None:"", ""raise HTTPException(status_code=409, detail=\""Winner market context was not found\"")"", ""\""market_calculation_context_id\"": context.id,"", ""\""market_cutoff_at\"": context.cutoff_at.isoformat(),"", ""\""input_as_of_session\"": context.latest_completed_session.isoformat(),"", ""\""market_calendar_version\"": context.calendar_version,"", ""\""bar_readiness_version\"": context.bar_readiness_version,""]",SEMANTIC_ADOPTION_PENDING,True,45075a7db6bbea9aeeff4c13e64fe2b1dd37cbb36d2f342b93e03b15953af12a,DURABLE_NATIVE_ENQUEUE,"[""SUPPORTED_DISTINCT_SEMANTICS_NO_CHANGE"", ""T14C""]","[""WF_CONFIGURATION_DELIVERY"", ""WF_WINNER_CAPTURE_TRAINING_METADATA"", ""WF_WINNER_COHORT_DEFINITION"", ""WF_WINNER_EPISODE"", ""WF_WINNER_ESTIMATOR"", ""WF_WINNER_EVIDENCE_MANIFEST"", ""WF_WINNER_INLINE_COHORT"", ""WF_WINNER_MARKET_DATA_OBLIGATION"", ""WF_WINNER_PENDING_OUTCOME"", ""WF_WINNER_PREDICTION_CAPTURE"", ""WF_WINNER_TYPED_REPOSITORY""]",
EF_ce41defa048d0c30,T14D_ADOPTION,Native run payload build-on-miss precedes sector filtering; no independent sector algorithm. Eligible as-of/native source selection is shared with dashboard.,False,"run_id: int, sector_slug: str, db: DbSession",SYNCHRONOUS_OR_ENQUEUE_NATIVE_OPERATION,"[""router.get('/api/runs/{run_id}/sector-rotation/{sector_slug}')""]",DISCOVERED,T14D,"[""CERI"", ""COMBINED"", ""CURRENT_PROJECTION"", ""FUNDAMENTAL"", ""IBMI"", ""RANKING"", ""REGIME"", ""SECTOR"", ""TECHNICAL""]",EF_ce41defa048d0c30,"[""app/routers/sector_rotation_routes.py:api_sector_rotation_drilldown""]",HTTP,"[""CANONICAL_CALCULATION""]",Finite initiator classification; existing native writer compliance is not replaced by route trust. Raw helper permutations may overapproximate conditional delivery.,Mounted HTTP/registered handler/public service or explicit CLI; source address and signature retained.,"[""payload = _run_payload_or_calculate(db, run_id)"", ""row = _payload_sector_row(payload, sector_slug)""]",SEMANTIC_ADOPTION_PENDING,True,771ef65def7fd9b4063946d9faac39177ce1a082fe1fbf835c7af1ba668e696e,SECTOR_RUN_BUILD_ON_MISS,"[""T14B""]","[""WF_CORE_CURRENT_PROJECTION"", ""WF_CORE_RETAINED_EVIDENCE"", ""WF_SECTOR_SNAPSHOT""]",
EF_d02936b13662f350,T14D_ADOPTION,"Concrete native arguments and decorators retained. Direct invocation and current/ambient delivery are exposed as a potential authority variant, not assumed equivalent to certified pipeline delivery.",False,"db: Session, pipeline: PipelineRun, *, cutoff_at: datetime | None=None, clock: MarketClockService | None=None",SYNCHRONOUS_OR_ENQUEUE_NATIVE_OPERATION,[],DISCOVERED,T14D,"[""PIPELINE""]",EF_d02936b13662f350,"[""app/services/market_calculation_context_service.py:create_pipeline_market_context""]",SERVICE_PUBLIC,"[""BOOTSTRAP""]",Exact source signature and selector clauses are discovery evidence. Semantic authority/conditional dispatch review is not yet complete; this record is not a bypass assertion.,Mounted HTTP/registered handler/public service or explicit CLI; source address and signature retained.,"[""def create_pipeline_market_context("", ""cutoff_at: datetime | None = None,"", "") -> MarketCalculationCutoff:"", ""existing = pipeline.market_calculation_context"", ""return cutoff_from_row(existing)"", ""cutoff = (clock or MarketClockService()).cutoff_for("", ""cutoff_at or datetime.now(UTC), reason=\""FULL_PIPELINE_FROZEN_AT_ENQUEUE\"""", ""row = MarketCalculationContext("", ""upload_run_id=pipeline.upload_run_id,"", ""cutoff_at=cutoff.cutoff_at,"", ""exchange_timezone=cutoff.exchange_timezone,"", ""latest_completed_session=cutoff.latest_completed_session,"", ""daily_bar_ready_at=cutoff.daily_bar_ready_at,"", ""calendar_version=cutoff.calendar_version,"", ""bar_readiness_version=cutoff.bar_readiness_version,"", ""cutoff_reason=cutoff.cutoff_reason,"", ""\""swinglens_market_calculation_cutoffs_total\"","", ""return cutoff.with_context_id(row.id)""]",SEMANTIC_ADOPTION_PENDING,False,37a510c48cde85ca4fc061e5d0017f0c01836c095be3ea0341a5be34f42a18fb,SEMANTIC_ADOPTION_PENDING,[],"[""WF_MARKET_CONTEXT_AUTHORITY""]",
EF_d06505188f3a0bbb,T14D_ADOPTION,"Mounted mutating route initiates the native named operation via durable enqueue/service submit. Configuration anchor is resolved at enqueue; worker execute_job supplies retained delivery and execution fence. Concrete arguments/selectors are retained below; domain calculation is owned by the listed native writer families, not by the route.",False,"request: Request, payload: ScannerJobRequest, db: DbSession",SYNCHRONOUS_OR_ENQUEUE_NATIVE_OPERATION,"[""router.post('/api/ib-intelligence/scanner/run')"", ""unsafe_route(ROUTE_CLASS_LOCAL_ADMIN, reason='queues read-only IB scanner discovery', csrf_required=True, local_admin_required=True)""]",DISCOVERED,T14D,"[""CONFIGURATION"", ""IBMI_SOURCE""]",EF_d06505188f3a0bbb,"[""app/routers/ib_market_intelligence_routes.py:queue_scanner""]",HTTP,"[""BOOTSTRAP""]",Finite initiator classification; existing native writer compliance is not replaced by route trust. Raw helper permutations may overapproximate conditional delivery.,Mounted HTTP/registered handler/public service or explicit CLI; source address and signature retained.,[],SEMANTIC_ADOPTION_PENDING,True,c9e7d034e0e72ae15a30ae165ea1f88faf9b6b8dd653e540e1755975dcbd38c3,DURABLE_NATIVE_ENQUEUE,"[""SUPPORTED_DISTINCT_SEMANTICS_NO_CHANGE"", ""T14B""]","[""WF_CONFIGURATION_DELIVERY"", ""WF_IB_SCANNER_SOURCE""]",
EF_d169ba011ca95514,T14C_ADOPTION,"Concrete native arguments and decorators retained. Direct invocation and current/ambient delivery are exposed as a potential authority variant, not assumed equivalent to certified pipeline delivery.",False,"self, db: Session, preview: PurgePreview, token: str",SYNCHRONOUS_OR_ENQUEUE_NATIVE_OPERATION,[],DISCOVERED,T14C,"[""ALERT_DECISION"", ""LIFECYCLE_EVALUATION"", ""LIFECYCLE_TRANSITION"", ""SETUP""]",EF_d169ba011ca95514,"[""app/services/setup_lifecycle/repository.py:SetupLifecycleRepository.execute_purge""]",SERVICE_PUBLIC,"[""CURRENT_STATE_REPAIR""]",Exact source signature and selector clauses are discovery evidence. Semantic authority/conditional dispatch review is not yet complete; this record is not a bypass assertion.,Mounted HTTP/registered handler/public service or explicit CLI; source address and signature retained.,[],SEMANTIC_ADOPTION_PENDING,False,fbe61b3f69359337c6100dd7148dfc3c6c65f1255fcf7781b8672c9cdb016925,SEMANTIC_ADOPTION_PENDING,[],"[""WF_SETUP_DERIVED_PURGE""]",
EF_d45e97b8bb4b82c2,T14C_ADOPTION,"Concrete native arguments and decorators retained. Direct invocation and current/ambient delivery are exposed as a potential authority variant, not assumed equivalent to certified pipeline delivery.",False,"self, db: Session, *, model_id: int, actor: str, reason: str",SYNCHRONOUS_OR_ENQUEUE_NATIVE_OPERATION,[],DISCOVERED,T14C,"[""WINNER_MODEL""]",EF_d45e97b8bb4b82c2,"[""app/services/winner_probability/api_service.py:WinnerProbabilityApiService.retire_model""]",SERVICE_PUBLIC,"[""MAINTENANCE""]",Exact source signature and selector clauses are discovery evidence. Semantic authority/conditional dispatch review is not yet complete; this record is not a bypass assertion.,Mounted HTTP/registered handler/public service or explicit CLI; source address and signature retained.,[],SEMANTIC_ADOPTION_PENDING,False,c23fb51f676e25e03e36abb43baa546956b8986ae5e90eeababd22818ec832a3,SEMANTIC_ADOPTION_PENDING,[],"[""WF_WINNER_MODEL_GOVERNANCE""]",
EF_d464434e38c414dc,T14C_ADOPTION,"Concrete native arguments and decorators retained. Direct invocation and current/ambient delivery are exposed as a potential authority variant, not assumed equivalent to certified pipeline delivery.",False,"self, db, *, run_id: int, evaluation_run_id: int | None=None, snapshot_ids: tuple[int, ...] | None=None",SYNCHRONOUS_OR_ENQUEUE_NATIVE_OPERATION,"[""anchored_decision_calculator""]",DISCOVERED,T14C,"[""ALERT_DECISION"", ""CURRENT_PROJECTION"", ""LIFECYCLE_EVALUATION"", ""LIFECYCLE_TRANSITION"", ""SETUP""]",EF_d464434e38c414dc,"[""app/services/setup_lifecycle/canonicalization.py:SetupLifecycleCanonicalizer.canonicalize_run""]",SERVICE_PUBLIC,"[""CANONICAL_CALCULATION"", ""CURRENT_PROJECTION_ADVANCE""]",Exact source signature and selector clauses are discovery evidence. Semantic authority/conditional dispatch review is not yet complete; this record is not a bypass assertion.,Mounted HTTP/registered handler/public service or explicit CLI; source address and signature retained.,"[""affected = self.repository.load_snapshots_for_run("", ""candidates = self.repository.load_canonicalization_candidates(""]",SEMANTIC_ADOPTION_PENDING,False,41d520e1c57584cb7fbae6b3163002f7fb8c2cd5662f771b6332702e51262dcc,SEMANTIC_ADOPTION_PENDING,[],"[""WF_SETUP_CURRENT_SELECTION"", ""WF_SETUP_TRANSITION_EVENT_STATE"", ""WF_SETUP_TYPED_REPOSITORY""]",
EF_d50f2f406f864b95,T14C_ADOPTION,"Concrete native arguments and decorators retained. Direct invocation and current/ambient delivery are exposed as a potential authority variant, not assumed equivalent to certified pipeline delivery.",False,"self, db, result: EpisodeEvaluationResult, *, evaluation_run_id: int | None=None, rules: tuple[SignalAlertRule, ...] | None=None",SYNCHRONOUS_OR_ENQUEUE_NATIVE_OPERATION,"[""anchored_decision_calculator""]",DISCOVERED,T14C,"[""ALERT_DECISION"", ""LIFECYCLE_EVALUATION"", ""LIFECYCLE_TRANSITION"", ""SETUP""]",EF_d50f2f406f864b95,"[""app/services/setup_lifecycle/alert_service.py:SetupLifecycleAlertService.evaluate_episode_result""]",SERVICE_PUBLIC,"[""CANONICAL_CALCULATION""]",Exact source signature and selector clauses are discovery evidence. Semantic authority/conditional dispatch review is not yet complete; this record is not a bypass assertion.,Mounted HTTP/registered handler/public service or explicit CLI; source address and signature retained.,[],SEMANTIC_ADOPTION_PENDING,False,318ee22172a7bd642ac89dda6f21856268b03289535e009c4d070330c79b16db,SEMANTIC_ADOPTION_PENDING,[],"[""WF_SETUP_ALERT_EVENT_STATE"", ""WF_SETUP_ALERT_RULE_EVIDENCE"", ""WF_SETUP_DECISION_EVIDENCE"", ""WF_SETUP_TYPED_REPOSITORY""]",
EF_d526d0a0522f099b,T14B_ADOPTION,"Concrete native arguments and decorators retained. Direct invocation and current/ambient delivery are exposed as a potential authority variant, not assumed equivalent to certified pipeline delivery.",False,"db: Session, run_id: int, *, market_cutoff: MarketCalculationCutoff | None=None, pipeline_run_id: int | None=None",SYNCHRONOUS_OR_ENQUEUE_NATIVE_OPERATION,[],DISCOVERED,T14B,"[""CERI"", ""COMBINED"", ""CURRENT_PROJECTION"", ""FUNDAMENTAL"", ""IBMI"", ""RANKING"", ""REGIME"", ""SECTOR"", ""TECHNICAL""]",EF_d526d0a0522f099b,"[""app/services/ranking_profile_service.py:execute_ranking_pipeline_step""]",SERVICE_PUBLIC,"[""CANONICAL_CALCULATION"", ""CURRENT_PROJECTION_ADVANCE"", ""LEGACY_UNCERTIFIED""]",Exact source signature and selector clauses are discovery evidence. Semantic authority/conditional dispatch review is not yet complete; this record is not a bypass assertion.,Mounted HTTP/registered handler/public service or explicit CLI; source address and signature retained.,"[""market_cutoff: MarketCalculationCutoff | None = None,"", ""profiles = load_ranking_profiles()"", ""if market_cutoff is None and pipeline_run_id is None:"", ""market_cutoff=market_cutoff,""]",SEMANTIC_ADOPTION_PENDING,False,258fe658ed134ebbb32dd3998b1a0c02b59fed07882bd224795fe3b116df78a3,SEMANTIC_ADOPTION_PENDING,[],"[""WF_CORE_CURRENT_PROJECTION"", ""WF_CORE_RETAINED_EVIDENCE"", ""WF_RANKING_LEGACY_REPLACEMENT"", ""WF_RANKING_PERSISTENCE""]",
EF_d60e758674b93dd7,T14D_ADOPTION,"Requires upload run existence; synchronously refresh_combined_results(db,run_id) and commit from current persisted Fundamental/Technical inputs. Native exact-evidence compatibility remains required; this route does not enqueue a durable job.",False,"run_id: int, db: DbSession",SYNCHRONOUS_NATIVE_REFRESH,"[""router.post('/runs/{run_id}/combined-results')"", ""unsafe_route(ROUTE_CLASS_PUBLIC_LOCAL, reason='refreshes persisted combined results')""]",DISCOVERED,T14D,"[""CERI"", ""COMBINED"", ""CURRENT_PROJECTION"", ""FUNDAMENTAL"", ""IBMI"", ""RANKING"", ""REGIME"", ""SECTOR"", ""TECHNICAL""]",EF_d60e758674b93dd7,"[""app/routers/run_routes.py:refresh_combined_results_action""]",HTTP,"[""CURRENT_RULES_RETROSPECTIVE""]",Finite initiator classification; existing native writer compliance is not replaced by route trust. Raw helper permutations may overapproximate conditional delivery.,Mounted HTTP/registered handler/public service or explicit CLI; source address and signature retained.,[],SEMANTIC_ADOPTION_PENDING,True,4ad74569b8e74b097ff49fd0a6d29a3c92de33e9816eb505dc0576b0f92dd98d,POTENTIAL_BYPASS,"[""T14B""]","[""WF_COMBINED_REFRESH"", ""WF_CORE_CURRENT_PROJECTION"", ""WF_CORE_RETAINED_EVIDENCE""]",
EF_d75034ba94b404c0,T14D_ADOPTION,"Registered native handler through background_worker.execute_job: exact configuration anchor loading, configuration_delivery_scope and fence_domain_commits with job execution token. Payload source/temporal references and native writer-family algorithms remain domain specific. Shared contract adoption is T14B/C/D; no additional dependency is inferred.",False,"db: Session, job: BackgroundJob, *, capture_service: WinnerPredictionCaptureService | None=None",DURABLE_FENCED_NATIVE_DELIVERY,"[""anchored_job_configuration""]",DISCOVERED,T14D,"[""PRICE"", ""WINNER_COHORT"", ""WINNER_ESTIMATE"", ""WINNER_OUTCOME"", ""WINNER_PREDICTION""]",EF_d75034ba94b404c0,"[""app/services/winner_probability/job_handlers.py:execute_prediction_capture_job""]",DURABLE_JOB,"[""BOOTSTRAP"", ""CANONICAL_CALCULATION"", ""MAINTENANCE""]","Classification covers registered worker dispatch; direct calls to the handler outside execute_job are separate direct-call variants, not certified by worker transport.",Mounted HTTP/registered handler/public service or explicit CLI; source address and signature retained.,"[""payload = job.payload_json or {}"", ""config = load_winner_probability_config()"", ""market_cutoff = None"", ""context_id = _required_int(payload, \""market_calculation_context_id\"")"", ""cutoff_at = _parse_required_datetime(payload, \""market_cutoff_at\"")"", ""market_cutoff = resolve_pipeline_market_context("", ""calculation_context_id=context_id,"", ""upload_run_id=run_id,"", ""expected_cutoff_at=cutoff_at,"", ""expected_latest_completed_session=as_of_session,"", ""if market_cutoff.bar_readiness_version != payload.get(\""bar_readiness_version\""):"", ""raise ValueError(f\""{WINNER_PREDICTION_CAPTURE} job bar-readiness identity mismatch.\"")"", ""market_cutoff=market_cutoff,"", ""source_cutoff_at=_latest_source_cutoff_at(db, run_id),""]",SEMANTIC_ADOPTION_PENDING,True,6648afb29b36f57bfe17a3eead0f5ef4a720f80e46be27310cb7f9ed7b5c87fd,DURABLE_JOB,"[""T14C""]","[""WF_WINNER_CAPTURE_TRAINING_METADATA"", ""WF_WINNER_COHORT_DEFINITION"", ""WF_WINNER_EPISODE"", ""WF_WINNER_ESTIMATOR"", ""WF_WINNER_EVIDENCE_MANIFEST"", ""WF_WINNER_INLINE_COHORT"", ""WF_WINNER_MARKET_DATA_OBLIGATION"", ""WF_WINNER_PENDING_OUTCOME"", ""WF_WINNER_PREDICTION_CAPTURE"", ""WF_WINNER_TYPED_REPOSITORY""]",
EF_d7d8afc3d1b69980,T14D_ADOPTION,Exact model target and actor/reason; native registry blocks retirement of sole active model without active fallback unless explicit override. Training/calibration promotion gates are not retirement requirements.,False,"request: Request, id: int, db: DbSession, reason: str='Retired through local OWPE API.'",SYNCHRONOUS_OR_ENQUEUE_NATIVE_OPERATION,"[""router.post('/api/winner-probability/models/{id}/retire')"", ""unsafe_route(ROUTE_CLASS_LOCAL_ADMIN, reason='retires a winner-probability model', local_admin_required=True)""]",DISCOVERED,T14D,"[""WINNER_MODEL""]",EF_d7d8afc3d1b69980,"[""app/routers/winner_probability_routes.py:retire_winner_probability_model""]",HTTP,"[""MAINTENANCE""]",Finite initiator classification; existing native writer compliance is not replaced by route trust. Raw helper permutations may overapproximate conditional delivery.,Mounted HTTP/registered handler/public service or explicit CLI; source address and signature retained.,[],SEMANTIC_ADOPTION_PENDING,True,45075a7db6bbea9aeeff4c13e64fe2b1dd37cbb36d2f342b93e03b15953af12a,MODEL_RETIREMENT_MAINTENANCE,"[""T14C""]","[""WF_WINNER_MODEL_GOVERNANCE""]",
EF_d800f3dfe4a32b6f,T14D_ADOPTION,"Concrete native arguments and decorators retained. Direct invocation and current/ambient delivery are exposed as a potential authority variant, not assumed equivalent to certified pipeline delivery.",False,"self, db: Session, request: SetupLifecyclePurgeExecuteRequest",SYNCHRONOUS_OR_ENQUEUE_NATIVE_OPERATION,[],DISCOVERED,T14D,"[""ALERT_DECISION"", ""LIFECYCLE_EVALUATION"", ""LIFECYCLE_TRANSITION"", ""SETUP""]",EF_d800f3dfe4a32b6f,"[""app/services/setup_lifecycle/purge_service.py:SetupLifecyclePurgeService.execute""]",SERVICE_PUBLIC,"[""CANONICAL_CALCULATION"", ""CURRENT_STATE_REPAIR""]",Exact source signature and selector clauses are discovery evidence. Semantic authority/conditional dispatch review is not yet complete; this record is not a bypass assertion.,Mounted HTTP/registered handler/public service or explicit CLI; source address and signature retained.,[],SEMANTIC_ADOPTION_PENDING,False,e52945c632dc3299054037384006b9a2304a7667ac5a8733076fc3e05c2a51ac,SEMANTIC_ADOPTION_PENDING,"[""T14C""]","[""WF_SETUP_DERIVED_PURGE"", ""WF_SETUP_TYPED_REPOSITORY""]",
EF_d92272017d7e1e0f,T14D_ADOPTION,"Concrete native arguments and decorators retained. Direct invocation and current/ambient delivery are exposed as a potential authority variant, not assumed equivalent to certified pipeline delivery.",False,"db, job_type, payload, *, parent_job_id=None",SYNCHRONOUS_OR_ENQUEUE_NATIVE_OPERATION,[],DISCOVERED,T14D,"[""CONFIGURATION""]",EF_d92272017d7e1e0f,"[""app/services/configuration_delivery.py:anchor_enqueue_payload""]",SERVICE_PUBLIC,"[""BOOTSTRAP""]",Exact source signature and selector clauses are discovery evidence. Semantic authority/conditional dispatch review is not yet complete; this record is not a bypass assertion.,Mounted HTTP/registered handler/public service or explicit CLI; source address and signature retained.,"[""helper = job_type == \""SEC_READINESS_REPAIR\"""", ""delivery = current_delivery()"", ""raise ValueError(\""MISSING_CONFIGURATION_ANCHOR_PARENT\"")"", ""inherited = execution_configuration_reference(db, parent)"", ""raise ValueError(\""CONFIGURATION_ANCHOR_PARENT_MISMATCH\"")"", ""raise ValueError(\""MISSING_CONFIGURATION_ANCHOR_FOR_RESUME\"")"", ""existing_binding = db.get(ExecutionConfigurationBinding, \""pipeline:\"" + str(pipeline_id))"", ""raise ValueError(\""CONFIGURATION_ANCHOR_PARENT_MISMATCH\"")"", ""raise ValueError(\""MISSING_CONFIGURATION_ANCHOR_FOR_RESUME\"")"", ""raise ValueError(\""CONFIGURATION_ANCHOR_PARENT_MISMATCH\"")"", ""load_configuration_delivery(db, supplied)"", ""anchor = persist_configuration_anchor("", ""db, resolve_pipeline_configurations(db, job_type, payload)""]",SEMANTIC_ADOPTION_PENDING,False,cdb1765a5b3202300846c4020453a7642b194f51da3377b81052a01e772e3217,SEMANTIC_ADOPTION_PENDING,"[""SUPPORTED_DISTINCT_SEMANTICS_NO_CHANGE""]","[""WF_CONFIGURATION_DELIVERY""]",
EF_d996ca3584688062,T14D_ADOPTION,"Concrete native arguments and decorators retained. Direct invocation and current/ambient delivery are exposed as a potential authority variant, not assumed equivalent to certified pipeline delivery.",False,"db: Session, job: BackgroundJob, error: str | Exception, retry_delay: Callable[[int], timedelta] | None=None, execution_token: str | None=None",SYNCHRONOUS_OR_ENQUEUE_NATIVE_OPERATION,[],DISCOVERED,T14D,"[""PIPELINE""]",EF_d996ca3584688062,"[""app/services/background_job_service.py:mark_job_failed_or_retry""]",SERVICE_PUBLIC,"[""BOOTSTRAP"", ""CURRENT_STATE_REPAIR""]",Exact source signature and selector clauses are discovery evidence. Semantic authority/conditional dispatch review is not yet complete; this record is not a bypass assertion.,Mounted HTTP/registered handler/public service or explicit CLI; source address and signature retained.,"[""execution_token: str | None = None,"", ""expected_token = _expected_execution_token(job, execution_token)"", ""\""execution_token\"": None,"", ""if values[\""status\""] == JobStatus.FAILED and job.job_type == \""SEC_READINESS_REPAIR\"":"", ""from app.services.ceri.sec.readiness_repair import mark_sec_repair_failure""]",SEMANTIC_ADOPTION_PENDING,False,b931f237b12e6710cc9a643c4751dcd056ba8e49ecd6a90b369059791ad76d68,SEMANTIC_ADOPTION_PENDING,[],"[""WF_PIPELINE_CONTROL"", ""WF_SEC_PIPELINE_READINESS_REPAIR""]",
EF_da68f1fde41c070d,T14B_ADOPTION,"Parsed CSV delegates to create_upload_run, which commits raw upload rows plus directly calculated legacy Fundamental serving values without native Fundamental identity/evidence.",False,"request: Request, file: CsvUpload, db: DbSession",SYNCHRONOUS_OR_ENQUEUE_NATIVE_OPERATION,"[""router.post('/uploads', response_class=HTMLResponse)"", ""unsafe_route(ROUTE_CLASS_PUBLIC_LOCAL, reason='creates an upload run from a local CSV file')""]",DISCOVERED,T14B,"[""FUNDAMENTAL"", ""RAW""]",EF_da68f1fde41c070d,"[""app/routers/upload_routes.py:upload_csv""]",HTTP,"[""BOOTSTRAP""]",Finite initiator classification; existing native writer compliance is not replaced by route trust. Raw helper permutations may overapproximate conditional delivery.,Mounted HTTP/registered handler/public service or explicit CLI; source address and signature retained.,"[""def upload_csv("", ""run = create_upload_run(db, file)"", ""latest_run = _latest_run(db)"", ""\""dashboard\"": _dashboard_summary(db, latest_run),"", ""\""latest_run\"": latest_run,""]",SEMANTIC_ADOPTION_PENDING,True,4d77447d09725c09e86a3903f3048f1dcdc4a740c6d7b3e74d18ef90cb59f15f,CONFIRMED_BYPASS,[],"[""WF_UPLOAD_INITIALIZATION""]",
EF_dadb37f4fc444397,T14D_ADOPTION,"Mounted mutating route initiates the native named operation via durable enqueue/service submit. Configuration anchor is resolved at enqueue; worker execute_job supplies retained delivery and execution fence. Concrete arguments/selectors are retained below; domain calculation is owned by the listed native writer families, not by the route.",False,"request: Request, payload: TickerJobRequest, db: DbSession",SYNCHRONOUS_OR_ENQUEUE_NATIVE_OPERATION,"[""router.post('/api/ib-intelligence/live-snapshot')"", ""unsafe_route(ROUTE_CLASS_LOCAL_ADMIN, reason='queues bounded read-only IB market snapshots', csrf_required=True, local_admin_required=True)""]",DISCOVERED,T14D,"[""CERI"", ""COMBINED"", ""CONFIGURATION"", ""CURRENT_PROJECTION"", ""FUNDAMENTAL"", ""IBMI"", ""IBMI_SOURCE"", ""RANKING"", ""REGIME"", ""SECTOR"", ""TECHNICAL""]",EF_dadb37f4fc444397,"[""app/routers/ib_market_intelligence_routes.py:queue_live""]",HTTP,"[""BOOTSTRAP""]",Finite initiator classification; existing native writer compliance is not replaced by route trust. Raw helper permutations may overapproximate conditional delivery.,Mounted HTTP/registered handler/public service or explicit CLI; source address and signature retained.,[],SEMANTIC_ADOPTION_PENDING,True,c9e7d034e0e72ae15a30ae165ea1f88faf9b6b8dd653e540e1755975dcbd38c3,DURABLE_NATIVE_ENQUEUE,"[""SUPPORTED_DISTINCT_SEMANTICS_NO_CHANGE"", ""T14B""]","[""WF_CONFIGURATION_DELIVERY"", ""WF_CORE_CURRENT_PROJECTION"", ""WF_CORE_RETAINED_EVIDENCE"", ""WF_IBMI_LIVE_SOURCE"", ""WF_IBMI_NATIVE_FEATURE"", ""WF_IB_CONTRACT_IDENTITY""]",
EF_daf4c522e989a063,T14C_ADOPTION,"Concrete native arguments and decorators retained. Direct invocation and current/ambient delivery are exposed as a potential authority variant, not assumed equivalent to certified pipeline delivery.",False,"db, run_id: int, *, capture_result: SnapshotCaptureResult | None=None, snapshot_ids: tuple[int, ...] | None=None",SYNCHRONOUS_OR_ENQUEUE_NATIVE_OPERATION,[],DISCOVERED,T14C,"[""ALERT_DECISION"", ""CERI"", ""COMBINED"", ""CONFIGURATION"", ""CURRENT_PROJECTION"", ""FUNDAMENTAL"", ""IBMI"", ""LIFECYCLE_EVALUATION"", ""LIFECYCLE_TRANSITION"", ""RANKING"", ""REGIME"", ""SECTOR"", ""SETUP"", ""TECHNICAL""]",EF_daf4c522e989a063,"[""app/services/setup_lifecycle/evaluation_service.py:evaluate_setup_lifecycles_for_run""]",SERVICE_PUBLIC,"[""BOOTSTRAP"", ""CANONICAL_CALCULATION"", ""CURRENT_PROJECTION_ADVANCE""]",Exact source signature and selector clauses are discovery evidence. Semantic authority/conditional dispatch review is not yet complete; this record is not a bypass assertion.,Mounted HTTP/registered handler/public service or explicit CLI; source address and signature retained.,[],SEMANTIC_ADOPTION_PENDING,False,4abac7c2d6ae611887f4d199e999f364b6ef38e317f27ffdc23e974e457dfc17,SEMANTIC_ADOPTION_PENDING,"[""T14B""]","[""WF_CORE_CURRENT_PROJECTION"", ""WF_CORE_RETAINED_EVIDENCE"", ""WF_LIFECYCLE_EPISODE"", ""WF_LIFECYCLE_EVALUATION_EVIDENCE"", ""WF_LIFECYCLE_TRANSITION_EVIDENCE"", ""WF_SETUP_ALERT_EVENT_STATE"", ""WF_SETUP_ALERT_RULE_BOOTSTRAP"", ""WF_SETUP_ALERT_RULE_EVIDENCE"", ""WF_SETUP_ALERT_RULE_STATE"", ""WF_SETUP_CHANGE_EVENT_STATE"", ""WF_SETUP_CURRENT_SELECTION"", ""WF_SETUP_DECISION_EVIDENCE"", ""WF_SETUP_EVALUATION_RUN_STATE"", ""WF_SETUP_PERSISTENCE"", ""WF_SETUP_TRANSITION_EVENT_STATE"", ""WF_SETUP_TYPED_REPOSITORY""]",
EF_dc80507b53b12bdc,T14C_ADOPTION,"Concrete native arguments and decorators retained. Direct invocation and current/ambient delivery are exposed as a potential authority variant, not assumed equivalent to certified pipeline delivery.",False,"self, db: Session, dtos: list[SetupSignalSnapshotWrite] | tuple[SetupSignalSnapshotWrite, ...]",SYNCHRONOUS_OR_ENQUEUE_NATIVE_OPERATION,[],DISCOVERED,T14C,"[""SETUP""]",EF_dc80507b53b12bdc,"[""app/services/setup_lifecycle/repository.py:SetupLifecycleRepository.upsert_snapshots""]",SERVICE_PUBLIC,"[""CANONICAL_CALCULATION""]",Exact source signature and selector clauses are discovery evidence. Semantic authority/conditional dispatch review is not yet complete; this record is not a bypass assertion.,Mounted HTTP/registered handler/public service or explicit CLI; source address and signature retained.,"[""# A concurrent capture may win one identity after the prefetch.""]",SEMANTIC_ADOPTION_PENDING,False,fbe61b3f69359337c6100dd7148dfc3c6c65f1255fcf7781b8672c9cdb016925,SEMANTIC_ADOPTION_PENDING,[],"[""WF_SETUP_PERSISTENCE""]",
EF_dcf27689d2681c17,T14B_ADOPTION,"Concrete native arguments and decorators retained. Direct invocation and current/ambient delivery are exposed as a potential authority variant, not assumed equivalent to certified pipeline delivery.",False,"event: CeriGuidanceEvent, *, payload: dict[str, Any] | None=None",SYNCHRONOUS_OR_ENQUEUE_NATIVE_OPERATION,[],DISCOVERED,T14B,"[""CERI_SOURCE""]",EF_dcf27689d2681c17,"[""app/services/ceri/guidance_normalizer.py:apply_guidance_eligibility""]",SERVICE_PUBLIC,"[""MAINTENANCE""]",Exact source signature and selector clauses are discovery evidence. Semantic authority/conditional dispatch review is not yet complete; this record is not a bypass assertion.,Mounted HTTP/registered handler/public service or explicit CLI; source address and signature retained.,[],SEMANTIC_ADOPTION_PENDING,False,5d1947d18f003bc353683ce256bd8e35108bfeb365c0749127d1d37b6bc390c2,SEMANTIC_ADOPTION_PENDING,[],"[""WF_CERI_GUIDANCE_ELIGIBILITY""]",
EF_ddff1e372aaee0e2,T14C_ADOPTION,"Concrete native arguments and decorators retained. Direct invocation and current/ambient delivery are exposed as a potential authority variant, not assumed equivalent to certified pipeline delivery.",False,"db: Session, *, payload: dict[str, Any], trigger_source: str, request_key: str | None=None, priority: int=100",SYNCHRONOUS_OR_ENQUEUE_NATIVE_OPERATION,[],DISCOVERED,T14C,"[""CONFIGURATION"", ""CURRENT_PROJECTION"", ""WINNER_COHORT"", ""WINNER_GENERATION"", ""WINNER_OUTCOME"", ""WINNER_PREDICTION""]",EF_ddff1e372aaee0e2,"[""app/services/winner_probability/job_handlers.py:enqueue_outcome_maturation_workflow""]",SERVICE_PUBLIC,"[""BOOTSTRAP"", ""CANONICAL_CALCULATION"", ""CURRENT_PROJECTION_ADVANCE"", ""OUTCOME_MATURATION""]",Exact source signature and selector clauses are discovery evidence. Semantic authority/conditional dispatch review is not yet complete; this record is not a bypass assertion.,Mounted HTTP/registered handler/public service or explicit CLI; source address and signature retained.,[],SEMANTIC_ADOPTION_PENDING,False,6648afb29b36f57bfe17a3eead0f5ef4a720f80e46be27310cb7f9ed7b5c87fd,SEMANTIC_ADOPTION_PENDING,"[""SUPPORTED_DISTINCT_SEMANTICS_NO_CHANGE""]","[""WF_CONFIGURATION_DELIVERY"", ""WF_WINNER_COHORT_DEFINITION"", ""WF_WINNER_COHORT_MATERIALIZATION"", ""WF_WINNER_EVIDENCE_MANIFEST"", ""WF_WINNER_FORWARD_MATURATION"", ""WF_WINNER_GENERATION"", ""WF_WINNER_OUTCOME_REVISION"", ""WF_WINNER_WATERMARK""]",
EF_de562c9ceb6ee65a,T14B_ADOPTION,"Concrete native arguments and decorators retained. Direct invocation and current/ambient delivery are exposed as a potential authority variant, not assumed equivalent to certified pipeline delivery.",False,self,SYNCHRONOUS_OR_ENQUEUE_NATIVE_OPERATION,[],DISCOVERED,T14B,"[""CERI"", ""COMBINED"", ""CURRENT_PROJECTION"", ""FUNDAMENTAL"", ""IBMI"", ""RANKING"", ""REGIME"", ""SECTOR"", ""TECHNICAL""]",EF_de562c9ceb6ee65a,"[""app/services/technical_score_service.py:TechnicalScoringOverlapCoordinator.finalize""]",SERVICE_PUBLIC,"[""CANONICAL_CALCULATION"", ""CURRENT_PROJECTION_ADVANCE"", ""MAINTENANCE""]",Exact source signature and selector clauses are discovery evidence. Semantic authority/conditional dispatch review is not yet complete; this record is not a bypass assertion.,Mounted HTTP/registered handler/public service or explicit CLI; source address and signature retained.,"[""market_cutoff=self.market_cutoff,"", ""effective_configuration=self.effective_configuration,""]",SEMANTIC_ADOPTION_PENDING,False,bdb1e8a595498d5f37887565b3ec1def3929ac74ea684a619089a66eeff90d3f,SEMANTIC_ADOPTION_PENDING,[],"[""WF_CORE_CURRENT_PROJECTION"", ""WF_CORE_RETAINED_EVIDENCE"", ""WF_TECHNICAL_FEATURE_CACHE"", ""WF_TECHNICAL_FINALIZATION""]",
EF_dfa047a276b66281,T14C_ADOPTION,"Concrete native arguments and decorators retained. Direct invocation and current/ambient delivery are exposed as a potential authority variant, not assumed equivalent to certified pipeline delivery.",False,"self, db: Session, *, run_id: int, config: WinnerProbabilityConfig | None=None, captured_at: datetime | None=None, decision_at: datetime | None=None, market_cutoff: MarketCalculationCutoff | None=None, decision_handoff_manifest_id: int | None=None, reconstruction_method: str | None=None, source_quality_flags: tuple[str, ...]=(), production_training_allowed: bool | None=None, should_cancel: Callable[[], bool] | None=None, lease_guard: Callable[[], None] | None=None, progress_callback: Callable[..., None] | None=None, memory_probe: Callable[[Session, int, int, str], None] | None=None",SYNCHRONOUS_OR_ENQUEUE_NATIVE_OPERATION,[],DISCOVERED,T14C,"[""PRICE"", ""WINNER_COHORT"", ""WINNER_ESTIMATE"", ""WINNER_OUTCOME"", ""WINNER_PREDICTION""]",EF_dfa047a276b66281,"[""app/services/winner_probability/capture_service.py:WinnerPredictionCaptureService.capture_run""]",SERVICE_PUBLIC,"[""BOOTSTRAP"", ""CANONICAL_CALCULATION"", ""MAINTENANCE""]",Exact source signature and selector clauses are discovery evidence. Semantic authority/conditional dispatch review is not yet complete; this record is not a bypass assertion.,Mounted HTTP/registered handler/public service or explicit CLI; source address and signature retained.,"[""market_cutoff: MarketCalculationCutoff | None = None,"", ""config = config or load_winner_probability_config()"", ""from app.services.decision_effective_configuration import resolve_winner_configuration"", ""configurations = {"", ""\""decision.winner.\"" + family: resolve_winner_configuration(config, family=family)"", ""config = configurations[\""decision.winner.prediction\""].winner_config()"", ""object.__setattr__(config, \""_configuration_snapshots\"", configurations)"", ""if identity_enforced and market_cutoff is None:"", ""\""Winner capture requires an explicit frozen MarketCalculationContext\"""", ""if reconstruction_method is not None and market_cutoff is None:"", ""if market_cutoff is not None:"", ""if decision_at is not None and _as_utc(decision_at) < market_cutoff.cutoff_at:"", ""\""Winner decision_at precedes the frozen market cutoff\"""", ""loader = self.repository.load_run_context"", ""\""market_cutoff\"": market_cutoff,"", ""run_context = loader("", ""run_context.decision_handoff_manifest,"", ""market_cutoff=market_cutoff,"", ""getattr(run_context.decision_handoff_manifest, \""created_at\"", None)"", ""or market_cutoff.cutoff_at"", ""run_context = self.repository.load_run_context(db, run_id)"", ""ticker_contexts = list(run_context.tickers)"", ""total_tickers = len(ticker_contexts)"", ""current_item=_ticker_name(ticker_contexts[0]) if ticker_contexts else None,"", ""for item_index, ticker_context in enumerate(ticker_contexts, start=1):"", ""ticker = _ticker_name(ticker_context)"", ""run_context,"", ""ticker_context,"", ""market_cutoff=market_cutoff,"", ""run_context=run_context,"", ""ticker_context=ticker_context,"", ""ticker_contexts=ticker_contexts,"", ""run_context=run_context,"", ""ticker_context=ticker_context,"", ""ticker_contexts=ticker_contexts,"", ""totals.readiness_rejections.append(exc.metadata(ticker))"", ""\""winner_prediction.readiness_rejected\"","", ""ticker_contexts=ticker_contexts,"", ""ticker_contexts=ticker_contexts,""]",SEMANTIC_ADOPTION_PENDING,False,7e4da8d7bd5b08082d31d3204ee44bbdecea5879617b199e1bb5e6c71f26062c,SEMANTIC_ADOPTION_PENDING,[],"[""WF_WINNER_CAPTURE_TRAINING_METADATA"", ""WF_WINNER_COHORT_DEFINITION"", ""WF_WINNER_EPISODE"", ""WF_WINNER_ESTIMATOR"", ""WF_WINNER_EVIDENCE_MANIFEST"", ""WF_WINNER_INLINE_COHORT"", ""WF_WINNER_MARKET_DATA_OBLIGATION"", ""WF_WINNER_PENDING_OUTCOME"", ""WF_WINNER_PREDICTION_CAPTURE"", ""WF_WINNER_TYPED_REPOSITORY""]",
EF_dfb135b926a8760e,T14D_ADOPTION,"Concrete native arguments and decorators retained. Direct invocation and current/ambient delivery are exposed as a potential authority variant, not assumed equivalent to certified pipeline delivery.",False,"self, db: Session, request: BackfillRequest, *, config: WinnerProbabilityConfig, capture_service: WinnerPredictionCaptureService | None=None, should_cancel: Callable[[], bool] | None=None",SYNCHRONOUS_OR_ENQUEUE_NATIVE_OPERATION,[],DISCOVERED,T14D,"[""PRICE"", ""WINNER_COHORT"", ""WINNER_ESTIMATE"", ""WINNER_OUTCOME"", ""WINNER_PREDICTION""]",EF_dfb135b926a8760e,"[""app/services/winner_probability/backfill.py:WinnerProbabilityBackfillService.execute_backfill""]",SERVICE_PUBLIC,"[""BOOTSTRAP"", ""CANONICAL_CALCULATION"", ""MAINTENANCE""]",Exact source signature and selector clauses are discovery evidence. Semantic authority/conditional dispatch review is not yet complete; this record is not a bypass assertion.,Mounted HTTP/registered handler/public service or explicit CLI; source address and signature retained.,"[""captured_at=item.source_cutoff_at,"", ""market_cutoff=capture_identity.get(\""market_cutoff\""),""]",SEMANTIC_ADOPTION_PENDING,False,a4156b5f3747b778ef7991f6d8fa49d7a6971ec26763bdb129c4c2990c9fe82a,SEMANTIC_ADOPTION_PENDING,"[""T14C""]","[""WF_WINNER_CAPTURE_TRAINING_METADATA"", ""WF_WINNER_COHORT_DEFINITION"", ""WF_WINNER_EPISODE"", ""WF_WINNER_ESTIMATOR"", ""WF_WINNER_EVIDENCE_MANIFEST"", ""WF_WINNER_INLINE_COHORT"", ""WF_WINNER_MARKET_DATA_OBLIGATION"", ""WF_WINNER_PENDING_OUTCOME"", ""WF_WINNER_PREDICTION_CAPTURE"", ""WF_WINNER_TYPED_REPOSITORY""]",
EF_dffa2b1993aa2354,T14D_ADOPTION,"Concrete native arguments and decorators retained. Direct invocation and current/ambient delivery are exposed as a potential authority variant, not assumed equivalent to certified pipeline delivery.",False,,SYNCHRONOUS_OR_ENQUEUE_NATIVE_OPERATION,[],DISCOVERED,T14D,"[""WINNER_COHORT"", ""WINNER_ESTIMATE""]",EF_dffa2b1993aa2354,"[""scripts/owpe_pre11_activate_l5.py:main""]",CLI,"[""BOOTSTRAP"", ""CANONICAL_CALCULATION"", ""PUBLICATION""]",Exact source signature and selector clauses are discovery evidence. Semantic authority/conditional dispatch review is not yet complete; this record is not a bypass assertion.,Mounted HTTP/registered handler/public service or explicit CLI; source address and signature retained.,"[""parser.add_argument(\""--training-cutoff-at\"", required=True)"", ""config = load_winner_probability_config()"", ""training_cutoff_at=datetime.fromisoformat(args.training_cutoff_at),""]",SEMANTIC_ADOPTION_PENDING,False,48a318b92a84e92a41eec75c9a3b6243d4e1d75339862848aac6a52a3683d09b,SEMANTIC_ADOPTION_PENDING,"[""T14C""]","[""WF_WINNER_COHORT_DEFINITION"", ""WF_WINNER_EVIDENCE_MANIFEST"", ""WF_WINNER_INLINE_COHORT"", ""WF_WINNER_PRE11_ACTIVATION""]",
EF_e019fa69d6156a8a,T14D_ADOPTION,"Registered native handler through background_worker.execute_job: exact configuration anchor loading, configuration_delivery_scope and fence_domain_commits with job execution token. Payload source/temporal references and native writer-family algorithms remain domain specific. Shared contract adoption is T14B/C/D; no additional dependency is inferred.",False,"db: Session, job: BackgroundJob, *, maintenance_service: SetupLifecycleMaintenanceService | None=None",DURABLE_FENCED_NATIVE_DELIVERY,"[""anchored_job_configuration""]",DISCOVERED,T14D,"[""ALERT_DECISION"", ""LIFECYCLE_EVALUATION"", ""LIFECYCLE_TRANSITION"", ""SETUP""]",EF_e019fa69d6156a8a,"[""app/services/setup_lifecycle/job_handlers.py:execute_daily_maintenance_job""]",DURABLE_JOB,"[""CANONICAL_CALCULATION""]","Classification covers registered worker dispatch; direct calls to the handler outside execute_job are separate direct-call variants, not certified by worker transport.",Mounted HTTP/registered handler/public service or explicit CLI; source address and signature retained.,"[""payload = job.payload_json or {}""]",SEMANTIC_ADOPTION_PENDING,True,1da2ddadf14cfd178ed5eaf89e7e3560a4b9d763af9d2db29025bbb821226006,DURABLE_JOB,"[""T14C""]","[""WF_LIFECYCLE_EPISODE"", ""WF_LIFECYCLE_OBSERVATION_GAP"", ""WF_LIFECYCLE_TRANSITION_EVIDENCE"", ""WF_SETUP_TRANSITION_EVENT_STATE"", ""WF_SETUP_TYPED_REPOSITORY""]",
EF_e0789b37db7a9fa5,T14D_ADOPTION,Explicit run native snapshot recalculation; standalone context/root selection is distinct from owning full-pipeline context. Native writer/source/PIT authority remains required.,False,"run_id: int, db: DbSession",SYNCHRONOUS_OR_ENQUEUE_NATIVE_OPERATION,"[""router.post('/api/market-regime/run/{run_id}/recalculate')"", ""unsafe_route(ROUTE_CLASS_PUBLIC_LOCAL, reason='recalculates persisted market regime snapshot')""]",DISCOVERED,T14D,"[""CERI"", ""COMBINED"", ""CURRENT_PROJECTION"", ""FUNDAMENTAL"", ""IBMI"", ""RANKING"", ""REGIME"", ""SECTOR"", ""TECHNICAL""]",EF_e0789b37db7a9fa5,"[""app/routers/market_regime_routes.py:recalculate_run_market_regime_api""]",HTTP,"[""CURRENT_STATE_REPAIR""]",Finite initiator classification; existing native writer compliance is not replaced by route trust. Raw helper permutations may overapproximate conditional delivery.,Mounted HTTP/registered handler/public service or explicit CLI; source address and signature retained.,"[""snapshot = MarketRegimeRepository().latest_for_run(db, run_id)""]",SEMANTIC_ADOPTION_PENDING,True,465a4196cf617ff717fe47e9ce60383e9e7ea5b182eebfd703a2fe50b33f09cf,REGIME_EXPLICIT_RECALCULATION,"[""T14B""]","[""WF_CORE_CURRENT_PROJECTION"", ""WF_CORE_RETAINED_EVIDENCE"", ""WF_REGIME_SNAPSHOT""]",
EF_e07c379588727421,T14C_ADOPTION,"Concrete native arguments and decorators retained. Direct invocation and current/ambient delivery are exposed as a potential authority variant, not assumed equivalent to certified pipeline delivery.",False,"self, db: Session, *, now: datetime | None=None, limit: int=500, should_cancel: Callable[[], bool] | None=None, entry_model: str | None=None, horizon_sessions: int | None=None, due_session: date | None=None",SYNCHRONOUS_OR_ENQUEUE_NATIVE_OPERATION,[],DISCOVERED,T14C,"[""WINNER_OUTCOME"", ""WINNER_PREDICTION""]",EF_e07c379588727421,"[""app/services/winner_probability/outcome_service.py:OutcomeMaturationService.process_due_outcomes""]",SERVICE_PUBLIC,"[""OUTCOME_MATURATION""]",Exact source signature and selector clauses are discovery evidence. Semantic authority/conditional dispatch review is not yet complete; this record is not a bypass assertion.,Mounted HTTP/registered handler/public service or explicit CLI; source address and signature retained.,"[""completed_on = _latest_completed_for(now)""]",SEMANTIC_ADOPTION_PENDING,False,d65e981c1fe09e9caa4f2df13830d67bf588615f0ec3939ddeb176b19edba108,SEMANTIC_ADOPTION_PENDING,[],"[""WF_WINNER_FORWARD_MATURATION"", ""WF_WINNER_OUTCOME_REVISION""]",
EF_e127938927133466,T14C_ADOPTION,"Concrete native arguments and decorators retained. Direct invocation and current/ambient delivery are exposed as a potential authority variant, not assumed equivalent to certified pipeline delivery.",False,"self, db: Session, *, generation: WinnerCohortGeneration, lease_guard, published_at: datetime | None=None",SYNCHRONOUS_OR_ENQUEUE_NATIVE_OPERATION,[],DISCOVERED,T14C,"[""CURRENT_PROJECTION"", ""WINNER_GENERATION""]",EF_e127938927133466,"[""app/services/winner_probability/cohort_generation_service.py:CohortGenerationService.publish""]",SERVICE_PUBLIC,"[""CANONICAL_CALCULATION""]",Exact source signature and selector clauses are discovery evidence. Semantic authority/conditional dispatch review is not yet complete; this record is not a bypass assertion.,Mounted HTTP/registered handler/public service or explicit CLI; source address and signature retained.,[],SEMANTIC_ADOPTION_PENDING,False,892d9d514f152cc9b2d4316ef27c3cb7152925551560123f629c6bc49ae8a678,SEMANTIC_ADOPTION_PENDING,[],"[""WF_WINNER_GENERATION""]",
EF_e1ea1efe79f4b6c2,T14D_ADOPTION,"Reads repository.latest; if missing, native build_snapshot(db) synthesizes standalone root/cutoff/configuration, persists snapshot/evidence and commits.",False,"request: Request, db: DbSession",SYNCHRONOUS_OR_ENQUEUE_NATIVE_OPERATION,"[""router.get('/market-regime', response_class=HTMLResponse)""]",DISCOVERED,T14D,"[""CERI"", ""COMBINED"", ""CURRENT_PROJECTION"", ""FUNDAMENTAL"", ""IBMI"", ""RANKING"", ""REGIME"", ""SECTOR"", ""TECHNICAL""]",EF_e1ea1efe79f4b6c2,"[""app/routers/market_regime_routes.py:market_regime_page""]",HTTP,"[""CANONICAL_CALCULATION""]",Finite initiator classification; existing native writer compliance is not replaced by route trust. Raw helper permutations may overapproximate conditional delivery.,Mounted HTTP/registered handler/public service or explicit CLI; source address and signature retained.,"[""snapshot = _latest_or_calculate(db)"", ""_snapshot_template_context(""]",SEMANTIC_ADOPTION_PENDING,True,465a4196cf617ff717fe47e9ce60383e9e7ea5b182eebfd703a2fe50b33f09cf,REGIME_BUILD_ON_MISS,"[""T14B""]","[""WF_CORE_CURRENT_PROJECTION"", ""WF_CORE_RETAINED_EVIDENCE"", ""WF_REGIME_SNAPSHOT""]",
EF_e3e63ca037854ac0,T14D_ADOPTION,"Concrete native arguments and decorators retained. Direct invocation and current/ambient delivery are exposed as a potential authority variant, not assumed equivalent to certified pipeline delivery.",False,"self, db, *, as_of_date: date, market_session_completed: bool=True, evaluation_run_id: int | None=None",SYNCHRONOUS_OR_ENQUEUE_NATIVE_OPERATION,[],DISCOVERED,T14D,"[""ALERT_DECISION"", ""LIFECYCLE_EVALUATION"", ""LIFECYCLE_TRANSITION"", ""SETUP""]",EF_e3e63ca037854ac0,"[""app/services/setup_lifecycle/maintenance_service.py:SetupLifecycleMaintenanceService.daily_maintenance""]",SERVICE_PUBLIC,"[""CANONICAL_CALCULATION""]",Exact source signature and selector clauses are discovery evidence. Semantic authority/conditional dispatch review is not yet complete; this record is not a bypass assertion.,Mounted HTTP/registered handler/public service or explicit CLI; source address and signature retained.,[],SEMANTIC_ADOPTION_PENDING,False,24b93e45b9851c75ce5a0c37768bdca71af8c981c343f19ae5e14b6428f56015,SEMANTIC_ADOPTION_PENDING,"[""T14C""]","[""WF_LIFECYCLE_EPISODE"", ""WF_LIFECYCLE_OBSERVATION_GAP"", ""WF_LIFECYCLE_TRANSITION_EVIDENCE"", ""WF_SETUP_TRANSITION_EVENT_STATE"", ""WF_SETUP_TYPED_REPOSITORY""]",
EF_e53568287697baf9,T14C_ADOPTION,"Concrete native arguments and decorators retained. Direct invocation and current/ambient delivery are exposed as a potential authority variant, not assumed equivalent to certified pipeline delivery.",False,"self, db: Session, *, now: datetime | None=None, batch_size: int=500, max_batches: int=10, due_session: date | None=None, should_cancel: Callable[[], bool] | None=None, lease_guard: Callable[[], None] | None=None",SYNCHRONOUS_OR_ENQUEUE_NATIVE_OPERATION,[],DISCOVERED,T14C,"[""WINNER_OUTCOME"", ""WINNER_PREDICTION""]",EF_e53568287697baf9,"[""app/services/winner_probability/outcome_orchestration_service.py:H5NextOpenOrchestrationService.drain_due""]",SERVICE_PUBLIC,"[""OUTCOME_MATURATION""]",Exact source signature and selector clauses are discovery evidence. Semantic authority/conditional dispatch review is not yet complete; this record is not a bypass assertion.,Mounted HTTP/registered handler/public service or explicit CLI; source address and signature retained.,"[""latest_completed_session(now), due_session or latest_completed_session(now)"", ""build_context = getattr(self.maturation_service, \""build_batch_context\"", None)"", ""context = build_context(db, rows) if callable(build_context) else None"", ""if context is None:"", ""db, row, now=now, context=context""]",SEMANTIC_ADOPTION_PENDING,False,9185151a1947d7471b75e0681ad93b6e4e0bce748d81659b302bba2ada472bb3,SEMANTIC_ADOPTION_PENDING,[],"[""WF_WINNER_FORWARD_MATURATION"", ""WF_WINNER_OUTCOME_REVISION""]",
EF_e53dd685d5dadcf0,T14C_ADOPTION,"Concrete native arguments and decorators retained. Direct invocation and current/ambient delivery are exposed as a potential authority variant, not assumed equivalent to certified pipeline delivery.",False,"self, db: Session, *, prediction: WinnerPredictionSnapshot, outcome_definition: WinnerOutcomeDefinition, as_of: datetime, config: WinnerProbabilityConfig | None=None, model_version_id: int | None=None",SYNCHRONOUS_OR_ENQUEUE_NATIVE_OPERATION,[],DISCOVERED,T14C,"[""WINNER_COHORT"", ""WINNER_ESTIMATE""]",EF_e53dd685d5dadcf0,"[""app/services/winner_probability/probability_estimator.py:ProbabilityEstimator.create_latest_rescore""]",SERVICE_PUBLIC,"[""BOOTSTRAP"", ""CANONICAL_CALCULATION""]",Exact source signature and selector clauses are discovery evidence. Semantic authority/conditional dispatch review is not yet complete; this record is not a bypass assertion.,Mounted HTTP/registered handler/public service or explicit CLI; source address and signature retained.,"[""def create_latest_rescore("", ""config = config or load_winner_probability_config()"", ""self.model_registry.ensure_can_serve_latest_rescore("", ""estimate_kind=ESTIMATE_KIND_LATEST_RESCORE,"", ""training_cutoff_at=as_of,""]",SEMANTIC_ADOPTION_PENDING,False,375f3806061617f55358f7740c83fee14af7825084f29207eb8e37b68fad1680,SEMANTIC_ADOPTION_PENDING,[],"[""WF_WINNER_COHORT_DEFINITION"", ""WF_WINNER_ESTIMATOR"", ""WF_WINNER_EVIDENCE_MANIFEST"", ""WF_WINNER_INLINE_COHORT""]",
EF_e5897acb70c600d3,T14C_ADOPTION,"Concrete native arguments and decorators retained. Direct invocation and current/ambient delivery are exposed as a potential authority variant, not assumed equivalent to certified pipeline delivery.",False,"self, db: Session, *, model_key: str, algorithm: str, outcome_definition_id: int, entry_model: str, training_cutoff_at: datetime, artifact_hash: str, artifact_format: str, artifact_schema_version: str, feature_schema_version: str, calculation_version: str, config_hash: str, actor: str, reason: str, status: str=ModelStatus.SHADOW, training_window_start: date | None=None, hyperparameters: dict[str, Any] | None=None, metrics: dict[str, Any] | None=None, preprocessing: dict[str, Any] | None=None, calibration: dict[str, Any] | None=None, dependency_versions: dict[str, Any] | None=None",SYNCHRONOUS_OR_ENQUEUE_NATIVE_OPERATION,[],DISCOVERED,T14C,"[""WINNER_MODEL""]",EF_e5897acb70c600d3,"[""app/services/winner_probability/model_registry.py:ModelRegistry.register_model""]",SERVICE_PUBLIC,"[""MAINTENANCE""]",Exact source signature and selector clauses are discovery evidence. Semantic authority/conditional dispatch review is not yet complete; this record is not a bypass assertion.,Mounted HTTP/registered handler/public service or explicit CLI; source address and signature retained.,"[""training_cutoff_at: datetime,"", ""config = load_winner_probability_config()"", ""training_cutoff_at=training_cutoff_at,""]",SEMANTIC_ADOPTION_PENDING,False,dc58b45f79faa3650862b07dc5adb6d256a1331390e8694b5e67d53625954740,SEMANTIC_ADOPTION_PENDING,[],"[""WF_WINNER_MODEL_GOVERNANCE""]",
EF_e7b00a98f583e767,T14D_ADOPTION,"Concrete native arguments and decorators retained. Direct invocation and current/ambient delivery are exposed as a potential authority variant, not assumed equivalent to certified pipeline delivery.",False,,SYNCHRONOUS_OR_ENQUEUE_NATIVE_OPERATION,[],DISCOVERED,T14D,"[""CONFIGURATION"", ""CURRENT_PROJECTION"", ""WINNER_COHORT"", ""WINNER_GENERATION""]",EF_e7b00a98f583e767,"[""scripts/owpe_pre11_training_compatibility.py:main""]",CLI,"[""BOOTSTRAP"", ""CANONICAL_CALCULATION"", ""CURRENT_PROJECTION_ADVANCE"", ""CURRENT_RULES_RETROSPECTIVE""]",Exact source signature and selector clauses are discovery evidence. Semantic authority/conditional dispatch review is not yet complete; this record is not a bypass assertion.,Mounted HTTP/registered handler/public service or explicit CLI; source address and signature retained.,"[""cutoff_at=datetime.fromisoformat(args.cutoff_at),"", ""config = load_winner_probability_config()""]",SEMANTIC_ADOPTION_PENDING,False,849c5d36f3b6a5af82dbf5c1173cd3cade675f585ce1e7910c90a6624f8a3e14,SEMANTIC_ADOPTION_PENDING,"[""SUPPORTED_DISTINCT_SEMANTICS_NO_CHANGE"", ""T14C""]","[""WF_CONFIGURATION_DELIVERY"", ""WF_WINNER_COHORT_DEFINITION"", ""WF_WINNER_COHORT_MATERIALIZATION"", ""WF_WINNER_EVIDENCE_MANIFEST"", ""WF_WINNER_GENERATION"", ""WF_WINNER_PRE11_TRAINING_REPLAY"", ""WF_WINNER_WATERMARK""]",
EF_e90cea98144e2940,T14B_ADOPTION,"Concrete native arguments and decorators retained. Direct invocation and current/ambient delivery are exposed as a potential authority variant, not assumed equivalent to certified pipeline delivery.",False,"db: Session, run_id: int, *, market_cutoff: MarketCalculationCutoff | None=None, pipeline_run_id: int | None=None, effective_configuration: CoreEffectiveConfiguration | None=None, expected_calculation_identity: CalculationIdentity | None=None",SYNCHRONOUS_OR_ENQUEUE_NATIVE_OPERATION,[],DISCOVERED,T14B,"[""CERI"", ""COMBINED"", ""CURRENT_PROJECTION"", ""FUNDAMENTAL"", ""IBMI"", ""RANKING"", ""REGIME"", ""SECTOR"", ""TECHNICAL""]",EF_e90cea98144e2940,"[""app/services/fundamental_score_service.py:recalculate_run_fundamentals""]",SERVICE_PUBLIC,"[""CANONICAL_CALCULATION"", ""CURRENT_PROJECTION_ADVANCE""]",Exact source signature and selector clauses are discovery evidence. Semantic authority/conditional dispatch review is not yet complete; this record is not a bypass assertion.,Mounted HTTP/registered handler/public service or explicit CLI; source address and signature retained.,"[""market_cutoff: MarketCalculationCutoff | None = None,"", ""effective_configuration: CoreEffectiveConfiguration | None = None,"", "".order_by(RawCompanyRow.row_number)"", ""effective_configuration = effective_configuration or resolve_fundamental_configuration()"", ""effective_configuration.require_family(\""core.fundamental\"")"", ""effective_configuration.require_retry_identity(expected_calculation_identity)"", ""values = effective_configuration.values"", ""if market_cutoff is not None or pipeline_run_id is not None:"", ""if market_cutoff is None or pipeline_run_id is None:"", ""\""Fundamental identity production requires market_cutoff and \"""", ""market_cutoff=market_cutoff,"", ""identity = effective_configuration.bind(identity)"", ""current_row=score,"", ""effective_configuration=effective_configuration.snapshot"", ""if market_cutoff is not None""]",SEMANTIC_ADOPTION_PENDING,False,aef401218d7109af41677c5164064538ec7b030bec73981c5f81fe1bb8214b97,SEMANTIC_ADOPTION_PENDING,[],"[""WF_CORE_CURRENT_PROJECTION"", ""WF_CORE_RETAINED_EVIDENCE"", ""WF_FUNDAMENTAL_RECALCULATION""]",
EF_e90fcdb88b1d464c,T14D_ADOPTION,"Concrete native arguments and decorators retained. Direct invocation and current/ambient delivery are exposed as a potential authority variant, not assumed equivalent to certified pipeline delivery.",False,"self, db: Session, *, prediction: WinnerPredictionSnapshot, decision_at: datetime, entry_session, semantic_input_time_valid: bool | None, evaluated_by: str, evaluated_at: datetime | None=None, metadata: dict | None=None",SYNCHRONOUS_OR_ENQUEUE_NATIVE_OPERATION,[],DISCOVERED,T14D,"[""WINNER_PREDICTION""]",EF_e90fcdb88b1d464c,"[""app/services/winner_probability/temporal_validation_service.py:TemporalValidationService.record""]",SERVICE_PUBLIC,"[""CURRENT_STATE_REPAIR""]",Exact source signature and selector clauses are discovery evidence. Semantic authority/conditional dispatch review is not yet complete; this record is not a bypass assertion.,Mounted HTTP/registered handler/public service or explicit CLI; source address and signature retained.,"[""source_data_cutoff_at=prediction.source_data_cutoff_at,"", ""source_cutoff_valid=result.source_cutoff_valid,""]",SEMANTIC_ADOPTION_PENDING,False,599eb58c724911cb0ddd2c1a0a80636b8c33f3016a5dfb462735250e33330c16,SEMANTIC_ADOPTION_PENDING,[],"[""WF_WINNER_TEMPORAL_VALIDITY""]",
EF_e9f698aec5b69e29,T14C_ADOPTION,"Concrete native arguments and decorators retained. Direct invocation and current/ambient delivery are exposed as a potential authority variant, not assumed equivalent to certified pipeline delivery.",False,"db, *, episode: SetupLifecycleEpisode, observed_on: date, missing_observation_sessions: int, threshold: int, evaluation_run_id: int | None, effective_configuration=None",SYNCHRONOUS_OR_ENQUEUE_NATIVE_OPERATION,[],DISCOVERED,T14C,"[""LIFECYCLE_EVALUATION""]",EF_e9f698aec5b69e29,"[""app/services/setup_lifecycle/decision_evidence.py:persist_observation_gap_evaluation_evidence""]",SERVICE_PUBLIC,"[""CANONICAL_CALCULATION""]",Exact source signature and selector clauses are discovery evidence. Semantic authority/conditional dispatch review is not yet complete; this record is not a bypass assertion.,Mounted HTTP/registered handler/public service or explicit CLI; source address and signature retained.,"[""effective_configuration=None,"", ""\""\""\""Record a gap/no-gap evaluation from the exact current certified chain.\""\""\"""", ""prior_evaluation_id = episode.latest_evaluation_evidence_id"", ""raise EvidenceUnavailableError(\""current lifecycle evaluation evidence is missing\"")"", ""and prior.output_state in {episode.current_state, \""EXPIRED\""}"", ""effective_configuration is None"", ""or (prior.payload_json.get(\""effective_configuration_at_creation\"") or {}).get("", ""== effective_configuration.snapshot.semantic_hash"", ""output_state = \""EXPIRED\"" if expired else episode.current_state"", ""output_phase = \""OBSERVATION_GAP_EXPIRED\"" if expired else episode.current_phase"", ""\""prior_transition_evidence_id\"": episode.latest_transition_evidence_id,"", ""\""calculation_cutoff_at\"": prior.calculation_cutoff_at,"", ""\""previous_state\"": episode.current_state,"", ""if effective_configuration is not None:"", ""from app.services.contextual_calculation_identity import build_contextual_result_identity"", ""from app.services.effective_configuration import CONFIGURATION_PAYLOAD_KEY"", ""payload[CONFIGURATION_PAYLOAD_KEY] = effective_configuration.snapshot.as_dict()"", ""payload[\""execution_semantics\""] = \""CURRENT_STATE_REPAIR\"""", ""identity = effective_configuration.bind("", ""build_contextual_result_identity("", ""config_hash=effective_configuration.snapshot.semantic_hash,"", ""\""prior_transition_evidence_id\"": episode.latest_transition_evidence_id,"", ""payload[READINESS_PAYLOAD_KEY] = normalize_producer_readiness("", ""evaluated_at=prior.calculation_cutoff_at,"", ""{\""contract\"": \""setup-lifecycle-evaluation-evidence-v1\"", \""payload_fingerprint\"": fingerprint}"", ""prior_transition_evidence_id=episode.latest_transition_evidence_id,"", ""calculation_cutoff_at=prior.calculation_cutoff_at,"", ""previous_state=episode.current_state,"", ""payload_json=payload,"", ""payload_fingerprint=fingerprint,""]",SEMANTIC_ADOPTION_PENDING,False,4f804141b9540e0081a3ed377e6c1ee4db972888c43eec6fa1bf99d0f1d2c9fd,SEMANTIC_ADOPTION_PENDING,[],"[""WF_LIFECYCLE_OBSERVATION_GAP""]",
EF_eb14cf8fae70670c,SUPPORTED_DISTINCT_SEMANTICS,"Concrete native arguments and decorators retained. Direct invocation and current/ambient delivery are exposed as a potential authority variant, not assumed equivalent to certified pipeline delivery.",False,"db, generation, config",SYNCHRONOUS_OR_ENQUEUE_NATIVE_OPERATION,[],DISCOVERED,SUPPORTED_DISTINCT_SEMANTICS,"[""CONFIGURATION""]",EF_eb14cf8fae70670c,"[""app/services/configuration_delivery.py:bind_winner_generation_configuration""]",SERVICE_PUBLIC,"[""BOOTSTRAP""]",Exact source signature and selector clauses are discovery evidence. Semantic authority/conditional dispatch review is not yet complete; this record is not a bypass assertion.,Mounted HTTP/registered handler/public service or explicit CLI; source address and signature retained.,"[""def bind_winner_generation_configuration(db, generation, config):"", ""from app.services.decision_effective_configuration import resolve_winner_configuration"", ""raise ValueError(\""WINNER_GENERATION_CONFIGURATION_MISMATCH\"")"", ""if db.get(ExecutionConfigurationBinding, key) is None and not getattr("", ""generation, \""_configuration_generation_created\"", False"", ""raise ValueError(\""MISSING_WINNER_GENERATION_FROZEN_CONFIGURATION\"")"", ""configurations = ["", ""resolve_winner_configuration(config, family=family) for family in (\""cohort\"", \""generation\"")"", ""reference = persist_configuration_anchor(db, configurations)"", ""insert(ExecutionConfigurationBinding)"", ""raise ValueError(\""WINNER_GENERATION_CONFIGURATION_ANCHOR_MISMATCH\"")""]",SEMANTIC_ADOPTION_PENDING,False,cdb1765a5b3202300846c4020453a7642b194f51da3377b81052a01e772e3217,SEMANTIC_ADOPTION_PENDING,"[""SUPPORTED_DISTINCT_SEMANTICS_NO_CHANGE""]","[""WF_CONFIGURATION_DELIVERY""]",
EF_eee5b61f60223f9a,T14D_ADOPTION,Exact active current catalyst revision and human prior/new/reviewer/reason audit. Only review_state changes; neither source override nor immutable score generation.,False,"event_id: int, request: Request, db: DbSession, payload: dict[str, Any] | None=None",SYNCHRONOUS_OR_ENQUEUE_NATIVE_OPERATION,"[""router.post('/api/ceri/events/{event_id}/review')"", ""unsafe_route(ROUTE_CLASS_LOCAL_ADMIN, reason='persists manual CERI review state', csrf_required=True, local_admin_required=True)""]",DISCOVERED,T14D,"[""CERI_REVIEW"", ""CERI_SOURCE""]",EF_eee5b61f60223f9a,"[""app/routers/ceri_routes.py:review_ceri_event""]",HTTP,"[""MAINTENANCE""]",Finite initiator classification; existing native writer compliance is not replaced by route trust. Raw helper permutations may overapproximate conditional delivery.,Mounted HTTP/registered handler/public service or explicit CLI; source address and signature retained.,"[""current_revision = db.scalar("", "".where(CeriCatalystEventRevision.is_current.is_(True))"", ""prior_value_json={\""review_state\"": getattr(current_revision, \""review_state\"", None)},"", ""is_current=True,"", ""if current_revision is not None:"", ""current_revision.review_state = (review.new_value_json or {}).get(""]",SEMANTIC_ADOPTION_PENDING,True,88bbc18dae640fecf768c487acbcf8fd5b1d632bfab3258602673e93c534ecd3,MANUAL_REVIEW_METADATA,[],"[""WF_CERI_REVIEW_METADATA""]",
EF_efdab1574d4810f7,T14D_ADOPTION,Existing addressed alert status ACKNOWLEDGED and timestamp; invalidated alerts unchanged. No score calculation or provider source revision.,False,"alert_id: int, request: Request, db: DbSession",SYNCHRONOUS_OR_ENQUEUE_NATIVE_OPERATION,"[""router.post('/api/ceri/alerts/{alert_id}/acknowledge')"", ""unsafe_route(ROUTE_CLASS_LOCAL_ADMIN, reason='mutates CERI alert acknowledgement state', csrf_required=True, local_admin_required=True)""]",DISCOVERED,T14D,"[""CERI_ALERT""]",EF_efdab1574d4810f7,"[""app/routers/ceri_routes.py:acknowledge_ceri_alert""]",HTTP,"[""MAINTENANCE""]",Finite initiator classification; existing native writer compliance is not replaced by route trust. Raw helper permutations may overapproximate conditional delivery.,Mounted HTTP/registered handler/public service or explicit CLI; source address and signature retained.,[],SEMANTIC_ADOPTION_PENDING,True,88bbc18dae640fecf768c487acbcf8fd5b1d632bfab3258602673e93c534ecd3,MANUAL_ALERT_STATUS,"[""T14C""]","[""WF_CERI_ALERT_STATUS""]",
EF_f0226ae27f1e202f,T14C_ADOPTION,"Concrete native arguments and decorators retained. Direct invocation and current/ambient delivery are exposed as a potential authority variant, not assumed equivalent to certified pipeline delivery.",False,"self, db: Session, event: SetupLifecycleEvent",SYNCHRONOUS_OR_ENQUEUE_NATIVE_OPERATION,[],DISCOVERED,T14C,"[""ALERT_DECISION"", ""LIFECYCLE_EVALUATION"", ""LIFECYCLE_TRANSITION"", ""SETUP""]",EF_f0226ae27f1e202f,"[""app/services/setup_lifecycle/repository.py:SetupLifecycleRepository.add_lifecycle_event""]",SERVICE_PUBLIC,"[""CANONICAL_CALCULATION""]",Exact source signature and selector clauses are discovery evidence. Semantic authority/conditional dispatch review is not yet complete; this record is not a bypass assertion.,Mounted HTTP/registered handler/public service or explicit CLI; source address and signature retained.,[],SEMANTIC_ADOPTION_PENDING,False,fbe61b3f69359337c6100dd7148dfc3c6c65f1255fcf7781b8672c9cdb016925,SEMANTIC_ADOPTION_PENDING,[],"[""WF_SETUP_TRANSITION_EVENT_STATE"", ""WF_SETUP_TYPED_REPOSITORY""]",
EF_f07d87c600a3ded4,T14C_ADOPTION,"Concrete native arguments and decorators retained. Direct invocation and current/ambient delivery are exposed as a potential authority variant, not assumed equivalent to certified pipeline delivery.",False,"self, db: Session, snapshot: SetupSignalSnapshot, *, reason: str, decision: dict[str, Any] | None=None, evaluation_run_id: int | None=None",SYNCHRONOUS_OR_ENQUEUE_NATIVE_OPERATION,[],DISCOVERED,T14C,"[""CURRENT_PROJECTION"", ""SETUP""]",EF_f07d87c600a3ded4,"[""app/services/setup_lifecycle/repository.py:SetupLifecycleRepository.advance_canonical_selection""]",SERVICE_PUBLIC,"[""CURRENT_PROJECTION_ADVANCE""]",Exact source signature and selector clauses are discovery evidence. Semantic authority/conditional dispatch review is not yet complete; this record is not a bypass assertion.,Mounted HTTP/registered handler/public service or explicit CLI; source address and signature retained.,"[""select(SetupSignalSnapshotCurrentSelection)"", "".where(SetupSignalSnapshotCurrentSelection.ticker == snapshot.ticker)"", "".where(SetupSignalSnapshotCurrentSelection.timeframe == snapshot.timeframe)"", "".where(SetupSignalSnapshotCurrentSelection.data_as_of_date == snapshot.data_as_of_date)"", ""latest_other_session = db.scalar("", ""SetupSignalSnapshotCurrentSelection,"", ""SetupSignalSnapshotCurrentSelection.selected_snapshot_id"", "".order_by(SetupSignalSnapshot.data_as_of_date.desc())"", ""if latest_other_session is not None"", ""and snapshot.data_as_of_date > latest_other_session"", ""selection = SetupSignalSnapshotCurrentSelection(""]",SEMANTIC_ADOPTION_PENDING,False,fbe61b3f69359337c6100dd7148dfc3c6c65f1255fcf7781b8672c9cdb016925,SEMANTIC_ADOPTION_PENDING,[],"[""WF_SETUP_CURRENT_SELECTION""]",
EF_f08968c9df1fcf75,T14D_ADOPTION,"Registered native handler through background_worker.execute_job: exact configuration anchor loading, configuration_delivery_scope and fence_domain_commits with job execution token. Payload source/temporal references and native writer-family algorithms remain domain specific. Shared contract adoption is T14B/C/D; no additional dependency is inferred.",False,"db: Session, job: BackgroundJob",DURABLE_FENCED_NATIVE_DELIVERY,"[""anchored_job_configuration""]",DISCOVERED,T14D,"[""CERI"", ""COMBINED"", ""CURRENT_PROJECTION"", ""FUNDAMENTAL"", ""IBMI"", ""RANKING"", ""REGIME"", ""SECTOR"", ""TECHNICAL""]",EF_f08968c9df1fcf75,"[""app/services/ib_market_intelligence/orchestration.py:execute_feature_rebuild""]",DURABLE_JOB,"[""CANONICAL_CALCULATION"", ""CURRENT_PROJECTION_ADVANCE""]","Classification covers registered worker dispatch; direct calls to the handler outside execute_job are separate direct-call variants, not certified by worker transport.",Mounted HTTP/registered handler/public service or explicit CLI; source address and signature retained.,"[""config = load_ib_market_intelligence_config()"", ""module = IntelligenceModule(str(job.payload_json[\""module\""]))"", ""tickers = _tickers(job.payload_json)"", ""market_cutoff = standalone_market_context(reason=\""IBMI_FEATURE_REBUILD\"")"", ""market_cutoff.latest_completed_session,"", ""calculation_cutoff_at=market_cutoff.cutoff_at,"", ""operation_mode=\""CURRENT\"","", ""# The active durable-job context locks and validates the exact""]",SEMANTIC_ADOPTION_PENDING,True,28850325b6bef2e07a5af041b045befab19a6ab05b33df8831ddefe05926a556,DURABLE_JOB,"[""T14B""]","[""WF_CORE_CURRENT_PROJECTION"", ""WF_CORE_RETAINED_EVIDENCE"", ""WF_IBMI_NATIVE_FEATURE""]",
EF_f0d208ce35a33ed6,T14B_ADOPTION,"Concrete native arguments and decorators retained. Direct invocation and current/ambient delivery are exposed as a potential authority variant, not assumed equivalent to certified pipeline delivery.",False,"self, db: Session, *, extraction_id: int, execution_token: str, record_count: int, content_hash: str, content_bytes: int, downloaded: bool=True",SYNCHRONOUS_OR_ENQUEUE_NATIVE_OPERATION,[],DISCOVERED,T14B,"[""CERI_SOURCE""]",EF_f0d208ce35a33ed6,"[""app/services/ceri/sec/state_service.py:SecDocumentStateService.complete""]",SERVICE_PUBLIC,"[""CANONICAL_CALCULATION""]",Exact source signature and selector clauses are discovery evidence. Semantic authority/conditional dispatch review is not yet complete; this record is not a bypass assertion.,Mounted HTTP/registered handler/public service or explicit CLI; source address and signature retained.,"[""execution_token: str,"", ""CeriSecDocumentExtraction.execution_token == execution_token,"", ""execution_token=None,""]",SEMANTIC_ADOPTION_PENDING,False,2888f0bacb17ab799e0d17704986206a61cb08b5e0981473c7b5b7fac55f543d,SEMANTIC_ADOPTION_PENDING,[],"[""WF_SEC_DOCUMENT_SOURCE""]",
EF_f15527d79c7c93f0,T14D_ADOPTION,"Concrete native arguments and decorators retained. Direct invocation and current/ambient delivery are exposed as a potential authority variant, not assumed equivalent to certified pipeline delivery.",False,,SYNCHRONOUS_OR_ENQUEUE_NATIVE_OPERATION,[],DISCOVERED,T14D,"[""CURRENT_PROJECTION"", ""WINNER_ESTIMATE"", ""WINNER_GENERATION"", ""WINNER_PUBLICATION""]",EF_f15527d79c7c93f0,"[""scripts/winner_estimate_publication.py:main""]",CLI,"[""CANONICAL_CALCULATION"", ""PUBLICATION""]",Exact source signature and selector clauses are discovery evidence. Semantic authority/conditional dispatch review is not yet complete; this record is not a bypass assertion.,Mounted HTTP/registered handler/public service or explicit CLI; source address and signature retained.,[],SEMANTIC_ADOPTION_PENDING,False,c6fe9edccaa55aed8bfdbe9f972149255a69326c30eaf46b0ebe4cf7cbca7621,SEMANTIC_ADOPTION_PENDING,"[""T14C""]","[""WF_WINNER_GENERATION"", ""WF_WINNER_PUBLICATION""]",
EF_f1b793dd95869927,T14D_ADOPTION,"Concrete native arguments and decorators retained. Direct invocation and current/ambient delivery are exposed as a potential authority variant, not assumed equivalent to certified pipeline delivery.",False,"self, db: Session, *, company: CeriCompany, request: CeriFeatureRebuildRequest, context: CeriFeatureBatchContext, processing_run: Any | None=None",SYNCHRONOUS_OR_ENQUEUE_NATIVE_OPERATION,[],DISCOVERED,T14D,"[""CERI_SOURCE""]",EF_f1b793dd95869927,"[""app/services/ceri/feature_rebuild_service.py:CeriFeatureRebuildService.rebuild_from_context""]",SERVICE_PUBLIC,"[""CANONICAL_CALCULATION"", ""MAINTENANCE""]",Exact source signature and selector clauses are discovery evidence. Semantic authority/conditional dispatch review is not yet complete; this record is not a bypass assertion.,Mounted HTTP/registered handler/public service or explicit CLI; source address and signature retained.,"[""def rebuild_from_context("", ""context: CeriFeatureBatchContext,"", ""input_hash = self._input_fingerprint(company, context, request)"", ""context.cutoff,"", ""context.mode.value,"", ""context.ownership_mode,"", ""context.calculation_context_id,"", ""state = context.feature_build_state.get(key)"", ""output_hash, output_count = self._existing_output_fingerprint(company.id, context)"", ""savepoint = nested() if callable(nested) else nullcontext()"", ""context=context,""]",SEMANTIC_ADOPTION_PENDING,False,76d8e35f5ee82258ffe0280a2d3ddad0fb3b283f2fcc11677c1fa52e5f6ea2be,SEMANTIC_ADOPTION_PENDING,"[""T14B""]","[""WF_CERI_CONSENSUS_ATTACH"", ""WF_CERI_FEATURE_BUILD"", ""WF_CERI_REVISION_FEATURE""]",
EF_f2b0ab3e703edec5,T14C_ADOPTION,"Concrete native arguments and decorators retained. Direct invocation and current/ambient delivery are exposed as a potential authority variant, not assumed equivalent to certified pipeline delivery.",False,"self, db, event: SetupLifecycleEvent, *, rules: tuple[SignalAlertRule, ...] | None=None",SYNCHRONOUS_OR_ENQUEUE_NATIVE_OPERATION,"[""anchored_decision_calculator""]",DISCOVERED,T14C,"[""ALERT_DECISION"", ""LIFECYCLE_EVALUATION"", ""LIFECYCLE_TRANSITION"", ""SETUP""]",EF_f2b0ab3e703edec5,"[""app/services/setup_lifecycle/alert_service.py:SetupLifecycleAlertService.evaluate_lifecycle_event""]",SERVICE_PUBLIC,"[""CANONICAL_CALCULATION""]",Exact source signature and selector clauses are discovery evidence. Semantic authority/conditional dispatch review is not yet complete; this record is not a bypass assertion.,Mounted HTTP/registered handler/public service or explicit CLI; source address and signature retained.,[],SEMANTIC_ADOPTION_PENDING,False,318ee22172a7bd642ac89dda6f21856268b03289535e009c4d070330c79b16db,SEMANTIC_ADOPTION_PENDING,[],"[""WF_SETUP_ALERT_EVENT_STATE"", ""WF_SETUP_ALERT_RULE_EVIDENCE"", ""WF_SETUP_DECISION_EVIDENCE"", ""WF_SETUP_TYPED_REPOSITORY""]",
EF_f2bc7aacc0513db5,T14D_ADOPTION,Addressed pipeline resume creates new attempt under retained pipeline/configuration root; no automatic current-rule relabeling of original evidence.,False,"run_id: int, pipeline_id: int, db: DbSession",SYNCHRONOUS_OR_ENQUEUE_NATIVE_OPERATION,"[""router.post('/runs/{run_id}/pipeline/{pipeline_id}/resume')"", ""unsafe_route(ROUTE_CLASS_PUBLIC_LOCAL, reason='resumes a blocked local pipeline checkpoint')""]",DISCOVERED,T14D,"[""CERI"", ""CERI_ALERT"", ""CERI_CHANGE"", ""CERI_SOURCE"", ""COMBINED"", ""CONFIGURATION"", ""CURRENT_PROJECTION"", ""FUNDAMENTAL"", ""IBMI"", ""IBMI_SOURCE"", ""PIPELINE"", ""PRICE"", ""RANKING"", ""RAW"", ""REGIME"", ""SECTOR"", ""TECHNICAL""]",EF_f2bc7aacc0513db5,"[""app/routers/run_routes.py:resume_run_pipeline_action""]",HTTP,"[""MAINTENANCE""]",Finite initiator classification; existing native writer compliance is not replaced by route trust. Raw helper permutations may overapproximate conditional delivery.,Mounted HTTP/registered handler/public service or explicit CLI; source address and signature retained.,"[""if existing.upload_run_id != run_id:""]",SEMANTIC_ADOPTION_PENDING,True,4ad74569b8e74b097ff49fd0a6d29a3c92de33e9816eb505dc0576b0f92dd98d,PIPELINE_CONTINUATION,"[""SUPPORTED_DISTINCT_SEMANTICS_NO_CHANGE"", ""T14B"", ""T14C""]","[""WF_CERI_ALERT_CREATION"", ""WF_CERI_CHANGE"", ""WF_CERI_CONSENSUS_ATTACH"", ""WF_CERI_FEATURE_BUILD"", ""WF_CERI_GUIDANCE_ELIGIBILITY"", ""WF_CERI_PRICE_RESPONSE"", ""WF_CERI_RAW_SOURCE"", ""WF_CERI_REVISION_FEATURE"", ""WF_CERI_SCORE"", ""WF_CERI_SOURCE_IDENTITY"", ""WF_CERI_SOURCE_NORMALIZATION"", ""WF_COMBINED_REFRESH"", ""WF_CONFIGURATION_DELIVERY"", ""WF_CORE_CURRENT_PROJECTION"", ""WF_CORE_RETAINED_EVIDENCE"", ""WF_FUNDAMENTAL_RECALCULATION"", ""WF_IB_CONTRACT_IDENTITY"", ""WF_MARKET_CONTEXT_AUTHORITY"", ""WF_PIPELINE_CONTROL"", ""WF_PIPELINE_STAGE_STATE"", ""WF_PRICE_INGESTION"", ""WF_PRICE_SERIES_VERSION"", ""WF_RANKING_LEGACY_REPLACEMENT"", ""WF_RANKING_PERSISTENCE"", ""WF_REGIME_SNAPSHOT"", ""WF_SECTOR_SNAPSHOT"", ""WF_SEC_DOCUMENT_SOURCE"", ""WF_SEC_INCREMENTAL_IDENTITY"", ""WF_SEC_PIPELINE_READINESS_REPAIR"", ""WF_TECHNICAL_FEATURE_CACHE"", ""WF_TECHNICAL_FINALIZATION"", ""WF_WINNER_MARKET_DATA_OBLIGATION""]",
EF_f3014b101f7ca379,T14D_ADOPTION,"Concrete native arguments and decorators retained. Direct invocation and current/ambient delivery are exposed as a potential authority variant, not assumed equivalent to certified pipeline delivery.",False,"self, db: Session, request: ControlledReplayRequest",SYNCHRONOUS_OR_ENQUEUE_NATIVE_OPERATION,[],DISCOVERED,T14D,"[""CERI"", ""CERI_SOURCE"", ""COMBINED"", ""CURRENT_PROJECTION"", ""FUNDAMENTAL"", ""IBMI"", ""RANKING"", ""REGIME"", ""SECTOR"", ""TECHNICAL""]",EF_f3014b101f7ca379,"[""app/services/ceri/controlled_replay_service.py:CeriControlledReplayService.replay""]",SERVICE_PUBLIC,"[""CANONICAL_CALCULATION"", ""CURRENT_PROJECTION_ADVANCE"", ""CURRENT_RULES_RETROSPECTIVE""]",Exact source signature and selector clauses are discovery evidence. Semantic authority/conditional dispatch review is not yet complete; this record is not a bypass assertion.,Mounted HTTP/registered handler/public service or explicit CLI; source address and signature retained.,"["".order_by(CeriScoreSnapshot.ticker)"", ""cutoffs = {row.cutoff_at for row in originals}"", ""if len(cutoffs) != 1:"", ""raise ControlledReplayCertificationError(\""source run has multiple cutoffs\"")"", ""cutoff_at = next(iter(cutoffs))"", ""for estimate_id in (row.current_snapshot_id, row.baseline_snapshot_id)"", ""original_cutoff_at=cutoff_at,"", "".where(CeriSourceRecord.ingested_at <= cutoff_at)"", ""cutoff_at=cutoff_at,"", ""cutoff_at,"", ""cutoff_at=cutoff_at,""]",SEMANTIC_ADOPTION_PENDING,False,ba47850c4c4cc50c154f76959de91100e94a89abe44bca8c67ff2ba7f63c96c2,SEMANTIC_ADOPTION_PENDING,"[""T14B""]","[""WF_CERI_CURRENT_RULE_REPLAY"", ""WF_CERI_REVISION_FEATURE"", ""WF_CERI_SCORE"", ""WF_CORE_CURRENT_PROJECTION"", ""WF_CORE_RETAINED_EVIDENCE""]",
EF_f3a7461cf3417399,T14C_ADOPTION,"Concrete native arguments and decorators retained. Direct invocation and current/ambient delivery are exposed as a potential authority variant, not assumed equivalent to certified pipeline delivery.",False,"self, db, events: tuple[SignalChangeEvent, ...] | list[SignalChangeEvent]",SYNCHRONOUS_OR_ENQUEUE_NATIVE_OPERATION,"[""anchored_decision_calculator""]",DISCOVERED,T14C,"[""ALERT_DECISION"", ""LIFECYCLE_EVALUATION"", ""LIFECYCLE_TRANSITION"", ""SETUP""]",EF_f3a7461cf3417399,"[""app/services/setup_lifecycle/alert_service.py:SetupLifecycleAlertService.evaluate_signal_change_events""]",SERVICE_PUBLIC,"[""CANONICAL_CALCULATION""]",Exact source signature and selector clauses are discovery evidence. Semantic authority/conditional dispatch review is not yet complete; this record is not a bypass assertion.,Mounted HTTP/registered handler/public service or explicit CLI; source address and signature retained.,[],SEMANTIC_ADOPTION_PENDING,False,318ee22172a7bd642ac89dda6f21856268b03289535e009c4d070330c79b16db,SEMANTIC_ADOPTION_PENDING,[],"[""WF_SETUP_ALERT_EVENT_STATE"", ""WF_SETUP_ALERT_RULE_EVIDENCE"", ""WF_SETUP_DECISION_EVIDENCE"", ""WF_SETUP_TYPED_REPOSITORY""]",
EF_f3e3fc7ce827f01c,T14D_ADOPTION,"Concrete native arguments and decorators retained. Direct invocation and current/ambient delivery are exposed as a potential authority variant, not assumed equivalent to certified pipeline delivery.",False,"db: Session, pipeline_run_id: int, should_cancel: Callable[[], bool] | None=None, lease_guard: Callable[[], None] | None=None, dependencies: PipelineExecutionDependencies | None=None, resume_from_step: str | None=None, progress_callback: Callable[..., None] | None=None, memory_probe: Callable[..., None] | None=None, execution_token: str | None=None",SYNCHRONOUS_OR_ENQUEUE_NATIVE_OPERATION,"[""pipeline_configuration_delivery""]",DISCOVERED,T14D,"[""CERI"", ""CERI_ALERT"", ""CERI_CHANGE"", ""CERI_SOURCE"", ""COMBINED"", ""CONFIGURATION"", ""CURRENT_PROJECTION"", ""FUNDAMENTAL"", ""IBMI"", ""IBMI_SOURCE"", ""PIPELINE"", ""PRICE"", ""RANKING"", ""RAW"", ""REGIME"", ""SECTOR"", ""TECHNICAL""]",EF_f3e3fc7ce827f01c,"[""app/services/pipeline_executor.py:execute_full_pipeline""]",SERVICE_PUBLIC,"[""BOOTSTRAP"", ""CANONICAL_CALCULATION"", ""CURRENT_PROJECTION_ADVANCE"", ""LEGACY_UNCERTIFIED"", ""MAINTENANCE""]",Exact source signature and selector clauses are discovery evidence. Semantic authority/conditional dispatch review is not yet complete; this record is not a bypass assertion.,Mounted HTTP/registered handler/public service or explicit CLI; source address and signature retained.,"[""execution_token: str | None = None,"", ""from app.services.configuration_delivery import current_delivery, delivered_configuration"", ""if isinstance(db, Session) and current_delivery() is not None:"", ""frozen_flags = delivered_configuration(\""execution.settings\"").values"", ""raise ValueError(\""PIPELINE_CONFIGURATION_FLAG_ANCHOR_MISMATCH: \"" + name)"", ""market_cutoff = dependencies.market_cutoff or market_context_for_pipeline(db, pipeline)"", ""if dependencies.market_cutoff is None:"", ""dependencies = replace(dependencies, market_cutoff=market_cutoff)"", ""upload_run = _require_upload_run(db, pipeline.upload_run_id)"", ""upload_run=upload_run,"", ""execution_token=execution_token,"", ""result = _empty_result(pipeline, upload_run)"", ""tickers = _tickers_for_run(db, upload_run.id)"", ""result[\""uploaded_rows\""] = upload_run.row_count or len(tickers)"", ""upload_run.id,"", ""market_cutoff,"", ""run_id=upload_run.id,"", ""prewarm_context = resolve_pipeline_prewarm_context(db, tickers)"", ""for ticker in prewarm_context.covered_tickers"", ""prewarm_skipped_tickers.intersection(prewarm_context.fetched_tickers)"", ""performance.set_metric(\""prewarm_age_seconds\"", prewarm_context.age_seconds)"", ""len(prewarm_context.covered_tickers),"", ""performance.set_metric(\""prewarm_job_id\"", prewarm_context.job_id)"", ""if prewarm_context.job_id is not None:"", ""prewarm_context,"", ""run_id=upload_run.id,"", ""market_cutoff=market_cutoff,"", "".where(IBFetchRun.run_id == upload_run.id)"", "".order_by(IBFetchRun.id.desc())"", ""\""execution_token\"": execution_token,"", ""upload_run.id,"", ""market_cutoff,"", ""(\""input_load\"", \""technical_input_load_ms\""),"", ""dependencies.build_market_regime_snapshot, db, upload_run.id, market_cutoff"", ""upload_run.id,"", ""market_cutoff,"", ""upload_run.id,"", ""market_cutoff,"", ""dependencies.build_sector_rotation_snapshot, db, upload_run.id, market_cutoff"", ""upload_run.id,"", ""market_cutoff,"", ""_call_market_sensitive(schedule, db, upload_run.id, market_cutoff) or 0"", ""ceri_result = _call_market_sensitive(capture, db, upload_run.id, market_cutoff)"", ""upload_run.id,"", ""market_cutoff,"", ""capture_result = _call_market_sensitive(capture, db, upload_run.id, market_cutoff)"", ""upload_run.id,"", ""market_cutoff=market_cutoff,"", ""upload_run.id,"", ""market_cutoff=market_cutoff,"", ""scheduler=dependencies.schedule_sec_readiness_repair,""]",SEMANTIC_ADOPTION_PENDING,False,89b3e12adb753d36988b95be05a6fc8bb780738540627f0498c977c18fab9d80,SEMANTIC_ADOPTION_PENDING,"[""SUPPORTED_DISTINCT_SEMANTICS_NO_CHANGE"", ""T14B"", ""T14C""]","[""WF_CERI_ALERT_CREATION"", ""WF_CERI_CHANGE"", ""WF_CERI_CONSENSUS_ATTACH"", ""WF_CERI_FEATURE_BUILD"", ""WF_CERI_GUIDANCE_ELIGIBILITY"", ""WF_CERI_PRICE_RESPONSE"", ""WF_CERI_RAW_SOURCE"", ""WF_CERI_REVISION_FEATURE"", ""WF_CERI_SCORE"", ""WF_CERI_SOURCE_IDENTITY"", ""WF_CERI_SOURCE_NORMALIZATION"", ""WF_COMBINED_REFRESH"", ""WF_CONFIGURATION_DELIVERY"", ""WF_CORE_CURRENT_PROJECTION"", ""WF_CORE_RETAINED_EVIDENCE"", ""WF_FUNDAMENTAL_RECALCULATION"", ""WF_IB_CONTRACT_IDENTITY"", ""WF_MARKET_CONTEXT_AUTHORITY"", ""WF_PIPELINE_STAGE_STATE"", ""WF_PRICE_INGESTION"", ""WF_PRICE_SERIES_VERSION"", ""WF_RANKING_LEGACY_REPLACEMENT"", ""WF_RANKING_PERSISTENCE"", ""WF_REGIME_SNAPSHOT"", ""WF_SECTOR_SNAPSHOT"", ""WF_SEC_DOCUMENT_SOURCE"", ""WF_SEC_INCREMENTAL_IDENTITY"", ""WF_TECHNICAL_FEATURE_CACHE"", ""WF_TECHNICAL_FINALIZATION"", ""WF_WINNER_MARKET_DATA_OBLIGATION""]",
EF_f4945d656d5d650f,T14D_ADOPTION,Effective use_durable_pipeline defaults True: native start/enqueue full pipeline. Reachable False: Fundamental -> IB acquisition -> Technical -> Combined -> commit; skips Ranking/contextual/Setup/Lifecycle/Winner and durable root/fence. Both variants explicitly retained.,False,"run_id: int, db: DbSession, market_data_policy: MarketDataPolicyForm=MarketDataPolicy.REQUIRE_IB.value, transition_preflight_plan_id: TransitionPreflightPlanForm=None",SYNCHRONOUS_OR_ENQUEUE_NATIVE_OPERATION,"[""router.post('/runs/{run_id}/pipeline')"", ""unsafe_route(ROUTE_CLASS_PUBLIC_LOCAL, reason='starts a local run pipeline')""]",DISCOVERED,T14D,"[""CERI"", ""CERI_ALERT"", ""CERI_CHANGE"", ""CERI_SOURCE"", ""COMBINED"", ""CONFIGURATION"", ""CURRENT_PROJECTION"", ""FUNDAMENTAL"", ""IBMI"", ""IBMI_SOURCE"", ""PIPELINE"", ""PRICE"", ""RANKING"", ""RAW"", ""REGIME"", ""SECTOR"", ""TECHNICAL""]",EF_f4945d656d5d650f,"[""app/routers/run_routes.py:run_full_pipeline_action""]",HTTP,"[""LEGACY_UNCERTIFIED""]",Finite initiator classification; existing native writer compliance is not replaced by route trust. Raw helper permutations may overapproximate conditional delivery.,Mounted HTTP/registered handler/public service or explicit CLI; source address and signature retained.,"[""run = _load_run(db, run_id)""]",SEMANTIC_ADOPTION_PENDING,True,4ad74569b8e74b097ff49fd0a6d29a3c92de33e9816eb505dc0576b0f92dd98d,CONFIRMED_BYPASS,"[""SUPPORTED_DISTINCT_SEMANTICS_NO_CHANGE"", ""T14B"", ""T14C""]","[""WF_CERI_ALERT_CREATION"", ""WF_CERI_CHANGE"", ""WF_CERI_CONSENSUS_ATTACH"", ""WF_CERI_FEATURE_BUILD"", ""WF_CERI_GUIDANCE_ELIGIBILITY"", ""WF_CERI_PRICE_RESPONSE"", ""WF_CERI_RAW_SOURCE"", ""WF_CERI_REVISION_FEATURE"", ""WF_CERI_SCORE"", ""WF_CERI_SOURCE_IDENTITY"", ""WF_CERI_SOURCE_NORMALIZATION"", ""WF_COMBINED_REFRESH"", ""WF_CONFIGURATION_DELIVERY"", ""WF_CORE_CURRENT_PROJECTION"", ""WF_CORE_RETAINED_EVIDENCE"", ""WF_FUNDAMENTAL_RECALCULATION"", ""WF_IB_CONTRACT_IDENTITY"", ""WF_MARKET_CONTEXT_AUTHORITY"", ""WF_PIPELINE_CONTROL"", ""WF_PIPELINE_STAGE_STATE"", ""WF_PRICE_INGESTION"", ""WF_PRICE_SERIES_VERSION"", ""WF_RANKING_LEGACY_REPLACEMENT"", ""WF_RANKING_PERSISTENCE"", ""WF_REGIME_SNAPSHOT"", ""WF_SECTOR_SNAPSHOT"", ""WF_SEC_DOCUMENT_SOURCE"", ""WF_SEC_IDENTITY_REPAIR"", ""WF_SEC_INCREMENTAL_IDENTITY"", ""WF_SEC_PIPELINE_READINESS_REPAIR"", ""WF_TECHNICAL_FEATURE_CACHE"", ""WF_TECHNICAL_FINALIZATION"", ""WF_WINNER_MARKET_DATA_OBLIGATION""]",
EF_f625f1c6154924e0,T14D_ADOPTION,"Registered native handler through background_worker.execute_job: exact configuration anchor loading, configuration_delivery_scope and fence_domain_commits with job execution token. Payload source/temporal references and native writer-family algorithms remain domain specific. Shared contract adoption is T14B/C/D; no additional dependency is inferred.",False,"db: Session, job: BackgroundJob, *, ingestion_service: CeriIngestionService | None=None",DURABLE_FENCED_NATIVE_DELIVERY,"[""anchored_job_configuration""]",DISCOVERED,T14D,"[""CERI"", ""CERI_ALERT"", ""CERI_CHANGE"", ""CERI_SOURCE"", ""COMBINED"", ""CONFIGURATION"", ""CURRENT_PROJECTION"", ""FUNDAMENTAL"", ""IBMI"", ""RANKING"", ""REGIME"", ""SECTOR"", ""TECHNICAL""]",EF_f625f1c6154924e0,"[""app/services/ceri/job_handlers.py:execute_provider_ingest_job""]",DURABLE_JOB,"[""BOOTSTRAP"", ""CANONICAL_CALCULATION"", ""CURRENT_PROJECTION_ADVANCE"", ""MAINTENANCE""]","Classification covers registered worker dispatch; direct calls to the handler outside execute_job are separate direct-call variants, not certified by worker transport.",Mounted HTTP/registered handler/public service or explicit CLI; source address and signature retained.,"[""payload = job.payload_json or {}""]",SEMANTIC_ADOPTION_PENDING,True,3a4a73bf3ebcf9389f9b0d5f6e9c362dd1e3e0f9531895c1cd8bd92e0fb98ee4,DURABLE_JOB,"[""SUPPORTED_DISTINCT_SEMANTICS_NO_CHANGE"", ""T14B"", ""T14C""]","[""WF_CERI_ALERT_CREATION"", ""WF_CERI_CHANGE"", ""WF_CERI_CONSENSUS_ATTACH"", ""WF_CERI_FEATURE_BUILD"", ""WF_CERI_GUIDANCE_ELIGIBILITY"", ""WF_CERI_PRICE_RESPONSE"", ""WF_CERI_RAW_SOURCE"", ""WF_CERI_REVISION_FEATURE"", ""WF_CERI_SCORE"", ""WF_CERI_SOURCE_IDENTITY"", ""WF_CERI_SOURCE_NORMALIZATION"", ""WF_CONFIGURATION_DELIVERY"", ""WF_CORE_CURRENT_PROJECTION"", ""WF_CORE_RETAINED_EVIDENCE"", ""WF_SEC_DOCUMENT_SOURCE"", ""WF_SEC_INCREMENTAL_IDENTITY""]",
EF_f6c22b4705f16967,T14C_ADOPTION,"Concrete native arguments and decorators retained. Direct invocation and current/ambient delivery are exposed as a potential authority variant, not assumed equivalent to certified pipeline delivery.",False,"self, db: Session, *, results: tuple[DriftMetricResult, ...], outcome_definition_id: int, as_of_date: date, model_version_id: int | None=None",SYNCHRONOUS_OR_ENQUEUE_NATIVE_OPERATION,[],DISCOVERED,T14C,"[""WINNER_DIAGNOSTICS""]",EF_f6c22b4705f16967,"[""app/services/winner_probability/drift_service.py:DriftService.persist_metrics""]",SERVICE_PUBLIC,"[""CANONICAL_CALCULATION""]",Exact source signature and selector clauses are discovery evidence. Semantic authority/conditional dispatch review is not yet complete; this record is not a bypass assertion.,Mounted HTTP/registered handler/public service or explicit CLI; source address and signature retained.,[],SEMANTIC_ADOPTION_PENDING,False,f3412a50574e548fad18923aa2ec22b59e837e7464192807fbb339ec69e9d05e,SEMANTIC_ADOPTION_PENDING,[],"[""WF_WINNER_DRIFT""]",
EF_f6ddec7d59b9a9f3,T14C_ADOPTION,"Concrete native arguments and decorators retained. Direct invocation and current/ambient delivery are exposed as a potential authority variant, not assumed equivalent to certified pipeline delivery.",False,"self, db: Session, events: list[SetupLifecycleEvent]",SYNCHRONOUS_OR_ENQUEUE_NATIVE_OPERATION,[],DISCOVERED,T14C,"[""LIFECYCLE_TRANSITION""]",EF_f6ddec7d59b9a9f3,"[""app/services/setup_lifecycle/repository.py:SetupLifecycleRepository.add_lifecycle_events""]",SERVICE_PUBLIC,"[""CANONICAL_CALCULATION""]",Exact source signature and selector clauses are discovery evidence. Semantic authority/conditional dispatch review is not yet complete; this record is not a bypass assertion.,Mounted HTTP/registered handler/public service or explicit CLI; source address and signature retained.,[],SEMANTIC_ADOPTION_PENDING,False,fbe61b3f69359337c6100dd7148dfc3c6c65f1255fcf7781b8672c9cdb016925,SEMANTIC_ADOPTION_PENDING,[],"[""WF_SETUP_TRANSITION_EVENT_STATE""]",
EF_f72ef83620027f4c,T14D_ADOPTION,"Concrete native arguments and decorators retained. Direct invocation and current/ambient delivery are exposed as a potential authority variant, not assumed equivalent to certified pipeline delivery.",False,"self, db: Session, *, provider: SecCeriProvider, ingestion_run: CeriIngestionRun, ticker: str, start: date | None, end: date | None, raw_payload_allowed: bool, historical_backfill: bool, should_cancel=None, worker_id: str | None=None, reuse_completed_documents: bool=False",SYNCHRONOUS_OR_ENQUEUE_NATIVE_OPERATION,[],DISCOVERED,T14D,"[""CERI_SOURCE""]",EF_f72ef83620027f4c,"[""app/services/ceri/sec/incremental_ingestion.py:SecGuidanceIncrementalIngestionService.ingest""]",SERVICE_PUBLIC,"[""CANONICAL_CALCULATION"", ""MAINTENANCE""]",Exact source signature and selector clauses are discovery evidence. Semantic authority/conditional dispatch review is not yet complete; this record is not a bypass assertion.,Mounted HTTP/registered handler/public service or explicit CLI; source address and signature retained.,"[""raw_payload_allowed: bool,"", ""readiness = SecReadinessService().assess("", ""SecReadinessFacts(cik=None),"", ""policy=SecReadinessPolicy(self.settings.sec_readiness_policy.value),"", ""outcome.readiness_state = readiness.state.value"", ""outcome.run_evidence_status = readiness.run_evidence_status"", ""outcome.readiness_reason = readiness.reason"", ""readiness = SecReadinessService().assess("", ""SecReadinessFacts("", ""policy=SecReadinessPolicy(self.settings.sec_readiness_policy.value),"", ""outcome.readiness_state = readiness.state.value"", ""outcome.run_evidence_status = readiness.run_evidence_status"", ""outcome.readiness_reason = readiness.reason"", ""if not readiness.may_ingest:"", ""f\""{readiness.reason}: SEC ACTIVE sync requires a successful \"""", ""raw_payload_allowed=raw_payload_allowed,"", ""latest_filing_date=max((value for value in filing_dates if value), default=None),"", ""outcome.readiness_state = SecReadinessState.READY_TERMINAL_REUSE.value"", ""outcome.readiness_reason = \""TERMINAL_EXTRACTION_REUSED\"""", ""elif outcome.readiness_state is None:"", ""outcome.readiness_state = SecReadinessState.READY.value"", ""outcome.readiness_reason = \""SEC_INGESTION_COMPLETED\""""]",SEMANTIC_ADOPTION_PENDING,False,86de8c016cc30386891fa9d75ce6b55863f18126ea192db8018976127e1dfb3c,SEMANTIC_ADOPTION_PENDING,"[""T14B""]","[""WF_CERI_RAW_SOURCE"", ""WF_SEC_DOCUMENT_SOURCE"", ""WF_SEC_INCREMENTAL_IDENTITY""]",
EF_f86acc74753df900,T14D_ADOPTION,"Concrete native arguments and decorators retained. Direct invocation and current/ambient delivery are exposed as a potential authority variant, not assumed equivalent to certified pipeline delivery.",False,"db: Session, pipeline_run_id: int, *, resume_from_step: str | None=None",SYNCHRONOUS_OR_ENQUEUE_NATIVE_OPERATION,[],DISCOVERED,T14D,"[""CERI"", ""CERI_ALERT"", ""CERI_CHANGE"", ""CERI_SOURCE"", ""COMBINED"", ""CONFIGURATION"", ""CURRENT_PROJECTION"", ""FUNDAMENTAL"", ""IBMI"", ""IBMI_SOURCE"", ""PIPELINE"", ""PRICE"", ""RANKING"", ""RAW"", ""REGIME"", ""SECTOR"", ""TECHNICAL""]",EF_f86acc74753df900,"[""app/services/pipeline_service.py:resume_pipeline""]",SERVICE_PUBLIC,"[""BOOTSTRAP"", ""CANONICAL_CALCULATION"", ""CURRENT_PROJECTION_ADVANCE"", ""CURRENT_STATE_REPAIR"", ""LEGACY_UNCERTIFIED"", ""MAINTENANCE""]",Exact source signature and selector clauses are discovery evidence. Semantic authority/conditional dispatch review is not yet complete; this record is not a bypass assertion.,Mounted HTTP/registered handler/public service or explicit CLI; source address and signature retained.,"[""from app.services.ceri.sec.readiness_repair import mark_sec_repair_failure"", ""steps = _load_pipeline_steps(db, pipeline_run_id)"", ""**_pipeline_context_payload(db, pipeline),"", ""related_run_id=pipeline.upload_run_id,"", ""pipeline.current_step = target""]",SEMANTIC_ADOPTION_PENDING,False,82cf1c28c6f4ee72da8fce44e8530e1578451d5489f6066c69985d320a6d621b,SEMANTIC_ADOPTION_PENDING,"[""SUPPORTED_DISTINCT_SEMANTICS_NO_CHANGE"", ""T14B"", ""T14C""]","[""WF_CERI_ALERT_CREATION"", ""WF_CERI_CHANGE"", ""WF_CERI_CONSENSUS_ATTACH"", ""WF_CERI_FEATURE_BUILD"", ""WF_CERI_GUIDANCE_ELIGIBILITY"", ""WF_CERI_PRICE_RESPONSE"", ""WF_CERI_RAW_SOURCE"", ""WF_CERI_REVISION_FEATURE"", ""WF_CERI_SCORE"", ""WF_CERI_SOURCE_IDENTITY"", ""WF_CERI_SOURCE_NORMALIZATION"", ""WF_COMBINED_REFRESH"", ""WF_CONFIGURATION_DELIVERY"", ""WF_CORE_CURRENT_PROJECTION"", ""WF_CORE_RETAINED_EVIDENCE"", ""WF_FUNDAMENTAL_RECALCULATION"", ""WF_IB_CONTRACT_IDENTITY"", ""WF_MARKET_CONTEXT_AUTHORITY"", ""WF_PIPELINE_CONTROL"", ""WF_PIPELINE_STAGE_STATE"", ""WF_PRICE_INGESTION"", ""WF_PRICE_SERIES_VERSION"", ""WF_RANKING_LEGACY_REPLACEMENT"", ""WF_RANKING_PERSISTENCE"", ""WF_REGIME_SNAPSHOT"", ""WF_SECTOR_SNAPSHOT"", ""WF_SEC_DOCUMENT_SOURCE"", ""WF_SEC_INCREMENTAL_IDENTITY"", ""WF_SEC_PIPELINE_READINESS_REPAIR"", ""WF_TECHNICAL_FEATURE_CACHE"", ""WF_TECHNICAL_FINALIZATION"", ""WF_WINNER_MARKET_DATA_OBLIGATION""]",
EF_f8e65d11efa50fea,T14D_ADOPTION,"Concrete native arguments and decorators retained. Direct invocation and current/ambient delivery are exposed as a potential authority variant, not assumed equivalent to certified pipeline delivery.",False,"self, db: Session, *, changes: list[CeriChangeEvent], ticker_by_company: dict[int, str] | None=None",SYNCHRONOUS_OR_ENQUEUE_NATIVE_OPERATION,"[""anchored_decision_calculator""]",DISCOVERED,T14D,"[""CERI_ALERT""]",EF_f8e65d11efa50fea,"[""app/services/ceri/alert_service.py:CeriAlertService.rebuild_alerts""]",SERVICE_PUBLIC,"[""CANONICAL_CALCULATION""]",Exact source signature and selector clauses are discovery evidence. Semantic authority/conditional dispatch review is not yet complete; this record is not a bypass assertion.,Mounted HTTP/registered handler/public service or explicit CLI; source address and signature retained.,"[""self._ensure_rule_configuration(db)""]",SEMANTIC_ADOPTION_PENDING,False,4af397c52731eb0195df7b1d3ba4079a2deb134e0630576e0ca25ffca9fbd0b8,SEMANTIC_ADOPTION_PENDING,"[""T14C""]","[""WF_CERI_ALERT_CREATION""]",
EF_f95821db8f721266,T14D_ADOPTION,"Concrete native arguments and decorators retained. Direct invocation and current/ambient delivery are exposed as a potential authority variant, not assumed equivalent to certified pipeline delivery.",False,"self, db: Session, *, guidance: Any, company_id: int, prior_action: str | None=None, scope: str='daily_change_feed'",SYNCHRONOUS_OR_ENQUEUE_NATIVE_OPERATION,"[""anchored_decision_calculator""]",DISCOVERED,T14D,"[""CERI_CHANGE""]",EF_f95821db8f721266,"[""app/services/ceri/change_detection_service.py:CeriChangeDetectionService.detect_guidance_change""]",SERVICE_PUBLIC,"[""CANONICAL_CALCULATION""]",Exact source signature and selector clauses are discovery evidence. Semantic authority/conditional dispatch review is not yet complete; this record is not a bypass assertion.,Mounted HTTP/registered handler/public service or explicit CLI; source address and signature retained.,[],SEMANTIC_ADOPTION_PENDING,False,1c368f6ca1c1b714ce5d9217d86a9c7fa980c8e9ea6a2670b881fb7f79de3465,SEMANTIC_ADOPTION_PENDING,"[""T14C""]","[""WF_CERI_CHANGE""]",
EF_fa5141b1061baaf2,T14D_ADOPTION,"Registered native handler through background_worker.execute_job: exact configuration anchor loading, configuration_delivery_scope and fence_domain_commits with job execution token. Payload source/temporal references and native writer-family algorithms remain domain specific. Shared contract adoption is T14B/C/D; no additional dependency is inferred.",False,"db: Session, job: BackgroundJob, *, settings: Settings | None=None, ib_factory=None",DURABLE_FENCED_NATIVE_DELIVERY,"[""anchored_job_configuration""]",DISCOVERED,T14D,"[""IBMI_SOURCE""]",EF_fa5141b1061baaf2,"[""app/services/ib_market_intelligence/orchestration.py:execute_scanner_run""]",DURABLE_JOB,"[""CANONICAL_CALCULATION""]","Classification covers registered worker dispatch; direct calls to the handler outside execute_job are separate direct-call variants, not certified by worker transport.",Mounted HTTP/registered handler/public service or explicit CLI; source address and signature retained.,"[""config = load_ib_market_intelligence_config(settings=settings)"", ""requested = job.payload_json.get(\""presets\"") or ["", ""f\""Scanner code {preset.scan_code} is not present in current IBKR parameters\""""]",SEMANTIC_ADOPTION_PENDING,True,28850325b6bef2e07a5af041b045befab19a6ab05b33df8831ddefe05926a556,DURABLE_JOB,"[""T14B""]","[""WF_IB_SCANNER_SOURCE""]",
EF_fb37ba876e73e13d,T14D_ADOPTION,"Registered native handler through background_worker.execute_job: exact configuration anchor loading, configuration_delivery_scope and fence_domain_commits with job execution token. Payload source/temporal references and native writer-family algorithms remain domain specific. Shared contract adoption is T14B/C/D; no additional dependency is inferred.",False,"db: Session, job: BackgroundJob, *, backfill_service: CeriBackfillService | None=None",DURABLE_FENCED_NATIVE_DELIVERY,"[""anchored_job_configuration""]",DISCOVERED,T14D,"[""CERI_SOURCE""]",EF_fb37ba876e73e13d,"[""app/services/ceri/job_handlers.py:execute_backfill_job""]",DURABLE_JOB,"[""CANONICAL_CALCULATION"", ""MAINTENANCE""]","Classification covers registered worker dispatch; direct calls to the handler outside execute_job are separate direct-call variants, not certified by worker transport.",Mounted HTTP/registered handler/public service or explicit CLI; source address and signature retained.,"[""payload = job.payload_json or {}""]",SEMANTIC_ADOPTION_PENDING,True,3a4a73bf3ebcf9389f9b0d5f6e9c362dd1e3e0f9531895c1cd8bd92e0fb98ee4,DURABLE_JOB,"[""T14B""]","[""WF_CERI_CONSENSUS_ATTACH"", ""WF_CERI_FEATURE_BUILD"", ""WF_CERI_GUIDANCE_ELIGIBILITY"", ""WF_CERI_RAW_SOURCE"", ""WF_CERI_REVISION_FEATURE"", ""WF_CERI_SOURCE_IDENTITY"", ""WF_CERI_SOURCE_NORMALIZATION"", ""WF_SEC_DOCUMENT_SOURCE"", ""WF_SEC_INCREMENTAL_IDENTITY""]",
EF_fb3da89576a5f670,T14D_ADOPTION,"Concrete native arguments and decorators retained. Direct invocation and current/ambient delivery are exposed as a potential authority variant, not assumed equivalent to certified pipeline delivery.",False,"db: Session, run_id: int, *, market_cutoff: MarketCalculationCutoff | None=None",SYNCHRONOUS_OR_ENQUEUE_NATIVE_OPERATION,[],DISCOVERED,T14D,"[""CERI_SOURCE"", ""CONFIGURATION""]",EF_fb3da89576a5f670,"[""app/services/ceri/batched_workflow.py:schedule_ceri_batched_workflow""]",SERVICE_PUBLIC,"[""BOOTSTRAP""]",Exact source signature and selector clauses are discovery evidence. Semantic authority/conditional dispatch review is not yet complete; this record is not a bypass assertion.,Mounted HTTP/registered handler/public service or explicit CLI; source address and signature retained.,"[""market_cutoff: MarketCalculationCutoff | None = None,"", ""readiness = diagnose_sec_readiness("", ""\""sec_readiness_policy\"": runtime_settings.sec_readiness_policy.value,"", ""\""sec_processor_signature\"": readiness.processor_signature,"", ""\""requested_tickers\"": readiness.requested_tickers,"", ""\""ready_tickers\"": readiness.ready_tickers,"", ""\""readiness_counts\"": readiness.counts(),"", ""\""blocking_tickers\"": list(readiness.blocking_tickers),"", ""and runtime_settings.sec_readiness_policy is SecReadinessPolicy.REQUIRE_READY"", ""and not readiness.complete"", ""missing = \"", \"".join(readiness.blocking_tickers[:25])"", ""suffix = \""...\"" if len(readiness.blocking_tickers) > 25 else \""\"""", ""f\""{readiness.ready_tickers}/{readiness.requested_tickers} tickers are accepted \"""", ""f\""for processor signature {readiness.processor_signature}; bootstrap or mapping \"""", ""\""readiness\"": readiness.as_dict(),"", ""for item in readiness.tickers"", ""if item.category is not SecTickerReadinessCategory.SEC_NOT_APPLICABLE"", ""config_hash=load_ceri_config().config_hash,"", ""\""cutoff_at\"": CanonicalEvidenceSerializer.canonicalize(market_cutoff.cutoff_at),"", ""\""as_of_session\"": market_cutoff.latest_completed_session.isoformat(),"", ""\""calendar_version\"": market_cutoff.calendar_version,"", ""\""calculation_context_id\"": market_cutoff.context_id,"", ""if market_cutoff is not None""]",SEMANTIC_ADOPTION_PENDING,False,10edd50779b8448525e8396a783301075c9384e05bb9e2079ba1d6e44c85d50c,SEMANTIC_ADOPTION_PENDING,"[""SUPPORTED_DISTINCT_SEMANTICS_NO_CHANGE""]","[""WF_CERI_COMPANY_BOOTSTRAP"", ""WF_CONFIGURATION_DELIVERY""]",
EF_fb5089df555b2b2f,T14B_ADOPTION,"Concrete native arguments and decorators retained. Direct invocation and current/ambient delivery are exposed as a potential authority variant, not assumed equivalent to certified pipeline delivery.",False,"db: Session, key: LocalArtifactKey, *, matched: bool, fresh_fingerprint: str, cached_fingerprint: str | None, run_id: int, error: str | None=None, differences: dict[str, Any] | None=None, now: datetime | None=None",SYNCHRONOUS_OR_ENQUEUE_NATIVE_OPERATION,[],DISCOVERED,T14B,"[""TECHNICAL""]",EF_fb5089df555b2b2f,"[""app/services/technical_artifact_cache.py:record_local_artifact_shadow_validation""]",SERVICE_PUBLIC,"[""MAINTENANCE""]",Exact source signature and selector clauses are discovery evidence. Semantic authority/conditional dispatch review is not yet complete; this record is not a bypass assertion.,Mounted HTTP/registered handler/public service or explicit CLI; source address and signature retained.,[],SEMANTIC_ADOPTION_PENDING,False,da16fa255a71e34676928b64522bf73ba2150e6d3bb0378ee3c76d4642705e07,SEMANTIC_ADOPTION_PENDING,[],"[""WF_TECHNICAL_FEATURE_CACHE""]",
EF_fbcb7015c3527f14,T14D_ADOPTION,"Concrete native arguments and decorators retained. Direct invocation and current/ambient delivery are exposed as a potential authority variant, not assumed equivalent to certified pipeline delivery.",False,"db: Session, plan: FetchPlan, ib_client_factory: Callable[[], IB] | None=None, rate_limiter: IbHistoricalRateLimiter | None=None, settings: Settings | None=None, include_benchmarks: bool=True, force_refresh: bool=False, force_full_backfill: bool=False, fetch_run_id: int | None=None, should_cancel: Callable[[], bool] | None=None, on_ticker_ready: Callable[[TickerReadyEvent], None] | None=None, progress_callback: Callable[..., None] | None=None, execution_token: str | None=None, memory_probe: Callable[[Session, int, int, str], None] | None=None, stop_on_hard_failure: bool=False",SYNCHRONOUS_OR_ENQUEUE_NATIVE_OPERATION,[],DISCOVERED,T14D,"[""IBMI_SOURCE"", ""PRICE""]",EF_fbcb7015c3527f14,"[""app/services/ib_fetch_executor.py:execute_fetch_plan""]",SERVICE_PUBLIC,"[""CANONICAL_CALCULATION"", ""MAINTENANCE""]",Exact source signature and selector clauses are discovery evidence. Semantic authority/conditional dispatch review is not yet complete; this record is not a bypass assertion.,Mounted HTTP/registered handler/public service or explicit CLI; source address and signature retained.,"[""execution_token: str | None = None,"", ""item_run = _load_fetch_run(item_db, fetch_run.id)"", ""current_item=plan_item.ticker,"", ""fetch_item.execution_token = execution_token"", ""current_item=plan_item.ticker,"", ""current_item=plan_item.ticker,"", ""fetch_run = _load_fetch_run(db, fetch_run.id)"", ""# A completed normal ingest advances Winner readiness by reevaluating""]",SEMANTIC_ADOPTION_PENDING,False,b3799256c931e032ae563cce5b6d3d7e1cc997c2c7911c4f7956f79aafed336c,SEMANTIC_ADOPTION_PENDING,"[""T14B"", ""T14C""]","[""WF_IB_CONTRACT_IDENTITY"", ""WF_PRICE_INGESTION"", ""WF_PRICE_SERIES_VERSION"", ""WF_WINNER_MARKET_DATA_OBLIGATION""]",
EF_fd8c5e5eeec02c71,T14D_ADOPTION,"Native latest_for_run snapshot/rows lookup; on miss build_sector_rotation_snapshot(run_id,persist=True) under standalone native as-of/context and commit. Same helper as dashboard/drilldown.",False,"run_id: int, db: DbSession",SYNCHRONOUS_OR_ENQUEUE_NATIVE_OPERATION,"[""router.get('/api/runs/{run_id}/sector-rotation')""]",DISCOVERED,T14D,"[""CERI"", ""COMBINED"", ""CURRENT_PROJECTION"", ""FUNDAMENTAL"", ""IBMI"", ""RANKING"", ""REGIME"", ""SECTOR"", ""TECHNICAL""]",EF_fd8c5e5eeec02c71,"[""app/routers/sector_rotation_routes.py:api_sector_rotation""]",HTTP,"[""CANONICAL_CALCULATION""]",Finite initiator classification; existing native writer compliance is not replaced by route trust. Raw helper permutations may overapproximate conditional delivery.,Mounted HTTP/registered handler/public service or explicit CLI; source address and signature retained.,"[""return _run_payload_or_calculate(db, run_id)""]",SEMANTIC_ADOPTION_PENDING,True,771ef65def7fd9b4063946d9faac39177ce1a082fe1fbf835c7af1ba668e696e,SECTOR_RUN_BUILD_ON_MISS,"[""T14B""]","[""WF_CORE_CURRENT_PROJECTION"", ""WF_CORE_RETAINED_EVIDENCE"", ""WF_SECTOR_SNAPSHOT""]",
EF_fd8cd8fbbbba07f7,T14B_ADOPTION,"Concrete native arguments and decorators retained. Direct invocation and current/ambient delivery are exposed as a potential authority variant, not assumed equivalent to certified pipeline delivery.",False,"self, db: Session, run_id: int",SYNCHRONOUS_OR_ENQUEUE_NATIVE_OPERATION,[],DISCOVERED,T14B,"[""CURRENT_PROJECTION"", ""REGIME""]",EF_fd8cd8fbbbba07f7,"[""app/services/market_regime_repository.py:MarketRegimeRepository.delete_for_run""]",SERVICE_PUBLIC,"[""CANONICAL_CALCULATION""]",Exact source signature and selector clauses are discovery evidence. Semantic authority/conditional dispatch review is not yet complete; this record is not a bypass assertion.,Mounted HTTP/registered handler/public service or explicit CLI; source address and signature retained.,[],SEMANTIC_ADOPTION_PENDING,False,b443628a55dd0586fc748e8e443b4b28b37a7119ba2a63faecc0646f51bfff34,SEMANTIC_ADOPTION_PENDING,[],"[""WF_REGIME_DERIVED_DELETE""]",
EF_ff740e59dc6eec85,T14C_ADOPTION,"Concrete native arguments and decorators retained. Direct invocation and current/ambient delivery are exposed as a potential authority variant, not assumed equivalent to certified pipeline delivery.",False,"self, db: Session, prediction: WinnerPredictionSnapshot, config: WinnerProbabilityConfig",SYNCHRONOUS_OR_ENQUEUE_NATIVE_OPERATION,[],DISCOVERED,T14C,"[""PRICE"", ""WINNER_COHORT"", ""WINNER_ESTIMATE"", ""WINNER_OUTCOME"", ""WINNER_PREDICTION""]",EF_ff740e59dc6eec85,"[""app/services/winner_probability/pending_outcome_service.py:PendingOutcomeService.materialize_pending_outcomes""]",SERVICE_PUBLIC,"[""BOOTSTRAP"", ""MAINTENANCE""]",Exact source signature and selector clauses are discovery evidence. Semantic authority/conditional dispatch review is not yet complete; this record is not a bypass assertion.,Mounted HTTP/registered handler/public service or explicit CLI; source address and signature retained.,"[""from app.services.decision_effective_configuration import ("", ""configuration_from_payload,"", ""validate_executable_configuration,"", ""retained = (prediction.lineage_json or {}).get(\""outcome_effective_configuration\"")"", ""effective = configuration_from_payload(retained)"", ""validate_executable_configuration(effective)""]",SEMANTIC_ADOPTION_PENDING,False,c3363a705516b19498e81a41ad8a0a801eae80b73dfdd7cc0f8d7d6382f75009,SEMANTIC_ADOPTION_PENDING,[],"[""WF_WINNER_MARKET_DATA_OBLIGATION"", ""WF_WINNER_PENDING_OUTCOME"", ""WF_WINNER_TYPED_REPOSITORY""]",
EF_ff8471e9bb4ccc07,T14D_ADOPTION,Addressed pipeline cancellation reaches root/step status and durable job cancellation; not a score rewrite. Owner/configuration anchors remain retained.,False,"run_id: int, pipeline_id: int, db: DbSession",SYNCHRONOUS_OR_ENQUEUE_NATIVE_OPERATION,"[""router.post('/runs/{run_id}/pipeline/{pipeline_id}/cancel')"", ""unsafe_route(ROUTE_CLASS_PUBLIC_LOCAL, reason='requests cancellation of a local pipeline')""]",DISCOVERED,T14D,"[""PIPELINE""]",EF_ff8471e9bb4ccc07,"[""app/routers/run_routes.py:cancel_run_pipeline_action""]",HTTP,"[""MAINTENANCE""]",Finite initiator classification; existing native writer compliance is not replaced by route trust. Raw helper permutations may overapproximate conditional delivery.,Mounted HTTP/registered handler/public service or explicit CLI; source address and signature retained.,"[""if existing.upload_run_id != run_id:""]",SEMANTIC_ADOPTION_PENDING,True,4ad74569b8e74b097ff49fd0a6d29a3c92de33e9816eb505dc0576b0f92dd98d,PIPELINE_CANCELLATION,[],"[""WF_PIPELINE_CONTROL""]",
