family_or_record_id,caller,target,status,persistence_sink_ids,semantic_writer_family_ids,entry_point_family_ids,proof,unidentified_sink,unidentified_writer_family,unidentified_entry_family
0,alembic/env.py:run_migrations_offline,app/observability/metrics.py:PrometheusMetrics.configure,POTENTIAL_DISTINCT_SEMANTICS,[],[],[],Preserved name-inferred target; known concrete sink witnesses retained. No runtime or authority proof is inferred from the name.,False,False,False
1,alembic/env.py:run_migrations_online,app/observability/metrics.py:PrometheusMetrics.configure,POTENTIAL_DISTINCT_SEMANTICS,[],[],[],Preserved name-inferred target; known concrete sink witnesses retained. No runtime or authority proof is inferred from the name.,False,False,False
10,app/observability/db_monitor.py:ExecutionScope.fields,app/services/fundamental_ranker_v2.py:FundamentalsV2Config.items,POTENTIAL_DISTINCT_SEMANTICS,[],[],[],Preserved name-inferred target; known concrete sink witnesses retained. No runtime or authority proof is inferred from the name.,False,False,False
100,app/routers/run_routes.py:_ceri_context,scripts/qa/t13d_configuration_benchmark.py:RulePreload.scalars,POTENTIAL_DISTINCT_SEMANTICS,[],[],[],Preserved name-inferred target; known concrete sink witnesses retained. No runtime or authority proof is inferred from the name.,False,False,False
1000,app/services/technical_score_service.py:_score_tickers_legacy,app/services/ceri/observability.py:CeriMetricRegistry.increment,POTENTIAL_DISTINCT_SEMANTICS,[],[],[],Preserved name-inferred target; known concrete sink witnesses retained. No runtime or authority proof is inferred from the name.,False,False,False
1001,app/services/technical_score_service.py:_score_tickers_process_pool,app/observability/metrics.py:PrometheusMetrics.set_gauge,POTENTIAL_DISTINCT_SEMANTICS,[],[],[],Preserved name-inferred target; known concrete sink witnesses retained. No runtime or authority proof is inferred from the name.,False,False,False
1002,app/services/technical_score_service.py:_score_tickers_process_pool,app/services/ceri/observability.py:CeriMetricRegistry.increment,POTENTIAL_DISTINCT_SEMANTICS,[],[],[],Preserved name-inferred target; known concrete sink witnesses retained. No runtime or authority proof is inferred from the name.,False,False,False
1003,app/services/technical_score_service.py:_score_tickers_pure_sequential,app/services/ceri/observability.py:CeriMetricRegistry.increment,POTENTIAL_DISTINCT_SEMANTICS,[],[],[],Preserved name-inferred target; known concrete sink witnesses retained. No runtime or authority proof is inferred from the name.,False,False,False
1004,app/services/technical_score_service.py:_technical_score_differences,app/services/setup_lifecycle/signal_registry.py:SignalDefinitionRegistry.keys,POTENTIAL_DISTINCT_SEMANTICS,[],[],[],Preserved name-inferred target; known concrete sink witnesses retained. No runtime or authority proof is inferred from the name.,False,False,False
1005,app/services/technical_score_service.py:_technical_v5_run_context,app/services/fundamental_ranker_v2.py:FundamentalsV2Config.items,POTENTIAL_DISTINCT_SEMANTICS,[],[],[],Preserved name-inferred target; known concrete sink witnesses retained. No runtime or authority proof is inferred from the name.,False,False,False
1006,app/services/technical_score_service.py:_technical_v5_run_context,scripts/qa/t13d_configuration_benchmark.py:EmptyRuleRows.all,POTENTIAL_DISTINCT_SEMANTICS,[],[],[],Preserved name-inferred target; known concrete sink witnesses retained. No runtime or authority proof is inferred from the name.,False,False,False
1007,app/services/technical_score_service.py:_tickers_for_run,scripts/qa/t13d_configuration_benchmark.py:RulePreload.scalars,POTENTIAL_DISTINCT_SEMANTICS,[],[],[],Preserved name-inferred target; known concrete sink witnesses retained. No runtime or authority proof is inferred from the name.,False,False,False
1008,app/services/technical_score_service.py:finalize_technical_scores,scripts/certify_technical_artifact_cache.py:main.SinkDb.add_all,POTENTIAL_DISTINCT_SEMANTICS,[],[],"[""EF_756b7b07d4f365c0""]",Preserved name-inferred target; known concrete sink witnesses retained. No runtime or authority proof is inferred from the name.,False,False,False
1009,app/services/technical_score_v4.py:_regime_weights,app/services/fundamental_ranker_v2.py:FundamentalsV2Config.items,POTENTIAL_DISTINCT_SEMANTICS,[],[],[],Preserved name-inferred target; known concrete sink witnesses retained. No runtime or authority proof is inferred from the name.,False,False,False
101,app/routers/run_routes.py:_coverage_actions,app/services/fundamental_ranker_v2.py:FundamentalsV2Config.items,POTENTIAL_DISTINCT_SEMANTICS,[],[],[],Preserved name-inferred target; known concrete sink witnesses retained. No runtime or authority proof is inferred from the name.,False,False,False
1010,app/services/technical_score_v5.py:technical_score_v5_from_base_score,app/services/fundamental_ranker_v2.py:FundamentalsV2Config.items,POTENTIAL_DISTINCT_SEMANTICS,[],[],[],Preserved name-inferred target; known concrete sink witnesses retained. No runtime or authority proof is inferred from the name.,False,False,False
1011,app/services/technical_scoring_config.py:_deep_merge,app/services/fundamental_ranker_v2.py:FundamentalsV2Config.items,POTENTIAL_DISTINCT_SEMANTICS,[],[],[],Preserved name-inferred target; known concrete sink witnesses retained. No runtime or authority proof is inferred from the name.,False,False,False
1012,app/services/technical_scoring_config.py:_validate_regime_weights,app/services/fundamental_ranker_v2.py:FundamentalsV2Config.items,POTENTIAL_DISTINCT_SEMANTICS,[],[],[],Preserved name-inferred target; known concrete sink witnesses retained. No runtime or authority proof is inferred from the name.,False,False,False
1013,app/services/technical_strength_v5.py:calculate_technical_strength,app/services/fundamental_ranker_v2.py:FundamentalsV2Config.items,POTENTIAL_DISTINCT_SEMANTICS,[],[],[],Preserved name-inferred target; known concrete sink witnesses retained. No runtime or authority proof is inferred from the name.,False,False,False
1014,app/services/technical_v51_overlay_research.py:_bootstrap_series_ci,scripts/qa/run_m05_scale.py:_percentiles.percentile,POTENTIAL_DISTINCT_SEMANTICS,[],[],[],Preserved name-inferred target; known concrete sink witnesses retained. No runtime or authority proof is inferred from the name.,False,False,False
1015,app/services/technical_v51_overlay_research.py:action_transitions,app/services/fundamental_ranker_v2.py:FundamentalsV2Config.items,POTENTIAL_DISTINCT_SEMANTICS,[],[],[],Preserved name-inferred target; known concrete sink witnesses retained. No runtime or authority proof is inferred from the name.,False,False,False
1016,app/services/technical_v51_overlay_research.py:add_extension_states,app/services/fundamental_ranker_v2.py:FundamentalsV2Config.items,POTENTIAL_DISTINCT_SEMANTICS,[],[],[],Preserved name-inferred target; known concrete sink witnesses retained. No runtime or authority proof is inferred from the name.,False,False,False
1017,app/services/technical_v51_overlay_research.py:build_candidate_rankings,app/services/fundamental_ranker_v2.py:FundamentalsV2Config.items,POTENTIAL_DISTINCT_SEMANTICS,[],[],[],Preserved name-inferred target; known concrete sink witnesses retained. No runtime or authority proof is inferred from the name.,False,False,False
1018,app/services/technical_v51_overlay_research.py:classify_extension_row,app/services/fundamental_ranker_v2.py:FundamentalsV2Config.items,POTENTIAL_DISTINCT_SEMANTICS,[],[],[],Preserved name-inferred target; known concrete sink witnesses retained. No runtime or authority proof is inferred from the name.,False,False,False
1019,app/services/technical_v51_overlay_research.py:load_research_config,app/services/fundamental_ranker_v2.py:FundamentalsV2Config.items,POTENTIAL_DISTINCT_SEMANTICS,[],[],[],Preserved name-inferred target; known concrete sink witnesses retained. No runtime or authority proof is inferred from the name.,False,False,False
102,app/routers/run_routes.py:_fetch_plan_action_counts,app/services/fundamental_ranker_v2.py:FundamentalsV2Config.items,POTENTIAL_DISTINCT_SEMANTICS,[],[],[],Preserved name-inferred target; known concrete sink witnesses retained. No runtime or authority proof is inferred from the name.,False,False,False
1020,app/services/technical_v51_overlay_research.py:stable_hash,app/services/canonical_evidence.py:CanonicalEvidenceSerializer.dumps,POTENTIAL_DISTINCT_SEMANTICS,[],[],[],Preserved name-inferred target; known concrete sink witnesses retained. No runtime or authority proof is inferred from the name.,False,False,False
1021,app/services/technical_v5_calibration.py:component_ablation_record,app/services/fundamental_ranker_v2.py:FundamentalsV2Config.items,POTENTIAL_DISTINCT_SEMANTICS,[],[],[],Preserved name-inferred target; known concrete sink witnesses retained. No runtime or authority proof is inferred from the name.,False,False,False
1022,app/services/technical_v5_forensics.py:candidate_scores,app/services/fundamental_ranker_v2.py:FundamentalsV2Config.items,POTENTIAL_DISTINCT_SEMANTICS,[],[],[],Preserved name-inferred target; known concrete sink witnesses retained. No runtime or authority proof is inferred from the name.,False,False,False
1023,app/services/technical_v5_forensics.py:cohort_forensics,app/services/fundamental_ranker_v2.py:FundamentalsV2Config.items,POTENTIAL_DISTINCT_SEMANTICS,[],[],[],Preserved name-inferred target; known concrete sink witnesses retained. No runtime or authority proof is inferred from the name.,False,False,False
1024,app/services/technical_v5_forensics.py:component_forensics,app/services/fundamental_ranker_v2.py:FundamentalsV2Config.items,POTENTIAL_DISTINCT_SEMANTICS,[],[],[],Preserved name-inferred target; known concrete sink witnesses retained. No runtime or authority proof is inferred from the name.,False,False,False
1025,app/services/technical_v5_forensics.py:setup_forensics,app/services/fundamental_ranker_v2.py:FundamentalsV2Config.items,POTENTIAL_DISTINCT_SEMANTICS,[],[],[],Preserved name-inferred target; known concrete sink witnesses retained. No runtime or authority proof is inferred from the name.,False,False,False
1026,app/services/technical_work.py:_with_temporal_lineage,app/services/fundamental_ranker_v2.py:FundamentalsV2Config.items,POTENTIAL_DISTINCT_SEMANTICS,[],[],[],Preserved name-inferred target; known concrete sink witnesses retained. No runtime or authority proof is inferred from the name.,False,False,False
1027,app/services/transition_preflight_plan_service.py:_build_decision_handoff_payload,scripts/qa/t13d_configuration_benchmark.py:RulePreload.scalars,POTENTIAL_DISTINCT_SEMANTICS,[],[],[],Preserved name-inferred target; known concrete sink witnesses retained. No runtime or authority proof is inferred from the name.,False,False,False
1028,app/services/transition_preflight_plan_service.py:_collect_source_ids,app/services/fundamental_ranker_v2.py:FundamentalsV2Config.items,POTENTIAL_DISTINCT_SEMANTICS,[],[],[],Preserved name-inferred target; known concrete sink witnesses retained. No runtime or authority proof is inferred from the name.,False,False,False
1029,app/services/transition_preflight_plan_service.py:_create_pipeline_decision_handoff_plan,app/services/fundamental_ranker_v2.py:FundamentalsV2Config.items,POTENTIAL_DISTINCT_SEMANTICS,[],[],[],Preserved name-inferred target; known concrete sink witnesses retained. No runtime or authority proof is inferred from the name.,False,False,False
103,app/routers/run_routes.py:_load_run,scripts/profile_sec_performance.py:ProfilingSession.scalar,POTENTIAL_DISTINCT_SEMANTICS,[],[],[],Preserved name-inferred target; known concrete sink witnesses retained. No runtime or authority proof is inferred from the name.,False,False,False
1030,app/services/transition_preflight_plan_service.py:_validate_handoff_temporal_lineage,app/services/fundamental_ranker_v2.py:FundamentalsV2Config.items,POTENTIAL_DISTINCT_SEMANTICS,[],[],[],Preserved name-inferred target; known concrete sink witnesses retained. No runtime or authority proof is inferred from the name.,False,False,False
1031,app/services/transition_preflight_plan_service.py:_validate_handoff_temporal_lineage,scripts/qa/t13d_configuration_benchmark.py:RulePreload.scalars,POTENTIAL_DISTINCT_SEMANTICS,[],[],[],Preserved name-inferred target; known concrete sink witnesses retained. No runtime or authority proof is inferred from the name.,False,False,False
1032,app/services/transition_preflight_plan_service.py:build_run_start_anchor_manifest,app/services/fundamental_ranker_v2.py:FundamentalsV2Config.items,POTENTIAL_DISTINCT_SEMANTICS,[],[],[],Preserved name-inferred target; known concrete sink witnesses retained. No runtime or authority proof is inferred from the name.,False,False,False
1033,app/services/transition_preflight_plan_service.py:build_run_start_anchor_manifest,scripts/qa/t13d_configuration_benchmark.py:RulePreload.scalars,POTENTIAL_DISTINCT_SEMANTICS,[],[],[],Preserved name-inferred target; known concrete sink witnesses retained. No runtime or authority proof is inferred from the name.,False,False,False
1034,app/services/transition_preflight_plan_service.py:cancel_transition_preflight,scripts/profile_sec_performance.py:ProfilingSession.scalar,POTENTIAL_DISTINCT_SEMANTICS,[],[],"[""EF_78de7a499feb8c0b""]",Preserved name-inferred target; known concrete sink witnesses retained. No runtime or authority proof is inferred from the name.,False,False,False
1035,app/services/transition_preflight_plan_service.py:create_transition_preflight_plan,scripts/profile_sec_performance.py:ProfilingSession.scalar,POTENTIAL_DISTINCT_SEMANTICS,[],[],"[""EF_a005dd81d77d51c6""]",Preserved name-inferred target; known concrete sink witnesses retained. No runtime or authority proof is inferred from the name.,False,False,False
1036,app/services/transition_preflight_plan_service.py:expire_abandoned_preflights,scripts/qa/t13d_configuration_benchmark.py:RulePreload.scalars,POTENTIAL_DISTINCT_SEMANTICS,[],[],"[""EF_84afac2f08856690""]",Preserved name-inferred target; known concrete sink witnesses retained. No runtime or authority proof is inferred from the name.,False,False,False
1037,app/services/transition_preflight_plan_service.py:freeze_transition_decision_handoff_manifest,scripts/profile_sec_performance.py:ProfilingSession.scalar,POTENTIAL_DISTINCT_SEMANTICS,[],[],"[""EF_0c0cd820f687c1bb""]",Preserved name-inferred target; known concrete sink witnesses retained. No runtime or authority proof is inferred from the name.,False,False,False
1038,app/services/transition_preflight_plan_service.py:verify_transition_decision_manifests_before_mutation,scripts/profile_sec_performance.py:ProfilingSession.scalar,POTENTIAL_DISTINCT_SEMANTICS,[],[],[],Preserved name-inferred target; known concrete sink witnesses retained. No runtime or authority proof is inferred from the name.,False,False,False
1039,app/services/transition_preflight_plan_service.py:verify_transition_preflight_for_enqueue,scripts/profile_sec_performance.py:ProfilingSession.scalar,POTENTIAL_DISTINCT_SEMANTICS,[],[],[],Preserved name-inferred target; known concrete sink witnesses retained. No runtime or authority proof is inferred from the name.,False,False,False
104,app/routers/run_routes.py:_redirect_to_fetch_progress,app/services/fundamental_ranker_v2.py:FundamentalsV2Config.items,POTENTIAL_DISTINCT_SEMANTICS,[],[],[],Preserved name-inferred target; known concrete sink witnesses retained. No runtime or authority proof is inferred from the name.,False,False,False
1040,app/services/upload_service.py:create_upload_run,scripts/certify_technical_artifact_cache.py:main.SinkDb.add_all,POTENTIAL_DISTINCT_SEMANTICS,[],[],"[""EF_ab4102ebb9197c4d""]",Preserved name-inferred target; known concrete sink witnesses retained. No runtime or authority proof is inferred from the name.,False,False,False
1041,app/services/winner_probability/api_service.py:WinnerProbabilityApiService._estimate_by_kind,scripts/profile_sec_performance.py:ProfilingSession.scalar,POTENTIAL_DISTINCT_SEMANTICS,[],[],[],Preserved name-inferred target; known concrete sink witnesses retained. No runtime or authority proof is inferred from the name.,False,False,False
1042,app/services/winner_probability/api_service.py:WinnerProbabilityApiService._evidence_members,scripts/qa/t13d_configuration_benchmark.py:RulePreload.scalars,POTENTIAL_DISTINCT_SEMANTICS,[],[],[],Preserved name-inferred target; known concrete sink witnesses retained. No runtime or authority proof is inferred from the name.,False,False,False
1043,app/services/winner_probability/api_service.py:WinnerProbabilityApiService._forward_outcomes,scripts/qa/t13d_configuration_benchmark.py:RulePreload.scalars,POTENTIAL_DISTINCT_SEMANTICS,[],[],[],Preserved name-inferred target; known concrete sink witnesses retained. No runtime or authority proof is inferred from the name.,False,False,False
1044,app/services/winner_probability/api_service.py:WinnerProbabilityApiService._resolve_outcome_definition,scripts/profile_sec_performance.py:ProfilingSession.scalar,POTENTIAL_DISTINCT_SEMANTICS,[],[],[],Preserved name-inferred target; known concrete sink witnesses retained. No runtime or authority proof is inferred from the name.,False,False,False
1045,app/services/winner_probability/api_service.py:WinnerProbabilityApiService._target_stop_outcomes,scripts/qa/t13d_configuration_benchmark.py:RulePreload.scalars,POTENTIAL_DISTINCT_SEMANTICS,[],[],[],Preserved name-inferred target; known concrete sink witnesses retained. No runtime or authority proof is inferred from the name.,False,False,False
1046,app/services/winner_probability/api_service.py:WinnerProbabilityApiService.get_model_calibration,scripts/qa/t13d_configuration_benchmark.py:RulePreload.scalars,POTENTIAL_DISTINCT_SEMANTICS,[],[],[],Preserved name-inferred target; known concrete sink witnesses retained. No runtime or authority proof is inferred from the name.,False,False,False
1047,app/services/winner_probability/api_service.py:WinnerProbabilityApiService.get_model_drift,scripts/qa/t13d_configuration_benchmark.py:RulePreload.scalars,POTENTIAL_DISTINCT_SEMANTICS,[],[],[],Preserved name-inferred target; known concrete sink witnesses retained. No runtime or authority proof is inferred from the name.,False,False,False
1048,app/services/winner_probability/api_service.py:WinnerProbabilityApiService.get_neighbors,scripts/qa/t13d_configuration_benchmark.py:RulePreload.scalars,POTENTIAL_DISTINCT_SEMANTICS,[],[],[],Preserved name-inferred target; known concrete sink witnesses retained. No runtime or authority proof is inferred from the name.,False,False,False
1049,app/services/winner_probability/api_service.py:WinnerProbabilityApiService.get_run_evidence,scripts/qa/t13d_configuration_benchmark.py:RulePreload.scalars,POTENTIAL_DISTINCT_SEMANTICS,[],[],[],Preserved name-inferred target; known concrete sink witnesses retained. No runtime or authority proof is inferred from the name.,False,False,False
105,app/routers/run_routes.py:_redirect_with_query,app/services/fundamental_ranker_v2.py:FundamentalsV2Config.items,POTENTIAL_DISTINCT_SEMANTICS,[],[],[],Preserved name-inferred target; known concrete sink witnesses retained. No runtime or authority proof is inferred from the name.,False,False,False
1050,app/services/winner_probability/api_service.py:WinnerProbabilityApiService.get_ticker_history,scripts/qa/t13d_configuration_benchmark.py:RulePreload.scalars,POTENTIAL_DISTINCT_SEMANTICS,[],[],[],Preserved name-inferred target; known concrete sink witnesses retained. No runtime or authority proof is inferred from the name.,False,False,False
1051,app/services/winner_probability/api_service.py:WinnerProbabilityApiService.list_models,scripts/qa/t13d_configuration_benchmark.py:RulePreload.scalars,POTENTIAL_DISTINCT_SEMANTICS,[],[],[],Preserved name-inferred target; known concrete sink witnesses retained. No runtime or authority proof is inferred from the name.,False,False,False
1052,app/services/winner_probability/api_service.py:_latest_calibration_at,scripts/qa/t13d_configuration_benchmark.py:RulePreload.scalars,POTENTIAL_DISTINCT_SEMANTICS,[],[],[],Preserved name-inferred target; known concrete sink witnesses retained. No runtime or authority proof is inferred from the name.,False,False,False
1053,app/services/winner_probability/backfill.py:_load_runs,scripts/qa/t13d_configuration_benchmark.py:RulePreload.scalars,POTENTIAL_DISTINCT_SEMANTICS,[],[],[],Preserved name-inferred target; known concrete sink witnesses retained. No runtime or authority proof is inferred from the name.,False,False,False
1054,app/services/winner_probability/calculation_identity.py:_validate_raw,app/services/calculation_identity.py:CalculationIdentityCompatibility.diagnostic,POTENTIAL_DISTINCT_SEMANTICS,[],[],[],Preserved name-inferred target; known concrete sink witnesses retained. No runtime or authority proof is inferred from the name.,False,False,False
1055,app/services/winner_probability/calculation_identity.py:acquire_winner_sources,app/services/contextual_effective_configuration.py:ContextualEffectiveConfiguration.regime_config,POTENTIAL_DISTINCT_SEMANTICS,[],[],[],Preserved name-inferred target; known concrete sink witnesses retained. No runtime or authority proof is inferred from the name.,False,False,False
1056,app/services/winner_probability/calculation_identity.py:build_winner_prediction_identity,app/services/core_effective_configuration.py:CoreEffectiveConfiguration.bind,POTENTIAL_DISTINCT_SEMANTICS,[],[],[],Preserved name-inferred target; known concrete sink witnesses retained. No runtime or authority proof is inferred from the name.,False,False,False
1057,app/services/winner_probability/calculation_identity.py:validate_winner_handoff,app/services/calculation_identity.py:CalculationIdentityCompatibility.diagnostic,POTENTIAL_DISTINCT_SEMANTICS,[],[],[],Preserved name-inferred target; known concrete sink witnesses retained. No runtime or authority proof is inferred from the name.,False,False,False
1058,app/services/winner_probability/capture_service.py:WinnerPredictionCaptureService.capture_run,app/services/decision_effective_configuration.py:DecisionEffectiveConfiguration.winner_config,POTENTIAL_DISTINCT_SEMANTICS,[],[],"[""EF_dfa047a276b66281""]",Preserved name-inferred target; known concrete sink witnesses retained. No runtime or authority proof is inferred from the name.,False,False,False
1059,app/services/winner_probability/capture_service.py:WinnerPredictionCaptureService.capture_run,app/services/fundamental_ranker_v2.py:FundamentalsV2Config.items,POTENTIAL_DISTINCT_SEMANTICS,[],[],"[""EF_dfa047a276b66281""]",Preserved name-inferred target; known concrete sink witnesses retained. No runtime or authority proof is inferred from the name.,False,False,False
106,app/routers/run_routes.py:_require_run,scripts/profile_sec_performance.py:ProfilingSession.scalar,POTENTIAL_DISTINCT_SEMANTICS,[],[],[],Preserved name-inferred target; known concrete sink witnesses retained. No runtime or authority proof is inferred from the name.,False,False,False
1060,app/services/winner_probability/capture_service.py:WinnerPredictionCaptureService.capture_run,app/services/winner_probability/consumer_eligibility.py:WinnerSourceEligibilityError.metadata,POTENTIAL_DISTINCT_SEMANTICS,[],[],"[""EF_dfa047a276b66281""]",Preserved name-inferred target; known concrete sink witnesses retained. No runtime or authority proof is inferred from the name.,False,False,False
1061,app/services/winner_probability/capture_service.py:_MutableCaptureCounts.add,app/services/fundamental_ranker_v2.py:FundamentalsV2Config.items,POTENTIAL_DISTINCT_SEMANTICS,[],[],[],Preserved name-inferred target; known concrete sink witnesses retained. No runtime or authority proof is inferred from the name.,False,False,False
1062,app/services/winner_probability/capture_service.py:_MutableCaptureCounts.to_result,app/services/fundamental_ranker_v2.py:FundamentalsV2Config.items,POTENTIAL_DISTINCT_SEMANTICS,[],[],[],Preserved name-inferred target; known concrete sink witnesses retained. No runtime or authority proof is inferred from the name.,False,False,False
1063,app/services/winner_probability/cohort_definition.py:CohortDefinitionService.ensure_definition,scripts/profile_sec_performance.py:ProfilingSession.scalar,POTENTIAL_DISTINCT_SEMANTICS,[],[],"[""EF_446e95876ddd58c5""]",Preserved name-inferred target; known concrete sink witnesses retained. No runtime or authority proof is inferred from the name.,False,False,False
1064,app/services/winner_probability/cohort_definition.py:_cohort_key,app/services/canonical_evidence.py:CanonicalEvidenceSerializer.dumps,POTENTIAL_DISTINCT_SEMANTICS,[],[],[],Preserved name-inferred target; known concrete sink witnesses retained. No runtime or authority proof is inferred from the name.,False,False,False
1065,app/services/winner_probability/cohort_generation_service.py:CohortGenerationService._assert_temporally_clean,app/services/winner_probability/cohort_generation_service.py:CohortGenerationService.audit_temporal_integrity,POTENTIAL_DISTINCT_SEMANTICS,[],[],[],Preserved name-inferred target; known concrete sink witnesses retained. No runtime or authority proof is inferred from the name.,False,False,False
1066,app/services/winner_probability/cohort_generation_service.py:CohortGenerationService._locked_published_for_state,scripts/profile_sec_performance.py:ProfilingSession.scalar,POTENTIAL_DISTINCT_SEMANTICS,[],[],[],Preserved name-inferred target; known concrete sink witnesses retained. No runtime or authority proof is inferred from the name.,False,False,False
1067,app/services/winner_probability/cohort_generation_service.py:CohortGenerationService.audit_temporal_integrity,scripts/qa/t13d_configuration_benchmark.py:RulePreload.scalars,POTENTIAL_DISTINCT_SEMANTICS,[],[],[],Preserved name-inferred target; known concrete sink witnesses retained. No runtime or authority proof is inferred from the name.,False,False,False
1068,app/services/winner_probability/cohort_generation_service.py:CohortGenerationService.capture_or_resume,scripts/profile_sec_performance.py:ProfilingSession.scalar,POTENTIAL_DISTINCT_SEMANTICS,[],[],"[""EF_0a056737ae51257a""]",Preserved name-inferred target; known concrete sink witnesses retained. No runtime or authority proof is inferred from the name.,False,False,False
1069,app/services/winner_probability/cohort_generation_service.py:CohortGenerationService.get_published_cohort_generation,scripts/profile_sec_performance.py:ProfilingSession.scalar,POTENTIAL_DISTINCT_SEMANTICS,[],[],[],Preserved name-inferred target; known concrete sink witnesses retained. No runtime or authority proof is inferred from the name.,False,False,False
107,app/routers/run_routes.py:_setup_lifecycle_context,scripts/profile_sec_performance.py:ProfilingSession.scalar,POTENTIAL_DISTINCT_SEMANTICS,[],[],[],Preserved name-inferred target; known concrete sink witnesses retained. No runtime or authority proof is inferred from the name.,False,False,False
1070,app/services/winner_probability/cohort_generation_service.py:CohortGenerationService.publish,scripts/profile_sec_performance.py:ProfilingSession.scalar,POTENTIAL_DISTINCT_SEMANTICS,[],[],"[""EF_e127938927133466""]",Preserved name-inferred target; known concrete sink witnesses retained. No runtime or authority proof is inferred from the name.,False,False,False
1071,app/services/winner_probability/cohort_generation_service.py:CohortGenerationService.publish_reviewed_supersession,scripts/qa/t13d_configuration_benchmark.py:RulePreload.scalars,POTENTIAL_DISTINCT_SEMANTICS,[],[],"[""EF_9de871e1a7416925""]",Preserved name-inferred target; known concrete sink witnesses retained. No runtime or authority proof is inferred from the name.,False,False,False
1072,app/services/winner_probability/cohort_generation_service.py:EvidenceWatermarkService._locked_state,scripts/profile_sec_performance.py:ProfilingSession.scalar,POTENTIAL_DISTINCT_SEMANTICS,[],[],[],Preserved name-inferred target; known concrete sink witnesses retained. No runtime or authority proof is inferred from the name.,False,False,False
1073,app/services/winner_probability/cohort_generation_service.py:_canonical_hash,app/services/canonical_evidence.py:CanonicalEvidenceSerializer.dumps,POTENTIAL_DISTINCT_SEMANTICS,[],[],[],Preserved name-inferred target; known concrete sink witnesses retained. No runtime or authority proof is inferred from the name.,False,False,False
1074,app/services/winner_probability/cohort_generation_service.py:_contract_statement,app/services/fundamental_ranker_v2.py:FundamentalsV2Config.items,POTENTIAL_DISTINCT_SEMANTICS,[],[],[],Preserved name-inferred target; known concrete sink witnesses retained. No runtime or authority proof is inferred from the name.,False,False,False
1075,app/services/winner_probability/cohort_materialization_service.py:CohortMaterializationService._groups,app/services/fundamental_ranker_v2.py:FundamentalsV2Config.items,POTENTIAL_DISTINCT_SEMANTICS,[],[],[],Preserved name-inferred target; known concrete sink witnesses retained. No runtime or authority proof is inferred from the name.,False,False,False
1076,app/services/winner_probability/cohort_materialization_service.py:CohortMaterializationService._validate_complete,scripts/profile_sec_performance.py:ProfilingSession.scalar,POTENTIAL_DISTINCT_SEMANTICS,[],[],[],Preserved name-inferred target; known concrete sink witnesses retained. No runtime or authority proof is inferred from the name.,False,False,False
1077,app/services/winner_probability/cohort_materialization_service.py:CohortMaterializationService.materialize_slice,scripts/profile_sec_performance.py:ProfilingSession.scalar,POTENTIAL_DISTINCT_SEMANTICS,[],[],"[""EF_188a52d7dc0ff552""]",Preserved name-inferred target; known concrete sink witnesses retained. No runtime or authority proof is inferred from the name.,False,False,False
1078,app/services/winner_probability/config.py:_normalized_config_payload,app/services/canonical_evidence.py:CanonicalEvidenceSerializer.dumps,POTENTIAL_DISTINCT_SEMANTICS,[],[],[],Preserved name-inferred target; known concrete sink witnesses retained. No runtime or authority proof is inferred from the name.,False,False,False
1079,app/services/winner_probability/config.py:_parse_drift,app/services/fundamental_ranker_v2.py:FundamentalsV2Config.items,POTENTIAL_DISTINCT_SEMANTICS,[],[],[],Preserved name-inferred target; known concrete sink witnesses retained. No runtime or authority proof is inferred from the name.,False,False,False
108,app/routers/run_routes.py:_winner_probability_context,scripts/profile_sec_performance.py:ProfilingSession.scalar,POTENTIAL_DISTINCT_SEMANTICS,[],[],[],Preserved name-inferred target; known concrete sink witnesses retained. No runtime or authority proof is inferred from the name.,False,False,False
1080,app/services/winner_probability/config.py:_parse_estimate_views,app/services/fundamental_ranker_v2.py:FundamentalsV2Config.items,POTENTIAL_DISTINCT_SEMANTICS,[],[],[],Preserved name-inferred target; known concrete sink witnesses retained. No runtime or authority proof is inferred from the name.,False,False,False
1081,app/services/winner_probability/config.py:load_winner_probability_config,app/services/canonical_evidence.py:CanonicalEvidenceSerializer.dumps,POTENTIAL_DISTINCT_SEMANTICS,[],[],[],Preserved name-inferred target; known concrete sink witnesses retained. No runtime or authority proof is inferred from the name.,False,False,False
1082,app/services/winner_probability/consumer_eligibility.py:WinnerSourceEligibilityError.__init__,app/services/fundamental_ranker_v2.py:FundamentalsV2Config.items,POTENTIAL_DISTINCT_SEMANTICS,[],[],[],Preserved name-inferred target; known concrete sink witnesses retained. No runtime or authority proof is inferred from the name.,False,False,False
1083,app/services/winner_probability/decision_time_estimate_service.py:DecisionTimeEstimateService.capture_run_evidence_metrics,app/services/winner_probability/evidence_service.py:EvidenceService.run_candidate_metrics,POTENTIAL_DISTINCT_SEMANTICS,[],[],[],Preserved name-inferred target; known concrete sink witnesses retained. No runtime or authority proof is inferred from the name.,False,False,False
1084,app/services/winner_probability/decision_time_estimate_service.py:DecisionTimeEstimateService.clear_capture_run,app/services/winner_probability/evidence_service.py:EvidenceService.clear_run_candidate_universe,POTENTIAL_DISTINCT_SEMANTICS,[],[],[],Preserved name-inferred target; known concrete sink witnesses retained. No runtime or authority proof is inferred from the name.,False,False,False
1085,app/services/winner_probability/decision_time_estimate_service.py:DecisionTimeEstimateService.prepare_capture_run,app/services/winner_probability/evidence_service.py:EvidenceService.prepare_run_candidate_universe,POTENTIAL_DISTINCT_SEMANTICS,[],[],[],Preserved name-inferred target; known concrete sink witnesses retained. No runtime or authority proof is inferred from the name.,False,False,False
1086,app/services/winner_probability/drift_service.py:DriftService.calculate,app/services/fundamental_ranker_v2.py:FundamentalsV2Config.items,POTENTIAL_DISTINCT_SEMANTICS,[],[],[],Preserved name-inferred target; known concrete sink witnesses retained. No runtime or authority proof is inferred from the name.,False,False,False
1087,app/services/winner_probability/dtos.py:WinnerProbabilityFilters.as_query_params,app/services/fundamental_ranker_v2.py:FundamentalsV2Config.items,POTENTIAL_DISTINCT_SEMANTICS,[],[],[],Preserved name-inferred target; known concrete sink witnesses retained. No runtime or authority proof is inferred from the name.,False,False,False
1088,app/services/winner_probability/estimate_publication_service.py:WinnerEstimatePublicationService._locked_estimates,scripts/qa/t13d_configuration_benchmark.py:RulePreload.scalars,POTENTIAL_DISTINCT_SEMANTICS,[],[],[],Preserved name-inferred target; known concrete sink witnesses retained. No runtime or authority proof is inferred from the name.,False,False,False
1089,app/services/winner_probability/estimate_publication_service.py:WinnerEstimatePublicationService._validate_global_preconditions,scripts/profile_sec_performance.py:ProfilingSession.scalar,POTENTIAL_DISTINCT_SEMANTICS,[],[],[],Preserved name-inferred target; known concrete sink witnesses retained. No runtime or authority proof is inferred from the name.,False,False,False
109,app/routers/run_routes.py:_winner_probability_context,scripts/qa/t13d_configuration_benchmark.py:RulePreload.scalars,POTENTIAL_DISTINCT_SEMANTICS,[],[],[],Preserved name-inferred target; known concrete sink witnesses retained. No runtime or authority proof is inferred from the name.,False,False,False
1090,app/services/winner_probability/estimate_publication_service.py:WinnerEstimatePublicationService._validate_global_preconditions,scripts/qa/t13d_configuration_benchmark.py:RulePreload.scalars,POTENTIAL_DISTINCT_SEMANTICS,[],[],[],Preserved name-inferred target; known concrete sink witnesses retained. No runtime or authority proof is inferred from the name.,False,False,False
1091,app/services/winner_probability/estimate_publication_service.py:WinnerEstimatePublicationService.publish,scripts/profile_sec_performance.py:ProfilingSession.scalar,POTENTIAL_DISTINCT_SEMANTICS,[],[],"[""EF_2bf8cff4ba3b4f20""]",Preserved name-inferred target; known concrete sink witnesses retained. No runtime or authority proof is inferred from the name.,False,False,False
1092,app/services/winner_probability/estimate_publication_service.py:WinnerEstimatePublicationService.publish,scripts/qa/t13d_configuration_benchmark.py:RulePreload.scalars,POTENTIAL_DISTINCT_SEMANTICS,[],[],"[""EF_2bf8cff4ba3b4f20""]",Preserved name-inferred target; known concrete sink witnesses retained. No runtime or authority proof is inferred from the name.,False,False,False
1093,app/services/winner_probability/estimate_publication_service.py:serving_id_snapshot,scripts/qa/t13d_configuration_benchmark.py:RulePreload.scalars,POTENTIAL_DISTINCT_SEMANTICS,[],[],[],Preserved name-inferred target; known concrete sink witnesses retained. No runtime or authority proof is inferred from the name.,False,False,False
1094,app/services/winner_probability/estimate_publication_service.py:transition_manifest_hash,app/services/fundamental_ranker_v2.py:FundamentalsV2Config.items,POTENTIAL_DISTINCT_SEMANTICS,[],[],[],Preserved name-inferred target; known concrete sink witnesses retained. No runtime or authority proof is inferred from the name.,False,False,False
1095,app/services/winner_probability/evidence_manifest_service.py:EvidenceManifestService.create_or_get_manifest,scripts/profile_sec_performance.py:ProfilingSession.scalar,POTENTIAL_DISTINCT_SEMANTICS,[],[],"[""EF_abd56d56b5b99888""]",Preserved name-inferred target; known concrete sink witnesses retained. No runtime or authority proof is inferred from the name.,False,False,False
1096,app/services/winner_probability/evidence_manifest_service.py:EvidenceManifestService.persist_manifest_members,scripts/qa/t13d_configuration_benchmark.py:EmptyRuleRows.all,POTENTIAL_DISTINCT_SEMANTICS,[],[],"[""EF_bf185d27ba6a5998""]",Preserved name-inferred target; known concrete sink witnesses retained. No runtime or authority proof is inferred from the name.,False,False,False
1097,app/services/winner_probability/evidence_manifest_service.py:_hash_payload,app/services/canonical_evidence.py:CanonicalEvidenceSerializer.dumps,POTENTIAL_DISTINCT_SEMANTICS,[],[],[],Preserved name-inferred target; known concrete sink witnesses retained. No runtime or authority proof is inferred from the name.,False,False,False
1098,app/services/winner_probability/evidence_service.py:EvidenceService._load_compatibility_replays,app/services/winner_probability/evidence_service.py:EvidenceService._load_compatibility_replay_candidates,POTENTIAL_DISTINCT_SEMANTICS,[],[],[],Preserved name-inferred target; known concrete sink witnesses retained. No runtime or authority proof is inferred from the name.,False,False,False
1099,app/services/winner_probability/evidence_service.py:EvidenceService.diagnostic_funnel,scripts/profile_sec_performance.py:ProfilingSession.scalar,POTENTIAL_DISTINCT_SEMANTICS,[],[],[],Preserved name-inferred target; known concrete sink witnesses retained. No runtime or authority proof is inferred from the name.,False,False,False
11,app/observability/db_monitor.py:JsonlTelemetryWriter._apply_retention,app/services/ceri/effective_session_service.py:CeriEffectiveSessionService.resolve,POTENTIAL_DISTINCT_SEMANTICS,[],[],[],Preserved name-inferred target; known concrete sink witnesses retained. No runtime or authority proof is inferred from the name.,False,False,False
110,app/routers/run_routes.py:refresh_combined_results_action,scripts/profile_sec_performance.py:ProfilingSession.scalar,POTENTIAL_DISTINCT_SEMANTICS,[],[],"[""EF_d60e758674b93dd7""]",Preserved name-inferred target; known concrete sink witnesses retained. No runtime or authority proof is inferred from the name.,False,False,False
1100,app/services/winner_probability/evidence_service.py:EvidenceService.prepare_run_candidate_universe,app/services/fundamental_ranker_v2.py:FundamentalsV2Config.items,POTENTIAL_DISTINCT_SEMANTICS,[],[],[],Preserved name-inferred target; known concrete sink witnesses retained. No runtime or authority proof is inferred from the name.,False,False,False
1101,app/services/winner_probability/evidence_service.py:EvidenceService.run_candidate_metrics,app/services/winner_probability/evidence_service.py:RunEvidenceCandidateUniverse.metrics,POTENTIAL_DISTINCT_SEMANTICS,[],[],[],Preserved name-inferred target; known concrete sink witnesses retained. No runtime or authority proof is inferred from the name.,False,False,False
1102,app/services/winner_probability/evidence_service.py:_load_replay_lineage_rows,scripts/qa/t13d_configuration_benchmark.py:RulePreload.scalars,POTENTIAL_DISTINCT_SEMANTICS,[],[],[],Preserved name-inferred target; known concrete sink witnesses retained. No runtime or authority proof is inferred from the name.,False,False,False
1103,app/services/winner_probability/evidence_service.py:_matches,app/services/fundamental_ranker_v2.py:FundamentalsV2Config.items,POTENTIAL_DISTINCT_SEMANTICS,[],[],[],Preserved name-inferred target; known concrete sink witnesses retained. No runtime or authority proof is inferred from the name.,False,False,False
1104,app/services/winner_probability/exports.py:export_outcome_explorer_csv,app/services/canonical_evidence.py:CanonicalEvidenceSerializer.dumps,POTENTIAL_DISTINCT_SEMANTICS,[],[],[],Preserved name-inferred target; known concrete sink witnesses retained. No runtime or authority proof is inferred from the name.,False,False,False
1105,app/services/winner_probability/exports.py:export_reproduction_manifest_json,app/services/canonical_evidence.py:CanonicalEvidenceSerializer.dumps,POTENTIAL_DISTINCT_SEMANTICS,[],[],[],Preserved name-inferred target; known concrete sink witnesses retained. No runtime or authority proof is inferred from the name.,False,False,False
1106,app/services/winner_probability/exports.py:export_run_evidence_json,app/services/canonical_evidence.py:CanonicalEvidenceSerializer.dumps,POTENTIAL_DISTINCT_SEMANTICS,[],[],[],Preserved name-inferred target; known concrete sink witnesses retained. No runtime or authority proof is inferred from the name.,False,False,False
1107,app/services/winner_probability/feature_extractor.py:WinnerFeatureExtractor.extract,app/services/decision_effective_configuration.py:DecisionEffectiveConfiguration.winner_config,POTENTIAL_DISTINCT_SEMANTICS,[],[],[],Preserved name-inferred target; known concrete sink witnesses retained. No runtime or authority proof is inferred from the name.,False,False,False
1108,app/services/winner_probability/feature_extractor.py:_canonical_feature_json,app/services/fundamental_ranker_v2.py:FundamentalsV2Config.items,POTENTIAL_DISTINCT_SEMANTICS,[],[],[],Preserved name-inferred target; known concrete sink witnesses retained. No runtime or authority proof is inferred from the name.,False,False,False
1109,app/services/winner_probability/feature_extractor.py:_feature_semantic_hash,app/services/fundamental_ranker_v2.py:FundamentalsV2Config.items,POTENTIAL_DISTINCT_SEMANTICS,[],[],[],Preserved name-inferred target; known concrete sink witnesses retained. No runtime or authority proof is inferred from the name.,False,False,False
111,app/routers/run_routes.py:test_run_ib_connection_action,scripts/profile_sec_performance.py:ProfilingSession.scalar,POTENTIAL_DISTINCT_SEMANTICS,[],[],[],Preserved name-inferred target; known concrete sink witnesses retained. No runtime or authority proof is inferred from the name.,False,False,False
1110,app/services/winner_probability/feature_extractor.py:_stable_hash,app/services/canonical_evidence.py:CanonicalEvidenceSerializer.dumps,POTENTIAL_DISTINCT_SEMANTICS,[],[],[],Preserved name-inferred target; known concrete sink witnesses retained. No runtime or authority proof is inferred from the name.,False,False,False
1111,app/services/winner_probability/job_handlers.py:_decision_contexts,app/services/fundamental_ranker_v2.py:FundamentalsV2Config.items,POTENTIAL_DISTINCT_SEMANTICS,[],[],[],Preserved name-inferred target; known concrete sink witnesses retained. No runtime or authority proof is inferred from the name.,False,False,False
1112,app/services/winner_probability/job_handlers.py:_eligible_predictions,scripts/qa/t13d_configuration_benchmark.py:RulePreload.scalars,POTENTIAL_DISTINCT_SEMANTICS,[],[],[],Preserved name-inferred target; known concrete sink witnesses retained. No runtime or authority proof is inferred from the name.,False,False,False
1113,app/services/winner_probability/job_handlers.py:_freeze_latest_rescore_targets,scripts/qa/t13d_configuration_benchmark.py:RulePreload.scalars,POTENTIAL_DISTINCT_SEMANTICS,[],[],[],Preserved name-inferred target; known concrete sink witnesses retained. No runtime or authority proof is inferred from the name.,False,False,False
1114,app/services/winner_probability/job_handlers.py:_latest_source_cutoff_at,scripts/profile_sec_performance.py:ProfilingSession.scalar,POTENTIAL_DISTINCT_SEMANTICS,[],[],[],Preserved name-inferred target; known concrete sink witnesses retained. No runtime or authority proof is inferred from the name.,False,False,False
1115,app/services/winner_probability/job_handlers.py:_start_processing_run,scripts/profile_sec_performance.py:ProfilingSession.scalar,POTENTIAL_DISTINCT_SEMANTICS,[],[],[],Preserved name-inferred target; known concrete sink witnesses retained. No runtime or authority proof is inferred from the name.,False,False,False
1116,app/services/winner_probability/job_handlers.py:_start_processing_run,scripts/qa/t13d_configuration_benchmark.py:RulePreload.scalars,POTENTIAL_DISTINCT_SEMANTICS,[],[],[],Preserved name-inferred target; known concrete sink witnesses retained. No runtime or authority proof is inferred from the name.,False,False,False
1117,app/services/winner_probability/job_handlers.py:execute_latest_rescore_job,scripts/qa/t13d_configuration_benchmark.py:RulePreload.scalars,POTENTIAL_DISTINCT_SEMANTICS,[],[],"[""EF_91d23aeb828f0378""]",Preserved name-inferred target; known concrete sink witnesses retained. No runtime or authority proof is inferred from the name.,False,False,False
1118,app/services/winner_probability/market_data_obligation_service.py:MarketDataObligationService.ensure_for_outcomes,scripts/qa/t13d_configuration_benchmark.py:RulePreload.scalars,POTENTIAL_DISTINCT_SEMANTICS,[],[],"[""EF_17fbd8ea8e28f686""]",Preserved name-inferred target; known concrete sink witnesses retained. No runtime or authority proof is inferred from the name.,False,False,False
1119,app/services/winner_probability/market_data_obligation_service.py:MarketDataObligationService.evaluate,scripts/qa/t13d_configuration_benchmark.py:RulePreload.scalars,POTENTIAL_DISTINCT_SEMANTICS,[],[],"[""EF_0a5cee795e4d11d5""]",Preserved name-inferred target; known concrete sink witnesses retained. No runtime or authority proof is inferred from the name.,False,False,False
112,app/routers/run_routes.py:view_ranking_profile_results,app/services/core_effective_configuration.py:CoreEffectiveConfiguration.ranking_profile,POTENTIAL_DISTINCT_SEMANTICS,[],[],[],Preserved name-inferred target; known concrete sink witnesses retained. No runtime or authority proof is inferred from the name.,False,False,False
1120,app/services/winner_probability/market_data_obligation_service.py:MarketDataObligationService.record_fetch_results,scripts/qa/t13d_configuration_benchmark.py:RulePreload.scalars,POTENTIAL_DISTINCT_SEMANTICS,[],[],"[""EF_a89fe25d89061bca""]",Preserved name-inferred target; known concrete sink witnesses retained. No runtime or authority proof is inferred from the name.,False,False,False
1121,app/services/winner_probability/market_data_obligation_service.py:MarketDataObligationService.recovery_needs,scripts/qa/t13d_configuration_benchmark.py:RulePreload.scalars,POTENTIAL_DISTINCT_SEMANTICS,[],[],[],Preserved name-inferred target; known concrete sink witnesses retained. No runtime or authority proof is inferred from the name.,False,False,False
1122,app/services/winner_probability/market_data_obligation_service.py:build_recovery_request_plan,app/services/fundamental_ranker_v2.py:FundamentalsV2Config.items,POTENTIAL_DISTINCT_SEMANTICS,[],[],[],Preserved name-inferred target; known concrete sink witnesses retained. No runtime or authority proof is inferred from the name.,False,False,False
1123,app/services/winner_probability/market_data_obligation_service.py:global_daily_bar_lag,scripts/profile_sec_performance.py:ProfilingSession.scalar,POTENTIAL_DISTINCT_SEMANTICS,[],[],[],Preserved name-inferred target; known concrete sink witnesses retained. No runtime or authority proof is inferred from the name.,False,False,False
1124,app/services/winner_probability/market_data_obligation_service.py:price_series_watermark,app/services/canonical_evidence.py:CanonicalEvidenceSerializer.dumps,POTENTIAL_DISTINCT_SEMANTICS,[],[],[],Preserved name-inferred target; known concrete sink witnesses retained. No runtime or authority proof is inferred from the name.,False,False,False
1125,app/services/winner_probability/maturation_canary_service.py:_build_outcome_record,app/services/fundamental_ranker_v2.py:FundamentalsV2Config.items,POTENTIAL_DISTINCT_SEMANTICS,[],[],[],Preserved name-inferred target; known concrete sink witnesses retained. No runtime or authority proof is inferred from the name.,False,False,False
1126,app/services/winner_probability/maturation_canary_service.py:_build_outcome_record,scripts/qa/t13d_configuration_benchmark.py:RulePreload.scalars,POTENTIAL_DISTINCT_SEMANTICS,[],[],[],Preserved name-inferred target; known concrete sink witnesses retained. No runtime or authority proof is inferred from the name.,False,False,False
1127,app/services/winner_probability/maturation_canary_service.py:_independent_lineage,app/services/canonical_evidence.py:CanonicalEvidenceSerializer.dumps,POTENTIAL_DISTINCT_SEMANTICS,[],[],[],Preserved name-inferred target; known concrete sink witnesses retained. No runtime or authority proof is inferred from the name.,False,False,False
1128,app/services/winner_probability/maturation_canary_service.py:_load_bars,scripts/qa/t13d_configuration_benchmark.py:RulePreload.scalars,POTENTIAL_DISTINCT_SEMANTICS,[],[],[],Preserved name-inferred target; known concrete sink witnesses retained. No runtime or authority proof is inferred from the name.,False,False,False
1129,app/services/winner_probability/maturation_canary_service.py:_series_versions,scripts/qa/t13d_configuration_benchmark.py:RulePreload.scalars,POTENTIAL_DISTINCT_SEMANTICS,[],[],[],Preserved name-inferred target; known concrete sink witnesses retained. No runtime or authority proof is inferred from the name.,False,False,False
113,app/routers/sector_rotation_routes.py:_require_run,scripts/profile_sec_performance.py:ProfilingSession.scalar,POTENTIAL_DISTINCT_SEMANTICS,[],[],[],Preserved name-inferred target; known concrete sink witnesses retained. No runtime or authority proof is inferred from the name.,False,False,False
1130,app/services/winner_probability/maturation_canary_service.py:_target_stop_states_for_prediction,scripts/qa/t13d_configuration_benchmark.py:RulePreload.scalars,POTENTIAL_DISTINCT_SEMANTICS,[],[],[],Preserved name-inferred target; known concrete sink witnesses retained. No runtime or authority proof is inferred from the name.,False,False,False
1131,app/services/winner_probability/maturation_canary_service.py:_verify_actual_result,app/services/canonical_evidence.py:CanonicalEvidenceSerializer.dumps,POTENTIAL_DISTINCT_SEMANTICS,[],[],[],Preserved name-inferred target; known concrete sink witnesses retained. No runtime or authority proof is inferred from the name.,False,False,False
1132,app/services/winner_probability/maturation_canary_service.py:build_maturation_canary_manifest,scripts/qa/t13d_configuration_benchmark.py:RulePreload.scalars,POTENTIAL_DISTINCT_SEMANTICS,[],[],[],Preserved name-inferred target; known concrete sink witnesses retained. No runtime or authority proof is inferred from the name.,False,False,False
1133,app/services/winner_probability/maturation_canary_service.py:execute_reviewed_maturation_canary,scripts/profile_sec_performance.py:ProfilingSession.scalar,POTENTIAL_DISTINCT_SEMANTICS,[],[],"[""EF_9ae86c108357a235""]",Preserved name-inferred target; known concrete sink witnesses retained. No runtime or authority proof is inferred from the name.,False,False,False
1134,app/services/winner_probability/model_artifact_service.py:artifact_hash,app/services/canonical_evidence.py:CanonicalEvidenceSerializer.dumps,POTENTIAL_DISTINCT_SEMANTICS,[],[],[],Preserved name-inferred target; known concrete sink witnesses retained. No runtime or authority proof is inferred from the name.,False,False,False
1135,app/services/winner_probability/model_registry.py:ModelRegistry._active_count,scripts/profile_sec_performance.py:ProfilingSession.scalar,POTENTIAL_DISTINCT_SEMANTICS,[],[],[],Preserved name-inferred target; known concrete sink witnesses retained. No runtime or authority proof is inferred from the name.,False,False,False
1136,app/services/winner_probability/model_registry.py:ModelRegistry._calibration_bins,scripts/qa/t13d_configuration_benchmark.py:RulePreload.scalars,POTENTIAL_DISTINCT_SEMANTICS,[],[],[],Preserved name-inferred target; known concrete sink witnesses retained. No runtime or authority proof is inferred from the name.,False,False,False
1137,app/services/winner_probability/model_registry.py:ModelRegistry._has_critical_drift,scripts/profile_sec_performance.py:ProfilingSession.scalar,POTENTIAL_DISTINCT_SEMANTICS,[],[],[],Preserved name-inferred target; known concrete sink witnesses retained. No runtime or authority proof is inferred from the name.,False,False,False
1138,app/services/winner_probability/model_registry.py:ModelRegistry._is_active,scripts/profile_sec_performance.py:ProfilingSession.scalar,POTENTIAL_DISTINCT_SEMANTICS,[],[],[],Preserved name-inferred target; known concrete sink witnesses retained. No runtime or authority proof is inferred from the name.,False,False,False
1139,app/services/winner_probability/model_registry.py:ModelRegistry._retire_active_replaced_models,scripts/qa/t13d_configuration_benchmark.py:RulePreload.scalars,POTENTIAL_DISTINCT_SEMANTICS,[],[],[],Preserved name-inferred target; known concrete sink witnesses retained. No runtime or authority proof is inferred from the name.,False,False,False
114,app/routers/sector_rotation_routes.py:_sector_ticker_drilldown_rows,scripts/qa/t13d_configuration_benchmark.py:RulePreload.scalars,POTENTIAL_DISTINCT_SEMANTICS,[],[],[],Preserved name-inferred target; known concrete sink witnesses retained. No runtime or authority proof is inferred from the name.,False,False,False
1140,app/services/winner_probability/model_registry.py:ModelRegistry._sufficient_drift_metrics,scripts/qa/t13d_configuration_benchmark.py:RulePreload.scalars,POTENTIAL_DISTINCT_SEMANTICS,[],[],[],Preserved name-inferred target; known concrete sink witnesses retained. No runtime or authority proof is inferred from the name.,False,False,False
1141,app/services/winner_probability/model_registry.py:_stable_hash,app/services/canonical_evidence.py:CanonicalEvidenceSerializer.dumps,POTENTIAL_DISTINCT_SEMANTICS,[],[],[],Preserved name-inferred target; known concrete sink witnesses retained. No runtime or authority proof is inferred from the name.,False,False,False
1142,app/services/winner_probability/model_training.py:_episode_groups,app/services/fundamental_ranker_v2.py:FundamentalsV2Config.items,POTENTIAL_DISTINCT_SEMANTICS,[],[],[],Preserved name-inferred target; known concrete sink witnesses retained. No runtime or authority proof is inferred from the name.,False,False,False
1143,app/services/winner_probability/model_training.py:_fit_preprocessor,app/services/fundamental_ranker_v2.py:FundamentalsV2Config.items,POTENTIAL_DISTINCT_SEMANTICS,[],[],[],Preserved name-inferred target; known concrete sink witnesses retained. No runtime or authority proof is inferred from the name.,False,False,False
1144,app/services/winner_probability/model_training.py:_transform_examples,app/services/fundamental_ranker_v2.py:FundamentalsV2Config.items,POTENTIAL_DISTINCT_SEMANTICS,[],[],[],Preserved name-inferred target; known concrete sink witnesses retained. No runtime or authority proof is inferred from the name.,False,False,False
1145,app/services/winner_probability/operations_service.py:WinnerProbabilityOperationsService.status,scripts/profile_sec_performance.py:ProfilingSession.scalar,POTENTIAL_DISTINCT_SEMANTICS,[],[],[],Preserved name-inferred target; known concrete sink witnesses retained. No runtime or authority proof is inferred from the name.,False,False,False
1146,app/services/winner_probability/operations_service.py:WinnerProbabilityOperationsService.status,scripts/qa/t13d_configuration_benchmark.py:RulePreload.scalars,POTENTIAL_DISTINCT_SEMANTICS,[],[],[],Preserved name-inferred target; known concrete sink witnesses retained. No runtime or authority proof is inferred from the name.,False,False,False
1147,app/services/winner_probability/operations_service.py:_count,scripts/profile_sec_performance.py:ProfilingSession.scalar,POTENTIAL_DISTINCT_SEMANTICS,[],[],[],Preserved name-inferred target; known concrete sink witnesses retained. No runtime or authority proof is inferred from the name.,False,False,False
1148,app/services/winner_probability/outcome_explorer_service.py:OutcomeExplorerService.explorer_table,app/services/fundamental_ranker_v2.py:FundamentalsV2Config.items,POTENTIAL_DISTINCT_SEMANTICS,[],[],[],Preserved name-inferred target; known concrete sink witnesses retained. No runtime or authority proof is inferred from the name.,False,False,False
1149,app/services/winner_probability/outcome_explorer_service.py:OutcomeExplorerService.explorer_table,scripts/qa/t13d_configuration_benchmark.py:RulePreload.scalars,POTENTIAL_DISTINCT_SEMANTICS,[],[],[],Preserved name-inferred target; known concrete sink witnesses retained. No runtime or authority proof is inferred from the name.,False,False,False
115,app/routers/sector_rotation_routes.py:_warning_rows,app/services/fundamental_ranker_v2.py:FundamentalsV2Config.items,POTENTIAL_DISTINCT_SEMANTICS,[],[],[],Preserved name-inferred target; known concrete sink witnesses retained. No runtime or authority proof is inferred from the name.,False,False,False
1150,app/services/winner_probability/outcome_explorer_service.py:_counts,app/services/fundamental_ranker_v2.py:FundamentalsV2Config.items,POTENTIAL_DISTINCT_SEMANTICS,[],[],[],Preserved name-inferred target; known concrete sink witnesses retained. No runtime or authority proof is inferred from the name.,False,False,False
1151,app/services/winner_probability/outcome_orchestration_service.py:H5NextOpenOrchestrationService.drain_due,app/services/fundamental_ranker_v2.py:FundamentalsV2Config.items,POTENTIAL_DISTINCT_SEMANTICS,[],[],"[""EF_e53568287697baf9""]",Preserved name-inferred target; known concrete sink witnesses retained. No runtime or authority proof is inferred from the name.,False,False,False
1152,app/services/winner_probability/outcome_revision_service.py:_assign,app/services/fundamental_ranker_v2.py:FundamentalsV2Config.items,POTENTIAL_DISTINCT_SEMANTICS,[],[],[],Preserved name-inferred target; known concrete sink witnesses retained. No runtime or authority proof is inferred from the name.,False,False,False
1153,app/services/winner_probability/outcome_service.py:OutcomeMaturationResult.as_dict,app/services/fundamental_ranker_v2.py:FundamentalsV2Config.items,POTENTIAL_DISTINCT_SEMANTICS,[],[],[],Preserved name-inferred target; known concrete sink witnesses retained. No runtime or authority proof is inferred from the name.,False,False,False
1154,app/services/winner_probability/outcome_service.py:WinnerOutcomeRepository.get_current_matured_forward_outcomes,scripts/qa/t13d_configuration_benchmark.py:RulePreload.scalars,POTENTIAL_DISTINCT_SEMANTICS,[],[],[],Preserved name-inferred target; known concrete sink witnesses retained. No runtime or authority proof is inferred from the name.,False,False,False
1155,app/services/winner_probability/outcome_service.py:WinnerOutcomeRepository.get_due_pending_forward_outcomes,scripts/qa/t13d_configuration_benchmark.py:RulePreload.scalars,POTENTIAL_DISTINCT_SEMANTICS,[],[],[],Preserved name-inferred target; known concrete sink witnesses retained. No runtime or authority proof is inferred from the name.,False,False,False
1156,app/services/winner_probability/outcome_service.py:WinnerOutcomeRepository.get_target_stop_outcomes_for_forward,scripts/profile_sec_performance.py:ProfilingSession.scalar,POTENTIAL_DISTINCT_SEMANTICS,[],[],[],Preserved name-inferred target; known concrete sink witnesses retained. No runtime or authority proof is inferred from the name.,False,False,False
1157,app/services/winner_probability/outcome_service.py:WinnerOutcomeRepository.load_bars,scripts/qa/t13d_configuration_benchmark.py:RulePreload.scalars,POTENTIAL_DISTINCT_SEMANTICS,[],[],[],Preserved name-inferred target; known concrete sink witnesses retained. No runtime or authority proof is inferred from the name.,False,False,False
1158,app/services/winner_probability/outcome_service.py:WinnerOutcomeRepository.load_batch_context,scripts/qa/t13d_configuration_benchmark.py:RulePreload.scalars,POTENTIAL_DISTINCT_SEMANTICS,[],[],[],Preserved name-inferred target; known concrete sink witnesses retained. No runtime or authority proof is inferred from the name.,False,False,False
1159,app/services/winner_probability/outcome_service.py:_source_lineage,app/services/canonical_evidence.py:CanonicalEvidenceSerializer.dumps,POTENTIAL_DISTINCT_SEMANTICS,[],[],[],Preserved name-inferred target; known concrete sink witnesses retained. No runtime or authority proof is inferred from the name.,False,False,False
116,app/routers/setup_lifecycle_routes.py:_alerts_template_context,app/services/fundamental_ranker_v2.py:FundamentalsV2Config.items,POTENTIAL_DISTINCT_SEMANTICS,[],[],[],Preserved name-inferred target; known concrete sink witnesses retained. No runtime or authority proof is inferred from the name.,False,False,False
1160,app/services/winner_probability/pending_outcome_service.py:PendingOutcomeService._ensure_outcome_definition,app/services/fundamental_ranker_v2.py:FundamentalsV2Config.items,POTENTIAL_DISTINCT_SEMANTICS,[],[],[],Preserved name-inferred target; known concrete sink witnesses retained. No runtime or authority proof is inferred from the name.,False,False,False
1161,app/services/winner_probability/pending_outcome_service.py:PendingOutcomeService.materialize_pending_outcomes,app/services/decision_effective_configuration.py:DecisionEffectiveConfiguration.winner_config,POTENTIAL_DISTINCT_SEMANTICS,[],[],"[""EF_ff740e59dc6eec85""]",Preserved name-inferred target; known concrete sink witnesses retained. No runtime or authority proof is inferred from the name.,False,False,False
1162,app/services/winner_probability/pending_outcome_service.py:PendingOutcomeService.materialize_pending_outcomes,app/services/winner_probability/market_data_obligation_service.py:MarketDataObligationService.ensure_for_outcomes,RESOLVED_TO_CERTIFIED_FAMILY,"[""app/services/winner_probability/market_data_obligation_service.py:MarketDataObligationService.ensure_for_outcomes"", ""app/services/winner_probability/market_data_obligation_service.py:MarketDataObligationService.evaluate""]","[""WF_WINNER_MARKET_DATA_OBLIGATION""]","[""EF_ff740e59dc6eec85""]",Preserved name-inferred target; known concrete sink witnesses retained. No runtime or authority proof is inferred from the name.,False,False,False
1163,app/services/winner_probability/pre11_activation_service.py:Pre11L5ActivationService.activate,scripts/profile_sec_performance.py:ProfilingSession.scalar,POTENTIAL_DISTINCT_SEMANTICS,[],[],"[""EF_02815044960ac52c""]",Preserved name-inferred target; known concrete sink witnesses retained. No runtime or authority proof is inferred from the name.,False,False,False
1164,app/services/winner_probability/pre11_compatibility_service.py:Pre11CompatibilityService._prepare_replay_cache,scripts/qa/t13d_configuration_benchmark.py:RulePreload.scalars,POTENTIAL_DISTINCT_SEMANTICS,[],[],[],Preserved name-inferred target; known concrete sink witnesses retained. No runtime or authority proof is inferred from the name.,False,False,False
1165,app/services/winner_probability/pre11_compatibility_service.py:Pre11CompatibilityService._replay_preview,scripts/profile_sec_performance.py:ProfilingSession.scalar,POTENTIAL_DISTINCT_SEMANTICS,[],[],[],Preserved name-inferred target; known concrete sink witnesses retained. No runtime or authority proof is inferred from the name.,False,False,False
1166,app/services/winner_probability/pre11_compatibility_service.py:Pre11CompatibilityService.dry_run,app/services/fundamental_ranker_v2.py:FundamentalsV2Config.items,POTENTIAL_DISTINCT_SEMANTICS,[],[],[],Preserved name-inferred target; known concrete sink witnesses retained. No runtime or authority proof is inferred from the name.,False,False,False
1167,app/services/winner_probability/pre11_compatibility_service.py:Pre11CompatibilityService.dry_run,scripts/qa/t13d_configuration_benchmark.py:RulePreload.scalars,POTENTIAL_DISTINCT_SEMANTICS,[],[],[],Preserved name-inferred target; known concrete sink witnesses retained. No runtime or authority proof is inferred from the name.,False,False,False
1168,app/services/winner_probability/pre11_compatibility_service.py:Pre11CompatibilityWriteService.persist_decisions_and_replays,app/services/winner_probability/pre11_compatibility_service.py:Pre11CompatibilityScope.validate,POTENTIAL_DISTINCT_SEMANTICS,[],[],"[""EF_2c20ef6c4a891318""]",Preserved name-inferred target; known concrete sink witnesses retained. No runtime or authority proof is inferred from the name.,False,False,False
1169,app/services/winner_probability/pre11_compatibility_service.py:Pre11CompatibilityWriteService.persist_decisions_and_replays,scripts/profile_sec_performance.py:ProfilingSession.scalar,POTENTIAL_DISTINCT_SEMANTICS,[],[],"[""EF_2c20ef6c4a891318""]",Preserved name-inferred target; known concrete sink witnesses retained. No runtime or authority proof is inferred from the name.,False,False,False
117,app/routers/setup_lifecycle_routes.py:_changes_page_response,scripts/profile_sec_performance.py:ProfilingSession.scalar,POTENTIAL_DISTINCT_SEMANTICS,[],[],[],Preserved name-inferred target; known concrete sink witnesses retained. No runtime or authority proof is inferred from the name.,False,False,False
1170,app/services/winner_probability/pre11_compatibility_service.py:Pre11CompatibilityWriteService.persist_decisions_and_replays,scripts/qa/t13d_configuration_benchmark.py:RulePreload.scalars,POTENTIAL_DISTINCT_SEMANTICS,[],[],"[""EF_2c20ef6c4a891318""]",Preserved name-inferred target; known concrete sink witnesses retained. No runtime or authority proof is inferred from the name.,False,False,False
1171,app/services/winner_probability/pre11_compatibility_service.py:_hash,app/services/canonical_evidence.py:CanonicalEvidenceSerializer.dumps,POTENTIAL_DISTINCT_SEMANTICS,[],[],[],Preserved name-inferred target; known concrete sink witnesses retained. No runtime or authority proof is inferred from the name.,False,False,False
1172,app/services/winner_probability/probability_estimator.py:ProbabilityEstimator._create_estimate,app/services/decision_effective_configuration.py:DecisionEffectiveConfiguration.winner_config,POTENTIAL_DISTINCT_SEMANTICS,[],[],[],Preserved name-inferred target; known concrete sink witnesses retained. No runtime or authority proof is inferred from the name.,False,False,False
1173,app/services/winner_probability/probability_estimator.py:ProbabilityEstimator.create_decision_time_estimate,app/services/decision_effective_configuration.py:DecisionEffectiveConfiguration.winner_config,POTENTIAL_DISTINCT_SEMANTICS,[],[],"[""EF_8cbe38eaadc0dfcb""]",Preserved name-inferred target; known concrete sink witnesses retained. No runtime or authority proof is inferred from the name.,False,False,False
1174,app/services/winner_probability/probability_estimator.py:ProbabilityEstimator.create_latest_rescore_from_generation,app/services/decision_effective_configuration.py:DecisionEffectiveConfiguration.winner_config,POTENTIAL_DISTINCT_SEMANTICS,[],[],"[""EF_3fc4b414d23b5f24""]",Preserved name-inferred target; known concrete sink witnesses retained. No runtime or authority proof is inferred from the name.,False,False,False
1175,app/services/winner_probability/probability_estimator.py:ProbabilityEstimator.create_latest_rescore_from_generation,scripts/profile_sec_performance.py:ProfilingSession.scalar,POTENTIAL_DISTINCT_SEMANTICS,[],[],"[""EF_3fc4b414d23b5f24""]",Preserved name-inferred target; known concrete sink witnesses retained. No runtime or authority proof is inferred from the name.,False,False,False
1176,app/services/winner_probability/probability_estimator.py:ProbabilityEstimator.create_latest_rescore_from_generation,scripts/qa/t13d_configuration_benchmark.py:EmptyRuleRows.all,POTENTIAL_DISTINCT_SEMANTICS,[],[],"[""EF_3fc4b414d23b5f24""]",Preserved name-inferred target; known concrete sink witnesses retained. No runtime or authority proof is inferred from the name.,False,False,False
1177,app/services/winner_probability/probability_estimator.py:_existing_cohort_statistic,scripts/profile_sec_performance.py:ProfilingSession.scalar,POTENTIAL_DISTINCT_SEMANTICS,[],[],[],Preserved name-inferred target; known concrete sink witnesses retained. No runtime or authority proof is inferred from the name.,False,False,False
1178,app/services/winner_probability/probability_estimator.py:_existing_estimate,scripts/profile_sec_performance.py:ProfilingSession.scalar,POTENTIAL_DISTINCT_SEMANTICS,[],[],[],Preserved name-inferred target; known concrete sink witnesses retained. No runtime or authority proof is inferred from the name.,False,False,False
1179,app/services/winner_probability/repository.py:WinnerProbabilityRepository.get_active_episode,scripts/profile_sec_performance.py:ProfilingSession.scalar,POTENTIAL_DISTINCT_SEMANTICS,[],[],[],Preserved name-inferred target; known concrete sink witnesses retained. No runtime or authority proof is inferred from the name.,False,False,False
118,app/routers/setup_lifecycle_routes.py:_changes_template_context,app/services/fundamental_ranker_v2.py:FundamentalsV2Config.items,POTENTIAL_DISTINCT_SEMANTICS,[],[],[],Preserved name-inferred target; known concrete sink witnesses retained. No runtime or authority proof is inferred from the name.,False,False,False
1180,app/services/winner_probability/repository.py:WinnerProbabilityRepository.get_active_outcome_definition,scripts/profile_sec_performance.py:ProfilingSession.scalar,POTENTIAL_DISTINCT_SEMANTICS,[],[],[],Preserved name-inferred target; known concrete sink witnesses retained. No runtime or authority proof is inferred from the name.,False,False,False
1181,app/services/winner_probability/repository.py:WinnerProbabilityRepository.get_active_prediction,scripts/profile_sec_performance.py:ProfilingSession.scalar,POTENTIAL_DISTINCT_SEMANTICS,[],[],[],Preserved name-inferred target; known concrete sink witnesses retained. No runtime or authority proof is inferred from the name.,False,False,False
1182,app/services/winner_probability/repository.py:WinnerProbabilityRepository.get_current_temporal_decision,scripts/profile_sec_performance.py:ProfilingSession.scalar,POTENTIAL_DISTINCT_SEMANTICS,[],[],[],Preserved name-inferred target; known concrete sink witnesses retained. No runtime or authority proof is inferred from the name.,False,False,False
1183,app/services/winner_probability/repository.py:WinnerProbabilityRepository.get_decision_time_estimate,scripts/profile_sec_performance.py:ProfilingSession.scalar,POTENTIAL_DISTINCT_SEMANTICS,[],[],[],Preserved name-inferred target; known concrete sink witnesses retained. No runtime or authority proof is inferred from the name.,False,False,False
1184,app/services/winner_probability/repository.py:WinnerProbabilityRepository.get_episode_by_key,scripts/profile_sec_performance.py:ProfilingSession.scalar,POTENTIAL_DISTINCT_SEMANTICS,[],[],[],Preserved name-inferred target; known concrete sink witnesses retained. No runtime or authority proof is inferred from the name.,False,False,False
1185,app/services/winner_probability/repository.py:WinnerProbabilityRepository.get_forward_outcome,scripts/profile_sec_performance.py:ProfilingSession.scalar,POTENTIAL_DISTINCT_SEMANTICS,[],[],[],Preserved name-inferred target; known concrete sink witnesses retained. No runtime or authority proof is inferred from the name.,False,False,False
1186,app/services/winner_probability/repository.py:WinnerProbabilityRepository.get_outcome_definition,scripts/profile_sec_performance.py:ProfilingSession.scalar,POTENTIAL_DISTINCT_SEMANTICS,[],[],[],Preserved name-inferred target; known concrete sink witnesses retained. No runtime or authority proof is inferred from the name.,False,False,False
1187,app/services/winner_probability/repository.py:WinnerProbabilityRepository.get_target_stop_outcome,scripts/profile_sec_performance.py:ProfilingSession.scalar,POTENTIAL_DISTINCT_SEMANTICS,[],[],[],Preserved name-inferred target; known concrete sink witnesses retained. No runtime or authority proof is inferred from the name.,False,False,False
1188,app/services/winner_probability/repository.py:WinnerProbabilityRepository.load_run_context,scripts/profile_sec_performance.py:ProfilingSession.scalar,POTENTIAL_DISTINCT_SEMANTICS,[],[],[],Preserved name-inferred target; known concrete sink witnesses retained. No runtime or authority proof is inferred from the name.,False,False,False
1189,app/services/winner_probability/repository.py:WinnerProbabilityRepository.load_run_context,scripts/qa/t13d_configuration_benchmark.py:RulePreload.scalars,POTENTIAL_DISTINCT_SEMANTICS,[],[],[],Preserved name-inferred target; known concrete sink witnesses retained. No runtime or authority proof is inferred from the name.,False,False,False
119,app/routers/setup_lifecycle_routes.py:_pagination,app/services/fundamental_ranker_v2.py:FundamentalsV2Config.items,POTENTIAL_DISTINCT_SEMANTICS,[],[],[],Preserved name-inferred target; known concrete sink witnesses retained. No runtime or authority proof is inferred from the name.,False,False,False
1190,app/services/winner_probability/reproduction_service.py:ReproductionService._load_exact_evidence,scripts/qa/t13d_configuration_benchmark.py:RulePreload.scalars,POTENTIAL_DISTINCT_SEMANTICS,[],[],[],Preserved name-inferred target; known concrete sink witnesses retained. No runtime or authority proof is inferred from the name.,False,False,False
1191,app/services/winner_probability/scheduler.py:schedule_primary_h5_maturation,scripts/profile_sec_performance.py:ProfilingSession.scalar,POTENTIAL_DISTINCT_SEMANTICS,[],[],"[""EF_8ad883f17f5b8452""]",Preserved name-inferred target; known concrete sink witnesses retained. No runtime or authority proof is inferred from the name.,False,False,False
1192,app/services/winner_probability/target_stop_scope_repair_service.py:_repair_record,app/services/fundamental_ranker_v2.py:FundamentalsV2Config.items,POTENTIAL_DISTINCT_SEMANTICS,[],[],[],Preserved name-inferred target; known concrete sink witnesses retained. No runtime or authority proof is inferred from the name.,False,False,False
1193,app/services/winner_probability/target_stop_scope_repair_service.py:_repair_record,scripts/qa/t13d_configuration_benchmark.py:RulePreload.scalars,POTENTIAL_DISTINCT_SEMANTICS,[],[],[],Preserved name-inferred target; known concrete sink witnesses retained. No runtime or authority proof is inferred from the name.,False,False,False
1194,app/services/winner_probability/target_stop_scope_repair_service.py:apply_target_stop_scope_repair,scripts/profile_sec_performance.py:ProfilingSession.scalar,POTENTIAL_DISTINCT_SEMANTICS,[],[],"[""EF_2d2b331779e8c8de""]",Preserved name-inferred target; known concrete sink witnesses retained. No runtime or authority proof is inferred from the name.,False,False,False
1195,app/services/winner_probability/target_stop_scope_repair_service.py:build_target_stop_scope_repair_manifest,scripts/qa/t13d_configuration_benchmark.py:RulePreload.scalars,POTENTIAL_DISTINCT_SEMANTICS,[],[],[],Preserved name-inferred target; known concrete sink witnesses retained. No runtime or authority proof is inferred from the name.,False,False,False
1196,app/services/winner_probability/temporal_eligibility.py:load_current_temporal_decisions,scripts/qa/t13d_configuration_benchmark.py:RulePreload.scalars,POTENTIAL_DISTINCT_SEMANTICS,[],[],[],Preserved name-inferred target; known concrete sink witnesses retained. No runtime or authority proof is inferred from the name.,False,False,False
1197,app/services/winner_probability/temporal_validation_service.py:TemporalValidationService.apply_certification,scripts/certify_technical_artifact_cache.py:main.SinkDb.add_all,POTENTIAL_DISTINCT_SEMANTICS,[],[],"[""EF_08367ecd4bfc25ab""]",Preserved name-inferred target; known concrete sink witnesses retained. No runtime or authority proof is inferred from the name.,False,False,False
1198,app/services/winner_probability/temporal_validation_service.py:TemporalValidationService.apply_certification,scripts/qa/t13d_configuration_benchmark.py:RulePreload.scalars,POTENTIAL_DISTINCT_SEMANTICS,[],[],"[""EF_08367ecd4bfc25ab""]",Preserved name-inferred target; known concrete sink witnesses retained. No runtime or authority proof is inferred from the name.,False,False,False
1199,app/services/winner_probability/temporal_validation_service.py:TemporalValidationService.apply_quarantine,scripts/certify_technical_artifact_cache.py:main.SinkDb.add_all,POTENTIAL_DISTINCT_SEMANTICS,[],[],"[""EF_20010a31016223bb""]",Preserved name-inferred target; known concrete sink witnesses retained. No runtime or authority proof is inferred from the name.,False,False,False
12,app/observability/db_monitor.py:JsonlTelemetryWriter._run,app/observability/metrics.py:PrometheusMetrics.increment,POTENTIAL_DISTINCT_SEMANTICS,[],[],[],Preserved name-inferred target; known concrete sink witnesses retained. No runtime or authority proof is inferred from the name.,False,False,False
120,app/routers/setup_lifecycle_routes.py:_quick_filters,app/services/fundamental_ranker_v2.py:FundamentalsV2Config.items,POTENTIAL_DISTINCT_SEMANTICS,[],[],[],Preserved name-inferred target; known concrete sink witnesses retained. No runtime or authority proof is inferred from the name.,False,False,False
1200,app/services/winner_probability/temporal_validation_service.py:TemporalValidationService.apply_quarantine,scripts/qa/t13d_configuration_benchmark.py:RulePreload.scalars,POTENTIAL_DISTINCT_SEMANTICS,[],[],"[""EF_20010a31016223bb""]",Preserved name-inferred target; known concrete sink witnesses retained. No runtime or authority proof is inferred from the name.,False,False,False
1201,app/services/winner_probability/temporal_validation_service.py:TemporalValidationService.plan_certification,scripts/qa/t13d_configuration_benchmark.py:RulePreload.scalars,POTENTIAL_DISTINCT_SEMANTICS,[],[],[],Preserved name-inferred target; known concrete sink witnesses retained. No runtime or authority proof is inferred from the name.,False,False,False
1202,app/services/winner_probability/temporal_validation_service.py:TemporalValidationService.plan_quarantine,scripts/qa/t13d_configuration_benchmark.py:RulePreload.scalars,POTENTIAL_DISTINCT_SEMANTICS,[],[],[],Preserved name-inferred target; known concrete sink witnesses retained. No runtime or authority proof is inferred from the name.,False,False,False
1203,app/services/winner_probability/temporal_validation_service.py:TemporalValidationService.record,scripts/profile_sec_performance.py:ProfilingSession.scalar,POTENTIAL_DISTINCT_SEMANTICS,[],[],"[""EF_e90fcdb88b1d464c""]",Preserved name-inferred target; known concrete sink witnesses retained. No runtime or authority proof is inferred from the name.,False,False,False
1204,app/services/worker_registry.py:heartbeat_worker,app/services/fundamental_ranker_v2.py:FundamentalsV2Config.items,POTENTIAL_DISTINCT_SEMANTICS,[],[],[],Preserved name-inferred target; known concrete sink witnesses retained. No runtime or authority proof is inferred from the name.,False,False,False
1205,app/services/worker_registry.py:heartbeat_worker,app/services/winner_probability/operations_service.py:WinnerProbabilityOperationsService.status,POTENTIAL_DISTINCT_SEMANTICS,[],[],[],Preserved name-inferred target; known concrete sink witnesses retained. No runtime or authority proof is inferred from the name.,False,False,False
1206,app/services/worker_registry.py:live_workers,scripts/qa/t13d_configuration_benchmark.py:EmptyRuleRows.all,POTENTIAL_DISTINCT_SEMANTICS,[],[],[],Preserved name-inferred target; known concrete sink witnesses retained. No runtime or authority proof is inferred from the name.,False,False,False
1207,app/services/worker_registry.py:live_workers,scripts/qa/t13d_configuration_benchmark.py:RulePreload.scalars,POTENTIAL_DISTINCT_SEMANTICS,[],[],[],Preserved name-inferred target; known concrete sink witnesses retained. No runtime or authority proof is inferred from the name.,False,False,False
1208,app/settings.py:Settings.__init__,app/observability/metrics.py:PrometheusMetrics.reset,POTENTIAL_DISTINCT_SEMANTICS,[],[],[],Preserved name-inferred target; known concrete sink witnesses retained. No runtime or authority proof is inferred from the name.,False,False,False
1209,app/settings.py:Settings.validate_local_runtime_boundary,app/services/fundamental_ranker_v2.py:FundamentalsV2Config.items,POTENTIAL_DISTINCT_SEMANTICS,[],[],[],Preserved name-inferred target; known concrete sink witnesses retained. No runtime or authority proof is inferred from the name.,False,False,False
121,app/routers/setup_lifecycle_routes.py:_require_run,scripts/profile_sec_performance.py:ProfilingSession.scalar,POTENTIAL_DISTINCT_SEMANTICS,[],[],[],Preserved name-inferred target; known concrete sink witnesses retained. No runtime or authority proof is inferred from the name.,False,False,False
1210,app/worker.py:main,app/observability/metrics.py:PrometheusMetrics.configure,POTENTIAL_DISTINCT_SEMANTICS,[],[],[],Preserved name-inferred target; known concrete sink witnesses retained. No runtime or authority proof is inferred from the name.,False,False,False
1211,app/worker.py:main,app/observability/metrics.py:PrometheusMetrics.set_gauge,POTENTIAL_DISTINCT_SEMANTICS,[],[],[],Preserved name-inferred target; known concrete sink witnesses retained. No runtime or authority proof is inferred from the name.,False,False,False
1212,app/worker_supervisor.py:_record_child_failure,app/observability/metrics.py:PrometheusMetrics.set_gauge,POTENTIAL_DISTINCT_SEMANTICS,[],[],[],Preserved name-inferred target; known concrete sink witnesses retained. No runtime or authority proof is inferred from the name.,False,False,False
1213,app/worker_supervisor.py:_write_supervisor_state,app/services/ceri/effective_session_service.py:CeriEffectiveSessionService.resolve,POTENTIAL_DISTINCT_SEMANTICS,[],[],[],Preserved name-inferred target; known concrete sink witnesses retained. No runtime or authority proof is inferred from the name.,False,False,False
1214,app/worker_supervisor.py:main,app/observability/metrics.py:PrometheusMetrics.configure,POTENTIAL_DISTINCT_SEMANTICS,[],[],[],Preserved name-inferred target; known concrete sink witnesses retained. No runtime or authority proof is inferred from the name.,False,False,False
1215,app/worker_supervisor.py:main,app/observability/metrics.py:PrometheusMetrics.set_gauge,POTENTIAL_DISTINCT_SEMANTICS,[],[],[],Preserved name-inferred target; known concrete sink witnesses retained. No runtime or authority proof is inferred from the name.,False,False,False
1216,app/worker_supervisor.py:main,app/services/ceri/effective_session_service.py:CeriEffectiveSessionService.resolve,POTENTIAL_DISTINCT_SEMANTICS,[],[],[],Preserved name-inferred target; known concrete sink witnesses retained. No runtime or authority proof is inferred from the name.,False,False,False
1217,scripts/aggregate_sec_certification.py:_database_invariants,app/services/fundamental_ranker_v2.py:FundamentalsV2Config.items,POTENTIAL_DISTINCT_SEMANTICS,[],[],[],Preserved name-inferred target; known concrete sink witnesses retained. No runtime or authority proof is inferred from the name.,False,False,False
1218,scripts/aggregate_sec_certification.py:_database_invariants,scripts/profile_sec_performance.py:ProfilingSession.scalar,POTENTIAL_DISTINCT_SEMANTICS,[],[],[],Preserved name-inferred target; known concrete sink witnesses retained. No runtime or authority proof is inferred from the name.,False,False,False
1219,scripts/aggregate_sec_certification.py:_database_invariants,scripts/qa/t13d_configuration_benchmark.py:RulePreload.scalars,POTENTIAL_DISTINCT_SEMANTICS,[],[],[],Preserved name-inferred target; known concrete sink witnesses retained. No runtime or authority proof is inferred from the name.,False,False,False
122,app/routers/setup_lifecycle_routes.py:export_setup_lifecycle_alerts_csv,app/services/fundamental_ranker_v2.py:FundamentalsV2Config.items,POTENTIAL_DISTINCT_SEMANTICS,[],[],[],Preserved name-inferred target; known concrete sink witnesses retained. No runtime or authority proof is inferred from the name.,False,False,False
1220,scripts/aggregate_sec_certification.py:_markdown,app/services/fundamental_ranker_v2.py:FundamentalsV2Config.items,POTENTIAL_DISTINCT_SEMANTICS,[],[],[],Preserved name-inferred target; known concrete sink witnesses retained. No runtime or authority proof is inferred from the name.,False,False,False
1221,scripts/aggregate_sec_certification.py:_run_tickers,scripts/qa/t13d_configuration_benchmark.py:RulePreload.scalars,POTENTIAL_DISTINCT_SEMANTICS,[],[],[],Preserved name-inferred target; known concrete sink witnesses retained. No runtime or authority proof is inferred from the name.,False,False,False
1222,scripts/aggregate_sec_certification.py:main,app/services/canonical_evidence.py:CanonicalEvidenceSerializer.dumps,POTENTIAL_DISTINCT_SEMANTICS,[],[],[],Preserved name-inferred target; known concrete sink witnesses retained. No runtime or authority proof is inferred from the name.,False,False,False
1223,scripts/aggregate_sec_certification.py:main,app/services/ceri/effective_session_service.py:CeriEffectiveSessionService.resolve,POTENTIAL_DISTINCT_SEMANTICS,[],[],[],Preserved name-inferred target; known concrete sink witnesses retained. No runtime or authority proof is inferred from the name.,False,False,False
1224,scripts/aggregate_sec_certification.py:main,scripts/profile_sec_performance.py:Tracker.as_dict,POTENTIAL_DISTINCT_SEMANTICS,[],[],[],Preserved name-inferred target; known concrete sink witnesses retained. No runtime or authority proof is inferred from the name.,False,False,False
1225,scripts/benchmark_pipeline_baseline.py:_database_version,scripts/profile_sec_performance.py:ProfilingSession.scalar,POTENTIAL_DISTINCT_SEMANTICS,[],[],[],Preserved name-inferred target; known concrete sink witnesses retained. No runtime or authority proof is inferred from the name.,False,False,False
1226,scripts/benchmark_pipeline_baseline.py:main,app/services/canonical_evidence.py:CanonicalEvidenceSerializer.dumps,POTENTIAL_DISTINCT_SEMANTICS,[],[],[],Preserved name-inferred target; known concrete sink witnesses retained. No runtime or authority proof is inferred from the name.,False,False,False
1227,scripts/build_sec_guidance_real_corpus.py:_write_jsonl,app/services/canonical_evidence.py:CanonicalEvidenceSerializer.dumps,POTENTIAL_DISTINCT_SEMANTICS,[],[],[],Preserved name-inferred target; known concrete sink witnesses retained. No runtime or authority proof is inferred from the name.,False,False,False
1228,scripts/build_sec_guidance_real_corpus.py:build,app/services/canonical_evidence.py:CanonicalEvidenceSerializer.dumps,POTENTIAL_DISTINCT_SEMANTICS,[],[],[],Preserved name-inferred target; known concrete sink witnesses retained. No runtime or authority proof is inferred from the name.,False,False,False
1229,scripts/build_sec_guidance_real_corpus.py:build,app/services/ceri/effective_session_service.py:CeriEffectiveSessionService.resolve,POTENTIAL_DISTINCT_SEMANTICS,[],[],[],Preserved name-inferred target; known concrete sink witnesses retained. No runtime or authority proof is inferred from the name.,False,False,False
123,app/routers/setup_lifecycle_routes.py:export_setup_lifecycle_alerts_json,app/services/fundamental_ranker_v2.py:FundamentalsV2Config.items,POTENTIAL_DISTINCT_SEMANTICS,[],[],[],Preserved name-inferred target; known concrete sink witnesses retained. No runtime or authority proof is inferred from the name.,False,False,False
1230,scripts/capture_background_performance_baseline.py:main,app/services/canonical_evidence.py:CanonicalEvidenceSerializer.dumps,POTENTIAL_DISTINCT_SEMANTICS,[],[],[],Preserved name-inferred target; known concrete sink witnesses retained. No runtime or authority proof is inferred from the name.,False,False,False
1231,scripts/capture_background_performance_baseline.py:main,app/services/ceri/effective_session_service.py:CeriEffectiveSessionService.resolve,POTENTIAL_DISTINCT_SEMANTICS,[],[],[],Preserved name-inferred target; known concrete sink witnesses retained. No runtime or authority proof is inferred from the name.,False,False,False
1232,scripts/ceri_run104_controlled_replay.py:_comparison_change_counts,app/services/fundamental_ranker_v2.py:FundamentalsV2Config.items,POTENTIAL_DISTINCT_SEMANTICS,[],[],[],Preserved name-inferred target; known concrete sink witnesses retained. No runtime or authority proof is inferred from the name.,False,False,False
1233,scripts/ceri_run104_controlled_replay.py:_controlled_report,app/services/canonical_evidence.py:CanonicalEvidenceSerializer.dumps,POTENTIAL_DISTINCT_SEMANTICS,[],[],[],Preserved name-inferred target; known concrete sink witnesses retained. No runtime or authority proof is inferred from the name.,False,False,False
1234,scripts/ceri_run104_controlled_replay.py:_controlled_report,app/services/fundamental_ranker_v2.py:FundamentalsV2Config.items,POTENTIAL_DISTINCT_SEMANTICS,[],[],[],Preserved name-inferred target; known concrete sink witnesses retained. No runtime or authority proof is inferred from the name.,False,False,False
1235,scripts/ceri_run104_controlled_replay.py:_csv_row,app/services/canonical_evidence.py:CanonicalEvidenceSerializer.dumps,POTENTIAL_DISTINCT_SEMANTICS,[],[],[],Preserved name-inferred target; known concrete sink witnesses retained. No runtime or authority proof is inferred from the name.,False,False,False
1236,scripts/ceri_run104_controlled_replay.py:_csv_row,app/services/fundamental_ranker_v2.py:FundamentalsV2Config.items,POTENTIAL_DISTINCT_SEMANTICS,[],[],[],Preserved name-inferred target; known concrete sink witnesses retained. No runtime or authority proof is inferred from the name.,False,False,False
1237,scripts/ceri_run104_controlled_replay.py:_git_sha,scripts/ops/winner_evidence_differential.py:run,POTENTIAL_DISTINCT_SEMANTICS,[],[],[],Preserved name-inferred target; known concrete sink witnesses retained. No runtime or authority proof is inferred from the name.,False,False,False
1238,scripts/ceri_run104_controlled_replay.py:_lineage_report,app/services/fundamental_ranker_v2.py:FundamentalsV2Config.items,POTENTIAL_DISTINCT_SEMANTICS,[],[],[],Preserved name-inferred target; known concrete sink witnesses retained. No runtime or authority proof is inferred from the name.,False,False,False
1239,scripts/ceri_run104_controlled_replay.py:_trace_section,app/observability/logging.py:JsonLogFormatter.format,POTENTIAL_DISTINCT_SEMANTICS,[],[],[],Preserved name-inferred target; known concrete sink witnesses retained. No runtime or authority proof is inferred from the name.,False,False,False
124,app/routers/setup_lifecycle_routes.py:export_setup_lifecycle_changes_csv,app/services/fundamental_ranker_v2.py:FundamentalsV2Config.items,POTENTIAL_DISTINCT_SEMANTICS,[],[],[],Preserved name-inferred target; known concrete sink witnesses retained. No runtime or authority proof is inferred from the name.,False,False,False
1240,scripts/ceri_run104_controlled_replay.py:main,app/services/canonical_evidence.py:CanonicalEvidenceSerializer.dumps,POTENTIAL_DISTINCT_SEMANTICS,[],[],"[""EF_cc88287ad5594ea1""]",Preserved name-inferred target; known concrete sink witnesses retained. No runtime or authority proof is inferred from the name.,False,False,False
1241,scripts/certify_observability_cross_process.py:_available_loopback_port,app/services/core_effective_configuration.py:CoreEffectiveConfiguration.bind,POTENTIAL_DISTINCT_SEMANTICS,[],[],[],Preserved name-inferred target; known concrete sink witnesses retained. No runtime or authority proof is inferred from the name.,False,False,False
1242,scripts/certify_observability_cross_process.py:_completed,scripts/profile_sec_performance.py:ProfilingSession.scalar,POTENTIAL_DISTINCT_SEMANTICS,[],[],[],Preserved name-inferred target; known concrete sink witnesses retained. No runtime or authority proof is inferred from the name.,False,False,False
1243,scripts/certify_observability_cross_process.py:main,app/observability/logging.py:JsonLogFormatter.format,POTENTIAL_DISTINCT_SEMANTICS,[],[],[],Preserved name-inferred target; known concrete sink witnesses retained. No runtime or authority proof is inferred from the name.,False,False,False
1244,scripts/certify_observability_cross_process.py:main,app/services/canonical_evidence.py:CanonicalEvidenceSerializer.dumps,POTENTIAL_DISTINCT_SEMANTICS,[],[],[],Preserved name-inferred target; known concrete sink witnesses retained. No runtime or authority proof is inferred from the name.,False,False,False
1245,scripts/certify_observability_cross_process.py:main,app/services/ceri/effective_session_service.py:CeriEffectiveSessionService.resolve,POTENTIAL_DISTINCT_SEMANTICS,[],[],[],Preserved name-inferred target; known concrete sink witnesses retained. No runtime or authority proof is inferred from the name.,False,False,False
1246,scripts/certify_observability_cross_process.py:main,scripts/ops/winner_evidence_differential.py:run,POTENTIAL_DISTINCT_SEMANTICS,[],[],[],Preserved name-inferred target; known concrete sink witnesses retained. No runtime or authority proof is inferred from the name.,False,False,False
1247,scripts/certify_observability_cross_process.py:main,scripts/profile_sec_performance.py:ProfilingSession.scalar,POTENTIAL_DISTINCT_SEMANTICS,[],[],[],Preserved name-inferred target; known concrete sink witnesses retained. No runtime or authority proof is inferred from the name.,False,False,False
1248,scripts/certify_sec_guidance_real_corpus.py:_markdown,app/services/fundamental_ranker_v2.py:FundamentalsV2Config.items,POTENTIAL_DISTINCT_SEMANTICS,[],[],[],Preserved name-inferred target; known concrete sink witnesses retained. No runtime or authority proof is inferred from the name.,False,False,False
1249,scripts/certify_sec_guidance_real_corpus.py:_match_rows,app/services/canonical_evidence.py:CanonicalEvidenceSerializer.dumps,POTENTIAL_DISTINCT_SEMANTICS,[],[],[],Preserved name-inferred target; known concrete sink witnesses retained. No runtime or authority proof is inferred from the name.,False,False,False
125,app/routers/setup_lifecycle_routes.py:export_setup_lifecycle_changes_json,app/services/fundamental_ranker_v2.py:FundamentalsV2Config.items,POTENTIAL_DISTINCT_SEMANTICS,[],[],[],Preserved name-inferred target; known concrete sink witnesses retained. No runtime or authority proof is inferred from the name.,False,False,False
1250,scripts/certify_sec_guidance_real_corpus.py:certify,app/services/canonical_evidence.py:CanonicalEvidenceSerializer.dumps,POTENTIAL_DISTINCT_SEMANTICS,[],[],[],Preserved name-inferred target; known concrete sink witnesses retained. No runtime or authority proof is inferred from the name.,False,False,False
1251,scripts/certify_sec_guidance_real_corpus.py:certify,app/services/fundamental_ranker_v2.py:FundamentalsV2Config.items,POTENTIAL_DISTINCT_SEMANTICS,[],[],[],Preserved name-inferred target; known concrete sink witnesses retained. No runtime or authority proof is inferred from the name.,False,False,False
1252,scripts/certify_sec_guidance_real_corpus.py:write_reports,app/services/canonical_evidence.py:CanonicalEvidenceSerializer.dumps,POTENTIAL_DISTINCT_SEMANTICS,[],[],[],Preserved name-inferred target; known concrete sink witnesses retained. No runtime or authority proof is inferred from the name.,False,False,False
1253,scripts/certify_sec_incremental_ingestion.py:_markdown_report,app/services/fundamental_ranker_v2.py:FundamentalsV2Config.items,POTENTIAL_DISTINCT_SEMANTICS,[],[],[],Preserved name-inferred target; known concrete sink witnesses retained. No runtime or authority proof is inferred from the name.,False,False,False
1254,scripts/certify_sec_incremental_ingestion.py:main,app/services/canonical_evidence.py:CanonicalEvidenceSerializer.dumps,POTENTIAL_DISTINCT_SEMANTICS,[],[],"[""EF_9fb0b29fc945c34f""]",Preserved name-inferred target; known concrete sink witnesses retained. No runtime or authority proof is inferred from the name.,False,False,False
1255,scripts/certify_sec_incremental_ingestion.py:main,app/services/ceri/effective_session_service.py:CeriEffectiveSessionService.resolve,POTENTIAL_DISTINCT_SEMANTICS,[],[],"[""EF_9fb0b29fc945c34f""]",Preserved name-inferred target; known concrete sink witnesses retained. No runtime or authority proof is inferred from the name.,False,False,False
1256,scripts/certify_sec_incremental_ingestion.py:main,scripts/profile_sec_performance.py:ProfilingSession.scalar,POTENTIAL_DISTINCT_SEMANTICS,[],[],"[""EF_9fb0b29fc945c34f""]",Preserved name-inferred target; known concrete sink witnesses retained. No runtime or authority proof is inferred from the name.,False,False,False
1257,scripts/certify_sec_incremental_ingestion.py:run_scenario,scripts/profile_sec_performance.py:Tracker.as_dict,POTENTIAL_DISTINCT_SEMANTICS,[],[],[],Preserved name-inferred target; known concrete sink witnesses retained. No runtime or authority proof is inferred from the name.,False,False,False
1258,scripts/certify_technical_artifact_cache.py:main,app/observability/metrics.py:PrometheusMetrics.reset,POTENTIAL_DISTINCT_SEMANTICS,[],[],"[""EF_605087d3a0d9034a""]",Preserved name-inferred target; known concrete sink witnesses retained. No runtime or authority proof is inferred from the name.,False,False,False
1259,scripts/certify_technical_artifact_cache.py:main,app/observability/metrics.py:PrometheusMetrics.total,POTENTIAL_DISTINCT_SEMANTICS,[],[],"[""EF_605087d3a0d9034a""]",Preserved name-inferred target; known concrete sink witnesses retained. No runtime or authority proof is inferred from the name.,False,False,False
126,app/routers/upload_routes.py:_latest_run,scripts/profile_sec_performance.py:ProfilingSession.scalar,POTENTIAL_DISTINCT_SEMANTICS,[],[],[],Preserved name-inferred target; known concrete sink witnesses retained. No runtime or authority proof is inferred from the name.,False,False,False
1260,scripts/certify_technical_artifact_cache.py:main,app/services/canonical_evidence.py:CanonicalEvidenceSerializer.dumps,POTENTIAL_DISTINCT_SEMANTICS,[],[],"[""EF_605087d3a0d9034a""]",Preserved name-inferred target; known concrete sink witnesses retained. No runtime or authority proof is inferred from the name.,False,False,False
1261,scripts/docs/check_route_inventory.py:_table_for_routes,app/observability/logging.py:JsonLogFormatter.format,POTENTIAL_DISTINCT_SEMANTICS,[],[],[],Preserved name-inferred target; known concrete sink witnesses retained. No runtime or authority proof is inferred from the name.,False,False,False
1262,scripts/forensics/adversarial_temporal_clone_replay.py:_bar_replay,scripts/qa/t13d_configuration_benchmark.py:RulePreload.scalars,POTENTIAL_DISTINCT_SEMANTICS,[],[],[],Preserved name-inferred target; known concrete sink witnesses retained. No runtime or authority proof is inferred from the name.,False,False,False
1263,scripts/forensics/adversarial_temporal_clone_replay.py:_run_replays,scripts/qa/t13d_configuration_benchmark.py:RulePreload.scalars,POTENTIAL_DISTINCT_SEMANTICS,[],[],[],Preserved name-inferred target; known concrete sink witnesses retained. No runtime or authority proof is inferred from the name.,False,False,False
1264,scripts/forensics/adversarial_temporal_clone_replay.py:_source_replay,scripts/qa/t13d_configuration_benchmark.py:RulePreload.scalars,POTENTIAL_DISTINCT_SEMANTICS,[],[],[],Preserved name-inferred target; known concrete sink witnesses retained. No runtime or authority proof is inferred from the name.,False,False,False
1265,scripts/forensics/adversarial_temporal_clone_replay.py:main,app/services/canonical_evidence.py:CanonicalEvidenceSerializer.dumps,POTENTIAL_DISTINCT_SEMANTICS,[],[],[],Preserved name-inferred target; known concrete sink witnesses retained. No runtime or authority proof is inferred from the name.,False,False,False
1266,scripts/forensics/preflight_selection_readiness_scan.py:main,app/services/canonical_evidence.py:CanonicalEvidenceSerializer.dumps,POTENTIAL_DISTINCT_SEMANTICS,[],[],[],Preserved name-inferred target; known concrete sink witnesses retained. No runtime or authority proof is inferred from the name.,False,False,False
1267,scripts/forensics/preflight_selection_readiness_scan.py:main,app/services/fundamental_ranker_v2.py:FundamentalsV2Config.items,POTENTIAL_DISTINCT_SEMANTICS,[],[],[],Preserved name-inferred target; known concrete sink witnesses retained. No runtime or authority proof is inferred from the name.,False,False,False
1268,scripts/forensics/run153_ceri_lineage_clone_replay.py:_artifact_state,scripts/qa/t13d_configuration_benchmark.py:RulePreload.scalars,POTENTIAL_DISTINCT_SEMANTICS,[],[],[],Preserved name-inferred target; known concrete sink witnesses retained. No runtime or authority proof is inferred from the name.,False,False,False
1269,scripts/forensics/run153_ceri_lineage_clone_replay.py:main,app/services/canonical_evidence.py:CanonicalEvidenceSerializer.dumps,POTENTIAL_DISTINCT_SEMANTICS,[],[],[],Preserved name-inferred target; known concrete sink witnesses retained. No runtime or authority proof is inferred from the name.,False,False,False
127,app/routers/upload_routes.py:_recent_runs,scripts/qa/t13d_configuration_benchmark.py:EmptyRuleRows.all,POTENTIAL_DISTINCT_SEMANTICS,[],[],[],Preserved name-inferred target; known concrete sink witnesses retained. No runtime or authority proof is inferred from the name.,False,False,False
1270,scripts/forensics/run153_ceri_lineage_clone_replay.py:main,scripts/profile_sec_performance.py:ProfilingSession.scalar,POTENTIAL_DISTINCT_SEMANTICS,[],[],[],Preserved name-inferred target; known concrete sink witnesses retained. No runtime or authority proof is inferred from the name.,False,False,False
1271,scripts/forensics/run153_ceri_lineage_clone_replay.py:main,scripts/qa/t13d_configuration_benchmark.py:RulePreload.scalars,POTENTIAL_DISTINCT_SEMANTICS,[],[],[],Preserved name-inferred target; known concrete sink witnesses retained. No runtime or authority proof is inferred from the name.,False,False,False
1272,scripts/forensics/run153_systemic_remediation_replay.py:_lifecycle_counts,scripts/profile_sec_performance.py:ProfilingSession.scalar,POTENTIAL_DISTINCT_SEMANTICS,[],[],[],Preserved name-inferred target; known concrete sink witnesses retained. No runtime or authority proof is inferred from the name.,False,False,False
1273,scripts/forensics/run153_systemic_remediation_replay.py:main,app/services/canonical_evidence.py:CanonicalEvidenceSerializer.dumps,POTENTIAL_DISTINCT_SEMANTICS,[],[],[],Preserved name-inferred target; known concrete sink witnesses retained. No runtime or authority proof is inferred from the name.,False,False,False
1274,scripts/forensics/run153_tbla_readonly_equivalence.py:main,app/services/canonical_evidence.py:CanonicalEvidenceSerializer.dumps,POTENTIAL_DISTINCT_SEMANTICS,[],[],[],Preserved name-inferred target; known concrete sink witnesses retained. No runtime or authority proof is inferred from the name.,False,False,False
1275,scripts/forensics/run159_ceri_quarantine.py:_canonical_hash,app/services/canonical_evidence.py:CanonicalEvidenceSerializer.dumps,POTENTIAL_DISTINCT_SEMANTICS,[],[],[],Preserved name-inferred target; known concrete sink witnesses retained. No runtime or authority proof is inferred from the name.,False,False,False
1276,scripts/forensics/run159_ceri_quarantine.py:analyze,app/services/canonical_evidence.py:CanonicalEvidenceSerializer.dumps,POTENTIAL_DISTINCT_SEMANTICS,[],[],[],Preserved name-inferred target; known concrete sink witnesses retained. No runtime or authority proof is inferred from the name.,False,False,False
1277,scripts/forensics/run159_ceri_quarantine.py:analyze,app/services/fundamental_ranker_v2.py:FundamentalsV2Config.items,POTENTIAL_DISTINCT_SEMANTICS,[],[],[],Preserved name-inferred target; known concrete sink witnesses retained. No runtime or authority proof is inferred from the name.,False,False,False
1278,scripts/forensics/run159_ceri_quarantine.py:analyze,scripts/profile_sec_performance.py:ProfilingSession.scalar,POTENTIAL_DISTINCT_SEMANTICS,[],[],[],Preserved name-inferred target; known concrete sink witnesses retained. No runtime or authority proof is inferred from the name.,False,False,False
1279,scripts/forensics/run159_ceri_quarantine.py:analyze,scripts/qa/t13d_configuration_benchmark.py:RulePreload.scalars,POTENTIAL_DISTINCT_SEMANTICS,[],[],[],Preserved name-inferred target; known concrete sink witnesses retained. No runtime or authority proof is inferred from the name.,False,False,False
128,app/routers/upload_routes.py:_recent_runs,scripts/qa/t13d_configuration_benchmark.py:RulePreload.scalars,POTENTIAL_DISTINCT_SEMANTICS,[],[],[],Preserved name-inferred target; known concrete sink witnesses retained. No runtime or authority proof is inferred from the name.,False,False,False
1280,scripts/forensics/run159_ceri_quarantine.py:apply_quarantine,scripts/profile_sec_performance.py:ProfilingSession.scalar,POTENTIAL_DISTINCT_SEMANTICS,[],[],[],Preserved name-inferred target; known concrete sink witnesses retained. No runtime or authority proof is inferred from the name.,False,False,False
1281,scripts/forensics/run159_ceri_quarantine.py:main,app/services/canonical_evidence.py:CanonicalEvidenceSerializer.dumps,POTENTIAL_DISTINCT_SEMANTICS,[],[],"[""EF_a4620089ed8199e3""]",Preserved name-inferred target; known concrete sink witnesses retained. No runtime or authority proof is inferred from the name.,False,False,False
1282,scripts/forensics/run159_ceri_quarantine.py:main,app/services/ceri/effective_session_service.py:CeriEffectiveSessionService.resolve,POTENTIAL_DISTINCT_SEMANTICS,[],[],"[""EF_a4620089ed8199e3""]",Preserved name-inferred target; known concrete sink witnesses retained. No runtime or authority proof is inferred from the name.,False,False,False
1283,scripts/forensics/run159_certification_claim_inventory.py:_row_dict,app/services/fundamental_ranker_v2.py:FundamentalsV2Config.items,POTENTIAL_DISTINCT_SEMANTICS,[],[],[],Preserved name-inferred target; known concrete sink witnesses retained. No runtime or authority proof is inferred from the name.,False,False,False
1284,scripts/forensics/run159_certification_claim_inventory.py:build_inventory,app/services/canonical_evidence.py:CanonicalEvidenceSerializer.dumps,POTENTIAL_DISTINCT_SEMANTICS,[],[],[],Preserved name-inferred target; known concrete sink witnesses retained. No runtime or authority proof is inferred from the name.,False,False,False
1285,scripts/forensics/run159_certification_claim_inventory.py:build_inventory,app/services/fundamental_ranker_v2.py:FundamentalsV2Config.items,POTENTIAL_DISTINCT_SEMANTICS,[],[],[],Preserved name-inferred target; known concrete sink witnesses retained. No runtime or authority proof is inferred from the name.,False,False,False
1286,scripts/forensics/run159_certification_claim_inventory.py:build_inventory,scripts/qa/t13d_configuration_benchmark.py:EmptyRuleRows.all,POTENTIAL_DISTINCT_SEMANTICS,[],[],[],Preserved name-inferred target; known concrete sink witnesses retained. No runtime or authority proof is inferred from the name.,False,False,False
1287,scripts/forensics/run159_certification_claim_inventory.py:build_inventory,scripts/qa/t13d_configuration_benchmark.py:RulePreload.scalars,POTENTIAL_DISTINCT_SEMANTICS,[],[],[],Preserved name-inferred target; known concrete sink witnesses retained. No runtime or authority proof is inferred from the name.,False,False,False
1288,scripts/forensics/run159_certification_claim_inventory.py:main,app/services/canonical_evidence.py:CanonicalEvidenceSerializer.dumps,POTENTIAL_DISTINCT_SEMANTICS,[],[],[],Preserved name-inferred target; known concrete sink witnesses retained. No runtime or authority proof is inferred from the name.,False,False,False
1289,scripts/forensics/run159_certification_claim_inventory.py:main,app/services/ceri/effective_session_service.py:CeriEffectiveSessionService.resolve,POTENTIAL_DISTINCT_SEMANTICS,[],[],[],Preserved name-inferred target; known concrete sink witnesses retained. No runtime or authority proof is inferred from the name.,False,False,False
129,app/routers/winner_probability_routes.py:_require_run,scripts/profile_sec_performance.py:ProfilingSession.scalar,POTENTIAL_DISTINCT_SEMANTICS,[],[],[],Preserved name-inferred target; known concrete sink witnesses retained. No runtime or authority proof is inferred from the name.,False,False,False
1290,scripts/forensics/session_temporal_integrity_audit.py:main,app/services/canonical_evidence.py:CanonicalEvidenceSerializer.dumps,POTENTIAL_DISTINCT_SEMANTICS,[],[],[],Preserved name-inferred target; known concrete sink witnesses retained. No runtime or authority proof is inferred from the name.,False,False,False
1291,scripts/generate_ceri_remediation_verification.py:_config_payload,app/services/fundamental_ranker_v2.py:FundamentalsV2Config.items,POTENTIAL_DISTINCT_SEMANTICS,[],[],[],Preserved name-inferred target; known concrete sink witnesses retained. No runtime or authority proof is inferred from the name.,False,False,False
1292,scripts/generate_ceri_remediation_verification.py:_jsonable,app/services/fundamental_ranker_v2.py:FundamentalsV2Config.items,POTENTIAL_DISTINCT_SEMANTICS,[],[],[],Preserved name-inferred target; known concrete sink witnesses retained. No runtime or authority proof is inferred from the name.,False,False,False
1293,scripts/generate_ceri_remediation_verification.py:_legacy_check,app/services/fundamental_ranker_v2.py:FundamentalsV2Config.items,POTENTIAL_DISTINCT_SEMANTICS,[],[],[],Preserved name-inferred target; known concrete sink witnesses retained. No runtime or authority proof is inferred from the name.,False,False,False
1294,scripts/generate_ceri_remediation_verification.py:_write_json,app/services/canonical_evidence.py:CanonicalEvidenceSerializer.dumps,POTENTIAL_DISTINCT_SEMANTICS,[],[],[],Preserved name-inferred target; known concrete sink witnesses retained. No runtime or authority proof is inferred from the name.,False,False,False
1295,scripts/generate_ceri_remediation_verification.py:_write_markdown,app/services/fundamental_ranker_v2.py:FundamentalsV2Config.items,POTENTIAL_DISTINCT_SEMANTICS,[],[],[],Preserved name-inferred target; known concrete sink witnesses retained. No runtime or authority proof is inferred from the name.,False,False,False
1296,scripts/generate_ceri_remediation_verification.py:main,app/services/canonical_evidence.py:CanonicalEvidenceSerializer.dumps,POTENTIAL_DISTINCT_SEMANTICS,[],[],[],Preserved name-inferred target; known concrete sink witnesses retained. No runtime or authority proof is inferred from the name.,False,False,False
1297,scripts/generate_ceri_remediation_verification.py:main,scripts/profile_sec_performance.py:ProfilingSession.scalar,POTENTIAL_DISTINCT_SEMANTICS,[],[],[],Preserved name-inferred target; known concrete sink witnesses retained. No runtime or authority proof is inferred from the name.,False,False,False
1298,scripts/generate_ceri_remediation_verification.py:main,scripts/qa/t13d_configuration_benchmark.py:EmptyRuleRows.all,POTENTIAL_DISTINCT_SEMANTICS,[],[],[],Preserved name-inferred target; known concrete sink witnesses retained. No runtime or authority proof is inferred from the name.,False,False,False
1299,scripts/generate_ceri_remediation_verification.py:main,scripts/qa/t13d_configuration_benchmark.py:RulePreload.scalars,POTENTIAL_DISTINCT_SEMANTICS,[],[],[],Preserved name-inferred target; known concrete sink witnesses retained. No runtime or authority proof is inferred from the name.,False,False,False
13,app/observability/db_monitor.py:JsonlTelemetryWriter._run,app/observability/metrics.py:PrometheusMetrics.observe,POTENTIAL_DISTINCT_SEMANTICS,[],[],[],Preserved name-inferred target; known concrete sink witnesses retained. No runtime or authority proof is inferred from the name.,False,False,False
130,app/routers/winner_probability_routes.py:queue_winner_cohort_refresh,app/services/fundamental_ranker_v2.py:FundamentalsV2Config.items,POTENTIAL_DISTINCT_SEMANTICS,[],[],"[""EF_45b828a8ba71d319""]",Preserved name-inferred target; known concrete sink witnesses retained. No runtime or authority proof is inferred from the name.,False,False,False
1300,scripts/inspect_ceri_backlog.py:main,app/services/canonical_evidence.py:CanonicalEvidenceSerializer.dumps,POTENTIAL_DISTINCT_SEMANTICS,[],[],[],Preserved name-inferred target; known concrete sink witnesses retained. No runtime or authority proof is inferred from the name.,False,False,False
1301,scripts/inspect_ceri_backlog.py:main,scripts/profile_sec_performance.py:Tracker.as_dict,POTENTIAL_DISTINCT_SEMANTICS,[],[],[],Preserved name-inferred target; known concrete sink witnesses retained. No runtime or authority proof is inferred from the name.,False,False,False
1302,scripts/inspect_ceri_v2_plan.py:main,app/services/canonical_evidence.py:CanonicalEvidenceSerializer.dumps,POTENTIAL_DISTINCT_SEMANTICS,[],[],[],Preserved name-inferred target; known concrete sink witnesses retained. No runtime or authority proof is inferred from the name.,False,False,False
1303,scripts/inspect_ceri_v2_plan.py:main,app/services/ceri/effective_session_service.py:CeriEffectiveSessionService.resolve,POTENTIAL_DISTINCT_SEMANTICS,[],[],[],Preserved name-inferred target; known concrete sink witnesses retained. No runtime or authority proof is inferred from the name.,False,False,False
1304,scripts/inspect_ceri_v2_plan.py:main,scripts/qa/t13d_configuration_benchmark.py:RulePreload.scalars,POTENTIAL_DISTINCT_SEMANTICS,[],[],[],Preserved name-inferred target; known concrete sink witnesses retained. No runtime or authority proof is inferred from the name.,False,False,False
1305,scripts/inspect_run_recovery.py:_distinct_tickers,scripts/profile_sec_performance.py:ProfilingSession.scalar,POTENTIAL_DISTINCT_SEMANTICS,[],[],[],Preserved name-inferred target; known concrete sink witnesses retained. No runtime or authority proof is inferred from the name.,False,False,False
1306,scripts/inspect_run_recovery.py:_run_count,scripts/profile_sec_performance.py:ProfilingSession.scalar,POTENTIAL_DISTINCT_SEMANTICS,[],[],[],Preserved name-inferred target; known concrete sink witnesses retained. No runtime or authority proof is inferred from the name.,False,False,False
1307,scripts/inspect_run_recovery.py:inspect_recovery,app/services/fundamental_ranker_v2.py:FundamentalsV2Config.items,POTENTIAL_DISTINCT_SEMANTICS,[],[],[],Preserved name-inferred target; known concrete sink witnesses retained. No runtime or authority proof is inferred from the name.,False,False,False
1308,scripts/inspect_run_recovery.py:inspect_recovery,scripts/profile_sec_performance.py:ProfilingSession.scalar,POTENTIAL_DISTINCT_SEMANTICS,[],[],[],Preserved name-inferred target; known concrete sink witnesses retained. No runtime or authority proof is inferred from the name.,False,False,False
1309,scripts/inspect_run_recovery.py:inspect_recovery,scripts/profile_sec_performance.py:Tracker.as_dict,POTENTIAL_DISTINCT_SEMANTICS,[],[],[],Preserved name-inferred target; known concrete sink witnesses retained. No runtime or authority proof is inferred from the name.,False,False,False
131,app/routers/winner_probability_routes.py:queue_winner_prediction_capture,scripts/qa/t13d_configuration_benchmark.py:RulePreload.scalars,POTENTIAL_DISTINCT_SEMANTICS,[],[],"[""EF_cdcd77c8d00fbd9d""]",Preserved name-inferred target; known concrete sink witnesses retained. No runtime or authority proof is inferred from the name.,False,False,False
1310,scripts/inspect_run_recovery.py:inspect_recovery,scripts/qa/t13d_configuration_benchmark.py:EmptyRuleRows.all,POTENTIAL_DISTINCT_SEMANTICS,[],[],[],Preserved name-inferred target; known concrete sink witnesses retained. No runtime or authority proof is inferred from the name.,False,False,False
1311,scripts/inspect_run_recovery.py:inspect_recovery,scripts/qa/t13d_configuration_benchmark.py:RulePreload.scalars,POTENTIAL_DISTINCT_SEMANTICS,[],[],[],Preserved name-inferred target; known concrete sink witnesses retained. No runtime or authority proof is inferred from the name.,False,False,False
1312,scripts/inspect_run_recovery.py:main,app/services/canonical_evidence.py:CanonicalEvidenceSerializer.dumps,POTENTIAL_DISTINCT_SEMANTICS,[],[],[],Preserved name-inferred target; known concrete sink witnesses retained. No runtime or authority proof is inferred from the name.,False,False,False
1313,scripts/inspect_run_recovery.py:main,app/services/ceri/effective_session_service.py:CeriEffectiveSessionService.resolve,POTENTIAL_DISTINCT_SEMANTICS,[],[],[],Preserved name-inferred target; known concrete sink witnesses retained. No runtime or authority proof is inferred from the name.,False,False,False
1314,scripts/manage_sec_processor.py:_run_tickers,scripts/qa/t13d_configuration_benchmark.py:RulePreload.scalars,POTENTIAL_DISTINCT_SEMANTICS,[],[],[],Preserved name-inferred target; known concrete sink witnesses retained. No runtime or authority proof is inferred from the name.,False,False,False
1315,scripts/manage_sec_processor.py:main,app/services/canonical_evidence.py:CanonicalEvidenceSerializer.dumps,POTENTIAL_DISTINCT_SEMANTICS,[],[],[],Preserved name-inferred target; known concrete sink witnesses retained. No runtime or authority proof is inferred from the name.,False,False,False
1316,scripts/manage_sec_processor.py:main,app/services/ceri/effective_session_service.py:CeriEffectiveSessionService.resolve,POTENTIAL_DISTINCT_SEMANTICS,[],[],[],Preserved name-inferred target; known concrete sink witnesses retained. No runtime or authority proof is inferred from the name.,False,False,False
1317,scripts/manage_sec_processor.py:main,scripts/profile_sec_performance.py:Tracker.as_dict,POTENTIAL_DISTINCT_SEMANTICS,[],[],[],Preserved name-inferred target; known concrete sink witnesses retained. No runtime or authority proof is inferred from the name.,False,False,False
1318,scripts/materialize_sec_guidance_real_corpus_v1.py:materialize,app/services/canonical_evidence.py:CanonicalEvidenceSerializer.dumps,POTENTIAL_DISTINCT_SEMANTICS,[],[],[],Preserved name-inferred target; known concrete sink witnesses retained. No runtime or authority proof is inferred from the name.,False,False,False
1319,scripts/materialize_sec_guidance_real_corpus_v1.py:materialize,app/services/fundamental_ranker_v2.py:FundamentalsV2Config.items,POTENTIAL_DISTINCT_SEMANTICS,[],[],[],Preserved name-inferred target; known concrete sink witnesses retained. No runtime or authority proof is inferred from the name.,False,False,False
132,app/serve.py:_windows_listener,app/services/ceri/estimate_deduplicator.py:CeriEstimateDeduplicator.group,POTENTIAL_DISTINCT_SEMANTICS,[],[],[],Preserved name-inferred target; known concrete sink witnesses retained. No runtime or authority proof is inferred from the name.,False,False,False
1320,scripts/ops/certify_sec_processor_contract.py:_create_database,app/observability/logging.py:JsonLogFormatter.format,POTENTIAL_DISTINCT_SEMANTICS,[],[],[],Preserved name-inferred target; known concrete sink witnesses retained. No runtime or authority proof is inferred from the name.,False,False,False
1321,scripts/ops/certify_sec_processor_contract.py:_drop_targets,app/observability/logging.py:JsonLogFormatter.format,POTENTIAL_DISTINCT_SEMANTICS,[],[],[],Preserved name-inferred target; known concrete sink witnesses retained. No runtime or authority proof is inferred from the name.,False,False,False
1322,scripts/ops/certify_sec_processor_contract.py:_dump_production,scripts/ops/winner_evidence_differential.py:run,POTENTIAL_DISTINCT_SEMANTICS,[],[],[],Preserved name-inferred target; known concrete sink witnesses retained. No runtime or authority proof is inferred from the name.,False,False,False
1323,scripts/ops/certify_sec_processor_contract.py:_git_head,scripts/ops/winner_evidence_differential.py:run,POTENTIAL_DISTINCT_SEMANTICS,[],[],[],Preserved name-inferred target; known concrete sink witnesses retained. No runtime or authority proof is inferred from the name.,False,False,False
1324,scripts/ops/certify_sec_processor_contract.py:_jsonable,app/services/fundamental_ranker_v2.py:FundamentalsV2Config.items,POTENTIAL_DISTINCT_SEMANTICS,[],[],[],Preserved name-inferred target; known concrete sink witnesses retained. No runtime or authority proof is inferred from the name.,False,False,False
1325,scripts/ops/certify_sec_processor_contract.py:_restore_clone,scripts/ops/winner_evidence_differential.py:run,POTENTIAL_DISTINCT_SEMANTICS,[],[],[],Preserved name-inferred target; known concrete sink witnesses retained. No runtime or authority proof is inferred from the name.,False,False,False
1326,scripts/ops/certify_sec_processor_contract.py:_snapshot,app/services/canonical_evidence.py:CanonicalEvidenceSerializer.dumps,POTENTIAL_DISTINCT_SEMANTICS,[],[],[],Preserved name-inferred target; known concrete sink witnesses retained. No runtime or authority proof is inferred from the name.,False,False,False
1327,scripts/ops/certify_sec_processor_contract.py:_snapshot,app/services/fundamental_ranker_v2.py:FundamentalsV2Config.items,POTENTIAL_DISTINCT_SEMANTICS,[],[],[],Preserved name-inferred target; known concrete sink witnesses retained. No runtime or authority proof is inferred from the name.,False,False,False
1328,scripts/ops/certify_sec_processor_contract.py:main,app/services/canonical_evidence.py:CanonicalEvidenceSerializer.dumps,POTENTIAL_DISTINCT_SEMANTICS,[],[],[],Preserved name-inferred target; known concrete sink witnesses retained. No runtime or authority proof is inferred from the name.,False,False,False
1329,scripts/ops/certify_sec_processor_contract.py:main,scripts/ops/lifecycle_probe.py:parse_args,POTENTIAL_DISTINCT_SEMANTICS,[],[],[],Preserved name-inferred target; known concrete sink witnesses retained. No runtime or authority proof is inferred from the name.,False,False,False
133,app/services/alembic_heads.py:repository_alembic_heads,app/services/ceri/effective_session_service.py:CeriEffectiveSessionService.resolve,POTENTIAL_DISTINCT_SEMANTICS,[],[],[],Preserved name-inferred target; known concrete sink witnesses retained. No runtime or authority proof is inferred from the name.,False,False,False
1330,scripts/ops/core_configuration_authority_audit.py:census,app/services/fundamental_ranker_v2.py:FundamentalsV2Config.items,POTENTIAL_DISTINCT_SEMANTICS,[],[],[],Preserved name-inferred target; known concrete sink witnesses retained. No runtime or authority proof is inferred from the name.,False,False,False
1331,scripts/ops/core_configuration_authority_audit.py:inventory,app/services/fundamental_ranker_v2.py:FundamentalsV2Config.items,POTENTIAL_DISTINCT_SEMANTICS,[],[],[],Preserved name-inferred target; known concrete sink witnesses retained. No runtime or authority proof is inferred from the name.,False,False,False
1332,scripts/ops/effective_configuration_authority_audit.py:main,app/services/fundamental_ranker_v2.py:FundamentalsV2Config.items,POTENTIAL_DISTINCT_SEMANTICS,[],[],[],Preserved name-inferred target; known concrete sink witnesses retained. No runtime or authority proof is inferred from the name.,False,False,False
1333,scripts/ops/effective_configuration_authority_audit.py:yaml_keys,app/services/fundamental_ranker_v2.py:FundamentalsV2Config.items,POTENTIAL_DISTINCT_SEMANTICS,[],[],[],Preserved name-inferred target; known concrete sink witnesses retained. No runtime or authority proof is inferred from the name.,False,False,False
1334,scripts/ops/evidence_manifest.py:_alembic_revision,scripts/profile_sec_performance.py:ProfilingSession.scalar,POTENTIAL_DISTINCT_SEMANTICS,[],[],[],Preserved name-inferred target; known concrete sink witnesses retained. No runtime or authority proof is inferred from the name.,False,False,False
1335,scripts/ops/evidence_manifest.py:_canonicalize,app/services/fundamental_ranker_v2.py:FundamentalsV2Config.items,POTENTIAL_DISTINCT_SEMANTICS,[],[],[],Preserved name-inferred target; known concrete sink witnesses retained. No runtime or authority proof is inferred from the name.,False,False,False
1336,scripts/ops/evidence_manifest.py:_capture_table,app/services/canonical_evidence.py:CanonicalEvidenceSerializer.dumps,POTENTIAL_DISTINCT_SEMANTICS,[],[],[],Preserved name-inferred target; known concrete sink witnesses retained. No runtime or authority proof is inferred from the name.,False,False,False
1337,scripts/ops/evidence_manifest.py:_write_json,app/services/canonical_evidence.py:CanonicalEvidenceSerializer.dumps,POTENTIAL_DISTINCT_SEMANTICS,[],[],[],Preserved name-inferred target; known concrete sink witnesses retained. No runtime or authority proof is inferred from the name.,False,False,False
1338,scripts/ops/evidence_manifest.py:compare_database_to_manifest,app/services/fundamental_ranker_v2.py:FundamentalsV2Config.items,POTENTIAL_DISTINCT_SEMANTICS,[],[],[],Preserved name-inferred target; known concrete sink witnesses retained. No runtime or authority proof is inferred from the name.,False,False,False
1339,scripts/ops/evidence_manifest.py:main,app/services/canonical_evidence.py:CanonicalEvidenceSerializer.dumps,POTENTIAL_DISTINCT_SEMANTICS,[],[],[],Preserved name-inferred target; known concrete sink witnesses retained. No runtime or authority proof is inferred from the name.,False,False,False
134,app/services/alembic_heads.py:repository_alembic_heads,app/services/setup_lifecycle/signal_registry.py:SignalDefinitionRegistry.from_config,POTENTIAL_DISTINCT_SEMANTICS,[],[],[],Preserved name-inferred target; known concrete sink witnesses retained. No runtime or authority proof is inferred from the name.,False,False,False
1340,scripts/ops/evidence_manifest.py:main,scripts/ops/lifecycle_probe.py:parse_args,POTENTIAL_DISTINCT_SEMANTICS,[],[],[],Preserved name-inferred target; known concrete sink witnesses retained. No runtime or authority proof is inferred from the name.,False,False,False
1341,scripts/ops/evidence_manifest.py:read_manifest,app/services/fundamental_ranker_v2.py:FundamentalsV2Config.items,POTENTIAL_DISTINCT_SEMANTICS,[],[],[],Preserved name-inferred target; known concrete sink witnesses retained. No runtime or authority proof is inferred from the name.,False,False,False
1342,scripts/ops/ib_historical_probe.py:main,app/services/ceri/effective_session_service.py:CeriEffectiveSessionService.resolve,POTENTIAL_DISTINCT_SEMANTICS,[],[],[],Preserved name-inferred target; known concrete sink witnesses retained. No runtime or authority proof is inferred from the name.,False,False,False
1343,scripts/ops/ib_historical_probe.py:main,scripts/ops/lifecycle_probe.py:parse_args,POTENTIAL_DISTINCT_SEMANTICS,[],[],[],Preserved name-inferred target; known concrete sink witnesses retained. No runtime or authority proof is inferred from the name.,False,False,False
1344,scripts/ops/ib_historical_probe.py:print_report,app/services/canonical_evidence.py:CanonicalEvidenceSerializer.dumps,POTENTIAL_DISTINCT_SEMANTICS,[],[],[],Preserved name-inferred target; known concrete sink witnesses retained. No runtime or authority proof is inferred from the name.,False,False,False
1345,scripts/ops/ib_historical_probe.py:write_json_artifact,app/services/canonical_evidence.py:CanonicalEvidenceSerializer.dumps,POTENTIAL_DISTINCT_SEMANTICS,[],[],[],Preserved name-inferred target; known concrete sink witnesses retained. No runtime or authority proof is inferred from the name.,False,False,False
1346,scripts/ops/lifecycle_probe.py:_diagnose,app/services/fundamental_ranker_v2.py:FundamentalsV2Config.items,POTENTIAL_DISTINCT_SEMANTICS,[],[],[],Preserved name-inferred target; known concrete sink witnesses retained. No runtime or authority proof is inferred from the name.,False,False,False
1347,scripts/ops/lifecycle_probe.py:_diagnose,scripts/ops/winner_evidence_differential.py:run,POTENTIAL_DISTINCT_SEMANTICS,[],[],[],Preserved name-inferred target; known concrete sink witnesses retained. No runtime or authority proof is inferred from the name.,False,False,False
1348,scripts/ops/lifecycle_probe.py:_docker_command,scripts/ops/winner_evidence_differential.py:run,POTENTIAL_DISTINCT_SEMANTICS,[],[],[],Preserved name-inferred target; known concrete sink witnesses retained. No runtime or authority proof is inferred from the name.,False,False,False
1349,scripts/ops/lifecycle_probe.py:_git_commit,scripts/ops/winner_evidence_differential.py:run,POTENTIAL_DISTINCT_SEMANTICS,[],[],[],Preserved name-inferred target; known concrete sink witnesses retained. No runtime or authority proof is inferred from the name.,False,False,False
135,app/services/background_job_service.py:_apply_running_job_update,app/services/fundamental_ranker_v2.py:FundamentalsV2Config.items,POTENTIAL_DISTINCT_SEMANTICS,[],[],[],Preserved name-inferred target; known concrete sink witnesses retained. No runtime or authority proof is inferred from the name.,False,False,False
1350,scripts/ops/lifecycle_probe.py:_jobs_report,scripts/qa/t13d_configuration_benchmark.py:EmptyRuleRows.all,POTENTIAL_DISTINCT_SEMANTICS,[],[],[],Preserved name-inferred target; known concrete sink witnesses retained. No runtime or authority proof is inferred from the name.,False,False,False
1351,scripts/ops/lifecycle_probe.py:_migrate,scripts/ops/winner_evidence_differential.py:run,POTENTIAL_DISTINCT_SEMANTICS,[],[],[],Preserved name-inferred target; known concrete sink witnesses retained. No runtime or authority proof is inferred from the name.,False,False,False
1352,scripts/ops/lifecycle_probe.py:_observability_report,app/services/fundamental_ranker_v2.py:FundamentalsV2Config.items,POTENTIAL_DISTINCT_SEMANTICS,[],[],[],Preserved name-inferred target; known concrete sink witnesses retained. No runtime or authority proof is inferred from the name.,False,False,False
1353,scripts/ops/lifecycle_probe.py:_role_processes,app/services/fundamental_ranker_v2.py:FundamentalsV2Config.items,POTENTIAL_DISTINCT_SEMANTICS,[],[],[],Preserved name-inferred target; known concrete sink witnesses retained. No runtime or authority proof is inferred from the name.,False,False,False
1354,scripts/ops/lifecycle_probe.py:_runtime_recovery_evidence,app/services/fundamental_ranker_v2.py:FundamentalsV2Config.items,POTENTIAL_DISTINCT_SEMANTICS,[],[],[],Preserved name-inferred target; known concrete sink witnesses retained. No runtime or authority proof is inferred from the name.,False,False,False
1355,scripts/ops/lifecycle_probe.py:_terminate_process_tree,scripts/ops/winner_evidence_differential.py:run,POTENTIAL_DISTINCT_SEMANTICS,[],[],[],Preserved name-inferred target; known concrete sink witnesses retained. No runtime or authority proof is inferred from the name.,False,False,False
1356,scripts/ops/lifecycle_probe.py:main,app/services/canonical_evidence.py:CanonicalEvidenceSerializer.dumps,POTENTIAL_DISTINCT_SEMANTICS,[],[],[],Preserved name-inferred target; known concrete sink witnesses retained. No runtime or authority proof is inferred from the name.,False,False,False
1357,scripts/ops/validate_restore.py:_critical_row_counts,scripts/profile_sec_performance.py:ProfilingSession.scalar,POTENTIAL_DISTINCT_SEMANTICS,[],[],[],Preserved name-inferred target; known concrete sink witnesses retained. No runtime or authority proof is inferred from the name.,False,False,False
1358,scripts/ops/validate_restore.py:_current_alembic_revision,scripts/profile_sec_performance.py:ProfilingSession.scalar,POTENTIAL_DISTINCT_SEMANTICS,[],[],[],Preserved name-inferred target; known concrete sink witnesses retained. No runtime or authority proof is inferred from the name.,False,False,False
1359,scripts/ops/validate_restore.py:_foreign_key_violations,scripts/profile_sec_performance.py:ProfilingSession.scalar,POTENTIAL_DISTINCT_SEMANTICS,[],[],[],Preserved name-inferred target; known concrete sink witnesses retained. No runtime or authority proof is inferred from the name.,False,False,False
136,app/services/background_job_service.py:_claim_ready_job_id,scripts/profile_sec_performance.py:ProfilingSession.scalar,POTENTIAL_DISTINCT_SEMANTICS,[],[],[],Preserved name-inferred target; known concrete sink witnesses retained. No runtime or authority proof is inferred from the name.,False,False,False
1360,scripts/ops/validate_restore.py:_hash_column_checks,scripts/profile_sec_performance.py:ProfilingSession.scalar,POTENTIAL_DISTINCT_SEMANTICS,[],[],[],Preserved name-inferred target; known concrete sink witnesses retained. No runtime or authority proof is inferred from the name.,False,False,False
1361,scripts/ops/validate_restore.py:_repository_alembic_heads,app/services/setup_lifecycle/signal_registry.py:SignalDefinitionRegistry.from_config,POTENTIAL_DISTINCT_SEMANTICS,[],[],[],Preserved name-inferred target; known concrete sink witnesses retained. No runtime or authority proof is inferred from the name.,False,False,False
1362,scripts/ops/validate_restore.py:main,app/services/canonical_evidence.py:CanonicalEvidenceSerializer.dumps,POTENTIAL_DISTINCT_SEMANTICS,[],[],[],Preserved name-inferred target; known concrete sink witnesses retained. No runtime or authority proof is inferred from the name.,False,False,False
1363,scripts/ops/validate_restore.py:main,scripts/ops/lifecycle_probe.py:parse_args,POTENTIAL_DISTINCT_SEMANTICS,[],[],[],Preserved name-inferred target; known concrete sink witnesses retained. No runtime or authority proof is inferred from the name.,False,False,False
1364,scripts/ops/validate_restore.py:write_report,app/services/canonical_evidence.py:CanonicalEvidenceSerializer.dumps,POTENTIAL_DISTINCT_SEMANTICS,[],[],[],Preserved name-inferred target; known concrete sink witnesses retained. No runtime or authority proof is inferred from the name.,False,False,False
1365,scripts/ops/winner_evidence_differential.py:_statistics_payload,app/services/fundamental_ranker_v2.py:FundamentalsV2Config.items,POTENTIAL_DISTINCT_SEMANTICS,[],[],[],Preserved name-inferred target; known concrete sink witnesses retained. No runtime or authority proof is inferred from the name.,False,False,False
1366,scripts/ops/winner_evidence_differential.py:main,app/services/canonical_evidence.py:CanonicalEvidenceSerializer.dumps,POTENTIAL_DISTINCT_SEMANTICS,[],[],[],Preserved name-inferred target; known concrete sink witnesses retained. No runtime or authority proof is inferred from the name.,False,False,False
1367,scripts/ops/winner_evidence_differential.py:main,scripts/ops/lifecycle_probe.py:parse_args,POTENTIAL_DISTINCT_SEMANTICS,[],[],[],Preserved name-inferred target; known concrete sink witnesses retained. No runtime or authority proof is inferred from the name.,False,False,False
1368,scripts/ops/winner_evidence_differential.py:run,scripts/profile_sec_performance.py:ProfilingSession.scalar,POTENTIAL_DISTINCT_SEMANTICS,[],[],[],Preserved name-inferred target; known concrete sink witnesses retained. No runtime or authority proof is inferred from the name.,False,False,False
1369,scripts/ops/winner_evidence_differential.py:run,scripts/qa/t13d_configuration_benchmark.py:RulePreload.scalars,POTENTIAL_DISTINCT_SEMANTICS,[],[],[],Preserved name-inferred target; known concrete sink witnesses retained. No runtime or authority proof is inferred from the name.,False,False,False
137,app/services/background_job_service.py:_enqueue_pre_migration_job,scripts/profile_sec_performance.py:ProfilingSession.scalar,POTENTIAL_DISTINCT_SEMANTICS,[],[],[],Preserved name-inferred target; known concrete sink witnesses retained. No runtime or authority proof is inferred from the name.,False,False,False
1370,scripts/owpe_pre11_activate_l5.py:main,app/services/canonical_evidence.py:CanonicalEvidenceSerializer.dumps,POTENTIAL_DISTINCT_SEMANTICS,[],[],"[""EF_dffa2b1993aa2354""]",Preserved name-inferred target; known concrete sink witnesses retained. No runtime or authority proof is inferred from the name.,False,False,False
1371,scripts/owpe_pre11_activation_snapshot.py:main,app/services/canonical_evidence.py:CanonicalEvidenceSerializer.dumps,POTENTIAL_DISTINCT_SEMANTICS,[],[],[],Preserved name-inferred target; known concrete sink witnesses retained. No runtime or authority proof is inferred from the name.,False,False,False
1372,scripts/owpe_pre11_activation_snapshot.py:main,app/services/fundamental_ranker_v2.py:FundamentalsV2Config.items,POTENTIAL_DISTINCT_SEMANTICS,[],[],[],Preserved name-inferred target; known concrete sink witnesses retained. No runtime or authority proof is inferred from the name.,False,False,False
1373,scripts/owpe_pre11_activation_snapshot.py:main,scripts/profile_sec_performance.py:ProfilingSession.scalar,POTENTIAL_DISTINCT_SEMANTICS,[],[],[],Preserved name-inferred target; known concrete sink witnesses retained. No runtime or authority proof is inferred from the name.,False,False,False
1374,scripts/owpe_pre11_training_compatibility.py:main,app/services/canonical_evidence.py:CanonicalEvidenceSerializer.dumps,POTENTIAL_DISTINCT_SEMANTICS,[],[],"[""EF_e7b00a98f583e767""]",Preserved name-inferred target; known concrete sink witnesses retained. No runtime or authority proof is inferred from the name.,False,False,False
1375,scripts/owpe_pre11_training_compatibility.py:main,app/services/winner_probability/pre11_compatibility_service.py:Pre11DryRunResult.manifest_payload,POTENTIAL_DISTINCT_SEMANTICS,[],[],"[""EF_e7b00a98f583e767""]",Preserved name-inferred target; known concrete sink witnesses retained. No runtime or authority proof is inferred from the name.,False,False,False
1376,scripts/owpe_pre11_training_compatibility.py:main,scripts/profile_sec_performance.py:ProfilingSession.scalar,POTENTIAL_DISTINCT_SEMANTICS,[],[],"[""EF_e7b00a98f583e767""]",Preserved name-inferred target; known concrete sink witnesses retained. No runtime or authority proof is inferred from the name.,False,False,False
1377,scripts/profile_sec_performance.py:Tracker.finalize,app/services/fundamental_ranker_v2.py:FundamentalsV2Config.items,POTENTIAL_DISTINCT_SEMANTICS,[],[],[],Preserved name-inferred target; known concrete sink witnesses retained. No runtime or authority proof is inferred from the name.,False,False,False
1378,scripts/profile_sec_performance.py:assert_no_unrelated_active_jobs,scripts/qa/t13d_configuration_benchmark.py:EmptyRuleRows.all,POTENTIAL_DISTINCT_SEMANTICS,[],[],[],Preserved name-inferred target; known concrete sink witnesses retained. No runtime or authority proof is inferred from the name.,False,False,False
1379,scripts/profile_sec_performance.py:main,app/services/canonical_evidence.py:CanonicalEvidenceSerializer.dumps,POTENTIAL_DISTINCT_SEMANTICS,[],[],"[""EF_57005fc921eb55e1""]",Preserved name-inferred target; known concrete sink witnesses retained. No runtime or authority proof is inferred from the name.,False,False,False
138,app/services/background_job_service.py:_interrupt_fenced_pipeline_steps,scripts/qa/t13d_configuration_benchmark.py:RulePreload.scalars,POTENTIAL_DISTINCT_SEMANTICS,[],[],[],Preserved name-inferred target; known concrete sink witnesses retained. No runtime or authority proof is inferred from the name.,False,False,False
1380,scripts/profile_sec_performance.py:postgresql_working_set_bytes,scripts/ops/winner_evidence_differential.py:run,POTENTIAL_DISTINCT_SEMANTICS,[],[],[],Preserved name-inferred target; known concrete sink witnesses retained. No runtime or authority proof is inferred from the name.,False,False,False
1381,scripts/profile_sec_performance.py:render_markdown,app/services/fundamental_ranker_v2.py:FundamentalsV2Config.items,POTENTIAL_DISTINCT_SEMANTICS,[],[],[],Preserved name-inferred target; known concrete sink witnesses retained. No runtime or authority proof is inferred from the name.,False,False,False
1382,scripts/profile_sec_performance.py:summarize_requests,app/services/fundamental_ranker_v2.py:FundamentalsV2Config.items,POTENTIAL_DISTINCT_SEMANTICS,[],[],[],Preserved name-inferred target; known concrete sink witnesses retained. No runtime or authority proof is inferred from the name.,False,False,False
1383,scripts/profile_sec_performance.py:timing_breakdown,app/services/fundamental_ranker_v2.py:FundamentalsV2Config.items,POTENTIAL_DISTINCT_SEMANTICS,[],[],[],Preserved name-inferred target; known concrete sink witnesses retained. No runtime or authority proof is inferred from the name.,False,False,False
1384,scripts/profile_sec_performance.py:verify_clean_queue,scripts/qa/t13d_configuration_benchmark.py:EmptyRuleRows.all,POTENTIAL_DISTINCT_SEMANTICS,[],[],[],Preserved name-inferred target; known concrete sink witnesses retained. No runtime or authority proof is inferred from the name.,False,False,False
1385,scripts/profile_sec_performance.py:write_outputs,app/services/canonical_evidence.py:CanonicalEvidenceSerializer.dumps,POTENTIAL_DISTINCT_SEMANTICS,[],[],[],Preserved name-inferred target; known concrete sink witnesses retained. No runtime or authority proof is inferred from the name.,False,False,False
1386,scripts/profile_sec_performance.py:write_outputs,app/services/ceri/effective_session_service.py:CeriEffectiveSessionService.resolve,POTENTIAL_DISTINCT_SEMANTICS,[],[],[],Preserved name-inferred target; known concrete sink witnesses retained. No runtime or authority proof is inferred from the name.,False,False,False
1387,scripts/qa/certify_ceri_run101.py:_csv,app/services/canonical_evidence.py:CanonicalEvidenceSerializer.dumps,POTENTIAL_DISTINCT_SEMANTICS,[],[],[],Preserved name-inferred target; known concrete sink witnesses retained. No runtime or authority proof is inferred from the name.,False,False,False
1388,scripts/qa/certify_ceri_run101.py:_csv,app/services/fundamental_ranker_v2.py:FundamentalsV2Config.items,POTENTIAL_DISTINCT_SEMANTICS,[],[],[],Preserved name-inferred target; known concrete sink witnesses retained. No runtime or authority proof is inferred from the name.,False,False,False
1389,scripts/qa/certify_ceri_run101.py:_summary,app/services/fundamental_ranker_v2.py:FundamentalsV2Config.items,POTENTIAL_DISTINCT_SEMANTICS,[],[],[],Preserved name-inferred target; known concrete sink witnesses retained. No runtime or authority proof is inferred from the name.,False,False,False
139,app/services/background_job_service.py:_update_fanout_summary,scripts/profile_sec_performance.py:ProfilingSession.scalar,POTENTIAL_DISTINCT_SEMANTICS,[],[],[],Preserved name-inferred target; known concrete sink witnesses retained. No runtime or authority proof is inferred from the name.,False,False,False
1390,scripts/qa/certify_ceri_run101.py:main,app/services/canonical_evidence.py:CanonicalEvidenceSerializer.dumps,POTENTIAL_DISTINCT_SEMANTICS,[],[],[],Preserved name-inferred target; known concrete sink witnesses retained. No runtime or authority proof is inferred from the name.,False,False,False
1391,scripts/qa/certify_ceri_run101.py:main,app/services/fundamental_ranker_v2.py:FundamentalsV2Config.items,POTENTIAL_DISTINCT_SEMANTICS,[],[],[],Preserved name-inferred target; known concrete sink witnesses retained. No runtime or authority proof is inferred from the name.,False,False,False
1392,scripts/qa/certify_ceri_run101.py:main,scripts/qa/t13d_configuration_benchmark.py:RulePreload.scalars,POTENTIAL_DISTINCT_SEMANTICS,[],[],[],Preserved name-inferred target; known concrete sink witnesses retained. No runtime or authority proof is inferred from the name.,False,False,False
1393,scripts/qa/certify_ceri_run101_golden.py:_trace,app/services/canonical_evidence.py:CanonicalEvidenceSerializer.dumps,POTENTIAL_DISTINCT_SEMANTICS,[],[],[],Preserved name-inferred target; known concrete sink witnesses retained. No runtime or authority proof is inferred from the name.,False,False,False
1394,scripts/qa/certify_ceri_run101_golden.py:_write_json,app/services/canonical_evidence.py:CanonicalEvidenceSerializer.dumps,POTENTIAL_DISTINCT_SEMANTICS,[],[],[],Preserved name-inferred target; known concrete sink witnesses retained. No runtime or authority proof is inferred from the name.,False,False,False
1395,scripts/qa/certify_ceri_run101_golden.py:main,app/services/canonical_evidence.py:CanonicalEvidenceSerializer.dumps,POTENTIAL_DISTINCT_SEMANTICS,[],[],[],Preserved name-inferred target; known concrete sink witnesses retained. No runtime or authority proof is inferred from the name.,False,False,False
1396,scripts/qa/certify_ceri_run102_golden.py:_trace,app/services/canonical_evidence.py:CanonicalEvidenceSerializer.dumps,POTENTIAL_DISTINCT_SEMANTICS,[],[],[],Preserved name-inferred target; known concrete sink witnesses retained. No runtime or authority proof is inferred from the name.,False,False,False
1397,scripts/qa/certify_ceri_run102_golden.py:_write_json,app/services/canonical_evidence.py:CanonicalEvidenceSerializer.dumps,POTENTIAL_DISTINCT_SEMANTICS,[],[],[],Preserved name-inferred target; known concrete sink witnesses retained. No runtime or authority proof is inferred from the name.,False,False,False
1398,scripts/qa/certify_ceri_run102_golden.py:main,app/services/canonical_evidence.py:CanonicalEvidenceSerializer.dumps,POTENTIAL_DISTINCT_SEMANTICS,[],[],[],Preserved name-inferred target; known concrete sink witnesses retained. No runtime or authority proof is inferred from the name.,False,False,False
1399,scripts/qa/certify_slse_natural.py:_counts,scripts/profile_sec_performance.py:ProfilingSession.scalar,POTENTIAL_DISTINCT_SEMANTICS,[],[],[],Preserved name-inferred target; known concrete sink witnesses retained. No runtime or authority proof is inferred from the name.,False,False,False
14,app/observability/db_monitor.py:JsonlTelemetryWriter._write_line,app/observability/metrics.py:PrometheusMetrics.increment,POTENTIAL_DISTINCT_SEMANTICS,[],[],[],Preserved name-inferred target; known concrete sink witnesses retained. No runtime or authority proof is inferred from the name.,False,False,False
140,app/services/background_job_service.py:active_job_for_request_key,scripts/qa/t13d_configuration_benchmark.py:EmptyRuleRows.all,POTENTIAL_DISTINCT_SEMANTICS,[],[],[],Preserved name-inferred target; known concrete sink witnesses retained. No runtime or authority proof is inferred from the name.,False,False,False
1400,scripts/qa/certify_slse_natural.py:main,app/services/canonical_evidence.py:CanonicalEvidenceSerializer.dumps,POTENTIAL_DISTINCT_SEMANTICS,[],[],"[""EF_6cafbc6643911d81""]",Preserved name-inferred target; known concrete sink witnesses retained. No runtime or authority proof is inferred from the name.,False,False,False
1401,scripts/qa/certify_slse_natural.py:main,app/services/fundamental_ranker_v2.py:FundamentalsV2Config.items,POTENTIAL_DISTINCT_SEMANTICS,[],[],"[""EF_6cafbc6643911d81""]",Preserved name-inferred target; known concrete sink witnesses retained. No runtime or authority proof is inferred from the name.,False,False,False
1402,scripts/qa/certify_slse_natural.py:main,scripts/profile_sec_performance.py:ProfilingSession.scalar,POTENTIAL_DISTINCT_SEMANTICS,[],[],"[""EF_6cafbc6643911d81""]",Preserved name-inferred target; known concrete sink witnesses retained. No runtime or authority proof is inferred from the name.,False,False,False
1403,scripts/qa/certify_slse_natural.py:main,scripts/qa/t13d_configuration_benchmark.py:RulePreload.scalars,POTENTIAL_DISTINCT_SEMANTICS,[],[],"[""EF_6cafbc6643911d81""]",Preserved name-inferred target; known concrete sink witnesses retained. No runtime or authority proof is inferred from the name.,False,False,False
1404,scripts/qa/core_configuration_behavior_capture.py:capture,app/services/core_effective_configuration.py:CoreEffectiveConfiguration.ranking_profile,POTENTIAL_DISTINCT_SEMANTICS,[],[],[],Preserved name-inferred target; known concrete sink witnesses retained. No runtime or authority proof is inferred from the name.,False,False,False
1405,scripts/qa/ib_fault_proxy.py:_handle_connection,app/services/ceri/sec/state_service.py:SecDocumentStateService.cancel,POTENTIAL_DISTINCT_SEMANTICS,[],[],[],Preserved name-inferred target; known concrete sink witnesses retained. No runtime or authority proof is inferred from the name.,False,False,False
1406,scripts/qa/ib_fault_proxy.py:_validate_args,app/services/fundamental_ranker_v2.py:FundamentalsV2Config.items,POTENTIAL_DISTINCT_SEMANTICS,[],[],[],Preserved name-inferred target; known concrete sink witnesses retained. No runtime or authority proof is inferred from the name.,False,False,False
1407,scripts/qa/rebuild_slse_dev_history.py:_counter,app/services/fundamental_ranker_v2.py:FundamentalsV2Config.items,POTENTIAL_DISTINCT_SEMANTICS,[],[],[],Preserved name-inferred target; known concrete sink witnesses retained. No runtime or authority proof is inferred from the name.,False,False,False
1408,scripts/qa/rebuild_slse_dev_history.py:_counts,scripts/profile_sec_performance.py:ProfilingSession.scalar,POTENTIAL_DISTINCT_SEMANTICS,[],[],[],Preserved name-inferred target; known concrete sink witnesses retained. No runtime or authority proof is inferred from the name.,False,False,False
1409,scripts/qa/rebuild_slse_dev_history.py:_defect_signatures,scripts/qa/t13d_configuration_benchmark.py:RulePreload.scalars,POTENTIAL_DISTINCT_SEMANTICS,[],[],[],Preserved name-inferred target; known concrete sink witnesses retained. No runtime or authority proof is inferred from the name.,False,False,False
141,app/services/background_job_service.py:active_job_for_type,scripts/qa/t13d_configuration_benchmark.py:EmptyRuleRows.all,POTENTIAL_DISTINCT_SEMANTICS,[],[],[],Preserved name-inferred target; known concrete sink witnesses retained. No runtime or authority proof is inferred from the name.,False,False,False
1410,scripts/qa/rebuild_slse_dev_history.py:_metrics,scripts/qa/t13d_configuration_benchmark.py:RulePreload.scalars,POTENTIAL_DISTINCT_SEMANTICS,[],[],[],Preserved name-inferred target; known concrete sink witnesses retained. No runtime or authority proof is inferred from the name.,False,False,False
1411,scripts/qa/rebuild_slse_dev_history.py:_write_json,app/services/canonical_evidence.py:CanonicalEvidenceSerializer.dumps,POTENTIAL_DISTINCT_SEMANTICS,[],[],[],Preserved name-inferred target; known concrete sink witnesses retained. No runtime or authority proof is inferred from the name.,False,False,False
1412,scripts/qa/rebuild_slse_dev_history.py:main,app/services/canonical_evidence.py:CanonicalEvidenceSerializer.dumps,POTENTIAL_DISTINCT_SEMANTICS,[],[],"[""EF_65e0e20a4aabf36e""]",Preserved name-inferred target; known concrete sink witnesses retained. No runtime or authority proof is inferred from the name.,False,False,False
1413,scripts/qa/rebuild_slse_dev_history.py:main,scripts/qa/t13d_configuration_benchmark.py:RulePreload.scalars,POTENTIAL_DISTINCT_SEMANTICS,[],[],"[""EF_65e0e20a4aabf36e""]",Preserved name-inferred target; known concrete sink witnesses retained. No runtime or authority proof is inferred from the name.,False,False,False
1414,scripts/qa/run_m05_restart.py:_final_evidence,app/services/fundamental_ranker_v2.py:FundamentalsV2Config.items,POTENTIAL_DISTINCT_SEMANTICS,[],[],[],Preserved name-inferred target; known concrete sink witnesses retained. No runtime or authority proof is inferred from the name.,False,False,False
1415,scripts/qa/run_m05_restart.py:_final_evidence,scripts/profile_sec_performance.py:ProfilingSession.scalar,POTENTIAL_DISTINCT_SEMANTICS,[],[],[],Preserved name-inferred target; known concrete sink witnesses retained. No runtime or authority proof is inferred from the name.,False,False,False
1416,scripts/qa/run_m05_restart.py:_final_evidence,scripts/qa/t13d_configuration_benchmark.py:EmptyRuleRows.all,POTENTIAL_DISTINCT_SEMANTICS,[],[],[],Preserved name-inferred target; known concrete sink witnesses retained. No runtime or authority proof is inferred from the name.,False,False,False
1417,scripts/qa/run_m05_restart.py:_final_evidence,scripts/qa/t13d_configuration_benchmark.py:RulePreload.scalars,POTENTIAL_DISTINCT_SEMANTICS,[],[],[],Preserved name-inferred target; known concrete sink witnesses retained. No runtime or authority proof is inferred from the name.,False,False,False
1418,scripts/qa/run_m05_restart.py:_free_local_port,app/services/core_effective_configuration.py:CoreEffectiveConfiguration.bind,POTENTIAL_DISTINCT_SEMANTICS,[],[],[],Preserved name-inferred target; known concrete sink witnesses retained. No runtime or authority proof is inferred from the name.,False,False,False
1419,scripts/qa/run_m05_restart.py:main,app/services/canonical_evidence.py:CanonicalEvidenceSerializer.dumps,POTENTIAL_DISTINCT_SEMANTICS,[],[],[],Preserved name-inferred target; known concrete sink witnesses retained. No runtime or authority proof is inferred from the name.,False,False,False
142,app/services/background_job_service.py:active_job_for_workflow_key,scripts/qa/t13d_configuration_benchmark.py:EmptyRuleRows.all,POTENTIAL_DISTINCT_SEMANTICS,[],[],[],Preserved name-inferred target; known concrete sink witnesses retained. No runtime or authority proof is inferred from the name.,False,False,False
1420,scripts/qa/run_m05_scale.py:_database_size,scripts/profile_sec_performance.py:ProfilingSession.scalar,POTENTIAL_DISTINCT_SEMANTICS,[],[],[],Preserved name-inferred target; known concrete sink witnesses retained. No runtime or authority proof is inferred from the name.,False,False,False
1421,scripts/qa/run_m05_scale.py:_disposable_database,app/observability/logging.py:JsonLogFormatter.format,POTENTIAL_DISTINCT_SEMANTICS,[],[],[],Preserved name-inferred target; known concrete sink witnesses retained. No runtime or authority proof is inferred from the name.,False,False,False
1422,scripts/qa/run_m05_scale.py:_evidence_counts,app/services/fundamental_ranker_v2.py:FundamentalsV2Config.items,POTENTIAL_DISTINCT_SEMANTICS,[],[],[],Preserved name-inferred target; known concrete sink witnesses retained. No runtime or authority proof is inferred from the name.,False,False,False
1423,scripts/qa/run_m05_scale.py:_evidence_counts,scripts/profile_sec_performance.py:ProfilingSession.scalar,POTENTIAL_DISTINCT_SEMANTICS,[],[],[],Preserved name-inferred target; known concrete sink witnesses retained. No runtime or authority proof is inferred from the name.,False,False,False
1424,scripts/qa/run_m05_scale.py:_load_csv_template,app/services/fundamental_ranker_v2.py:FundamentalsV2Config.items,POTENTIAL_DISTINCT_SEMANTICS,[],[],[],Preserved name-inferred target; known concrete sink witnesses retained. No runtime or authority proof is inferred from the name.,False,False,False
1425,scripts/qa/run_m05_scale.py:main,app/services/canonical_evidence.py:CanonicalEvidenceSerializer.dumps,POTENTIAL_DISTINCT_SEMANTICS,[],[],[],Preserved name-inferred target; known concrete sink witnesses retained. No runtime or authority proof is inferred from the name.,False,False,False
1426,scripts/qa/run_m05_soak.py:main,app/services/canonical_evidence.py:CanonicalEvidenceSerializer.dumps,POTENTIAL_DISTINCT_SEMANTICS,[],[],[],Preserved name-inferred target; known concrete sink witnesses retained. No runtime or authority proof is inferred from the name.,False,False,False
1427,scripts/qa/scan_tracked_secrets.py:scan_text,app/services/fundamental_ranker_v2.py:FundamentalsV2Config.items,POTENTIAL_DISTINCT_SEMANTICS,[],[],[],Preserved name-inferred target; known concrete sink witnesses retained. No runtime or authority proof is inferred from the name.,False,False,False
1428,scripts/qa/t12b_compare_behavior.py:compare,app/services/fundamental_ranker_v2.py:FundamentalsV2Config.items,POTENTIAL_DISTINCT_SEMANTICS,[],[],[],Preserved name-inferred target; known concrete sink witnesses retained. No runtime or authority proof is inferred from the name.,False,False,False
1429,scripts/qa/t12b_compare_behavior.py:compare,app/services/setup_lifecycle/signal_registry.py:SignalDefinitionRegistry.keys,POTENTIAL_DISTINCT_SEMANTICS,[],[],[],Preserved name-inferred target; known concrete sink witnesses retained. No runtime or authority proof is inferred from the name.,False,False,False
143,app/services/background_job_service.py:claim_next_job,scripts/profile_sec_performance.py:ProfilingSession.scalar,POTENTIAL_DISTINCT_SEMANTICS,[],[],[],Preserved name-inferred target; known concrete sink witnesses retained. No runtime or authority proof is inferred from the name.,False,False,False
1430,scripts/qa/t12c_compare_behavior.py:main,app/services/setup_lifecycle/signal_registry.py:SignalDefinitionRegistry.keys,POTENTIAL_DISTINCT_SEMANTICS,[],[],[],Preserved name-inferred target; known concrete sink witnesses retained. No runtime or authority proof is inferred from the name.,False,False,False
1431,scripts/qa/t12d_compare_behavior.py:main,app/services/setup_lifecycle/signal_registry.py:SignalDefinitionRegistry.keys,POTENTIAL_DISTINCT_SEMANTICS,[],[],[],Preserved name-inferred target; known concrete sink witnesses retained. No runtime or authority proof is inferred from the name.,False,False,False
1432,scripts/qa/t12e_behavior_probe.py:_business,app/services/fundamental_ranker_v2.py:FundamentalsV2Config.items,POTENTIAL_DISTINCT_SEMANTICS,[],[],[],Preserved name-inferred target; known concrete sink witnesses retained. No runtime or authority proof is inferred from the name.,False,False,False
1433,scripts/qa/t12e_lane_report.py:pytest_sessionfinish,app/services/canonical_evidence.py:CanonicalEvidenceSerializer.dumps,POTENTIAL_DISTINCT_SEMANTICS,[],[],[],Preserved name-inferred target; known concrete sink witnesses retained. No runtime or authority proof is inferred from the name.,False,False,False
1434,scripts/qa/t13c_behavior_probe.py:_plain,app/services/fundamental_ranker_v2.py:FundamentalsV2Config.items,POTENTIAL_DISTINCT_SEMANTICS,[],[],[],Preserved name-inferred target; known concrete sink witnesses retained. No runtime or authority proof is inferred from the name.,False,False,False
1435,scripts/qa/t13c_configuration_inventory.py:inventory,app/services/fundamental_ranker_v2.py:FundamentalsV2Config.items,POTENTIAL_DISTINCT_SEMANTICS,[],[],[],Preserved name-inferred target; known concrete sink witnesses retained. No runtime or authority proof is inferred from the name.,False,False,False
1436,scripts/qa/t13d_behavior_probe.py:_business,app/services/fundamental_ranker_v2.py:FundamentalsV2Config.items,POTENTIAL_DISTINCT_SEMANTICS,[],[],[],Preserved name-inferred target; known concrete sink witnesses retained. No runtime or authority proof is inferred from the name.,False,False,False
1437,scripts/qa/t13d_configuration_benchmark.py:benchmark,app/services/canonical_evidence.py:CanonicalEvidenceSerializer.dumps,POTENTIAL_DISTINCT_SEMANTICS,[],[],[],Preserved name-inferred target; known concrete sink witnesses retained. No runtime or authority proof is inferred from the name.,False,False,False
1438,scripts/qa/t13d_configuration_benchmark.py:benchmark,app/services/ceri/effective_session_service.py:CeriEffectiveSessionService.resolve,POTENTIAL_DISTINCT_SEMANTICS,[],[],[],Preserved name-inferred target; known concrete sink witnesses retained. No runtime or authority proof is inferred from the name.,False,False,False
1439,scripts/qa/t13d_configuration_benchmark.py:benchmark,app/services/decision_effective_configuration.py:DecisionEffectiveConfiguration.winner_config,POTENTIAL_DISTINCT_SEMANTICS,[],[],[],Preserved name-inferred target; known concrete sink witnesses retained. No runtime or authority proof is inferred from the name.,False,False,False
144,app/services/background_job_service.py:fence_jobs_for_worker,scripts/qa/t13d_configuration_benchmark.py:EmptyRuleRows.all,POTENTIAL_DISTINCT_SEMANTICS,[],[],[],Preserved name-inferred target; known concrete sink witnesses retained. No runtime or authority proof is inferred from the name.,False,False,False
1440,scripts/qa/t13d_configuration_benchmark.py:benchmark,app/services/fundamental_ranker_v2.py:FundamentalsV2Config.items,POTENTIAL_DISTINCT_SEMANTICS,[],[],[],Preserved name-inferred target; known concrete sink witnesses retained. No runtime or authority proof is inferred from the name.,False,False,False
1441,scripts/qa/t13d_configuration_inventory.py:census,app/services/fundamental_ranker_v2.py:FundamentalsV2Config.items,POTENTIAL_DISTINCT_SEMANTICS,[],[],[],Preserved name-inferred target; known concrete sink witnesses retained. No runtime or authority proof is inferred from the name.,False,False,False
1442,scripts/qa/t13d_configuration_inventory.py:inventory,app/services/canonical_evidence.py:CanonicalEvidenceSerializer.dumps,POTENTIAL_DISTINCT_SEMANTICS,[],[],[],Preserved name-inferred target; known concrete sink witnesses retained. No runtime or authority proof is inferred from the name.,False,False,False
1443,scripts/qa/t13d_configuration_inventory.py:inventory,app/services/fundamental_ranker_v2.py:FundamentalsV2Config.items,POTENTIAL_DISTINCT_SEMANTICS,[],[],[],Preserved name-inferred target; known concrete sink witnesses retained. No runtime or authority proof is inferred from the name.,False,False,False
1444,scripts/qa/t13e_authority_audit.py:inventory,app/services/ceri/estimate_deduplicator.py:CeriEstimateDeduplicator.group,POTENTIAL_DISTINCT_SEMANTICS,[],[],[],Preserved name-inferred target; known concrete sink witnesses retained. No runtime or authority proof is inferred from the name.,False,False,False
1445,scripts/qa/t13e_authority_audit.py:inventory,app/services/fundamental_ranker_v2.py:FundamentalsV2Config.items,POTENTIAL_DISTINCT_SEMANTICS,[],[],[],Preserved name-inferred target; known concrete sink witnesses retained. No runtime or authority proof is inferred from the name.,False,False,False
1446,scripts/qa/t13e_configuration_benchmark.py:benchmark,app/services/canonical_evidence.py:CanonicalEvidenceSerializer.dumps,POTENTIAL_DISTINCT_SEMANTICS,[],[],[],Preserved name-inferred target; known concrete sink witnesses retained. No runtime or authority proof is inferred from the name.,False,False,False
1447,scripts/qa/t13e_configuration_benchmark.py:benchmark,app/services/ceri/effective_session_service.py:CeriEffectiveSessionService.resolve,POTENTIAL_DISTINCT_SEMANTICS,[],[],[],Preserved name-inferred target; known concrete sink witnesses retained. No runtime or authority proof is inferred from the name.,False,False,False
1448,scripts/qa/t13e_configuration_benchmark.py:benchmark,app/services/decision_effective_configuration.py:DecisionEffectiveConfiguration.winner_config,POTENTIAL_DISTINCT_SEMANTICS,[],[],[],Preserved name-inferred target; known concrete sink witnesses retained. No runtime or authority proof is inferred from the name.,False,False,False
1449,scripts/qa/t13e_deployed_probe.py:main,app/services/canonical_evidence.py:CanonicalEvidenceSerializer.dumps,POTENTIAL_DISTINCT_SEMANTICS,[],[],[],Preserved name-inferred target; known concrete sink witnesses retained. No runtime or authority proof is inferred from the name.,False,False,False
145,app/services/background_job_service.py:fence_jobs_for_worker,scripts/qa/t13d_configuration_benchmark.py:RulePreload.scalars,POTENTIAL_DISTINCT_SEMANTICS,[],[],[],Preserved name-inferred target; known concrete sink witnesses retained. No runtime or authority proof is inferred from the name.,False,False,False
1450,scripts/qa/t13e_deployed_probe.py:main,app/services/ceri/effective_session_service.py:CeriEffectiveSessionService.resolve,POTENTIAL_DISTINCT_SEMANTICS,[],[],[],Preserved name-inferred target; known concrete sink witnesses retained. No runtime or authority proof is inferred from the name.,False,False,False
1451,scripts/qa/t13e_deployed_probe.py:main,app/services/fundamental_ranker_v2.py:FundamentalsV2Config.items,POTENTIAL_DISTINCT_SEMANTICS,[],[],[],Preserved name-inferred target; known concrete sink witnesses retained. No runtime or authority proof is inferred from the name.,False,False,False
1452,scripts/qa/t13e_deployed_probe.py:main,scripts/profile_sec_performance.py:ProfilingSession.scalar,POTENTIAL_DISTINCT_SEMANTICS,[],[],[],Preserved name-inferred target; known concrete sink witnesses retained. No runtime or authority proof is inferred from the name.,False,False,False
1453,scripts/qa/t13e_deployed_probe.py:main,scripts/qa/t13d_configuration_benchmark.py:EmptyRuleRows.all,POTENTIAL_DISTINCT_SEMANTICS,[],[],[],Preserved name-inferred target; known concrete sink witnesses retained. No runtime or authority proof is inferred from the name.,False,False,False
1454,scripts/qa/t13e_deployed_probe.py:main,scripts/qa/t13d_configuration_benchmark.py:RulePreload.scalars,POTENTIAL_DISTINCT_SEMANTICS,[],[],[],Preserved name-inferred target; known concrete sink witnesses retained. No runtime or authority proof is inferred from the name.,False,False,False
1455,scripts/qa/t14a_mutation_inventory.py:discover,app/services/fundamental_ranker_v2.py:FundamentalsV2Config.items,POTENTIAL_DISTINCT_SEMANTICS,[],[],[],Preserved name-inferred target; known concrete sink witnesses retained. No runtime or authority proof is inferred from the name.,False,False,False
1456,scripts/qa/t14a_reviewed_inventory.py:build_inventory,app/services/fundamental_ranker_v2.py:FundamentalsV2Config.items,POTENTIAL_DISTINCT_SEMANTICS,[],[],[],Preserved name-inferred target; known concrete sink witnesses retained. No runtime or authority proof is inferred from the name.,False,False,False
1457,scripts/qa/t14a_reviewed_inventory.py:export_inventory,app/services/canonical_evidence.py:CanonicalEvidenceSerializer.dumps,POTENTIAL_DISTINCT_SEMANTICS,[],[],[],Preserved name-inferred target; known concrete sink witnesses retained. No runtime or authority proof is inferred from the name.,False,False,False
1458,scripts/qa/t14a_reviewed_inventory.py:export_inventory,app/services/fundamental_ranker_v2.py:FundamentalsV2Config.items,POTENTIAL_DISTINCT_SEMANTICS,[],[],[],Preserved name-inferred target; known concrete sink witnesses retained. No runtime or authority proof is inferred from the name.,False,False,False
1459,scripts/qa/t14a_reviewed_inventory.py:graph,app/services/fundamental_ranker_v2.py:FundamentalsV2Config.items,POTENTIAL_DISTINCT_SEMANTICS,[],[],[],Preserved name-inferred target; known concrete sink witnesses retained. No runtime or authority proof is inferred from the name.,False,False,False
146,app/services/background_job_service.py:fence_stalled_jobs,scripts/qa/t13d_configuration_benchmark.py:EmptyRuleRows.all,POTENTIAL_DISTINCT_SEMANTICS,[],[],"[""EF_c7f7c896fe1e6070""]",Preserved name-inferred target; known concrete sink witnesses retained. No runtime or authority proof is inferred from the name.,False,False,False
1460,scripts/qa/t14a_reviewed_inventory.py:handler_registry,app/services/fundamental_ranker_v2.py:FundamentalsV2Config.items,POTENTIAL_DISTINCT_SEMANTICS,[],[],[],Preserved name-inferred target; known concrete sink witnesses retained. No runtime or authority proof is inferred from the name.,False,False,False
1461,scripts/qa/t14a_reviewed_inventory.py:sql_tables,app/services/ceri/estimate_deduplicator.py:CeriEstimateDeduplicator.group,POTENTIAL_DISTINCT_SEMANTICS,[],[],[],Preserved name-inferred target; known concrete sink witnesses retained. No runtime or authority proof is inferred from the name.,False,False,False
1462,scripts/qa/windows_process_lifetime_harness.py:_atomic_write,app/services/canonical_evidence.py:CanonicalEvidenceSerializer.dumps,POTENTIAL_DISTINCT_SEMANTICS,[],[],[],Preserved name-inferred target; known concrete sink witnesses retained. No runtime or authority proof is inferred from the name.,False,False,False
1463,scripts/qa/windows_process_lifetime_harness.py:_inspect,app/services/canonical_evidence.py:CanonicalEvidenceSerializer.dumps,POTENTIAL_DISTINCT_SEMANTICS,[],[],[],Preserved name-inferred target; known concrete sink witnesses retained. No runtime or authority proof is inferred from the name.,False,False,False
1464,scripts/qa/windows_process_lifetime_harness.py:_launch,app/services/canonical_evidence.py:CanonicalEvidenceSerializer.dumps,POTENTIAL_DISTINCT_SEMANTICS,[],[],[],Preserved name-inferred target; known concrete sink witnesses retained. No runtime or authority proof is inferred from the name.,False,False,False
1465,scripts/qa/windows_process_lifetime_harness.py:_launch,app/services/ceri/effective_session_service.py:CeriEffectiveSessionService.resolve,POTENTIAL_DISTINCT_SEMANTICS,[],[],[],Preserved name-inferred target; known concrete sink witnesses retained. No runtime or authority proof is inferred from the name.,False,False,False
1466,scripts/qa/windows_process_lifetime_harness.py:_stop,app/services/canonical_evidence.py:CanonicalEvidenceSerializer.dumps,POTENTIAL_DISTINCT_SEMANTICS,[],[],[],Preserved name-inferred target; known concrete sink witnesses retained. No runtime or authority proof is inferred from the name.,False,False,False
1467,scripts/resolve_sec_ciks.py:main,app/services/canonical_evidence.py:CanonicalEvidenceSerializer.dumps,POTENTIAL_DISTINCT_SEMANTICS,[],[],"[""EF_16848e7d5042bbd5""]",Preserved name-inferred target; known concrete sink witnesses retained. No runtime or authority proof is inferred from the name.,False,False,False
1468,scripts/resolve_sec_ciks.py:main,scripts/qa/t13d_configuration_benchmark.py:EmptyRuleRows.all,POTENTIAL_DISTINCT_SEMANTICS,[],[],"[""EF_16848e7d5042bbd5""]",Preserved name-inferred target; known concrete sink witnesses retained. No runtime or authority proof is inferred from the name.,False,False,False
1469,scripts/resolve_sec_ciks.py:main,scripts/qa/t13d_configuration_benchmark.py:RulePreload.scalars,POTENTIAL_DISTINCT_SEMANTICS,[],[],"[""EF_16848e7d5042bbd5""]",Preserved name-inferred target; known concrete sink witnesses retained. No runtime or authority proof is inferred from the name.,False,False,False
147,app/services/background_job_service.py:fence_stalled_jobs,scripts/qa/t13d_configuration_benchmark.py:RulePreload.scalars,POTENTIAL_DISTINCT_SEMANTICS,[],[],"[""EF_c7f7c896fe1e6070""]",Preserved name-inferred target; known concrete sink witnesses retained. No runtime or authority proof is inferred from the name.,False,False,False
1470,scripts/run_technical_v51_overlay_research.py:_command,scripts/ops/winner_evidence_differential.py:run,POTENTIAL_DISTINCT_SEMANTICS,[],[],[],Preserved name-inferred target; known concrete sink witnesses retained. No runtime or authority proof is inferred from the name.,False,False,False
1471,scripts/run_technical_v51_overlay_research.py:main,app/services/canonical_evidence.py:CanonicalEvidenceSerializer.dumps,POTENTIAL_DISTINCT_SEMANTICS,[],[],[],Preserved name-inferred target; known concrete sink witnesses retained. No runtime or authority proof is inferred from the name.,False,False,False
1472,scripts/run_technical_v51_overlay_research.py:main,app/services/ceri/export_service.py:CeriExportResult.to_csv,POTENTIAL_DISTINCT_SEMANTICS,[],[],[],Preserved name-inferred target; known concrete sink witnesses retained. No runtime or authority proof is inferred from the name.,False,False,False
1473,scripts/run_technical_v5_forensic_recalibration.py:_confidence_study,app/services/fundamental_ranker_v2.py:FundamentalsV2Config.items,POTENTIAL_DISTINCT_SEMANTICS,[],[],[],Preserved name-inferred target; known concrete sink witnesses retained. No runtime or authority proof is inferred from the name.,False,False,False
1474,scripts/run_technical_v5_forensic_recalibration.py:_enrich,scripts/run_technical_v5_shadow_evaluation.py:_bars_as_of,POTENTIAL_DISTINCT_SEMANTICS,[],[],[],Preserved name-inferred target; known concrete sink witnesses retained. No runtime or authority proof is inferred from the name.,False,False,False
1475,scripts/run_technical_v5_forensic_recalibration.py:_enrich,scripts/run_technical_v5_shadow_evaluation.py:_future_bars,POTENTIAL_DISTINCT_SEMANTICS,[],[],[],Preserved name-inferred target; known concrete sink witnesses retained. No runtime or authority proof is inferred from the name.,False,False,False
1476,scripts/run_technical_v5_forensic_recalibration.py:_enrich,scripts/run_technical_v5_shadow_evaluation.py:_history_key,POTENTIAL_DISTINCT_SEMANTICS,[],[],[],Preserved name-inferred target; known concrete sink witnesses retained. No runtime or authority proof is inferred from the name.,False,False,False
1477,scripts/run_technical_v5_forensic_recalibration.py:_enrich,scripts/run_technical_v5_shadow_evaluation.py:_load_market_data,POTENTIAL_DISTINCT_SEMANTICS,[],[],[],Preserved name-inferred target; known concrete sink witnesses retained. No runtime or authority proof is inferred from the name.,False,False,False
1478,scripts/run_technical_v5_forensic_recalibration.py:_enrich,scripts/run_technical_v5_shadow_evaluation.py:_load_score_rows,POTENTIAL_DISTINCT_SEMANTICS,[],[],[],Preserved name-inferred target; known concrete sink witnesses retained. No runtime or authority proof is inferred from the name.,False,False,False
1479,scripts/run_technical_v5_forensic_recalibration.py:_enrich,scripts/run_technical_v5_shadow_evaluation.py:_row_at,POTENTIAL_DISTINCT_SEMANTICS,[],[],[],Preserved name-inferred target; known concrete sink witnesses retained. No runtime or authority proof is inferred from the name.,False,False,False
148,app/services/background_job_service.py:is_cancel_requested,scripts/profile_sec_performance.py:ProfilingSession.scalar,POTENTIAL_DISTINCT_SEMANTICS,[],[],[],Preserved name-inferred target; known concrete sink witnesses retained. No runtime or authority proof is inferred from the name.,False,False,False
1480,scripts/run_technical_v5_forensic_recalibration.py:_load_company_metadata,scripts/qa/t13d_configuration_benchmark.py:EmptyRuleRows.all,POTENTIAL_DISTINCT_SEMANTICS,[],[],[],Preserved name-inferred target; known concrete sink witnesses retained. No runtime or authority proof is inferred from the name.,False,False,False
1481,scripts/run_technical_v5_forensic_recalibration.py:_repair_sector_cache,scripts/run_technical_v5_shadow_evaluation.py:_bars_as_of,POTENTIAL_DISTINCT_SEMANTICS,[],[],[],Preserved name-inferred target; known concrete sink witnesses retained. No runtime or authority proof is inferred from the name.,False,False,False
1482,scripts/run_technical_v5_forensic_recalibration.py:_repair_sector_cache,scripts/run_technical_v5_shadow_evaluation.py:_load_market_data,POTENTIAL_DISTINCT_SEMANTICS,[],[],[],Preserved name-inferred target; known concrete sink witnesses retained. No runtime or authority proof is inferred from the name.,False,False,False
1483,scripts/run_technical_v5_forensic_recalibration.py:_repair_sector_cache,scripts/run_technical_v5_shadow_evaluation.py:_load_score_rows,POTENTIAL_DISTINCT_SEMANTICS,[],[],[],Preserved name-inferred target; known concrete sink witnesses retained. No runtime or authority proof is inferred from the name.,False,False,False
1484,scripts/run_technical_v5_forensic_recalibration.py:_repair_sector_cache,scripts/run_technical_v5_shadow_evaluation.py:_roc_features_at,POTENTIAL_DISTINCT_SEMANTICS,[],[],[],Preserved name-inferred target; known concrete sink witnesses retained. No runtime or authority proof is inferred from the name.,False,False,False
1485,scripts/run_technical_v5_forensic_recalibration.py:_repair_sector_cache,scripts/run_technical_v5_shadow_evaluation.py:_sector_score,POTENTIAL_DISTINCT_SEMANTICS,[],[],[],Preserved name-inferred target; known concrete sink witnesses retained. No runtime or authority proof is inferred from the name.,False,False,False
1486,scripts/run_technical_v5_forensic_recalibration.py:_repair_sector_cache,scripts/winner_target_stop_scope_repair.py:apply,POTENTIAL_DISTINCT_SEMANTICS,"[""app/services/winner_probability/target_stop_scope_repair_service.py:apply_target_stop_scope_repair""]","[""WF_WINNER_TARGET_STOP_REPAIR""]",[],Preserved name-inferred target; known concrete sink witnesses retained. No runtime or authority proof is inferred from the name.,False,False,False
1487,scripts/run_technical_v5_forensic_recalibration.py:_sector_value,scripts/run_technical_v5_shadow_evaluation.py:_bars_as_of,POTENTIAL_DISTINCT_SEMANTICS,[],[],[],Preserved name-inferred target; known concrete sink witnesses retained. No runtime or authority proof is inferred from the name.,False,False,False
1488,scripts/run_technical_v5_forensic_recalibration.py:_sector_value,scripts/run_technical_v5_shadow_evaluation.py:_roc_features_at,POTENTIAL_DISTINCT_SEMANTICS,[],[],[],Preserved name-inferred target; known concrete sink witnesses retained. No runtime or authority proof is inferred from the name.,False,False,False
1489,scripts/run_technical_v5_forensic_recalibration.py:_sector_value,scripts/run_technical_v5_shadow_evaluation.py:_sector_score,POTENTIAL_DISTINCT_SEMANTICS,[],[],[],Preserved name-inferred target; known concrete sink witnesses retained. No runtime or authority proof is inferred from the name.,False,False,False
149,app/services/background_job_service.py:recover_abandoned_jobs_for_worker,scripts/qa/t13d_configuration_benchmark.py:EmptyRuleRows.all,POTENTIAL_DISTINCT_SEMANTICS,[],[],[],Preserved name-inferred target; known concrete sink witnesses retained. No runtime or authority proof is inferred from the name.,False,False,False
1490,scripts/run_technical_v5_forensic_recalibration.py:main,app/services/canonical_evidence.py:CanonicalEvidenceSerializer.dumps,POTENTIAL_DISTINCT_SEMANTICS,[],[],[],Preserved name-inferred target; known concrete sink witnesses retained. No runtime or authority proof is inferred from the name.,False,False,False
1491,scripts/run_technical_v5_forensic_recalibration.py:main,app/services/ceri/export_service.py:CeriExportResult.to_csv,POTENTIAL_DISTINCT_SEMANTICS,[],[],[],Preserved name-inferred target; known concrete sink witnesses retained. No runtime or authority proof is inferred from the name.,False,False,False
1492,scripts/run_technical_v5_shadow_evaluation.py:_ablation_campaign,app/services/fundamental_ranker_v2.py:FundamentalsV2Config.items,POTENTIAL_DISTINCT_SEMANTICS,[],[],[],Preserved name-inferred target; known concrete sink witnesses retained. No runtime or authority proof is inferred from the name.,False,False,False
1493,scripts/run_technical_v5_shadow_evaluation.py:_ablation_leadership_variants,app/services/fundamental_ranker_v2.py:FundamentalsV2Config.items,POTENTIAL_DISTINCT_SEMANTICS,[],[],[],Preserved name-inferred target; known concrete sink witnesses retained. No runtime or authority proof is inferred from the name.,False,False,False
1494,scripts/run_technical_v5_shadow_evaluation.py:_bars_as_of,app/services/fundamental_ranker_v2.py:FundamentalsV2Config.items,POTENTIAL_DISTINCT_SEMANTICS,[],[],[],Preserved name-inferred target; known concrete sink witnesses retained. No runtime or authority proof is inferred from the name.,False,False,False
1495,scripts/run_technical_v5_shadow_evaluation.py:_base_score,app/services/fundamental_ranker_v2.py:FundamentalsV2Config.items,POTENTIAL_DISTINCT_SEMANTICS,[],[],[],Preserved name-inferred target; known concrete sink witnesses retained. No runtime or authority proof is inferred from the name.,False,False,False
1496,scripts/run_technical_v5_shadow_evaluation.py:_load_market_data,scripts/qa/t13d_configuration_benchmark.py:EmptyRuleRows.all,POTENTIAL_DISTINCT_SEMANTICS,[],[],[],Preserved name-inferred target; known concrete sink witnesses retained. No runtime or authority proof is inferred from the name.,False,False,False
1497,scripts/run_technical_v5_shadow_evaluation.py:_missing_data_analysis,app/services/fundamental_ranker_v2.py:FundamentalsV2Config.items,POTENTIAL_DISTINCT_SEMANTICS,[],[],[],Preserved name-inferred target; known concrete sink witnesses retained. No runtime or authority proof is inferred from the name.,False,False,False
1498,scripts/run_technical_v5_shadow_evaluation.py:_rank_context_leadership,app/services/fundamental_ranker_v2.py:FundamentalsV2Config.items,POTENTIAL_DISTINCT_SEMANTICS,[],[],[],Preserved name-inferred target; known concrete sink witnesses retained. No runtime or authority proof is inferred from the name.,False,False,False
1499,scripts/run_technical_v5_shadow_evaluation.py:_reconciles,app/services/fundamental_ranker_v2.py:FundamentalsV2Config.items,POTENTIAL_DISTINCT_SEMANTICS,[],[],[],Preserved name-inferred target; known concrete sink witnesses retained. No runtime or authority proof is inferred from the name.,False,False,False
15,app/observability/db_monitor.py:JsonlTelemetryWriter._write_line,app/services/canonical_evidence.py:CanonicalEvidenceSerializer.dumps,POTENTIAL_DISTINCT_SEMANTICS,[],[],[],Preserved name-inferred target; known concrete sink witnesses retained. No runtime or authority proof is inferred from the name.,False,False,False
150,app/services/background_job_service.py:recover_abandoned_jobs_for_worker,scripts/qa/t13d_configuration_benchmark.py:RulePreload.scalars,POTENTIAL_DISTINCT_SEMANTICS,[],[],[],Preserved name-inferred target; known concrete sink witnesses retained. No runtime or authority proof is inferred from the name.,False,False,False
1500,scripts/run_technical_v5_shadow_evaluation.py:_reconstruct,app/services/fundamental_ranker_v2.py:FundamentalsV2Config.items,POTENTIAL_DISTINCT_SEMANTICS,[],[],[],Preserved name-inferred target; known concrete sink witnesses retained. No runtime or authority proof is inferred from the name.,False,False,False
1501,scripts/run_technical_v5_shadow_evaluation.py:_residual_series,scripts/winner_target_stop_scope_repair.py:apply,POTENTIAL_DISTINCT_SEMANTICS,"[""app/services/winner_probability/target_stop_scope_repair_service.py:apply_target_stop_scope_repair""]","[""WF_WINNER_TARGET_STOP_REPAIR""]",[],Preserved name-inferred target; known concrete sink witnesses retained. No runtime or authority proof is inferred from the name.,False,False,False
1502,scripts/run_technical_v5_shadow_evaluation.py:_score_deciles,app/services/fundamental_ranker_v2.py:FundamentalsV2Config.items,POTENTIAL_DISTINCT_SEMANTICS,[],[],[],Preserved name-inferred target; known concrete sink witnesses retained. No runtime or authority proof is inferred from the name.,False,False,False
1503,scripts/run_technical_v5_shadow_evaluation.py:_v4_v5_comparison,app/services/fundamental_ranker_v2.py:FundamentalsV2Config.items,POTENTIAL_DISTINCT_SEMANTICS,[],[],[],Preserved name-inferred target; known concrete sink witnesses retained. No runtime or authority proof is inferred from the name.,False,False,False
1504,scripts/run_technical_v5_shadow_evaluation.py:_walk_forward,app/services/fundamental_ranker_v2.py:FundamentalsV2Config.items,POTENTIAL_DISTINCT_SEMANTICS,[],[],[],Preserved name-inferred target; known concrete sink witnesses retained. No runtime or authority proof is inferred from the name.,False,False,False
1505,scripts/run_technical_v5_shadow_evaluation.py:_walk_forward,scripts/winner_target_stop_scope_repair.py:apply,POTENTIAL_DISTINCT_SEMANTICS,"[""app/services/winner_probability/target_stop_scope_repair_service.py:apply_target_stop_scope_repair""]","[""WF_WINNER_TARGET_STOP_REPAIR""]",[],Preserved name-inferred target; known concrete sink witnesses retained. No runtime or authority proof is inferred from the name.,False,False,False
1506,scripts/run_technical_v5_shadow_evaluation.py:_write_reports,app/services/canonical_evidence.py:CanonicalEvidenceSerializer.dumps,POTENTIAL_DISTINCT_SEMANTICS,[],[],[],Preserved name-inferred target; known concrete sink witnesses retained. No runtime or authority proof is inferred from the name.,False,False,False
1507,scripts/run_technical_v5_shadow_evaluation.py:main,app/services/canonical_evidence.py:CanonicalEvidenceSerializer.dumps,POTENTIAL_DISTINCT_SEMANTICS,[],[],[],Preserved name-inferred target; known concrete sink witnesses retained. No runtime or authority proof is inferred from the name.,False,False,False
1508,scripts/run_technical_v5_shadow_evaluation.py:main,app/services/ceri/export_service.py:CeriExportResult.to_csv,POTENTIAL_DISTINCT_SEMANTICS,[],[],[],Preserved name-inferred target; known concrete sink witnesses retained. No runtime or authority proof is inferred from the name.,False,False,False
1509,scripts/start_full_week_sql_audit.py:main,app/services/canonical_evidence.py:CanonicalEvidenceSerializer.dumps,POTENTIAL_DISTINCT_SEMANTICS,[],[],[],Preserved name-inferred target; known concrete sink witnesses retained. No runtime or authority proof is inferred from the name.,False,False,False
151,app/services/background_job_service.py:recover_stale_jobs,scripts/qa/t13d_configuration_benchmark.py:EmptyRuleRows.all,POTENTIAL_DISTINCT_SEMANTICS,[],[],[],Preserved name-inferred target; known concrete sink witnesses retained. No runtime or authority proof is inferred from the name.,False,False,False
1510,scripts/validate_ib_market_intelligence.py:main,app/services/canonical_evidence.py:CanonicalEvidenceSerializer.dumps,POTENTIAL_DISTINCT_SEMANTICS,[],[],"[""EF_9271dda80cbc7784""]",Preserved name-inferred target; known concrete sink witnesses retained. No runtime or authority proof is inferred from the name.,False,False,False
1511,scripts/validate_ib_market_intelligence.py:main,app/services/ib_market_intelligence/config.py:IBMarketIntelligenceConfig.section,POTENTIAL_DISTINCT_SEMANTICS,[],[],"[""EF_9271dda80cbc7784""]",Preserved name-inferred target; known concrete sink witnesses retained. No runtime or authority proof is inferred from the name.,False,False,False
1512,scripts/validate_ib_market_intelligence.py:main,app/services/ib_market_intelligence/flex.py:IBFlexClient.download,POTENTIAL_DISTINCT_SEMANTICS,[],[],"[""EF_9271dda80cbc7784""]",Preserved name-inferred target; known concrete sink witnesses retained. No runtime or authority proof is inferred from the name.,False,False,False
1513,scripts/verify_owpe_pre11_activation.py:main,app/services/canonical_evidence.py:CanonicalEvidenceSerializer.dumps,POTENTIAL_DISTINCT_SEMANTICS,[],[],[],Preserved name-inferred target; known concrete sink witnesses retained. No runtime or authority proof is inferred from the name.,False,False,False
1514,scripts/winner_candidate_estimates.py:_active_jobs,scripts/profile_sec_performance.py:ProfilingSession.scalar,POTENTIAL_DISTINCT_SEMANTICS,[],[],[],Preserved name-inferred target; known concrete sink witnesses retained. No runtime or authority proof is inferred from the name.,False,False,False
1515,scripts/winner_candidate_estimates.py:_artifact_hash,app/services/fundamental_ranker_v2.py:FundamentalsV2Config.items,POTENTIAL_DISTINCT_SEMANTICS,[],[],[],Preserved name-inferred target; known concrete sink witnesses retained. No runtime or authority proof is inferred from the name.,False,False,False
1516,scripts/winner_candidate_estimates.py:_candidate_checks,scripts/profile_sec_performance.py:ProfilingSession.scalar,POTENTIAL_DISTINCT_SEMANTICS,[],[],[],Preserved name-inferred target; known concrete sink witnesses retained. No runtime or authority proof is inferred from the name.,False,False,False
1517,scripts/winner_candidate_estimates.py:_candidate_membership_count,scripts/profile_sec_performance.py:ProfilingSession.scalar,POTENTIAL_DISTINCT_SEMANTICS,[],[],[],Preserved name-inferred target; known concrete sink witnesses retained. No runtime or authority proof is inferred from the name.,False,False,False
1518,scripts/winner_candidate_estimates.py:_contaminated_ids,scripts/qa/t13d_configuration_benchmark.py:RulePreload.scalars,POTENTIAL_DISTINCT_SEMANTICS,[],[],[],Preserved name-inferred target; known concrete sink witnesses retained. No runtime or authority proof is inferred from the name.,False,False,False
1519,scripts/winner_candidate_estimates.py:_distribution,scripts/qa/t13d_configuration_benchmark.py:RulePreload.scalars,POTENTIAL_DISTINCT_SEMANTICS,[],[],[],Preserved name-inferred target; known concrete sink witnesses retained. No runtime or authority proof is inferred from the name.,False,False,False
152,app/services/background_job_service.py:recover_stale_jobs,scripts/qa/t13d_configuration_benchmark.py:RulePreload.scalars,POTENTIAL_DISTINCT_SEMANTICS,[],[],[],Preserved name-inferred target; known concrete sink witnesses retained. No runtime or authority proof is inferred from the name.,False,False,False
1520,scripts/winner_candidate_estimates.py:_ensure_empty_manifest,scripts/profile_sec_performance.py:ProfilingSession.scalar,POTENTIAL_DISTINCT_SEMANTICS,[],[],[],Preserved name-inferred target; known concrete sink witnesses retained. No runtime or authority proof is inferred from the name.,False,False,False
1521,scripts/winner_candidate_estimates.py:_fallback_counts,scripts/qa/t13d_configuration_benchmark.py:EmptyRuleRows.all,POTENTIAL_DISTINCT_SEMANTICS,[],[],[],Preserved name-inferred target; known concrete sink witnesses retained. No runtime or authority proof is inferred from the name.,False,False,False
1522,scripts/winner_candidate_estimates.py:_hash_query,scripts/qa/t13d_configuration_benchmark.py:RulePreload.scalars,POTENTIAL_DISTINCT_SEMANTICS,[],[],[],Preserved name-inferred target; known concrete sink witnesses retained. No runtime or authority proof is inferred from the name.,False,False,False
1523,scripts/winner_candidate_estimates.py:_independent_latest_statistic,app/services/fundamental_ranker_v2.py:FundamentalsV2Config.items,POTENTIAL_DISTINCT_SEMANTICS,[],[],[],Preserved name-inferred target; known concrete sink witnesses retained. No runtime or authority proof is inferred from the name.,False,False,False
1524,scripts/winner_candidate_estimates.py:_manifest_members,app/services/fundamental_ranker_v2.py:FundamentalsV2Config.items,POTENTIAL_DISTINCT_SEMANTICS,[],[],[],Preserved name-inferred target; known concrete sink witnesses retained. No runtime or authority proof is inferred from the name.,False,False,False
1525,scripts/winner_candidate_estimates.py:_old_members,app/services/fundamental_ranker_v2.py:FundamentalsV2Config.items,POTENTIAL_DISTINCT_SEMANTICS,[],[],[],Preserved name-inferred target; known concrete sink witnesses retained. No runtime or authority proof is inferred from the name.,False,False,False
1526,scripts/winner_candidate_estimates.py:_persisted_memberships_match,app/services/fundamental_ranker_v2.py:FundamentalsV2Config.items,POTENTIAL_DISTINCT_SEMANTICS,[],[],[],Preserved name-inferred target; known concrete sink witnesses retained. No runtime or authority proof is inferred from the name.,False,False,False
1527,scripts/winner_candidate_estimates.py:_preflight,scripts/qa/t13d_configuration_benchmark.py:RulePreload.scalars,POTENTIAL_DISTINCT_SEMANTICS,[],[],[],Preserved name-inferred target; known concrete sink witnesses retained. No runtime or authority proof is inferred from the name.,False,False,False
1528,scripts/winner_candidate_estimates.py:_protected_integrity_state,app/services/fundamental_ranker_v2.py:FundamentalsV2Config.items,POTENTIAL_DISTINCT_SEMANTICS,[],[],[],Preserved name-inferred target; known concrete sink witnesses retained. No runtime or authority proof is inferred from the name.,False,False,False
1529,scripts/winner_candidate_estimates.py:_serving_ids,scripts/qa/t13d_configuration_benchmark.py:RulePreload.scalars,POTENTIAL_DISTINCT_SEMANTICS,[],[],[],Preserved name-inferred target; known concrete sink witnesses retained. No runtime or authority proof is inferred from the name.,False,False,False
153,app/services/background_job_service.py:requeue_stalled_jobs,scripts/qa/t13d_configuration_benchmark.py:EmptyRuleRows.all,POTENTIAL_DISTINCT_SEMANTICS,[],[],[],Preserved name-inferred target; known concrete sink witnesses retained. No runtime or authority proof is inferred from the name.,False,False,False
1530,scripts/winner_candidate_estimates.py:_summary,app/services/ceri/effective_session_service.py:CeriEffectiveSessionService.resolve,POTENTIAL_DISTINCT_SEMANTICS,[],[],[],Preserved name-inferred target; known concrete sink witnesses retained. No runtime or authority proof is inferred from the name.,False,False,False
1531,scripts/winner_candidate_estimates.py:plan,app/services/canonical_evidence.py:CanonicalEvidenceSerializer.dumps,POTENTIAL_DISTINCT_SEMANTICS,[],[],[],Preserved name-inferred target; known concrete sink witnesses retained. No runtime or authority proof is inferred from the name.,False,False,False
1532,scripts/winner_candidate_estimates.py:plan,app/services/fundamental_ranker_v2.py:FundamentalsV2Config.items,POTENTIAL_DISTINCT_SEMANTICS,[],[],[],Preserved name-inferred target; known concrete sink witnesses retained. No runtime or authority proof is inferred from the name.,False,False,False
1533,scripts/winner_candidate_estimates.py:plan,scripts/profile_sec_performance.py:ProfilingSession.scalar,POTENTIAL_DISTINCT_SEMANTICS,[],[],[],Preserved name-inferred target; known concrete sink witnesses retained. No runtime or authority proof is inferred from the name.,False,False,False
1534,scripts/winner_candidate_estimates.py:verify,app/services/canonical_evidence.py:CanonicalEvidenceSerializer.dumps,POTENTIAL_DISTINCT_SEMANTICS,[],[],[],Preserved name-inferred target; known concrete sink witnesses retained. No runtime or authority proof is inferred from the name.,False,False,False
1535,scripts/winner_candidate_estimates.py:write,app/services/canonical_evidence.py:CanonicalEvidenceSerializer.dumps,POTENTIAL_DISTINCT_SEMANTICS,[],[],[],Preserved name-inferred target; known concrete sink witnesses retained. No runtime or authority proof is inferred from the name.,False,False,False
1536,scripts/winner_candidate_estimates.py:write,scripts/profile_sec_performance.py:ProfilingSession.scalar,POTENTIAL_DISTINCT_SEMANTICS,[],[],[],Preserved name-inferred target; known concrete sink witnesses retained. No runtime or authority proof is inferred from the name.,False,False,False
1537,scripts/winner_clean_reconstruction.py:_active_definition,scripts/profile_sec_performance.py:ProfilingSession.scalar,POTENTIAL_DISTINCT_SEMANTICS,[],[],[],Preserved name-inferred target; known concrete sink witnesses retained. No runtime or authority proof is inferred from the name.,False,False,False
1538,scripts/winner_clean_reconstruction.py:_artifact_hash,app/services/fundamental_ranker_v2.py:FundamentalsV2Config.items,POTENTIAL_DISTINCT_SEMANTICS,[],[],[],Preserved name-inferred target; known concrete sink witnesses retained. No runtime or authority proof is inferred from the name.,False,False,False
1539,scripts/winner_clean_reconstruction.py:_assert_controls,app/services/fundamental_ranker_v2.py:FundamentalsV2Config.items,POTENTIAL_DISTINCT_SEMANTICS,[],[],[],Preserved name-inferred target; known concrete sink witnesses retained. No runtime or authority proof is inferred from the name.,False,False,False
154,app/services/background_job_service.py:requeue_stalled_jobs,scripts/qa/t13d_configuration_benchmark.py:RulePreload.scalars,POTENTIAL_DISTINCT_SEMANTICS,[],[],[],Preserved name-inferred target; known concrete sink witnesses retained. No runtime or authority proof is inferred from the name.,False,False,False
1540,scripts/winner_clean_reconstruction.py:_clean_exclusion_checks,scripts/profile_sec_performance.py:ProfilingSession.scalar,POTENTIAL_DISTINCT_SEMANTICS,[],[],[],Preserved name-inferred target; known concrete sink witnesses retained. No runtime or authority proof is inferred from the name.,False,False,False
1541,scripts/winner_clean_reconstruction.py:_cohort_level_statistics,scripts/profile_sec_performance.py:ProfilingSession.scalar,POTENTIAL_DISTINCT_SEMANTICS,[],[],[],Preserved name-inferred target; known concrete sink witnesses retained. No runtime or authority proof is inferred from the name.,False,False,False
1542,scripts/winner_clean_reconstruction.py:_control_state,scripts/profile_sec_performance.py:ProfilingSession.scalar,POTENTIAL_DISTINCT_SEMANTICS,[],[],[],Preserved name-inferred target; known concrete sink witnesses retained. No runtime or authority proof is inferred from the name.,False,False,False
1543,scripts/winner_clean_reconstruction.py:_generation_invalid_ids,scripts/qa/t13d_configuration_benchmark.py:RulePreload.scalars,POTENTIAL_DISTINCT_SEMANTICS,[],[],[],Preserved name-inferred target; known concrete sink witnesses retained. No runtime or authority proof is inferred from the name.,False,False,False
1544,scripts/winner_clean_reconstruction.py:_generation_root_ids,scripts/qa/t13d_configuration_benchmark.py:RulePreload.scalars,POTENTIAL_DISTINCT_SEMANTICS,[],[],[],Preserved name-inferred target; known concrete sink witnesses retained. No runtime or authority proof is inferred from the name.,False,False,False
1545,scripts/winner_clean_reconstruction.py:_hash_query,scripts/qa/t13d_configuration_benchmark.py:RulePreload.scalars,POTENTIAL_DISTINCT_SEMANTICS,[],[],[],Preserved name-inferred target; known concrete sink witnesses retained. No runtime or authority proof is inferred from the name.,False,False,False
1546,scripts/winner_clean_reconstruction.py:_independent_census,scripts/qa/t13d_configuration_benchmark.py:EmptyRuleRows.all,POTENTIAL_DISTINCT_SEMANTICS,[],[],[],Preserved name-inferred target; known concrete sink witnesses retained. No runtime or authority proof is inferred from the name.,False,False,False
1547,scripts/winner_clean_reconstruction.py:_independent_clean_ids,scripts/qa/t13d_configuration_benchmark.py:RulePreload.scalars,POTENTIAL_DISTINCT_SEMANTICS,[],[],[],Preserved name-inferred target; known concrete sink witnesses retained. No runtime or authority proof is inferred from the name.,False,False,False
1548,scripts/winner_clean_reconstruction.py:_shadow_estimate_gate,scripts/profile_sec_performance.py:ProfilingSession.scalar,POTENTIAL_DISTINCT_SEMANTICS,[],[],[],Preserved name-inferred target; known concrete sink witnesses retained. No runtime or authority proof is inferred from the name.,False,False,False
1549,scripts/winner_clean_reconstruction.py:_summary,app/services/ceri/effective_session_service.py:CeriEffectiveSessionService.resolve,POTENTIAL_DISTINCT_SEMANTICS,[],[],[],Preserved name-inferred target; known concrete sink witnesses retained. No runtime or authority proof is inferred from the name.,False,False,False
155,app/services/background_job_service.py:workflow_stage_job,scripts/qa/t13d_configuration_benchmark.py:EmptyRuleRows.all,POTENTIAL_DISTINCT_SEMANTICS,[],[],[],Preserved name-inferred target; known concrete sink witnesses retained. No runtime or authority proof is inferred from the name.,False,False,False
1550,scripts/winner_clean_reconstruction.py:build_candidate,app/services/canonical_evidence.py:CanonicalEvidenceSerializer.dumps,POTENTIAL_DISTINCT_SEMANTICS,[],[],[],Preserved name-inferred target; known concrete sink witnesses retained. No runtime or authority proof is inferred from the name.,False,False,False
1551,scripts/winner_clean_reconstruction.py:build_candidate,scripts/profile_sec_performance.py:Tracker.as_dict,POTENTIAL_DISTINCT_SEMANTICS,[],[],[],Preserved name-inferred target; known concrete sink witnesses retained. No runtime or authority proof is inferred from the name.,False,False,False
1552,scripts/winner_clean_reconstruction.py:plan,app/services/canonical_evidence.py:CanonicalEvidenceSerializer.dumps,POTENTIAL_DISTINCT_SEMANTICS,[],[],[],Preserved name-inferred target; known concrete sink witnesses retained. No runtime or authority proof is inferred from the name.,False,False,False
1553,scripts/winner_clean_reconstruction.py:plan,scripts/profile_sec_performance.py:ProfilingSession.scalar,POTENTIAL_DISTINCT_SEMANTICS,[],[],[],Preserved name-inferred target; known concrete sink witnesses retained. No runtime or authority proof is inferred from the name.,False,False,False
1554,scripts/winner_clean_reconstruction.py:plan,scripts/profile_sec_performance.py:Tracker.as_dict,POTENTIAL_DISTINCT_SEMANTICS,[],[],[],Preserved name-inferred target; known concrete sink witnesses retained. No runtime or authority proof is inferred from the name.,False,False,False
1555,scripts/winner_clean_reconstruction.py:report,app/services/canonical_evidence.py:CanonicalEvidenceSerializer.dumps,POTENTIAL_DISTINCT_SEMANTICS,[],[],[],Preserved name-inferred target; known concrete sink witnesses retained. No runtime or authority proof is inferred from the name.,False,False,False
1556,scripts/winner_clean_reconstruction.py:report,scripts/qa/t13d_configuration_benchmark.py:RulePreload.scalars,POTENTIAL_DISTINCT_SEMANTICS,[],[],[],Preserved name-inferred target; known concrete sink witnesses retained. No runtime or authority proof is inferred from the name.,False,False,False
1557,scripts/winner_clean_reconstruction.py:verify,app/services/canonical_evidence.py:CanonicalEvidenceSerializer.dumps,POTENTIAL_DISTINCT_SEMANTICS,[],[],[],Preserved name-inferred target; known concrete sink witnesses retained. No runtime or authority proof is inferred from the name.,False,False,False
1558,scripts/winner_estimate_lifecycle.py:_artifact_hash,app/services/fundamental_ranker_v2.py:FundamentalsV2Config.items,POTENTIAL_DISTINCT_SEMANTICS,[],[],[],Preserved name-inferred target; known concrete sink witnesses retained. No runtime or authority proof is inferred from the name.,False,False,False
1559,scripts/winner_estimate_lifecycle.py:_hash_query,scripts/qa/t13d_configuration_benchmark.py:RulePreload.scalars,POTENTIAL_DISTINCT_SEMANTICS,[],[],[],Preserved name-inferred target; known concrete sink witnesses retained. No runtime or authority proof is inferred from the name.,False,False,False
156,app/services/background_performance_baseline.py:_ceri_report,app/services/fundamental_ranker_v2.py:FundamentalsV2Config.items,POTENTIAL_DISTINCT_SEMANTICS,[],[],[],Preserved name-inferred target; known concrete sink witnesses retained. No runtime or authority proof is inferred from the name.,False,False,False
1560,scripts/winner_estimate_lifecycle.py:_independent_expected_ids,scripts/qa/t13d_configuration_benchmark.py:RulePreload.scalars,POTENTIAL_DISTINCT_SEMANTICS,[],[],[],Preserved name-inferred target; known concrete sink witnesses retained. No runtime or authority proof is inferred from the name.,False,False,False
1561,scripts/winner_estimate_lifecycle.py:_raw_journal_divergence_ids,scripts/qa/t13d_configuration_benchmark.py:RulePreload.scalars,POTENTIAL_DISTINCT_SEMANTICS,[],[],[],Preserved name-inferred target; known concrete sink witnesses retained. No runtime or authority proof is inferred from the name.,False,False,False
1562,scripts/winner_estimate_lifecycle.py:_require_head,scripts/qa/t13d_configuration_benchmark.py:RulePreload.scalars,POTENTIAL_DISTINCT_SEMANTICS,[],[],[],Preserved name-inferred target; known concrete sink witnesses retained. No runtime or authority proof is inferred from the name.,False,False,False
1563,scripts/winner_estimate_lifecycle.py:_require_stopped,scripts/profile_sec_performance.py:ProfilingSession.scalar,POTENTIAL_DISTINCT_SEMANTICS,[],[],[],Preserved name-inferred target; known concrete sink witnesses retained. No runtime or authority proof is inferred from the name.,False,False,False
1564,scripts/winner_estimate_lifecycle.py:_summary,app/services/ceri/effective_session_service.py:CeriEffectiveSessionService.resolve,POTENTIAL_DISTINCT_SEMANTICS,[],[],[],Preserved name-inferred target; known concrete sink witnesses retained. No runtime or authority proof is inferred from the name.,False,False,False
1565,scripts/winner_estimate_lifecycle.py:plan,app/services/canonical_evidence.py:CanonicalEvidenceSerializer.dumps,POTENTIAL_DISTINCT_SEMANTICS,[],[],[],Preserved name-inferred target; known concrete sink witnesses retained. No runtime or authority proof is inferred from the name.,False,False,False
1566,scripts/winner_estimate_lifecycle.py:plan,scripts/profile_sec_performance.py:ProfilingSession.scalar,POTENTIAL_DISTINCT_SEMANTICS,[],[],[],Preserved name-inferred target; known concrete sink witnesses retained. No runtime or authority proof is inferred from the name.,False,False,False
1567,scripts/winner_estimate_lifecycle.py:verify,app/services/canonical_evidence.py:CanonicalEvidenceSerializer.dumps,POTENTIAL_DISTINCT_SEMANTICS,[],[],[],Preserved name-inferred target; known concrete sink witnesses retained. No runtime or authority proof is inferred from the name.,False,False,False
1568,scripts/winner_estimate_publication.py:_assert_disposable_simulation_database,scripts/profile_sec_performance.py:ProfilingSession.scalar,POTENTIAL_DISTINCT_SEMANTICS,[],[],[],Preserved name-inferred target; known concrete sink witnesses retained. No runtime or authority proof is inferred from the name.,False,False,False
1569,scripts/winner_estimate_publication.py:_candidate_clbk_count,scripts/profile_sec_performance.py:ProfilingSession.scalar,POTENTIAL_DISTINCT_SEMANTICS,[],[],[],Preserved name-inferred target; known concrete sink witnesses retained. No runtime or authority proof is inferred from the name.,False,False,False
157,app/services/background_performance_baseline.py:_ceri_report,scripts/profile_sec_performance.py:ProfilingSession.scalar,POTENTIAL_DISTINCT_SEMANTICS,[],[],[],Preserved name-inferred target; known concrete sink witnesses retained. No runtime or authority proof is inferred from the name.,False,False,False
1570,scripts/winner_estimate_publication.py:_candidate_membership_count,scripts/profile_sec_performance.py:ProfilingSession.scalar,POTENTIAL_DISTINCT_SEMANTICS,[],[],[],Preserved name-inferred target; known concrete sink witnesses retained. No runtime or authority proof is inferred from the name.,False,False,False
1571,scripts/winner_estimate_publication.py:_candidate_temporal_impurity_count,scripts/profile_sec_performance.py:ProfilingSession.scalar,POTENTIAL_DISTINCT_SEMANTICS,[],[],[],Preserved name-inferred target; known concrete sink witnesses retained. No runtime or authority proof is inferred from the name.,False,False,False
1572,scripts/winner_estimate_publication.py:_preflight,scripts/profile_sec_performance.py:ProfilingSession.scalar,POTENTIAL_DISTINCT_SEMANTICS,[],[],[],Preserved name-inferred target; known concrete sink witnesses retained. No runtime or authority proof is inferred from the name.,False,False,False
1573,scripts/winner_estimate_publication.py:_preflight,scripts/qa/t13d_configuration_benchmark.py:RulePreload.scalars,POTENTIAL_DISTINCT_SEMANTICS,[],[],[],Preserved name-inferred target; known concrete sink witnesses retained. No runtime or authority proof is inferred from the name.,False,False,False
1574,scripts/winner_estimate_publication.py:_protected_state,scripts/profile_sec_performance.py:ProfilingSession.scalar,POTENTIAL_DISTINCT_SEMANTICS,[],[],[],Preserved name-inferred target; known concrete sink witnesses retained. No runtime or authority proof is inferred from the name.,False,False,False
1575,scripts/winner_estimate_publication.py:_quarantine_count,scripts/profile_sec_performance.py:ProfilingSession.scalar,POTENTIAL_DISTINCT_SEMANTICS,[],[],[],Preserved name-inferred target; known concrete sink witnesses retained. No runtime or authority proof is inferred from the name.,False,False,False
1576,scripts/winner_estimate_publication.py:_serving_ids,scripts/qa/t13d_configuration_benchmark.py:RulePreload.scalars,POTENTIAL_DISTINCT_SEMANTICS,[],[],[],Preserved name-inferred target; known concrete sink witnesses retained. No runtime or authority proof is inferred from the name.,False,False,False
1577,scripts/winner_estimate_publication.py:_simulation_checks,scripts/profile_sec_performance.py:ProfilingSession.scalar,POTENTIAL_DISTINCT_SEMANTICS,[],[],[],Preserved name-inferred target; known concrete sink witnesses retained. No runtime or authority proof is inferred from the name.,False,False,False
1578,scripts/winner_estimate_publication.py:_simulation_is_baseline,scripts/profile_sec_performance.py:ProfilingSession.scalar,POTENTIAL_DISTINCT_SEMANTICS,[],[],[],Preserved name-inferred target; known concrete sink witnesses retained. No runtime or authority proof is inferred from the name.,False,False,False
1579,scripts/winner_estimate_publication.py:_summary,app/services/ceri/effective_session_service.py:CeriEffectiveSessionService.resolve,POTENTIAL_DISTINCT_SEMANTICS,[],[],[],Preserved name-inferred target; known concrete sink witnesses retained. No runtime or authority proof is inferred from the name.,False,False,False
158,app/services/background_performance_baseline.py:_ceri_report,scripts/qa/t13d_configuration_benchmark.py:RulePreload.scalars,POTENTIAL_DISTINCT_SEMANTICS,[],[],[],Preserved name-inferred target; known concrete sink witnesses retained. No runtime or authority proof is inferred from the name.,False,False,False
1580,scripts/winner_estimate_publication.py:plan,app/services/canonical_evidence.py:CanonicalEvidenceSerializer.dumps,POTENTIAL_DISTINCT_SEMANTICS,[],[],[],Preserved name-inferred target; known concrete sink witnesses retained. No runtime or authority proof is inferred from the name.,False,False,False
1581,scripts/winner_estimate_publication.py:plan,app/services/fundamental_ranker_v2.py:FundamentalsV2Config.items,POTENTIAL_DISTINCT_SEMANTICS,[],[],[],Preserved name-inferred target; known concrete sink witnesses retained. No runtime or authority proof is inferred from the name.,False,False,False
1582,scripts/winner_estimate_publication.py:simulate,app/services/canonical_evidence.py:CanonicalEvidenceSerializer.dumps,POTENTIAL_DISTINCT_SEMANTICS,[],[],[],Preserved name-inferred target; known concrete sink witnesses retained. No runtime or authority proof is inferred from the name.,False,False,False
1583,scripts/winner_estimate_publication.py:simulate,app/services/ceri/effective_session_service.py:CeriEffectiveSessionService.resolve,POTENTIAL_DISTINCT_SEMANTICS,[],[],[],Preserved name-inferred target; known concrete sink witnesses retained. No runtime or authority proof is inferred from the name.,False,False,False
1584,scripts/winner_estimate_publication.py:verify,app/services/canonical_evidence.py:CanonicalEvidenceSerializer.dumps,POTENTIAL_DISTINCT_SEMANTICS,[],[],[],Preserved name-inferred target; known concrete sink witnesses retained. No runtime or authority proof is inferred from the name.,False,False,False
1585,scripts/winner_estimate_publication.py:verify,app/services/ceri/effective_session_service.py:CeriEffectiveSessionService.resolve,POTENTIAL_DISTINCT_SEMANTICS,[],[],[],Preserved name-inferred target; known concrete sink witnesses retained. No runtime or authority proof is inferred from the name.,False,False,False
1586,scripts/winner_ib_request_scope_canary.py:_bar_records,scripts/qa/t13d_configuration_benchmark.py:EmptyRuleRows.all,POTENTIAL_DISTINCT_SEMANTICS,[],[],[],Preserved name-inferred target; known concrete sink witnesses retained. No runtime or authority proof is inferred from the name.,False,False,False
1587,scripts/winner_ib_request_scope_canary.py:_historical_counts,scripts/profile_sec_performance.py:ProfilingSession.scalar,POTENTIAL_DISTINCT_SEMANTICS,[],[],[],Preserved name-inferred target; known concrete sink witnesses retained. No runtime or authority proof is inferred from the name.,False,False,False
1588,scripts/winner_ib_request_scope_canary.py:_load_master,app/services/fundamental_ranker_v2.py:FundamentalsV2Config.items,POTENTIAL_DISTINCT_SEMANTICS,[],[],[],Preserved name-inferred target; known concrete sink witnesses retained. No runtime or authority proof is inferred from the name.,False,False,False
1589,scripts/winner_ib_request_scope_canary.py:_preflight_payload,app/services/fundamental_ranker_v2.py:FundamentalsV2Config.items,POTENTIAL_DISTINCT_SEMANTICS,[],[],[],Preserved name-inferred target; known concrete sink witnesses retained. No runtime or authority proof is inferred from the name.,False,False,False
159,app/services/background_performance_baseline.py:_ib_fetch_run_report,app/services/fundamental_ranker_v2.py:FundamentalsV2Config.items,POTENTIAL_DISTINCT_SEMANTICS,[],[],[],Preserved name-inferred target; known concrete sink witnesses retained. No runtime or authority proof is inferred from the name.,False,False,False
1590,scripts/winner_ib_request_scope_canary.py:_preflight_payload,scripts/profile_sec_performance.py:ProfilingSession.scalar,POTENTIAL_DISTINCT_SEMANTICS,[],[],[],Preserved name-inferred target; known concrete sink witnesses retained. No runtime or authority proof is inferred from the name.,False,False,False
1591,scripts/winner_ib_request_scope_canary.py:_preflight_payload,scripts/qa/t13d_configuration_benchmark.py:RulePreload.scalars,POTENTIAL_DISTINCT_SEMANTICS,[],[],[],Preserved name-inferred target; known concrete sink witnesses retained. No runtime or authority proof is inferred from the name.,False,False,False
1592,scripts/winner_ib_request_scope_canary.py:_present_dates,scripts/qa/t13d_configuration_benchmark.py:RulePreload.scalars,POTENTIAL_DISTINCT_SEMANTICS,[],[],[],Preserved name-inferred target; known concrete sink witnesses retained. No runtime or authority proof is inferred from the name.,False,False,False
1593,scripts/winner_ib_request_scope_canary.py:_quarantine_count,scripts/profile_sec_performance.py:ProfilingSession.scalar,POTENTIAL_DISTINCT_SEMANTICS,[],[],[],Preserved name-inferred target; known concrete sink witnesses retained. No runtime or authority proof is inferred from the name.,False,False,False
1594,scripts/winner_ib_request_scope_canary.py:_region_hashes,app/services/fundamental_ranker_v2.py:FundamentalsV2Config.items,POTENTIAL_DISTINCT_SEMANTICS,[],[],[],Preserved name-inferred target; known concrete sink witnesses retained. No runtime or authority proof is inferred from the name.,False,False,False
1595,scripts/winner_ib_request_scope_canary.py:_remaining_master_payload,scripts/qa/t13d_configuration_benchmark.py:RulePreload.scalars,POTENTIAL_DISTINCT_SEMANTICS,[],[],[],Preserved name-inferred target; known concrete sink witnesses retained. No runtime or authority proof is inferred from the name.,False,False,False
1596,scripts/winner_ib_request_scope_canary.py:_write_immutable,app/services/canonical_evidence.py:CanonicalEvidenceSerializer.dumps,POTENTIAL_DISTINCT_SEMANTICS,[],[],[],Preserved name-inferred target; known concrete sink witnesses retained. No runtime or authority proof is inferred from the name.,False,False,False
1597,scripts/winner_ib_request_scope_canary.py:apply_interrupted_finalization,app/services/canonical_evidence.py:CanonicalEvidenceSerializer.dumps,POTENTIAL_DISTINCT_SEMANTICS,[],[],[],Preserved name-inferred target; known concrete sink witnesses retained. No runtime or authority proof is inferred from the name.,False,False,False
1598,scripts/winner_ib_request_scope_canary.py:audit_v1,app/services/canonical_evidence.py:CanonicalEvidenceSerializer.dumps,POTENTIAL_DISTINCT_SEMANTICS,[],[],[],Preserved name-inferred target; known concrete sink witnesses retained. No runtime or authority proof is inferred from the name.,False,False,False
1599,scripts/winner_ib_request_scope_canary.py:audit_v1,app/services/ceri/effective_session_service.py:CeriEffectiveSessionService.resolve,POTENTIAL_DISTINCT_SEMANTICS,[],[],[],Preserved name-inferred target; known concrete sink witnesses retained. No runtime or authority proof is inferred from the name.,False,False,False
16,app/observability/db_monitor.py:JsonlTelemetryWriter._write_line,app/services/fundamental_ranker_v2.py:FundamentalsV2Config.items,POTENTIAL_DISTINCT_SEMANTICS,[],[],[],Preserved name-inferred target; known concrete sink witnesses retained. No runtime or authority proof is inferred from the name.,False,False,False
160,app/services/background_performance_baseline.py:_ib_fetch_run_report,scripts/qa/t13d_configuration_benchmark.py:RulePreload.scalars,POTENTIAL_DISTINCT_SEMANTICS,[],[],[],Preserved name-inferred target; known concrete sink witnesses retained. No runtime or authority proof is inferred from the name.,False,False,False
1600,scripts/winner_ib_request_scope_canary.py:audit_v1,app/services/fundamental_ranker_v2.py:FundamentalsV2Config.items,POTENTIAL_DISTINCT_SEMANTICS,[],[],[],Preserved name-inferred target; known concrete sink witnesses retained. No runtime or authority proof is inferred from the name.,False,False,False
1601,scripts/winner_ib_request_scope_canary.py:audit_v1,scripts/profile_sec_performance.py:ProfilingSession.scalar,POTENTIAL_DISTINCT_SEMANTICS,[],[],[],Preserved name-inferred target; known concrete sink witnesses retained. No runtime or authority proof is inferred from the name.,False,False,False
1602,scripts/winner_ib_request_scope_canary.py:audit_v1,scripts/qa/t13d_configuration_benchmark.py:RulePreload.scalars,POTENTIAL_DISTINCT_SEMANTICS,[],[],[],Preserved name-inferred target; known concrete sink witnesses retained. No runtime or authority proof is inferred from the name.,False,False,False
1603,scripts/winner_ib_request_scope_canary.py:dry_run_remaining,app/services/canonical_evidence.py:CanonicalEvidenceSerializer.dumps,POTENTIAL_DISTINCT_SEMANTICS,[],[],[],Preserved name-inferred target; known concrete sink witnesses retained. No runtime or authority proof is inferred from the name.,False,False,False
1604,scripts/winner_ib_request_scope_canary.py:execute_recovery_batch,app/services/canonical_evidence.py:CanonicalEvidenceSerializer.dumps,POTENTIAL_DISTINCT_SEMANTICS,[],[],[],Preserved name-inferred target; known concrete sink witnesses retained. No runtime or authority proof is inferred from the name.,False,False,False
1605,scripts/winner_ib_request_scope_canary.py:execute_recovery_batch,app/services/fundamental_ranker_v2.py:FundamentalsV2Config.items,POTENTIAL_DISTINCT_SEMANTICS,[],[],[],Preserved name-inferred target; known concrete sink witnesses retained. No runtime or authority proof is inferred from the name.,False,False,False
1606,scripts/winner_ib_request_scope_canary.py:execute_v3,app/services/canonical_evidence.py:CanonicalEvidenceSerializer.dumps,POTENTIAL_DISTINCT_SEMANTICS,[],[],[],Preserved name-inferred target; known concrete sink witnesses retained. No runtime or authority proof is inferred from the name.,False,False,False
1607,scripts/winner_ib_request_scope_canary.py:execute_v3,app/services/fundamental_ranker_v2.py:FundamentalsV2Config.items,POTENTIAL_DISTINCT_SEMANTICS,[],[],[],Preserved name-inferred target; known concrete sink witnesses retained. No runtime or authority proof is inferred from the name.,False,False,False
1608,scripts/winner_ib_request_scope_canary.py:final_recovery_manifest,app/services/canonical_evidence.py:CanonicalEvidenceSerializer.dumps,POTENTIAL_DISTINCT_SEMANTICS,[],[],[],Preserved name-inferred target; known concrete sink witnesses retained. No runtime or authority proof is inferred from the name.,False,False,False
1609,scripts/winner_ib_request_scope_canary.py:final_recovery_manifest,app/services/ceri/effective_session_service.py:CeriEffectiveSessionService.resolve,POTENTIAL_DISTINCT_SEMANTICS,[],[],[],Preserved name-inferred target; known concrete sink witnesses retained. No runtime or authority proof is inferred from the name.,False,False,False
161,app/services/background_performance_baseline.py:_ib_report,scripts/profile_sec_performance.py:ProfilingSession.scalar,POTENTIAL_DISTINCT_SEMANTICS,[],[],[],Preserved name-inferred target; known concrete sink witnesses retained. No runtime or authority proof is inferred from the name.,False,False,False
1610,scripts/winner_ib_request_scope_canary.py:final_recovery_manifest,app/services/fundamental_ranker_v2.py:FundamentalsV2Config.items,POTENTIAL_DISTINCT_SEMANTICS,[],[],[],Preserved name-inferred target; known concrete sink witnesses retained. No runtime or authority proof is inferred from the name.,False,False,False
1611,scripts/winner_ib_request_scope_canary.py:final_recovery_manifest,scripts/qa/t13d_configuration_benchmark.py:RulePreload.scalars,POTENTIAL_DISTINCT_SEMANTICS,[],[],[],Preserved name-inferred target; known concrete sink witnesses retained. No runtime or authority proof is inferred from the name.,False,False,False
1612,scripts/winner_ib_request_scope_canary.py:historical_state_snapshot,app/services/canonical_evidence.py:CanonicalEvidenceSerializer.dumps,POTENTIAL_DISTINCT_SEMANTICS,[],[],[],Preserved name-inferred target; known concrete sink witnesses retained. No runtime or authority proof is inferred from the name.,False,False,False
1613,scripts/winner_ib_request_scope_canary.py:historical_state_snapshot,app/services/ceri/effective_session_service.py:CeriEffectiveSessionService.resolve,POTENTIAL_DISTINCT_SEMANTICS,[],[],[],Preserved name-inferred target; known concrete sink witnesses retained. No runtime or authority proof is inferred from the name.,False,False,False
1614,scripts/winner_ib_request_scope_canary.py:historical_state_snapshot,scripts/qa/t13d_configuration_benchmark.py:RulePreload.scalars,POTENTIAL_DISTINCT_SEMANTICS,[],[],[],Preserved name-inferred target; known concrete sink witnesses retained. No runtime or authority proof is inferred from the name.,False,False,False
1615,scripts/winner_ib_request_scope_canary.py:plan_interrupted_finalization,app/services/canonical_evidence.py:CanonicalEvidenceSerializer.dumps,POTENTIAL_DISTINCT_SEMANTICS,[],[],[],Preserved name-inferred target; known concrete sink witnesses retained. No runtime or authority proof is inferred from the name.,False,False,False
1616,scripts/winner_ib_request_scope_canary.py:plan_interrupted_finalization,app/services/ceri/effective_session_service.py:CeriEffectiveSessionService.resolve,POTENTIAL_DISTINCT_SEMANTICS,[],[],[],Preserved name-inferred target; known concrete sink witnesses retained. No runtime or authority proof is inferred from the name.,False,False,False
1617,scripts/winner_ib_request_scope_canary.py:plan_recovery_batch,app/services/canonical_evidence.py:CanonicalEvidenceSerializer.dumps,POTENTIAL_DISTINCT_SEMANTICS,[],[],[],Preserved name-inferred target; known concrete sink witnesses retained. No runtime or authority proof is inferred from the name.,False,False,False
1618,scripts/winner_ib_request_scope_canary.py:plan_recovery_batch,app/services/ceri/effective_session_service.py:CeriEffectiveSessionService.resolve,POTENTIAL_DISTINCT_SEMANTICS,[],[],[],Preserved name-inferred target; known concrete sink witnesses retained. No runtime or authority proof is inferred from the name.,False,False,False
1619,scripts/winner_ib_request_scope_canary.py:plan_remaining_master,app/services/canonical_evidence.py:CanonicalEvidenceSerializer.dumps,POTENTIAL_DISTINCT_SEMANTICS,[],[],[],Preserved name-inferred target; known concrete sink witnesses retained. No runtime or authority proof is inferred from the name.,False,False,False
162,app/services/background_performance_baseline.py:_queue_report,app/services/fundamental_ranker_v2.py:FundamentalsV2Config.items,POTENTIAL_DISTINCT_SEMANTICS,[],[],[],Preserved name-inferred target; known concrete sink witnesses retained. No runtime or authority proof is inferred from the name.,False,False,False
1620,scripts/winner_ib_request_scope_canary.py:plan_remaining_master,app/services/ceri/effective_session_service.py:CeriEffectiveSessionService.resolve,POTENTIAL_DISTINCT_SEMANTICS,[],[],[],Preserved name-inferred target; known concrete sink witnesses retained. No runtime or authority proof is inferred from the name.,False,False,False
1621,scripts/winner_ib_request_scope_canary.py:plan_v3,app/services/canonical_evidence.py:CanonicalEvidenceSerializer.dumps,POTENTIAL_DISTINCT_SEMANTICS,[],[],[],Preserved name-inferred target; known concrete sink witnesses retained. No runtime or authority proof is inferred from the name.,False,False,False
1622,scripts/winner_ib_request_scope_canary.py:plan_v3,app/services/ceri/effective_session_service.py:CeriEffectiveSessionService.resolve,POTENTIAL_DISTINCT_SEMANTICS,[],[],[],Preserved name-inferred target; known concrete sink witnesses retained. No runtime or authority proof is inferred from the name.,False,False,False
1623,scripts/winner_ib_request_scope_canary.py:reconcile_successful_run_storage,app/services/canonical_evidence.py:CanonicalEvidenceSerializer.dumps,POTENTIAL_DISTINCT_SEMANTICS,[],[],[],Preserved name-inferred target; known concrete sink witnesses retained. No runtime or authority proof is inferred from the name.,False,False,False
1624,scripts/winner_ib_request_scope_canary.py:verify_v3,app/services/canonical_evidence.py:CanonicalEvidenceSerializer.dumps,POTENTIAL_DISTINCT_SEMANTICS,[],[],[],Preserved name-inferred target; known concrete sink witnesses retained. No runtime or authority proof is inferred from the name.,False,False,False
1625,scripts/winner_ib_request_scope_canary.py:verify_v3,app/services/ceri/effective_session_service.py:CeriEffectiveSessionService.resolve,POTENTIAL_DISTINCT_SEMANTICS,[],[],[],Preserved name-inferred target; known concrete sink witnesses retained. No runtime or authority proof is inferred from the name.,False,False,False
1626,scripts/winner_ib_request_scope_canary.py:verify_v3,scripts/profile_sec_performance.py:ProfilingSession.scalar,POTENTIAL_DISTINCT_SEMANTICS,[],[],[],Preserved name-inferred target; known concrete sink witnesses retained. No runtime or authority proof is inferred from the name.,False,False,False
1627,scripts/winner_ib_request_scope_canary.py:verify_v3,scripts/qa/t13d_configuration_benchmark.py:EmptyRuleRows.all,POTENTIAL_DISTINCT_SEMANTICS,[],[],[],Preserved name-inferred target; known concrete sink witnesses retained. No runtime or authority proof is inferred from the name.,False,False,False
1628,scripts/winner_ib_request_scope_canary.py:verify_v3,scripts/qa/t13d_configuration_benchmark.py:RulePreload.scalars,POTENTIAL_DISTINCT_SEMANTICS,[],[],[],Preserved name-inferred target; known concrete sink witnesses retained. No runtime or authority proof is inferred from the name.,False,False,False
1629,scripts/winner_market_data_recovery.py:_candidate_rows,scripts/qa/t13d_configuration_benchmark.py:EmptyRuleRows.all,POTENTIAL_DISTINCT_SEMANTICS,[],[],[],Preserved name-inferred target; known concrete sink witnesses retained. No runtime or authority proof is inferred from the name.,False,False,False
163,app/services/background_performance_baseline.py:_queue_report,scripts/qa/t13d_configuration_benchmark.py:RulePreload.scalars,POTENTIAL_DISTINCT_SEMANTICS,[],[],[],Preserved name-inferred target; known concrete sink witnesses retained. No runtime or authority proof is inferred from the name.,False,False,False
1630,scripts/winner_market_data_recovery.py:_historical_temporal_evidence,app/services/fundamental_ranker_v2.py:FundamentalsV2Config.items,POTENTIAL_DISTINCT_SEMANTICS,[],[],[],Preserved name-inferred target; known concrete sink witnesses retained. No runtime or authority proof is inferred from the name.,False,False,False
1631,scripts/winner_market_data_recovery.py:_load_bars,scripts/qa/t13d_configuration_benchmark.py:RulePreload.scalars,POTENTIAL_DISTINCT_SEMANTICS,[],[],[],Preserved name-inferred target; known concrete sink witnesses retained. No runtime or authority proof is inferred from the name.,False,False,False
1632,scripts/winner_market_data_recovery.py:apply_certification,app/services/canonical_evidence.py:CanonicalEvidenceSerializer.dumps,POTENTIAL_DISTINCT_SEMANTICS,[],[],[],Preserved name-inferred target; known concrete sink witnesses retained. No runtime or authority proof is inferred from the name.,False,False,False
1633,scripts/winner_market_data_recovery.py:build_manifest,app/services/fundamental_ranker_v2.py:FundamentalsV2Config.items,POTENTIAL_DISTINCT_SEMANTICS,[],[],[],Preserved name-inferred target; known concrete sink witnesses retained. No runtime or authority proof is inferred from the name.,False,False,False
1634,scripts/winner_market_data_recovery.py:build_manifest,scripts/qa/t13d_configuration_benchmark.py:RulePreload.scalars,POTENTIAL_DISTINCT_SEMANTICS,[],[],[],Preserved name-inferred target; known concrete sink witnesses retained. No runtime or authority proof is inferred from the name.,False,False,False
1635,scripts/winner_market_data_recovery.py:generate,app/services/canonical_evidence.py:CanonicalEvidenceSerializer.dumps,POTENTIAL_DISTINCT_SEMANTICS,[],[],[],Preserved name-inferred target; known concrete sink witnesses retained. No runtime or authority proof is inferred from the name.,False,False,False
1636,scripts/winner_market_data_recovery.py:generate,app/services/ceri/effective_session_service.py:CeriEffectiveSessionService.resolve,POTENTIAL_DISTINCT_SEMANTICS,[],[],[],Preserved name-inferred target; known concrete sink witnesses retained. No runtime or authority proof is inferred from the name.,False,False,False
1637,scripts/winner_market_data_recovery.py:install_obligations,app/services/canonical_evidence.py:CanonicalEvidenceSerializer.dumps,POTENTIAL_DISTINCT_SEMANTICS,[],[],[],Preserved name-inferred target; known concrete sink witnesses retained. No runtime or authority proof is inferred from the name.,False,False,False
1638,scripts/winner_market_data_recovery.py:install_obligations,scripts/qa/t13d_configuration_benchmark.py:RulePreload.scalars,POTENTIAL_DISTINCT_SEMANTICS,[],[],[],Preserved name-inferred target; known concrete sink witnesses retained. No runtime or authority proof is inferred from the name.,False,False,False
1639,scripts/winner_market_data_recovery.py:show_request_plan,app/services/canonical_evidence.py:CanonicalEvidenceSerializer.dumps,POTENTIAL_DISTINCT_SEMANTICS,[],[],[],Preserved name-inferred target; known concrete sink witnesses retained. No runtime or authority proof is inferred from the name.,False,False,False
164,app/services/background_performance_baseline.py:_technical_artifact_report,scripts/qa/t13d_configuration_benchmark.py:EmptyRuleRows.all,POTENTIAL_DISTINCT_SEMANTICS,[],[],[],Preserved name-inferred target; known concrete sink witnesses retained. No runtime or authority proof is inferred from the name.,False,False,False
1640,scripts/winner_market_data_recovery.py:show_request_plan,scripts/qa/t13d_configuration_benchmark.py:EmptyRuleRows.all,POTENTIAL_DISTINCT_SEMANTICS,[],[],[],Preserved name-inferred target; known concrete sink witnesses retained. No runtime or authority proof is inferred from the name.,False,False,False
1641,scripts/winner_maturation_canary.py:_artifact_summary,app/services/ceri/effective_session_service.py:CeriEffectiveSessionService.resolve,POTENTIAL_DISTINCT_SEMANTICS,[],[],[],Preserved name-inferred target; known concrete sink witnesses retained. No runtime or authority proof is inferred from the name.,False,False,False
1642,scripts/winner_maturation_canary.py:_canary_outcome_state,scripts/qa/t13d_configuration_benchmark.py:RulePreload.scalars,POTENTIAL_DISTINCT_SEMANTICS,[],[],[],Preserved name-inferred target; known concrete sink witnesses retained. No runtime or authority proof is inferred from the name.,False,False,False
1643,scripts/winner_maturation_canary.py:_canary_price_state,scripts/qa/t13d_configuration_benchmark.py:RulePreload.scalars,POTENTIAL_DISTINCT_SEMANTICS,[],[],[],Preserved name-inferred target; known concrete sink witnesses retained. No runtime or authority proof is inferred from the name.,False,False,False
1644,scripts/winner_maturation_canary.py:_candidate_profiles,scripts/qa/t13d_configuration_benchmark.py:EmptyRuleRows.all,POTENTIAL_DISTINCT_SEMANTICS,[],[],[],Preserved name-inferred target; known concrete sink witnesses retained. No runtime or authority proof is inferred from the name.,False,False,False
1645,scripts/winner_maturation_canary.py:_candidate_profiles,scripts/qa/t13d_configuration_benchmark.py:RulePreload.scalars,POTENTIAL_DISTINCT_SEMANTICS,[],[],[],Preserved name-inferred target; known concrete sink witnesses retained. No runtime or authority proof is inferred from the name.,False,False,False
1646,scripts/winner_maturation_canary.py:_control_state,scripts/profile_sec_performance.py:ProfilingSession.scalar,POTENTIAL_DISTINCT_SEMANTICS,[],[],[],Preserved name-inferred target; known concrete sink witnesses retained. No runtime or authority proof is inferred from the name.,False,False,False
1647,scripts/winner_maturation_canary.py:_hash_query,scripts/qa/t13d_configuration_benchmark.py:RulePreload.scalars,POTENTIAL_DISTINCT_SEMANTICS,[],[],[],Preserved name-inferred target; known concrete sink witnesses retained. No runtime or authority proof is inferred from the name.,False,False,False
1648,scripts/winner_maturation_canary.py:_hash_without_artifact_hash,app/services/fundamental_ranker_v2.py:FundamentalsV2Config.items,POTENTIAL_DISTINCT_SEMANTICS,[],[],[],Preserved name-inferred target; known concrete sink witnesses retained. No runtime or authority proof is inferred from the name.,False,False,False
1649,scripts/winner_maturation_canary.py:_quarantine_count,scripts/profile_sec_performance.py:ProfilingSession.scalar,POTENTIAL_DISTINCT_SEMANTICS,[],[],[],Preserved name-inferred target; known concrete sink witnesses retained. No runtime or authority proof is inferred from the name.,False,False,False
165,app/services/background_performance_baseline.py:_workload_report,scripts/qa/t13d_configuration_benchmark.py:RulePreload.scalars,POTENTIAL_DISTINCT_SEMANTICS,[],[],[],Preserved name-inferred target; known concrete sink witnesses retained. No runtime or authority proof is inferred from the name.,False,False,False
1650,scripts/winner_maturation_canary.py:execute,app/services/canonical_evidence.py:CanonicalEvidenceSerializer.dumps,POTENTIAL_DISTINCT_SEMANTICS,[],[],[],Preserved name-inferred target; known concrete sink witnesses retained. No runtime or authority proof is inferred from the name.,False,False,False
1651,scripts/winner_maturation_canary.py:plan,app/services/canonical_evidence.py:CanonicalEvidenceSerializer.dumps,POTENTIAL_DISTINCT_SEMANTICS,[],[],[],Preserved name-inferred target; known concrete sink witnesses retained. No runtime or authority proof is inferred from the name.,False,False,False
1652,scripts/winner_maturation_canary.py:plan,app/services/ceri/effective_session_service.py:CeriEffectiveSessionService.resolve,POTENTIAL_DISTINCT_SEMANTICS,[],[],[],Preserved name-inferred target; known concrete sink witnesses retained. No runtime or authority proof is inferred from the name.,False,False,False
1653,scripts/winner_maturation_canary.py:snapshot,app/services/canonical_evidence.py:CanonicalEvidenceSerializer.dumps,POTENTIAL_DISTINCT_SEMANTICS,[],[],[],Preserved name-inferred target; known concrete sink witnesses retained. No runtime or authority proof is inferred from the name.,False,False,False
1654,scripts/winner_maturation_canary.py:verify,app/services/canonical_evidence.py:CanonicalEvidenceSerializer.dumps,POTENTIAL_DISTINCT_SEMANTICS,[],[],[],Preserved name-inferred target; known concrete sink witnesses retained. No runtime or authority proof is inferred from the name.,False,False,False
1655,scripts/winner_maturation_canary.py:verify,app/services/fundamental_ranker_v2.py:FundamentalsV2Config.items,POTENTIAL_DISTINCT_SEMANTICS,[],[],[],Preserved name-inferred target; known concrete sink witnesses retained. No runtime or authority proof is inferred from the name.,False,False,False
1656,scripts/winner_target_stop_scope_repair.py:_active_winner_jobs,scripts/profile_sec_performance.py:ProfilingSession.scalar,POTENTIAL_DISTINCT_SEMANTICS,[],[],[],Preserved name-inferred target; known concrete sink witnesses retained. No runtime or authority proof is inferred from the name.,False,False,False
1657,scripts/winner_target_stop_scope_repair.py:_payload_hash,app/services/fundamental_ranker_v2.py:FundamentalsV2Config.items,POTENTIAL_DISTINCT_SEMANTICS,[],[],[],Preserved name-inferred target; known concrete sink witnesses retained. No runtime or authority proof is inferred from the name.,False,False,False
1658,scripts/winner_target_stop_scope_repair.py:_quarantine_count,scripts/profile_sec_performance.py:ProfilingSession.scalar,POTENTIAL_DISTINCT_SEMANTICS,[],[],[],Preserved name-inferred target; known concrete sink witnesses retained. No runtime or authority proof is inferred from the name.,False,False,False
1659,scripts/winner_target_stop_scope_repair.py:_query_hash,scripts/qa/t13d_configuration_benchmark.py:RulePreload.scalars,POTENTIAL_DISTINCT_SEMANTICS,[],[],[],Preserved name-inferred target; known concrete sink witnesses retained. No runtime or authority proof is inferred from the name.,False,False,False
166,app/services/background_worker.py:_execute_full_pipeline_job.memory_probe,app/observability/metrics.py:PrometheusMetrics.set_gauge,POTENTIAL_DISTINCT_SEMANTICS,[],[],[],Preserved name-inferred target; known concrete sink witnesses retained. No runtime or authority proof is inferred from the name.,False,False,False
1660,scripts/winner_target_stop_scope_repair.py:_summary,app/services/ceri/effective_session_service.py:CeriEffectiveSessionService.resolve,POTENTIAL_DISTINCT_SEMANTICS,[],[],[],Preserved name-inferred target; known concrete sink witnesses retained. No runtime or authority proof is inferred from the name.,False,False,False
1661,scripts/winner_target_stop_scope_repair.py:apply,app/services/canonical_evidence.py:CanonicalEvidenceSerializer.dumps,POTENTIAL_DISTINCT_SEMANTICS,[],[],[],Preserved name-inferred target; known concrete sink witnesses retained. No runtime or authority proof is inferred from the name.,False,False,False
1662,scripts/winner_target_stop_scope_repair.py:plan,app/services/canonical_evidence.py:CanonicalEvidenceSerializer.dumps,POTENTIAL_DISTINCT_SEMANTICS,[],[],[],Preserved name-inferred target; known concrete sink witnesses retained. No runtime or authority proof is inferred from the name.,False,False,False
1663,scripts/winner_target_stop_scope_repair.py:plan,scripts/qa/t13d_configuration_benchmark.py:RulePreload.scalars,POTENTIAL_DISTINCT_SEMANTICS,[],[],[],Preserved name-inferred target; known concrete sink witnesses retained. No runtime or authority proof is inferred from the name.,False,False,False
1664,scripts/winner_target_stop_scope_repair.py:verify,app/services/canonical_evidence.py:CanonicalEvidenceSerializer.dumps,POTENTIAL_DISTINCT_SEMANTICS,[],[],[],Preserved name-inferred target; known concrete sink witnesses retained. No runtime or authority proof is inferred from the name.,False,False,False
1665,scripts/winner_target_stop_scope_repair.py:verify,app/services/fundamental_ranker_v2.py:FundamentalsV2Config.items,POTENTIAL_DISTINCT_SEMANTICS,[],[],[],Preserved name-inferred target; known concrete sink witnesses retained. No runtime or authority proof is inferred from the name.,False,False,False
1666,scripts/winner_target_stop_scope_repair.py:verify,scripts/profile_sec_performance.py:ProfilingSession.scalar,POTENTIAL_DISTINCT_SEMANTICS,[],[],[],Preserved name-inferred target; known concrete sink witnesses retained. No runtime or authority proof is inferred from the name.,False,False,False
167,app/services/background_worker.py:_worker_heartbeat_loop,app/observability/metrics.py:PrometheusMetrics.set_gauge,POTENTIAL_DISTINCT_SEMANTICS,[],[],[],Preserved name-inferred target; known concrete sink witnesses retained. No runtime or authority proof is inferred from the name.,False,False,False
168,app/services/background_worker.py:worker_startup_configuration,scripts/profile_sec_performance.py:ProfilingSession.scalar,POTENTIAL_DISTINCT_SEMANTICS,[],[],[],Preserved name-inferred target; known concrete sink witnesses retained. No runtime or authority proof is inferred from the name.,False,False,False
169,app/services/bar_cache_service.py:_existing_bars_by_key,scripts/qa/t13d_configuration_benchmark.py:EmptyRuleRows.all,POTENTIAL_DISTINCT_SEMANTICS,[],[],[],Preserved name-inferred target; known concrete sink witnesses retained. No runtime or authority proof is inferred from the name.,False,False,False
17,app/observability/db_monitor.py:JsonlTelemetryWriter.enqueue,app/observability/metrics.py:PrometheusMetrics.increment,POTENTIAL_DISTINCT_SEMANTICS,[],[],[],Preserved name-inferred target; known concrete sink witnesses retained. No runtime or authority proof is inferred from the name.,False,False,False
170,app/services/bar_cache_service.py:_existing_bars_by_key,scripts/qa/t13d_configuration_benchmark.py:RulePreload.scalars,POTENTIAL_DISTINCT_SEMANTICS,[],[],[],Preserved name-inferred target; known concrete sink witnesses retained. No runtime or authority proof is inferred from the name.,False,False,False
171,app/services/calculation_identity.py:CalculationIdentity.legacy_unknown,app/services/calculation_identity.py:IdentityDimension.known,POTENTIAL_DISTINCT_SEMANTICS,[],[],[],Preserved name-inferred target; known concrete sink witnesses retained. No runtime or authority proof is inferred from the name.,False,False,False
172,app/services/calculation_identity.py:CalculationIdentityValidator._configuration,app/services/calculation_identity.py:CalculationIdentityValidator._digest_value,POTENTIAL_DISTINCT_SEMANTICS,[],[],[],Preserved name-inferred target; known concrete sink witnesses retained. No runtime or authority proof is inferred from the name.,False,False,False
173,app/services/calculation_identity.py:CalculationIdentityValidator._configuration,app/services/calculation_identity.py:CalculationIdentityValidator._version_value,POTENTIAL_DISTINCT_SEMANTICS,[],[],[],Preserved name-inferred target; known concrete sink witnesses retained. No runtime or authority proof is inferred from the name.,False,False,False
174,app/services/calculation_identity.py:CalculationIdentityValidator._digest,app/services/calculation_identity.py:CalculationIdentityValidator._digest_value,POTENTIAL_DISTINCT_SEMANTICS,[],[],[],Preserved name-inferred target; known concrete sink witnesses retained. No runtime or authority proof is inferred from the name.,False,False,False
175,app/services/calculation_identity.py:CalculationIdentityValidator._version,app/services/calculation_identity.py:CalculationIdentityValidator._version_value,POTENTIAL_DISTINCT_SEMANTICS,[],[],[],Preserved name-inferred target; known concrete sink witnesses retained. No runtime or authority proof is inferred from the name.,False,False,False
176,app/services/calculation_identity.py:CalculationIdentityValidator.validate,app/services/calculation_identity.py:CalculationIdentityValidator._calendar,POTENTIAL_DISTINCT_SEMANTICS,[],[],[],Preserved name-inferred target; known concrete sink witnesses retained. No runtime or authority proof is inferred from the name.,False,False,False
177,app/services/calculation_identity.py:CalculationIdentityValidator.validate,app/services/calculation_identity.py:CalculationIdentityValidator._configuration,POTENTIAL_DISTINCT_SEMANTICS,[],[],[],Preserved name-inferred target; known concrete sink witnesses retained. No runtime or authority proof is inferred from the name.,False,False,False
178,app/services/calculation_identity.py:CalculationIdentityValidator.validate,app/services/calculation_identity.py:CalculationIdentityValidator._version_value,POTENTIAL_DISTINCT_SEMANTICS,[],[],[],Preserved name-inferred target; known concrete sink witnesses retained. No runtime or authority proof is inferred from the name.,False,False,False
179,app/services/calculation_identity.py:_parse_dimension,app/services/calculation_identity.py:IdentityDimension.known,POTENTIAL_DISTINCT_SEMANTICS,[],[],[],Preserved name-inferred target; known concrete sink witnesses retained. No runtime or authority proof is inferred from the name.,False,False,False
18,app/observability/db_monitor.py:JsonlTelemetryWriter.enqueue,app/observability/metrics.py:PrometheusMetrics.set_gauge,POTENTIAL_DISTINCT_SEMANTICS,[],[],[],Preserved name-inferred target; known concrete sink witnesses retained. No runtime or authority proof is inferred from the name.,False,False,False
180,app/services/calculation_identity.py:_unknown_dimension_paths,app/services/fundamental_ranker_v2.py:FundamentalsV2Config.items,POTENTIAL_DISTINCT_SEMANTICS,[],[],[],Preserved name-inferred target; known concrete sink witnesses retained. No runtime or authority proof is inferred from the name.,False,False,False
181,app/services/canonical_evidence.py:CanonicalEvidenceSerializer._sort_key,app/services/canonical_evidence.py:CanonicalEvidenceSerializer.dumps,POTENTIAL_DISTINCT_SEMANTICS,[],[],[],Preserved name-inferred target; known concrete sink witnesses retained. No runtime or authority proof is inferred from the name.,False,False,False
182,app/services/canonical_evidence.py:CanonicalEvidenceSerializer.bytes,app/services/canonical_evidence.py:CanonicalEvidenceSerializer.dumps,POTENTIAL_DISTINCT_SEMANTICS,[],[],[],Preserved name-inferred target; known concrete sink witnesses retained. No runtime or authority proof is inferred from the name.,False,False,False
183,app/services/canonical_evidence.py:CanonicalEvidenceSerializer.canonicalize,app/services/canonical_evidence.py:CanonicalEvidenceSerializer._is_unordered_field,POTENTIAL_DISTINCT_SEMANTICS,[],[],[],Preserved name-inferred target; known concrete sink witnesses retained. No runtime or authority proof is inferred from the name.,False,False,False
184,app/services/canonical_evidence.py:CanonicalEvidenceSerializer.canonicalize,app/services/canonical_evidence.py:CanonicalEvidenceSerializer._mapping_path,POTENTIAL_DISTINCT_SEMANTICS,[],[],[],Preserved name-inferred target; known concrete sink witnesses retained. No runtime or authority proof is inferred from the name.,False,False,False
185,app/services/canonical_evidence.py:CanonicalEvidenceSerializer.canonicalize,app/services/canonical_evidence.py:CanonicalEvidenceSerializer._timezone_text,POTENTIAL_DISTINCT_SEMANTICS,[],[],[],Preserved name-inferred target; known concrete sink witnesses retained. No runtime or authority proof is inferred from the name.,False,False,False
186,app/services/canonical_evidence.py:CanonicalEvidenceSerializer.canonicalize,app/services/fundamental_ranker_v2.py:FundamentalsV2Config.items,POTENTIAL_DISTINCT_SEMANTICS,[],[],[],Preserved name-inferred target; known concrete sink witnesses retained. No runtime or authority proof is inferred from the name.,False,False,False
187,app/services/canonical_evidence.py:CanonicalEvidenceSerializer.dumps,app/services/canonical_evidence.py:CanonicalEvidenceSerializer.canonicalize,POTENTIAL_DISTINCT_SEMANTICS,[],[],[],Preserved name-inferred target; known concrete sink witnesses retained. No runtime or authority proof is inferred from the name.,False,False,False
188,app/services/canonical_evidence.py:CanonicalEvidenceSerializer.fingerprint,app/services/canonical_evidence.py:CanonicalEvidenceSerializer.bytes,POTENTIAL_DISTINCT_SEMANTICS,[],[],[],Preserved name-inferred target; known concrete sink witnesses retained. No runtime or authority proof is inferred from the name.,False,False,False
189,app/services/canonical_runtime_launcher.py:build_canonical_runtime_launch,app/services/ceri/effective_session_service.py:CeriEffectiveSessionService.resolve,POTENTIAL_DISTINCT_SEMANTICS,[],[],[],Preserved name-inferred target; known concrete sink witnesses retained. No runtime or authority proof is inferred from the name.,False,False,False
19,app/observability/db_monitor.py:JsonlTelemetryWriter.start,app/services/ceri/effective_session_service.py:CeriEffectiveSessionService.resolve,POTENTIAL_DISTINCT_SEMANTICS,[],[],[],Preserved name-inferred target; known concrete sink witnesses retained. No runtime or authority proof is inferred from the name.,False,False,False
190,app/services/ceri/alert_service.py:CeriAlertService.__init__,app/services/decision_effective_configuration.py:DecisionEffectiveConfiguration.ceri_decision_config,POTENTIAL_DISTINCT_SEMANTICS,[],[],[],Preserved name-inferred target; known concrete sink witnesses retained. No runtime or authority proof is inferred from the name.,False,False,False
191,app/services/ceri/alert_service.py:_load,scripts/qa/t13d_configuration_benchmark.py:EmptyRuleRows.all,POTENTIAL_DISTINCT_SEMANTICS,[],[],[],Preserved name-inferred target; known concrete sink witnesses retained. No runtime or authority proof is inferred from the name.,False,False,False
192,app/services/ceri/backfill_service.py:CeriBackfillService.run,app/services/ceri/evidence_eligibility.py:EvidenceDispositionRequest.values,POTENTIAL_DISTINCT_SEMANTICS,[],[],"[""EF_57e42943795f68d5""]",Preserved name-inferred target; known concrete sink witnesses retained. No runtime or authority proof is inferred from the name.,False,False,False
193,app/services/ceri/backfill_service.py:_load,scripts/qa/t13d_configuration_benchmark.py:EmptyRuleRows.all,POTENTIAL_DISTINCT_SEMANTICS,[],[],[],Preserved name-inferred target; known concrete sink witnesses retained. No runtime or authority proof is inferred from the name.,False,False,False
194,app/services/ceri/backlog_cleanup_service.py:_duplicate_queued_job_ids,app/services/ceri/evidence_eligibility.py:EvidenceDispositionRequest.values,POTENTIAL_DISTINCT_SEMANTICS,[],[],[],Preserved name-inferred target; known concrete sink witnesses retained. No runtime or authority proof is inferred from the name.,False,False,False
195,app/services/ceri/backlog_cleanup_service.py:_group_jobs,app/services/fundamental_ranker_v2.py:FundamentalsV2Config.items,POTENTIAL_DISTINCT_SEMANTICS,[],[],[],Preserved name-inferred target; known concrete sink witnesses retained. No runtime or authority proof is inferred from the name.,False,False,False
196,app/services/ceri/backlog_cleanup_service.py:apply_legacy_ceri_backlog_cleanup,scripts/qa/t13d_configuration_benchmark.py:EmptyRuleRows.all,POTENTIAL_DISTINCT_SEMANTICS,[],[],[],Preserved name-inferred target; known concrete sink witnesses retained. No runtime or authority proof is inferred from the name.,False,False,False
197,app/services/ceri/backlog_cleanup_service.py:apply_legacy_ceri_backlog_cleanup,scripts/qa/t13d_configuration_benchmark.py:RulePreload.scalars,POTENTIAL_DISTINCT_SEMANTICS,[],[],[],Preserved name-inferred target; known concrete sink witnesses retained. No runtime or authority proof is inferred from the name.,False,False,False
198,app/services/ceri/backlog_cleanup_service.py:inspect_legacy_ceri_backlog,app/services/fundamental_ranker_v2.py:FundamentalsV2Config.items,POTENTIAL_DISTINCT_SEMANTICS,[],[],[],Preserved name-inferred target; known concrete sink witnesses retained. No runtime or authority proof is inferred from the name.,False,False,False
199,app/services/ceri/backlog_cleanup_service.py:inspect_legacy_ceri_backlog,scripts/qa/t13d_configuration_benchmark.py:EmptyRuleRows.all,POTENTIAL_DISTINCT_SEMANTICS,[],[],[],Preserved name-inferred target; known concrete sink witnesses retained. No runtime or authority proof is inferred from the name.,False,False,False
2,alembic/versions/20260910_0072_ceri_artifact_context_lineage.py:downgrade,app/services/fundamental_ranker_v2.py:FundamentalsV2Config.items,POTENTIAL_DISTINCT_SEMANTICS,[],[],[],Preserved name-inferred target; known concrete sink witnesses retained. No runtime or authority proof is inferred from the name.,False,False,False
20,app/observability/db_monitor.py:JsonlTelemetryWriter.status,app/services/ceri/effective_session_service.py:CeriEffectiveSessionService.resolve,POTENTIAL_DISTINCT_SEMANTICS,[],[],[],Preserved name-inferred target; known concrete sink witnesses retained. No runtime or authority proof is inferred from the name.,False,False,False
200,app/services/ceri/backlog_cleanup_service.py:inspect_legacy_ceri_backlog,scripts/qa/t13d_configuration_benchmark.py:RulePreload.scalars,POTENTIAL_DISTINCT_SEMANTICS,[],[],[],Preserved name-inferred target; known concrete sink witnesses retained. No runtime or authority proof is inferred from the name.,False,False,False
201,app/services/ceri/batched_job_handlers.py:_checkpoint_state,app/services/fundamental_ranker_v2.py:FundamentalsV2Config.items,POTENTIAL_DISTINCT_SEMANTICS,[],[],[],Preserved name-inferred target; known concrete sink witnesses retained. No runtime or authority proof is inferred from the name.,False,False,False
202,app/services/ceri/batched_job_handlers.py:_require_terminal_stage,scripts/qa/t13d_configuration_benchmark.py:RulePreload.scalars,POTENTIAL_DISTINCT_SEMANTICS,[],[],[],Preserved name-inferred target; known concrete sink witnesses retained. No runtime or authority proof is inferred from the name.,False,False,False
203,app/services/ceri/batched_job_handlers.py:execute_feature_batch_job,app/services/ceri/evidence_eligibility.py:EvidenceDispositionRequest.values,POTENTIAL_DISTINCT_SEMANTICS,[],[],"[""EF_396637ef05c88e25""]",Preserved name-inferred target; known concrete sink witnesses retained. No runtime or authority proof is inferred from the name.,False,False,False
204,app/services/ceri/batched_job_handlers.py:execute_feature_batch_job,app/services/fundamental_ranker_v2.py:FundamentalsV2Config.items,POTENTIAL_DISTINCT_SEMANTICS,[],[],"[""EF_396637ef05c88e25""]",Preserved name-inferred target; known concrete sink witnesses retained. No runtime or authority proof is inferred from the name.,False,False,False
205,app/services/ceri/batched_job_handlers.py:execute_normalize_batch_job,app/services/ceri/evidence_eligibility.py:EvidenceDispositionRequest.values,POTENTIAL_DISTINCT_SEMANTICS,[],[],"[""EF_4b57eb3e4ba3ac95""]",Preserved name-inferred target; known concrete sink witnesses retained. No runtime or authority proof is inferred from the name.,False,False,False
206,app/services/ceri/batched_job_handlers.py:execute_normalize_batch_job,scripts/profile_sec_performance.py:ProfilingSession.scalar,POTENTIAL_DISTINCT_SEMANTICS,[],[],"[""EF_4b57eb3e4ba3ac95""]",Preserved name-inferred target; known concrete sink witnesses retained. No runtime or authority proof is inferred from the name.,False,False,False
207,app/services/ceri/batched_workflow.py:_ensure_ceri_companies,scripts/qa/t13d_configuration_benchmark.py:RulePreload.scalars,POTENTIAL_DISTINCT_SEMANTICS,[],[],[],Preserved name-inferred target; known concrete sink witnesses retained. No runtime or authority proof is inferred from the name.,False,False,False
208,app/services/ceri/batched_workflow.py:build_ceri_batched_workflow_plan,app/services/fundamental_ranker_v2.py:FundamentalsV2Config.items,POTENTIAL_DISTINCT_SEMANTICS,[],[],[],Preserved name-inferred target; known concrete sink witnesses retained. No runtime or authority proof is inferred from the name.,False,False,False
209,app/services/ceri/batched_workflow.py:schedule_ceri_batched_workflow,app/services/ceri/sec/readiness_diagnostics.py:SecUniverseReadiness.counts,POTENTIAL_DISTINCT_SEMANTICS,[],[],"[""EF_fb3da89576a5f670""]",Preserved name-inferred target; known concrete sink witnesses retained. No runtime or authority proof is inferred from the name.,False,False,False
21,app/observability/db_monitor.py:JsonlTelemetryWriter.stop,app/services/ceri/effective_session_service.py:CeriEffectiveSessionService.resolve,POTENTIAL_DISTINCT_SEMANTICS,[],[],[],Preserved name-inferred target; known concrete sink witnesses retained. No runtime or authority proof is inferred from the name.,False,False,False
210,app/services/ceri/batched_workflow.py:schedule_ceri_batched_workflow,app/services/fundamental_ranker_v2.py:FundamentalsV2Config.items,POTENTIAL_DISTINCT_SEMANTICS,[],[],"[""EF_fb3da89576a5f670""]",Preserved name-inferred target; known concrete sink witnesses retained. No runtime or authority proof is inferred from the name.,False,False,False
211,app/services/ceri/batched_workflow.py:schedule_ceri_batched_workflow,scripts/qa/t13d_configuration_benchmark.py:RulePreload.scalars,POTENTIAL_DISTINCT_SEMANTICS,[],[],"[""EF_fb3da89576a5f670""]",Preserved name-inferred target; known concrete sink witnesses retained. No runtime or authority proof is inferred from the name.,False,False,False
212,app/services/ceri/capture_service.py:CeriRunCaptureService.capture_run,app/services/ceri/evidence_eligibility.py:EvidenceDispositionRequest.values,POTENTIAL_DISTINCT_SEMANTICS,[],[],"[""EF_8eedb2c400c92649""]",Preserved name-inferred target; known concrete sink witnesses retained. No runtime or authority proof is inferred from the name.,False,False,False
213,app/services/ceri/capture_service.py:CeriRunCaptureService.capture_run,app/services/contextual_effective_configuration.py:ContextualEffectiveConfiguration.ceri_config,POTENTIAL_DISTINCT_SEMANTICS,[],[],"[""EF_8eedb2c400c92649""]",Preserved name-inferred target; known concrete sink witnesses retained. No runtime or authority proof is inferred from the name.,False,False,False
214,app/services/ceri/capture_service.py:CeriRunCaptureService.capture_run,app/services/core_effective_configuration.py:CoreEffectiveConfiguration.bind,POTENTIAL_DISTINCT_SEMANTICS,[],[],"[""EF_8eedb2c400c92649""]",Preserved name-inferred target; known concrete sink witnesses retained. No runtime or authority proof is inferred from the name.,False,False,False
215,app/services/ceri/capture_service.py:CeriRunCaptureService.capture_run,app/services/core_effective_configuration.py:CoreEffectiveConfiguration.require_retry_identity,POTENTIAL_DISTINCT_SEMANTICS,[],[],"[""EF_8eedb2c400c92649""]",Preserved name-inferred target; known concrete sink witnesses retained. No runtime or authority proof is inferred from the name.,False,False,False
216,app/services/ceri/capture_service.py:CeriRunCaptureService.capture_run,app/services/fundamental_ranker_v2.py:FundamentalsV2Config.items,POTENTIAL_DISTINCT_SEMANTICS,[],[],"[""EF_8eedb2c400c92649""]",Preserved name-inferred target; known concrete sink witnesses retained. No runtime or authority proof is inferred from the name.,False,False,False
217,app/services/ceri/capture_service.py:CeriRunCaptureService.capture_run,app/services/ib_market_intelligence/config.py:IBMarketIntelligenceConfig.section,POTENTIAL_DISTINCT_SEMANTICS,[],[],"[""EF_8eedb2c400c92649""]",Preserved name-inferred target; known concrete sink witnesses retained. No runtime or authority proof is inferred from the name.,False,False,False
218,app/services/ceri/capture_service.py:_existing_snapshot_company_ids,app/services/core_effective_configuration.py:CoreEffectiveConfiguration.bind,POTENTIAL_DISTINCT_SEMANTICS,[],[],[],Preserved name-inferred target; known concrete sink witnesses retained. No runtime or authority proof is inferred from the name.,False,False,False
219,app/services/ceri/capture_service.py:_latest_eligible_catalyst_revisions,app/services/ceri/evidence_eligibility.py:EvidenceDispositionRequest.values,POTENTIAL_DISTINCT_SEMANTICS,[],[],[],Preserved name-inferred target; known concrete sink witnesses retained. No runtime or authority proof is inferred from the name.,False,False,False
22,app/observability/db_monitor.py:MonitoredQueuePool._do_get,app/observability/metrics.py:PrometheusMetrics.increment,POTENTIAL_DISTINCT_SEMANTICS,[],[],[],Preserved name-inferred target; known concrete sink witnesses retained. No runtime or authority proof is inferred from the name.,False,False,False
220,app/services/ceri/capture_service.py:_provider_feed_freshness_days,app/services/fundamental_ranker_v2.py:FundamentalsV2Config.items,POTENTIAL_DISTINCT_SEMANTICS,[],[],[],Preserved name-inferred target; known concrete sink witnesses retained. No runtime or authority proof is inferred from the name.,False,False,False
221,app/services/ceri/capture_service.py:_scalars,scripts/qa/t13d_configuration_benchmark.py:EmptyRuleRows.all,POTENTIAL_DISTINCT_SEMANTICS,[],[],[],Preserved name-inferred target; known concrete sink witnesses retained. No runtime or authority proof is inferred from the name.,False,False,False
222,app/services/ceri/catalyst_deduplicator.py:CeriCatalystDeduplicator.cluster,app/services/ceri/evidence_eligibility.py:EvidenceDispositionRequest.values,POTENTIAL_DISTINCT_SEMANTICS,[],[],[],Preserved name-inferred target; known concrete sink witnesses retained. No runtime or authority proof is inferred from the name.,False,False,False
223,app/services/ceri/catalyst_taxonomy.py:CeriCatalystTaxonomy.normalize_category,app/services/fundamental_ranker_v2.py:FundamentalsV2Config.items,POTENTIAL_DISTINCT_SEMANTICS,[],[],[],Preserved name-inferred target; known concrete sink witnesses retained. No runtime or authority proof is inferred from the name.,False,False,False
224,app/services/ceri/change_detection_service.py:CeriChangeDetectionService.__init__,app/services/decision_effective_configuration.py:DecisionEffectiveConfiguration.ceri_decision_config,POTENTIAL_DISTINCT_SEMANTICS,[],[],[],Preserved name-inferred target; known concrete sink witnesses retained. No runtime or authority proof is inferred from the name.,False,False,False
225,app/services/ceri/change_detection_service.py:CeriChangeDetectionService.detect_score_changes,app/services/fundamental_ranker_v2.py:FundamentalsV2Config.items,POTENTIAL_DISTINCT_SEMANTICS,[],[],"[""EF_9ecbca3f3412c850""]",Preserved name-inferred target; known concrete sink witnesses retained. No runtime or authority proof is inferred from the name.,False,False,False
226,app/services/ceri/change_detection_service.py:change_dedup_key,app/services/fundamental_ranker_v2.py:FundamentalsV2Config.items,POTENTIAL_DISTINCT_SEMANTICS,[],[],[],Preserved name-inferred target; known concrete sink witnesses retained. No runtime or authority proof is inferred from the name.,False,False,False
227,app/services/ceri/change_rebuild_service.py:CeriChangeRebuildService._eligible_revisions,app/services/ceri/evidence_eligibility.py:EvidenceDispositionRequest.values,POTENTIAL_DISTINCT_SEMANTICS,[],[],[],Preserved name-inferred target; known concrete sink witnesses retained. No runtime or authority proof is inferred from the name.,False,False,False
228,app/services/ceri/change_rebuild_service.py:CeriChangeRebuildService._guidance,app/services/ceri/evidence_eligibility.py:EvidenceDispositionRequest.values,POTENTIAL_DISTINCT_SEMANTICS,[],[],[],Preserved name-inferred target; known concrete sink witnesses retained. No runtime or authority proof is inferred from the name.,False,False,False
229,app/services/ceri/change_rebuild_service.py:CeriChangeRebuildService.rebuild,app/services/fundamental_ranker_v2.py:FundamentalsV2Config.items,POTENTIAL_DISTINCT_SEMANTICS,[],[],"[""EF_7a4eefa3be56b725""]",Preserved name-inferred target; known concrete sink witnesses retained. No runtime or authority proof is inferred from the name.,False,False,False
23,app/observability/db_monitor.py:SqlSummary.snapshot,app/services/fundamental_ranker_v2.py:FundamentalsV2Config.items,POTENTIAL_DISTINCT_SEMANTICS,[],[],[],Preserved name-inferred target; known concrete sink witnesses retained. No runtime or authority proof is inferred from the name.,False,False,False
230,app/services/ceri/change_rebuild_service.py:_load,scripts/qa/t13d_configuration_benchmark.py:EmptyRuleRows.all,POTENTIAL_DISTINCT_SEMANTICS,[],[],[],Preserved name-inferred target; known concrete sink witnesses retained. No runtime or authority proof is inferred from the name.,False,False,False
231,app/services/ceri/confidence_service.py:CeriConfidenceService.__init__,app/services/contextual_effective_configuration.py:ContextualEffectiveConfiguration.ceri_config,POTENTIAL_DISTINCT_SEMANTICS,[],[],[],Preserved name-inferred target; known concrete sink witnesses retained. No runtime or authority proof is inferred from the name.,False,False,False
232,app/services/ceri/config.py:_parse_alerts,app/services/fundamental_ranker_v2.py:FundamentalsV2Config.items,POTENTIAL_DISTINCT_SEMANTICS,[],[],[],Preserved name-inferred target; known concrete sink witnesses retained. No runtime or authority proof is inferred from the name.,False,False,False
233,app/services/ceri/config.py:_parse_change_thresholds,app/services/fundamental_ranker_v2.py:FundamentalsV2Config.items,POTENTIAL_DISTINCT_SEMANTICS,[],[],[],Preserved name-inferred target; known concrete sink witnesses retained. No runtime or authority proof is inferred from the name.,False,False,False
234,app/services/ceri/config.py:_parse_datasets,app/services/ceri/evidence_eligibility.py:EvidenceDispositionRequest.values,POTENTIAL_DISTINCT_SEMANTICS,[],[],[],Preserved name-inferred target; known concrete sink witnesses retained. No runtime or authority proof is inferred from the name.,False,False,False
235,app/services/ceri/config.py:_parse_event_risk,app/services/fundamental_ranker_v2.py:FundamentalsV2Config.items,POTENTIAL_DISTINCT_SEMANTICS,[],[],[],Preserved name-inferred target; known concrete sink witnesses retained. No runtime or authority proof is inferred from the name.,False,False,False
236,app/services/ceri/config.py:_parse_exports,app/services/fundamental_ranker_v2.py:FundamentalsV2Config.items,POTENTIAL_DISTINCT_SEMANTICS,[],[],[],Preserved name-inferred target; known concrete sink witnesses retained. No runtime or authority proof is inferred from the name.,False,False,False
237,app/services/ceri/config.py:_parse_revision,app/services/fundamental_ranker_v2.py:FundamentalsV2Config.items,POTENTIAL_DISTINCT_SEMANTICS,[],[],[],Preserved name-inferred target; known concrete sink witnesses retained. No runtime or authority proof is inferred from the name.,False,False,False
238,app/services/ceri/config.py:_parse_weights,app/services/ceri/evidence_eligibility.py:EvidenceDispositionRequest.values,POTENTIAL_DISTINCT_SEMANTICS,[],[],[],Preserved name-inferred target; known concrete sink witnesses retained. No runtime or authority proof is inferred from the name.,False,False,False
239,app/services/ceri/config.py:_parse_weights,app/services/fundamental_ranker_v2.py:FundamentalsV2Config.items,POTENTIAL_DISTINCT_SEMANTICS,[],[],[],Preserved name-inferred target; known concrete sink witnesses retained. No runtime or authority proof is inferred from the name.,False,False,False
24,app/observability/db_monitor.py:_digestable_parameter_value,app/services/fundamental_ranker_v2.py:FundamentalsV2Config.items,POTENTIAL_DISTINCT_SEMANTICS,[],[],[],Preserved name-inferred target; known concrete sink witnesses retained. No runtime or authority proof is inferred from the name.,False,False,False
240,app/services/ceri/config.py:_strip_config_hashes,app/services/fundamental_ranker_v2.py:FundamentalsV2Config.items,POTENTIAL_DISTINCT_SEMANTICS,[],[],[],Preserved name-inferred target; known concrete sink witnesses retained. No runtime or authority proof is inferred from the name.,False,False,False
241,app/services/ceri/config.py:ceri_config_hash,app/services/canonical_evidence.py:CanonicalEvidenceSerializer.dumps,POTENTIAL_DISTINCT_SEMANTICS,[],[],[],Preserved name-inferred target; known concrete sink witnesses retained. No runtime or authority proof is inferred from the name.,False,False,False
242,app/services/ceri/config.py:load_ceri_config,app/services/canonical_evidence.py:CanonicalEvidenceSerializer.dumps,POTENTIAL_DISTINCT_SEMANTICS,[],[],[],Preserved name-inferred target; known concrete sink witnesses retained. No runtime or authority proof is inferred from the name.,False,False,False
243,app/services/ceri/controlled_replay_service.py:CeriControlledReplayService._validate_request,scripts/profile_sec_performance.py:ProfilingSession.scalar,POTENTIAL_DISTINCT_SEMANTICS,[],[],[],Preserved name-inferred target; known concrete sink witnesses retained. No runtime or authority proof is inferred from the name.,False,False,False
244,app/services/ceri/controlled_replay_service.py:CeriControlledReplayService.replay,app/services/ceri/evidence_eligibility.py:EvidenceDispositionRequest.values,POTENTIAL_DISTINCT_SEMANTICS,[],[],"[""EF_f3014b101f7ca379""]",Preserved name-inferred target; known concrete sink witnesses retained. No runtime or authority proof is inferred from the name.,False,False,False
245,app/services/ceri/controlled_replay_service.py:CeriControlledReplayService.replay,app/services/fundamental_ranker_v2.py:FundamentalsV2Config.items,POTENTIAL_DISTINCT_SEMANTICS,[],[],"[""EF_f3014b101f7ca379""]",Preserved name-inferred target; known concrete sink witnesses retained. No runtime or authority proof is inferred from the name.,False,False,False
246,app/services/ceri/controlled_replay_service.py:CeriControlledReplayService.replay,scripts/certify_technical_artifact_cache.py:main.SinkDb.add_all,POTENTIAL_DISTINCT_SEMANTICS,[],[],"[""EF_f3014b101f7ca379""]",Preserved name-inferred target; known concrete sink witnesses retained. No runtime or authority proof is inferred from the name.,False,False,False
247,app/services/ceri/controlled_replay_service.py:CeriControlledReplayService.replay,scripts/qa/t13d_configuration_benchmark.py:EmptyRuleRows.all,POTENTIAL_DISTINCT_SEMANTICS,[],[],"[""EF_f3014b101f7ca379""]",Preserved name-inferred target; known concrete sink witnesses retained. No runtime or authority proof is inferred from the name.,False,False,False
248,app/services/ceri/controlled_replay_service.py:CeriControlledReplayService.replay,scripts/qa/t13d_configuration_benchmark.py:RulePreload.scalars,POTENTIAL_DISTINCT_SEMANTICS,[],[],"[""EF_f3014b101f7ca379""]",Preserved name-inferred target; known concrete sink witnesses retained. No runtime or authority proof is inferred from the name.,False,False,False
249,app/services/ceri/controlled_replay_service.py:_build_replay_snapshot,app/services/core_effective_configuration.py:CoreEffectiveConfiguration.bind,POTENTIAL_DISTINCT_SEMANTICS,[],[],[],Preserved name-inferred target; known concrete sink witnesses retained. No runtime or authority proof is inferred from the name.,False,False,False
25,app/observability/db_monitor.py:configure_database_monitor,app/observability/db_monitor.py:DatabaseMonitor.install,POTENTIAL_DISTINCT_SEMANTICS,[],[],[],Preserved name-inferred target; known concrete sink witnesses retained. No runtime or authority proof is inferred from the name.,False,False,False
250,app/services/ceri/controlled_replay_service.py:_build_replay_snapshot,app/services/fundamental_ranker_v2.py:FundamentalsV2Config.items,POTENTIAL_DISTINCT_SEMANTICS,[],[],[],Preserved name-inferred target; known concrete sink witnesses retained. No runtime or authority proof is inferred from the name.,False,False,False
251,app/services/ceri/controlled_replay_service.py:_certification,app/services/ceri/evidence_eligibility.py:EvidenceDispositionRequest.values,POTENTIAL_DISTINCT_SEMANTICS,[],[],[],Preserved name-inferred target; known concrete sink witnesses retained. No runtime or authority proof is inferred from the name.,False,False,False
252,app/services/ceri/controlled_replay_service.py:_certification,scripts/qa/t13d_configuration_benchmark.py:EmptyRuleRows.all,POTENTIAL_DISTINCT_SEMANTICS,[],[],[],Preserved name-inferred target; known concrete sink witnesses retained. No runtime or authority proof is inferred from the name.,False,False,False
253,app/services/ceri/controlled_replay_service.py:_certification,scripts/qa/t13d_configuration_benchmark.py:RulePreload.scalars,POTENTIAL_DISTINCT_SEMANTICS,[],[],[],Preserved name-inferred target; known concrete sink witnesses retained. No runtime or authority proof is inferred from the name.,False,False,False
254,app/services/ceri/controlled_replay_service.py:_freshness_days,app/services/fundamental_ranker_v2.py:FundamentalsV2Config.items,POTENTIAL_DISTINCT_SEMANTICS,[],[],[],Preserved name-inferred target; known concrete sink witnesses retained. No runtime or authority proof is inferred from the name.,False,False,False
255,app/services/ceri/controlled_replay_service.py:_freshness_days,scripts/qa/t13d_configuration_benchmark.py:EmptyRuleRows.all,POTENTIAL_DISTINCT_SEMANTICS,[],[],[],Preserved name-inferred target; known concrete sink witnesses retained. No runtime or authority proof is inferred from the name.,False,False,False
256,app/services/ceri/controlled_replay_service.py:_merge_opportunity,app/services/fundamental_ranker_v2.py:FundamentalsV2Config.items,POTENTIAL_DISTINCT_SEMANTICS,[],[],[],Preserved name-inferred target; known concrete sink witnesses retained. No runtime or authority proof is inferred from the name.,False,False,False
257,app/services/ceri/controlled_replay_service.py:_original_state_hash,app/services/canonical_evidence.py:CanonicalEvidenceSerializer.dumps,POTENTIAL_DISTINCT_SEMANTICS,[],[],[],Preserved name-inferred target; known concrete sink witnesses retained. No runtime or authority proof is inferred from the name.,False,False,False
258,app/services/ceri/controlled_replay_service.py:_original_state_hash,app/services/ceri/evidence_eligibility.py:EvidenceDispositionRequest.values,POTENTIAL_DISTINCT_SEMANTICS,[],[],[],Preserved name-inferred target; known concrete sink witnesses retained. No runtime or authority proof is inferred from the name.,False,False,False
259,app/services/ceri/controlled_replay_service.py:_replay_state_hash,app/services/canonical_evidence.py:CanonicalEvidenceSerializer.dumps,POTENTIAL_DISTINCT_SEMANTICS,[],[],[],Preserved name-inferred target; known concrete sink witnesses retained. No runtime or authority proof is inferred from the name.,False,False,False
26,app/observability/db_monitor.py:current_scope_fields,app/observability/db_monitor.py:ExecutionScope.fields,POTENTIAL_DISTINCT_SEMANTICS,[],[],[],Preserved name-inferred target; known concrete sink witnesses retained. No runtime or authority proof is inferred from the name.,False,False,False
260,app/services/ceri/decision_evidence.py:_normalize_db_datetime,app/services/fundamental_ranker_v2.py:FundamentalsV2Config.items,POTENTIAL_DISTINCT_SEMANTICS,[],[],[],Preserved name-inferred target; known concrete sink witnesses retained. No runtime or authority proof is inferred from the name.,False,False,False
261,app/services/ceri/decision_evidence.py:_required_rows,scripts/qa/t13d_configuration_benchmark.py:RulePreload.scalars,POTENTIAL_DISTINCT_SEMANTICS,[],[],[],Preserved name-inferred target; known concrete sink witnesses retained. No runtime or authority proof is inferred from the name.,False,False,False
262,app/services/ceri/decision_evidence.py:_rows_where,scripts/qa/t13d_configuration_benchmark.py:RulePreload.scalars,POTENTIAL_DISTINCT_SEMANTICS,[],[],[],Preserved name-inferred target; known concrete sink witnesses retained. No runtime or authority proof is inferred from the name.,False,False,False
263,app/services/ceri/decision_evidence.py:referenced_ceri_evidence_ids,scripts/qa/t13d_configuration_benchmark.py:RulePreload.scalars,POTENTIAL_DISTINCT_SEMANTICS,[],[],[],Preserved name-inferred target; known concrete sink witnesses retained. No runtime or authority proof is inferred from the name.,False,False,False
264,app/services/ceri/deployment_identity.py:build_deployment_identity,app/services/fundamental_ranker_v2.py:FundamentalsV2Config.items,POTENTIAL_DISTINCT_SEMANTICS,[],[],[],Preserved name-inferred target; known concrete sink witnesses retained. No runtime or authority proof is inferred from the name.,False,False,False
265,app/services/ceri/dtos.py:CeriFilters.as_query_params,app/services/fundamental_ranker_v2.py:FundamentalsV2Config.items,POTENTIAL_DISTINCT_SEMANTICS,[],[],[],Preserved name-inferred target; known concrete sink witnesses retained. No runtime or authority proof is inferred from the name.,False,False,False
266,app/services/ceri/event_risk_service.py:CeriEventRiskService.__init__,app/services/contextual_effective_configuration.py:ContextualEffectiveConfiguration.ceri_config,POTENTIAL_DISTINCT_SEMANTICS,[],[],[],Preserved name-inferred target; known concrete sink witnesses retained. No runtime or authority proof is inferred from the name.,False,False,False
267,app/services/ceri/event_risk_service.py:CeriEventRiskService.calculate,app/services/ceri/evidence_eligibility.py:EvidenceDispositionRequest.values,POTENTIAL_DISTINCT_SEMANTICS,[],[],[],Preserved name-inferred target; known concrete sink witnesses retained. No runtime or authority proof is inferred from the name.,False,False,False
268,app/services/ceri/event_risk_service.py:CeriEventRiskService.calculate,app/services/fundamental_ranker_v2.py:FundamentalsV2Config.items,POTENTIAL_DISTINCT_SEMANTICS,[],[],[],Preserved name-inferred target; known concrete sink witnesses retained. No runtime or authority proof is inferred from the name.,False,False,False
269,app/services/ceri/evidence_eligibility.py:EvidenceDispositionRequest.values,app/services/canonical_evidence.py:CanonicalEvidenceSerializer.dumps,POTENTIAL_DISTINCT_SEMANTICS,[],[],[],Preserved name-inferred target; known concrete sink witnesses retained. No runtime or authority proof is inferred from the name.,False,False,False
27,app/observability/db_monitor.py:current_sql_summary_snapshot,app/observability/db_monitor.py:SqlSummary.snapshot,POTENTIAL_DISTINCT_SEMANTICS,[],[],[],Preserved name-inferred target; known concrete sink witnesses retained. No runtime or authority proof is inferred from the name.,False,False,False
270,app/services/ceri/evidence_eligibility.py:append_evidence_dispositions,app/services/ceri/evidence_eligibility.py:EvidenceDispositionRequest.values,POTENTIAL_DISTINCT_SEMANTICS,[],[],"[""EF_b95c796004827c0e""]",Preserved name-inferred target; known concrete sink witnesses retained. No runtime or authority proof is inferred from the name.,False,False,False
271,app/services/ceri/evidence_eligibility.py:append_evidence_dispositions,scripts/qa/t13d_configuration_benchmark.py:RulePreload.scalars,POTENTIAL_DISTINCT_SEMANTICS,[],[],"[""EF_b95c796004827c0e""]",Preserved name-inferred target; known concrete sink witnesses retained. No runtime or authority proof is inferred from the name.,False,False,False
272,app/services/ceri/evidence_eligibility.py:effective_disposition_by_snapshot,app/services/fundamental_ranker_v2.py:FundamentalsV2Config.items,POTENTIAL_DISTINCT_SEMANTICS,[],[],[],Preserved name-inferred target; known concrete sink witnesses retained. No runtime or authority proof is inferred from the name.,False,False,False
273,app/services/ceri/export_policy.py:CeriExportPolicyRegistry.__init__,app/services/fundamental_ranker_v2.py:FundamentalsV2Config.items,POTENTIAL_DISTINCT_SEMANTICS,[],[],[],Preserved name-inferred target; known concrete sink witnesses retained. No runtime or authority proof is inferred from the name.,False,False,False
274,app/services/ceri/export_policy.py:CeriExportPolicyRegistry.export_row,app/services/fundamental_ranker_v2.py:FundamentalsV2Config.items,POTENTIAL_DISTINCT_SEMANTICS,[],[],[],Preserved name-inferred target; known concrete sink witnesses retained. No runtime or authority proof is inferred from the name.,False,False,False
275,app/services/ceri/export_policy.py:CeriExportPolicyRegistry.mask,app/observability/logging.py:JsonLogFormatter.format,POTENTIAL_DISTINCT_SEMANTICS,[],[],[],Preserved name-inferred target; known concrete sink witnesses retained. No runtime or authority proof is inferred from the name.,False,False,False
276,app/services/ceri/export_policy.py:CeriExportPolicyRegistry.permitted_payload,app/services/fundamental_ranker_v2.py:FundamentalsV2Config.items,POTENTIAL_DISTINCT_SEMANTICS,[],[],[],Preserved name-inferred target; known concrete sink witnesses retained. No runtime or authority proof is inferred from the name.,False,False,False
277,app/services/ceri/export_service.py:CeriExportResult.to_json,app/services/canonical_evidence.py:CanonicalEvidenceSerializer.dumps,POTENTIAL_DISTINCT_SEMANTICS,[],[],[],Preserved name-inferred target; known concrete sink witnesses retained. No runtime or authority proof is inferred from the name.,False,False,False
278,app/services/ceri/export_service.py:_latest_snapshot_rows,app/services/ceri/evidence_eligibility.py:EvidenceDispositionRequest.values,POTENTIAL_DISTINCT_SEMANTICS,[],[],[],Preserved name-inferred target; known concrete sink witnesses retained. No runtime or authority proof is inferred from the name.,False,False,False
279,app/services/ceri/export_service.py:_load,scripts/qa/t13d_configuration_benchmark.py:EmptyRuleRows.all,POTENTIAL_DISTINCT_SEMANTICS,[],[],[],Preserved name-inferred target; known concrete sink witnesses retained. No runtime or authority proof is inferred from the name.,False,False,False
28,app/observability/db_monitor.py:emit_monitor_record,app/observability/db_monitor.py:DatabaseMonitor.emit,POTENTIAL_DISTINCT_SEMANTICS,[],[],[],Preserved name-inferred target; known concrete sink witnesses retained. No runtime or authority proof is inferred from the name.,False,False,False
280,app/services/ceri/feature_flags.py:ceri_flags,app/services/ceri/feature_flags.py:CeriFeatureFlags.from_settings,POTENTIAL_DISTINCT_SEMANTICS,[],[],[],Preserved name-inferred target; known concrete sink witnesses retained. No runtime or authority proof is inferred from the name.,False,False,False
281,app/services/ceri/feature_rebuild_service.py:CeriFeatureRebuildService._add_acceleration,app/services/ceri/revision_feature_service.py:CeriRevisionFeatureService.with_acceleration,RESOLVED_TO_CERTIFIED_FAMILY,"[""app/services/ceri/revision_feature_service.py:CeriRevisionFeatureService.with_acceleration""]","[""WF_CERI_REVISION_FEATURE""]",[],Preserved name-inferred target; known concrete sink witnesses retained. No runtime or authority proof is inferred from the name.,False,False,False
282,app/services/ceri/feature_rebuild_service.py:CeriFeatureRebuildService._existing_output_fingerprint,app/services/fundamental_ranker_v2.py:FundamentalsV2Config.items,POTENTIAL_DISTINCT_SEMANTICS,[],[],[],Preserved name-inferred target; known concrete sink witnesses retained. No runtime or authority proof is inferred from the name.,False,False,False
283,app/services/ceri/feature_rebuild_service.py:CeriFeatureRebuildService._prospective_output_rows,app/services/ceri/evidence_eligibility.py:EvidenceDispositionRequest.values,POTENTIAL_DISTINCT_SEMANTICS,[],[],[],Preserved name-inferred target; known concrete sink witnesses retained. No runtime or authority proof is inferred from the name.,False,False,False
284,app/services/ceri/feature_rebuild_service.py:CeriFeatureRebuildService._prospective_output_rows,app/services/fundamental_ranker_v2.py:FundamentalsV2Config.items,POTENTIAL_DISTINCT_SEMANTICS,[],[],[],Preserved name-inferred target; known concrete sink witnesses retained. No runtime or authority proof is inferred from the name.,False,False,False
285,app/services/ceri/feature_rebuild_service.py:CeriFeatureRebuildService.prepare_batch,app/services/ceri/evidence_eligibility.py:EvidenceDispositionRequest.values,POTENTIAL_DISTINCT_SEMANTICS,[],[],[],Preserved name-inferred target; known concrete sink witnesses retained. No runtime or authority proof is inferred from the name.,False,False,False
286,app/services/ceri/feature_rebuild_service.py:_execute_upsert,app/services/ceri/evidence_eligibility.py:EvidenceDispositionRequest.values,POTENTIAL_DISTINCT_SEMANTICS,[],[],[],Preserved name-inferred target; known concrete sink witnesses retained. No runtime or authority proof is inferred from the name.,False,False,False
287,app/services/ceri/feature_rebuild_service.py:_json_safe,app/services/fundamental_ranker_v2.py:FundamentalsV2Config.items,POTENTIAL_DISTINCT_SEMANTICS,[],[],[],Preserved name-inferred target; known concrete sink witnesses retained. No runtime or authority proof is inferred from the name.,False,False,False
288,app/services/ceri/feature_rebuild_service.py:_latest_eligible_catalyst_revisions,app/services/ceri/evidence_eligibility.py:EvidenceDispositionRequest.values,POTENTIAL_DISTINCT_SEMANTICS,[],[],[],Preserved name-inferred target; known concrete sink witnesses retained. No runtime or authority proof is inferred from the name.,False,False,False
289,app/services/ceri/feature_rebuild_service.py:_merge_results,app/services/fundamental_ranker_v2.py:FundamentalsV2Config.items,POTENTIAL_DISTINCT_SEMANTICS,[],[],[],Preserved name-inferred target; known concrete sink witnesses retained. No runtime or authority proof is inferred from the name.,False,False,False
29,app/observability/db_monitor.py:finish_scope,app/observability/db_monitor.py:ExecutionScope.fields,POTENTIAL_DISTINCT_SEMANTICS,[],[],[],Preserved name-inferred target; known concrete sink witnesses retained. No runtime or authority proof is inferred from the name.,False,False,False
290,app/services/ceri/feature_rebuild_service.py:_scalars,scripts/qa/t13d_configuration_benchmark.py:EmptyRuleRows.all,POTENTIAL_DISTINCT_SEMANTICS,[],[],[],Preserved name-inferred target; known concrete sink witnesses retained. No runtime or authority proof is inferred from the name.,False,False,False
291,app/services/ceri/freshness_service.py:global_feed_freshness_from_runs,app/services/fundamental_ranker_v2.py:FundamentalsV2Config.items,POTENTIAL_DISTINCT_SEMANTICS,[],[],[],Preserved name-inferred target; known concrete sink witnesses retained. No runtime or authority proof is inferred from the name.,False,False,False
292,app/services/ceri/freshness_service.py:ticker_feed_coverage_from_runs,app/services/ceri/evidence_eligibility.py:EvidenceDispositionRequest.values,POTENTIAL_DISTINCT_SEMANTICS,[],[],[],Preserved name-inferred target; known concrete sink witnesses retained. No runtime or authority proof is inferred from the name.,False,False,False
293,app/services/ceri/freshness_service.py:ticker_feed_freshness_from_runs,app/services/fundamental_ranker_v2.py:FundamentalsV2Config.items,POTENTIAL_DISTINCT_SEMANTICS,[],[],[],Preserved name-inferred target; known concrete sink witnesses retained. No runtime or authority proof is inferred from the name.,False,False,False
294,app/services/ceri/identity_resolver.py:_load_aliases,scripts/qa/t13d_configuration_benchmark.py:EmptyRuleRows.all,POTENTIAL_DISTINCT_SEMANTICS,[],[],[],Preserved name-inferred target; known concrete sink witnesses retained. No runtime or authority proof is inferred from the name.,False,False,False
295,app/services/ceri/identity_resolver.py:_load_companies,scripts/qa/t13d_configuration_benchmark.py:EmptyRuleRows.all,POTENTIAL_DISTINCT_SEMANTICS,[],[],[],Preserved name-inferred target; known concrete sink witnesses retained. No runtime or authority proof is inferred from the name.,False,False,False
296,app/services/ceri/job_handlers.py:_load_rows,scripts/qa/t13d_configuration_benchmark.py:EmptyRuleRows.all,POTENTIAL_DISTINCT_SEMANTICS,[],[],[],Preserved name-inferred target; known concrete sink witnesses retained. No runtime or authority proof is inferred from the name.,False,False,False
297,app/services/ceri/job_handlers.py:_scope_key,app/services/canonical_evidence.py:CanonicalEvidenceSerializer.dumps,POTENTIAL_DISTINCT_SEMANTICS,[],[],[],Preserved name-inferred target; known concrete sink witnesses retained. No runtime or authority proof is inferred from the name.,False,False,False
298,app/services/ceri/normalization_service.py:_load,scripts/qa/t13d_configuration_benchmark.py:EmptyRuleRows.all,POTENTIAL_DISTINCT_SEMANTICS,[],[],[],Preserved name-inferred target; known concrete sink witnesses retained. No runtime or authority proof is inferred from the name.,False,False,False
299,app/services/ceri/normalization_service.py:_source_records,scripts/qa/t13d_configuration_benchmark.py:EmptyRuleRows.all,POTENTIAL_DISTINCT_SEMANTICS,[],[],[],Preserved name-inferred target; known concrete sink witnesses retained. No runtime or authority proof is inferred from the name.,False,False,False
3,alembic/versions/20260910_0072_ceri_artifact_context_lineage.py:upgrade,app/services/fundamental_ranker_v2.py:FundamentalsV2Config.items,POTENTIAL_DISTINCT_SEMANTICS,[],[],[],Preserved name-inferred target; known concrete sink witnesses retained. No runtime or authority proof is inferred from the name.,False,False,False
30,app/observability/db_monitor.py:finish_scope,app/observability/db_monitor.py:SqlSummary.snapshot,POTENTIAL_DISTINCT_SEMANTICS,[],[],[],Preserved name-inferred target; known concrete sink witnesses retained. No runtime or authority proof is inferred from the name.,False,False,False
300,app/services/ceri/observability.py:_bounded_tags,app/services/fundamental_ranker_v2.py:FundamentalsV2Config.items,POTENTIAL_DISTINCT_SEMANTICS,[],[],[],Preserved name-inferred target; known concrete sink witnesses retained. No runtime or authority proof is inferred from the name.,False,False,False
301,app/services/ceri/observability.py:ceri_log_payload,app/services/fundamental_ranker_v2.py:FundamentalsV2Config.items,POTENTIAL_DISTINCT_SEMANTICS,[],[],[],Preserved name-inferred target; known concrete sink witnesses retained. No runtime or authority proof is inferred from the name.,False,False,False
302,app/services/ceri/opportunity_score_service.py:CeriOpportunityScoreService.__init__,app/services/contextual_effective_configuration.py:ContextualEffectiveConfiguration.ceri_config,POTENTIAL_DISTINCT_SEMANTICS,[],[],[],Preserved name-inferred target; known concrete sink witnesses retained. No runtime or authority proof is inferred from the name.,False,False,False
303,app/services/ceri/opportunity_score_service.py:_guidance_score,app/services/ceri/evidence_eligibility.py:EvidenceDispositionRequest.values,POTENTIAL_DISTINCT_SEMANTICS,[],[],[],Preserved name-inferred target; known concrete sink witnesses retained. No runtime or authority proof is inferred from the name.,False,False,False
304,app/services/ceri/opportunity_score_service.py:_guidance_score,app/services/fundamental_ranker_v2.py:FundamentalsV2Config.items,POTENTIAL_DISTINCT_SEMANTICS,[],[],[],Preserved name-inferred target; known concrete sink witnesses retained. No runtime or authority proof is inferred from the name.,False,False,False
305,app/services/ceri/orchestration.py:CeriIngestionService.ingest,app/services/canonical_evidence.py:CanonicalEvidenceSerializer.dumps,POTENTIAL_DISTINCT_SEMANTICS,[],[],"[""EF_832da348c142644a""]",Preserved name-inferred target; known concrete sink witnesses retained. No runtime or authority proof is inferred from the name.,False,False,False
306,app/services/ceri/orchestration.py:_record_provider_telemetry,app/services/fundamental_ranker_v2.py:FundamentalsV2Config.items,POTENTIAL_DISTINCT_SEMANTICS,[],[],[],Preserved name-inferred target; known concrete sink witnesses retained. No runtime or authority proof is inferred from the name.,False,False,False
307,app/services/ceri/point_in_time_query.py:CeriPointInTimeQuery.__init__,app/services/fundamental_ranker_v2.py:FundamentalsV2Config.items,POTENTIAL_DISTINCT_SEMANTICS,[],[],[],Preserved name-inferred target; known concrete sink witnesses retained. No runtime or authority proof is inferred from the name.,False,False,False
308,app/services/ceri/point_in_time_query.py:CeriPointInTimeQuery._load_snapshots,app/services/fundamental_ranker_v2.py:FundamentalsV2Config.items,POTENTIAL_DISTINCT_SEMANTICS,[],[],[],Preserved name-inferred target; known concrete sink witnesses retained. No runtime or authority proof is inferred from the name.,False,False,False
309,app/services/ceri/point_in_time_query.py:CeriPointInTimeQuery._load_snapshots,scripts/qa/t13d_configuration_benchmark.py:EmptyRuleRows.all,POTENTIAL_DISTINCT_SEMANTICS,[],[],[],Preserved name-inferred target; known concrete sink witnesses retained. No runtime or authority proof is inferred from the name.,False,False,False
31,app/observability/db_monitor.py:finish_scope,app/observability/metrics.py:PrometheusMetrics.reset,POTENTIAL_DISTINCT_SEMANTICS,[],[],[],Preserved name-inferred target; known concrete sink witnesses retained. No runtime or authority proof is inferred from the name.,False,False,False
310,app/services/ceri/price_response_service.py:CeriPriceResponseService.calculate,app/services/ceri/observability.py:CeriMetricRegistry.increment,POTENTIAL_DISTINCT_SEMANTICS,[],[],[],Preserved name-inferred target; known concrete sink witnesses retained. No runtime or authority proof is inferred from the name.,False,False,False
311,app/services/ceri/price_response_service.py:_scalars,scripts/qa/t13d_configuration_benchmark.py:EmptyRuleRows.all,POTENTIAL_DISTINCT_SEMANTICS,[],[],[],Preserved name-inferred target; known concrete sink witnesses retained. No runtime or authority proof is inferred from the name.,False,False,False
312,app/services/ceri/provider_conflict_service.py:CeriProviderConflictService.__init__,app/services/contextual_effective_configuration.py:ContextualEffectiveConfiguration.ceri_config,POTENTIAL_DISTINCT_SEMANTICS,[],[],[],Preserved name-inferred target; known concrete sink witnesses retained. No runtime or authority proof is inferred from the name.,False,False,False
313,app/services/ceri/provider_cost_ledger.py:ProviderCostLedger.summarize,app/services/fundamental_ranker_v2.py:FundamentalsV2Config.items,POTENTIAL_DISTINCT_SEMANTICS,[],[],[],Preserved name-inferred target; known concrete sink witnesses retained. No runtime or authority proof is inferred from the name.,False,False,False
314,app/services/ceri/provider_registry.py:provider_storage_projection,app/services/fundamental_ranker_v2.py:FundamentalsV2Config.items,POTENTIAL_DISTINCT_SEMANTICS,[],[],[],Preserved name-inferred target; known concrete sink witnesses retained. No runtime or authority proof is inferred from the name.,False,False,False
315,app/services/ceri/providers/eodhd_client.py:EodhdHttpClient._decode_response,app/services/ceri/providers/eodhd_client.py:_BufferedResponse.read,POTENTIAL_DISTINCT_SEMANTICS,[],[],[],Preserved name-inferred target; known concrete sink witnesses retained. No runtime or authority proof is inferred from the name.,False,False,False
316,app/services/ceri/providers/eodhd_client.py:EodhdHttpClient._decode_response,app/services/fundamental_ranker_v2.py:FundamentalsV2Config.items,POTENTIAL_DISTINCT_SEMANTICS,[],[],[],Preserved name-inferred target; known concrete sink witnesses retained. No runtime or authority proof is inferred from the name.,False,False,False
317,app/services/ceri/providers/eodhd_client.py:EodhdHttpClient._urllib_transport,app/services/ceri/providers/eodhd_client.py:_BufferedResponse.read,POTENTIAL_DISTINCT_SEMANTICS,[],[],[],Preserved name-inferred target; known concrete sink witnesses retained. No runtime or authority proof is inferred from the name.,False,False,False
318,app/services/ceri/providers/manual_provider.py:_normalize_records,app/services/fundamental_ranker_v2.py:FundamentalsV2Config.items,POTENTIAL_DISTINCT_SEMANTICS,[],[],[],Preserved name-inferred target; known concrete sink witnesses retained. No runtime or authority proof is inferred from the name.,False,False,False
319,app/services/ceri/providers/manual_provider.py:_raw_provider_record,app/services/canonical_evidence.py:CanonicalEvidenceSerializer.dumps,POTENTIAL_DISTINCT_SEMANTICS,[],[],[],Preserved name-inferred target; known concrete sink witnesses retained. No runtime or authority proof is inferred from the name.,False,False,False
32,app/observability/db_monitor.py:job_phase,app/observability/db_monitor.py:SqlSummary.add_phase,POTENTIAL_DISTINCT_SEMANTICS,[],[],[],Preserved name-inferred target; known concrete sink witnesses retained. No runtime or authority proof is inferred from the name.,False,False,False
320,app/services/ceri/purge_service.py:CeriPurgeService.execute,app/services/ceri/observability.py:CeriMetricRegistry.increment,POTENTIAL_DISTINCT_SEMANTICS,[],[],"[""EF_17af8f95c72dc4b5""]",Preserved name-inferred target; known concrete sink witnesses retained. No runtime or authority proof is inferred from the name.,False,False,False
321,app/services/ceri/purge_service.py:CeriPurgeService.preview,app/services/ceri/observability.py:CeriMetricRegistry.increment,POTENTIAL_DISTINCT_SEMANTICS,[],[],[],Preserved name-inferred target; known concrete sink witnesses retained. No runtime or authority proof is inferred from the name.,False,False,False
322,app/services/ceri/purge_service.py:_load,scripts/qa/t13d_configuration_benchmark.py:EmptyRuleRows.all,POTENTIAL_DISTINCT_SEMANTICS,[],[],[],Preserved name-inferred target; known concrete sink witnesses retained. No runtime or authority proof is inferred from the name.,False,False,False
323,app/services/ceri/purge_service.py:_manifest_hash,app/services/canonical_evidence.py:CanonicalEvidenceSerializer.dumps,POTENTIAL_DISTINCT_SEMANTICS,[],[],[],Preserved name-inferred target; known concrete sink witnesses retained. No runtime or authority proof is inferred from the name.,False,False,False
324,app/services/ceri/purge_service.py:_record_blocked,app/services/ceri/observability.py:CeriMetricRegistry.increment,POTENTIAL_DISTINCT_SEMANTICS,[],[],[],Preserved name-inferred target; known concrete sink witnesses retained. No runtime or authority proof is inferred from the name.,False,False,False
325,app/services/ceri/query_service.py:CeriQueryService._change_page_context,app/services/ceri/evidence_eligibility.py:EvidenceDispositionRequest.values,POTENTIAL_DISTINCT_SEMANTICS,[],[],[],Preserved name-inferred target; known concrete sink witnesses retained. No runtime or authority proof is inferred from the name.,False,False,False
326,app/services/ceri/query_service.py:CeriQueryService._database_alerts,app/services/ceri/evidence_eligibility.py:EvidenceDispositionRequest.values,POTENTIAL_DISTINCT_SEMANTICS,[],[],[],Preserved name-inferred target; known concrete sink witnesses retained. No runtime or authority proof is inferred from the name.,False,False,False
327,app/services/ceri/query_service.py:CeriQueryService._database_alerts,scripts/profile_sec_performance.py:ProfilingSession.scalar,POTENTIAL_DISTINCT_SEMANTICS,[],[],[],Preserved name-inferred target; known concrete sink witnesses retained. No runtime or authority proof is inferred from the name.,False,False,False
328,app/services/ceri/query_service.py:CeriQueryService._database_alerts,scripts/qa/t13d_configuration_benchmark.py:EmptyRuleRows.all,POTENTIAL_DISTINCT_SEMANTICS,[],[],[],Preserved name-inferred target; known concrete sink witnesses retained. No runtime or authority proof is inferred from the name.,False,False,False
329,app/services/ceri/query_service.py:CeriQueryService._database_changes,scripts/profile_sec_performance.py:ProfilingSession.scalar,POTENTIAL_DISTINCT_SEMANTICS,[],[],[],Preserved name-inferred target; known concrete sink witnesses retained. No runtime or authority proof is inferred from the name.,False,False,False
33,app/observability/db_monitor.py:parameter_digest,app/services/canonical_evidence.py:CanonicalEvidenceSerializer.dumps,POTENTIAL_DISTINCT_SEMANTICS,[],[],[],Preserved name-inferred target; known concrete sink witnesses retained. No runtime or authority proof is inferred from the name.,False,False,False
330,app/services/ceri/query_service.py:CeriQueryService._database_changes,scripts/qa/t13d_configuration_benchmark.py:EmptyRuleRows.all,POTENTIAL_DISTINCT_SEMANTICS,[],[],[],Preserved name-inferred target; known concrete sink witnesses retained. No runtime or authority proof is inferred from the name.,False,False,False
331,app/services/ceri/query_service.py:CeriQueryService._database_operations_conflicts,scripts/profile_sec_performance.py:ProfilingSession.scalar,POTENTIAL_DISTINCT_SEMANTICS,[],[],[],Preserved name-inferred target; known concrete sink witnesses retained. No runtime or authority proof is inferred from the name.,False,False,False
332,app/services/ceri/query_service.py:CeriQueryService._database_operations_conflicts,scripts/qa/t13d_configuration_benchmark.py:EmptyRuleRows.all,POTENTIAL_DISTINCT_SEMANTICS,[],[],[],Preserved name-inferred target; known concrete sink witnesses retained. No runtime or authority proof is inferred from the name.,False,False,False
333,app/services/ceri/query_service.py:CeriQueryService._database_operations_conflicts,scripts/qa/t13d_configuration_benchmark.py:RulePreload.scalars,POTENTIAL_DISTINCT_SEMANTICS,[],[],[],Preserved name-inferred target; known concrete sink witnesses retained. No runtime or authority proof is inferred from the name.,False,False,False
334,app/services/ceri/query_service.py:CeriQueryService._database_operations_quarantine,scripts/profile_sec_performance.py:ProfilingSession.scalar,POTENTIAL_DISTINCT_SEMANTICS,[],[],[],Preserved name-inferred target; known concrete sink witnesses retained. No runtime or authority proof is inferred from the name.,False,False,False
335,app/services/ceri/query_service.py:CeriQueryService._database_operations_quarantine,scripts/qa/t13d_configuration_benchmark.py:EmptyRuleRows.all,POTENTIAL_DISTINCT_SEMANTICS,[],[],[],Preserved name-inferred target; known concrete sink witnesses retained. No runtime or authority proof is inferred from the name.,False,False,False
336,app/services/ceri/query_service.py:CeriQueryService._database_operations_quarantine,scripts/qa/t13d_configuration_benchmark.py:RulePreload.scalars,POTENTIAL_DISTINCT_SEMANTICS,[],[],[],Preserved name-inferred target; known concrete sink witnesses retained. No runtime or authority proof is inferred from the name.,False,False,False
337,app/services/ceri/query_service.py:CeriQueryService._database_operations_stale,app/services/fundamental_ranker_v2.py:FundamentalsV2Config.items,POTENTIAL_DISTINCT_SEMANTICS,[],[],[],Preserved name-inferred target; known concrete sink witnesses retained. No runtime or authority proof is inferred from the name.,False,False,False
338,app/services/ceri/query_service.py:CeriQueryService._database_operations_stale,scripts/profile_sec_performance.py:ProfilingSession.scalar,POTENTIAL_DISTINCT_SEMANTICS,[],[],[],Preserved name-inferred target; known concrete sink witnesses retained. No runtime or authority proof is inferred from the name.,False,False,False
339,app/services/ceri/query_service.py:CeriQueryService._database_operations_stale,scripts/qa/t13d_configuration_benchmark.py:EmptyRuleRows.all,POTENTIAL_DISTINCT_SEMANTICS,[],[],[],Preserved name-inferred target; known concrete sink witnesses retained. No runtime or authority proof is inferred from the name.,False,False,False
34,app/observability/db_monitor.py:record_orm_flush,app/observability/db_monitor.py:DatabaseMonitor.emit,POTENTIAL_DISTINCT_SEMANTICS,[],[],[],Preserved name-inferred target; known concrete sink witnesses retained. No runtime or authority proof is inferred from the name.,False,False,False
340,app/services/ceri/query_service.py:CeriQueryService._database_operations_stale,scripts/qa/t13d_configuration_benchmark.py:RulePreload.scalars,POTENTIAL_DISTINCT_SEMANTICS,[],[],[],Preserved name-inferred target; known concrete sink witnesses retained. No runtime or authority proof is inferred from the name.,False,False,False
341,app/services/ceri/query_service.py:CeriQueryService._database_operations_status,app/services/ceri/evidence_eligibility.py:EvidenceDispositionRequest.values,POTENTIAL_DISTINCT_SEMANTICS,[],[],[],Preserved name-inferred target; known concrete sink witnesses retained. No runtime or authority proof is inferred from the name.,False,False,False
342,app/services/ceri/query_service.py:CeriQueryService._database_operations_status,scripts/profile_sec_performance.py:ProfilingSession.scalar,POTENTIAL_DISTINCT_SEMANTICS,[],[],[],Preserved name-inferred target; known concrete sink witnesses retained. No runtime or authority proof is inferred from the name.,False,False,False
343,app/services/ceri/query_service.py:CeriQueryService._database_operations_status,scripts/qa/t13d_configuration_benchmark.py:EmptyRuleRows.all,POTENTIAL_DISTINCT_SEMANTICS,[],[],[],Preserved name-inferred target; known concrete sink witnesses retained. No runtime or authority proof is inferred from the name.,False,False,False
344,app/services/ceri/query_service.py:CeriQueryService._database_operations_status,scripts/qa/t13d_configuration_benchmark.py:RulePreload.scalars,POTENTIAL_DISTINCT_SEMANTICS,[],[],[],Preserved name-inferred target; known concrete sink witnesses retained. No runtime or authority proof is inferred from the name.,False,False,False
345,app/services/ceri/query_service.py:CeriQueryService._dataset_freshness,app/services/fundamental_ranker_v2.py:FundamentalsV2Config.items,POTENTIAL_DISTINCT_SEMANTICS,[],[],[],Preserved name-inferred target; known concrete sink witnesses retained. No runtime or authority proof is inferred from the name.,False,False,False
346,app/services/ceri/query_service.py:CeriQueryService._dataset_max_stale_days,app/services/fundamental_ranker_v2.py:FundamentalsV2Config.items,POTENTIAL_DISTINCT_SEMANTICS,[],[],[],Preserved name-inferred target; known concrete sink witnesses retained. No runtime or authority proof is inferred from the name.,False,False,False
347,app/services/ceri/query_service.py:CeriQueryService._filtered_snapshots,scripts/qa/t13d_configuration_benchmark.py:EmptyRuleRows.all,POTENTIAL_DISTINCT_SEMANTICS,[],[],[],Preserved name-inferred target; known concrete sink witnesses retained. No runtime or authority proof is inferred from the name.,False,False,False
348,app/services/ceri/query_service.py:CeriQueryService._filtered_snapshots,scripts/qa/t13d_configuration_benchmark.py:RulePreload.scalars,POTENTIAL_DISTINCT_SEMANTICS,[],[],[],Preserved name-inferred target; known concrete sink witnesses retained. No runtime or authority proof is inferred from the name.,False,False,False
349,app/services/ceri/query_service.py:CeriQueryService._snapshots_for_ids,scripts/qa/t13d_configuration_benchmark.py:EmptyRuleRows.all,POTENTIAL_DISTINCT_SEMANTICS,[],[],[],Preserved name-inferred target; known concrete sink witnesses retained. No runtime or authority proof is inferred from the name.,False,False,False
35,app/observability/db_monitor.py:record_orm_flush,app/observability/db_monitor.py:SqlSummary.add_flush,POTENTIAL_DISTINCT_SEMANTICS,[],[],[],Preserved name-inferred target; known concrete sink witnesses retained. No runtime or authority proof is inferred from the name.,False,False,False
350,app/services/ceri/query_service.py:CeriQueryService._snapshots_for_ids,scripts/qa/t13d_configuration_benchmark.py:RulePreload.scalars,POTENTIAL_DISTINCT_SEMANTICS,[],[],[],Preserved name-inferred target; known concrete sink witnesses retained. No runtime or authority proof is inferred from the name.,False,False,False
351,app/services/ceri/query_service.py:CeriQueryService.alerts,app/services/ceri/evidence_eligibility.py:EvidenceDispositionRequest.values,POTENTIAL_DISTINCT_SEMANTICS,[],[],[],Preserved name-inferred target; known concrete sink witnesses retained. No runtime or authority proof is inferred from the name.,False,False,False
352,app/services/ceri/query_service.py:CeriQueryService.changes,app/services/ceri/evidence_eligibility.py:EvidenceDispositionRequest.values,POTENTIAL_DISTINCT_SEMANTICS,[],[],[],Preserved name-inferred target; known concrete sink witnesses retained. No runtime or authority proof is inferred from the name.,False,False,False
353,app/services/ceri/query_service.py:CeriQueryService.latest,app/services/ceri/evidence_eligibility.py:EvidenceDispositionRequest.values,POTENTIAL_DISTINCT_SEMANTICS,[],[],[],Preserved name-inferred target; known concrete sink witnesses retained. No runtime or authority proof is inferred from the name.,False,False,False
354,app/services/ceri/query_service.py:CeriQueryService.operations_stale,app/services/fundamental_ranker_v2.py:FundamentalsV2Config.items,POTENTIAL_DISTINCT_SEMANTICS,[],[],[],Preserved name-inferred target; known concrete sink witnesses retained. No runtime or authority proof is inferred from the name.,False,False,False
355,app/services/ceri/query_service.py:_alerts_for_ticker,scripts/qa/t13d_configuration_benchmark.py:EmptyRuleRows.all,POTENTIAL_DISTINCT_SEMANTICS,[],[],[],Preserved name-inferred target; known concrete sink witnesses retained. No runtime or authority proof is inferred from the name.,False,False,False
356,app/services/ceri/query_service.py:_alerts_for_ticker,scripts/qa/t13d_configuration_benchmark.py:RulePreload.scalars,POTENTIAL_DISTINCT_SEMANTICS,[],[],[],Preserved name-inferred target; known concrete sink witnesses retained. No runtime or authority proof is inferred from the name.,False,False,False
357,app/services/ceri/query_service.py:_database_change_predicates,app/services/fundamental_ranker_v2.py:FundamentalsV2Config.items,POTENTIAL_DISTINCT_SEMANTICS,[],[],[],Preserved name-inferred target; known concrete sink witnesses retained. No runtime or authority proof is inferred from the name.,False,False,False
358,app/services/ceri/query_service.py:_database_freshness_records,scripts/profile_sec_performance.py:ProfilingSession.scalar,POTENTIAL_DISTINCT_SEMANTICS,[],[],[],Preserved name-inferred target; known concrete sink witnesses retained. No runtime or authority proof is inferred from the name.,False,False,False
359,app/services/ceri/query_service.py:_database_freshness_records,scripts/qa/t13d_configuration_benchmark.py:EmptyRuleRows.all,POTENTIAL_DISTINCT_SEMANTICS,[],[],[],Preserved name-inferred target; known concrete sink witnesses retained. No runtime or authority proof is inferred from the name.,False,False,False
36,app/observability/db_monitor.py:record_pool_checkout,app/observability/db_monitor.py:SqlSummary.add_pool_checkout,POTENTIAL_DISTINCT_SEMANTICS,[],[],[],Preserved name-inferred target; known concrete sink witnesses retained. No runtime or authority proof is inferred from the name.,False,False,False
360,app/services/ceri/query_service.py:_database_freshness_records,scripts/qa/t13d_configuration_benchmark.py:RulePreload.scalars,POTENTIAL_DISTINCT_SEMANTICS,[],[],[],Preserved name-inferred target; known concrete sink witnesses retained. No runtime or authority proof is inferred from the name.,False,False,False
361,app/services/ceri/query_service.py:_database_stale_count,app/services/fundamental_ranker_v2.py:FundamentalsV2Config.items,POTENTIAL_DISTINCT_SEMANTICS,[],[],[],Preserved name-inferred target; known concrete sink witnesses retained. No runtime or authority proof is inferred from the name.,False,False,False
362,app/services/ceri/query_service.py:_database_stale_count,scripts/profile_sec_performance.py:ProfilingSession.scalar,POTENTIAL_DISTINCT_SEMANTICS,[],[],[],Preserved name-inferred target; known concrete sink witnesses retained. No runtime or authority proof is inferred from the name.,False,False,False
363,app/services/ceri/query_service.py:_entities_by_ids,scripts/qa/t13d_configuration_benchmark.py:EmptyRuleRows.all,POTENTIAL_DISTINCT_SEMANTICS,[],[],[],Preserved name-inferred target; known concrete sink witnesses retained. No runtime or authority proof is inferred from the name.,False,False,False
364,app/services/ceri/query_service.py:_entities_by_ids,scripts/qa/t13d_configuration_benchmark.py:RulePreload.scalars,POTENTIAL_DISTINCT_SEMANTICS,[],[],[],Preserved name-inferred target; known concrete sink witnesses retained. No runtime or authority proof is inferred from the name.,False,False,False
365,app/services/ceri/query_service.py:_event_timeline_for_company,scripts/qa/t13d_configuration_benchmark.py:EmptyRuleRows.all,POTENTIAL_DISTINCT_SEMANTICS,[],[],[],Preserved name-inferred target; known concrete sink witnesses retained. No runtime or authority proof is inferred from the name.,False,False,False
366,app/services/ceri/query_service.py:_event_timeline_for_company,scripts/qa/t13d_configuration_benchmark.py:RulePreload.scalars,POTENTIAL_DISTINCT_SEMANTICS,[],[],[],Preserved name-inferred target; known concrete sink witnesses retained. No runtime or authority proof is inferred from the name.,False,False,False
367,app/services/ceri/query_service.py:_evidence_diagnostics,scripts/qa/t13d_configuration_benchmark.py:EmptyRuleRows.all,POTENTIAL_DISTINCT_SEMANTICS,[],[],[],Preserved name-inferred target; known concrete sink witnesses retained. No runtime or authority proof is inferred from the name.,False,False,False
368,app/services/ceri/query_service.py:_evidence_diagnostics,scripts/qa/t13d_configuration_benchmark.py:RulePreload.scalars,POTENTIAL_DISTINCT_SEMANTICS,[],[],[],Preserved name-inferred target; known concrete sink witnesses retained. No runtime or authority proof is inferred from the name.,False,False,False
369,app/services/ceri/query_service.py:_excluded_referenced_snapshot_count,scripts/profile_sec_performance.py:ProfilingSession.scalar,POTENTIAL_DISTINCT_SEMANTICS,[],[],[],Preserved name-inferred target; known concrete sink witnesses retained. No runtime or authority proof is inferred from the name.,False,False,False
37,app/observability/db_monitor.py:record_pool_checkout,app/observability/metrics.py:PrometheusMetrics.observe,POTENTIAL_DISTINCT_SEMANTICS,[],[],[],Preserved name-inferred target; known concrete sink witnesses retained. No runtime or authority proof is inferred from the name.,False,False,False
370,app/services/ceri/query_service.py:_grouped_counts,scripts/qa/t13d_configuration_benchmark.py:EmptyRuleRows.all,POTENTIAL_DISTINCT_SEMANTICS,[],[],[],Preserved name-inferred target; known concrete sink witnesses retained. No runtime or authority proof is inferred from the name.,False,False,False
371,app/services/ceri/query_service.py:_historical_snapshot_candidates,scripts/qa/t13d_configuration_benchmark.py:EmptyRuleRows.all,POTENTIAL_DISTINCT_SEMANTICS,[],[],[],Preserved name-inferred target; known concrete sink witnesses retained. No runtime or authority proof is inferred from the name.,False,False,False
372,app/services/ceri/query_service.py:_historical_snapshot_candidates,scripts/qa/t13d_configuration_benchmark.py:RulePreload.scalars,POTENTIAL_DISTINCT_SEMANTICS,[],[],[],Preserved name-inferred target; known concrete sink witnesses retained. No runtime or authority proof is inferred from the name.,False,False,False
373,app/services/ceri/query_service.py:_latest_snapshot_ids_by_company,app/services/fundamental_ranker_v2.py:FundamentalsV2Config.items,POTENTIAL_DISTINCT_SEMANTICS,[],[],[],Preserved name-inferred target; known concrete sink witnesses retained. No runtime or authority proof is inferred from the name.,False,False,False
374,app/services/ceri/query_service.py:_load,scripts/qa/t13d_configuration_benchmark.py:EmptyRuleRows.all,POTENTIAL_DISTINCT_SEMANTICS,[],[],[],Preserved name-inferred target; known concrete sink witnesses retained. No runtime or authority proof is inferred from the name.,False,False,False
375,app/services/ceri/query_service.py:_next_event_summary,scripts/qa/t13d_configuration_benchmark.py:EmptyRuleRows.all,POTENTIAL_DISTINCT_SEMANTICS,[],[],[],Preserved name-inferred target; known concrete sink witnesses retained. No runtime or authority proof is inferred from the name.,False,False,False
376,app/services/ceri/query_service.py:_next_event_summary,scripts/qa/t13d_configuration_benchmark.py:RulePreload.scalars,POTENTIAL_DISTINCT_SEMANTICS,[],[],[],Preserved name-inferred target; known concrete sink witnesses retained. No runtime or authority proof is inferred from the name.,False,False,False
377,app/services/ceri/query_service.py:_operations_deployments,scripts/qa/t13d_configuration_benchmark.py:EmptyRuleRows.all,POTENTIAL_DISTINCT_SEMANTICS,[],[],[],Preserved name-inferred target; known concrete sink witnesses retained. No runtime or authority proof is inferred from the name.,False,False,False
378,app/services/ceri/query_service.py:_operations_errors,scripts/qa/t13d_configuration_benchmark.py:EmptyRuleRows.all,POTENTIAL_DISTINCT_SEMANTICS,[],[],[],Preserved name-inferred target; known concrete sink witnesses retained. No runtime or authority proof is inferred from the name.,False,False,False
379,app/services/ceri/query_service.py:_provider_cost_summary,scripts/qa/t13d_configuration_benchmark.py:EmptyRuleRows.all,POTENTIAL_DISTINCT_SEMANTICS,[],[],[],Preserved name-inferred target; known concrete sink witnesses retained. No runtime or authority proof is inferred from the name.,False,False,False
38,app/observability/db_monitor.py:sql_operation,app/services/ceri/estimate_deduplicator.py:CeriEstimateDeduplicator.group,POTENTIAL_DISTINCT_SEMANTICS,[],[],[],Preserved name-inferred target; known concrete sink witnesses retained. No runtime or authority proof is inferred from the name.,False,False,False
380,app/services/ceri/query_service.py:_revision_lineage_audits,app/services/ceri/evidence_eligibility.py:EvidenceDispositionRequest.values,POTENTIAL_DISTINCT_SEMANTICS,[],[],[],Preserved name-inferred target; known concrete sink witnesses retained. No runtime or authority proof is inferred from the name.,False,False,False
381,app/services/ceri/query_service.py:_revision_lineage_audits,scripts/qa/t13d_configuration_benchmark.py:EmptyRuleRows.all,POTENTIAL_DISTINCT_SEMANTICS,[],[],[],Preserved name-inferred target; known concrete sink witnesses retained. No runtime or authority proof is inferred from the name.,False,False,False
382,app/services/ceri/query_service.py:_revision_lineage_audits,scripts/qa/t13d_configuration_benchmark.py:RulePreload.scalars,POTENTIAL_DISTINCT_SEMANTICS,[],[],[],Preserved name-inferred target; known concrete sink witnesses retained. No runtime or authority proof is inferred from the name.,False,False,False
383,app/services/ceri/query_service.py:_rows_for_company,scripts/qa/t13d_configuration_benchmark.py:EmptyRuleRows.all,POTENTIAL_DISTINCT_SEMANTICS,[],[],[],Preserved name-inferred target; known concrete sink witnesses retained. No runtime or authority proof is inferred from the name.,False,False,False
384,app/services/ceri/query_service.py:_rows_for_company,scripts/qa/t13d_configuration_benchmark.py:RulePreload.scalars,POTENTIAL_DISTINCT_SEMANTICS,[],[],[],Preserved name-inferred target; known concrete sink witnesses retained. No runtime or authority proof is inferred from the name.,False,False,False
385,app/services/ceri/query_service.py:_snapshot_freshness,app/services/fundamental_ranker_v2.py:FundamentalsV2Config.items,POTENTIAL_DISTINCT_SEMANTICS,[],[],[],Preserved name-inferred target; known concrete sink witnesses retained. No runtime or authority proof is inferred from the name.,False,False,False
386,app/services/ceri/query_service.py:_snapshot_freshness,scripts/qa/t13d_configuration_benchmark.py:EmptyRuleRows.all,POTENTIAL_DISTINCT_SEMANTICS,[],[],[],Preserved name-inferred target; known concrete sink witnesses retained. No runtime or authority proof is inferred from the name.,False,False,False
387,app/services/ceri/query_service.py:_snapshot_freshness,scripts/qa/t13d_configuration_benchmark.py:RulePreload.scalars,POTENTIAL_DISTINCT_SEMANTICS,[],[],[],Preserved name-inferred target; known concrete sink witnesses retained. No runtime or authority proof is inferred from the name.,False,False,False
388,app/services/ceri/query_service.py:_snapshot_read_context,app/services/fundamental_ranker_v2.py:FundamentalsV2Config.items,POTENTIAL_DISTINCT_SEMANTICS,[],[],[],Preserved name-inferred target; known concrete sink witnesses retained. No runtime or authority proof is inferred from the name.,False,False,False
389,app/services/ceri/query_service.py:_snapshot_read_context,scripts/qa/t13d_configuration_benchmark.py:EmptyRuleRows.all,POTENTIAL_DISTINCT_SEMANTICS,[],[],[],Preserved name-inferred target; known concrete sink witnesses retained. No runtime or authority proof is inferred from the name.,False,False,False
39,app/observability/db_monitor_analysis.py:analyze_logs,app/services/ceri/effective_session_service.py:CeriEffectiveSessionService.resolve,POTENTIAL_DISTINCT_SEMANTICS,[],[],[],Preserved name-inferred target; known concrete sink witnesses retained. No runtime or authority proof is inferred from the name.,False,False,False
390,app/services/ceri/query_service.py:_snapshot_read_context,scripts/qa/t13d_configuration_benchmark.py:RulePreload.scalars,POTENTIAL_DISTINCT_SEMANTICS,[],[],[],Preserved name-inferred target; known concrete sink witnesses retained. No runtime or authority proof is inferred from the name.,False,False,False
391,app/services/ceri/query_service.py:_snapshot_reproduction_failure_count,scripts/profile_sec_performance.py:ProfilingSession.scalar,POTENTIAL_DISTINCT_SEMANTICS,[],[],[],Preserved name-inferred target; known concrete sink witnesses retained. No runtime or authority proof is inferred from the name.,False,False,False
392,app/services/ceri/query_service.py:_snapshot_reproduction_failure_count,scripts/qa/t13d_configuration_benchmark.py:RulePreload.scalars,POTENTIAL_DISTINCT_SEMANTICS,[],[],[],Preserved name-inferred target; known concrete sink witnesses retained. No runtime or authority proof is inferred from the name.,False,False,False
393,app/services/ceri/query_service.py:_stable_hash,app/services/canonical_evidence.py:CanonicalEvidenceSerializer.dumps,POTENTIAL_DISTINCT_SEMANTICS,[],[],[],Preserved name-inferred target; known concrete sink witnesses retained. No runtime or authority proof is inferred from the name.,False,False,False
394,app/services/ceri/revision_feature_service.py:CeriRevisionFeatureService.aggregate_revision_strength,app/services/fundamental_ranker_v2.py:FundamentalsV2Config.items,POTENTIAL_DISTINCT_SEMANTICS,[],[],[],Preserved name-inferred target; known concrete sink witnesses retained. No runtime or authority proof is inferred from the name.,False,False,False
395,app/services/ceri/sec/client.py:SecEdgarClient._request,app/services/ceri/sec/client.py:_BufferedResponse.read,POTENTIAL_DISTINCT_SEMANTICS,[],[],[],Preserved name-inferred target; known concrete sink witnesses retained. No runtime or authority proof is inferred from the name.,False,False,False
396,app/services/ceri/sec/client.py:SecEdgarClient._request,app/services/fundamental_ranker_v2.py:FundamentalsV2Config.items,POTENTIAL_DISTINCT_SEMANTICS,[],[],[],Preserved name-inferred target; known concrete sink witnesses retained. No runtime or authority proof is inferred from the name.,False,False,False
397,app/services/ceri/sec/client.py:SecEdgarClient._urllib_transport,app/services/ceri/sec/client.py:_BufferedResponse.read,POTENTIAL_DISTINCT_SEMANTICS,[],[],[],Preserved name-inferred target; known concrete sink witnesses retained. No runtime or authority proof is inferred from the name.,False,False,False
398,app/services/ceri/sec/client.py:_payload_bytes,app/services/canonical_evidence.py:CanonicalEvidenceSerializer.dumps,POTENTIAL_DISTINCT_SEMANTICS,[],[],[],Preserved name-inferred target; known concrete sink witnesses retained. No runtime or authority proof is inferred from the name.,False,False,False
399,app/services/ceri/sec/content_cache.py:SecDocumentContentCache.load,app/services/ceri/sec/client.py:_BufferedResponse.read,POTENTIAL_DISTINCT_SEMANTICS,[],[],[],Preserved name-inferred target; known concrete sink witnesses retained. No runtime or authority proof is inferred from the name.,False,False,False
4,app/main.py:lifespan,app/observability/metrics.py:PrometheusMetrics.configure,POTENTIAL_DISTINCT_SEMANTICS,[],[],[],Preserved name-inferred target; known concrete sink witnesses retained. No runtime or authority proof is inferred from the name.,False,False,False
40,app/observability/db_monitor_analysis.py:analyze_logs,app/services/fundamental_ranker_v2.py:FundamentalsV2Config.items,POTENTIAL_DISTINCT_SEMANTICS,[],[],[],Preserved name-inferred target; known concrete sink witnesses retained. No runtime or authority proof is inferred from the name.,False,False,False
400,app/services/ceri/sec/guidance_extractor.py:_column_table_rows,app/services/ceri/estimate_deduplicator.py:CeriEstimateDeduplicator.group,POTENTIAL_DISTINCT_SEMANTICS,[],[],[],Preserved name-inferred target; known concrete sink witnesses retained. No runtime or authority proof is inferred from the name.,False,False,False
401,app/services/ceri/sec/guidance_extractor.py:_numbers,app/services/ceri/estimate_deduplicator.py:CeriEstimateDeduplicator.group,POTENTIAL_DISTINCT_SEMANTICS,[],[],[],Preserved name-inferred target; known concrete sink witnesses retained. No runtime or authority proof is inferred from the name.,False,False,False
402,app/services/ceri/sec/guidance_extractor.py:_parse_guidance_rows,app/services/ceri/estimate_deduplicator.py:CeriEstimateDeduplicator.group,POTENTIAL_DISTINCT_SEMANTICS,[],[],[],Preserved name-inferred target; known concrete sink witnesses retained. No runtime or authority proof is inferred from the name.,False,False,False
403,app/services/ceri/sec/guidance_extractor.py:_unitedhealth_eps_rows,app/services/ceri/estimate_deduplicator.py:CeriEstimateDeduplicator.group,POTENTIAL_DISTINCT_SEMANTICS,[],[],[],Preserved name-inferred target; known concrete sink witnesses retained. No runtime or authority proof is inferred from the name.,False,False,False
404,app/services/ceri/sec/identity_repair.py:resolve_and_persist_sec_identity,scripts/qa/t13d_configuration_benchmark.py:EmptyRuleRows.all,POTENTIAL_DISTINCT_SEMANTICS,[],[],"[""EF_26b4197e150dd293""]",Preserved name-inferred target; known concrete sink witnesses retained. No runtime or authority proof is inferred from the name.,False,False,False
405,app/services/ceri/sec/identity_repair.py:resolve_and_persist_sec_identity,scripts/qa/t13d_configuration_benchmark.py:RulePreload.scalars,POTENTIAL_DISTINCT_SEMANTICS,[],[],"[""EF_26b4197e150dd293""]",Preserved name-inferred target; known concrete sink witnesses retained. No runtime or authority proof is inferred from the name.,False,False,False
406,app/services/ceri/sec/incremental_ingestion.py:SecGuidanceIncrementalIngestionService._resolve_and_persist_cik,scripts/qa/t13d_configuration_benchmark.py:EmptyRuleRows.all,POTENTIAL_DISTINCT_SEMANTICS,[],[],[],Preserved name-inferred target; known concrete sink witnesses retained. No runtime or authority proof is inferred from the name.,False,False,False
407,app/services/ceri/sec/incremental_ingestion.py:SecGuidanceIncrementalIngestionService._resolve_and_persist_cik,scripts/qa/t13d_configuration_benchmark.py:RulePreload.scalars,POTENTIAL_DISTINCT_SEMANTICS,[],[],[],Preserved name-inferred target; known concrete sink witnesses retained. No runtime or authority proof is inferred from the name.,False,False,False
408,app/services/ceri/sec/processor_capability.py:evaluate_sec_processor_capability,scripts/qa/t13d_configuration_benchmark.py:EmptyRuleRows.all,POTENTIAL_DISTINCT_SEMANTICS,[],[],[],Preserved name-inferred target; known concrete sink witnesses retained. No runtime or authority proof is inferred from the name.,False,False,False
409,app/services/ceri/sec/processor_capability.py:evaluate_sec_processor_capability,scripts/qa/t13d_configuration_benchmark.py:RulePreload.scalars,POTENTIAL_DISTINCT_SEMANTICS,[],[],[],Preserved name-inferred target; known concrete sink witnesses retained. No runtime or authority proof is inferred from the name.,False,False,False
41,app/observability/db_monitor_analysis.py:main,app/services/canonical_evidence.py:CanonicalEvidenceSerializer.dumps,POTENTIAL_DISTINCT_SEMANTICS,[],[],[],Preserved name-inferred target; known concrete sink witnesses retained. No runtime or authority proof is inferred from the name.,False,False,False
410,app/services/ceri/sec/processor_lifecycle.py:lifecycle_state,scripts/qa/t13d_configuration_benchmark.py:EmptyRuleRows.all,POTENTIAL_DISTINCT_SEMANTICS,[],[],[],Preserved name-inferred target; known concrete sink witnesses retained. No runtime or authority proof is inferred from the name.,False,False,False
411,app/services/ceri/sec/processor_lifecycle.py:lifecycle_state,scripts/qa/t13d_configuration_benchmark.py:RulePreload.scalars,POTENTIAL_DISTINCT_SEMANTICS,[],[],[],Preserved name-inferred target; known concrete sink witnesses retained. No runtime or authority proof is inferred from the name.,False,False,False
412,app/services/ceri/sec/processor_lifecycle.py:promote_processor,scripts/qa/t13d_configuration_benchmark.py:EmptyRuleRows.all,POTENTIAL_DISTINCT_SEMANTICS,[],[],[],Preserved name-inferred target; known concrete sink witnesses retained. No runtime or authority proof is inferred from the name.,False,False,False
413,app/services/ceri/sec/processor_lifecycle.py:promote_processor,scripts/qa/t13d_configuration_benchmark.py:RulePreload.scalars,POTENTIAL_DISTINCT_SEMANTICS,[],[],[],Preserved name-inferred target; known concrete sink witnesses retained. No runtime or authority proof is inferred from the name.,False,False,False
414,app/services/ceri/sec/provider.py:SecCeriProvider.resolve_cik_candidates,app/services/fundamental_ranker_v2.py:FundamentalsV2Config.items,POTENTIAL_DISTINCT_SEMANTICS,[],[],[],Preserved name-inferred target; known concrete sink witnesses retained. No runtime or authority proof is inferred from the name.,False,False,False
415,app/services/ceri/sec/readiness_diagnostics.py:diagnose_sec_readiness,scripts/qa/t13d_configuration_benchmark.py:EmptyRuleRows.all,POTENTIAL_DISTINCT_SEMANTICS,[],[],[],Preserved name-inferred target; known concrete sink witnesses retained. No runtime or authority proof is inferred from the name.,False,False,False
416,app/services/ceri/sec/readiness_diagnostics.py:diagnose_sec_readiness,scripts/qa/t13d_configuration_benchmark.py:RulePreload.scalars,POTENTIAL_DISTINCT_SEMANTICS,[],[],[],Preserved name-inferred target; known concrete sink witnesses retained. No runtime or authority proof is inferred from the name.,False,False,False
417,app/services/ceri/sec/readiness_repair.py:_reset_pipeline_step,scripts/profile_sec_performance.py:ProfilingSession.scalar,POTENTIAL_DISTINCT_SEMANTICS,[],[],[],Preserved name-inferred target; known concrete sink witnesses retained. No runtime or authority proof is inferred from the name.,False,False,False
418,app/services/ceri/sec/readiness_repair.py:_tickers_for_run,scripts/qa/t13d_configuration_benchmark.py:RulePreload.scalars,POTENTIAL_DISTINCT_SEMANTICS,[],[],[],Preserved name-inferred target; known concrete sink witnesses retained. No runtime or authority proof is inferred from the name.,False,False,False
419,app/services/ceri/sec/readiness_repair.py:_unresolved_message,app/services/fundamental_ranker_v2.py:FundamentalsV2Config.items,POTENTIAL_DISTINCT_SEMANTICS,[],[],[],Preserved name-inferred target; known concrete sink witnesses retained. No runtime or authority proof is inferred from the name.,False,False,False
42,app/observability/db_monitor_analysis.py:render_text,app/services/canonical_evidence.py:CanonicalEvidenceSerializer.dumps,POTENTIAL_DISTINCT_SEMANTICS,[],[],[],Preserved name-inferred target; known concrete sink witnesses retained. No runtime or authority proof is inferred from the name.,False,False,False
420,app/services/ceri/sec/readiness_repair.py:_update_progress,app/services/fundamental_ranker_v2.py:FundamentalsV2Config.items,POTENTIAL_DISTINCT_SEMANTICS,[],[],[],Preserved name-inferred target; known concrete sink witnesses retained. No runtime or authority proof is inferred from the name.,False,False,False
421,app/services/ceri/sec/readiness_repair.py:_validation_step,scripts/profile_sec_performance.py:ProfilingSession.scalar,POTENTIAL_DISTINCT_SEMANTICS,[],[],[],Preserved name-inferred target; known concrete sink witnesses retained. No runtime or authority proof is inferred from the name.,False,False,False
422,app/services/ceri/sec/readiness_repair.py:execute_sec_readiness_repair,app/services/ceri/sec/readiness_repair.py:SecRepairTelemetry.add_ingestion,POTENTIAL_DISTINCT_SEMANTICS,[],[],"[""EF_a046247f0bce46ec""]",Preserved name-inferred target; known concrete sink witnesses retained. No runtime or authority proof is inferred from the name.,False,False,False
423,app/services/ceri/sec/readiness_repair.py:execute_sec_readiness_repair,app/services/ceri/sec/readiness_repair.py:SecRepairTelemetry.from_pipeline,POTENTIAL_DISTINCT_SEMANTICS,[],[],"[""EF_a046247f0bce46ec""]",Preserved name-inferred target; known concrete sink witnesses retained. No runtime or authority proof is inferred from the name.,False,False,False
424,app/services/ceri/sec/readiness_repair.py:execute_sec_readiness_repair,app/services/ceri/sec/readiness_repair.py:SecRepairTelemetry.update_client,POTENTIAL_DISTINCT_SEMANTICS,[],[],"[""EF_a046247f0bce46ec""]",Preserved name-inferred target; known concrete sink witnesses retained. No runtime or authority proof is inferred from the name.,False,False,False
425,app/services/ceri/sec/readiness_repair.py:execute_sec_readiness_repair,app/services/fundamental_ranker_v2.py:FundamentalsV2Config.items,POTENTIAL_DISTINCT_SEMANTICS,[],[],"[""EF_a046247f0bce46ec""]",Preserved name-inferred target; known concrete sink witnesses retained. No runtime or authority proof is inferred from the name.,False,False,False
426,app/services/ceri/sec/readiness_repair.py:mark_sec_repair_failure,scripts/profile_sec_performance.py:ProfilingSession.scalar,POTENTIAL_DISTINCT_SEMANTICS,[],[],"[""EF_539de8ba1f139e53""]",Preserved name-inferred target; known concrete sink witnesses retained. No runtime or authority proof is inferred from the name.,False,False,False
427,app/services/ceri/sec/state_service.py:SecDocumentStateService.certify_bootstrap,app/services/fundamental_ranker_v2.py:FundamentalsV2Config.items,POTENTIAL_DISTINCT_SEMANTICS,[],[],[],Preserved name-inferred target; known concrete sink witnesses retained. No runtime or authority proof is inferred from the name.,False,False,False
428,app/services/ceri/sec/state_service.py:SecDocumentStateService.certify_bootstrap,scripts/profile_sec_performance.py:ProfilingSession.scalar,POTENTIAL_DISTINCT_SEMANTICS,[],[],[],Preserved name-inferred target; known concrete sink witnesses retained. No runtime or authority proof is inferred from the name.,False,False,False
429,app/services/ceri/sec/state_service.py:SecDocumentStateService.extraction,scripts/profile_sec_performance.py:ProfilingSession.scalar,POTENTIAL_DISTINCT_SEMANTICS,[],[],[],Preserved name-inferred target; known concrete sink witnesses retained. No runtime or authority proof is inferred from the name.,False,False,False
43,app/observability/logging.py:JsonLogFormatter.format,app/services/canonical_evidence.py:CanonicalEvidenceSerializer.dumps,POTENTIAL_DISTINCT_SEMANTICS,[],[],[],Preserved name-inferred target; known concrete sink witnesses retained. No runtime or authority proof is inferred from the name.,False,False,False
430,app/services/ceri/sec/state_service.py:SecDocumentStateService.has_prior_bootstrap_signature,scripts/profile_sec_performance.py:ProfilingSession.scalar,POTENTIAL_DISTINCT_SEMANTICS,[],[],[],Preserved name-inferred target; known concrete sink witnesses retained. No runtime or authority proof is inferred from the name.,False,False,False
431,app/services/ceri/sec/state_service.py:SecDocumentStateService.is_bootstrap_certified,scripts/profile_sec_performance.py:ProfilingSession.scalar,POTENTIAL_DISTINCT_SEMANTICS,[],[],[],Preserved name-inferred target; known concrete sink witnesses retained. No runtime or authority proof is inferred from the name.,False,False,False
432,app/services/ceri/sec/state_service.py:SecDocumentStateService.register_document,scripts/profile_sec_performance.py:ProfilingSession.scalar,POTENTIAL_DISTINCT_SEMANTICS,[],[],"[""EF_5acf98114588686d""]",Preserved name-inferred target; known concrete sink witnesses retained. No runtime or authority proof is inferred from the name.,False,False,False
433,app/services/ceri/snapshot_service.py:CeriSnapshotService.__init__,app/services/contextual_effective_configuration.py:ContextualEffectiveConfiguration.ceri_config,POTENTIAL_DISTINCT_SEMANTICS,[],[],[],Preserved name-inferred target; known concrete sink witnesses retained. No runtime or authority proof is inferred from the name.,False,False,False
434,app/services/ceri/snapshot_service.py:CeriSnapshotService.__init__,app/services/core_effective_configuration.py:CoreEffectiveConfiguration.require_retry_identity,POTENTIAL_DISTINCT_SEMANTICS,[],[],[],Preserved name-inferred target; known concrete sink witnesses retained. No runtime or authority proof is inferred from the name.,False,False,False
435,app/services/ceri/snapshot_service.py:_canonical_json_value,app/services/fundamental_ranker_v2.py:FundamentalsV2Config.items,POTENTIAL_DISTINCT_SEMANTICS,[],[],[],Preserved name-inferred target; known concrete sink witnesses retained. No runtime or authority proof is inferred from the name.,False,False,False
436,app/services/ceri/snapshot_service.py:_legacy_evidence_hash,app/services/canonical_evidence.py:CanonicalEvidenceSerializer.dumps,POTENTIAL_DISTINCT_SEMANTICS,[],[],[],Preserved name-inferred target; known concrete sink witnesses retained. No runtime or authority proof is inferred from the name.,False,False,False
437,app/services/ceri/source_record_service.py:CeriSourceRecordService.create_ingestion_run,app/services/ceri/observability.py:CeriMetricRegistry.increment,POTENTIAL_DISTINCT_SEMANTICS,[],[],[],Preserved name-inferred target; known concrete sink witnesses retained. No runtime or authority proof is inferred from the name.,False,False,False
438,app/services/ceri/source_record_service.py:CeriSourceRecordService.finish_ingestion_run,app/services/ceri/observability.py:CeriMetricRegistry.increment,POTENTIAL_DISTINCT_SEMANTICS,[],[],[],Preserved name-inferred target; known concrete sink witnesses retained. No runtime or authority proof is inferred from the name.,False,False,False
439,app/services/ceri/source_record_service.py:CeriSourceRecordService.finish_ingestion_run,app/services/ceri/observability.py:CeriMetricRegistry.observe,POTENTIAL_DISTINCT_SEMANTICS,[],[],[],Preserved name-inferred target; known concrete sink witnesses retained. No runtime or authority proof is inferred from the name.,False,False,False
44,app/observability/logging.py:JsonLogFormatter.format,app/services/fundamental_ranker_v2.py:FundamentalsV2Config.items,POTENTIAL_DISTINCT_SEMANTICS,[],[],[],Preserved name-inferred target; known concrete sink witnesses retained. No runtime or authority proof is inferred from the name.,False,False,False
440,app/services/ceri/source_record_service.py:CeriSourceRecordService.store_source_record,app/services/ceri/observability.py:CeriMetricRegistry.increment,POTENTIAL_DISTINCT_SEMANTICS,[],[],"[""EF_ad585eacf12c98d7""]",Preserved name-inferred target; known concrete sink witnesses retained. No runtime or authority proof is inferred from the name.,False,False,False
441,app/services/ceri/source_record_service.py:_json_safe,app/services/fundamental_ranker_v2.py:FundamentalsV2Config.items,POTENTIAL_DISTINCT_SEMANTICS,[],[],[],Preserved name-inferred target; known concrete sink witnesses retained. No runtime or authority proof is inferred from the name.,False,False,False
442,app/services/ceri/validation_service.py:_supports,app/services/ceri/dtos.py:ProviderCapabilities.supports,POTENTIAL_DISTINCT_SEMANTICS,[],[],[],Preserved name-inferred target; known concrete sink witnesses retained. No runtime or authority proof is inferred from the name.,False,False,False
443,app/services/certification_runtime.py:_authorized_parent_exists,scripts/profile_sec_performance.py:ProfilingSession.scalar,POTENTIAL_DISTINCT_SEMANTICS,[],[],[],Preserved name-inferred target; known concrete sink witnesses retained. No runtime or authority proof is inferred from the name.,False,False,False
444,app/services/certification_runtime.py:certification_claimable_job_ids,scripts/qa/t13d_configuration_benchmark.py:EmptyRuleRows.all,POTENTIAL_DISTINCT_SEMANTICS,[],[],[],Preserved name-inferred target; known concrete sink witnesses retained. No runtime or authority proof is inferred from the name.,False,False,False
445,app/services/certification_runtime.py:certification_claimable_job_ids,scripts/qa/t13d_configuration_benchmark.py:RulePreload.scalars,POTENTIAL_DISTINCT_SEMANTICS,[],[],[],Preserved name-inferred target; known concrete sink witnesses retained. No runtime or authority proof is inferred from the name.,False,False,False
446,app/services/certification_runtime.py:queue_isolation_status,scripts/profile_sec_performance.py:ProfilingSession.scalar,POTENTIAL_DISTINCT_SEMANTICS,[],[],[],Preserved name-inferred target; known concrete sink witnesses retained. No runtime or authority proof is inferred from the name.,False,False,False
447,app/services/chart_data_service.py:build_ticker_chart_payload,scripts/profile_sec_performance.py:ProfilingSession.scalar,POTENTIAL_DISTINCT_SEMANTICS,[],[],[],Preserved name-inferred target; known concrete sink witnesses retained. No runtime or authority proof is inferred from the name.,False,False,False
448,app/services/cleanup_service.py:_file_candidates,app/services/ceri/effective_session_service.py:CeriEffectiveSessionService.resolve,POTENTIAL_DISTINCT_SEMANTICS,[],[],[],Preserved name-inferred target; known concrete sink witnesses retained. No runtime or authority proof is inferred from the name.,False,False,False
449,app/services/cleanup_service.py:_load_terminal_jobs,scripts/qa/t13d_configuration_benchmark.py:EmptyRuleRows.all,POTENTIAL_DISTINCT_SEMANTICS,[],[],[],Preserved name-inferred target; known concrete sink witnesses retained. No runtime or authority proof is inferred from the name.,False,False,False
45,app/observability/metrics.py:PrometheusMetrics._labels,app/services/fundamental_ranker_v2.py:FundamentalsV2Config.items,POTENTIAL_DISTINCT_SEMANTICS,[],[],[],Preserved name-inferred target; known concrete sink witnesses retained. No runtime or authority proof is inferred from the name.,False,False,False
450,app/services/cleanup_service.py:_referenced_upload_paths,app/services/ceri/effective_session_service.py:CeriEffectiveSessionService.resolve,POTENTIAL_DISTINCT_SEMANTICS,[],[],[],Preserved name-inferred target; known concrete sink witnesses retained. No runtime or authority proof is inferred from the name.,False,False,False
451,app/services/cleanup_service.py:_referenced_upload_paths,scripts/qa/t13d_configuration_benchmark.py:EmptyRuleRows.all,POTENTIAL_DISTINCT_SEMANTICS,[],[],[],Preserved name-inferred target; known concrete sink witnesses retained. No runtime or authority proof is inferred from the name.,False,False,False
452,app/services/column_mapper.py:_canonicalize_row,app/services/fundamental_ranker_v2.py:FundamentalsV2Config.items,POTENTIAL_DISTINCT_SEMANTICS,[],[],[],Preserved name-inferred target; known concrete sink witnesses retained. No runtime or authority proof is inferred from the name.,False,False,False
453,app/services/column_mapper.py:load_alias_map,app/services/fundamental_ranker_v2.py:FundamentalsV2Config.items,POTENTIAL_DISTINCT_SEMANTICS,[],[],[],Preserved name-inferred target; known concrete sink witnesses retained. No runtime or authority proof is inferred from the name.,False,False,False
454,app/services/column_mapper.py:map_csv_rows,app/services/fundamental_ranker_v2.py:FundamentalsV2Config.items,POTENTIAL_DISTINCT_SEMANTICS,[],[],[],Preserved name-inferred target; known concrete sink witnesses retained. No runtime or authority proof is inferred from the name.,False,False,False
455,app/services/column_mapper.py:map_csv_rows,app/services/setup_lifecycle/signal_registry.py:SignalDefinitionRegistry.keys,POTENTIAL_DISTINCT_SEMANTICS,[],[],[],Preserved name-inferred target; known concrete sink witnesses retained. No runtime or authority proof is inferred from the name.,False,False,False
456,app/services/column_mapping_summary_service.py:_alias_lookup,app/services/fundamental_ranker_v2.py:FundamentalsV2Config.items,POTENTIAL_DISTINCT_SEMANTICS,[],[],[],Preserved name-inferred target; known concrete sink witnesses retained. No runtime or authority proof is inferred from the name.,False,False,False
457,app/services/column_mapping_summary_service.py:_component_by_field,app/services/fundamental_ranker_v2.py:FundamentalsV2Config.items,POTENTIAL_DISTINCT_SEMANTICS,[],[],[],Preserved name-inferred target; known concrete sink witnesses retained. No runtime or authority proof is inferred from the name.,False,False,False
458,app/services/column_mapping_summary_service.py:_priority_by_field,app/services/fundamental_ranker_v2.py:FundamentalsV2Config.items,POTENTIAL_DISTINCT_SEMANTICS,[],[],[],Preserved name-inferred target; known concrete sink witnesses retained. No runtime or authority proof is inferred from the name.,False,False,False
459,app/services/combined_decision.py:_combined_debug_evidence,app/services/fundamental_ranker_v2.py:FundamentalsV2Config.items,POTENTIAL_DISTINCT_SEMANTICS,[],[],[],Preserved name-inferred target; known concrete sink witnesses retained. No runtime or authority proof is inferred from the name.,False,False,False
46,app/observability/metrics.py:PrometheusMetrics._reset_registry,app/services/fundamental_ranker_v2.py:FundamentalsV2Config.items,POTENTIAL_DISTINCT_SEMANTICS,[],[],[],Preserved name-inferred target; known concrete sink witnesses retained. No runtime or authority proof is inferred from the name.,False,False,False
460,app/services/combined_decision.py:_fundamentals_for_run,scripts/qa/t13d_configuration_benchmark.py:RulePreload.scalars,POTENTIAL_DISTINCT_SEMANTICS,[],[],[],Preserved name-inferred target; known concrete sink witnesses retained. No runtime or authority proof is inferred from the name.,False,False,False
461,app/services/combined_decision.py:_raw_earnings_value_present,app/services/fundamental_ranker_v2.py:FundamentalsV2Config.items,POTENTIAL_DISTINCT_SEMANTICS,[],[],[],Preserved name-inferred target; known concrete sink witnesses retained. No runtime or authority proof is inferred from the name.,False,False,False
462,app/services/combined_decision.py:_require_single_combined_context,app/services/calculation_identity.py:CalculationIdentityCompatibility.diagnostic,POTENTIAL_DISTINCT_SEMANTICS,[],[],[],Preserved name-inferred target; known concrete sink witnesses retained. No runtime or authority proof is inferred from the name.,False,False,False
463,app/services/combined_decision.py:_rows_for_run,scripts/qa/t13d_configuration_benchmark.py:RulePreload.scalars,POTENTIAL_DISTINCT_SEMANTICS,[],[],[],Preserved name-inferred target; known concrete sink witnesses retained. No runtime or authority proof is inferred from the name.,False,False,False
464,app/services/combined_decision.py:_stable_hash,app/services/canonical_evidence.py:CanonicalEvidenceSerializer.dumps,POTENTIAL_DISTINCT_SEMANTICS,[],[],[],Preserved name-inferred target; known concrete sink witnesses retained. No runtime or authority proof is inferred from the name.,False,False,False
465,app/services/combined_decision.py:_technicals_for_run,scripts/qa/t13d_configuration_benchmark.py:RulePreload.scalars,POTENTIAL_DISTINCT_SEMANTICS,[],[],[],Preserved name-inferred target; known concrete sink witnesses retained. No runtime or authority proof is inferred from the name.,False,False,False
466,app/services/combined_decision.py:_validate_explicit_pipeline_context,app/services/calculation_identity.py:CalculationIdentityCompatibility.diagnostic,POTENTIAL_DISTINCT_SEMANTICS,[],[],[],Preserved name-inferred target; known concrete sink witnesses retained. No runtime or authority proof is inferred from the name.,False,False,False
467,app/services/combined_decision.py:refresh_combined_results,scripts/certify_technical_artifact_cache.py:main.SinkDb.add_all,POTENTIAL_DISTINCT_SEMANTICS,[],[],"[""EF_a27b7ead7124b2da""]",Preserved name-inferred target; known concrete sink witnesses retained. No runtime or authority proof is inferred from the name.,False,False,False
468,app/services/combined_ranking_identity.py:_expected_ibmi_identity,app/services/core_effective_configuration.py:CoreEffectiveConfiguration.bind,POTENTIAL_DISTINCT_SEMANTICS,[],[],[],Preserved name-inferred target; known concrete sink witnesses retained. No runtime or authority proof is inferred from the name.,False,False,False
469,app/services/combined_ranking_identity.py:_required_source_diagnostics,app/services/fundamental_ranker_v2.py:FundamentalsV2Config.items,POTENTIAL_DISTINCT_SEMANTICS,[],[],[],Preserved name-inferred target; known concrete sink witnesses retained. No runtime or authority proof is inferred from the name.,False,False,False
47,app/observability/metrics.py:PrometheusMetrics.increment,app/services/fundamental_ranker_v2.py:FundamentalsV2Config.items,POTENTIAL_DISTINCT_SEMANTICS,[],[],[],Preserved name-inferred target; known concrete sink witnesses retained. No runtime or authority proof is inferred from the name.,False,False,False
470,app/services/configuration_delivery.py:anchor_fingerprint,app/services/fundamental_ranker_v2.py:FundamentalsV2Config.items,POTENTIAL_DISTINCT_SEMANTICS,[],[],[],Preserved name-inferred target; known concrete sink witnesses retained. No runtime or authority proof is inferred from the name.,False,False,False
471,app/services/configuration_delivery.py:configuration_delivery_scope,app/observability/metrics.py:PrometheusMetrics.reset,POTENTIAL_DISTINCT_SEMANTICS,[],[],[],Preserved name-inferred target; known concrete sink witnesses retained. No runtime or authority proof is inferred from the name.,False,False,False
472,app/services/configuration_delivery.py:configuration_for_winner_generation,app/services/decision_effective_configuration.py:DecisionEffectiveConfiguration.winner_config,POTENTIAL_DISTINCT_SEMANTICS,[],[],[],Preserved name-inferred target; known concrete sink witnesses retained. No runtime or authority proof is inferred from the name.,False,False,False
473,app/services/configuration_delivery.py:delivered_native,app/services/decision_effective_configuration.py:DecisionEffectiveConfiguration.setup_config,POTENTIAL_DISTINCT_SEMANTICS,[],[],[],Preserved name-inferred target; known concrete sink witnesses retained. No runtime or authority proof is inferred from the name.,False,False,False
474,app/services/configuration_delivery.py:delivered_native,app/services/decision_effective_configuration.py:DecisionEffectiveConfiguration.winner_config,POTENTIAL_DISTINCT_SEMANTICS,[],[],[],Preserved name-inferred target; known concrete sink witnesses retained. No runtime or authority proof is inferred from the name.,False,False,False
475,app/services/configuration_delivery.py:delivered_native,app/services/fundamental_ranker_v2.py:FundamentalsV2Config.items,POTENTIAL_DISTINCT_SEMANTICS,[],[],[],Preserved name-inferred target; known concrete sink witnesses retained. No runtime or authority proof is inferred from the name.,False,False,False
476,app/services/configuration_delivery.py:load_configuration_delivery,app/services/fundamental_ranker_v2.py:FundamentalsV2Config.items,POTENTIAL_DISTINCT_SEMANTICS,[],[],[],Preserved name-inferred target; known concrete sink witnesses retained. No runtime or authority proof is inferred from the name.,False,False,False
477,app/services/configuration_delivery.py:load_configuration_delivery,scripts/qa/t13d_configuration_benchmark.py:EmptyRuleRows.all,POTENTIAL_DISTINCT_SEMANTICS,[],[],[],Preserved name-inferred target; known concrete sink witnesses retained. No runtime or authority proof is inferred from the name.,False,False,False
478,app/services/configuration_delivery.py:load_configuration_delivery,scripts/qa/t13d_configuration_benchmark.py:RulePreload.scalars,POTENTIAL_DISTINCT_SEMANTICS,[],[],[],Preserved name-inferred target; known concrete sink witnesses retained. No runtime or authority proof is inferred from the name.,False,False,False
479,app/services/configuration_delivery.py:persist_configuration_anchor,app/services/fundamental_ranker_v2.py:FundamentalsV2Config.items,POTENTIAL_DISTINCT_SEMANTICS,[],[],"[""EF_6954da3818e91504""]",Preserved name-inferred target; known concrete sink witnesses retained. No runtime or authority proof is inferred from the name.,False,False,False
48,app/observability/metrics.py:PrometheusMetrics.remove_series,app/services/fundamental_ranker_v2.py:FundamentalsV2Config.items,POTENTIAL_DISTINCT_SEMANTICS,[],[],[],Preserved name-inferred target; known concrete sink witnesses retained. No runtime or authority proof is inferred from the name.,False,False,False
480,app/services/configuration_delivery.py:resolve_pipeline_configurations,app/services/fundamental_ranker_v2.py:FundamentalsV2Config.items,POTENTIAL_DISTINCT_SEMANTICS,[],[],[],Preserved name-inferred target; known concrete sink witnesses retained. No runtime or authority proof is inferred from the name.,False,False,False
481,app/services/configuration_delivery.py:resolve_pipeline_configurations,app/services/ib_market_intelligence/config.py:IBMarketIntelligenceConfig.section,POTENTIAL_DISTINCT_SEMANTICS,[],[],[],Preserved name-inferred target; known concrete sink witnesses retained. No runtime or authority proof is inferred from the name.,False,False,False
482,app/services/configuration_delivery.py:resolve_pipeline_configurations,scripts/qa/t13d_configuration_benchmark.py:EmptyRuleRows.all,POTENTIAL_DISTINCT_SEMANTICS,[],[],[],Preserved name-inferred target; known concrete sink witnesses retained. No runtime or authority proof is inferred from the name.,False,False,False
483,app/services/configuration_delivery.py:resolve_pipeline_configurations,scripts/qa/t13d_configuration_benchmark.py:RulePreload.scalars,POTENTIAL_DISTINCT_SEMANTICS,[],[],[],Preserved name-inferred target; known concrete sink witnesses retained. No runtime or authority proof is inferred from the name.,False,False,False
484,app/services/configuration_delivery.py:validate_anchor,app/services/fundamental_ranker_v2.py:FundamentalsV2Config.items,POTENTIAL_DISTINCT_SEMANTICS,[],[],[],Preserved name-inferred target; known concrete sink witnesses retained. No runtime or authority proof is inferred from the name.,False,False,False
485,app/services/configuration_source_values.py:configuration_leaves,app/services/fundamental_ranker_v2.py:FundamentalsV2Config.items,POTENTIAL_DISTINCT_SEMANTICS,[],[],[],Preserved name-inferred target; known concrete sink witnesses retained. No runtime or authority proof is inferred from the name.,False,False,False
486,app/services/contextual_calculation_identity.py:build_ibmi_feature_identity,app/services/core_effective_configuration.py:CoreEffectiveConfiguration.bind,POTENTIAL_DISTINCT_SEMANTICS,[],[],[],Preserved name-inferred target; known concrete sink witnesses retained. No runtime or authority proof is inferred from the name.,False,False,False
487,app/services/contextual_calculation_identity.py:contextual_compatibility,app/services/fundamental_ranker_v2.py:FundamentalsV2Config.items,POTENTIAL_DISTINCT_SEMANTICS,[],[],[],Preserved name-inferred target; known concrete sink witnesses retained. No runtime or authority proof is inferred from the name.,False,False,False
488,app/services/contextual_calculation_identity.py:expected_ibmi_identity,app/services/core_effective_configuration.py:CoreEffectiveConfiguration.bind,POTENTIAL_DISTINCT_SEMANTICS,[],[],[],Preserved name-inferred target; known concrete sink witnesses retained. No runtime or authority proof is inferred from the name.,False,False,False
489,app/services/contextual_calculation_identity.py:expected_regime_identity,app/services/core_effective_configuration.py:CoreEffectiveConfiguration.bind,POTENTIAL_DISTINCT_SEMANTICS,[],[],[],Preserved name-inferred target; known concrete sink witnesses retained. No runtime or authority proof is inferred from the name.,False,False,False
49,app/observability/metrics.py:PrometheusMetrics.samples,app/services/fundamental_ranker_v2.py:FundamentalsV2Config.items,POTENTIAL_DISTINCT_SEMANTICS,[],[],[],Preserved name-inferred target; known concrete sink witnesses retained. No runtime or authority proof is inferred from the name.,False,False,False
490,app/services/contextual_calculation_identity.py:expected_sector_identity,app/services/core_effective_configuration.py:CoreEffectiveConfiguration.bind,POTENTIAL_DISTINCT_SEMANTICS,[],[],[],Preserved name-inferred target; known concrete sink witnesses retained. No runtime or authority proof is inferred from the name.,False,False,False
491,app/services/contextual_calculation_identity.py:pipeline_id_for_cutoff,scripts/profile_sec_performance.py:ProfilingSession.scalar,POTENTIAL_DISTINCT_SEMANTICS,[],[],[],Preserved name-inferred target; known concrete sink witnesses retained. No runtime or authority proof is inferred from the name.,False,False,False
492,app/services/contextual_effective_configuration.py:ContextualEffectiveConfiguration.require_family,app/services/fundamental_ranker_v2.py:FundamentalsV2Config.items,POTENTIAL_DISTINCT_SEMANTICS,[],[],[],Preserved name-inferred target; known concrete sink witnesses retained. No runtime or authority proof is inferred from the name.,False,False,False
493,app/services/contextual_effective_configuration.py:_feature_display,app/services/fundamental_ranker_v2.py:FundamentalsV2Config.items,POTENTIAL_DISTINCT_SEMANTICS,[],[],[],Preserved name-inferred target; known concrete sink witnesses retained. No runtime or authority proof is inferred from the name.,False,False,False
494,app/services/contextual_effective_configuration.py:_restore,app/services/fundamental_ranker_v2.py:FundamentalsV2Config.items,POTENTIAL_DISTINCT_SEMANTICS,[],[],[],Preserved name-inferred target; known concrete sink witnesses retained. No runtime or authority proof is inferred from the name.,False,False,False
495,app/services/contextual_effective_configuration.py:ceri_calculation_values,app/services/canonical_evidence.py:CanonicalEvidenceSerializer.dumps,POTENTIAL_DISTINCT_SEMANTICS,[],[],[],Preserved name-inferred target; known concrete sink witnesses retained. No runtime or authority proof is inferred from the name.,False,False,False
496,app/services/contextual_effective_configuration.py:resolve_ibmi_configuration,app/services/ib_market_intelligence/config.py:IBMarketIntelligenceConfig.section,POTENTIAL_DISTINCT_SEMANTICS,[],[],[],Preserved name-inferred target; known concrete sink witnesses retained. No runtime or authority proof is inferred from the name.,False,False,False
497,app/services/contextual_effective_configuration.py:resolve_sector_configuration,app/services/fundamental_ranker_v2.py:FundamentalsV2Config.items,POTENTIAL_DISTINCT_SEMANTICS,[],[],[],Preserved name-inferred target; known concrete sink witnesses retained. No runtime or authority proof is inferred from the name.,False,False,False
498,app/services/core_calculation_evidence.py:_advance_current_projection,scripts/profile_sec_performance.py:ProfilingSession.scalar,POTENTIAL_DISTINCT_SEMANTICS,[],[],[],Preserved name-inferred target; known concrete sink witnesses retained. No runtime or authority proof is inferred from the name.,False,False,False
499,app/services/core_calculation_evidence.py:get_current_evidence,scripts/profile_sec_performance.py:ProfilingSession.scalar,POTENTIAL_DISTINCT_SEMANTICS,[],[],[],Preserved name-inferred target; known concrete sink witnesses retained. No runtime or authority proof is inferred from the name.,False,False,False
5,app/observability/correlation.py:causality_scope,app/observability/metrics.py:PrometheusMetrics.reset,POTENTIAL_DISTINCT_SEMANTICS,[],[],[],Preserved name-inferred target; known concrete sink witnesses retained. No runtime or authority proof is inferred from the name.,False,False,False
50,app/observability/metrics.py:PrometheusMetrics.set_gauge,app/services/fundamental_ranker_v2.py:FundamentalsV2Config.items,POTENTIAL_DISTINCT_SEMANTICS,[],[],[],Preserved name-inferred target; known concrete sink witnesses retained. No runtime or authority proof is inferred from the name.,False,False,False
500,app/services/core_calculation_evidence.py:get_evidence_for_identity,scripts/qa/t13d_configuration_benchmark.py:RulePreload.scalars,POTENTIAL_DISTINCT_SEMANTICS,[],[],[],Preserved name-inferred target; known concrete sink witnesses retained. No runtime or authority proof is inferred from the name.,False,False,False
501,app/services/core_calculation_evidence.py:normalize_configuration_business_payload,app/services/fundamental_ranker_v2.py:FundamentalsV2Config.items,POTENTIAL_DISTINCT_SEMANTICS,[],[],[],Preserved name-inferred target; known concrete sink witnesses retained. No runtime or authority proof is inferred from the name.,False,False,False
502,app/services/core_calculation_evidence.py:persist_core_evidence,app/services/fundamental_ranker_v2.py:FundamentalsV2Config.items,POTENTIAL_DISTINCT_SEMANTICS,[],[],"[""EF_7fabc787dc6ffca2""]",Preserved name-inferred target; known concrete sink witnesses retained. No runtime or authority proof is inferred from the name.,False,False,False
503,app/services/core_calculation_evidence.py:persist_core_evidence,scripts/profile_sec_performance.py:ProfilingSession.scalar,POTENTIAL_DISTINCT_SEMANTICS,[],[],"[""EF_7fabc787dc6ffca2""]",Preserved name-inferred target; known concrete sink witnesses retained. No runtime or authority proof is inferred from the name.,False,False,False
504,app/services/core_effective_configuration.py:CoreEffectiveConfiguration.require_family,app/services/setup_lifecycle/signal_registry.py:SignalDefinitionRegistry.keys,POTENTIAL_DISTINCT_SEMANTICS,[],[],[],Preserved name-inferred target; known concrete sink witnesses retained. No runtime or authority proof is inferred from the name.,False,False,False
505,app/services/core_effective_configuration.py:_decode,app/services/fundamental_ranker_v2.py:FundamentalsV2Config.items,POTENTIAL_DISTINCT_SEMANTICS,[],[],[],Preserved name-inferred target; known concrete sink witnesses retained. No runtime or authority proof is inferred from the name.,False,False,False
506,app/services/csv_export.py:sanitize_csv_cell,app/services/canonical_evidence.py:CanonicalEvidenceSerializer.dumps,POTENTIAL_DISTINCT_SEMANTICS,[],[],[],Preserved name-inferred target; known concrete sink witnesses retained. No runtime or authority proof is inferred from the name.,False,False,False
507,app/services/csv_export.py:write_csv,app/services/ceri/observability.py:CeriMetricRegistry.increment,POTENTIAL_DISTINCT_SEMANTICS,[],[],[],Preserved name-inferred target; known concrete sink witnesses retained. No runtime or authority proof is inferred from the name.,False,False,False
508,app/services/decision_effective_configuration.py:_setup_values,app/services/canonical_evidence.py:CanonicalEvidenceSerializer.dumps,POTENTIAL_DISTINCT_SEMANTICS,[],[],[],Preserved name-inferred target; known concrete sink witnesses retained. No runtime or authority proof is inferred from the name.,False,False,False
509,app/services/decision_effective_configuration.py:freeze_decision_configuration,app/services/canonical_evidence.py:CanonicalEvidenceSerializer.dumps,POTENTIAL_DISTINCT_SEMANTICS,[],[],[],Preserved name-inferred target; known concrete sink witnesses retained. No runtime or authority proof is inferred from the name.,False,False,False
51,app/observability/metrics.py:PrometheusMetrics.total,app/services/fundamental_ranker_v2.py:FundamentalsV2Config.items,POTENTIAL_DISTINCT_SEMANTICS,[],[],[],Preserved name-inferred target; known concrete sink witnesses retained. No runtime or authority proof is inferred from the name.,False,False,False
510,app/services/decision_effective_configuration.py:resolve_ceri_decision_configuration,app/services/canonical_evidence.py:CanonicalEvidenceSerializer.dumps,POTENTIAL_DISTINCT_SEMANTICS,[],[],[],Preserved name-inferred target; known concrete sink witnesses retained. No runtime or authority proof is inferred from the name.,False,False,False
511,app/services/decision_effective_configuration.py:resolve_winner_configuration,app/services/canonical_evidence.py:CanonicalEvidenceSerializer.dumps,POTENTIAL_DISTINCT_SEMANTICS,[],[],[],Preserved name-inferred target; known concrete sink witnesses retained. No runtime or authority proof is inferred from the name.,False,False,False
512,app/services/decision_effective_configuration.py:winner_outcome_reference_configuration,app/services/decision_effective_configuration.py:DecisionEffectiveConfiguration._adapter_source,POTENTIAL_DISTINCT_SEMANTICS,[],[],[],Preserved name-inferred target; known concrete sink witnesses retained. No runtime or authority proof is inferred from the name.,False,False,False
513,app/services/decision_effective_configuration.py:winner_outcome_reference_configuration,app/services/decision_effective_configuration.py:DecisionEffectiveConfiguration._adapter_sources,POTENTIAL_DISTINCT_SEMANTICS,[],[],[],Preserved name-inferred target; known concrete sink witnesses retained. No runtime or authority proof is inferred from the name.,False,False,False
514,app/services/domain_mutation.py:validate_mutation_context,app/services/fundamental_ranker_v2.py:FundamentalsV2Config.items,POTENTIAL_DISTINCT_SEMANTICS,[],[],[],Preserved name-inferred target; known concrete sink witnesses retained. No runtime or authority proof is inferred from the name.,False,False,False
515,app/services/domain_write_fence.py:fence_domain_commits,app/observability/metrics.py:PrometheusMetrics.reset,POTENTIAL_DISTINCT_SEMANTICS,[],[],[],Preserved name-inferred target; known concrete sink witnesses retained. No runtime or authority proof is inferred from the name.,False,False,False
516,app/services/earnings_risk_service.py:_merged_config,app/services/fundamental_ranker_v2.py:FundamentalsV2Config.items,POTENTIAL_DISTINCT_SEMANTICS,[],[],[],Preserved name-inferred target; known concrete sink witnesses retained. No runtime or authority proof is inferred from the name.,False,False,False
517,app/services/effective_configuration.py:ConfigurationEntry.__init__,app/services/fundamental_ranker_v2.py:FundamentalsV2Config.items,POTENTIAL_DISTINCT_SEMANTICS,[],[],[],Preserved name-inferred target; known concrete sink witnesses retained. No runtime or authority proof is inferred from the name.,False,False,False
518,app/services/effective_configuration.py:_value,app/services/fundamental_ranker_v2.py:FundamentalsV2Config.items,POTENTIAL_DISTINCT_SEMANTICS,[],[],[],Preserved name-inferred target; known concrete sink witnesses retained. No runtime or authority proof is inferred from the name.,False,False,False
519,app/services/effective_configuration_families.py:resolve_ranking_profile,app/services/fundamental_ranker_v2.py:FundamentalsV2Config.items,POTENTIAL_DISTINCT_SEMANTICS,[],[],[],Preserved name-inferred target; known concrete sink witnesses retained. No runtime or authority proof is inferred from the name.,False,False,False
52,app/observability/resource_sampler.py:ResourceSampler.sample_once,app/observability/metrics.py:PrometheusMetrics.set_gauge,POTENTIAL_DISTINCT_SEMANTICS,[],[],[],Preserved name-inferred target; known concrete sink witnesses retained. No runtime or authority proof is inferred from the name.,False,False,False
520,app/services/effective_configuration_families.py:snapshot_regime_configuration,app/services/fundamental_ranker_v2.py:FundamentalsV2Config.items,POTENTIAL_DISTINCT_SEMANTICS,[],[],[],Preserved name-inferred target; known concrete sink witnesses retained. No runtime or authority proof is inferred from the name.,False,False,False
521,app/services/export_service.py:_raw_row,app/services/canonical_evidence.py:CanonicalEvidenceSerializer.dumps,POTENTIAL_DISTINCT_SEMANTICS,[],[],[],Preserved name-inferred target; known concrete sink witnesses retained. No runtime or authority proof is inferred from the name.,False,False,False
522,app/services/fundamental_coverage_service.py:_missing_by_priority,app/services/fundamental_ranker_v2.py:FundamentalsV2Config.items,POTENTIAL_DISTINCT_SEMANTICS,[],[],[],Preserved name-inferred target; known concrete sink witnesses retained. No runtime or authority proof is inferred from the name.,False,False,False
523,app/services/fundamental_coverage_service.py:calculate_coverage_v2,app/services/fundamental_ranker_v2.py:FundamentalsV2Config.items,POTENTIAL_DISTINCT_SEMANTICS,[],[],[],Preserved name-inferred target; known concrete sink witnesses retained. No runtime or authority proof is inferred from the name.,False,False,False
524,app/services/fundamental_ranker.py:_parse_diagnostics,app/services/fundamental_ranker_v2.py:FundamentalsV2Config.items,POTENTIAL_DISTINCT_SEMANTICS,[],[],[],Preserved name-inferred target; known concrete sink witnesses retained. No runtime or authority proof is inferred from the name.,False,False,False
525,app/services/fundamental_ranker.py:_weighted_score,app/services/fundamental_ranker_v2.py:FundamentalsV2Config.items,POTENTIAL_DISTINCT_SEMANTICS,[],[],[],Preserved name-inferred target; known concrete sink witnesses retained. No runtime or authority proof is inferred from the name.,False,False,False
526,app/services/fundamental_ranker.py:score_row,app/services/setup_lifecycle/signal_registry.py:SignalDefinitionRegistry.keys,POTENTIAL_DISTINCT_SEMANTICS,[],[],[],Preserved name-inferred target; known concrete sink witnesses retained. No runtime or authority proof is inferred from the name.,False,False,False
527,app/services/fundamental_ranker_v2.py:_validate_components,app/services/fundamental_ranker_v2.py:FundamentalsV2Config.items,POTENTIAL_DISTINCT_SEMANTICS,[],[],[],Preserved name-inferred target; known concrete sink witnesses retained. No runtime or authority proof is inferred from the name.,False,False,False
528,app/services/fundamental_ranker_v2.py:_validate_field_priorities,app/services/fundamental_ranker_v2.py:FundamentalsV2Config.items,POTENTIAL_DISTINCT_SEMANTICS,[],[],[],Preserved name-inferred target; known concrete sink witnesses retained. No runtime or authority proof is inferred from the name.,False,False,False
529,app/services/fundamental_ranker_v2.py:_validate_missing_data,app/services/fundamental_ranker_v2.py:FundamentalsV2Config.items,POTENTIAL_DISTINCT_SEMANTICS,[],[],[],Preserved name-inferred target; known concrete sink witnesses retained. No runtime or authority proof is inferred from the name.,False,False,False
53,app/observability/resource_sampler.py:ResourceSampler.sample_once.cpu_sample,app/observability/metrics.py:PrometheusMetrics.set_gauge,POTENTIAL_DISTINCT_SEMANTICS,[],[],[],Preserved name-inferred target; known concrete sink witnesses retained. No runtime or authority proof is inferred from the name.,False,False,False
530,app/services/fundamental_ranker_v2.py:_validate_thresholds,app/services/fundamental_ranker_v2.py:FundamentalsV2Config.items,POTENTIAL_DISTINCT_SEMANTICS,[],[],[],Preserved name-inferred target; known concrete sink witnesses retained. No runtime or authority proof is inferred from the name.,False,False,False
531,app/services/fundamental_ranker_v2.py:_validate_weights,app/services/fundamental_ranker_v2.py:FundamentalsV2Config.items,POTENTIAL_DISTINCT_SEMANTICS,[],[],[],Preserved name-inferred target; known concrete sink witnesses retained. No runtime or authority proof is inferred from the name.,False,False,False
532,app/services/fundamental_ranker_v2.py:_weighted_score,app/services/fundamental_ranker_v2.py:FundamentalsV2Config.items,POTENTIAL_DISTINCT_SEMANTICS,[],[],[],Preserved name-inferred target; known concrete sink witnesses retained. No runtime or authority proof is inferred from the name.,False,False,False
533,app/services/fundamental_ranker_v2.py:fundamentals_v2_config_hash,app/services/canonical_evidence.py:CanonicalEvidenceSerializer.dumps,POTENTIAL_DISTINCT_SEMANTICS,[],[],[],Preserved name-inferred target; known concrete sink witnesses retained. No runtime or authority proof is inferred from the name.,False,False,False
534,app/services/fundamental_ranker_v2.py:score_row_v2,app/services/setup_lifecycle/signal_registry.py:SignalDefinitionRegistry.keys,POTENTIAL_DISTINCT_SEMANTICS,[],[],[],Preserved name-inferred target; known concrete sink witnesses retained. No runtime or authority proof is inferred from the name.,False,False,False
535,app/services/fundamental_score_service.py:recalculate_run_fundamentals,app/services/fundamental_ranker_v2.py:FundamentalsV2Config.items,POTENTIAL_DISTINCT_SEMANTICS,[],[],"[""EF_e90cea98144e2940""]",Preserved name-inferred target; known concrete sink witnesses retained. No runtime or authority proof is inferred from the name.,False,False,False
536,app/services/fundamental_score_service.py:recalculate_run_fundamentals,scripts/certify_technical_artifact_cache.py:main.SinkDb.add_all,POTENTIAL_DISTINCT_SEMANTICS,[],[],"[""EF_e90cea98144e2940""]",Preserved name-inferred target; known concrete sink witnesses retained. No runtime or authority proof is inferred from the name.,False,False,False
537,app/services/fundamental_score_service.py:recalculate_run_fundamentals,scripts/qa/t13d_configuration_benchmark.py:RulePreload.scalars,POTENTIAL_DISTINCT_SEMANTICS,[],[],"[""EF_e90cea98144e2940""]",Preserved name-inferred target; known concrete sink witnesses retained. No runtime or authority proof is inferred from the name.,False,False,False
538,app/services/ib_contract_resolver.py:resolve_us_stock_contract,scripts/profile_sec_performance.py:ProfilingSession.scalar,POTENTIAL_DISTINCT_SEMANTICS,[],[],"[""EF_919b08f9bc6d4b63""]",Preserved name-inferred target; known concrete sink witnesses retained. No runtime or authority proof is inferred from the name.,False,False,False
539,app/services/ib_fetch_executor.py:_execute_plan_item,app/services/ceri/observability.py:CeriMetricRegistry.increment,POTENTIAL_DISTINCT_SEMANTICS,[],[],[],Preserved name-inferred target; known concrete sink witnesses retained. No runtime or authority proof is inferred from the name.,False,False,False
54,app/observability/resource_sampler.py:ResourceSampler.sample_once.memory_sample,app/observability/metrics.py:PrometheusMetrics.set_gauge,POTENTIAL_DISTINCT_SEMANTICS,[],[],[],Preserved name-inferred target; known concrete sink witnesses retained. No runtime or authority proof is inferred from the name.,False,False,False
540,app/services/ib_fetch_executor.py:_execute_plan_item,app/services/ceri/observability.py:CeriMetricRegistry.observe,POTENTIAL_DISTINCT_SEMANTICS,[],[],[],Preserved name-inferred target; known concrete sink witnesses retained. No runtime or authority proof is inferred from the name.,False,False,False
541,app/services/ib_fetch_executor.py:_existing_fetch_item,scripts/profile_sec_performance.py:ProfilingSession.scalar,POTENTIAL_DISTINCT_SEMANTICS,[],[],[],Preserved name-inferred target; known concrete sink witnesses retained. No runtime or authority proof is inferred from the name.,False,False,False
542,app/services/ib_fetch_executor.py:_open_historical_circuit,app/services/ceri/observability.py:CeriMetricRegistry.increment,POTENTIAL_DISTINCT_SEMANTICS,[],[],[],Preserved name-inferred target; known concrete sink witnesses retained. No runtime or authority proof is inferred from the name.,False,False,False
543,app/services/ib_fetch_executor.py:_record_historical_failure,app/services/ceri/observability.py:CeriMetricRegistry.increment,POTENTIAL_DISTINCT_SEMANTICS,[],[],[],Preserved name-inferred target; known concrete sink witnesses retained. No runtime or authority proof is inferred from the name.,False,False,False
544,app/services/ib_fetch_executor.py:_record_retry_scheduled,app/services/ceri/observability.py:CeriMetricRegistry.increment,POTENTIAL_DISTINCT_SEMANTICS,[],[],[],Preserved name-inferred target; known concrete sink witnesses retained. No runtime or authority proof is inferred from the name.,False,False,False
545,app/services/ib_fetch_executor.py:_record_ticker_completion,app/services/ceri/observability.py:CeriMetricRegistry.increment,POTENTIAL_DISTINCT_SEMANTICS,[],[],[],Preserved name-inferred target; known concrete sink witnesses retained. No runtime or authority proof is inferred from the name.,False,False,False
546,app/services/ib_fetch_executor.py:_start_fetch_run,scripts/profile_sec_performance.py:ProfilingSession.scalar,POTENTIAL_DISTINCT_SEMANTICS,[],[],[],Preserved name-inferred target; known concrete sink witnesses retained. No runtime or authority proof is inferred from the name.,False,False,False
547,app/services/ib_fetch_executor.py:execute_fetch_plan,app/services/ceri/observability.py:CeriMetricRegistry.increment,POTENTIAL_DISTINCT_SEMANTICS,[],[],"[""EF_fbcb7015c3527f14""]",Preserved name-inferred target; known concrete sink witnesses retained. No runtime or authority proof is inferred from the name.,False,False,False
548,app/services/ib_fetch_executor.py:execute_fetch_plan,app/services/ceri/observability.py:CeriMetricRegistry.observe,POTENTIAL_DISTINCT_SEMANTICS,[],[],"[""EF_fbcb7015c3527f14""]",Preserved name-inferred target; known concrete sink witnesses retained. No runtime or authority proof is inferred from the name.,False,False,False
549,app/services/ib_fetch_executor.py:execute_fetch_plan,app/services/fundamental_ranker_v2.py:FundamentalsV2Config.items,POTENTIAL_DISTINCT_SEMANTICS,[],[],"[""EF_fbcb7015c3527f14""]",Preserved name-inferred target; known concrete sink witnesses retained. No runtime or authority proof is inferred from the name.,False,False,False
55,app/observability/resource_sampler.py:SystemMetricsCollector._database_size,app/observability/metrics.py:PrometheusMetrics.set_gauge,POTENTIAL_DISTINCT_SEMANTICS,[],[],[],Preserved name-inferred target; known concrete sink witnesses retained. No runtime or authority proof is inferred from the name.,False,False,False
550,app/services/ib_fetch_job_service.py:_load_fetch_run,scripts/profile_sec_performance.py:ProfilingSession.scalar,POTENTIAL_DISTINCT_SEMANTICS,[],[],[],Preserved name-inferred target; known concrete sink witnesses retained. No runtime or authority proof is inferred from the name.,False,False,False
551,app/services/ib_fetch_job_service.py:_ticker_progress,app/services/fundamental_ranker_v2.py:FundamentalsV2Config.items,POTENTIAL_DISTINCT_SEMANTICS,[],[],[],Preserved name-inferred target; known concrete sink witnesses retained. No runtime or authority proof is inferred from the name.,False,False,False
552,app/services/ib_fetch_job_service.py:execute_durable_fetch_job.memory_probe,app/observability/metrics.py:PrometheusMetrics.set_gauge,POTENTIAL_DISTINCT_SEMANTICS,[],[],[],Preserved name-inferred target; known concrete sink witnesses retained. No runtime or authority proof is inferred from the name.,False,False,False
553,app/services/ib_fetch_plan_service.py:_completed_full_backfills,scripts/qa/t13d_configuration_benchmark.py:EmptyRuleRows.all,POTENTIAL_DISTINCT_SEMANTICS,[],[],[],Preserved name-inferred target; known concrete sink witnesses retained. No runtime or authority proof is inferred from the name.,False,False,False
554,app/services/ib_fetch_plan_service.py:_contract_statuses,scripts/qa/t13d_configuration_benchmark.py:EmptyRuleRows.all,POTENTIAL_DISTINCT_SEMANTICS,[],[],[],Preserved name-inferred target; known concrete sink witnesses retained. No runtime or authority proof is inferred from the name.,False,False,False
555,app/services/ib_fetch_plan_service.py:build_fetch_plan,app/services/fundamental_ranker_v2.py:FundamentalsV2Config.items,POTENTIAL_DISTINCT_SEMANTICS,[],[],[],Preserved name-inferred target; known concrete sink witnesses retained. No runtime or authority proof is inferred from the name.,False,False,False
556,app/services/ib_fetch_recovery_service.py:_hash_without_manifest_hash,app/services/fundamental_ranker_v2.py:FundamentalsV2Config.items,POTENTIAL_DISTINCT_SEMANTICS,[],[],[],Preserved name-inferred target; known concrete sink witnesses retained. No runtime or authority proof is inferred from the name.,False,False,False
557,app/services/ib_fetch_recovery_service.py:apply_interrupted_canary_finalization,app/services/fundamental_ranker_v2.py:FundamentalsV2Config.items,POTENTIAL_DISTINCT_SEMANTICS,[],[],[],Preserved name-inferred target; known concrete sink witnesses retained. No runtime or authority proof is inferred from the name.,False,False,False
558,app/services/ib_fetch_recovery_service.py:apply_interrupted_canary_finalization,scripts/profile_sec_performance.py:ProfilingSession.scalar,POTENTIAL_DISTINCT_SEMANTICS,[],[],[],Preserved name-inferred target; known concrete sink witnesses retained. No runtime or authority proof is inferred from the name.,False,False,False
559,app/services/ib_fetch_recovery_service.py:apply_interrupted_canary_finalization,scripts/qa/t13d_configuration_benchmark.py:RulePreload.scalars,POTENTIAL_DISTINCT_SEMANTICS,[],[],[],Preserved name-inferred target; known concrete sink witnesses retained. No runtime or authority proof is inferred from the name.,False,False,False
56,app/observability/resource_sampler.py:SystemMetricsCollector._database_size,scripts/profile_sec_performance.py:ProfilingSession.scalar,POTENTIAL_DISTINCT_SEMANTICS,[],[],[],Preserved name-inferred target; known concrete sink witnesses retained. No runtime or authority proof is inferred from the name.,False,False,False
560,app/services/ib_fetch_recovery_service.py:build_interrupted_canary_finalization_manifest,scripts/qa/t13d_configuration_benchmark.py:RulePreload.scalars,POTENTIAL_DISTINCT_SEMANTICS,[],[],[],Preserved name-inferred target; known concrete sink witnesses retained. No runtime or authority proof is inferred from the name.,False,False,False
561,app/services/ib_fetch_summary_service.py:latest_ib_fetch_for_run,scripts/profile_sec_performance.py:ProfilingSession.scalar,POTENTIAL_DISTINCT_SEMANTICS,[],[],[],Preserved name-inferred target; known concrete sink witnesses retained. No runtime or authority proof is inferred from the name.,False,False,False
562,app/services/ib_gateway_launcher.py:launch_gateway,app/services/ceri/effective_session_service.py:CeriEffectiveSessionService.resolve,POTENTIAL_DISTINCT_SEMANTICS,[],[],[],Preserved name-inferred target; known concrete sink witnesses retained. No runtime or authority proof is inferred from the name.,False,False,False
563,app/services/ib_historical_request_scope.py:HistoricalRequestScope.to_dict,app/services/fundamental_ranker_v2.py:FundamentalsV2Config.items,POTENTIAL_DISTINCT_SEMANTICS,[],[],[],Preserved name-inferred target; known concrete sink witnesses retained. No runtime or authority proof is inferred from the name.,False,False,False
564,app/services/ib_market_intelligence/adapters.py:IBLiveSnapshotManager._capture_once,app/services/ib_market_intelligence/orchestration.py:execute_flex_import.guard,POTENTIAL_DISTINCT_SEMANTICS,[],[],[],Preserved name-inferred target; known concrete sink witnesses retained. No runtime or authority proof is inferred from the name.,False,False,False
565,app/services/ib_market_intelligence/adapters.py:IBLiveSnapshotManager._capture_once,app/services/setup_lifecycle/signal_registry.py:SignalDefinitionRegistry.keys,POTENTIAL_DISTINCT_SEMANTICS,[],[],[],Preserved name-inferred target; known concrete sink witnesses retained. No runtime or authority proof is inferred from the name.,False,False,False
566,app/services/ib_market_intelligence/adapters.py:IBLiveSnapshotManager.capture,app/services/ib_market_intelligence/orchestration.py:execute_flex_import.guard,POTENTIAL_DISTINCT_SEMANTICS,[],[],[],Preserved name-inferred target; known concrete sink witnesses retained. No runtime or authority proof is inferred from the name.,False,False,False
567,app/services/ib_market_intelligence/adapters.py:_semaphore_slot,app/services/ib_market_intelligence/request_budget.py:WeightedWindowBudget.acquire,POTENTIAL_DISTINCT_SEMANTICS,[],[],[],Preserved name-inferred target; known concrete sink witnesses retained. No runtime or authority proof is inferred from the name.,False,False,False
568,app/services/ib_market_intelligence/config.py:secret_safe_ibmi_config_hash.nonsecret,app/services/fundamental_ranker_v2.py:FundamentalsV2Config.items,POTENTIAL_DISTINCT_SEMANTICS,[],[],[],Preserved name-inferred target; known concrete sink witnesses retained. No runtime or authority proof is inferred from the name.,False,False,False
569,app/services/ib_market_intelligence/decision_evidence.py:_price_state,scripts/profile_sec_performance.py:ProfilingSession.scalar,POTENTIAL_DISTINCT_SEMANTICS,[],[],[],Preserved name-inferred target; known concrete sink witnesses retained. No runtime or authority proof is inferred from the name.,False,False,False
57,app/observability/resource_sampler.py:SystemMetricsCollector._db_monitor,app/observability/metrics.py:PrometheusMetrics.set_gauge,POTENTIAL_DISTINCT_SEMANTICS,[],[],[],Preserved name-inferred target; known concrete sink witnesses retained. No runtime or authority proof is inferred from the name.,False,False,False
570,app/services/ib_market_intelligence/decision_evidence.py:build_ibmi_constituent_manifest,scripts/profile_sec_performance.py:ProfilingSession.scalar,POTENTIAL_DISTINCT_SEMANTICS,[],[],[],Preserved name-inferred target; known concrete sink witnesses retained. No runtime or authority proof is inferred from the name.,False,False,False
571,app/services/ib_market_intelligence/decision_evidence.py:persist_ibmi_feature_evidence,app/services/core_effective_configuration.py:CoreEffectiveConfiguration.bind,POTENTIAL_DISTINCT_SEMANTICS,[],[],"[""EF_053db506b2540635""]",Preserved name-inferred target; known concrete sink witnesses retained. No runtime or authority proof is inferred from the name.,False,False,False
572,app/services/ib_market_intelligence/evidence_hash.py:canonical_json,app/services/canonical_evidence.py:CanonicalEvidenceSerializer.dumps,POTENTIAL_DISTINCT_SEMANTICS,[],[],[],Preserved name-inferred target; known concrete sink witnesses retained. No runtime or authority proof is inferred from the name.,False,False,False
573,app/services/ib_market_intelligence/flex.py:_normalize_execution,app/services/fundamental_ranker_v2.py:FundamentalsV2Config.items,POTENTIAL_DISTINCT_SEMANTICS,[],[],[],Preserved name-inferred target; known concrete sink witnesses retained. No runtime or authority proof is inferred from the name.,False,False,False
574,app/services/ib_market_intelligence/flex.py:import_flex_report,scripts/profile_sec_performance.py:ProfilingSession.scalar,POTENTIAL_DISTINCT_SEMANTICS,[],[],"[""EF_5f39587263ee923e""]",Preserved name-inferred target; known concrete sink witnesses retained. No runtime or authority proof is inferred from the name.,False,False,False
575,app/services/ib_market_intelligence/journal.py:_serving_winner_estimate,scripts/profile_sec_performance.py:ProfilingSession.scalar,POTENTIAL_DISTINCT_SEMANTICS,[],[],[],Preserved name-inferred target; known concrete sink witnesses retained. No runtime or authority proof is inferred from the name.,False,False,False
576,app/services/ib_market_intelligence/journal.py:construct_trade_episodes,app/services/fundamental_ranker_v2.py:FundamentalsV2Config.items,POTENTIAL_DISTINCT_SEMANTICS,[],[],[],Preserved name-inferred target; known concrete sink witnesses retained. No runtime or authority proof is inferred from the name.,False,False,False
577,app/services/ib_market_intelligence/journal.py:journal_analytics,app/services/fundamental_ranker_v2.py:FundamentalsV2Config.items,POTENTIAL_DISTINCT_SEMANTICS,[],[],[],Preserved name-inferred target; known concrete sink witnesses retained. No runtime or authority proof is inferred from the name.,False,False,False
578,app/services/ib_market_intelligence/journal.py:journal_analytics,scripts/qa/t13d_configuration_benchmark.py:EmptyRuleRows.all,POTENTIAL_DISTINCT_SEMANTICS,[],[],[],Preserved name-inferred target; known concrete sink witnesses retained. No runtime or authority proof is inferred from the name.,False,False,False
579,app/services/ib_market_intelligence/journal.py:journal_analytics,scripts/qa/t13d_configuration_benchmark.py:RulePreload.scalars,POTENTIAL_DISTINCT_SEMANTICS,[],[],[],Preserved name-inferred target; known concrete sink witnesses retained. No runtime or authority proof is inferred from the name.,False,False,False
58,app/observability/resource_sampler.py:SystemMetricsCollector._disk_space,app/observability/metrics.py:PrometheusMetrics.set_gauge,POTENTIAL_DISTINCT_SEMANTICS,[],[],[],Preserved name-inferred target; known concrete sink witnesses retained. No runtime or authority proof is inferred from the name.,False,False,False
580,app/services/ib_market_intelligence/journal.py:match_episode_to_research,scripts/profile_sec_performance.py:ProfilingSession.scalar,POTENTIAL_DISTINCT_SEMANTICS,[],[],"[""EF_b29864373e3407c6""]",Preserved name-inferred target; known concrete sink witnesses retained. No runtime or authority proof is inferred from the name.,False,False,False
581,app/services/ib_market_intelligence/journal.py:match_episode_to_research,scripts/qa/t13d_configuration_benchmark.py:EmptyRuleRows.all,POTENTIAL_DISTINCT_SEMANTICS,[],[],"[""EF_b29864373e3407c6""]",Preserved name-inferred target; known concrete sink witnesses retained. No runtime or authority proof is inferred from the name.,False,False,False
582,app/services/ib_market_intelligence/journal.py:rebuild_trade_episodes,app/services/fundamental_ranker_v2.py:FundamentalsV2Config.items,POTENTIAL_DISTINCT_SEMANTICS,[],[],"[""EF_3392d180c1a8d378""]",Preserved name-inferred target; known concrete sink witnesses retained. No runtime or authority proof is inferred from the name.,False,False,False
583,app/services/ib_market_intelligence/journal.py:rebuild_trade_episodes,scripts/qa/t13d_configuration_benchmark.py:EmptyRuleRows.all,POTENTIAL_DISTINCT_SEMANTICS,[],[],"[""EF_3392d180c1a8d378""]",Preserved name-inferred target; known concrete sink witnesses retained. No runtime or authority proof is inferred from the name.,False,False,False
584,app/services/ib_market_intelligence/journal.py:rebuild_trade_episodes,scripts/qa/t13d_configuration_benchmark.py:RulePreload.scalars,POTENTIAL_DISTINCT_SEMANTICS,[],[],"[""EF_3392d180c1a8d378""]",Preserved name-inferred target; known concrete sink witnesses retained. No runtime or authority proof is inferred from the name.,False,False,False
585,app/services/ib_market_intelligence/orchestration.py:_activity_imported_today,scripts/profile_sec_performance.py:ProfilingSession.scalar,POTENTIAL_DISTINCT_SEMANTICS,[],[],[],Preserved name-inferred target; known concrete sink witnesses retained. No runtime or authority proof is inferred from the name.,False,False,False
586,app/services/ib_market_intelligence/orchestration.py:_latest_close_row,scripts/qa/t13d_configuration_benchmark.py:RulePreload.scalars,POTENTIAL_DISTINCT_SEMANTICS,[],[],[],Preserved name-inferred target; known concrete sink witnesses retained. No runtime or authority proof is inferred from the name.,False,False,False
587,app/services/ib_market_intelligence/orchestration.py:_latest_historical_availability_observation,scripts/profile_sec_performance.py:ProfilingSession.scalar,POTENTIAL_DISTINCT_SEMANTICS,[],[],[],Preserved name-inferred target; known concrete sink witnesses retained. No runtime or authority proof is inferred from the name.,False,False,False
588,app/services/ib_market_intelligence/orchestration.py:_latest_snapshot,scripts/qa/t13d_configuration_benchmark.py:EmptyRuleRows.all,POTENTIAL_DISTINCT_SEMANTICS,[],[],[],Preserved name-inferred target; known concrete sink witnesses retained. No runtime or authority proof is inferred from the name.,False,False,False
589,app/services/ib_market_intelligence/orchestration.py:_latest_snapshot,scripts/qa/t13d_configuration_benchmark.py:RulePreload.scalars,POTENTIAL_DISTINCT_SEMANTICS,[],[],[],Preserved name-inferred target; known concrete sink witnesses retained. No runtime or authority proof is inferred from the name.,False,False,False
59,app/observability/resource_sampler.py:SystemMetricsCollector._disk_space,app/services/ceri/effective_session_service.py:CeriEffectiveSessionService.resolve,POTENTIAL_DISTINCT_SEMANTICS,[],[],[],Preserved name-inferred target; known concrete sink witnesses retained. No runtime or authority proof is inferred from the name.,False,False,False
590,app/services/ib_market_intelligence/orchestration.py:_liquidity_price_constituents,app/services/fundamental_ranker_v2.py:FundamentalsV2Config.items,POTENTIAL_DISTINCT_SEMANTICS,[],[],[],Preserved name-inferred target; known concrete sink witnesses retained. No runtime or authority proof is inferred from the name.,False,False,False
591,app/services/ib_market_intelligence/orchestration.py:_liquidity_price_constituents,scripts/qa/t13d_configuration_benchmark.py:RulePreload.scalars,POTENTIAL_DISTINCT_SEMANTICS,[],[],[],Preserved name-inferred target; known concrete sink witnesses retained. No runtime or authority proof is inferred from the name.,False,False,False
592,app/services/ib_market_intelligence/orchestration.py:_metric_bars,scripts/qa/t13d_configuration_benchmark.py:EmptyRuleRows.all,POTENTIAL_DISTINCT_SEMANTICS,[],[],[],Preserved name-inferred target; known concrete sink witnesses retained. No runtime or authority proof is inferred from the name.,False,False,False
593,app/services/ib_market_intelligence/orchestration.py:_metric_bars,scripts/qa/t13d_configuration_benchmark.py:RulePreload.scalars,POTENTIAL_DISTINCT_SEMANTICS,[],[],[],Preserved name-inferred target; known concrete sink witnesses retained. No runtime or authority proof is inferred from the name.,False,False,False
594,app/services/ib_market_intelligence/orchestration.py:_public_checkpoint,app/services/fundamental_ranker_v2.py:FundamentalsV2Config.items,POTENTIAL_DISTINCT_SEMANTICS,[],[],[],Preserved name-inferred target; known concrete sink witnesses retained. No runtime or authority proof is inferred from the name.,False,False,False
595,app/services/ib_market_intelligence/orchestration.py:_rebuild_ticker_feature_impl,app/services/contextual_effective_configuration.py:ContextualEffectiveConfiguration.ibmi_config,POTENTIAL_DISTINCT_SEMANTICS,[],[],[],Preserved name-inferred target; known concrete sink witnesses retained. No runtime or authority proof is inferred from the name.,False,False,False
596,app/services/ib_market_intelligence/orchestration.py:_rebuild_ticker_feature_impl,app/services/core_effective_configuration.py:CoreEffectiveConfiguration.require_retry_identity,POTENTIAL_DISTINCT_SEMANTICS,[],[],[],Preserved name-inferred target; known concrete sink witnesses retained. No runtime or authority proof is inferred from the name.,False,False,False
597,app/services/ib_market_intelligence/orchestration.py:_shortable_share_snapshots,scripts/qa/t13d_configuration_benchmark.py:EmptyRuleRows.all,POTENTIAL_DISTINCT_SEMANTICS,[],[],[],Preserved name-inferred target; known concrete sink witnesses retained. No runtime or authority proof is inferred from the name.,False,False,False
598,app/services/ib_market_intelligence/orchestration.py:_shortable_share_snapshots,scripts/qa/t13d_configuration_benchmark.py:RulePreload.scalars,POTENTIAL_DISTINCT_SEMANTICS,[],[],[],Preserved name-inferred target; known concrete sink witnesses retained. No runtime or authority proof is inferred from the name.,False,False,False
599,app/services/ib_market_intelligence/orchestration.py:_start_run,app/services/fundamental_ranker_v2.py:FundamentalsV2Config.items,POTENTIAL_DISTINCT_SEMANTICS,[],[],[],Preserved name-inferred target; known concrete sink witnesses retained. No runtime or authority proof is inferred from the name.,False,False,False
6,app/observability/db_monitor.py:DatabaseMonitor._capture,app/observability/db_monitor.py:SqlSummary.add_sql,POTENTIAL_DISTINCT_SEMANTICS,[],[],[],Preserved name-inferred target; known concrete sink witnesses retained. No runtime or authority proof is inferred from the name.,False,False,False
60,app/observability/resource_sampler.py:SystemMetricsCollector._disk_space,app/services/fundamental_ranker_v2.py:FundamentalsV2Config.items,POTENTIAL_DISTINCT_SEMANTICS,[],[],[],Preserved name-inferred target; known concrete sink witnesses retained. No runtime or authority proof is inferred from the name.,False,False,False
600,app/services/ib_market_intelligence/orchestration.py:execute_flex_import,app/services/ib_market_intelligence/config.py:IBMarketIntelligenceConfig.section,POTENTIAL_DISTINCT_SEMANTICS,[],[],"[""EF_ac7c37fdb3ecd56c""]",Preserved name-inferred target; known concrete sink witnesses retained. No runtime or authority proof is inferred from the name.,False,False,False
601,app/services/ib_market_intelligence/orchestration.py:execute_flex_import,app/services/ib_market_intelligence/flex.py:IBFlexClient.download,POTENTIAL_DISTINCT_SEMANTICS,[],[],"[""EF_ac7c37fdb3ecd56c""]",Preserved name-inferred target; known concrete sink witnesses retained. No runtime or authority proof is inferred from the name.,False,False,False
602,app/services/ib_market_intelligence/orchestration.py:execute_histogram_fetch,app/services/ib_market_intelligence/config.py:IBMarketIntelligenceConfig.section,POTENTIAL_DISTINCT_SEMANTICS,[],[],"[""EF_ad6df420db64c51c""]",Preserved name-inferred target; known concrete sink witnesses retained. No runtime or authority proof is inferred from the name.,False,False,False
603,app/services/ib_market_intelligence/orchestration.py:execute_histogram_fetch,scripts/qa/t13d_configuration_benchmark.py:RulePreload.scalars,POTENTIAL_DISTINCT_SEMANTICS,[],[],"[""EF_ad6df420db64c51c""]",Preserved name-inferred target; known concrete sink witnesses retained. No runtime or authority proof is inferred from the name.,False,False,False
604,app/services/ib_market_intelligence/orchestration.py:execute_scanner_run,scripts/profile_sec_performance.py:ProfilingSession.scalar,POTENTIAL_DISTINCT_SEMANTICS,[],[],"[""EF_fa5141b1061baaf2""]",Preserved name-inferred target; known concrete sink witnesses retained. No runtime or authority proof is inferred from the name.,False,False,False
605,app/services/ib_market_intelligence/query_service.py:histogram_detail,scripts/profile_sec_performance.py:ProfilingSession.scalar,POTENTIAL_DISTINCT_SEMANTICS,[],[],[],Preserved name-inferred target; known concrete sink witnesses retained. No runtime or authority proof is inferred from the name.,False,False,False
606,app/services/ib_market_intelligence/query_service.py:histogram_detail,scripts/qa/t13d_configuration_benchmark.py:EmptyRuleRows.all,POTENTIAL_DISTINCT_SEMANTICS,[],[],[],Preserved name-inferred target; known concrete sink witnesses retained. No runtime or authority proof is inferred from the name.,False,False,False
607,app/services/ib_market_intelligence/query_service.py:histogram_detail,scripts/qa/t13d_configuration_benchmark.py:RulePreload.scalars,POTENTIAL_DISTINCT_SEMANTICS,[],[],[],Preserved name-inferred target; known concrete sink witnesses retained. No runtime or authority proof is inferred from the name.,False,False,False
608,app/services/ib_market_intelligence/query_service.py:latest_features,scripts/qa/t13d_configuration_benchmark.py:EmptyRuleRows.all,POTENTIAL_DISTINCT_SEMANTICS,[],[],[],Preserved name-inferred target; known concrete sink witnesses retained. No runtime or authority proof is inferred from the name.,False,False,False
609,app/services/ib_market_intelligence/query_service.py:latest_features,scripts/qa/t13d_configuration_benchmark.py:RulePreload.scalars,POTENTIAL_DISTINCT_SEMANTICS,[],[],[],Preserved name-inferred target; known concrete sink witnesses retained. No runtime or authority proof is inferred from the name.,False,False,False
61,app/observability/resource_sampler.py:SystemMetricsCollector._lifecycle_control,app/observability/metrics.py:PrometheusMetrics.increment,POTENTIAL_DISTINCT_SEMANTICS,[],[],[],Preserved name-inferred target; known concrete sink witnesses retained. No runtime or authority proof is inferred from the name.,False,False,False
610,app/services/ib_market_intelligence/query_service.py:operations,app/observability/metrics.py:PrometheusMetrics.samples,POTENTIAL_DISTINCT_SEMANTICS,[],[],[],Preserved name-inferred target; known concrete sink witnesses retained. No runtime or authority proof is inferred from the name.,False,False,False
611,app/services/ib_market_intelligence/query_service.py:operations,app/services/ib_market_intelligence/request_budget.py:IBRequestBudget.observability,POTENTIAL_DISTINCT_SEMANTICS,[],[],[],Preserved name-inferred target; known concrete sink witnesses retained. No runtime or authority proof is inferred from the name.,False,False,False
612,app/services/ib_market_intelligence/query_service.py:operations,scripts/qa/t13d_configuration_benchmark.py:EmptyRuleRows.all,POTENTIAL_DISTINCT_SEMANTICS,[],[],[],Preserved name-inferred target; known concrete sink witnesses retained. No runtime or authority proof is inferred from the name.,False,False,False
613,app/services/ib_market_intelligence/query_service.py:operations,scripts/qa/t13d_configuration_benchmark.py:RulePreload.scalars,POTENTIAL_DISTINCT_SEMANTICS,[],[],[],Preserved name-inferred target; known concrete sink witnesses retained. No runtime or authority proof is inferred from the name.,False,False,False
614,app/services/ib_market_intelligence/query_service.py:overview,scripts/profile_sec_performance.py:ProfilingSession.scalar,POTENTIAL_DISTINCT_SEMANTICS,[],[],[],Preserved name-inferred target; known concrete sink witnesses retained. No runtime or authority proof is inferred from the name.,False,False,False
615,app/services/ib_market_intelligence/query_service.py:scanner_runs,scripts/qa/t13d_configuration_benchmark.py:EmptyRuleRows.all,POTENTIAL_DISTINCT_SEMANTICS,[],[],[],Preserved name-inferred target; known concrete sink witnesses retained. No runtime or authority proof is inferred from the name.,False,False,False
616,app/services/ib_market_intelligence/query_service.py:scanner_runs,scripts/qa/t13d_configuration_benchmark.py:RulePreload.scalars,POTENTIAL_DISTINCT_SEMANTICS,[],[],[],Preserved name-inferred target; known concrete sink witnesses retained. No runtime or authority proof is inferred from the name.,False,False,False
617,app/services/ib_market_intelligence/query_service.py:trade_journal,scripts/qa/t13d_configuration_benchmark.py:EmptyRuleRows.all,POTENTIAL_DISTINCT_SEMANTICS,[],[],[],Preserved name-inferred target; known concrete sink witnesses retained. No runtime or authority proof is inferred from the name.,False,False,False
618,app/services/ib_market_intelligence/query_service.py:trade_journal,scripts/qa/t13d_configuration_benchmark.py:RulePreload.scalars,POTENTIAL_DISTINCT_SEMANTICS,[],[],[],Preserved name-inferred target; known concrete sink witnesses retained. No runtime or authority proof is inferred from the name.,False,False,False
619,app/services/ib_market_intelligence/repository.py:persist_feature,scripts/profile_sec_performance.py:ProfilingSession.scalar,POTENTIAL_DISTINCT_SEMANTICS,[],[],"[""EF_8971757daefc9594""]",Preserved name-inferred target; known concrete sink witnesses retained. No runtime or authority proof is inferred from the name.,False,False,False
62,app/observability/resource_sampler.py:SystemMetricsCollector._lifecycle_control,app/observability/metrics.py:PrometheusMetrics.set_gauge,POTENTIAL_DISTINCT_SEMANTICS,[],[],[],Preserved name-inferred target; known concrete sink witnesses retained. No runtime or authority proof is inferred from the name.,False,False,False
620,app/services/ib_market_intelligence/repository.py:persist_historical_metric_bar,scripts/profile_sec_performance.py:ProfilingSession.scalar,POTENTIAL_DISTINCT_SEMANTICS,[],[],"[""EF_812da22fe41fbcba""]",Preserved name-inferred target; known concrete sink witnesses retained. No runtime or authority proof is inferred from the name.,False,False,False
621,app/services/ib_market_intelligence/repository.py:persist_live_snapshot,scripts/profile_sec_performance.py:ProfilingSession.scalar,POTENTIAL_DISTINCT_SEMANTICS,[],[],"[""EF_be226eaac46d1ab2""]",Preserved name-inferred target; known concrete sink witnesses retained. No runtime or authority proof is inferred from the name.,False,False,False
622,app/services/ib_market_intelligence/repository.py:project_historical_metric_rows_as_of,scripts/qa/t13d_configuration_benchmark.py:RulePreload.scalars,POTENTIAL_DISTINCT_SEMANTICS,[],[],[],Preserved name-inferred target; known concrete sink witnesses retained. No runtime or authority proof is inferred from the name.,False,False,False
623,app/services/leadership_v5.py:rank_leadership_v5,app/services/fundamental_ranker_v2.py:FundamentalsV2Config.items,POTENTIAL_DISTINCT_SEMANTICS,[],[],[],Preserved name-inferred target; known concrete sink witnesses retained. No runtime or authority proof is inferred from the name.,False,False,False
624,app/services/lifecycle_control.py:_digest,app/services/canonical_evidence.py:CanonicalEvidenceSerializer.dumps,POTENTIAL_DISTINCT_SEMANTICS,[],[],[],Preserved name-inferred target; known concrete sink witnesses retained. No runtime or authority proof is inferred from the name.,False,False,False
625,app/services/lifecycle_control.py:append_lifecycle_event,app/services/canonical_evidence.py:CanonicalEvidenceSerializer.dumps,POTENTIAL_DISTINCT_SEMANTICS,[],[],[],Preserved name-inferred target; known concrete sink witnesses retained. No runtime or authority proof is inferred from the name.,False,False,False
626,app/services/lifecycle_control.py:append_lifecycle_event,app/services/fundamental_ranker_v2.py:FundamentalsV2Config.items,POTENTIAL_DISTINCT_SEMANTICS,[],[],[],Preserved name-inferred target; known concrete sink witnesses retained. No runtime or authority proof is inferred from the name.,False,False,False
627,app/services/lifecycle_control.py:configuration_provenance,app/services/fundamental_ranker_v2.py:FundamentalsV2Config.items,POTENTIAL_DISTINCT_SEMANTICS,[],[],[],Preserved name-inferred target; known concrete sink witnesses retained. No runtime or authority proof is inferred from the name.,False,False,False
628,app/services/lifecycle_control.py:runtime_generation,app/services/fundamental_ranker_v2.py:FundamentalsV2Config.items,POTENTIAL_DISTINCT_SEMANTICS,[],[],[],Preserved name-inferred target; known concrete sink witnesses retained. No runtime or authority proof is inferred from the name.,False,False,False
629,app/services/lifecycle_quiesce.py:blocking_jobs,scripts/qa/t13d_configuration_benchmark.py:EmptyRuleRows.all,POTENTIAL_DISTINCT_SEMANTICS,[],[],[],Preserved name-inferred target; known concrete sink witnesses retained. No runtime or authority proof is inferred from the name.,False,False,False
63,app/observability/resource_sampler.py:SystemMetricsCollector._lifecycle_control,app/services/ceri/effective_session_service.py:CeriEffectiveSessionService.resolve,POTENTIAL_DISTINCT_SEMANTICS,[],[],[],Preserved name-inferred target; known concrete sink witnesses retained. No runtime or authority proof is inferred from the name.,False,False,False
630,app/services/lifecycle_quiesce.py:blocking_jobs,scripts/qa/t13d_configuration_benchmark.py:RulePreload.scalars,POTENTIAL_DISTINCT_SEMANTICS,[],[],[],Preserved name-inferred target; known concrete sink witnesses retained. No runtime or authority proof is inferred from the name.,False,False,False
631,app/services/lifecycle_quiesce.py:request_worker_quiesce,scripts/profile_sec_performance.py:ProfilingSession.scalar,POTENTIAL_DISTINCT_SEMANTICS,[],[],[],Preserved name-inferred target; known concrete sink witnesses retained. No runtime or authority proof is inferred from the name.,False,False,False
632,app/services/lifecycle_quiesce.py:resume_worker_claims,scripts/profile_sec_performance.py:ProfilingSession.scalar,POTENTIAL_DISTINCT_SEMANTICS,[],[],[],Preserved name-inferred target; known concrete sink witnesses retained. No runtime or authority proof is inferred from the name.,False,False,False
633,app/services/lifecycle_safety.py:collect_windows_postgres_evidence,app/services/ceri/estimate_deduplicator.py:CeriEstimateDeduplicator.group,POTENTIAL_DISTINCT_SEMANTICS,[],[],[],Preserved name-inferred target; known concrete sink witnesses retained. No runtime or authority proof is inferred from the name.,False,False,False
634,app/services/market_calculation_context_service.py:attach_reserved_market_context,scripts/profile_sec_performance.py:ProfilingSession.scalar,POTENTIAL_DISTINCT_SEMANTICS,[],[],"[""EF_6bbd386aea2907d8""]",Preserved name-inferred target; known concrete sink witnesses retained. No runtime or authority proof is inferred from the name.,False,False,False
635,app/services/market_calculation_context_service.py:create_pipeline_market_context,app/services/market_clock_service.py:MarketCalculationCutoff.with_context_id,POTENTIAL_DISTINCT_SEMANTICS,[],[],"[""EF_d02936b13662f350""]",Preserved name-inferred target; known concrete sink witnesses retained. No runtime or authority proof is inferred from the name.,False,False,False
636,app/services/market_calculation_context_service.py:market_context_for_pipeline,scripts/profile_sec_performance.py:ProfilingSession.scalar,POTENTIAL_DISTINCT_SEMANTICS,[],[],"[""EF_85f4b661ddf7bbe3""]",Preserved name-inferred target; known concrete sink witnesses retained. No runtime or authority proof is inferred from the name.,False,False,False
637,app/services/market_calculation_context_service.py:market_context_for_upload_run,scripts/profile_sec_performance.py:ProfilingSession.scalar,POTENTIAL_DISTINCT_SEMANTICS,[],[],[],Preserved name-inferred target; known concrete sink witnesses retained. No runtime or authority proof is inferred from the name.,False,False,False
638,app/services/market_calculation_context_service.py:reserve_preflight_market_context,app/services/market_clock_service.py:MarketCalculationCutoff.with_context_id,POTENTIAL_DISTINCT_SEMANTICS,[],[],"[""EF_bd24dd9da817c632""]",Preserved name-inferred target; known concrete sink witnesses retained. No runtime or authority proof is inferred from the name.,False,False,False
639,app/services/market_calculation_context_service.py:resolve_pipeline_market_context,scripts/profile_sec_performance.py:ProfilingSession.scalar,POTENTIAL_DISTINCT_SEMANTICS,[],[],[],Preserved name-inferred target; known concrete sink witnesses retained. No runtime or authority proof is inferred from the name.,False,False,False
64,app/observability/resource_sampler.py:SystemMetricsCollector._lifecycle_control,app/services/fundamental_ranker_v2.py:FundamentalsV2Config.items,POTENTIAL_DISTINCT_SEMANTICS,[],[],[],Preserved name-inferred target; known concrete sink witnesses retained. No runtime or authority proof is inferred from the name.,False,False,False
640,app/services/market_calculation_context_service.py:validate_pipeline_job_market_context,app/services/calculation_identity.py:CalculationIdentityCompatibility.diagnostic,POTENTIAL_DISTINCT_SEMANTICS,[],[],[],Preserved name-inferred target; known concrete sink witnesses retained. No runtime or authority proof is inferred from the name.,False,False,False
641,app/services/market_data_prewarm_service.py:MarketDataPrewarmUniverse.fingerprint,app/services/canonical_evidence.py:CanonicalEvidenceSerializer.dumps,POTENTIAL_DISTINCT_SEMANTICS,[],[],[],Preserved name-inferred target; known concrete sink witnesses retained. No runtime or authority proof is inferred from the name.,False,False,False
642,app/services/market_data_prewarm_service.py:_classify_plan_coverage,app/services/fundamental_ranker_v2.py:FundamentalsV2Config.items,POTENTIAL_DISTINCT_SEMANTICS,[],[],[],Preserved name-inferred target; known concrete sink witnesses retained. No runtime or authority proof is inferred from the name.,False,False,False
643,app/services/market_data_prewarm_service.py:_foreground_pipeline_active,scripts/profile_sec_performance.py:ProfilingSession.scalar,POTENTIAL_DISTINCT_SEMANTICS,[],[],[],Preserved name-inferred target; known concrete sink witnesses retained. No runtime or authority proof is inferred from the name.,False,False,False
644,app/services/market_data_prewarm_service.py:_prewarm_config_fingerprint,app/services/canonical_evidence.py:CanonicalEvidenceSerializer.dumps,POTENTIAL_DISTINCT_SEMANTICS,[],[],[],Preserved name-inferred target; known concrete sink witnesses retained. No runtime or authority proof is inferred from the name.,False,False,False
645,app/services/market_data_prewarm_service.py:_tickers_from_recent_completed_runs,scripts/qa/t13d_configuration_benchmark.py:EmptyRuleRows.all,POTENTIAL_DISTINCT_SEMANTICS,[],[],[],Preserved name-inferred target; known concrete sink witnesses retained. No runtime or authority proof is inferred from the name.,False,False,False
646,app/services/market_data_prewarm_service.py:_tickers_from_recent_completed_runs,scripts/qa/t13d_configuration_benchmark.py:RulePreload.scalars,POTENTIAL_DISTINCT_SEMANTICS,[],[],[],Preserved name-inferred target; known concrete sink witnesses retained. No runtime or authority proof is inferred from the name.,False,False,False
647,app/services/market_data_prewarm_service.py:request_active_prewarm_preemption,scripts/qa/t13d_configuration_benchmark.py:RulePreload.scalars,POTENTIAL_DISTINCT_SEMANTICS,[],[],[],Preserved name-inferred target; known concrete sink witnesses retained. No runtime or authority proof is inferred from the name.,False,False,False
648,app/services/market_data_prewarm_service.py:resolve_pipeline_prewarm_context,scripts/qa/t13d_configuration_benchmark.py:RulePreload.scalars,POTENTIAL_DISTINCT_SEMANTICS,[],[],[],Preserved name-inferred target; known concrete sink witnesses retained. No runtime or authority proof is inferred from the name.,False,False,False
649,app/services/market_data_prewarm_service.py:resolve_prewarm_universe,scripts/qa/t13d_configuration_benchmark.py:RulePreload.scalars,POTENTIAL_DISTINCT_SEMANTICS,[],[],[],Preserved name-inferred target; known concrete sink witnesses retained. No runtime or authority proof is inferred from the name.,False,False,False
65,app/observability/resource_sampler.py:SystemMetricsCollector._log_storage,app/observability/metrics.py:PrometheusMetrics.set_gauge,POTENTIAL_DISTINCT_SEMANTICS,[],[],[],Preserved name-inferred target; known concrete sink witnesses retained. No runtime or authority proof is inferred from the name.,False,False,False
650,app/services/market_participation_service.py:_ranking_profile_averages,app/services/fundamental_ranker_v2.py:FundamentalsV2Config.items,POTENTIAL_DISTINCT_SEMANTICS,[],[],[],Preserved name-inferred target; known concrete sink witnesses retained. No runtime or authority proof is inferred from the name.,False,False,False
651,app/services/market_participation_service.py:_ranking_results_for_run,scripts/qa/t13d_configuration_benchmark.py:RulePreload.scalars,POTENTIAL_DISTINCT_SEMANTICS,[],[],[],Preserved name-inferred target; known concrete sink witnesses retained. No runtime or authority proof is inferred from the name.,False,False,False
652,app/services/market_participation_service.py:_raw_rows_for_run,scripts/qa/t13d_configuration_benchmark.py:RulePreload.scalars,POTENTIAL_DISTINCT_SEMANTICS,[],[],[],Preserved name-inferred target; known concrete sink witnesses retained. No runtime or authority proof is inferred from the name.,False,False,False
653,app/services/market_participation_service.py:_technicals_for_run,scripts/qa/t13d_configuration_benchmark.py:RulePreload.scalars,POTENTIAL_DISTINCT_SEMANTICS,[],[],[],Preserved name-inferred target; known concrete sink witnesses retained. No runtime or authority proof is inferred from the name.,False,False,False
654,app/services/market_regime_command_center.py:MarketRegimeCommandCenterService._snapshot_write,app/services/fundamental_ranker_v2.py:FundamentalsV2Config.items,POTENTIAL_DISTINCT_SEMANTICS,[],[],[],Preserved name-inferred target; known concrete sink witnesses retained. No runtime or authority proof is inferred from the name.,False,False,False
655,app/services/market_regime_command_center.py:MarketRegimeCommandCenterService.build_snapshot,app/services/contextual_effective_configuration.py:ContextualEffectiveConfiguration.regime_config,POTENTIAL_DISTINCT_SEMANTICS,[],[],"[""EF_791a604abef6589e""]",Preserved name-inferred target; known concrete sink witnesses retained. No runtime or authority proof is inferred from the name.,False,False,False
656,app/services/market_regime_command_center.py:MarketRegimeCommandCenterService.build_snapshot,app/services/core_effective_configuration.py:CoreEffectiveConfiguration.require_retry_identity,POTENTIAL_DISTINCT_SEMANTICS,[],[],"[""EF_791a604abef6589e""]",Preserved name-inferred target; known concrete sink witnesses retained. No runtime or authority proof is inferred from the name.,False,False,False
657,app/services/market_regime_command_center.py:_frame_evidence,app/services/ceri/export_service.py:CeriExportResult.to_json,POTENTIAL_DISTINCT_SEMANTICS,[],[],[],Preserved name-inferred target; known concrete sink witnesses retained. No runtime or authority proof is inferred from the name.,False,False,False
658,app/services/market_regime_command_center.py:_json_ready,app/services/fundamental_ranker_v2.py:FundamentalsV2Config.items,POTENTIAL_DISTINCT_SEMANTICS,[],[],[],Preserved name-inferred target; known concrete sink witnesses retained. No runtime or authority proof is inferred from the name.,False,False,False
659,app/services/market_regime_export_service.py:export_snapshot_json,app/services/canonical_evidence.py:CanonicalEvidenceSerializer.dumps,POTENTIAL_DISTINCT_SEMANTICS,[],[],[],Preserved name-inferred target; known concrete sink witnesses retained. No runtime or authority proof is inferred from the name.,False,False,False
66,app/observability/resource_sampler.py:SystemMetricsCollector._pool,app/observability/metrics.py:PrometheusMetrics.set_gauge,POTENTIAL_DISTINCT_SEMANTICS,[],[],[],Preserved name-inferred target; known concrete sink witnesses retained. No runtime or authority proof is inferred from the name.,False,False,False
660,app/services/market_regime_policy.py:_risk_state_mapping,app/services/fundamental_ranker_v2.py:FundamentalsV2Config.items,POTENTIAL_DISTINCT_SEMANTICS,[],[],[],Preserved name-inferred target; known concrete sink witnesses retained. No runtime or authority proof is inferred from the name.,False,False,False
661,app/services/market_regime_policy.py:_validate_config,app/services/fundamental_ranker_v2.py:FundamentalsV2Config.items,POTENTIAL_DISTINCT_SEMANTICS,[],[],[],Preserved name-inferred target; known concrete sink witnesses retained. No runtime or authority proof is inferred from the name.,False,False,False
662,app/services/market_regime_policy.py:load_market_regime_command_center_config,app/services/contextual_effective_configuration.py:ContextualEffectiveConfiguration.regime_config,POTENTIAL_DISTINCT_SEMANTICS,[],[],[],Preserved name-inferred target; known concrete sink witnesses retained. No runtime or authority proof is inferred from the name.,False,False,False
663,app/services/market_regime_repository.py:MarketRegimeRepository._latest_logical_snapshot,scripts/profile_sec_performance.py:ProfilingSession.scalar,POTENTIAL_DISTINCT_SEMANTICS,[],[],[],Preserved name-inferred target; known concrete sink witnesses retained. No runtime or authority proof is inferred from the name.,False,False,False
664,app/services/market_regime_repository.py:MarketRegimeRepository._matching_snapshot,scripts/profile_sec_performance.py:ProfilingSession.scalar,POTENTIAL_DISTINCT_SEMANTICS,[],[],[],Preserved name-inferred target; known concrete sink witnesses retained. No runtime or authority proof is inferred from the name.,False,False,False
665,app/services/market_regime_repository.py:MarketRegimeRepository.contextual_candidates_as_of_or_before,scripts/qa/t13d_configuration_benchmark.py:RulePreload.scalars,POTENTIAL_DISTINCT_SEMANTICS,[],[],[],Preserved name-inferred target; known concrete sink witnesses retained. No runtime or authority proof is inferred from the name.,False,False,False
666,app/services/market_regime_repository.py:MarketRegimeRepository.history,scripts/qa/t13d_configuration_benchmark.py:RulePreload.scalars,POTENTIAL_DISTINCT_SEMANTICS,[],[],[],Preserved name-inferred target; known concrete sink witnesses retained. No runtime or authority proof is inferred from the name.,False,False,False
667,app/services/market_regime_repository.py:MarketRegimeRepository.latest,scripts/profile_sec_performance.py:ProfilingSession.scalar,POTENTIAL_DISTINCT_SEMANTICS,[],[],[],Preserved name-inferred target; known concrete sink witnesses retained. No runtime or authority proof is inferred from the name.,False,False,False
668,app/services/market_regime_repository.py:MarketRegimeRepository.latest_for_run,scripts/profile_sec_performance.py:ProfilingSession.scalar,POTENTIAL_DISTINCT_SEMANTICS,[],[],[],Preserved name-inferred target; known concrete sink witnesses retained. No runtime or authority proof is inferred from the name.,False,False,False
669,app/services/market_regime_repository.py:MarketRegimeRepository.latest_for_run_as_of_or_before,scripts/profile_sec_performance.py:ProfilingSession.scalar,POTENTIAL_DISTINCT_SEMANTICS,[],[],[],Preserved name-inferred target; known concrete sink witnesses retained. No runtime or authority proof is inferred from the name.,False,False,False
67,app/observability/resource_sampler.py:SystemMetricsCollector._queue,app/observability/metrics.py:PrometheusMetrics.set_gauge,POTENTIAL_DISTINCT_SEMANTICS,[],[],[],Preserved name-inferred target; known concrete sink witnesses retained. No runtime or authority proof is inferred from the name.,False,False,False
670,app/services/market_regime_repository.py:MarketRegimeRepository.latest_global_as_of_or_before,scripts/profile_sec_performance.py:ProfilingSession.scalar,POTENTIAL_DISTINCT_SEMANTICS,[],[],[],Preserved name-inferred target; known concrete sink witnesses retained. No runtime or authority proof is inferred from the name.,False,False,False
671,app/services/market_regime_repository.py:MarketRegimeRepository.snapshot_evidence_hash,app/services/canonical_evidence.py:CanonicalEvidenceSerializer.dumps,POTENTIAL_DISTINCT_SEMANTICS,[],[],[],Preserved name-inferred target; known concrete sink witnesses retained. No runtime or authority proof is inferred from the name.,False,False,False
672,app/services/ohlcv_coverage_service.py:_bar_stats,scripts/qa/t13d_configuration_benchmark.py:EmptyRuleRows.all,POTENTIAL_DISTINCT_SEMANTICS,[],[],[],Preserved name-inferred target; known concrete sink witnesses retained. No runtime or authority proof is inferred from the name.,False,False,False
673,app/services/ohlcv_coverage_service.py:_failed_contract_tickers,scripts/qa/t13d_configuration_benchmark.py:EmptyRuleRows.all,POTENTIAL_DISTINCT_SEMANTICS,[],[],[],Preserved name-inferred target; known concrete sink witnesses retained. No runtime or authority proof is inferred from the name.,False,False,False
674,app/services/ohlcv_coverage_service.py:_failed_contract_tickers,scripts/qa/t13d_configuration_benchmark.py:RulePreload.scalars,POTENTIAL_DISTINCT_SEMANTICS,[],[],[],Preserved name-inferred target; known concrete sink witnesses retained. No runtime or authority proof is inferred from the name.,False,False,False
675,app/services/ohlcv_coverage_service.py:_run_tickers,scripts/qa/t13d_configuration_benchmark.py:EmptyRuleRows.all,POTENTIAL_DISTINCT_SEMANTICS,[],[],[],Preserved name-inferred target; known concrete sink witnesses retained. No runtime or authority proof is inferred from the name.,False,False,False
676,app/services/ohlcv_coverage_service.py:_run_tickers,scripts/qa/t13d_configuration_benchmark.py:RulePreload.scalars,POTENTIAL_DISTINCT_SEMANTICS,[],[],[],Preserved name-inferred target; known concrete sink witnesses retained. No runtime or authority proof is inferred from the name.,False,False,False
677,app/services/ohlcv_coverage_service.py:summarize_ohlcv_coverage,app/services/fundamental_ranker_v2.py:FundamentalsV2Config.items,POTENTIAL_DISTINCT_SEMANTICS,[],[],[],Preserved name-inferred target; known concrete sink witnesses retained. No runtime or authority proof is inferred from the name.,False,False,False
678,app/services/operations_service.py:OperationsService._anomalies,app/services/fundamental_ranker_v2.py:FundamentalsV2Config.items,POTENTIAL_DISTINCT_SEMANTICS,[],[],[],Preserved name-inferred target; known concrete sink witnesses retained. No runtime or authority proof is inferred from the name.,False,False,False
679,app/services/operations_service.py:OperationsService._database,app/services/winner_probability/operations_service.py:WinnerProbabilityOperationsService.status,POTENTIAL_DISTINCT_SEMANTICS,[],[],[],Preserved name-inferred target; known concrete sink witnesses retained. No runtime or authority proof is inferred from the name.,False,False,False
68,app/observability/resource_sampler.py:SystemMetricsCollector._queue,app/services/fundamental_ranker_v2.py:FundamentalsV2Config.items,POTENTIAL_DISTINCT_SEMANTICS,[],[],[],Preserved name-inferred target; known concrete sink witnesses retained. No runtime or authority proof is inferred from the name.,False,False,False
680,app/services/operations_service.py:OperationsService._pipelines,scripts/qa/t13d_configuration_benchmark.py:EmptyRuleRows.all,POTENTIAL_DISTINCT_SEMANTICS,[],[],[],Preserved name-inferred target; known concrete sink witnesses retained. No runtime or authority proof is inferred from the name.,False,False,False
681,app/services/operations_service.py:OperationsService._pipelines,scripts/qa/t13d_configuration_benchmark.py:RulePreload.scalars,POTENTIAL_DISTINCT_SEMANTICS,[],[],[],Preserved name-inferred target; known concrete sink witnesses retained. No runtime or authority proof is inferred from the name.,False,False,False
682,app/services/operations_service.py:OperationsService._providers,scripts/qa/t13d_configuration_benchmark.py:EmptyRuleRows.all,POTENTIAL_DISTINCT_SEMANTICS,[],[],[],Preserved name-inferred target; known concrete sink witnesses retained. No runtime or authority proof is inferred from the name.,False,False,False
683,app/services/operations_service.py:OperationsService._queue,scripts/qa/t13d_configuration_benchmark.py:EmptyRuleRows.all,POTENTIAL_DISTINCT_SEMANTICS,[],[],[],Preserved name-inferred target; known concrete sink witnesses retained. No runtime or authority proof is inferred from the name.,False,False,False
684,app/services/operations_service.py:OperationsService._recent_roots,scripts/qa/t13d_configuration_benchmark.py:EmptyRuleRows.all,POTENTIAL_DISTINCT_SEMANTICS,[],[],[],Preserved name-inferred target; known concrete sink witnesses retained. No runtime or authority proof is inferred from the name.,False,False,False
685,app/services/operations_service.py:OperationsService._storage,app/services/ceri/effective_session_service.py:CeriEffectiveSessionService.resolve,POTENTIAL_DISTINCT_SEMANTICS,[],[],[],Preserved name-inferred target; known concrete sink witnesses retained. No runtime or authority proof is inferred from the name.,False,False,False
686,app/services/operations_service.py:OperationsService._supervisor,scripts/profile_sec_performance.py:ProfilingSession.scalar,POTENTIAL_DISTINCT_SEMANTICS,[],[],[],Preserved name-inferred target; known concrete sink witnesses retained. No runtime or authority proof is inferred from the name.,False,False,False
687,app/services/operations_service.py:OperationsService._workers,scripts/qa/t13d_configuration_benchmark.py:EmptyRuleRows.all,POTENTIAL_DISTINCT_SEMANTICS,[],[],[],Preserved name-inferred target; known concrete sink witnesses retained. No runtime or authority proof is inferred from the name.,False,False,False
688,app/services/operations_service.py:OperationsService._workers,scripts/qa/t13d_configuration_benchmark.py:RulePreload.scalars,POTENTIAL_DISTINCT_SEMANTICS,[],[],[],Preserved name-inferred target; known concrete sink witnesses retained. No runtime or authority proof is inferred from the name.,False,False,False
689,app/services/operations_service.py:OperationsService.causality_tree,scripts/qa/t13d_configuration_benchmark.py:EmptyRuleRows.all,POTENTIAL_DISTINCT_SEMANTICS,[],[],[],Preserved name-inferred target; known concrete sink witnesses retained. No runtime or authority proof is inferred from the name.,False,False,False
69,app/observability/resource_sampler.py:SystemMetricsCollector._queue,scripts/qa/t13d_configuration_benchmark.py:EmptyRuleRows.all,POTENTIAL_DISTINCT_SEMANTICS,[],[],[],Preserved name-inferred target; known concrete sink witnesses retained. No runtime or authority proof is inferred from the name.,False,False,False
690,app/services/operations_service.py:OperationsService.causality_tree,scripts/qa/t13d_configuration_benchmark.py:RulePreload.scalars,POTENTIAL_DISTINCT_SEMANTICS,[],[],[],Preserved name-inferred target; known concrete sink witnesses retained. No runtime or authority proof is inferred from the name.,False,False,False
691,app/services/operations_service.py:OperationsService.snapshot,app/observability/metrics.py:PrometheusMetrics.samples,POTENTIAL_DISTINCT_SEMANTICS,[],[],[],Preserved name-inferred target; known concrete sink witnesses retained. No runtime or authority proof is inferred from the name.,False,False,False
692,app/services/operations_service.py:OperationsService.snapshot,app/services/fundamental_ranker_v2.py:FundamentalsV2Config.items,POTENTIAL_DISTINCT_SEMANTICS,[],[],[],Preserved name-inferred target; known concrete sink witnesses retained. No runtime or authority proof is inferred from the name.,False,False,False
693,app/services/pagination.py:paginate_query,scripts/profile_sec_performance.py:ProfilingSession.scalar,POTENTIAL_DISTINCT_SEMANTICS,[],[],[],Preserved name-inferred target; known concrete sink witnesses retained. No runtime or authority proof is inferred from the name.,False,False,False
694,app/services/pagination.py:paginate_query,scripts/qa/t13d_configuration_benchmark.py:EmptyRuleRows.all,POTENTIAL_DISTINCT_SEMANTICS,[],[],[],Preserved name-inferred target; known concrete sink witnesses retained. No runtime or authority proof is inferred from the name.,False,False,False
695,app/services/pine_replica_engine.py:score_from_feature_result,app/services/technical_confidence.py:TechnicalDataReadiness.missing_flags,POTENTIAL_DISTINCT_SEMANTICS,[],[],[],Preserved name-inferred target; known concrete sink witnesses retained. No runtime or authority proof is inferred from the name.,False,False,False
696,app/services/pipeline_baseline.py:_json_safe,app/services/fundamental_ranker_v2.py:FundamentalsV2Config.items,POTENTIAL_DISTINCT_SEMANTICS,[],[],[],Preserved name-inferred target; known concrete sink witnesses retained. No runtime or authority proof is inferred from the name.,False,False,False
697,app/services/pipeline_baseline.py:_write_json,app/services/canonical_evidence.py:CanonicalEvidenceSerializer.dumps,POTENTIAL_DISTINCT_SEMANTICS,[],[],[],Preserved name-inferred target; known concrete sink witnesses retained. No runtime or authority proof is inferred from the name.,False,False,False
698,app/services/pipeline_baseline.py:normalize_parity_payload,app/services/fundamental_ranker_v2.py:FundamentalsV2Config.items,POTENTIAL_DISTINCT_SEMANTICS,[],[],[],Preserved name-inferred target; known concrete sink witnesses retained. No runtime or authority proof is inferred from the name.,False,False,False
699,app/services/pipeline_executor.py:_apply_ib_execution_status,app/observability/metrics.py:PrometheusMetrics.set_gauge,POTENTIAL_DISTINCT_SEMANTICS,[],[],[],Preserved name-inferred target; known concrete sink witnesses retained. No runtime or authority proof is inferred from the name.,False,False,False
7,app/observability/db_monitor.py:DatabaseMonitor.emit,app/observability/metrics.py:PrometheusMetrics.increment,POTENTIAL_DISTINCT_SEMANTICS,[],[],[],Preserved name-inferred target; known concrete sink witnesses retained. No runtime or authority proof is inferred from the name.,False,False,False
70,app/observability/resource_sampler.py:SystemMetricsCollector._queue,scripts/qa/t13d_configuration_benchmark.py:RulePreload.scalars,POTENTIAL_DISTINCT_SEMANTICS,[],[],[],Preserved name-inferred target; known concrete sink witnesses retained. No runtime or authority proof is inferred from the name.,False,False,False
700,app/services/pipeline_executor.py:_apply_setup_lifecycle_capture_result,app/services/fundamental_ranker_v2.py:FundamentalsV2Config.items,POTENTIAL_DISTINCT_SEMANTICS,[],[],[],Preserved name-inferred target; known concrete sink witnesses retained. No runtime or authority proof is inferred from the name.,False,False,False
701,app/services/pipeline_executor.py:_apply_winner_capture_result,app/services/fundamental_ranker_v2.py:FundamentalsV2Config.items,POTENTIAL_DISTINCT_SEMANTICS,[],[],[],Preserved name-inferred target; known concrete sink witnesses retained. No runtime or authority proof is inferred from the name.,False,False,False
702,app/services/pipeline_executor.py:_cancel_unfinished_steps,scripts/qa/t13d_configuration_benchmark.py:RulePreload.scalars,POTENTIAL_DISTINCT_SEMANTICS,[],[],[],Preserved name-inferred target; known concrete sink witnesses retained. No runtime or authority proof is inferred from the name.,False,False,False
703,app/services/pipeline_executor.py:_interrupt_superseded_running_steps,scripts/qa/t13d_configuration_benchmark.py:RulePreload.scalars,POTENTIAL_DISTINCT_SEMANTICS,[],[],[],Preserved name-inferred target; known concrete sink witnesses retained. No runtime or authority proof is inferred from the name.,False,False,False
704,app/services/pipeline_executor.py:_invoke_winner_capture,app/services/fundamental_ranker_v2.py:FundamentalsV2Config.items,POTENTIAL_DISTINCT_SEMANTICS,[],[],[],Preserved name-inferred target; known concrete sink witnesses retained. No runtime or authority proof is inferred from the name.,False,False,False
705,app/services/pipeline_executor.py:_pipeline_has_step,scripts/qa/t13d_configuration_benchmark.py:RulePreload.scalars,POTENTIAL_DISTINCT_SEMANTICS,[],[],[],Preserved name-inferred target; known concrete sink witnesses retained. No runtime or authority proof is inferred from the name.,False,False,False
706,app/services/pipeline_executor.py:_pipeline_step,app/observability/metrics.py:PrometheusMetrics.set_gauge,POTENTIAL_DISTINCT_SEMANTICS,[],[],[],Preserved name-inferred target; known concrete sink witnesses retained. No runtime or authority proof is inferred from the name.,False,False,False
707,app/services/pipeline_executor.py:_pipeline_step.observe_step,app/observability/metrics.py:PrometheusMetrics.set_gauge,POTENTIAL_DISTINCT_SEMANTICS,[],[],[],Preserved name-inferred target; known concrete sink witnesses retained. No runtime or authority proof is inferred from the name.,False,False,False
708,app/services/pipeline_executor.py:_pipeline_step.observe_step,app/services/ceri/observability.py:CeriMetricRegistry.increment,POTENTIAL_DISTINCT_SEMANTICS,[],[],[],Preserved name-inferred target; known concrete sink witnesses retained. No runtime or authority proof is inferred from the name.,False,False,False
709,app/services/pipeline_executor.py:_pipeline_step.observe_step,app/services/ceri/observability.py:CeriMetricRegistry.observe,POTENTIAL_DISTINCT_SEMANTICS,[],[],[],Preserved name-inferred target; known concrete sink witnesses retained. No runtime or authority proof is inferred from the name.,False,False,False
71,app/observability/resource_sampler.py:SystemMetricsCollector._run,app/observability/metrics.py:PrometheusMetrics.set_gauge,POTENTIAL_DISTINCT_SEMANTICS,[],[],[],Preserved name-inferred target; known concrete sink witnesses retained. No runtime or authority proof is inferred from the name.,False,False,False
710,app/services/pipeline_executor.py:_public_result,app/services/fundamental_ranker_v2.py:FundamentalsV2Config.items,POTENTIAL_DISTINCT_SEMANTICS,[],[],[],Preserved name-inferred target; known concrete sink witnesses retained. No runtime or authority proof is inferred from the name.,False,False,False
711,app/services/pipeline_executor.py:_require_step,scripts/profile_sec_performance.py:ProfilingSession.scalar,POTENTIAL_DISTINCT_SEMANTICS,[],[],[],Preserved name-inferred target; known concrete sink witnesses retained. No runtime or authority proof is inferred from the name.,False,False,False
712,app/services/pipeline_executor.py:_resume_rankings_by_ticker,scripts/qa/t13d_configuration_benchmark.py:EmptyRuleRows.all,POTENTIAL_DISTINCT_SEMANTICS,[],[],[],Preserved name-inferred target; known concrete sink witnesses retained. No runtime or authority proof is inferred from the name.,False,False,False
713,app/services/pipeline_executor.py:_resume_rankings_by_ticker,scripts/qa/t13d_configuration_benchmark.py:RulePreload.scalars,POTENTIAL_DISTINCT_SEMANTICS,[],[],[],Preserved name-inferred target; known concrete sink witnesses retained. No runtime or authority proof is inferred from the name.,False,False,False
714,app/services/pipeline_executor.py:_resume_rows_by_ticker,scripts/qa/t13d_configuration_benchmark.py:EmptyRuleRows.all,POTENTIAL_DISTINCT_SEMANTICS,[],[],[],Preserved name-inferred target; known concrete sink witnesses retained. No runtime or authority proof is inferred from the name.,False,False,False
715,app/services/pipeline_executor.py:_resume_rows_by_ticker,scripts/qa/t13d_configuration_benchmark.py:RulePreload.scalars,POTENTIAL_DISTINCT_SEMANTICS,[],[],[],Preserved name-inferred target; known concrete sink witnesses retained. No runtime or authority proof is inferred from the name.,False,False,False
716,app/services/pipeline_executor.py:_run_ticker_count,scripts/profile_sec_performance.py:ProfilingSession.scalar,POTENTIAL_DISTINCT_SEMANTICS,[],[],[],Preserved name-inferred target; known concrete sink witnesses retained. No runtime or authority proof is inferred from the name.,False,False,False
717,app/services/pipeline_executor.py:_schedule_ceri_provider_ingest,app/services/fundamental_ranker_v2.py:FundamentalsV2Config.items,POTENTIAL_DISTINCT_SEMANTICS,[],[],[],Preserved name-inferred target; known concrete sink witnesses retained. No runtime or authority proof is inferred from the name.,False,False,False
718,app/services/pipeline_executor.py:_schedule_ceri_provider_ingest,scripts/qa/t13d_configuration_benchmark.py:RulePreload.scalars,POTENTIAL_DISTINCT_SEMANTICS,[],[],[],Preserved name-inferred target; known concrete sink witnesses retained. No runtime or authority proof is inferred from the name.,False,False,False
719,app/services/pipeline_executor.py:_tickers_for_run,scripts/qa/t13d_configuration_benchmark.py:RulePreload.scalars,POTENTIAL_DISTINCT_SEMANTICS,[],[],[],Preserved name-inferred target; known concrete sink witnesses retained. No runtime or authority proof is inferred from the name.,False,False,False
72,app/observability/resource_sampler.py:SystemMetricsCollector._supervisor,app/observability/metrics.py:PrometheusMetrics.set_gauge,POTENTIAL_DISTINCT_SEMANTICS,[],[],[],Preserved name-inferred target; known concrete sink witnesses retained. No runtime or authority proof is inferred from the name.,False,False,False
720,app/services/pipeline_executor.py:_validate_projection_source_pins,app/services/fundamental_ranker_v2.py:FundamentalsV2Config.items,POTENTIAL_DISTINCT_SEMANTICS,[],[],[],Preserved name-inferred target; known concrete sink witnesses retained. No runtime or authority proof is inferred from the name.,False,False,False
721,app/services/pipeline_executor.py:_validate_resume_checkpoint,scripts/profile_sec_performance.py:ProfilingSession.scalar,POTENTIAL_DISTINCT_SEMANTICS,[],[],[],Preserved name-inferred target; known concrete sink witnesses retained. No runtime or authority proof is inferred from the name.,False,False,False
722,app/services/pipeline_executor.py:_validate_resume_checkpoint,scripts/qa/t13d_configuration_benchmark.py:EmptyRuleRows.all,POTENTIAL_DISTINCT_SEMANTICS,[],[],[],Preserved name-inferred target; known concrete sink witnesses retained. No runtime or authority proof is inferred from the name.,False,False,False
723,app/services/pipeline_executor.py:_validate_resume_checkpoint,scripts/qa/t13d_configuration_benchmark.py:RulePreload.scalars,POTENTIAL_DISTINCT_SEMANTICS,[],[],[],Preserved name-inferred target; known concrete sink witnesses retained. No runtime or authority proof is inferred from the name.,False,False,False
724,app/services/pipeline_executor.py:_validate_resume_evidence,scripts/profile_sec_performance.py:ProfilingSession.scalar,POTENTIAL_DISTINCT_SEMANTICS,[],[],[],Preserved name-inferred target; known concrete sink witnesses retained. No runtime or authority proof is inferred from the name.,False,False,False
725,app/services/pipeline_executor.py:_validate_resume_evidence,scripts/qa/t13d_configuration_benchmark.py:RulePreload.scalars,POTENTIAL_DISTINCT_SEMANTICS,[],[],[],Preserved name-inferred target; known concrete sink witnesses retained. No runtime or authority proof is inferred from the name.,False,False,False
726,app/services/pipeline_executor.py:execute_full_pipeline,app/observability/metrics.py:PrometheusMetrics.total,POTENTIAL_DISTINCT_SEMANTICS,[],[],"[""EF_f3e3fc7ce827f01c""]",Preserved name-inferred target; known concrete sink witnesses retained. No runtime or authority proof is inferred from the name.,False,False,False
727,app/services/pipeline_executor.py:execute_full_pipeline,app/services/ceri/observability.py:CeriMetricRegistry.increment,POTENTIAL_DISTINCT_SEMANTICS,[],[],"[""EF_f3e3fc7ce827f01c""]",Preserved name-inferred target; known concrete sink witnesses retained. No runtime or authority proof is inferred from the name.,False,False,False
728,app/services/pipeline_executor.py:execute_full_pipeline,app/services/fundamental_ranker_v2.py:FundamentalsV2Config.items,POTENTIAL_DISTINCT_SEMANTICS,[],[],"[""EF_f3e3fc7ce827f01c""]",Preserved name-inferred target; known concrete sink witnesses retained. No runtime or authority proof is inferred from the name.,False,False,False
729,app/services/pipeline_executor.py:execute_full_pipeline,app/services/ib_fetch_executor.py:execute_fetch_plan,RESOLVED_TO_CERTIFIED_FAMILY,"[""app/services/bar_cache_service.py:cache_bars"", ""app/services/ib_contract_resolver.py:_clear_contract_identity"", ""app/services/ib_contract_resolver.py:_mark_ambiguous"", ""app/services/ib_contract_resolver.py:_mark_failed"", ""app/services/ib_contract_resolver.py:resolve_us_stock_contract"", ""app/services/price_series_version_service.py:maintain_price_series_versions"", ""app/services/winner_probability/market_data_obligation_service.py:MarketDataObligationService.evaluate"", ""app/services/winner_probability/market_data_obligation_service.py:MarketDataObligationService.record_fetch_results""]","[""WF_IB_CONTRACT_IDENTITY"", ""WF_PRICE_INGESTION"", ""WF_PRICE_SERIES_VERSION"", ""WF_WINNER_MARKET_DATA_OBLIGATION""]","[""EF_f3e3fc7ce827f01c""]",Preserved name-inferred target; known concrete sink witnesses retained. No runtime or authority proof is inferred from the name.,False,False,False
73,app/observability/resource_sampler.py:SystemMetricsCollector._supervisor,scripts/profile_sec_performance.py:ProfilingSession.scalar,POTENTIAL_DISTINCT_SEMANTICS,[],[],[],Preserved name-inferred target; known concrete sink witnesses retained. No runtime or authority proof is inferred from the name.,False,False,False
730,app/services/pipeline_executor.py:execute_full_pipeline,app/services/ib_fetch_plan_service.py:build_fetch_plan,POTENTIAL_DISTINCT_SEMANTICS,[],[],"[""EF_f3e3fc7ce827f01c""]",Preserved name-inferred target; known concrete sink witnesses retained. No runtime or authority proof is inferred from the name.,False,False,False
731,app/services/pipeline_executor.py:execute_full_pipeline,scripts/profile_sec_performance.py:ProfilingSession.scalar,POTENTIAL_DISTINCT_SEMANTICS,[],[],"[""EF_f3e3fc7ce827f01c""]",Preserved name-inferred target; known concrete sink witnesses retained. No runtime or authority proof is inferred from the name.,False,False,False
732,app/services/pipeline_performance.py:PipelinePerformanceTracker.snapshot,app/services/fundamental_ranker_v2.py:FundamentalsV2Config.items,POTENTIAL_DISTINCT_SEMANTICS,[],[],[],Preserved name-inferred target; known concrete sink witnesses retained. No runtime or authority proof is inferred from the name.,False,False,False
733,app/services/pipeline_service.py:_authoritative_pipeline_for_run,scripts/qa/t13d_configuration_benchmark.py:EmptyRuleRows.all,POTENTIAL_DISTINCT_SEMANTICS,[],[],[],Preserved name-inferred target; known concrete sink witnesses retained. No runtime or authority proof is inferred from the name.,False,False,False
734,app/services/pipeline_service.py:_authoritative_pipeline_for_run,scripts/qa/t13d_configuration_benchmark.py:RulePreload.scalars,POTENTIAL_DISTINCT_SEMANTICS,[],[],[],Preserved name-inferred target; known concrete sink witnesses retained. No runtime or authority proof is inferred from the name.,False,False,False
735,app/services/pipeline_service.py:_load_pipeline_steps,scripts/qa/t13d_configuration_benchmark.py:EmptyRuleRows.all,POTENTIAL_DISTINCT_SEMANTICS,[],[],[],Preserved name-inferred target; known concrete sink witnesses retained. No runtime or authority proof is inferred from the name.,False,False,False
736,app/services/pipeline_service.py:_load_pipeline_steps,scripts/qa/t13d_configuration_benchmark.py:RulePreload.scalars,POTENTIAL_DISTINCT_SEMANTICS,[],[],[],Preserved name-inferred target; known concrete sink witnesses retained. No runtime or authority proof is inferred from the name.,False,False,False
737,app/services/pipeline_service.py:existing_sec_repair_continuation,scripts/profile_sec_performance.py:ProfilingSession.scalar,POTENTIAL_DISTINCT_SEMANTICS,[],[],[],Preserved name-inferred target; known concrete sink witnesses retained. No runtime or authority proof is inferred from the name.,False,False,False
738,app/services/pipeline_service.py:mark_pipeline_job_failure,scripts/profile_sec_performance.py:ProfilingSession.scalar,POTENTIAL_DISTINCT_SEMANTICS,[],[],"[""EF_5d82bf1f829e0378""]",Preserved name-inferred target; known concrete sink witnesses retained. No runtime or authority proof is inferred from the name.,False,False,False
739,app/services/pre_enqueue_operational_gate.py:validate_pre_enqueue_operational_gate,app/services/ib_gateway_health_service.py:IBGatewayHealthStatus.is_fresh,POTENTIAL_DISTINCT_SEMANTICS,[],[],"[""EF_add9abc9ad900919""]",Preserved name-inferred target; known concrete sink witnesses retained. No runtime or authority proof is inferred from the name.,False,False,False
74,app/observability/resource_sampler.py:SystemMetricsCollector._workers,app/observability/metrics.py:PrometheusMetrics.remove_series,POTENTIAL_DISTINCT_SEMANTICS,[],[],[],Preserved name-inferred target; known concrete sink witnesses retained. No runtime or authority proof is inferred from the name.,False,False,False
740,app/services/pre_enqueue_operational_gate.py:validate_pre_enqueue_operational_gate,scripts/profile_sec_performance.py:ProfilingSession.scalar,POTENTIAL_DISTINCT_SEMANTICS,[],[],"[""EF_add9abc9ad900919""]",Preserved name-inferred target; known concrete sink witnesses retained. No runtime or authority proof is inferred from the name.,False,False,False
741,app/services/price_bar_repository.py:load_price_bar_rows,scripts/qa/t13d_configuration_benchmark.py:RulePreload.scalars,POTENTIAL_DISTINCT_SEMANTICS,[],[],[],Preserved name-inferred target; known concrete sink witnesses retained. No runtime or authority proof is inferred from the name.,False,False,False
742,app/services/price_bar_repository.py:load_price_bars_frame,scripts/qa/t13d_configuration_benchmark.py:EmptyRuleRows.all,POTENTIAL_DISTINCT_SEMANTICS,[],[],[],Preserved name-inferred target; known concrete sink witnesses retained. No runtime or authority proof is inferred from the name.,False,False,False
743,app/services/price_bar_repository.py:load_price_bars_frame,scripts/qa/t13d_configuration_benchmark.py:RulePreload.scalars,POTENTIAL_DISTINCT_SEMANTICS,[],[],[],Preserved name-inferred target; known concrete sink witnesses retained. No runtime or authority proof is inferred from the name.,False,False,False
744,app/services/price_bar_repository.py:project_price_bar_rows_as_of,scripts/qa/t13d_configuration_benchmark.py:RulePreload.scalars,POTENTIAL_DISTINCT_SEMANTICS,[],[],[],Preserved name-inferred target; known concrete sink witnesses retained. No runtime or authority proof is inferred from the name.,False,False,False
745,app/services/price_series_version_service.py:load_series_versions,scripts/qa/t13d_configuration_benchmark.py:RulePreload.scalars,POTENTIAL_DISTINCT_SEMANTICS,[],[],[],Preserved name-inferred target; known concrete sink witnesses retained. No runtime or authority proof is inferred from the name.,False,False,False
746,app/services/price_series_version_service.py:maintain_price_series_versions,scripts/profile_sec_performance.py:ProfilingSession.scalar,POTENTIAL_DISTINCT_SEMANTICS,[],[],"[""EF_866ac2c173ac81d7""]",Preserved name-inferred target; known concrete sink witnesses retained. No runtime or authority proof is inferred from the name.,False,False,False
747,app/services/price_series_version_service.py:maintain_price_series_versions,scripts/qa/t13d_configuration_benchmark.py:RulePreload.scalars,POTENTIAL_DISTINCT_SEMANTICS,[],[],"[""EF_866ac2c173ac81d7""]",Preserved name-inferred target; known concrete sink witnesses retained. No runtime or authority proof is inferred from the name.,False,False,False
748,app/services/producer_readiness.py:ProducerReadinessEnvelope.from_payload,app/services/producer_readiness.py:NativeReadinessMetrics.freeze,POTENTIAL_DISTINCT_SEMANTICS,[],[],[],Preserved name-inferred target; known concrete sink witnesses retained. No runtime or authority proof is inferred from the name.,False,False,False
749,app/services/producer_readiness.py:normalize_producer_readiness,app/services/producer_readiness.py:NativeReadinessMetrics.freeze,POTENTIAL_DISTINCT_SEMANTICS,[],[],[],Preserved name-inferred target; known concrete sink witnesses retained. No runtime or authority proof is inferred from the name.,False,False,False
75,app/observability/resource_sampler.py:SystemMetricsCollector._workers,app/observability/metrics.py:PrometheusMetrics.set_gauge,POTENTIAL_DISTINCT_SEMANTICS,[],[],[],Preserved name-inferred target; known concrete sink witnesses retained. No runtime or authority proof is inferred from the name.,False,False,False
750,app/services/ranking_profile_components.py:calculate_technical_profile_score,app/services/fundamental_ranker_v2.py:FundamentalsV2Config.items,POTENTIAL_DISTINCT_SEMANTICS,[],[],[],Preserved name-inferred target; known concrete sink witnesses retained. No runtime or authority proof is inferred from the name.,False,False,False
751,app/services/ranking_profile_config.py:_parse_profile,app/services/fundamental_ranker_v2.py:FundamentalsV2Config.items,POTENTIAL_DISTINCT_SEMANTICS,[],[],[],Preserved name-inferred target; known concrete sink witnesses retained. No runtime or authority proof is inferred from the name.,False,False,False
752,app/services/ranking_profile_config.py:_validate_profile,app/services/fundamental_ranker_v2.py:FundamentalsV2Config.items,POTENTIAL_DISTINCT_SEMANTICS,[],[],[],Preserved name-inferred target; known concrete sink witnesses retained. No runtime or authority proof is inferred from the name.,False,False,False
753,app/services/ranking_profile_config.py:load_ranking_profiles,app/services/fundamental_ranker_v2.py:FundamentalsV2Config.items,POTENTIAL_DISTINCT_SEMANTICS,[],[],[],Preserved name-inferred target; known concrete sink witnesses retained. No runtime or authority proof is inferred from the name.,False,False,False
754,app/services/ranking_profile_service.py:_fundamentals_for_run,scripts/qa/t13d_configuration_benchmark.py:RulePreload.scalars,POTENTIAL_DISTINCT_SEMANTICS,[],[],[],Preserved name-inferred target; known concrete sink witnesses retained. No runtime or authority proof is inferred from the name.,False,False,False
755,app/services/ranking_profile_service.py:_identity_safe_liquidity,app/services/fundamental_ranker_v2.py:FundamentalsV2Config.items,POTENTIAL_DISTINCT_SEMANTICS,[],[],[],Preserved name-inferred target; known concrete sink witnesses retained. No runtime or authority proof is inferred from the name.,False,False,False
756,app/services/ranking_profile_service.py:_load_liquidity_features,scripts/qa/t13d_configuration_benchmark.py:EmptyRuleRows.all,POTENTIAL_DISTINCT_SEMANTICS,[],[],[],Preserved name-inferred target; known concrete sink witnesses retained. No runtime or authority proof is inferred from the name.,False,False,False
757,app/services/ranking_profile_service.py:_load_liquidity_features,scripts/qa/t13d_configuration_benchmark.py:RulePreload.scalars,POTENTIAL_DISTINCT_SEMANTICS,[],[],[],Preserved name-inferred target; known concrete sink witnesses retained. No runtime or authority proof is inferred from the name.,False,False,False
758,app/services/ranking_profile_service.py:_persist_rankings,scripts/certify_technical_artifact_cache.py:main.SinkDb.add_all,POTENTIAL_DISTINCT_SEMANTICS,[],[],[],Preserved name-inferred target; known concrete sink witnesses retained. No runtime or authority proof is inferred from the name.,False,False,False
759,app/services/ranking_profile_service.py:_raw_rows_for_run,scripts/qa/t13d_configuration_benchmark.py:RulePreload.scalars,POTENTIAL_DISTINCT_SEMANTICS,[],[],[],Preserved name-inferred target; known concrete sink witnesses retained. No runtime or authority proof is inferred from the name.,False,False,False
76,app/observability/resource_sampler.py:SystemMetricsCollector._workers,scripts/qa/t13d_configuration_benchmark.py:EmptyRuleRows.all,POTENTIAL_DISTINCT_SEMANTICS,[],[],[],Preserved name-inferred target; known concrete sink witnesses retained. No runtime or authority proof is inferred from the name.,False,False,False
760,app/services/ranking_profile_service.py:_replace_legacy_ranking,scripts/certify_technical_artifact_cache.py:main.SinkDb.add_all,POTENTIAL_DISTINCT_SEMANTICS,[],[],[],Preserved name-inferred target; known concrete sink witnesses retained. No runtime or authority proof is inferred from the name.,False,False,False
761,app/services/ranking_profile_service.py:_require_single_ranking_context,app/services/calculation_identity.py:CalculationIdentityCompatibility.diagnostic,POTENTIAL_DISTINCT_SEMANTICS,[],[],[],Preserved name-inferred target; known concrete sink witnesses retained. No runtime or authority proof is inferred from the name.,False,False,False
762,app/services/ranking_profile_service.py:_technicals_for_run,scripts/qa/t13d_configuration_benchmark.py:RulePreload.scalars,POTENTIAL_DISTINCT_SEMANTICS,[],[],[],Preserved name-inferred target; known concrete sink witnesses retained. No runtime or authority proof is inferred from the name.,False,False,False
763,app/services/ranking_profile_service.py:_validate_explicit_pipeline_context,app/services/calculation_identity.py:CalculationIdentityCompatibility.diagnostic,POTENTIAL_DISTINCT_SEMANTICS,[],[],[],Preserved name-inferred target; known concrete sink witnesses retained. No runtime or authority proof is inferred from the name.,False,False,False
764,app/services/ranking_profile_service.py:get_all_ranking_results,scripts/qa/t13d_configuration_benchmark.py:RulePreload.scalars,POTENTIAL_DISTINCT_SEMANTICS,[],[],[],Preserved name-inferred target; known concrete sink witnesses retained. No runtime or authority proof is inferred from the name.,False,False,False
765,app/services/ranking_profile_service.py:get_ranking_results,scripts/qa/t13d_configuration_benchmark.py:RulePreload.scalars,POTENTIAL_DISTINCT_SEMANTICS,[],[],[],Preserved name-inferred target; known concrete sink witnesses retained. No runtime or authority proof is inferred from the name.,False,False,False
766,app/services/ranking_profile_service.py:refresh_all_ranking_profiles,app/services/core_effective_configuration.py:CoreEffectiveConfiguration.bind,POTENTIAL_DISTINCT_SEMANTICS,[],[],"[""EF_a8016e0b9d69e5be""]",Preserved name-inferred target; known concrete sink witnesses retained. No runtime or authority proof is inferred from the name.,False,False,False
767,app/services/ranking_profile_service.py:refresh_all_ranking_profiles,app/services/core_effective_configuration.py:CoreEffectiveConfiguration.ranking_profile,POTENTIAL_DISTINCT_SEMANTICS,[],[],"[""EF_a8016e0b9d69e5be""]",Preserved name-inferred target; known concrete sink witnesses retained. No runtime or authority proof is inferred from the name.,False,False,False
768,app/services/ranking_profile_service.py:refresh_ranking_profile,app/services/fundamental_ranker_v2.py:FundamentalsV2Config.items,POTENTIAL_DISTINCT_SEMANTICS,[],[],"[""EF_a3fd956e147403b1""]",Preserved name-inferred target; known concrete sink witnesses retained. No runtime or authority proof is inferred from the name.,False,False,False
769,app/services/readiness_service.py:ReadinessReport.response_checks,app/services/fundamental_ranker_v2.py:FundamentalsV2Config.items,POTENTIAL_DISTINCT_SEMANTICS,[],[],[],Preserved name-inferred target; known concrete sink witnesses retained. No runtime or authority proof is inferred from the name.,False,False,False
77,app/observability/resource_sampler.py:SystemMetricsCollector._workers,scripts/qa/t13d_configuration_benchmark.py:RulePreload.scalars,POTENTIAL_DISTINCT_SEMANTICS,[],[],[],Preserved name-inferred target; known concrete sink witnesses retained. No runtime or authority proof is inferred from the name.,False,False,False
770,app/services/readiness_service.py:ReadinessReport.response_states,app/services/fundamental_ranker_v2.py:FundamentalsV2Config.items,POTENTIAL_DISTINCT_SEMANTICS,[],[],[],Preserved name-inferred target; known concrete sink witnesses retained. No runtime or authority proof is inferred from the name.,False,False,False
771,app/services/readiness_service.py:ReadinessService._core_metrics_listener_check,app/services/fundamental_ranker_v2.py:FundamentalsV2Config.items,POTENTIAL_DISTINCT_SEMANTICS,[],[],[],Preserved name-inferred target; known concrete sink witnesses retained. No runtime or authority proof is inferred from the name.,False,False,False
772,app/services/readiness_service.py:ReadinessService._disk_check,app/services/ceri/effective_session_service.py:CeriEffectiveSessionService.resolve,POTENTIAL_DISTINCT_SEMANTICS,[],[],[],Preserved name-inferred target; known concrete sink witnesses retained. No runtime or authority proof is inferred from the name.,False,False,False
773,app/services/readiness_service.py:ReadinessService._ib_workload_required,scripts/profile_sec_performance.py:ProfilingSession.scalar,POTENTIAL_DISTINCT_SEMANTICS,[],[],[],Preserved name-inferred target; known concrete sink witnesses retained. No runtime or authority proof is inferred from the name.,False,False,False
774,app/services/readiness_service.py:ReadinessService._runtime_contract_check,app/services/fundamental_ranker_v2.py:FundamentalsV2Config.items,POTENTIAL_DISTINCT_SEMANTICS,[],[],[],Preserved name-inferred target; known concrete sink witnesses retained. No runtime or authority proof is inferred from the name.,False,False,False
775,app/services/readiness_service.py:ReadinessService._system_collector_check,app/services/fundamental_ranker_v2.py:FundamentalsV2Config.items,POTENTIAL_DISTINCT_SEMANTICS,[],[],[],Preserved name-inferred target; known concrete sink witnesses retained. No runtime or authority proof is inferred from the name.,False,False,False
776,app/services/readiness_service.py:ReadinessService._telemetry_check,app/services/winner_probability/operations_service.py:WinnerProbabilityOperationsService.status,POTENTIAL_DISTINCT_SEMANTICS,[],[],[],Preserved name-inferred target; known concrete sink witnesses retained. No runtime or authority proof is inferred from the name.,False,False,False
777,app/services/readiness_service.py:ReadinessService._worker_check,scripts/qa/t13d_configuration_benchmark.py:EmptyRuleRows.all,POTENTIAL_DISTINCT_SEMANTICS,[],[],[],Preserved name-inferred target; known concrete sink witnesses retained. No runtime or authority proof is inferred from the name.,False,False,False
778,app/services/readiness_service.py:ReadinessService._worker_registration_check,scripts/qa/t13d_configuration_benchmark.py:EmptyRuleRows.all,POTENTIAL_DISTINCT_SEMANTICS,[],[],[],Preserved name-inferred target; known concrete sink witnesses retained. No runtime or authority proof is inferred from the name.,False,False,False
779,app/services/readiness_service.py:ReadinessService._worker_registration_check,scripts/qa/t13d_configuration_benchmark.py:RulePreload.scalars,POTENTIAL_DISTINCT_SEMANTICS,[],[],[],Preserved name-inferred target; known concrete sink witnesses retained. No runtime or authority proof is inferred from the name.,False,False,False
78,app/observability/resource_sampler.py:SystemMetricsCollector.collect_once,app/observability/metrics.py:PrometheusMetrics.set_gauge,POTENTIAL_DISTINCT_SEMANTICS,[],[],[],Preserved name-inferred target; known concrete sink witnesses retained. No runtime or authority proof is inferred from the name.,False,False,False
780,app/services/readiness_service.py:ReadinessService._worker_telemetry_rows,scripts/qa/t13d_configuration_benchmark.py:EmptyRuleRows.all,POTENTIAL_DISTINCT_SEMANTICS,[],[],[],Preserved name-inferred target; known concrete sink witnesses retained. No runtime or authority proof is inferred from the name.,False,False,False
781,app/services/readiness_service.py:ReadinessService.core_report,app/services/fundamental_ranker_v2.py:FundamentalsV2Config.items,POTENTIAL_DISTINCT_SEMANTICS,[],[],[],Preserved name-inferred target; known concrete sink witnesses retained. No runtime or authority proof is inferred from the name.,False,False,False
782,app/services/readiness_service.py:ReadinessService.report,app/services/fundamental_ranker_v2.py:FundamentalsV2Config.items,POTENTIAL_DISTINCT_SEMANTICS,[],[],[],Preserved name-inferred target; known concrete sink witnesses retained. No runtime or authority proof is inferred from the name.,False,False,False
783,app/services/readiness_service.py:_unhealthy_job_counts,scripts/profile_sec_performance.py:ProfilingSession.scalar,POTENTIAL_DISTINCT_SEMANTICS,[],[],[],Preserved name-inferred target; known concrete sink witnesses retained. No runtime or authority proof is inferred from the name.,False,False,False
784,app/services/redaction.py:_assignment_replacement,app/services/ceri/estimate_deduplicator.py:CeriEstimateDeduplicator.group,POTENTIAL_DISTINCT_SEMANTICS,[],[],[],Preserved name-inferred target; known concrete sink witnesses retained. No runtime or authority proof is inferred from the name.,False,False,False
785,app/services/redaction.py:redact_sensitive,app/observability/logging.py:JsonLogFormatter.format,POTENTIAL_DISTINCT_SEMANTICS,[],[],[],Preserved name-inferred target; known concrete sink witnesses retained. No runtime or authority proof is inferred from the name.,False,False,False
786,app/services/redaction.py:redact_sensitive,app/services/fundamental_ranker_v2.py:FundamentalsV2Config.items,POTENTIAL_DISTINCT_SEMANTICS,[],[],[],Preserved name-inferred target; known concrete sink witnesses retained. No runtime or authority proof is inferred from the name.,False,False,False
787,app/services/redaction.py:redact_text,app/services/ceri/estimate_deduplicator.py:CeriEstimateDeduplicator.group,POTENTIAL_DISTINCT_SEMANTICS,[],[],[],Preserved name-inferred target; known concrete sink witnesses retained. No runtime or authority proof is inferred from the name.,False,False,False
788,app/services/relative_leadership.py:rank_technical_universe,app/services/fundamental_ranker_v2.py:FundamentalsV2Config.items,POTENTIAL_DISTINCT_SEMANTICS,[],[],[],Preserved name-inferred target; known concrete sink witnesses retained. No runtime or authority proof is inferred from the name.,False,False,False
789,app/services/relative_leadership.py:rank_technical_universe,scripts/qa/t13d_configuration_benchmark.py:EmptyRuleRows.all,POTENTIAL_DISTINCT_SEMANTICS,[],[],[],Preserved name-inferred target; known concrete sink witnesses retained. No runtime or authority proof is inferred from the name.,False,False,False
79,app/observability/resource_sampler.py:_fault_contained_sample,app/observability/metrics.py:PrometheusMetrics.increment,POTENTIAL_DISTINCT_SEMANTICS,[],[],[],Preserved name-inferred target; known concrete sink witnesses retained. No runtime or authority proof is inferred from the name.,False,False,False
790,app/services/runtime_identity_recovery.py:verified_recovery_state,app/services/fundamental_ranker_v2.py:FundamentalsV2Config.items,POTENTIAL_DISTINCT_SEMANTICS,[],[],[],Preserved name-inferred target; known concrete sink witnesses retained. No runtime or authority proof is inferred from the name.,False,False,False
791,app/services/sector_benchmark_service.py:resolutions_for_tickers,app/services/fundamental_ranker_v2.py:FundamentalsV2Config.items,POTENTIAL_DISTINCT_SEMANTICS,[],[],[],Preserved name-inferred target; known concrete sink witnesses retained. No runtime or authority proof is inferred from the name.,False,False,False
792,app/services/sector_etf_rotation_service.py:_weighted_score,app/services/fundamental_ranker_v2.py:FundamentalsV2Config.items,POTENTIAL_DISTINCT_SEMANTICS,[],[],[],Preserved name-inferred target; known concrete sink witnesses retained. No runtime or authority proof is inferred from the name.,False,False,False
793,app/services/sector_leadership_service.py:SectorLeadershipService.build,app/services/fundamental_ranker_v2.py:FundamentalsV2Config.items,POTENTIAL_DISTINCT_SEMANTICS,[],[],[],Preserved name-inferred target; known concrete sink witnesses retained. No runtime or authority proof is inferred from the name.,False,False,False
794,app/services/sector_leadership_service.py:_fundamentals_for_run,scripts/qa/t13d_configuration_benchmark.py:RulePreload.scalars,POTENTIAL_DISTINCT_SEMANTICS,[],[],[],Preserved name-inferred target; known concrete sink witnesses retained. No runtime or authority proof is inferred from the name.,False,False,False
795,app/services/sector_leadership_service.py:_ranking_results_for_run,scripts/qa/t13d_configuration_benchmark.py:RulePreload.scalars,POTENTIAL_DISTINCT_SEMANTICS,[],[],[],Preserved name-inferred target; known concrete sink witnesses retained. No runtime or authority proof is inferred from the name.,False,False,False
796,app/services/sector_leadership_service.py:_raw_rows_for_run,scripts/qa/t13d_configuration_benchmark.py:RulePreload.scalars,POTENTIAL_DISTINCT_SEMANTICS,[],[],[],Preserved name-inferred target; known concrete sink witnesses retained. No runtime or authority proof is inferred from the name.,False,False,False
797,app/services/sector_leadership_service.py:_technicals_for_run,scripts/qa/t13d_configuration_benchmark.py:RulePreload.scalars,POTENTIAL_DISTINCT_SEMANTICS,[],[],[],Preserved name-inferred target; known concrete sink witnesses retained. No runtime or authority proof is inferred from the name.,False,False,False
798,app/services/sector_rotation_config.py:_validate_etf_proxies,app/services/fundamental_ranker_v2.py:FundamentalsV2Config.items,POTENTIAL_DISTINCT_SEMANTICS,[],[],[],Preserved name-inferred target; known concrete sink witnesses retained. No runtime or authority proof is inferred from the name.,False,False,False
799,app/services/sector_rotation_config.py:_validate_permissions,app/services/fundamental_ranker_v2.py:FundamentalsV2Config.items,POTENTIAL_DISTINCT_SEMANTICS,[],[],[],Preserved name-inferred target; known concrete sink witnesses retained. No runtime or authority proof is inferred from the name.,False,False,False
8,app/observability/db_monitor.py:DatabaseMonitor.status,app/observability/metrics.py:PrometheusMetrics.total,POTENTIAL_DISTINCT_SEMANTICS,[],[],[],Preserved name-inferred target; known concrete sink witnesses retained. No runtime or authority proof is inferred from the name.,False,False,False
80,app/observability/resource_sampler.py:_fault_contained_sample,app/observability/metrics.py:PrometheusMetrics.set_gauge,POTENTIAL_DISTINCT_SEMANTICS,[],[],[],Preserved name-inferred target; known concrete sink witnesses retained. No runtime or authority proof is inferred from the name.,False,False,False
800,app/services/sector_rotation_config.py:_validate_taxonomy,app/services/fundamental_ranker_v2.py:FundamentalsV2Config.items,POTENTIAL_DISTINCT_SEMANTICS,[],[],[],Preserved name-inferred target; known concrete sink witnesses retained. No runtime or authority proof is inferred from the name.,False,False,False
801,app/services/sector_rotation_config.py:_validate_weights,app/services/fundamental_ranker_v2.py:FundamentalsV2Config.items,POTENTIAL_DISTINCT_SEMANTICS,[],[],[],Preserved name-inferred target; known concrete sink witnesses retained. No runtime or authority proof is inferred from the name.,False,False,False
802,app/services/sector_rotation_config.py:sector_rotation_config_hash,app/services/canonical_evidence.py:CanonicalEvidenceSerializer.dumps,POTENTIAL_DISTINCT_SEMANTICS,[],[],[],Preserved name-inferred target; known concrete sink witnesses retained. No runtime or authority proof is inferred from the name.,False,False,False
803,app/services/sector_rotation_export_service.py:export_sector_rotation_json,app/services/canonical_evidence.py:CanonicalEvidenceSerializer.dumps,POTENTIAL_DISTINCT_SEMANTICS,[],[],[],Preserved name-inferred target; known concrete sink witnesses retained. No runtime or authority proof is inferred from the name.,False,False,False
804,app/services/sector_rotation_export_service.py:export_sector_rotation_markdown,app/observability/logging.py:JsonLogFormatter.format,POTENTIAL_DISTINCT_SEMANTICS,[],[],[],Preserved name-inferred target; known concrete sink witnesses retained. No runtime or authority proof is inferred from the name.,False,False,False
805,app/services/sector_rotation_repository.py:SectorRotationRepository._latest_logical_snapshot,scripts/profile_sec_performance.py:ProfilingSession.scalar,POTENTIAL_DISTINCT_SEMANTICS,[],[],[],Preserved name-inferred target; known concrete sink witnesses retained. No runtime or authority proof is inferred from the name.,False,False,False
806,app/services/sector_rotation_repository.py:SectorRotationRepository._matching_snapshot,scripts/profile_sec_performance.py:ProfilingSession.scalar,POTENTIAL_DISTINCT_SEMANTICS,[],[],[],Preserved name-inferred target; known concrete sink witnesses retained. No runtime or authority proof is inferred from the name.,False,False,False
807,app/services/sector_rotation_repository.py:SectorRotationRepository._validate_source_evidence_kinds,app/services/fundamental_ranker_v2.py:FundamentalsV2Config.items,POTENTIAL_DISTINCT_SEMANTICS,[],[],[],Preserved name-inferred target; known concrete sink witnesses retained. No runtime or authority proof is inferred from the name.,False,False,False
808,app/services/sector_rotation_repository.py:SectorRotationRepository._validate_source_evidence_kinds,scripts/qa/t13d_configuration_benchmark.py:RulePreload.scalars,POTENTIAL_DISTINCT_SEMANTICS,[],[],[],Preserved name-inferred target; known concrete sink witnesses retained. No runtime or authority proof is inferred from the name.,False,False,False
809,app/services/sector_rotation_repository.py:SectorRotationRepository.get_previous_snapshot,scripts/profile_sec_performance.py:ProfilingSession.scalar,POTENTIAL_DISTINCT_SEMANTICS,[],[],[],Preserved name-inferred target; known concrete sink witnesses retained. No runtime or authority proof is inferred from the name.,False,False,False
81,app/prewarm.py:main,app/services/canonical_evidence.py:CanonicalEvidenceSerializer.dumps,POTENTIAL_DISTINCT_SEMANTICS,[],[],[],Preserved name-inferred target; known concrete sink witnesses retained. No runtime or authority proof is inferred from the name.,False,False,False
810,app/services/sector_rotation_repository.py:SectorRotationRepository.get_sector_row,scripts/profile_sec_performance.py:ProfilingSession.scalar,POTENTIAL_DISTINCT_SEMANTICS,[],[],[],Preserved name-inferred target; known concrete sink witnesses retained. No runtime or authority proof is inferred from the name.,False,False,False
811,app/services/sector_rotation_repository.py:SectorRotationRepository.get_snapshot_rows,scripts/qa/t13d_configuration_benchmark.py:RulePreload.scalars,POTENTIAL_DISTINCT_SEMANTICS,[],[],[],Preserved name-inferred target; known concrete sink witnesses retained. No runtime or authority proof is inferred from the name.,False,False,False
812,app/services/sector_rotation_repository.py:SectorRotationRepository.history,scripts/qa/t13d_configuration_benchmark.py:RulePreload.scalars,POTENTIAL_DISTINCT_SEMANTICS,[],[],[],Preserved name-inferred target; known concrete sink witnesses retained. No runtime or authority proof is inferred from the name.,False,False,False
813,app/services/sector_rotation_repository.py:SectorRotationRepository.latest_for_run,scripts/profile_sec_performance.py:ProfilingSession.scalar,POTENTIAL_DISTINCT_SEMANTICS,[],[],[],Preserved name-inferred target; known concrete sink witnesses retained. No runtime or authority proof is inferred from the name.,False,False,False
814,app/services/sector_rotation_repository.py:SectorRotationRepository.latest_for_run_as_of_or_before,scripts/profile_sec_performance.py:ProfilingSession.scalar,POTENTIAL_DISTINCT_SEMANTICS,[],[],[],Preserved name-inferred target; known concrete sink witnesses retained. No runtime or authority proof is inferred from the name.,False,False,False
815,app/services/sector_rotation_repository.py:SectorRotationRepository.latest_global_as_of_or_before,scripts/profile_sec_performance.py:ProfilingSession.scalar,POTENTIAL_DISTINCT_SEMANTICS,[],[],[],Preserved name-inferred target; known concrete sink witnesses retained. No runtime or authority proof is inferred from the name.,False,False,False
816,app/services/sector_rotation_repository.py:SectorRotationRepository.previous_snapshot_candidates,scripts/qa/t13d_configuration_benchmark.py:RulePreload.scalars,POTENTIAL_DISTINCT_SEMANTICS,[],[],[],Preserved name-inferred target; known concrete sink witnesses retained. No runtime or authority proof is inferred from the name.,False,False,False
817,app/services/sector_rotation_repository.py:SectorRotationRepository.save_snapshot,scripts/certify_technical_artifact_cache.py:main.SinkDb.add_all,POTENTIAL_DISTINCT_SEMANTICS,[],[],"[""EF_021cfb93d6813955""]",Preserved name-inferred target; known concrete sink witnesses retained. No runtime or authority proof is inferred from the name.,False,False,False
818,app/services/sector_rotation_repository.py:SectorRotationRepository.snapshot_evidence_hash,app/services/canonical_evidence.py:CanonicalEvidenceSerializer.dumps,POTENTIAL_DISTINCT_SEMANTICS,[],[],[],Preserved name-inferred target; known concrete sink witnesses retained. No runtime or authority proof is inferred from the name.,False,False,False
819,app/services/sector_rotation_service.py:_resolve_as_of_date,scripts/profile_sec_performance.py:ProfilingSession.scalar,POTENTIAL_DISTINCT_SEMANTICS,[],[],[],Preserved name-inferred target; known concrete sink witnesses retained. No runtime or authority proof is inferred from the name.,False,False,False
82,app/routers/ceri_routes.py:_active_manual_review,scripts/profile_sec_performance.py:ProfilingSession.scalar,POTENTIAL_DISTINCT_SEMANTICS,[],[],[],Preserved name-inferred target; known concrete sink witnesses retained. No runtime or authority proof is inferred from the name.,False,False,False
820,app/services/sector_rotation_service.py:build_sector_rotation_snapshot,app/services/core_effective_configuration.py:CoreEffectiveConfiguration.bind,POTENTIAL_DISTINCT_SEMANTICS,[],[],"[""EF_be3b33a649ccba7e""]",Preserved name-inferred target; known concrete sink witnesses retained. No runtime or authority proof is inferred from the name.,False,False,False
821,app/services/sector_rotation_service.py:build_sector_rotation_snapshot,app/services/core_effective_configuration.py:CoreEffectiveConfiguration.require_retry_identity,POTENTIAL_DISTINCT_SEMANTICS,[],[],"[""EF_be3b33a649ccba7e""]",Preserved name-inferred target; known concrete sink witnesses retained. No runtime or authority proof is inferred from the name.,False,False,False
822,app/services/sector_rotation_service.py:build_sector_rotation_snapshot,app/services/fundamental_ranker_v2.py:FundamentalsV2Config.items,POTENTIAL_DISTINCT_SEMANTICS,[],[],"[""EF_be3b33a649ccba7e""]",Preserved name-inferred target; known concrete sink witnesses retained. No runtime or authority proof is inferred from the name.,False,False,False
823,app/services/sector_rotation_service.py:build_sector_rotation_snapshot,scripts/qa/t13d_configuration_benchmark.py:RulePreload.scalars,POTENTIAL_DISTINCT_SEMANTICS,[],[],"[""EF_be3b33a649ccba7e""]",Preserved name-inferred target; known concrete sink witnesses retained. No runtime or authority proof is inferred from the name.,False,False,False
824,app/services/sector_taxonomy.py:normalize_sector_result,app/services/fundamental_ranker_v2.py:FundamentalsV2Config.items,POTENTIAL_DISTINCT_SEMANTICS,[],[],[],Preserved name-inferred target; known concrete sink witnesses retained. No runtime or authority proof is inferred from the name.,False,False,False
825,app/services/sector_universe_service.py:_coherent_compatible_rankings,app/services/fundamental_ranker_v2.py:FundamentalsV2Config.items,POTENTIAL_DISTINCT_SEMANTICS,[],[],[],Preserved name-inferred target; known concrete sink witnesses retained. No runtime or authority proof is inferred from the name.,False,False,False
826,app/services/sector_universe_service.py:_combined_results_for_run,scripts/qa/t13d_configuration_benchmark.py:RulePreload.scalars,POTENTIAL_DISTINCT_SEMANTICS,[],[],[],Preserved name-inferred target; known concrete sink witnesses retained. No runtime or authority proof is inferred from the name.,False,False,False
827,app/services/sector_universe_service.py:_danger_warning_count,app/services/fundamental_ranker_v2.py:FundamentalsV2Config.items,POTENTIAL_DISTINCT_SEMANTICS,[],[],[],Preserved name-inferred target; known concrete sink witnesses retained. No runtime or authority proof is inferred from the name.,False,False,False
828,app/services/sector_universe_service.py:_fundamentals_for_run,scripts/qa/t13d_configuration_benchmark.py:RulePreload.scalars,POTENTIAL_DISTINCT_SEMANTICS,[],[],[],Preserved name-inferred target; known concrete sink witnesses retained. No runtime or authority proof is inferred from the name.,False,False,False
829,app/services/sector_universe_service.py:_profile_distribution,app/services/fundamental_ranker_v2.py:FundamentalsV2Config.items,POTENTIAL_DISTINCT_SEMANTICS,[],[],[],Preserved name-inferred target; known concrete sink witnesses retained. No runtime or authority proof is inferred from the name.,False,False,False
83,app/routers/ceri_routes.py:_load_processing_runs,scripts/qa/t13d_configuration_benchmark.py:EmptyRuleRows.all,POTENTIAL_DISTINCT_SEMANTICS,[],[],[],Preserved name-inferred target; known concrete sink witnesses retained. No runtime or authority proof is inferred from the name.,False,False,False
830,app/services/sector_universe_service.py:_ranking_results_for_run,scripts/qa/t13d_configuration_benchmark.py:RulePreload.scalars,POTENTIAL_DISTINCT_SEMANTICS,[],[],[],Preserved name-inferred target; known concrete sink witnesses retained. No runtime or authority proof is inferred from the name.,False,False,False
831,app/services/sector_universe_service.py:_raw_rows_for_run,scripts/qa/t13d_configuration_benchmark.py:RulePreload.scalars,POTENTIAL_DISTINCT_SEMANTICS,[],[],[],Preserved name-inferred target; known concrete sink witnesses retained. No runtime or authority proof is inferred from the name.,False,False,False
832,app/services/sector_universe_service.py:_technicals_for_run,scripts/qa/t13d_configuration_benchmark.py:RulePreload.scalars,POTENTIAL_DISTINCT_SEMANTICS,[],[],[],Preserved name-inferred target; known concrete sink witnesses retained. No runtime or authority proof is inferred from the name.,False,False,False
833,app/services/sector_universe_service.py:_ticker_records,app/services/fundamental_ranker_v2.py:FundamentalsV2Config.items,POTENTIAL_DISTINCT_SEMANTICS,[],[],[],Preserved name-inferred target; known concrete sink witnesses retained. No runtime or authority proof is inferred from the name.,False,False,False
834,app/services/sector_universe_service.py:_to_metrics,app/services/fundamental_ranker_v2.py:FundamentalsV2Config.items,POTENTIAL_DISTINCT_SEMANTICS,[],[],[],Preserved name-inferred target; known concrete sink witnesses retained. No runtime or authority proof is inferred from the name.,False,False,False
835,app/services/sector_universe_service.py:_universe_score_components,app/services/fundamental_ranker_v2.py:FundamentalsV2Config.items,POTENTIAL_DISTINCT_SEMANTICS,[],[],[],Preserved name-inferred target; known concrete sink witnesses retained. No runtime or authority proof is inferred from the name.,False,False,False
836,app/services/setup_lifecycle/actionability_policy.py:SetupLifecycleActionabilityPolicy.__init__,app/services/decision_effective_configuration.py:DecisionEffectiveConfiguration.setup_config,POTENTIAL_DISTINCT_SEMANTICS,[],[],[],Preserved name-inferred target; known concrete sink witnesses retained. No runtime or authority proof is inferred from the name.,False,False,False
837,app/services/setup_lifecycle/adapter_input_audit.py:adapter_input_specs,app/services/fundamental_ranker_v2.py:FundamentalsV2Config.items,POTENTIAL_DISTINCT_SEMANTICS,[],[],[],Preserved name-inferred target; known concrete sink witnesses retained. No runtime or authority proof is inferred from the name.,False,False,False
838,app/services/setup_lifecycle/adapter_input_audit.py:audit_adapter_input_coverage,app/services/fundamental_ranker_v2.py:FundamentalsV2Config.items,POTENTIAL_DISTINCT_SEMANTICS,[],[],[],Preserved name-inferred target; known concrete sink witnesses retained. No runtime or authority proof is inferred from the name.,False,False,False
839,app/services/setup_lifecycle/alert_service.py:SetupLifecycleAlertService.__init__,app/services/decision_effective_configuration.py:DecisionEffectiveConfiguration.setup_config,POTENTIAL_DISTINCT_SEMANTICS,[],[],[],Preserved name-inferred target; known concrete sink witnesses retained. No runtime or authority proof is inferred from the name.,False,False,False
84,app/routers/ceri_routes.py:_stable_request_key,app/services/canonical_evidence.py:CanonicalEvidenceSerializer.dumps,POTENTIAL_DISTINCT_SEMANTICS,[],[],[],Preserved name-inferred target; known concrete sink witnesses retained. No runtime or authority proof is inferred from the name.,False,False,False
840,app/services/setup_lifecycle/alert_service.py:SetupLifecycleAlertService._rules,scripts/qa/t13d_configuration_benchmark.py:EmptyRuleRows.all,POTENTIAL_DISTINCT_SEMANTICS,[],[],[],Preserved name-inferred target; known concrete sink witnesses retained. No runtime or authority proof is inferred from the name.,False,False,False
841,app/services/setup_lifecycle/alert_service.py:SetupLifecycleAlertService.seed_builtin_rules,app/services/fundamental_ranker_v2.py:FundamentalsV2Config.items,POTENTIAL_DISTINCT_SEMANTICS,[],[],"[""EF_9b54186b1978efc7""]",Preserved name-inferred target; known concrete sink witnesses retained. No runtime or authority proof is inferred from the name.,False,False,False
842,app/services/setup_lifecycle/alert_service.py:SetupLifecycleAlertService.seed_builtin_rules,scripts/qa/t13d_configuration_benchmark.py:EmptyRuleRows.all,POTENTIAL_DISTINCT_SEMANTICS,[],[],"[""EF_9b54186b1978efc7""]",Preserved name-inferred target; known concrete sink witnesses retained. No runtime or authority proof is inferred from the name.,False,False,False
843,app/services/setup_lifecycle/canonicalization.py:SetupLifecycleCanonicalizer.__init__,app/services/decision_effective_configuration.py:DecisionEffectiveConfiguration.setup_config,POTENTIAL_DISTINCT_SEMANTICS,[],[],[],Preserved name-inferred target; known concrete sink witnesses retained. No runtime or authority proof is inferred from the name.,False,False,False
844,app/services/setup_lifecycle/canonicalization.py:_json_value,app/services/fundamental_ranker_v2.py:FundamentalsV2Config.items,POTENTIAL_DISTINCT_SEMANTICS,[],[],[],Preserved name-inferred target; known concrete sink witnesses retained. No runtime or authority proof is inferred from the name.,False,False,False
845,app/services/setup_lifecycle/change_detector.py:SetupLifecycleChangeDetector.__init__,app/services/decision_effective_configuration.py:DecisionEffectiveConfiguration.setup_config,POTENTIAL_DISTINCT_SEMANTICS,[],[],[],Preserved name-inferred target; known concrete sink witnesses retained. No runtime or authority proof is inferred from the name.,False,False,False
846,app/services/setup_lifecycle/change_detector.py:SetupLifecycleChangeDetector.detect_changes,app/services/setup_lifecycle/signal_registry.py:SignalDefinitionRegistry.definitions,POTENTIAL_DISTINCT_SEMANTICS,[],[],[],Preserved name-inferred target; known concrete sink witnesses retained. No runtime or authority proof is inferred from the name.,False,False,False
847,app/services/setup_lifecycle/confidence_service.py:_freshness_and_lineage,app/services/fundamental_ranker_v2.py:FundamentalsV2Config.items,POTENTIAL_DISTINCT_SEMANTICS,[],[],[],Preserved name-inferred target; known concrete sink witnesses retained. No runtime or authority proof is inferred from the name.,False,False,False
848,app/services/setup_lifecycle/config.py:_normalized_component_weights,app/services/fundamental_ranker_v2.py:FundamentalsV2Config.items,POTENTIAL_DISTINCT_SEMANTICS,[],[],[],Preserved name-inferred target; known concrete sink witnesses retained. No runtime or authority proof is inferred from the name.,False,False,False
849,app/services/setup_lifecycle/config.py:_normalized_data,app/services/setup_lifecycle/signal_registry.py:SignalDefinitionRegistry.definitions,POTENTIAL_DISTINCT_SEMANTICS,[],[],[],Preserved name-inferred target; known concrete sink witnesses retained. No runtime or authority proof is inferred from the name.,False,False,False
85,app/routers/ceri_routes.py:execute_ceri_purge,scripts/profile_sec_performance.py:ProfilingSession.scalar,POTENTIAL_DISTINCT_SEMANTICS,[],[],"[""EF_75b98d629a58f4a6""]",Preserved name-inferred target; known concrete sink witnesses retained. No runtime or authority proof is inferred from the name.,False,False,False
850,app/services/setup_lifecycle/config.py:_parse_alert_rule,app/services/fundamental_ranker_v2.py:FundamentalsV2Config.items,POTENTIAL_DISTINCT_SEMANTICS,[],[],[],Preserved name-inferred target; known concrete sink witnesses retained. No runtime or authority proof is inferred from the name.,False,False,False
851,app/services/setup_lifecycle/config.py:_parse_alerts,app/services/fundamental_ranker_v2.py:FundamentalsV2Config.items,POTENTIAL_DISTINCT_SEMANTICS,[],[],[],Preserved name-inferred target; known concrete sink witnesses retained. No runtime or authority proof is inferred from the name.,False,False,False
852,app/services/setup_lifecycle/config.py:_parse_confidence,app/services/fundamental_ranker_v2.py:FundamentalsV2Config.items,POTENTIAL_DISTINCT_SEMANTICS,[],[],[],Preserved name-inferred target; known concrete sink witnesses retained. No runtime or authority proof is inferred from the name.,False,False,False
853,app/services/setup_lifecycle/config.py:_parse_family_policy,app/services/fundamental_ranker_v2.py:FundamentalsV2Config.items,POTENTIAL_DISTINCT_SEMANTICS,[],[],[],Preserved name-inferred target; known concrete sink witnesses retained. No runtime or authority proof is inferred from the name.,False,False,False
854,app/services/setup_lifecycle/config.py:_validate_cross_section_rules,app/services/setup_lifecycle/signal_registry.py:SignalDefinitionRegistry.require,POTENTIAL_DISTINCT_SEMANTICS,[],[],[],Preserved name-inferred target; known concrete sink witnesses retained. No runtime or authority proof is inferred from the name.,False,False,False
855,app/services/setup_lifecycle/config.py:load_setup_lifecycle_config,app/services/canonical_evidence.py:CanonicalEvidenceSerializer.dumps,POTENTIAL_DISTINCT_SEMANTICS,[],[],[],Preserved name-inferred target; known concrete sink witnesses retained. No runtime or authority proof is inferred from the name.,False,False,False
856,app/services/setup_lifecycle/config.py:load_setup_lifecycle_config,app/services/fundamental_ranker_v2.py:FundamentalsV2Config.items,POTENTIAL_DISTINCT_SEMANTICS,[],[],[],Preserved name-inferred target; known concrete sink witnesses retained. No runtime or authority proof is inferred from the name.,False,False,False
857,app/services/setup_lifecycle/config.py:setup_lifecycle_config_hash,app/services/canonical_evidence.py:CanonicalEvidenceSerializer.dumps,POTENTIAL_DISTINCT_SEMANTICS,[],[],[],Preserved name-inferred target; known concrete sink witnesses retained. No runtime or authority proof is inferred from the name.,False,False,False
858,app/services/setup_lifecycle/decision_evidence.py:persist_alert_decision_evidence,scripts/profile_sec_performance.py:ProfilingSession.scalar,POTENTIAL_DISTINCT_SEMANTICS,[],[],"[""EF_12960f471203b24d""]",Preserved name-inferred target; known concrete sink witnesses retained. No runtime or authority proof is inferred from the name.,False,False,False
859,app/services/setup_lifecycle/decision_evidence.py:persist_alert_rule_evidence,scripts/profile_sec_performance.py:ProfilingSession.scalar,POTENTIAL_DISTINCT_SEMANTICS,[],[],"[""EF_4a7754d23dd80087""]",Preserved name-inferred target; known concrete sink witnesses retained. No runtime or authority proof is inferred from the name.,False,False,False
86,app/routers/ceri_routes.py:export_ceri_csv,app/services/ceri/export_service.py:CeriExportResult.to_csv,POTENTIAL_DISTINCT_SEMANTICS,[],[],[],Preserved name-inferred target; known concrete sink witnesses retained. No runtime or authority proof is inferred from the name.,False,False,False
860,app/services/setup_lifecycle/decision_evidence.py:persist_lifecycle_evaluation_evidence,app/services/core_effective_configuration.py:CoreEffectiveConfiguration.bind,POTENTIAL_DISTINCT_SEMANTICS,[],[],"[""EF_16c693b72a6392ab""]",Preserved name-inferred target; known concrete sink witnesses retained. No runtime or authority proof is inferred from the name.,False,False,False
861,app/services/setup_lifecycle/decision_evidence.py:persist_lifecycle_evaluation_evidence,scripts/profile_sec_performance.py:ProfilingSession.scalar,POTENTIAL_DISTINCT_SEMANTICS,[],[],"[""EF_16c693b72a6392ab""]",Preserved name-inferred target; known concrete sink witnesses retained. No runtime or authority proof is inferred from the name.,False,False,False
862,app/services/setup_lifecycle/decision_evidence.py:persist_lifecycle_transition_evidence,scripts/profile_sec_performance.py:ProfilingSession.scalar,POTENTIAL_DISTINCT_SEMANTICS,[],[],"[""EF_2ccea74c5c437507""]",Preserved name-inferred target; known concrete sink witnesses retained. No runtime or authority proof is inferred from the name.,False,False,False
863,app/services/setup_lifecycle/decision_evidence.py:persist_observation_gap_evaluation_evidence,app/services/core_effective_configuration.py:CoreEffectiveConfiguration.bind,POTENTIAL_DISTINCT_SEMANTICS,[],[],"[""EF_e9f698aec5b69e29""]",Preserved name-inferred target; known concrete sink witnesses retained. No runtime or authority proof is inferred from the name.,False,False,False
864,app/services/setup_lifecycle/decision_evidence.py:persist_observation_gap_evaluation_evidence,scripts/profile_sec_performance.py:ProfilingSession.scalar,POTENTIAL_DISTINCT_SEMANTICS,[],[],"[""EF_e9f698aec5b69e29""]",Preserved name-inferred target; known concrete sink witnesses retained. No runtime or authority proof is inferred from the name.,False,False,False
865,app/services/setup_lifecycle/decision_evidence.py:prior_generated_alert_decision,scripts/profile_sec_performance.py:ProfilingSession.scalar,POTENTIAL_DISTINCT_SEMANTICS,[],[],[],Preserved name-inferred target; known concrete sink witnesses retained. No runtime or authority proof is inferred from the name.,False,False,False
866,app/services/setup_lifecycle/episode_service.py:SetupLifecycleEpisodeService.__init__,app/services/decision_effective_configuration.py:DecisionEffectiveConfiguration.setup_config,POTENTIAL_DISTINCT_SEMANTICS,[],[],[],Preserved name-inferred target; known concrete sink witnesses retained. No runtime or authority proof is inferred from the name.,False,False,False
867,app/services/setup_lifecycle/episode_service.py:_signal_values,app/services/fundamental_ranker_v2.py:FundamentalsV2Config.items,POTENTIAL_DISTINCT_SEMANTICS,[],[],[],Preserved name-inferred target; known concrete sink witnesses retained. No runtime or authority proof is inferred from the name.,False,False,False
868,app/services/setup_lifecycle/episode_service.py:normalized_snapshot_from_row,app/services/fundamental_ranker_v2.py:FundamentalsV2Config.items,POTENTIAL_DISTINCT_SEMANTICS,[],[],[],Preserved name-inferred target; known concrete sink witnesses retained. No runtime or authority proof is inferred from the name.,False,False,False
869,app/services/setup_lifecycle/evaluation_service.py:SetupLifecycleEvaluationService.__init__,app/services/decision_effective_configuration.py:DecisionEffectiveConfiguration.setup_config,POTENTIAL_DISTINCT_SEMANTICS,[],[],[],Preserved name-inferred target; known concrete sink witnesses retained. No runtime or authority proof is inferred from the name.,False,False,False
87,app/routers/ceri_routes.py:export_ceri_json,app/services/ceri/export_service.py:CeriExportResult.to_json,POTENTIAL_DISTINCT_SEMANTICS,[],[],[],Preserved name-inferred target; known concrete sink witnesses retained. No runtime or authority proof is inferred from the name.,False,False,False
870,app/services/setup_lifecycle/evaluation_service.py:SetupLifecycleEvaluationService._evaluate_lifecycle_episodes,app/services/fundamental_ranker_v2.py:FundamentalsV2Config.items,POTENTIAL_DISTINCT_SEMANTICS,[],[],[],Preserved name-inferred target; known concrete sink witnesses retained. No runtime or authority proof is inferred from the name.,False,False,False
871,app/services/setup_lifecycle/evaluation_service.py:_canonicalize_run,app/services/setup_lifecycle/canonicalization.py:SetupLifecycleCanonicalizer.canonicalize_run,RESOLVED_TO_CERTIFIED_FAMILY,"[""app/services/setup_lifecycle/repository.py:SetupLifecycleRepository.add"", ""app/services/setup_lifecycle/repository.py:SetupLifecycleRepository.add_lifecycle_event"", ""app/services/setup_lifecycle/repository.py:SetupLifecycleRepository.advance_canonical_selection"", ""app/services/setup_lifecycle/repository.py:SetupLifecycleRepository.record_snapshot_canonical_decision""]","[""WF_SETUP_CURRENT_SELECTION"", ""WF_SETUP_TRANSITION_EVENT_STATE"", ""WF_SETUP_TYPED_REPOSITORY""]",[],Preserved name-inferred target; known concrete sink witnesses retained. No runtime or authority proof is inferred from the name.,False,False,False
872,app/services/setup_lifecycle/export_service.py:_cell,app/services/canonical_evidence.py:CanonicalEvidenceSerializer.dumps,POTENTIAL_DISTINCT_SEMANTICS,[],[],[],Preserved name-inferred target; known concrete sink witnesses retained. No runtime or authority proof is inferred from the name.,False,False,False
873,app/services/setup_lifecycle/export_service.py:export_json,app/services/canonical_evidence.py:CanonicalEvidenceSerializer.dumps,POTENTIAL_DISTINCT_SEMANTICS,[],[],[],Preserved name-inferred target; known concrete sink witnesses retained. No runtime or authority proof is inferred from the name.,False,False,False
874,app/services/setup_lifecycle/export_service.py:setup_lifecycle_point_in_time_features,scripts/profile_sec_performance.py:ProfilingSession.scalar,POTENTIAL_DISTINCT_SEMANTICS,[],[],[],Preserved name-inferred target; known concrete sink witnesses retained. No runtime or authority proof is inferred from the name.,False,False,False
875,app/services/setup_lifecycle/export_service.py:setup_lifecycle_point_in_time_features,scripts/qa/t13d_configuration_benchmark.py:RulePreload.scalars,POTENTIAL_DISTINCT_SEMANTICS,[],[],[],Preserved name-inferred target; known concrete sink witnesses retained. No runtime or authority proof is inferred from the name.,False,False,False
876,app/services/setup_lifecycle/lifecycle_engine.py:SetupLifecycleEngine.__init__,app/services/decision_effective_configuration.py:DecisionEffectiveConfiguration.setup_config,POTENTIAL_DISTINCT_SEMANTICS,[],[],[],Preserved name-inferred target; known concrete sink witnesses retained. No runtime or authority proof is inferred from the name.,False,False,False
877,app/services/setup_lifecycle/maintenance_service.py:SetupLifecycleMaintenanceService._active_episodes,scripts/qa/t13d_configuration_benchmark.py:RulePreload.scalars,POTENTIAL_DISTINCT_SEMANTICS,[],[],[],Preserved name-inferred target; known concrete sink witnesses retained. No runtime or authority proof is inferred from the name.,False,False,False
878,app/services/setup_lifecycle/maintenance_service.py:SetupLifecycleMaintenanceService._lifecycle_events,scripts/qa/t13d_configuration_benchmark.py:RulePreload.scalars,POTENTIAL_DISTINCT_SEMANTICS,[],[],[],Preserved name-inferred target; known concrete sink witnesses retained. No runtime or authority proof is inferred from the name.,False,False,False
879,app/services/setup_lifecycle/maintenance_service.py:SetupLifecycleMaintenanceService._repair_snapshots,scripts/qa/t13d_configuration_benchmark.py:RulePreload.scalars,POTENTIAL_DISTINCT_SEMANTICS,[],[],[],Preserved name-inferred target; known concrete sink witnesses retained. No runtime or authority proof is inferred from the name.,False,False,False
88,app/routers/ceri_routes.py:review_ceri_event,scripts/profile_sec_performance.py:ProfilingSession.scalar,POTENTIAL_DISTINCT_SEMANTICS,[],[],"[""EF_eee5b61f60223f9a""]",Preserved name-inferred target; known concrete sink witnesses retained. No runtime or authority proof is inferred from the name.,False,False,False
880,app/services/setup_lifecycle/maintenance_service.py:SetupLifecycleMaintenanceService._signal_change_events,scripts/qa/t13d_configuration_benchmark.py:RulePreload.scalars,POTENTIAL_DISTINCT_SEMANTICS,[],[],[],Preserved name-inferred target; known concrete sink witnesses retained. No runtime or authority proof is inferred from the name.,False,False,False
881,app/services/setup_lifecycle/query_service.py:SetupLifecycleQueryService._no_material_changes,scripts/qa/t13d_configuration_benchmark.py:RulePreload.scalars,POTENTIAL_DISTINCT_SEMANTICS,[],[],[],Preserved name-inferred target; known concrete sink witnesses retained. No runtime or authority proof is inferred from the name.,False,False,False
882,app/services/setup_lifecycle/query_service.py:SetupLifecycleQueryService.alerts,scripts/qa/t13d_configuration_benchmark.py:RulePreload.scalars,POTENTIAL_DISTINCT_SEMANTICS,[],[],[],Preserved name-inferred target; known concrete sink witnesses retained. No runtime or authority proof is inferred from the name.,False,False,False
883,app/services/setup_lifecycle/query_service.py:SetupLifecycleQueryService.diagnostics,scripts/profile_sec_performance.py:ProfilingSession.scalar,POTENTIAL_DISTINCT_SEMANTICS,[],[],[],Preserved name-inferred target; known concrete sink witnesses retained. No runtime or authority proof is inferred from the name.,False,False,False
884,app/services/setup_lifecycle/query_service.py:SetupLifecycleQueryService.episode_detail,scripts/qa/t13d_configuration_benchmark.py:RulePreload.scalars,POTENTIAL_DISTINCT_SEMANTICS,[],[],[],Preserved name-inferred target; known concrete sink witnesses retained. No runtime or authority proof is inferred from the name.,False,False,False
885,app/services/setup_lifecycle/query_service.py:SetupLifecycleQueryService.operations,scripts/qa/t13d_configuration_benchmark.py:RulePreload.scalars,POTENTIAL_DISTINCT_SEMANTICS,[],[],[],Preserved name-inferred target; known concrete sink witnesses retained. No runtime or authority proof is inferred from the name.,False,False,False
886,app/services/setup_lifecycle/query_service.py:SetupLifecycleQueryService.ticker_timeline,scripts/qa/t13d_configuration_benchmark.py:RulePreload.scalars,POTENTIAL_DISTINCT_SEMANTICS,[],[],[],Preserved name-inferred target; known concrete sink witnesses retained. No runtime or authority proof is inferred from the name.,False,False,False
887,app/services/setup_lifecycle/query_service.py:_alerts_summary,scripts/qa/t13d_configuration_benchmark.py:EmptyRuleRows.all,POTENTIAL_DISTINCT_SEMANTICS,[],[],[],Preserved name-inferred target; known concrete sink witnesses retained. No runtime or authority proof is inferred from the name.,False,False,False
888,app/services/setup_lifecycle/query_service.py:_combined_change_page_rows,scripts/qa/t13d_configuration_benchmark.py:EmptyRuleRows.all,POTENTIAL_DISTINCT_SEMANTICS,[],[],[],Preserved name-inferred target; known concrete sink witnesses retained. No runtime or authority proof is inferred from the name.,False,False,False
889,app/services/setup_lifecycle/query_service.py:_count,scripts/profile_sec_performance.py:ProfilingSession.scalar,POTENTIAL_DISTINCT_SEMANTICS,[],[],[],Preserved name-inferred target; known concrete sink witnesses retained. No runtime or authority proof is inferred from the name.,False,False,False
89,app/routers/health_routes.py:_record_readiness,app/observability/metrics.py:PrometheusMetrics.set_gauge,POTENTIAL_DISTINCT_SEMANTICS,[],[],[],Preserved name-inferred target; known concrete sink witnesses retained. No runtime or authority proof is inferred from the name.,False,False,False
890,app/services/setup_lifecycle/query_service.py:_distinct,scripts/qa/t13d_configuration_benchmark.py:RulePreload.scalars,POTENTIAL_DISTINCT_SEMANTICS,[],[],[],Preserved name-inferred target; known concrete sink witnesses retained. No runtime or authority proof is inferred from the name.,False,False,False
891,app/services/setup_lifecycle/query_service.py:_encode_change_cursor,app/services/canonical_evidence.py:CanonicalEvidenceSerializer.dumps,POTENTIAL_DISTINCT_SEMANTICS,[],[],[],Preserved name-inferred target; known concrete sink witnesses retained. No runtime or authority proof is inferred from the name.,False,False,False
892,app/services/setup_lifecycle/query_service.py:_encode_timeline_cursor,app/services/canonical_evidence.py:CanonicalEvidenceSerializer.dumps,POTENTIAL_DISTINCT_SEMANTICS,[],[],[],Preserved name-inferred target; known concrete sink witnesses retained. No runtime or authority proof is inferred from the name.,False,False,False
893,app/services/setup_lifecycle/query_service.py:_job_count,scripts/profile_sec_performance.py:ProfilingSession.scalar,POTENTIAL_DISTINCT_SEMANTICS,[],[],[],Preserved name-inferred target; known concrete sink witnesses retained. No runtime or authority proof is inferred from the name.,False,False,False
894,app/services/setup_lifecycle/query_service.py:_low_confidence_share,scripts/profile_sec_performance.py:ProfilingSession.scalar,POTENTIAL_DISTINCT_SEMANTICS,[],[],[],Preserved name-inferred target; known concrete sink witnesses retained. No runtime or authority proof is inferred from the name.,False,False,False
895,app/services/setup_lifecycle/query_service.py:_prime_market_change_payload_context,app/services/fundamental_ranker_v2.py:FundamentalsV2Config.items,POTENTIAL_DISTINCT_SEMANTICS,[],[],[],Preserved name-inferred target; known concrete sink witnesses retained. No runtime or authority proof is inferred from the name.,False,False,False
896,app/services/setup_lifecycle/query_service.py:_prime_market_change_payload_context,scripts/qa/t13d_configuration_benchmark.py:EmptyRuleRows.all,POTENTIAL_DISTINCT_SEMANTICS,[],[],[],Preserved name-inferred target; known concrete sink witnesses retained. No runtime or authority proof is inferred from the name.,False,False,False
897,app/services/setup_lifecycle/query_service.py:_prime_market_change_payload_context,scripts/qa/t13d_configuration_benchmark.py:RulePreload.scalars,POTENTIAL_DISTINCT_SEMANTICS,[],[],[],Preserved name-inferred target; known concrete sink witnesses retained. No runtime or authority proof is inferred from the name.,False,False,False
898,app/services/setup_lifecycle/query_service.py:_prime_no_material_payload_context,scripts/qa/t13d_configuration_benchmark.py:EmptyRuleRows.all,POTENTIAL_DISTINCT_SEMANTICS,[],[],[],Preserved name-inferred target; known concrete sink witnesses retained. No runtime or authority proof is inferred from the name.,False,False,False
899,app/services/setup_lifecycle/query_service.py:_prime_no_material_payload_context,scripts/qa/t13d_configuration_benchmark.py:RulePreload.scalars,POTENTIAL_DISTINCT_SEMANTICS,[],[],[],Preserved name-inferred target; known concrete sink witnesses retained. No runtime or authority proof is inferred from the name.,False,False,False
9,app/observability/db_monitor.py:DatabaseMonitor.transaction_end,app/observability/db_monitor.py:SqlSummary.add_transaction,POTENTIAL_DISTINCT_SEMANTICS,[],[],[],Preserved name-inferred target; known concrete sink witnesses retained. No runtime or authority proof is inferred from the name.,False,False,False
90,app/routers/health_routes.py:metrics,app/observability/metrics.py:PrometheusMetrics.as_prometheus,POTENTIAL_DISTINCT_SEMANTICS,[],[],[],Preserved name-inferred target; known concrete sink witnesses retained. No runtime or authority proof is inferred from the name.,False,False,False
900,app/services/setup_lifecycle/query_service.py:_rows_by_id,scripts/qa/t13d_configuration_benchmark.py:EmptyRuleRows.all,POTENTIAL_DISTINCT_SEMANTICS,[],[],[],Preserved name-inferred target; known concrete sink witnesses retained. No runtime or authority proof is inferred from the name.,False,False,False
901,app/services/setup_lifecycle/query_service.py:_rows_by_id,scripts/qa/t13d_configuration_benchmark.py:RulePreload.scalars,POTENTIAL_DISTINCT_SEMANTICS,[],[],[],Preserved name-inferred target; known concrete sink witnesses retained. No runtime or authority proof is inferred from the name.,False,False,False
902,app/services/setup_lifecycle/query_service.py:_snapshot_rows_by_id,scripts/qa/t13d_configuration_benchmark.py:EmptyRuleRows.all,POTENTIAL_DISTINCT_SEMANTICS,[],[],[],Preserved name-inferred target; known concrete sink witnesses retained. No runtime or authority proof is inferred from the name.,False,False,False
903,app/services/setup_lifecycle/query_service.py:_snapshot_rows_by_id,scripts/qa/t13d_configuration_benchmark.py:RulePreload.scalars,POTENTIAL_DISTINCT_SEMANTICS,[],[],[],Preserved name-inferred target; known concrete sink witnesses retained. No runtime or authority proof is inferred from the name.,False,False,False
904,app/services/setup_lifecycle/query_service.py:_stale_lease_count,scripts/profile_sec_performance.py:ProfilingSession.scalar,POTENTIAL_DISTINCT_SEMANTICS,[],[],[],Preserved name-inferred target; known concrete sink witnesses retained. No runtime or authority proof is inferred from the name.,False,False,False
905,app/services/setup_lifecycle/query_service.py:market_change_payload,app/services/fundamental_ranker_v2.py:FundamentalsV2Config.items,POTENTIAL_DISTINCT_SEMANTICS,[],[],[],Preserved name-inferred target; known concrete sink witnesses retained. No runtime or authority proof is inferred from the name.,False,False,False
906,app/services/setup_lifecycle/query_service.py:market_change_payload,scripts/profile_sec_performance.py:ProfilingSession.scalar,POTENTIAL_DISTINCT_SEMANTICS,[],[],[],Preserved name-inferred target; known concrete sink witnesses retained. No runtime or authority proof is inferred from the name.,False,False,False
907,app/services/setup_lifecycle/query_service.py:no_material_change_payload,app/services/fundamental_ranker_v2.py:FundamentalsV2Config.items,POTENTIAL_DISTINCT_SEMANTICS,[],[],[],Preserved name-inferred target; known concrete sink witnesses retained. No runtime or authority proof is inferred from the name.,False,False,False
908,app/services/setup_lifecycle/query_service.py:no_material_change_payload,scripts/profile_sec_performance.py:ProfilingSession.scalar,POTENTIAL_DISTINCT_SEMANTICS,[],[],[],Preserved name-inferred target; known concrete sink witnesses retained. No runtime or authority proof is inferred from the name.,False,False,False
909,app/services/setup_lifecycle/replay_service.py:SetupLifecycleReplayService.__init__,app/services/decision_effective_configuration.py:DecisionEffectiveConfiguration.setup_config,POTENTIAL_DISTINCT_SEMANTICS,[],[],[],Preserved name-inferred target; known concrete sink witnesses retained. No runtime or authority proof is inferred from the name.,False,False,False
91,app/routers/health_routes.py:ready,app/services/readiness_service.py:ReadinessReport.response_checks,POTENTIAL_DISTINCT_SEMANTICS,[],[],[],Preserved name-inferred target; known concrete sink witnesses retained. No runtime or authority proof is inferred from the name.,False,False,False
910,app/services/setup_lifecycle/replay_service.py:SetupLifecycleReplayService._alert_differences,scripts/qa/t13d_configuration_benchmark.py:RulePreload.scalars,POTENTIAL_DISTINCT_SEMANTICS,[],[],[],Preserved name-inferred target; known concrete sink witnesses retained. No runtime or authority proof is inferred from the name.,False,False,False
911,app/services/setup_lifecycle/replay_service.py:SetupLifecycleReplayService._changed_primary_episode,scripts/profile_sec_performance.py:ProfilingSession.scalar,POTENTIAL_DISTINCT_SEMANTICS,[],[],[],Preserved name-inferred target; known concrete sink witnesses retained. No runtime or authority proof is inferred from the name.,False,False,False
912,app/services/setup_lifecycle/replay_service.py:SetupLifecycleReplayService._current_events,scripts/qa/t13d_configuration_benchmark.py:RulePreload.scalars,POTENTIAL_DISTINCT_SEMANTICS,[],[],[],Preserved name-inferred target; known concrete sink witnesses retained. No runtime or authority proof is inferred from the name.,False,False,False
913,app/services/setup_lifecycle/replay_service.py:SetupLifecycleReplayService._snapshots,scripts/qa/t13d_configuration_benchmark.py:RulePreload.scalars,POTENTIAL_DISTINCT_SEMANTICS,[],[],[],Preserved name-inferred target; known concrete sink witnesses retained. No runtime or authority proof is inferred from the name.,False,False,False
914,app/services/setup_lifecycle/repository.py:SetupLifecycleRepository._apply_snapshot_fields,app/services/fundamental_ranker_v2.py:FundamentalsV2Config.items,POTENTIAL_DISTINCT_SEMANTICS,[],[],[],Preserved name-inferred target; known concrete sink witnesses retained. No runtime or authority proof is inferred from the name.,False,False,False
915,app/services/setup_lifecycle/repository.py:SetupLifecycleRepository._count,scripts/profile_sec_performance.py:ProfilingSession.scalar,POTENTIAL_DISTINCT_SEMANTICS,[],[],[],Preserved name-inferred target; known concrete sink witnesses retained. No runtime or authority proof is inferred from the name.,False,False,False
916,app/services/setup_lifecycle/repository.py:SetupLifecycleRepository.active_episode_for_update,scripts/profile_sec_performance.py:ProfilingSession.scalar,POTENTIAL_DISTINCT_SEMANTICS,[],[],[],Preserved name-inferred target; known concrete sink witnesses retained. No runtime or authority proof is inferred from the name.,False,False,False
917,app/services/setup_lifecycle/repository.py:SetupLifecycleRepository.active_episodes_for_keys,scripts/qa/t13d_configuration_benchmark.py:RulePreload.scalars,POTENTIAL_DISTINCT_SEMANTICS,[],[],[],Preserved name-inferred target; known concrete sink witnesses retained. No runtime or authority proof is inferred from the name.,False,False,False
918,app/services/setup_lifecycle/repository.py:SetupLifecycleRepository.active_episodes_for_ticker,scripts/qa/t13d_configuration_benchmark.py:RulePreload.scalars,POTENTIAL_DISTINCT_SEMANTICS,[],[],[],Preserved name-inferred target; known concrete sink witnesses retained. No runtime or authority proof is inferred from the name.,False,False,False
919,app/services/setup_lifecycle/repository.py:SetupLifecycleRepository.add_alert_event,scripts/profile_sec_performance.py:ProfilingSession.scalar,POTENTIAL_DISTINCT_SEMANTICS,[],[],"[""EF_17cd4c0e3faace6e""]",Preserved name-inferred target; known concrete sink witnesses retained. No runtime or authority proof is inferred from the name.,False,False,False
92,app/routers/health_routes.py:ready,app/services/readiness_service.py:ReadinessReport.response_states,POTENTIAL_DISTINCT_SEMANTICS,[],[],[],Preserved name-inferred target; known concrete sink witnesses retained. No runtime or authority proof is inferred from the name.,False,False,False
920,app/services/setup_lifecycle/repository.py:SetupLifecycleRepository.add_lifecycle_events,scripts/qa/t13d_configuration_benchmark.py:RulePreload.scalars,POTENTIAL_DISTINCT_SEMANTICS,[],[],"[""EF_f6ddec7d59b9a9f3""]",Preserved name-inferred target; known concrete sink witnesses retained. No runtime or authority proof is inferred from the name.,False,False,False
921,app/services/setup_lifecycle/repository.py:SetupLifecycleRepository.advance_canonical_selection,scripts/profile_sec_performance.py:ProfilingSession.scalar,POTENTIAL_DISTINCT_SEMANTICS,[],[],"[""EF_f07d87c600a3ded4""]",Preserved name-inferred target; known concrete sink witnesses retained. No runtime or authority proof is inferred from the name.,False,False,False
922,app/services/setup_lifecycle/repository.py:SetupLifecycleRepository.advance_canonical_selections,scripts/qa/t13d_configuration_benchmark.py:RulePreload.scalars,POTENTIAL_DISTINCT_SEMANTICS,[],[],"[""EF_9e0bf6312cea1b10""]",Preserved name-inferred target; known concrete sink witnesses retained. No runtime or authority proof is inferred from the name.,False,False,False
923,app/services/setup_lifecycle/repository.py:SetupLifecycleRepository.alert_event_by_key,scripts/profile_sec_performance.py:ProfilingSession.scalar,POTENTIAL_DISTINCT_SEMANTICS,[],[],[],Preserved name-inferred target; known concrete sink witnesses retained. No runtime or authority proof is inferred from the name.,False,False,False
924,app/services/setup_lifecycle/repository.py:SetupLifecycleRepository.alert_event_key,app/services/setup_lifecycle/repository.py:SetupLifecycleRepository.stable_key,POTENTIAL_DISTINCT_SEMANTICS,[],[],[],Preserved name-inferred target; known concrete sink witnesses retained. No runtime or authority proof is inferred from the name.,False,False,False
925,app/services/setup_lifecycle/repository.py:SetupLifecycleRepository.alert_rules,scripts/qa/t13d_configuration_benchmark.py:RulePreload.scalars,POTENTIAL_DISTINCT_SEMANTICS,[],[],[],Preserved name-inferred target; known concrete sink witnesses retained. No runtime or authority proof is inferred from the name.,False,False,False
926,app/services/setup_lifecycle/repository.py:SetupLifecycleRepository.apply_evaluation_counts,app/services/fundamental_ranker_v2.py:FundamentalsV2Config.items,POTENTIAL_DISTINCT_SEMANTICS,[],[],"[""EF_48bd32bb045bb8b9""]",Preserved name-inferred target; known concrete sink witnesses retained. No runtime or authority proof is inferred from the name.,False,False,False
927,app/services/setup_lifecycle/repository.py:SetupLifecycleRepository.canonical_snapshot_histories_before,app/services/fundamental_ranker_v2.py:FundamentalsV2Config.items,POTENTIAL_DISTINCT_SEMANTICS,[],[],[],Preserved name-inferred target; known concrete sink witnesses retained. No runtime or authority proof is inferred from the name.,False,False,False
928,app/services/setup_lifecycle/repository.py:SetupLifecycleRepository.canonical_snapshot_histories_before,scripts/qa/t13d_configuration_benchmark.py:RulePreload.scalars,POTENTIAL_DISTINCT_SEMANTICS,[],[],[],Preserved name-inferred target; known concrete sink witnesses retained. No runtime or authority proof is inferred from the name.,False,False,False
929,app/services/setup_lifecycle/repository.py:SetupLifecycleRepository.canonical_snapshot_history,scripts/qa/t13d_configuration_benchmark.py:RulePreload.scalars,POTENTIAL_DISTINCT_SEMANTICS,[],[],[],Preserved name-inferred target; known concrete sink witnesses retained. No runtime or authority proof is inferred from the name.,False,False,False
93,app/routers/health_routes.py:ready_core,app/observability/metrics.py:PrometheusMetrics.set_gauge,POTENTIAL_DISTINCT_SEMANTICS,[],[],[],Preserved name-inferred target; known concrete sink witnesses retained. No runtime or authority proof is inferred from the name.,False,False,False
930,app/services/setup_lifecycle/repository.py:SetupLifecycleRepository.count_active_episodes,scripts/profile_sec_performance.py:ProfilingSession.scalar,POTENTIAL_DISTINCT_SEMANTICS,[],[],[],Preserved name-inferred target; known concrete sink witnesses retained. No runtime or authority proof is inferred from the name.,False,False,False
931,app/services/setup_lifecycle/repository.py:SetupLifecycleRepository.current_cross_session_snapshot,scripts/profile_sec_performance.py:ProfilingSession.scalar,POTENTIAL_DISTINCT_SEMANTICS,[],[],[],Preserved name-inferred target; known concrete sink witnesses retained. No runtime or authority proof is inferred from the name.,False,False,False
932,app/services/setup_lifecycle/repository.py:SetupLifecycleRepository.current_selection_for_key,scripts/profile_sec_performance.py:ProfilingSession.scalar,POTENTIAL_DISTINCT_SEMANTICS,[],[],[],Preserved name-inferred target; known concrete sink witnesses retained. No runtime or authority proof is inferred from the name.,False,False,False
933,app/services/setup_lifecycle/repository.py:SetupLifecycleRepository.current_selection_snapshot_ids,scripts/qa/t13d_configuration_benchmark.py:RulePreload.scalars,POTENTIAL_DISTINCT_SEMANTICS,[],[],[],Preserved name-inferred target; known concrete sink witnesses retained. No runtime or authority proof is inferred from the name.,False,False,False
934,app/services/setup_lifecycle/repository.py:SetupLifecycleRepository.find_snapshot_by_identity,scripts/profile_sec_performance.py:ProfilingSession.scalar,POTENTIAL_DISTINCT_SEMANTICS,[],[],[],Preserved name-inferred target; known concrete sink witnesses retained. No runtime or authority proof is inferred from the name.,False,False,False
935,app/services/setup_lifecycle/repository.py:SetupLifecycleRepository.get_lifecycle_event,scripts/profile_sec_performance.py:ProfilingSession.scalar,POTENTIAL_DISTINCT_SEMANTICS,[],[],[],Preserved name-inferred target; known concrete sink witnesses retained. No runtime or authority proof is inferred from the name.,False,False,False
936,app/services/setup_lifecycle/repository.py:SetupLifecycleRepository.get_signal_change_event,scripts/profile_sec_performance.py:ProfilingSession.scalar,POTENTIAL_DISTINCT_SEMANTICS,[],[],[],Preserved name-inferred target; known concrete sink witnesses retained. No runtime or authority proof is inferred from the name.,False,False,False
937,app/services/setup_lifecycle/repository.py:SetupLifecycleRepository.get_signal_change_events_by_ids,scripts/qa/t13d_configuration_benchmark.py:RulePreload.scalars,POTENTIAL_DISTINCT_SEMANTICS,[],[],[],Preserved name-inferred target; known concrete sink witnesses retained. No runtime or authority proof is inferred from the name.,False,False,False
938,app/services/setup_lifecycle/repository.py:SetupLifecycleRepository.get_snapshots_by_ids,scripts/qa/t13d_configuration_benchmark.py:RulePreload.scalars,POTENTIAL_DISTINCT_SEMANTICS,[],[],[],Preserved name-inferred target; known concrete sink witnesses retained. No runtime or authority proof is inferred from the name.,False,False,False
939,app/services/setup_lifecycle/repository.py:SetupLifecycleRepository.hash_token,app/services/setup_lifecycle/repository.py:SetupLifecycleRepository.stable_key,POTENTIAL_DISTINCT_SEMANTICS,[],[],[],Preserved name-inferred target; known concrete sink witnesses retained. No runtime or authority proof is inferred from the name.,False,False,False
94,app/routers/health_routes.py:ready_core,app/services/readiness_service.py:ReadinessReport.response_checks,POTENTIAL_DISTINCT_SEMANTICS,[],[],[],Preserved name-inferred target; known concrete sink witnesses retained. No runtime or authority proof is inferred from the name.,False,False,False
940,app/services/setup_lifecycle/repository.py:SetupLifecycleRepository.historical_session_canonical_snapshot,scripts/profile_sec_performance.py:ProfilingSession.scalar,POTENTIAL_DISTINCT_SEMANTICS,[],[],[],Preserved name-inferred target; known concrete sink witnesses retained. No runtime or authority proof is inferred from the name.,False,False,False
941,app/services/setup_lifecycle/repository.py:SetupLifecycleRepository.latest_authoritative_evaluation_version,scripts/profile_sec_performance.py:ProfilingSession.scalar,POTENTIAL_DISTINCT_SEMANTICS,[],[],[],Preserved name-inferred target; known concrete sink witnesses retained. No runtime or authority proof is inferred from the name.,False,False,False
942,app/services/setup_lifecycle/repository.py:SetupLifecycleRepository.latest_closed_episode,scripts/profile_sec_performance.py:ProfilingSession.scalar,POTENTIAL_DISTINCT_SEMANTICS,[],[],[],Preserved name-inferred target; known concrete sink witnesses retained. No runtime or authority proof is inferred from the name.,False,False,False
943,app/services/setup_lifecycle/repository.py:SetupLifecycleRepository.lifecycle_episodes_for_keys,scripts/qa/t13d_configuration_benchmark.py:RulePreload.scalars,POTENTIAL_DISTINCT_SEMANTICS,[],[],[],Preserved name-inferred target; known concrete sink witnesses retained. No runtime or authority proof is inferred from the name.,False,False,False
944,app/services/setup_lifecycle/repository.py:SetupLifecycleRepository.lifecycle_event_key,app/services/setup_lifecycle/repository.py:SetupLifecycleRepository.stable_key,POTENTIAL_DISTINCT_SEMANTICS,[],[],[],Preserved name-inferred target; known concrete sink witnesses retained. No runtime or authority proof is inferred from the name.,False,False,False
945,app/services/setup_lifecycle/repository.py:SetupLifecycleRepository.load_canonicalization_candidates,scripts/qa/t13d_configuration_benchmark.py:RulePreload.scalars,POTENTIAL_DISTINCT_SEMANTICS,[],[],[],Preserved name-inferred target; known concrete sink witnesses retained. No runtime or authority proof is inferred from the name.,False,False,False
946,app/services/setup_lifecycle/repository.py:SetupLifecycleRepository.load_snapshots_for_run,scripts/qa/t13d_configuration_benchmark.py:RulePreload.scalars,POTENTIAL_DISTINCT_SEMANTICS,[],[],[],Preserved name-inferred target; known concrete sink witnesses retained. No runtime or authority proof is inferred from the name.,False,False,False
947,app/services/setup_lifecycle/repository.py:SetupLifecycleRepository.previous_canonical_snapshot,scripts/profile_sec_performance.py:ProfilingSession.scalar,POTENTIAL_DISTINCT_SEMANTICS,[],[],[],Preserved name-inferred target; known concrete sink witnesses retained. No runtime or authority proof is inferred from the name.,False,False,False
948,app/services/setup_lifecycle/repository.py:SetupLifecycleRepository.previous_canonical_snapshots,scripts/qa/t13d_configuration_benchmark.py:RulePreload.scalars,POTENTIAL_DISTINCT_SEMANTICS,[],[],[],Preserved name-inferred target; known concrete sink witnesses retained. No runtime or authority proof is inferred from the name.,False,False,False
949,app/services/setup_lifecycle/repository.py:SetupLifecycleRepository.recent_alert_events,scripts/qa/t13d_configuration_benchmark.py:RulePreload.scalars,POTENTIAL_DISTINCT_SEMANTICS,[],[],[],Preserved name-inferred target; known concrete sink witnesses retained. No runtime or authority proof is inferred from the name.,False,False,False
95,app/routers/health_routes.py:ready_core,app/services/readiness_service.py:ReadinessReport.response_states,POTENTIAL_DISTINCT_SEMANTICS,[],[],[],Preserved name-inferred target; known concrete sink witnesses retained. No runtime or authority proof is inferred from the name.,False,False,False
950,app/services/setup_lifecycle/repository.py:SetupLifecycleRepository.signal_change_key,app/services/setup_lifecycle/repository.py:SetupLifecycleRepository.stable_hash,POTENTIAL_DISTINCT_SEMANTICS,[],[],[],Preserved name-inferred target; known concrete sink witnesses retained. No runtime or authority proof is inferred from the name.,False,False,False
951,app/services/setup_lifecycle/repository.py:SetupLifecycleRepository.upsert_alert_rule,scripts/profile_sec_performance.py:ProfilingSession.scalar,POTENTIAL_DISTINCT_SEMANTICS,[],[],"[""EF_9b4d3201debe9ea7""]",Preserved name-inferred target; known concrete sink witnesses retained. No runtime or authority proof is inferred from the name.,False,False,False
952,app/services/setup_lifecycle/repository.py:SetupLifecycleRepository.upsert_snapshots,scripts/certify_technical_artifact_cache.py:main.SinkDb.add_all,POTENTIAL_DISTINCT_SEMANTICS,[],[],"[""EF_dc80507b53b12bdc""]",Preserved name-inferred target; known concrete sink witnesses retained. No runtime or authority proof is inferred from the name.,False,False,False
953,app/services/setup_lifecycle/repository.py:SetupLifecycleRepository.upsert_snapshots,scripts/qa/t13d_configuration_benchmark.py:RulePreload.scalars,POTENTIAL_DISTINCT_SEMANTICS,[],[],"[""EF_dc80507b53b12bdc""]",Preserved name-inferred target; known concrete sink witnesses retained. No runtime or authority proof is inferred from the name.,False,False,False
954,app/services/setup_lifecycle/signal_registry.py:SignalDefinitionRegistry.from_config,app/services/fundamental_ranker_v2.py:FundamentalsV2Config.items,POTENTIAL_DISTINCT_SEMANTICS,[],[],[],Preserved name-inferred target; known concrete sink witnesses retained. No runtime or authority proof is inferred from the name.,False,False,False
955,app/services/setup_lifecycle/snapshot_builder.py:SetupLifecycleSnapshotBuilder.__init__,app/services/decision_effective_configuration.py:DecisionEffectiveConfiguration.setup_config,POTENTIAL_DISTINCT_SEMANTICS,[],[],[],Preserved name-inferred target; known concrete sink witnesses retained. No runtime or authority proof is inferred from the name.,False,False,False
956,app/services/setup_lifecycle/snapshot_builder.py:SetupLifecycleSnapshotBuilder._missing_data,app/services/fundamental_ranker_v2.py:FundamentalsV2Config.items,POTENTIAL_DISTINCT_SEMANTICS,[],[],[],Preserved name-inferred target; known concrete sink witnesses retained. No runtime or authority proof is inferred from the name.,False,False,False
957,app/services/setup_lifecycle/snapshot_builder.py:SetupLifecycleSnapshotBuilder._score_velocities,app/services/fundamental_ranker_v2.py:FundamentalsV2Config.items,POTENTIAL_DISTINCT_SEMANTICS,[],[],[],Preserved name-inferred target; known concrete sink witnesses retained. No runtime or authority proof is inferred from the name.,False,False,False
958,app/services/setup_lifecycle/snapshot_builder.py:SetupLifecycleSnapshotBuilder._score_velocities,app/services/setup_lifecycle/signal_registry.py:SignalDefinitionRegistry.require,POTENTIAL_DISTINCT_SEMANTICS,[],[],[],Preserved name-inferred target; known concrete sink witnesses retained. No runtime or authority proof is inferred from the name.,False,False,False
959,app/services/setup_lifecycle/snapshot_builder.py:SetupLifecycleSnapshotBuilder._signals_json,app/services/setup_lifecycle/signal_registry.py:SignalDefinitionRegistry.definitions,POTENTIAL_DISTINCT_SEMANTICS,[],[],[],Preserved name-inferred target; known concrete sink witnesses retained. No runtime or authority proof is inferred from the name.,False,False,False
96,app/routers/ib_market_intelligence_routes.py:_admin_guard,app/services/ib_market_intelligence/config.py:IBMarketIntelligenceConfig.section,POTENTIAL_DISTINCT_SEMANTICS,[],[],[],Preserved name-inferred target; known concrete sink witnesses retained. No runtime or authority proof is inferred from the name.,False,False,False
960,app/services/setup_lifecycle/snapshot_builder.py:SetupLifecycleSnapshotBuilder._source_values,app/services/setup_lifecycle/signal_registry.py:SignalDefinitionRegistry.definitions,POTENTIAL_DISTINCT_SEMANTICS,[],[],[],Preserved name-inferred target; known concrete sink witnesses retained. No runtime or authority proof is inferred from the name.,False,False,False
961,app/services/setup_lifecycle/snapshot_builder.py:SetupLifecycleSnapshotBuilder.build,app/services/core_effective_configuration.py:CoreEffectiveConfiguration.bind,POTENTIAL_DISTINCT_SEMANTICS,[],[],[],Preserved name-inferred target; known concrete sink witnesses retained. No runtime or authority proof is inferred from the name.,False,False,False
962,app/services/setup_lifecycle/snapshot_builder.py:SetupLifecycleSnapshotCaptureService.__init__,app/services/decision_effective_configuration.py:DecisionEffectiveConfiguration.setup_config,POTENTIAL_DISTINCT_SEMANTICS,[],[],[],Preserved name-inferred target; known concrete sink witnesses retained. No runtime or authority proof is inferred from the name.,False,False,False
963,app/services/setup_lifecycle/snapshot_builder.py:build_run_context_snapshots,app/services/setup_lifecycle/signal_registry.py:SignalDefinitionRegistry.require,POTENTIAL_DISTINCT_SEMANTICS,[],[],[],Preserved name-inferred target; known concrete sink witnesses retained. No runtime or authority proof is inferred from the name.,False,False,False
964,app/services/setup_lifecycle/source_loader.py:SetupLifecycleSourceLoader._latest_market_snapshot,scripts/profile_sec_performance.py:ProfilingSession.scalar,POTENTIAL_DISTINCT_SEMANTICS,[],[],[],Preserved name-inferred target; known concrete sink witnesses retained. No runtime or authority proof is inferred from the name.,False,False,False
965,app/services/setup_lifecycle/source_loader.py:SetupLifecycleSourceLoader._latest_sector_snapshot,scripts/profile_sec_performance.py:ProfilingSession.scalar,POTENTIAL_DISTINCT_SEMANTICS,[],[],[],Preserved name-inferred target; known concrete sink witnesses retained. No runtime or authority proof is inferred from the name.,False,False,False
966,app/services/setup_lifecycle/source_loader.py:SetupLifecycleSourceLoader._load_price_bars,scripts/qa/t13d_configuration_benchmark.py:RulePreload.scalars,POTENTIAL_DISTINCT_SEMANTICS,[],[],[],Preserved name-inferred target; known concrete sink witnesses retained. No runtime or authority proof is inferred from the name.,False,False,False
967,app/services/setup_lifecycle/source_loader.py:SetupLifecycleSourceLoader.load_run_context,app/services/fundamental_ranker_v2.py:FundamentalsV2Config.items,POTENTIAL_DISTINCT_SEMANTICS,[],[],[],Preserved name-inferred target; known concrete sink witnesses retained. No runtime or authority proof is inferred from the name.,False,False,False
968,app/services/setup_lifecycle/source_loader.py:SetupLifecycleSourceLoader.load_run_context,scripts/qa/t13d_configuration_benchmark.py:RulePreload.scalars,POTENTIAL_DISTINCT_SEMANTICS,[],[],[],Preserved name-inferred target; known concrete sink witnesses retained. No runtime or authority proof is inferred from the name.,False,False,False
969,app/services/setup_lifecycle/source_loader.py:_latest_bars_by_ticker,app/services/fundamental_ranker_v2.py:FundamentalsV2Config.items,POTENTIAL_DISTINCT_SEMANTICS,[],[],[],Preserved name-inferred target; known concrete sink witnesses retained. No runtime or authority proof is inferred from the name.,False,False,False
97,app/routers/ib_market_intelligence_routes.py:exclude_fill,scripts/qa/t13d_configuration_benchmark.py:EmptyRuleRows.all,POTENTIAL_DISTINCT_SEMANTICS,[],[],"[""EF_84b99433eae3bc2d""]",Preserved name-inferred target; known concrete sink witnesses retained. No runtime or authority proof is inferred from the name.,False,False,False
970,app/services/setup_quality_v5.py:_weights_for,app/services/fundamental_ranker_v2.py:FundamentalsV2Config.items,POTENTIAL_DISTINCT_SEMANTICS,[],[],[],Preserved name-inferred target; known concrete sink witnesses retained. No runtime or authority proof is inferred from the name.,False,False,False
971,app/services/startup_preflight.py:_resolve_storage_path,app/services/ceri/effective_session_service.py:CeriEffectiveSessionService.resolve,POTENTIAL_DISTINCT_SEMANTICS,[],[],[],Preserved name-inferred target; known concrete sink witnesses retained. No runtime or authority proof is inferred from the name.,False,False,False
972,app/services/startup_preflight.py:run_startup_preflight,app/services/ceri/effective_session_service.py:CeriEffectiveSessionService.resolve,POTENTIAL_DISTINCT_SEMANTICS,[],[],[],Preserved name-inferred target; known concrete sink witnesses retained. No runtime or authority proof is inferred from the name.,False,False,False
973,app/services/supervisor_registry.py:heartbeat_supervisor,app/services/fundamental_ranker_v2.py:FundamentalsV2Config.items,POTENTIAL_DISTINCT_SEMANTICS,[],[],[],Preserved name-inferred target; known concrete sink witnesses retained. No runtime or authority proof is inferred from the name.,False,False,False
974,app/services/supervisor_registry.py:heartbeat_supervisor,app/services/winner_probability/operations_service.py:WinnerProbabilityOperationsService.status,POTENTIAL_DISTINCT_SEMANTICS,[],[],[],Preserved name-inferred target; known concrete sink witnesses retained. No runtime or authority proof is inferred from the name.,False,False,False
975,app/services/supervisor_registry.py:live_supervisors,scripts/qa/t13d_configuration_benchmark.py:EmptyRuleRows.all,POTENTIAL_DISTINCT_SEMANTICS,[],[],[],Preserved name-inferred target; known concrete sink witnesses retained. No runtime or authority proof is inferred from the name.,False,False,False
976,app/services/supervisor_registry.py:live_supervisors,scripts/qa/t13d_configuration_benchmark.py:RulePreload.scalars,POTENTIAL_DISTINCT_SEMANTICS,[],[],[],Preserved name-inferred target; known concrete sink witnesses retained. No runtime or authority proof is inferred from the name.,False,False,False
977,app/services/technical_artifact_cache.py:get_local_artifact,app/services/ceri/observability.py:CeriMetricRegistry.increment,POTENTIAL_DISTINCT_SEMANTICS,[],[],"[""EF_431a8947c0b31cbf""]",Preserved name-inferred target; known concrete sink witnesses retained. No runtime or authority proof is inferred from the name.,False,False,False
978,app/services/technical_artifact_cache.py:get_local_artifact,scripts/profile_sec_performance.py:ProfilingSession.scalar,POTENTIAL_DISTINCT_SEMANTICS,[],[],"[""EF_431a8947c0b31cbf""]",Preserved name-inferred target; known concrete sink witnesses retained. No runtime or authority proof is inferred from the name.,False,False,False
979,app/services/technical_artifact_cache.py:record_local_artifact_shadow_validation,scripts/profile_sec_performance.py:ProfilingSession.scalar,POTENTIAL_DISTINCT_SEMANTICS,[],[],"[""EF_fb5089df555b2b2f""]",Preserved name-inferred target; known concrete sink witnesses retained. No runtime or authority proof is inferred from the name.,False,False,False
98,app/routers/market_regime_routes.py:_require_run,scripts/profile_sec_performance.py:ProfilingSession.scalar,POTENTIAL_DISTINCT_SEMANTICS,[],[],[],Preserved name-inferred target; known concrete sink witnesses retained. No runtime or authority proof is inferred from the name.,False,False,False
980,app/services/technical_artifact_cache.py:upsert_local_artifact,scripts/profile_sec_performance.py:ProfilingSession.scalar,POTENTIAL_DISTINCT_SEMANTICS,[],[],"[""EF_cb55d161e779c8be""]",Preserved name-inferred target; known concrete sink witnesses retained. No runtime or authority proof is inferred from the name.,False,False,False
981,app/services/technical_consumer_eligibility.py:technical_decision_input,app/services/fundamental_ranker_v2.py:FundamentalsV2Config.items,POTENTIAL_DISTINCT_SEMANTICS,[],[],[],Preserved name-inferred target; known concrete sink witnesses retained. No runtime or authority proof is inferred from the name.,False,False,False
982,app/services/technical_feature_flags.py:_active_keys,app/services/fundamental_ranker_v2.py:FundamentalsV2Config.items,POTENTIAL_DISTINCT_SEMANTICS,[],[],[],Preserved name-inferred target; known concrete sink witnesses retained. No runtime or authority proof is inferred from the name.,False,False,False
983,app/services/technical_indicators.py:_pullback_geometry,scripts/qa/t13d_configuration_benchmark.py:EmptyRuleRows.all,POTENTIAL_DISTINCT_SEMANTICS,[],[],[],Preserved name-inferred target; known concrete sink witnesses retained. No runtime or authority proof is inferred from the name.,False,False,False
984,app/services/technical_indicators.py:_relative_strength_features_for_aligned,app/services/fundamental_ranker_v2.py:FundamentalsV2Config.items,POTENTIAL_DISTINCT_SEMANTICS,[],[],[],Preserved name-inferred target; known concrete sink witnesses retained. No runtime or authority proof is inferred from the name.,False,False,False
985,app/services/technical_score_service.py:TechnicalScoringOverlapCoordinator.__init__,app/services/core_effective_configuration.py:CoreEffectiveConfiguration.require_retry_identity,POTENTIAL_DISTINCT_SEMANTICS,[],[],[],Preserved name-inferred target; known concrete sink witnesses retained. No runtime or authority proof is inferred from the name.,False,False,False
986,app/services/technical_score_service.py:TechnicalScoringOverlapCoordinator._activate_sequential_fallback,app/services/ceri/observability.py:CeriMetricRegistry.increment,POTENTIAL_DISTINCT_SEMANTICS,[],[],[],Preserved name-inferred target; known concrete sink witnesses retained. No runtime or authority proof is inferred from the name.,False,False,False
987,app/services/technical_score_service.py:TechnicalScoringOverlapCoordinator._activate_sequential_fallback,app/services/ceri/sec/state_service.py:SecDocumentStateService.cancel,POTENTIAL_DISTINCT_SEMANTICS,[],[],[],Preserved name-inferred target; known concrete sink witnesses retained. No runtime or authority proof is inferred from the name.,False,False,False
988,app/services/technical_score_service.py:TechnicalScoringOverlapCoordinator._drain_completed,app/services/background_worker.py:_execute_full_pipeline_job.lease_guard,POTENTIAL_DISTINCT_SEMANTICS,[],[],[],Preserved name-inferred target; known concrete sink witnesses retained. No runtime or authority proof is inferred from the name.,False,False,False
989,app/services/technical_score_service.py:TechnicalScoringOverlapCoordinator._drain_completed,app/services/ceri/sec/state_service.py:SecDocumentStateService.cancel,POTENTIAL_DISTINCT_SEMANTICS,[],[],[],Preserved name-inferred target; known concrete sink witnesses retained. No runtime or authority proof is inferred from the name.,False,False,False
99,app/routers/operations_routes.py:causality_api,app/services/operations_service.py:OperationsService.causality_tree,POTENTIAL_DISTINCT_SEMANTICS,[],[],[],Preserved name-inferred target; known concrete sink witnesses retained. No runtime or authority proof is inferred from the name.,False,False,False
990,app/services/technical_score_service.py:TechnicalScoringOverlapCoordinator._finalize_sequential_fallback,app/services/background_worker.py:_execute_full_pipeline_job.lease_guard,POTENTIAL_DISTINCT_SEMANTICS,[],[],[],Preserved name-inferred target; known concrete sink witnesses retained. No runtime or authority proof is inferred from the name.,False,False,False
991,app/services/technical_score_service.py:TechnicalScoringOverlapCoordinator._persist_completed_artifacts,app/services/background_worker.py:_execute_full_pipeline_job.lease_guard,POTENTIAL_DISTINCT_SEMANTICS,[],[],[],Preserved name-inferred target; known concrete sink witnesses retained. No runtime or authority proof is inferred from the name.,False,False,False
992,app/services/technical_score_service.py:TechnicalScoringOverlapCoordinator._resubmit_stale_market_results,app/services/ceri/observability.py:CeriMetricRegistry.increment,POTENTIAL_DISTINCT_SEMANTICS,[],[],[],Preserved name-inferred target; known concrete sink witnesses retained. No runtime or authority proof is inferred from the name.,False,False,False
993,app/services/technical_score_service.py:TechnicalScoringOverlapCoordinator._submit_ready,app/services/background_worker.py:_execute_full_pipeline_job.lease_guard,POTENTIAL_DISTINCT_SEMANTICS,[],[],[],Preserved name-inferred target; known concrete sink witnesses retained. No runtime or authority proof is inferred from the name.,False,False,False
994,app/services/technical_score_service.py:TechnicalScoringOverlapCoordinator.abort,app/services/ceri/sec/state_service.py:SecDocumentStateService.cancel,POTENTIAL_DISTINCT_SEMANTICS,[],[],[],Preserved name-inferred target; known concrete sink witnesses retained. No runtime or authority proof is inferred from the name.,False,False,False
995,app/services/technical_score_service.py:TechnicalScoringOverlapCoordinator.finalize,app/services/background_worker.py:_execute_full_pipeline_job.lease_guard,POTENTIAL_DISTINCT_SEMANTICS,[],[],"[""EF_de562c9ceb6ee65a""]",Preserved name-inferred target; known concrete sink witnesses retained. No runtime or authority proof is inferred from the name.,False,False,False
996,app/services/technical_score_service.py:_record_technical_duration,app/services/ceri/observability.py:CeriMetricRegistry.observe,POTENTIAL_DISTINCT_SEMANTICS,[],[],[],Preserved name-inferred target; known concrete sink witnesses retained. No runtime or authority proof is inferred from the name.,False,False,False
997,app/services/technical_score_service.py:_record_temporal_lineage_metrics,app/services/ceri/observability.py:CeriMetricRegistry.increment,POTENTIAL_DISTINCT_SEMANTICS,[],[],[],Preserved name-inferred target; known concrete sink witnesses retained. No runtime or authority proof is inferred from the name.,False,False,False
998,app/services/technical_score_service.py:_record_temporal_lineage_metrics,app/services/ceri/observability.py:CeriMetricRegistry.observe,POTENTIAL_DISTINCT_SEMANTICS,[],[],[],Preserved name-inferred target; known concrete sink witnesses retained. No runtime or authority proof is inferred from the name.,False,False,False
999,app/services/technical_score_service.py:_record_temporal_lineage_metrics,app/services/fundamental_ranker_v2.py:FundamentalsV2Config.items,POTENTIAL_DISTINCT_SEMANTICS,[],[],[],Preserved name-inferred target; known concrete sink witnesses retained. No runtime or authority proof is inferred from the name.,False,False,False
