family_or_record_id,authority,disposition,domains,known_alternate_families,known_callers,member_sites,modes,owner,phase5_status,proof,semantic_review_complete,status,tables,writer_family_id,artifact_operations,semantic_variants,tooling_classification,native_owner_families
WF_CERI_ALERT_CREATION,Resolve exact native domain policy in the writer transaction; supporting ledger mechanisms reuse originating caller policy. Native modes/conditional source permission remain authoritative.,T14C,"[""CERI_ALERT""]","[""WF_CERI_ALERT_STATUS"", ""WF_CERI_LICENSED_PURGE""]","[""app/routers/ceri_routes.py:create_ceri_ingestion_run"", ""app/routers/ceri_routes.py:execute_ceri_purge"", ""app/routers/ceri_routes.py:preview_ceri_purge"", ""app/routers/ceri_routes.py:recalculate_ceri"", ""app/routers/ceri_routes.py:reprocess_ceri"", ""app/routers/run_routes.py:resume_run_pipeline_action"", ""app/routers/run_routes.py:run_full_pipeline_action"", ""app/services/background_worker.py:_execute_full_pipeline_job"", ""app/services/background_worker.py:_execute_sec_readiness_repair_job"", ""app/services/ceri/alert_service.py:CeriAlertService.persist_alert_for_change"", ""app/services/ceri/alert_service.py:CeriAlertService.rebuild_alerts"", ""app/services/ceri/batched_job_handlers.py:execute_run_finalize_job"", ""app/services/ceri/capture_service.py:CeriRunCaptureService.capture_run"", ""app/services/ceri/job_handlers.py:execute_alert_rebuild_job"", ""app/services/ceri/job_handlers.py:execute_capture_run_job"", ""app/services/ceri/job_handlers.py:execute_change_detection_job"", ""app/services/ceri/job_handlers.py:execute_normalize_job"", ""app/services/ceri/job_handlers.py:execute_provider_ingest_job"", ""app/services/ceri/job_handlers.py:execute_purge_licensed_data_job"", ""app/services/ceri/job_handlers.py:execute_rebuild_features_job"", ""app/services/ceri/purge_service.py:CeriPurgeService.execute"", ""app/services/ceri/sec/readiness_repair.py:execute_sec_readiness_repair"", ""app/services/ceri/sec/readiness_repair.py:schedule_sec_readiness_repair"", ""app/services/pipeline_executor.py:execute_full_pipeline"", ""app/services/pipeline_service.py:enqueue_pipeline_after_sec_repair"", ""app/services/pipeline_service.py:resume_pipeline"", ""app/services/pipeline_service.py:start_pipeline"", ""app/services/pre_enqueue_operational_gate.py:validate_pre_enqueue_operational_gate""]","[""app/services/ceri/alert_service.py:CeriAlertService._rule_for_change"", ""app/services/ceri/alert_service.py:CeriAlertService.persist_alert_for_change""]","[""CANONICAL_CALCULATION""]",app/services/ceri/alert_service.py:CeriAlertService.persist_alert_for_change,T14C_ADOPTION,Rule-backed alert dedup/cooldown and change authority; acknowledgement/dismissal split below.,True,CANONICAL_WRITER,"[""ceri_alert_events"", ""ceri_alert_rules""]",WF_CERI_ALERT_CREATION,,,,
WF_CERI_ALERT_STATUS,Resolve exact native domain policy in the writer transaction; supporting ledger mechanisms reuse originating caller policy. Native modes/conditional source permission remain authoritative.,T14C,"[""CERI_ALERT""]","[""WF_CERI_ALERT_CREATION"", ""WF_CERI_LICENSED_PURGE""]","[""app/routers/ceri_routes.py:acknowledge_ceri_alert"", ""app/routers/ceri_routes.py:dismiss_ceri_alert"", ""app/services/ceri/alert_service.py:CeriAlertService.acknowledge"", ""app/services/ceri/alert_service.py:CeriAlertService.dismiss""]","[""app/services/ceri/alert_service.py:CeriAlertService.acknowledge"", ""app/services/ceri/alert_service.py:CeriAlertService.dismiss""]","[""MAINTENANCE""]",app/services/ceri/alert_service.py:CeriAlertService.acknowledge,T14C_ADOPTION,Acknowledgement/dismissal of addressed existing CERI alert; no new alert score or recalculation.,True,SUPPORTED_DISTINCT_WRITER,"[""ceri_alert_events""]",WF_CERI_ALERT_STATUS,,,,
WF_CERI_CHANGE,Resolve exact native domain policy in the writer transaction; supporting ledger mechanisms reuse originating caller policy. Native modes/conditional source permission remain authoritative.,T14C,"[""CERI_CHANGE""]","[""WF_CERI_LICENSED_PURGE""]","[""app/routers/ceri_routes.py:create_ceri_ingestion_run"", ""app/routers/ceri_routes.py:execute_ceri_purge"", ""app/routers/ceri_routes.py:preview_ceri_purge"", ""app/routers/ceri_routes.py:recalculate_ceri"", ""app/routers/ceri_routes.py:reprocess_ceri"", ""app/routers/run_routes.py:resume_run_pipeline_action"", ""app/routers/run_routes.py:run_full_pipeline_action"", ""app/services/background_worker.py:_execute_full_pipeline_job"", ""app/services/background_worker.py:_execute_sec_readiness_repair_job"", ""app/services/ceri/batched_job_handlers.py:execute_run_finalize_job"", ""app/services/ceri/capture_service.py:CeriRunCaptureService.capture_run"", ""app/services/ceri/change_detection_service.py:CeriChangeDetectionService.detect_catalyst_revision"", ""app/services/ceri/change_detection_service.py:CeriChangeDetectionService.detect_guidance_change"", ""app/services/ceri/change_detection_service.py:CeriChangeDetectionService.detect_score_changes"", ""app/services/ceri/change_rebuild_service.py:CeriChangeRebuildService.rebuild"", ""app/services/ceri/job_handlers.py:execute_capture_run_job"", ""app/services/ceri/job_handlers.py:execute_change_detection_job"", ""app/services/ceri/job_handlers.py:execute_normalize_job"", ""app/services/ceri/job_handlers.py:execute_provider_ingest_job"", ""app/services/ceri/job_handlers.py:execute_purge_licensed_data_job"", ""app/services/ceri/job_handlers.py:execute_rebuild_features_job"", ""app/services/ceri/purge_service.py:CeriPurgeService.execute"", ""app/services/ceri/sec/readiness_repair.py:execute_sec_readiness_repair"", ""app/services/ceri/sec/readiness_repair.py:schedule_sec_readiness_repair"", ""app/services/pipeline_executor.py:execute_full_pipeline"", ""app/services/pipeline_service.py:enqueue_pipeline_after_sec_repair"", ""app/services/pipeline_service.py:resume_pipeline"", ""app/services/pipeline_service.py:start_pipeline"", ""app/services/pre_enqueue_operational_gate.py:validate_pre_enqueue_operational_gate""]","[""app/services/ceri/change_detection_service.py:CeriChangeDetectionService._persist_change""]","[""CANONICAL_CALCULATION""]",app/services/ceri/change_detection_service.py:CeriChangeDetectionService._persist_change,T14C_ADOPTION,Comparable source transitions append deduplicated change events.,True,CANONICAL_WRITER,"[""ceri_change_events""]",WF_CERI_CHANGE,,,,
WF_CERI_COMPANY_BOOTSTRAP,Resolve exact native domain policy in the writer transaction; supporting ledger mechanisms reuse originating caller policy. Native modes/conditional source permission remain authoritative.,T14D,"[""CERI_SOURCE""]","[""WF_CERI_FEATURE_BUILD"", ""WF_CERI_SOURCE_NORMALIZATION"", ""WF_PIPELINE_STAGE_STATE"", ""WF_SEC_CIK_CLI"", ""WF_SEC_IDENTITY_REPAIR"", ""WF_SEC_INCREMENTAL_IDENTITY""]","[""app/services/ceri/batched_workflow.py:schedule_ceri_batched_workflow""]","[""app/services/ceri/batched_workflow.py:_ensure_ceri_companies""]","[""BOOTSTRAP""]",app/services/ceri/batched_workflow.py:_ensure_ceri_companies,T14D_ADOPTION,Company identities for batched ingestion; not retained score evidence.,True,DOMAIN_SUPPORTING_STATE,"[""ceri_companies""]",WF_CERI_COMPANY_BOOTSTRAP,,,,
WF_CERI_CONSENSUS_ATTACH,Resolve exact native domain policy in the writer transaction; supporting ledger mechanisms reuse originating caller policy. Native modes/conditional source permission remain authoritative.,T14B,"[""CERI_SOURCE""]","[""WF_CERI_LICENSED_PURGE"", ""WF_CERI_SOURCE_NORMALIZATION""]","[""app/routers/ceri_routes.py:create_ceri_backfill"", ""app/routers/ceri_routes.py:create_ceri_ingestion_run"", ""app/routers/ceri_routes.py:execute_ceri_purge"", ""app/routers/ceri_routes.py:preview_ceri_purge"", ""app/routers/ceri_routes.py:recalculate_ceri"", ""app/routers/ceri_routes.py:reprocess_ceri"", ""app/routers/run_routes.py:resume_run_pipeline_action"", ""app/routers/run_routes.py:run_full_pipeline_action"", ""app/services/background_worker.py:_execute_full_pipeline_job"", ""app/services/background_worker.py:_execute_sec_readiness_repair_job"", ""app/services/ceri/backfill_service.py:CeriBackfillService.run"", ""app/services/ceri/batched_job_handlers.py:execute_feature_batch_job"", ""app/services/ceri/batched_job_handlers.py:execute_run_finalize_job"", ""app/services/ceri/capture_service.py:CeriRunCaptureService.capture_run"", ""app/services/ceri/feature_rebuild_service.py:CeriFeatureRebuildService.rebuild"", ""app/services/ceri/feature_rebuild_service.py:CeriFeatureRebuildService.rebuild_from_context"", ""app/services/ceri/job_handlers.py:execute_backfill_job"", ""app/services/ceri/job_handlers.py:execute_capture_run_job"", ""app/services/ceri/job_handlers.py:execute_normalize_job"", ""app/services/ceri/job_handlers.py:execute_provider_ingest_job"", ""app/services/ceri/job_handlers.py:execute_purge_licensed_data_job"", ""app/services/ceri/job_handlers.py:execute_rebuild_features_job"", ""app/services/ceri/purge_service.py:CeriPurgeService.execute"", ""app/services/ceri/sec/readiness_repair.py:execute_sec_readiness_repair"", ""app/services/ceri/sec/readiness_repair.py:schedule_sec_readiness_repair"", ""app/services/ceri/surprise_feature_service.py:CeriSurpriseFeatureService.attach_consensus_snapshot"", ""app/services/ceri/surprise_feature_service.py:CeriSurpriseFeatureService.summarize"", ""app/services/pipeline_executor.py:execute_full_pipeline"", ""app/services/pipeline_service.py:enqueue_pipeline_after_sec_repair"", ""app/services/pipeline_service.py:resume_pipeline"", ""app/services/pipeline_service.py:start_pipeline"", ""app/services/pre_enqueue_operational_gate.py:validate_pre_enqueue_operational_gate""]","[""app/services/ceri/surprise_feature_service.py:CeriSurpriseFeatureService.attach_consensus_snapshot""]","[""MAINTENANCE""]",app/services/ceri/surprise_feature_service.py:CeriSurpriseFeatureService.attach_consensus_snapshot,T14B_ADOPTION,Attach exact estimate/consensus relationship to earnings actual.,True,DOMAIN_SUPPORTING_STATE,"[""ceri_earnings_actuals""]",WF_CERI_CONSENSUS_ATTACH,,,,
WF_CERI_CURRENT_RULE_REPLAY,Resolve exact native domain policy in the writer transaction; supporting ledger mechanisms reuse originating caller policy. Native modes/conditional source permission remain authoritative.,T14D,"[""CERI"", ""CERI_SOURCE""]","[""WF_CERI_FEATURE_BUILD"", ""WF_CERI_LICENSED_PURGE"", ""WF_CERI_REVISION_FEATURE"", ""WF_CERI_SCORE""]","[""app/services/ceri/controlled_replay_service.py:CeriControlledReplayService.replay"", ""scripts/ceri_run104_controlled_replay.py:main""]","[""app/services/ceri/controlled_replay_service.py:CeriControlledReplayService.replay""]","[""CURRENT_RULES_RETROSPECTIVE""]",app/services/ceri/controlled_replay_service.py:CeriControlledReplayService.replay,T14D_ADOPTION,Explicit replay artifact plus recalculated revision/score rows; no original-context guarantee.,True,CURRENT_RULES_WRITER,"[""ceri_controlled_replays"", ""ceri_revision_features"", ""ceri_score_snapshots""]",WF_CERI_CURRENT_RULE_REPLAY,,,,
WF_CERI_DISPOSITION,Resolve exact native domain policy in the writer transaction; supporting ledger mechanisms reuse originating caller policy. Native modes/conditional source permission remain authoritative.,T14D,"[""CURRENT_PROJECTION""]",[],"[""app/services/ceri/evidence_eligibility.py:append_evidence_dispositions"", ""scripts/forensics/run159_ceri_quarantine.py:main""]","[""app/services/ceri/evidence_eligibility.py:append_evidence_dispositions""]","[""MAINTENANCE""]",app/services/ceri/evidence_eligibility.py:append_evidence_dispositions,T14D_ADOPTION,Append-only retained eligibility disposition; not mutation of retained calculation evidence.,True,CANONICAL_WRITER,"[""ceri_evidence_dispositions""]",WF_CERI_DISPOSITION,,,,
WF_CERI_FEATURE_BUILD,Resolve exact native domain policy in the writer transaction; supporting ledger mechanisms reuse originating caller policy. Native modes/conditional source permission remain authoritative.,T14B,"[""CERI_SOURCE""]","[""WF_CERI_COMPANY_BOOTSTRAP"", ""WF_CERI_CURRENT_RULE_REPLAY"", ""WF_CERI_LICENSED_PURGE"", ""WF_CERI_PRICE_RESPONSE"", ""WF_CERI_REVISION_FEATURE"", ""WF_CERI_SOURCE_NORMALIZATION"", ""WF_PIPELINE_STAGE_STATE"", ""WF_SEC_CIK_CLI"", ""WF_SEC_IDENTITY_REPAIR"", ""WF_SEC_INCREMENTAL_IDENTITY""]","[""app/routers/ceri_routes.py:create_ceri_backfill"", ""app/routers/ceri_routes.py:create_ceri_ingestion_run"", ""app/routers/ceri_routes.py:execute_ceri_purge"", ""app/routers/ceri_routes.py:preview_ceri_purge"", ""app/routers/ceri_routes.py:recalculate_ceri"", ""app/routers/ceri_routes.py:reprocess_ceri"", ""app/routers/run_routes.py:resume_run_pipeline_action"", ""app/routers/run_routes.py:run_full_pipeline_action"", ""app/services/background_worker.py:_execute_full_pipeline_job"", ""app/services/background_worker.py:_execute_sec_readiness_repair_job"", ""app/services/ceri/backfill_service.py:CeriBackfillService.run"", ""app/services/ceri/batched_job_handlers.py:execute_feature_batch_job"", ""app/services/ceri/batched_job_handlers.py:execute_run_finalize_job"", ""app/services/ceri/feature_rebuild_service.py:CeriFeatureRebuildService.rebuild"", ""app/services/ceri/feature_rebuild_service.py:CeriFeatureRebuildService.rebuild_from_context"", ""app/services/ceri/job_handlers.py:execute_backfill_job"", ""app/services/ceri/job_handlers.py:execute_normalize_job"", ""app/services/ceri/job_handlers.py:execute_provider_ingest_job"", ""app/services/ceri/job_handlers.py:execute_purge_licensed_data_job"", ""app/services/ceri/job_handlers.py:execute_rebuild_features_job"", ""app/services/ceri/purge_service.py:CeriPurgeService.execute"", ""app/services/ceri/sec/readiness_repair.py:execute_sec_readiness_repair"", ""app/services/ceri/sec/readiness_repair.py:schedule_sec_readiness_repair"", ""app/services/pipeline_executor.py:execute_full_pipeline"", ""app/services/pipeline_service.py:enqueue_pipeline_after_sec_repair"", ""app/services/pipeline_service.py:resume_pipeline"", ""app/services/pipeline_service.py:start_pipeline"", ""app/services/pre_enqueue_operational_gate.py:validate_pre_enqueue_operational_gate""]","[""app/services/ceri/feature_rebuild_service.py:CeriFeatureRebuildService._persist_company"", ""app/services/ceri/feature_rebuild_service.py:CeriFeatureRebuildService._rebuild_company"", ""app/services/ceri/feature_rebuild_service.py:CeriFeatureRebuildService._upsert_derived"", ""app/services/ceri/feature_rebuild_service.py:_copy_derived"", ""app/services/ceri/feature_rebuild_service.py:_copy_price"", ""app/services/ceri/feature_rebuild_service.py:_copy_revision_derived"", ""app/services/ceri/feature_rebuild_service.py:_copy_state"", ""app/services/ceri/feature_rebuild_service.py:_execute_upsert""]","[""CANONICAL_CALCULATION""]",app/services/ceri/feature_rebuild_service.py:CeriFeatureRebuildService._persist_company,T14B_ADOPTION,One feature-build transaction owns four typed upsert/copy mechanisms and company state.,True,CANONICAL_WRITER,"[""ceri_companies"", ""ceri_derived_features"", ""ceri_feature_build_states"", ""ceri_price_response_features"", ""ceri_revision_features""]",WF_CERI_FEATURE_BUILD,,,,
WF_CERI_GUIDANCE_ELIGIBILITY,Resolve exact native domain policy in the writer transaction; supporting ledger mechanisms reuse originating caller policy. Native modes/conditional source permission remain authoritative.,T14B,"[""CERI_SOURCE""]","[""WF_CERI_LICENSED_PURGE"", ""WF_CERI_SOURCE_NORMALIZATION""]","[""app/routers/ceri_routes.py:create_ceri_backfill"", ""app/routers/ceri_routes.py:create_ceri_ingestion_run"", ""app/routers/ceri_routes.py:reprocess_ceri"", ""app/routers/run_routes.py:resume_run_pipeline_action"", ""app/routers/run_routes.py:run_full_pipeline_action"", ""app/services/background_worker.py:_execute_full_pipeline_job"", ""app/services/background_worker.py:_execute_sec_readiness_repair_job"", ""app/services/ceri/backfill_service.py:CeriBackfillService.run"", ""app/services/ceri/batched_job_handlers.py:execute_normalize_batch_job"", ""app/services/ceri/guidance_normalizer.py:apply_guidance_eligibility"", ""app/services/ceri/job_handlers.py:execute_backfill_job"", ""app/services/ceri/job_handlers.py:execute_normalize_job"", ""app/services/ceri/job_handlers.py:execute_provider_ingest_job"", ""app/services/ceri/normalization_service.py:CeriNormalizationService.normalize"", ""app/services/ceri/sec/readiness_repair.py:execute_sec_readiness_repair"", ""app/services/ceri/sec/readiness_repair.py:schedule_sec_readiness_repair"", ""app/services/pipeline_executor.py:execute_full_pipeline"", ""app/services/pipeline_service.py:enqueue_pipeline_after_sec_repair"", ""app/services/pipeline_service.py:resume_pipeline"", ""app/services/pipeline_service.py:start_pipeline"", ""app/services/pre_enqueue_operational_gate.py:validate_pre_enqueue_operational_gate""]","[""app/services/ceri/guidance_normalizer.py:apply_guidance_eligibility""]","[""MAINTENANCE""]",app/services/ceri/guidance_normalizer.py:apply_guidance_eligibility,T14B_ADOPTION,Field-copy eligibility mechanism used on persistent normalized guidance; transient construction is separately excluded.,True,DOMAIN_SUPPORTING_STATE,"[""ceri_guidance_events""]",WF_CERI_GUIDANCE_ELIGIBILITY,,,,
WF_CERI_HUMAN_SOURCE_OVERRIDE,Resolve exact native domain policy in the writer transaction; supporting ledger mechanisms reuse originating caller policy. Native modes/conditional source permission remain authoritative.,T14D,"[""CERI_REVIEW"", ""CERI_SOURCE""]","[""WF_CERI_LICENSED_PURGE"", ""WF_CERI_REVIEW_METADATA"", ""WF_CERI_SOURCE_NORMALIZATION""]","[""app/services/ceri/manual_review_service.py:CeriManualReviewService.create_catalyst_override""]","[""app/services/ceri/manual_review_service.py:CeriManualReviewService.create_catalyst_override""]","[""MAINTENANCE""]",app/services/ceri/manual_review_service.py:CeriManualReviewService.create_catalyst_override,T14D_ADOPTION,New catalyst source revision with prior address and human audit; not score evidence.,True,SUPPORTED_DISTINCT_WRITER,"[""ceri_catalyst_event_revisions"", ""ceri_manual_reviews""]",WF_CERI_HUMAN_SOURCE_OVERRIDE,,,,
WF_CERI_LICENSED_PURGE,Resolve exact native domain policy in the writer transaction; supporting ledger mechanisms reuse originating caller policy. Native modes/conditional source permission remain authoritative.,T14D,"[""CERI"", ""CERI_ALERT"", ""CERI_CHANGE"", ""CERI_SOURCE""]","[""WF_CERI_ALERT_CREATION"", ""WF_CERI_ALERT_STATUS"", ""WF_CERI_CHANGE"", ""WF_CERI_CONSENSUS_ATTACH"", ""WF_CERI_CURRENT_RULE_REPLAY"", ""WF_CERI_FEATURE_BUILD"", ""WF_CERI_GUIDANCE_ELIGIBILITY"", ""WF_CERI_HUMAN_SOURCE_OVERRIDE"", ""WF_CERI_PRICE_RESPONSE"", ""WF_CERI_RAW_SOURCE"", ""WF_CERI_REVIEW_METADATA"", ""WF_CERI_REVISION_FEATURE"", ""WF_CERI_SCORE"", ""WF_CERI_SOURCE_IDENTITY"", ""WF_CERI_SOURCE_NORMALIZATION""]","[""app/routers/ceri_routes.py:execute_ceri_purge"", ""app/routers/ceri_routes.py:preview_ceri_purge"", ""app/services/ceri/job_handlers.py:execute_purge_licensed_data_job"", ""app/services/ceri/purge_service.py:CeriPurgeService.execute""]","[""app/services/ceri/purge_service.py:_apply_purge_lifecycle""]","[""MAINTENANCE""]",app/services/ceri/purge_service.py:_apply_purge_lifecycle,T14D_ADOPTION,Source/derivative invalidation after retained-reference checks; immutable ledger remains protected.,True,SUPPORTED_DISTINCT_WRITER,"[""ceri_alert_events"", ""ceri_catalyst_event_revisions"", ""ceri_catalyst_sources"", ""ceri_change_events"", ""ceri_derived_features"", ""ceri_earnings_actuals"", ""ceri_estimate_snapshots"", ""ceri_guidance_events"", ""ceri_price_response_features"", ""ceri_revision_features"", ""ceri_score_snapshots"", ""ceri_source_records""]",WF_CERI_LICENSED_PURGE,,,,
WF_CERI_PRICE_RESPONSE,Resolve exact native domain policy in the writer transaction; supporting ledger mechanisms reuse originating caller policy. Native modes/conditional source permission remain authoritative.,T14B,"[""CERI_SOURCE""]","[""WF_CERI_FEATURE_BUILD"", ""WF_CERI_LICENSED_PURGE""]","[""app/routers/ceri_routes.py:create_ceri_ingestion_run"", ""app/routers/ceri_routes.py:execute_ceri_purge"", ""app/routers/ceri_routes.py:preview_ceri_purge"", ""app/routers/ceri_routes.py:recalculate_ceri"", ""app/routers/ceri_routes.py:reprocess_ceri"", ""app/routers/run_routes.py:resume_run_pipeline_action"", ""app/routers/run_routes.py:run_full_pipeline_action"", ""app/services/background_worker.py:_execute_full_pipeline_job"", ""app/services/background_worker.py:_execute_sec_readiness_repair_job"", ""app/services/ceri/batched_job_handlers.py:execute_run_finalize_job"", ""app/services/ceri/capture_service.py:CeriRunCaptureService.capture_run"", ""app/services/ceri/job_handlers.py:execute_capture_run_job"", ""app/services/ceri/job_handlers.py:execute_normalize_job"", ""app/services/ceri/job_handlers.py:execute_provider_ingest_job"", ""app/services/ceri/job_handlers.py:execute_purge_licensed_data_job"", ""app/services/ceri/job_handlers.py:execute_rebuild_features_job"", ""app/services/ceri/price_response_service.py:CeriPriceResponseService.persist"", ""app/services/ceri/purge_service.py:CeriPurgeService.execute"", ""app/services/ceri/sec/readiness_repair.py:execute_sec_readiness_repair"", ""app/services/ceri/sec/readiness_repair.py:schedule_sec_readiness_repair"", ""app/services/pipeline_executor.py:execute_full_pipeline"", ""app/services/pipeline_service.py:enqueue_pipeline_after_sec_repair"", ""app/services/pipeline_service.py:resume_pipeline"", ""app/services/pipeline_service.py:start_pipeline"", ""app/services/pre_enqueue_operational_gate.py:validate_pre_enqueue_operational_gate""]","[""app/services/ceri/price_response_service.py:CeriPriceResponseService.persist""]","[""CANONICAL_CALCULATION""]",app/services/ceri/price_response_service.py:CeriPriceResponseService.persist,T14B_ADOPTION,"Persist source-event price response features, not immutable score output.",True,CANONICAL_WRITER,"[""ceri_price_response_features""]",WF_CERI_PRICE_RESPONSE,,,,
WF_CERI_RAW_SOURCE,Resolve exact native domain policy in the writer transaction; supporting ledger mechanisms reuse originating caller policy. Native modes/conditional source permission remain authoritative.,T14B,"[""CERI_SOURCE""]","[""WF_CERI_LICENSED_PURGE"", ""WF_CERI_SOURCE_IDENTITY"", ""WF_CERI_SOURCE_NORMALIZATION""]","[""app/routers/ceri_routes.py:create_ceri_backfill"", ""app/routers/ceri_routes.py:create_ceri_ingestion_run"", ""app/routers/run_routes.py:resume_run_pipeline_action"", ""app/routers/run_routes.py:run_full_pipeline_action"", ""app/services/background_worker.py:_execute_full_pipeline_job"", ""app/services/background_worker.py:_execute_sec_readiness_repair_job"", ""app/services/ceri/backfill_service.py:CeriBackfillService.run"", ""app/services/ceri/batched_job_handlers.py:execute_provider_ingest_batch_job"", ""app/services/ceri/job_handlers.py:execute_backfill_job"", ""app/services/ceri/job_handlers.py:execute_provider_ingest_job"", ""app/services/ceri/orchestration.py:CeriIngestionService.ingest"", ""app/services/ceri/sec/incremental_ingestion.py:SecGuidanceIncrementalIngestionService.ingest"", ""app/services/ceri/sec/readiness_repair.py:execute_sec_readiness_repair"", ""app/services/ceri/sec/readiness_repair.py:schedule_sec_readiness_repair"", ""app/services/ceri/source_record_service.py:CeriSourceRecordService.store_source_record"", ""app/services/pipeline_executor.py:execute_full_pipeline"", ""app/services/pipeline_service.py:enqueue_pipeline_after_sec_repair"", ""app/services/pipeline_service.py:resume_pipeline"", ""app/services/pipeline_service.py:start_pipeline"", ""app/services/pre_enqueue_operational_gate.py:validate_pre_enqueue_operational_gate"", ""scripts/certify_sec_incremental_ingestion.py:main"", ""scripts/profile_sec_performance.py:main""]","[""app/services/ceri/source_record_service.py:CeriSourceRecordService.store_source_record""]","[""CANONICAL_CALCULATION""]",app/services/ceri/source_record_service.py:CeriSourceRecordService.store_source_record,T14B_ADOPTION,Deduplicated raw provider source record persistence.,True,CANONICAL_WRITER,"[""ceri_source_records""]",WF_CERI_RAW_SOURCE,,,,
WF_CERI_REVIEW_METADATA,Resolve exact native domain policy in the writer transaction; supporting ledger mechanisms reuse originating caller policy. Native modes/conditional source permission remain authoritative.,T14D,"[""CERI_REVIEW"", ""CERI_SOURCE""]","[""WF_CERI_HUMAN_SOURCE_OVERRIDE"", ""WF_CERI_LICENSED_PURGE"", ""WF_CERI_SOURCE_NORMALIZATION""]","[""app/routers/ceri_routes.py:review_ceri_event""]","[""app/routers/ceri_routes.py:review_ceri_event""]","[""MAINTENANCE""]",app/routers/ceri_routes.py:review_ceri_event,T14D_ADOPTION,Human audit and review_state only; distinct from source override and score calculation.,True,SUPPORTED_DISTINCT_WRITER,"[""ceri_catalyst_event_revisions"", ""ceri_manual_reviews""]",WF_CERI_REVIEW_METADATA,,,,
WF_CERI_REVISION_FEATURE,Resolve exact native domain policy in the writer transaction; supporting ledger mechanisms reuse originating caller policy. Native modes/conditional source permission remain authoritative.,T14B,"[""CERI_SOURCE""]","[""WF_CERI_CURRENT_RULE_REPLAY"", ""WF_CERI_FEATURE_BUILD"", ""WF_CERI_LICENSED_PURGE""]","[""app/routers/ceri_routes.py:create_ceri_backfill"", ""app/routers/ceri_routes.py:create_ceri_ingestion_run"", ""app/routers/ceri_routes.py:execute_ceri_purge"", ""app/routers/ceri_routes.py:preview_ceri_purge"", ""app/routers/ceri_routes.py:recalculate_ceri"", ""app/routers/ceri_routes.py:reprocess_ceri"", ""app/routers/run_routes.py:resume_run_pipeline_action"", ""app/routers/run_routes.py:run_full_pipeline_action"", ""app/services/background_worker.py:_execute_full_pipeline_job"", ""app/services/background_worker.py:_execute_sec_readiness_repair_job"", ""app/services/ceri/backfill_service.py:CeriBackfillService.run"", ""app/services/ceri/batched_job_handlers.py:execute_feature_batch_job"", ""app/services/ceri/batched_job_handlers.py:execute_run_finalize_job"", ""app/services/ceri/controlled_replay_service.py:CeriControlledReplayService.replay"", ""app/services/ceri/feature_rebuild_service.py:CeriFeatureRebuildService.rebuild"", ""app/services/ceri/feature_rebuild_service.py:CeriFeatureRebuildService.rebuild_from_context"", ""app/services/ceri/job_handlers.py:execute_backfill_job"", ""app/services/ceri/job_handlers.py:execute_normalize_job"", ""app/services/ceri/job_handlers.py:execute_provider_ingest_job"", ""app/services/ceri/job_handlers.py:execute_purge_licensed_data_job"", ""app/services/ceri/job_handlers.py:execute_rebuild_features_job"", ""app/services/ceri/purge_service.py:CeriPurgeService.execute"", ""app/services/ceri/revision_feature_service.py:CeriRevisionFeatureService.persist_feature"", ""app/services/ceri/revision_feature_service.py:CeriRevisionFeatureService.with_acceleration"", ""app/services/ceri/sec/readiness_repair.py:execute_sec_readiness_repair"", ""app/services/ceri/sec/readiness_repair.py:schedule_sec_readiness_repair"", ""app/services/pipeline_executor.py:execute_full_pipeline"", ""app/services/pipeline_service.py:enqueue_pipeline_after_sec_repair"", ""app/services/pipeline_service.py:resume_pipeline"", ""app/services/pipeline_service.py:start_pipeline"", ""app/services/pre_enqueue_operational_gate.py:validate_pre_enqueue_operational_gate"", ""scripts/ceri_run104_controlled_replay.py:main""]","[""app/services/ceri/revision_feature_service.py:CeriRevisionFeatureService.persist_feature"", ""app/services/ceri/revision_feature_service.py:CeriRevisionFeatureService.with_acceleration""]","[""CANONICAL_CALCULATION""]",app/services/ceri/revision_feature_service.py:CeriRevisionFeatureService.persist_feature,T14B_ADOPTION,Revision feature insertion and acceleration update are members of the native revision-feature operation.,True,CANONICAL_WRITER,"[""ceri_revision_features""]",WF_CERI_REVISION_FEATURE,,,,
WF_CERI_SCORE,Resolve exact native domain policy in the writer transaction; supporting ledger mechanisms reuse originating caller policy. Native modes/conditional source permission remain authoritative.,T14B,"[""CERI""]","[""WF_CERI_CURRENT_RULE_REPLAY"", ""WF_CERI_LICENSED_PURGE""]","[""app/routers/ceri_routes.py:create_ceri_ingestion_run"", ""app/routers/ceri_routes.py:execute_ceri_purge"", ""app/routers/ceri_routes.py:preview_ceri_purge"", ""app/routers/ceri_routes.py:recalculate_ceri"", ""app/routers/ceri_routes.py:reprocess_ceri"", ""app/routers/run_routes.py:resume_run_pipeline_action"", ""app/routers/run_routes.py:run_full_pipeline_action"", ""app/services/background_worker.py:_execute_full_pipeline_job"", ""app/services/background_worker.py:_execute_sec_readiness_repair_job"", ""app/services/ceri/batched_job_handlers.py:execute_run_finalize_job"", ""app/services/ceri/capture_service.py:CeriRunCaptureService.capture_run"", ""app/services/ceri/controlled_replay_service.py:CeriControlledReplayService.replay"", ""app/services/ceri/job_handlers.py:execute_capture_run_job"", ""app/services/ceri/job_handlers.py:execute_normalize_job"", ""app/services/ceri/job_handlers.py:execute_provider_ingest_job"", ""app/services/ceri/job_handlers.py:execute_purge_licensed_data_job"", ""app/services/ceri/job_handlers.py:execute_rebuild_features_job"", ""app/services/ceri/purge_service.py:CeriPurgeService.execute"", ""app/services/ceri/sec/readiness_repair.py:execute_sec_readiness_repair"", ""app/services/ceri/sec/readiness_repair.py:schedule_sec_readiness_repair"", ""app/services/ceri/snapshot_service.py:CeriSnapshotService.persist_snapshot"", ""app/services/pipeline_executor.py:execute_full_pipeline"", ""app/services/pipeline_service.py:enqueue_pipeline_after_sec_repair"", ""app/services/pipeline_service.py:resume_pipeline"", ""app/services/pipeline_service.py:start_pipeline"", ""app/services/pre_enqueue_operational_gate.py:validate_pre_enqueue_operational_gate"", ""scripts/ceri_run104_controlled_replay.py:main""]","[""app/services/ceri/snapshot_service.py:CeriSnapshotService.persist_snapshot""]","[""CANONICAL_CALCULATION""]",app/services/ceri/snapshot_service.py:CeriSnapshotService.persist_snapshot,T14B_ADOPTION,Native score snapshot revision persistence; retained decision adapter remains separate mechanism.,True,CANONICAL_WRITER,"[""ceri_score_snapshots""]",WF_CERI_SCORE,,,,
WF_CERI_SOURCE_IDENTITY,Resolve exact native domain policy in the writer transaction; supporting ledger mechanisms reuse originating caller policy. Native modes/conditional source permission remain authoritative.,T14B,"[""CERI_SOURCE""]","[""WF_CERI_LICENSED_PURGE"", ""WF_CERI_RAW_SOURCE"", ""WF_CERI_SOURCE_NORMALIZATION""]","[""app/routers/ceri_routes.py:create_ceri_backfill"", ""app/routers/ceri_routes.py:create_ceri_ingestion_run"", ""app/routers/ceri_routes.py:reprocess_ceri"", ""app/routers/run_routes.py:resume_run_pipeline_action"", ""app/routers/run_routes.py:run_full_pipeline_action"", ""app/services/background_worker.py:_execute_full_pipeline_job"", ""app/services/background_worker.py:_execute_sec_readiness_repair_job"", ""app/services/ceri/backfill_service.py:CeriBackfillService.run"", ""app/services/ceri/batched_job_handlers.py:execute_normalize_batch_job"", ""app/services/ceri/identity_resolver.py:CeriIdentityResolver.resolve_source_record"", ""app/services/ceri/job_handlers.py:execute_backfill_job"", ""app/services/ceri/job_handlers.py:execute_normalize_job"", ""app/services/ceri/job_handlers.py:execute_provider_ingest_job"", ""app/services/ceri/normalization_service.py:CeriNormalizationService.normalize"", ""app/services/ceri/sec/readiness_repair.py:execute_sec_readiness_repair"", ""app/services/ceri/sec/readiness_repair.py:schedule_sec_readiness_repair"", ""app/services/pipeline_executor.py:execute_full_pipeline"", ""app/services/pipeline_service.py:enqueue_pipeline_after_sec_repair"", ""app/services/pipeline_service.py:resume_pipeline"", ""app/services/pipeline_service.py:start_pipeline"", ""app/services/pre_enqueue_operational_gate.py:validate_pre_enqueue_operational_gate""]","[""app/services/ceri/identity_resolver.py:CeriIdentityResolver.resolve_source_record""]","[""MAINTENANCE""]",app/services/ceri/identity_resolver.py:CeriIdentityResolver.resolve_source_record,T14B_ADOPTION,"Resolve source-record company identity, not score publication.",True,DOMAIN_SUPPORTING_STATE,"[""ceri_source_records""]",WF_CERI_SOURCE_IDENTITY,,,,
WF_CERI_SOURCE_NORMALIZATION,Resolve exact native domain policy in the writer transaction; supporting ledger mechanisms reuse originating caller policy. Native modes/conditional source permission remain authoritative.,T14B,"[""CERI_SOURCE""]","[""WF_CERI_COMPANY_BOOTSTRAP"", ""WF_CERI_CONSENSUS_ATTACH"", ""WF_CERI_FEATURE_BUILD"", ""WF_CERI_GUIDANCE_ELIGIBILITY"", ""WF_CERI_HUMAN_SOURCE_OVERRIDE"", ""WF_CERI_LICENSED_PURGE"", ""WF_CERI_RAW_SOURCE"", ""WF_CERI_REVIEW_METADATA"", ""WF_CERI_SOURCE_IDENTITY"", ""WF_PIPELINE_STAGE_STATE"", ""WF_SEC_CIK_CLI"", ""WF_SEC_IDENTITY_REPAIR"", ""WF_SEC_INCREMENTAL_IDENTITY""]","[""app/routers/ceri_routes.py:create_ceri_backfill"", ""app/routers/ceri_routes.py:create_ceri_ingestion_run"", ""app/routers/ceri_routes.py:reprocess_ceri"", ""app/routers/run_routes.py:resume_run_pipeline_action"", ""app/routers/run_routes.py:run_full_pipeline_action"", ""app/services/background_worker.py:_execute_full_pipeline_job"", ""app/services/background_worker.py:_execute_sec_readiness_repair_job"", ""app/services/ceri/backfill_service.py:CeriBackfillService.run"", ""app/services/ceri/batched_job_handlers.py:execute_normalize_batch_job"", ""app/services/ceri/job_handlers.py:execute_backfill_job"", ""app/services/ceri/job_handlers.py:execute_normalize_job"", ""app/services/ceri/job_handlers.py:execute_provider_ingest_job"", ""app/services/ceri/normalization_service.py:CeriNormalizationService.normalize"", ""app/services/ceri/sec/readiness_repair.py:execute_sec_readiness_repair"", ""app/services/ceri/sec/readiness_repair.py:schedule_sec_readiness_repair"", ""app/services/pipeline_executor.py:execute_full_pipeline"", ""app/services/pipeline_service.py:enqueue_pipeline_after_sec_repair"", ""app/services/pipeline_service.py:resume_pipeline"", ""app/services/pipeline_service.py:start_pipeline"", ""app/services/pre_enqueue_operational_gate.py:validate_pre_enqueue_operational_gate""]","[""app/services/ceri/normalization_service.py:CeriNormalizationService._normalize_record"", ""app/services/ceri/normalization_service.py:_persist_sec_identity""]","[""CANONICAL_CALCULATION""]",app/services/ceri/normalization_service.py:CeriNormalizationService._normalize_record,T14B_ADOPTION,Provider source conversion to concrete catalyst/earnings/estimate/guidance artifacts and identity aliases.,True,CANONICAL_WRITER,"[""ceri_catalyst_event_revisions"", ""ceri_catalyst_events"", ""ceri_catalyst_sources"", ""ceri_companies"", ""ceri_company_aliases"", ""ceri_earnings_actuals"", ""ceri_estimate_snapshots"", ""ceri_guidance_events"", ""ceri_source_records""]",WF_CERI_SOURCE_NORMALIZATION,,,,
WF_COMBINED_REFRESH,"Combined: exact Fundamental and Technical identities, raw-row association, compatible native temporal/cohort scope and core.combined effective configuration; explicit pipeline/cutoff must match when supplied. Serving FK detach: addressed run, existing non-null combined_result_id target and transaction ordering before replacing Combined rows; never a Winner prediction recalculation permission.",T14B,"[""COMBINED"", ""CURRENT_PROJECTION""]","[""WF_WINNER_CAPTURE_TRAINING_METADATA"", ""WF_WINNER_FORWARD_MATURATION"", ""WF_WINNER_PREDICTION_CAPTURE"", ""WF_WINNER_TEMPORAL_VALIDITY"", ""WF_WINNER_TYPED_REPOSITORY""]","[""app/routers/run_routes.py:recalculate_fundamentals_action"", ""app/routers/run_routes.py:refresh_combined_results_action"", ""app/routers/run_routes.py:refresh_technicals_action"", ""app/routers/run_routes.py:resume_run_pipeline_action"", ""app/routers/run_routes.py:run_full_pipeline_action"", ""app/services/background_worker.py:_execute_full_pipeline_job"", ""app/services/background_worker.py:_execute_sec_readiness_repair_job"", ""app/services/ceri/sec/readiness_repair.py:execute_sec_readiness_repair"", ""app/services/ceri/sec/readiness_repair.py:schedule_sec_readiness_repair"", ""app/services/combined_decision.py:refresh_combined_results"", ""app/services/pipeline_executor.py:execute_full_pipeline"", ""app/services/pipeline_service.py:enqueue_pipeline_after_sec_repair"", ""app/services/pipeline_service.py:resume_pipeline"", ""app/services/pipeline_service.py:start_pipeline"", ""app/services/pre_enqueue_operational_gate.py:validate_pre_enqueue_operational_gate""]","[""app/services/combined_decision.py:refresh_combined_results""]","[""CANONICAL_CALCULATION""]",app/services/combined_decision.py:refresh_combined_results,T14B_ADOPTION,"refresh_combined_results validates all source identities and the single cohort context before persistence, then nulls only addressed Winner serving FKs, deletes/replaces Combined rows and persists immutable Combined evidence. Financial output and relationship maintenance have separate artifact authority.",True,CANONICAL_WRITER,"[""combined_results"", ""winner_prediction_snapshots""]",WF_COMBINED_REFRESH,"[{""artifact"": ""combined_results"", ""authority"": ""Compatible Fundamental/Technical evidence identities, native Combined configuration and originating producer temporal scope; persisted ledger is delegated to WF_CORE_RETAINED_EVIDENCE."", ""mode"": ""CANONICAL_CALCULATION""}, {""artifact"": ""winner_prediction_snapshots.combined_result_id"", ""authority"": ""Only nulls serving association for the addressed run; frozen prediction inputs, outputs and outcome contract are untouched. No new direct Combined -> Winner producer dependency."", ""mode"": ""MAINTENANCE""}]",,,
WF_CONFIGURATION_DELIVERY,Resolve exact native domain policy in the writer transaction; supporting ledger mechanisms reuse originating caller policy. Native modes/conditional source permission remain authoritative.,SUPPORTED_DISTINCT_SEMANTICS_NO_CHANGE,"[""CONFIGURATION""]",[],"[""app/routers/ceri_routes.py:create_ceri_backfill"", ""app/routers/ceri_routes.py:create_ceri_ingestion_run"", ""app/routers/ceri_routes.py:execute_ceri_purge"", ""app/routers/ceri_routes.py:preview_ceri_purge"", ""app/routers/ceri_routes.py:recalculate_ceri"", ""app/routers/ceri_routes.py:reprocess_ceri"", ""app/routers/ib_market_intelligence_routes.py:queue_flex"", ""app/routers/ib_market_intelligence_routes.py:queue_histogram"", ""app/routers/ib_market_intelligence_routes.py:queue_historical"", ""app/routers/ib_market_intelligence_routes.py:queue_live"", ""app/routers/ib_market_intelligence_routes.py:queue_rebuild"", ""app/routers/ib_market_intelligence_routes.py:queue_scanner"", ""app/routers/market_data_routes.py:queue_market_data_prewarm"", ""app/routers/run_routes.py:fetch_run_ib_bars_action"", ""app/routers/run_routes.py:resume_run_ib_fetch_action"", ""app/routers/run_routes.py:resume_run_pipeline_action"", ""app/routers/run_routes.py:retry_failed_run_ib_fetch_action"", ""app/routers/run_routes.py:run_full_pipeline_action"", ""app/routers/setup_lifecycle_routes.py:evaluate_setup_lifecycle_run"", ""app/routers/setup_lifecycle_routes.py:queue_setup_lifecycle_evaluation"", ""app/routers/winner_probability_routes.py:queue_winner_cohort_refresh"", ""app/routers/winner_probability_routes.py:queue_winner_outcome_maturation"", ""app/routers/winner_probability_routes.py:queue_winner_prediction_capture"", ""app/services/background_job_service.py:enqueue_job"", ""app/services/background_worker.py:_execute_full_pipeline_job"", ""app/services/background_worker.py:_execute_sec_readiness_repair_job"", ""app/services/background_worker.py:run_worker_once"", ""app/services/ceri/batched_job_handlers.py:execute_run_finalize_job"", ""app/services/ceri/batched_workflow.py:schedule_ceri_batched_workflow"", ""app/services/ceri/job_handlers.py:execute_capture_run_job"", ""app/services/ceri/job_handlers.py:execute_change_detection_job"", ""app/services/ceri/job_handlers.py:execute_normalize_job"", ""app/services/ceri/job_handlers.py:execute_provider_ingest_job"", ""app/services/ceri/job_handlers.py:execute_purge_licensed_data_job"", ""app/services/ceri/job_handlers.py:execute_rebuild_features_job"", ""app/services/ceri/purge_service.py:CeriPurgeService.execute"", ""app/services/ceri/sec/readiness_repair.py:execute_sec_readiness_repair"", ""app/services/ceri/sec/readiness_repair.py:schedule_sec_readiness_repair"", ""app/services/configuration_delivery.py:anchor_enqueue_payload"", ""app/services/configuration_delivery.py:bind_job_configuration"", ""app/services/configuration_delivery.py:bind_winner_generation_configuration"", ""app/services/configuration_delivery.py:persist_configuration_anchor"", ""app/services/ib_fetch_job_service.py:submit_fetch_job"", ""app/services/market_data_prewarm_service.py:enqueue_market_data_prewarm"", ""app/services/pipeline_executor.py:execute_full_pipeline"", ""app/services/pipeline_service.py:enqueue_pipeline_after_sec_repair"", ""app/services/pipeline_service.py:resume_pipeline"", ""app/services/pipeline_service.py:start_pipeline"", ""app/services/pre_enqueue_operational_gate.py:validate_pre_enqueue_operational_gate"", ""app/services/winner_probability/cohort_refresh_planner.py:CohortRefreshPlanner.request_for_current_evidence"", ""app/services/winner_probability/job_handlers.py:WinnerCohortRefreshService.refresh_cohorts"", ""app/services/winner_probability/job_handlers.py:enqueue_outcome_maturation_workflow"", ""app/services/winner_probability/job_handlers.py:execute_cohort_refresh_job"", ""app/services/winner_probability/job_handlers.py:execute_outcome_maturation_job"", ""app/services/winner_probability/job_handlers.py:execute_outcome_revision_check_job"", ""app/services/winner_probability/pre11_compatibility_service.py:Pre11CompatibilityWriteService.persist_decisions_and_replays"", ""app/services/winner_probability/scheduler.py:schedule_primary_h5_maturation"", ""scripts/owpe_pre11_training_compatibility.py:main""]","[""app/services/configuration_delivery.py:bind_job_configuration"", ""app/services/configuration_delivery.py:bind_winner_generation_configuration"", ""app/services/configuration_delivery.py:persist_configuration_anchor""]","[""BOOTSTRAP""]",app/services/configuration_delivery.py:persist_configuration_anchor,SUPPORTED_DISTINCT_SEMANTICS_NO_CHANGE_ADOPTION,"Effective configuration records/anchors and job/generation bindings; generic execution delivery, not financial recalculation.",True,CANONICAL_WRITER,"[""effective_configuration_records"", ""execution_configuration_anchors"", ""execution_configuration_bindings""]",WF_CONFIGURATION_DELIVERY,,,,
WF_CORE_CURRENT_PROJECTION,Resolve exact native domain policy in the writer transaction; supporting ledger mechanisms reuse originating caller policy. Native modes/conditional source permission remain authoritative.,T14B,"[""CURRENT_PROJECTION""]",[],"[""app/routers/ceri_routes.py:create_ceri_ingestion_run"", ""app/routers/ceri_routes.py:execute_ceri_purge"", ""app/routers/ceri_routes.py:preview_ceri_purge"", ""app/routers/ceri_routes.py:recalculate_ceri"", ""app/routers/ceri_routes.py:reprocess_ceri"", ""app/routers/ib_market_intelligence_routes.py:queue_histogram"", ""app/routers/ib_market_intelligence_routes.py:queue_historical"", ""app/routers/ib_market_intelligence_routes.py:queue_live"", ""app/routers/ib_market_intelligence_routes.py:queue_rebuild"", ""app/routers/market_regime_routes.py:market_regime_page"", ""app/routers/market_regime_routes.py:recalculate_run_market_regime_api"", ""app/routers/market_regime_routes.py:run_market_regime_page"", ""app/routers/run_routes.py:recalculate_fundamentals_action"", ""app/routers/run_routes.py:refresh_all_ranking_profiles_action"", ""app/routers/run_routes.py:refresh_combined_results_action"", ""app/routers/run_routes.py:refresh_ranking_profile_action"", ""app/routers/run_routes.py:refresh_technicals_action"", ""app/routers/run_routes.py:resume_run_pipeline_action"", ""app/routers/run_routes.py:run_full_pipeline_action"", ""app/routers/sector_rotation_routes.py:api_sector_rotation"", ""app/routers/sector_rotation_routes.py:api_sector_rotation_drilldown"", ""app/routers/sector_rotation_routes.py:recalculate_run_sector_rotation_api"", ""app/routers/sector_rotation_routes.py:sector_rotation_dashboard"", ""app/routers/sector_rotation_routes.py:sector_rotation_drilldown"", ""app/routers/setup_lifecycle_routes.py:evaluate_setup_lifecycle_run"", ""app/routers/setup_lifecycle_routes.py:replay_setup_lifecycle"", ""app/services/background_worker.py:_execute_full_pipeline_job"", ""app/services/background_worker.py:_execute_sec_readiness_repair_job"", ""app/services/ceri/batched_job_handlers.py:execute_run_finalize_job"", ""app/services/ceri/capture_service.py:CeriRunCaptureService.capture_run"", ""app/services/ceri/controlled_replay_service.py:CeriControlledReplayService.replay"", ""app/services/ceri/decision_evidence.py:persist_ceri_decision_evidence"", ""app/services/ceri/job_handlers.py:execute_capture_run_job"", ""app/services/ceri/job_handlers.py:execute_normalize_job"", ""app/services/ceri/job_handlers.py:execute_provider_ingest_job"", ""app/services/ceri/job_handlers.py:execute_purge_licensed_data_job"", ""app/services/ceri/job_handlers.py:execute_rebuild_features_job"", ""app/services/ceri/purge_service.py:CeriPurgeService.execute"", ""app/services/ceri/sec/readiness_repair.py:execute_sec_readiness_repair"", ""app/services/ceri/sec/readiness_repair.py:schedule_sec_readiness_repair"", ""app/services/ceri/snapshot_service.py:CeriSnapshotService.persist_snapshot"", ""app/services/combined_decision.py:refresh_combined_results"", ""app/services/core_calculation_evidence.py:persist_core_evidence"", ""app/services/fundamental_score_service.py:recalculate_run_fundamentals"", ""app/services/ib_market_intelligence/decision_evidence.py:persist_ibmi_feature_evidence"", ""app/services/ib_market_intelligence/orchestration.py:execute_feature_rebuild"", ""app/services/ib_market_intelligence/orchestration.py:execute_histogram_fetch"", ""app/services/ib_market_intelligence/orchestration.py:execute_historical_refresh"", ""app/services/ib_market_intelligence/orchestration.py:execute_live_snapshot"", ""app/services/ib_market_intelligence/repository.py:persist_feature"", ""app/services/market_regime_command_center.py:MarketRegimeCommandCenterService.build_snapshot"", ""app/services/market_regime_repository.py:MarketRegimeRepository.upsert_snapshot"", ""app/services/pipeline_executor.py:build_market_regime_snapshot_for_run"", ""app/services/pipeline_executor.py:build_sector_rotation_snapshot_for_run"", ""app/services/pipeline_executor.py:execute_full_pipeline"", ""app/services/pipeline_service.py:enqueue_pipeline_after_sec_repair"", ""app/services/pipeline_service.py:resume_pipeline"", ""app/services/pipeline_service.py:start_pipeline"", ""app/services/pre_enqueue_operational_gate.py:validate_pre_enqueue_operational_gate"", ""app/services/ranking_profile_service.py:execute_ranking_pipeline_step"", ""app/services/ranking_profile_service.py:refresh_all_ranking_profiles"", ""app/services/ranking_profile_service.py:refresh_ranking_profile"", ""app/services/sector_rotation_repository.py:SectorRotationRepository.save_snapshot"", ""app/services/sector_rotation_service.py:SectorRotationService.build_sector_rotation_snapshot"", ""app/services/sector_rotation_service.py:build_sector_rotation_snapshot"", ""app/services/setup_lifecycle/decision_evidence.py:persist_lifecycle_evaluation_evidence"", ""app/services/setup_lifecycle/decision_evidence.py:persist_setup_evidence"", ""app/services/setup_lifecycle/episode_service.py:SetupLifecycleEpisodeService.apply_snapshot"", ""app/services/setup_lifecycle/evaluation_service.py:SetupLifecycleEvaluationService.evaluate_run"", ""app/services/setup_lifecycle/evaluation_service.py:evaluate_setup_lifecycles_for_run"", ""app/services/setup_lifecycle/job_handlers.py:execute_evaluate_run_job"", ""app/services/setup_lifecycle/job_handlers.py:execute_repair_ticker_job"", ""app/services/setup_lifecycle/job_handlers.py:execute_replay_job"", ""app/services/setup_lifecycle/maintenance_service.py:SetupLifecycleMaintenanceService.repair_ticker"", ""app/services/setup_lifecycle/replay_service.py:SetupLifecycleReplayService.replay"", ""app/services/setup_lifecycle/snapshot_builder.py:SetupLifecycleSnapshotCaptureService.capture_snapshots_for_run"", ""app/services/setup_lifecycle/snapshot_builder.py:capture_snapshots_for_run"", ""app/services/technical_score_service.py:TechnicalScoringOverlapCoordinator.finalize"", ""app/services/technical_score_service.py:finalize_technical_scores"", ""app/services/technical_score_service.py:score_run_technicals"", ""scripts/ceri_run104_controlled_replay.py:main"", ""scripts/certify_technical_artifact_cache.py:main"", ""scripts/qa/certify_slse_natural.py:main"", ""scripts/qa/rebuild_slse_dev_history.py:main""]","[""app/services/core_calculation_evidence.py:_advance_current_projection""]","[""CURRENT_PROJECTION_ADVANCE""]",app/services/core_calculation_evidence.py:_advance_current_projection,T14B_ADOPTION,Mutable compatible current pointer to retained core evidence; not an independent calculation.,True,CURRENT_PROJECTION_WRITER,"[""core_calculation_current_projections""]",WF_CORE_CURRENT_PROJECTION,,,,
WF_CORE_RETAINED_EVIDENCE,Resolve exact native domain policy in the writer transaction; supporting ledger mechanisms reuse originating caller policy. Native modes/conditional source permission remain authoritative.,T14B,"[""FUNDAMENTAL"", ""TECHNICAL"", ""COMBINED"", ""RANKING"", ""REGIME"", ""SECTOR"", ""CERI"", ""IBMI""]",[],"[""app/routers/ceri_routes.py:create_ceri_ingestion_run"", ""app/routers/ceri_routes.py:execute_ceri_purge"", ""app/routers/ceri_routes.py:preview_ceri_purge"", ""app/routers/ceri_routes.py:recalculate_ceri"", ""app/routers/ceri_routes.py:reprocess_ceri"", ""app/routers/ib_market_intelligence_routes.py:queue_histogram"", ""app/routers/ib_market_intelligence_routes.py:queue_historical"", ""app/routers/ib_market_intelligence_routes.py:queue_live"", ""app/routers/ib_market_intelligence_routes.py:queue_rebuild"", ""app/routers/market_regime_routes.py:market_regime_page"", ""app/routers/market_regime_routes.py:recalculate_run_market_regime_api"", ""app/routers/market_regime_routes.py:run_market_regime_page"", ""app/routers/run_routes.py:recalculate_fundamentals_action"", ""app/routers/run_routes.py:refresh_all_ranking_profiles_action"", ""app/routers/run_routes.py:refresh_combined_results_action"", ""app/routers/run_routes.py:refresh_ranking_profile_action"", ""app/routers/run_routes.py:refresh_technicals_action"", ""app/routers/run_routes.py:resume_run_pipeline_action"", ""app/routers/run_routes.py:run_full_pipeline_action"", ""app/routers/sector_rotation_routes.py:api_sector_rotation"", ""app/routers/sector_rotation_routes.py:api_sector_rotation_drilldown"", ""app/routers/sector_rotation_routes.py:recalculate_run_sector_rotation_api"", ""app/routers/sector_rotation_routes.py:sector_rotation_dashboard"", ""app/routers/sector_rotation_routes.py:sector_rotation_drilldown"", ""app/routers/setup_lifecycle_routes.py:evaluate_setup_lifecycle_run"", ""app/routers/setup_lifecycle_routes.py:replay_setup_lifecycle"", ""app/services/background_worker.py:_execute_full_pipeline_job"", ""app/services/background_worker.py:_execute_sec_readiness_repair_job"", ""app/services/ceri/batched_job_handlers.py:execute_run_finalize_job"", ""app/services/ceri/capture_service.py:CeriRunCaptureService.capture_run"", ""app/services/ceri/controlled_replay_service.py:CeriControlledReplayService.replay"", ""app/services/ceri/decision_evidence.py:persist_ceri_decision_evidence"", ""app/services/ceri/job_handlers.py:execute_capture_run_job"", ""app/services/ceri/job_handlers.py:execute_normalize_job"", ""app/services/ceri/job_handlers.py:execute_provider_ingest_job"", ""app/services/ceri/job_handlers.py:execute_purge_licensed_data_job"", ""app/services/ceri/job_handlers.py:execute_rebuild_features_job"", ""app/services/ceri/purge_service.py:CeriPurgeService.execute"", ""app/services/ceri/sec/readiness_repair.py:execute_sec_readiness_repair"", ""app/services/ceri/sec/readiness_repair.py:schedule_sec_readiness_repair"", ""app/services/ceri/snapshot_service.py:CeriSnapshotService.persist_snapshot"", ""app/services/combined_decision.py:refresh_combined_results"", ""app/services/core_calculation_evidence.py:persist_core_evidence"", ""app/services/fundamental_score_service.py:recalculate_run_fundamentals"", ""app/services/ib_market_intelligence/decision_evidence.py:persist_ibmi_feature_evidence"", ""app/services/ib_market_intelligence/orchestration.py:execute_feature_rebuild"", ""app/services/ib_market_intelligence/orchestration.py:execute_histogram_fetch"", ""app/services/ib_market_intelligence/orchestration.py:execute_historical_refresh"", ""app/services/ib_market_intelligence/orchestration.py:execute_live_snapshot"", ""app/services/ib_market_intelligence/repository.py:persist_feature"", ""app/services/market_regime_command_center.py:MarketRegimeCommandCenterService.build_snapshot"", ""app/services/market_regime_repository.py:MarketRegimeRepository.upsert_snapshot"", ""app/services/pipeline_executor.py:build_market_regime_snapshot_for_run"", ""app/services/pipeline_executor.py:build_sector_rotation_snapshot_for_run"", ""app/services/pipeline_executor.py:execute_full_pipeline"", ""app/services/pipeline_service.py:enqueue_pipeline_after_sec_repair"", ""app/services/pipeline_service.py:resume_pipeline"", ""app/services/pipeline_service.py:start_pipeline"", ""app/services/pre_enqueue_operational_gate.py:validate_pre_enqueue_operational_gate"", ""app/services/ranking_profile_service.py:execute_ranking_pipeline_step"", ""app/services/ranking_profile_service.py:refresh_all_ranking_profiles"", ""app/services/ranking_profile_service.py:refresh_ranking_profile"", ""app/services/sector_rotation_repository.py:SectorRotationRepository.save_snapshot"", ""app/services/sector_rotation_service.py:SectorRotationService.build_sector_rotation_snapshot"", ""app/services/sector_rotation_service.py:build_sector_rotation_snapshot"", ""app/services/setup_lifecycle/decision_evidence.py:persist_lifecycle_evaluation_evidence"", ""app/services/setup_lifecycle/decision_evidence.py:persist_setup_evidence"", ""app/services/setup_lifecycle/episode_service.py:SetupLifecycleEpisodeService.apply_snapshot"", ""app/services/setup_lifecycle/evaluation_service.py:SetupLifecycleEvaluationService.evaluate_run"", ""app/services/setup_lifecycle/evaluation_service.py:evaluate_setup_lifecycles_for_run"", ""app/services/setup_lifecycle/job_handlers.py:execute_evaluate_run_job"", ""app/services/setup_lifecycle/job_handlers.py:execute_repair_ticker_job"", ""app/services/setup_lifecycle/job_handlers.py:execute_replay_job"", ""app/services/setup_lifecycle/maintenance_service.py:SetupLifecycleMaintenanceService.repair_ticker"", ""app/services/setup_lifecycle/replay_service.py:SetupLifecycleReplayService.replay"", ""app/services/setup_lifecycle/snapshot_builder.py:SetupLifecycleSnapshotCaptureService.capture_snapshots_for_run"", ""app/services/setup_lifecycle/snapshot_builder.py:capture_snapshots_for_run"", ""app/services/technical_score_service.py:TechnicalScoringOverlapCoordinator.finalize"", ""app/services/technical_score_service.py:finalize_technical_scores"", ""app/services/technical_score_service.py:score_run_technicals"", ""scripts/ceri_run104_controlled_replay.py:main"", ""scripts/certify_technical_artifact_cache.py:main"", ""scripts/qa/certify_slse_natural.py:main"", ""scripts/qa/rebuild_slse_dev_history.py:main""]","[""app/services/core_calculation_evidence.py:persist_core_evidence""]","[""CANONICAL_CALCULATION""]",app/services/core_calculation_evidence.py:persist_core_evidence,T14B_ADOPTION,Shared immutable ledger and source references reuse originating native domain policy; projection split below.,True,DOMAIN_SUPPORTING_STATE,"[""core_calculation_evidence"", ""core_calculation_evidence_sources""]",WF_CORE_RETAINED_EVIDENCE,,,,
WF_DECISION_HANDOFF_MANIFEST,Resolve exact native domain policy in the writer transaction; supporting ledger mechanisms reuse originating caller policy. Native modes/conditional source permission remain authoritative.,T14D,"[""PIPELINE""]",[],"[""app/services/transition_preflight_plan_service.py:freeze_transition_decision_handoff_manifest""]","[""app/services/transition_preflight_plan_service.py:freeze_transition_decision_handoff_manifest""]","[""BOOTSTRAP""]",app/services/transition_preflight_plan_service.py:freeze_transition_decision_handoff_manifest,T14D_ADOPTION,Freeze exact decision handoff manifest on transition preflight root.,True,DOMAIN_SUPPORTING_STATE,"[""transition_decision_handoff_manifests""]",WF_DECISION_HANDOFF_MANIFEST,,,,
WF_FUNDAMENTAL_RECALCULATION,"Bound branch: both market_cutoff and pipeline_run_id, raw upload row per ticker, effective core.fundamental configuration/retry identity, native financial identity and retained evidence. Supplying only one scope argument raises before persistence. Neither argument: current resolved rules replace serving scores without financial identity/evidence; this is the confirmed legacy branch, not canonical reconstruction.",T14B,"[""FUNDAMENTAL""]","[""WF_UPLOAD_INITIALIZATION""]","[""app/routers/run_routes.py:recalculate_fundamentals_action"", ""app/routers/run_routes.py:resume_run_pipeline_action"", ""app/routers/run_routes.py:run_full_pipeline_action"", ""app/services/background_worker.py:_execute_full_pipeline_job"", ""app/services/background_worker.py:_execute_sec_readiness_repair_job"", ""app/services/ceri/sec/readiness_repair.py:execute_sec_readiness_repair"", ""app/services/ceri/sec/readiness_repair.py:schedule_sec_readiness_repair"", ""app/services/fundamental_score_service.py:recalculate_run_fundamentals"", ""app/services/pipeline_executor.py:execute_full_pipeline"", ""app/services/pipeline_service.py:enqueue_pipeline_after_sec_repair"", ""app/services/pipeline_service.py:resume_pipeline"", ""app/services/pipeline_service.py:start_pipeline"", ""app/services/pre_enqueue_operational_gate.py:validate_pre_enqueue_operational_gate""]","[""app/services/fundamental_score_service.py:recalculate_run_fundamentals""]","[""CANONICAL_CALCULATION"", ""LEGACY_UNCERTIFIED""]",app/services/fundamental_score_service.py:recalculate_run_fundamentals,T14B_ADOPTION,"recalculate_run_fundamentals has one native owner and two explicit conditional authority branches. Both scope arguments produce sealed identities and native retained evidence. Neither scope argument is accepted and replaces only legacy serving scores; the synchronous HTTP caller selects this branch. Family CONFIRMED_BYPASS denotes that reachable branch, not all bound executions.",True,CONFIRMED_BYPASS,"[""fundamental_scores""]",WF_FUNDAMENTAL_RECALCULATION,,"[{""classification"": ""CANONICAL_WRITER"", ""disposition"": ""T14B"", ""mode"": ""CANONICAL_CALCULATION"", ""predicate"": ""market_cutoff is not None and pipeline_run_id is not None"", ""variant_id"": ""WF_FUNDAMENTAL_RECALCULATION_BOUND""}, {""caller_dependency"": ""T14D standalone Fundamental delivery"", ""classification"": ""CONFIRMED_BYPASS"", ""disposition"": ""T14B"", ""mode"": ""LEGACY_UNCERTIFIED"", ""predicate"": ""market_cutoff is None and pipeline_run_id is None"", ""variant_id"": ""WF_FUNDAMENTAL_RECALCULATION_UNBOUND""}]",,
WF_IBMI_HISTORICAL_SOURCE,Resolve exact native domain policy in the writer transaction; supporting ledger mechanisms reuse originating caller policy. Native modes/conditional source permission remain authoritative.,T14B,"[""IBMI_SOURCE""]",[],"[""app/routers/ib_market_intelligence_routes.py:queue_historical"", ""app/services/ib_market_intelligence/orchestration.py:execute_historical_refresh"", ""app/services/ib_market_intelligence/repository.py:persist_historical_metric_bar""]","[""app/services/ib_market_intelligence/repository.py:persist_historical_metric_bar""]","[""CANONICAL_CALCULATION""]",app/services/ib_market_intelligence/repository.py:persist_historical_metric_bar,T14B_ADOPTION,"Historical metric bars/revisions are source authority, separate from derived IBMI feature calculation.",True,CANONICAL_WRITER,"[""ib_historical_metric_bars"", ""ib_historical_metric_revisions""]",WF_IBMI_HISTORICAL_SOURCE,,,,
WF_IBMI_LIVE_SOURCE,Resolve exact native domain policy in the writer transaction; supporting ledger mechanisms reuse originating caller policy. Native modes/conditional source permission remain authoritative.,T14B,"[""IBMI_SOURCE""]",[],"[""app/routers/ib_market_intelligence_routes.py:queue_live"", ""app/services/ib_market_intelligence/orchestration.py:execute_live_snapshot"", ""app/services/ib_market_intelligence/repository.py:persist_live_snapshot""]","[""app/services/ib_market_intelligence/repository.py:persist_live_snapshot""]","[""CANONICAL_CALCULATION""]",app/services/ib_market_intelligence/repository.py:persist_live_snapshot,T14B_ADOPTION,"Live broker snapshot source artifact, separate from derived feature evidence.",True,CANONICAL_WRITER,"[""ib_market_intelligence_snapshots""]",WF_IBMI_LIVE_SOURCE,,,,
WF_IBMI_NATIVE_FEATURE,Resolve exact native domain policy in the writer transaction; supporting ledger mechanisms reuse originating caller policy. Native modes/conditional source permission remain authoritative.,T14B,"[""IBMI""]",[],"[""app/routers/ib_market_intelligence_routes.py:queue_histogram"", ""app/routers/ib_market_intelligence_routes.py:queue_historical"", ""app/routers/ib_market_intelligence_routes.py:queue_live"", ""app/routers/ib_market_intelligence_routes.py:queue_rebuild"", ""app/services/ib_market_intelligence/orchestration.py:execute_feature_rebuild"", ""app/services/ib_market_intelligence/orchestration.py:execute_histogram_fetch"", ""app/services/ib_market_intelligence/orchestration.py:execute_historical_refresh"", ""app/services/ib_market_intelligence/orchestration.py:execute_live_snapshot"", ""app/services/ib_market_intelligence/repository.py:persist_feature""]","[""app/services/ib_market_intelligence/repository.py:persist_feature""]","[""CANONICAL_CALCULATION""]",app/services/ib_market_intelligence/repository.py:persist_feature,T14B_ADOPTION,IBMI feature plus native source snapshot/bar revisions; source acquisitions split below.,True,CANONICAL_WRITER,"[""ib_intelligence_features""]",WF_IBMI_NATIVE_FEATURE,,,,
WF_IB_CONTRACT_IDENTITY,Resolve exact native domain policy in the writer transaction; supporting ledger mechanisms reuse originating caller policy. Native modes/conditional source permission remain authoritative.,T14B,"[""IBMI_SOURCE""]",[],"[""app/routers/ib_market_intelligence_routes.py:queue_histogram"", ""app/routers/ib_market_intelligence_routes.py:queue_historical"", ""app/routers/ib_market_intelligence_routes.py:queue_live"", ""app/routers/ib_routes.py:fetch_bars"", ""app/routers/ib_routes.py:resolve_ticker"", ""app/routers/market_data_routes.py:queue_market_data_prewarm"", ""app/routers/run_routes.py:fetch_run_ib_bars_action"", ""app/routers/run_routes.py:resume_run_ib_fetch_action"", ""app/routers/run_routes.py:resume_run_pipeline_action"", ""app/routers/run_routes.py:retry_failed_run_ib_fetch_action"", ""app/routers/run_routes.py:run_full_pipeline_action"", ""app/services/background_worker.py:_execute_full_pipeline_job"", ""app/services/background_worker.py:_execute_sec_readiness_repair_job"", ""app/services/bar_cache_service.py:ensure_daily_bars"", ""app/services/ceri/sec/readiness_repair.py:execute_sec_readiness_repair"", ""app/services/ceri/sec/readiness_repair.py:schedule_sec_readiness_repair"", ""app/services/ib_contract_resolver.py:resolve_us_stock_contract"", ""app/services/ib_fetch_executor.py:execute_fetch_plan"", ""app/services/ib_fetch_job_service.py:execute_durable_fetch_job"", ""app/services/ib_fetch_job_service.py:submit_fetch_job"", ""app/services/ib_market_intelligence/orchestration.py:execute_histogram_fetch"", ""app/services/ib_market_intelligence/orchestration.py:execute_historical_refresh"", ""app/services/ib_market_intelligence/orchestration.py:execute_live_snapshot"", ""app/services/market_data_prewarm_service.py:enqueue_market_data_prewarm"", ""app/services/market_data_prewarm_service.py:execute_market_data_prewarm"", ""app/services/market_data_prewarm_service.py:execute_market_data_prewarm_job"", ""app/services/pipeline_executor.py:execute_full_pipeline"", ""app/services/pipeline_service.py:enqueue_pipeline_after_sec_repair"", ""app/services/pipeline_service.py:resume_pipeline"", ""app/services/pipeline_service.py:start_pipeline"", ""app/services/pre_enqueue_operational_gate.py:validate_pre_enqueue_operational_gate"", ""scripts/validate_ib_market_intelligence.py:main"", ""scripts/winner_ib_request_scope_canary.py:main""]","[""app/services/ib_contract_resolver.py:_clear_contract_identity"", ""app/services/ib_contract_resolver.py:_mark_ambiguous"", ""app/services/ib_contract_resolver.py:_mark_failed"", ""app/services/ib_contract_resolver.py:resolve_us_stock_contract""]","[""MAINTENANCE""]",app/services/ib_contract_resolver.py:resolve_us_stock_contract,T14B_ADOPTION,US stock contract selection and identity failure/ambiguity fields.,True,DOMAIN_SUPPORTING_STATE,"[""ib_contracts""]",WF_IB_CONTRACT_IDENTITY,,,,
WF_IB_FILL_EXCLUSION,Resolve exact native domain policy in the writer transaction; supporting ledger mechanisms reuse originating caller policy. Native modes/conditional source permission remain authoritative.,T14D,"[""TRADE_JOURNAL""]","[""WF_IB_FLEX_IMPORT"", ""WF_IB_TRADE_EPISODES""]","[""app/routers/ib_market_intelligence_routes.py:exclude_fill""]","[""app/routers/ib_market_intelligence_routes.py:exclude_fill""]","[""MAINTENANCE""]",app/routers/ib_market_intelligence_routes.py:exclude_fill,T14D_ADOPTION,Excluded fill flag and rebuild of derived episodes; not a new research score.,True,SUPPORTED_DISTINCT_WRITER,"[""ib_execution_fills"", ""ib_trade_episodes""]",WF_IB_FILL_EXCLUSION,,,,
WF_IB_FLEX_IMPORT,Resolve exact native domain policy in the writer transaction; supporting ledger mechanisms reuse originating caller policy. Native modes/conditional source permission remain authoritative.,T14B,"[""TRADE_JOURNAL""]","[""WF_IB_FILL_EXCLUSION""]","[""app/routers/ib_market_intelligence_routes.py:queue_flex"", ""app/services/ib_market_intelligence/flex.py:import_flex_report"", ""app/services/ib_market_intelligence/orchestration.py:execute_flex_import""]","[""app/services/ib_market_intelligence/flex.py:import_flex_report""]","[""CANONICAL_CALCULATION""]",app/services/ib_market_intelligence/flex.py:import_flex_report,T14B_ADOPTION,Imported execution fills and import batch source authority.,True,CANONICAL_WRITER,"[""ib_execution_fills"", ""ib_flex_import_runs""]",WF_IB_FLEX_IMPORT,,,,
WF_IB_HISTOGRAM_SCANNER,Resolve exact native domain policy in the writer transaction; supporting ledger mechanisms reuse originating caller policy. Native modes/conditional source permission remain authoritative.,T14B,"[""IBMI_SOURCE""]",[],"[""app/routers/ib_market_intelligence_routes.py:queue_histogram"", ""app/services/ib_market_intelligence/orchestration.py:execute_histogram_fetch""]","[""app/services/ib_market_intelligence/orchestration.py:execute_histogram_fetch""]","[""CANONICAL_CALCULATION""]",app/services/ib_market_intelligence/orchestration.py:execute_histogram_fetch,T14B_ADOPTION,Broker histogram source and scanner snapshot/cache acquisition; scanner split below.,True,CANONICAL_WRITER,"[""ib_histogram_bins"", ""ib_histogram_snapshots""]",WF_IB_HISTOGRAM_SCANNER,,,,
WF_IB_SCANNER_SOURCE,Resolve exact native domain policy in the writer transaction; supporting ledger mechanisms reuse originating caller policy. Native modes/conditional source permission remain authoritative.,T14B,"[""IBMI_SOURCE""]",[],"[""app/routers/ib_market_intelligence_routes.py:queue_scanner"", ""app/services/ib_market_intelligence/orchestration.py:execute_scanner_run""]","[""app/services/ib_market_intelligence/orchestration.py:execute_scanner_run""]","[""CANONICAL_CALCULATION""]",app/services/ib_market_intelligence/orchestration.py:execute_scanner_run,T14B_ADOPTION,Scanner source runs/candidates and parameter cache; not histogram acquisition.,True,CANONICAL_WRITER,"[""ib_scanner_candidates"", ""ib_scanner_parameter_cache"", ""ib_scanner_runs""]",WF_IB_SCANNER_SOURCE,,,,
WF_IB_TRADE_EPISODES,"Broker execution-fill identities, account/ticker ordering, non-superseded/non-excluded source fills and native episode key/construction rules. Rebuild updates derived episode economics and marks absent keys SUPERSEDED; it does not create or revise original research artifacts.",T14D,"[""TRADE_JOURNAL""]","[""WF_IB_FILL_EXCLUSION""]","[""app/routers/ib_market_intelligence_routes.py:queue_flex"", ""app/services/ib_market_intelligence/journal.py:match_episode_to_research"", ""app/services/ib_market_intelligence/journal.py:rebuild_trade_episodes"", ""app/services/ib_market_intelligence/orchestration.py:execute_flex_import""]","[""app/services/ib_market_intelligence/journal.py:rebuild_trade_episodes""]","[""CURRENT_STATE_REPAIR""]",app/services/ib_market_intelligence/journal.py:rebuild_trade_episodes,T14D_ADOPTION,"rebuild_trade_episodes derives current execution episodes from active fills. Historical research association is now the separate WF_IB_TRADE_RESEARCH_LINK family; optional Winner reads belong there, not to IBMI producer authority.",True,SUPPORTED_DISTINCT_WRITER,"[""ib_trade_episodes""]",WF_IB_TRADE_EPISODES,,,,
WF_IB_TRADE_RESEARCH_LINK,"Exact execution episode/opened_at, declared latest-completed-before-entry matching policy and lookback; only research artifacts timestamped at or before entry may be associated. Winner/Setup/Ranking/CERI are optional eligible historical research reads, not a direct IBMI -> Winner producer dependency.",T14D,"[""TRADE_JOURNAL""]",[],"[""app/routers/ib_market_intelligence_routes.py:queue_flex"", ""app/services/ib_market_intelligence/journal.py:match_episode_to_research"", ""app/services/ib_market_intelligence/journal.py:rebuild_trade_episodes"", ""app/services/ib_market_intelligence/orchestration.py:execute_flex_import""]","[""app/services/ib_market_intelligence/journal.py:match_episode_to_research""]","[""MAINTENANCE"", ""CURRENT_STATE_REPAIR""]",app/services/ib_market_intelligence/journal.py:match_episode_to_research,T14D_ADOPTION,Writes one addressed research link as matched/unmatched/ambiguous and records leakage checks and selected artifact addresses. It does not modify research evidence or produce IBMI financial scores.,True,SUPPORTED_DISTINCT_WRITER,"[""ib_trade_research_links""]",WF_IB_TRADE_RESEARCH_LINK,,,,
WF_LIFECYCLE_EPISODE,Resolve exact native domain policy in the writer transaction; supporting ledger mechanisms reuse originating caller policy. Native modes/conditional source permission remain authoritative.,T14C,"[""LIFECYCLE_TRANSITION"", ""SETUP""]","[""WF_SETUP_CURRENT_SELECTION"", ""WF_SETUP_DERIVED_PURGE"", ""WF_SETUP_PERSISTENCE"", ""WF_SETUP_TYPED_REPOSITORY""]","[""app/routers/setup_lifecycle_routes.py:evaluate_setup_lifecycle_run"", ""app/services/setup_lifecycle/episode_service.py:SetupLifecycleEpisodeService.apply_observation_gap"", ""app/services/setup_lifecycle/episode_service.py:SetupLifecycleEpisodeService.apply_snapshot"", ""app/services/setup_lifecycle/episode_service.py:SetupLifecycleEpisodeService.refresh_primary_status"", ""app/services/setup_lifecycle/episode_service.py:SetupLifecycleEpisodeService.refresh_primary_statuses"", ""app/services/setup_lifecycle/evaluation_service.py:SetupLifecycleEvaluationService.evaluate_run"", ""app/services/setup_lifecycle/evaluation_service.py:evaluate_setup_lifecycles_for_run"", ""app/services/setup_lifecycle/job_handlers.py:execute_daily_maintenance_job"", ""app/services/setup_lifecycle/job_handlers.py:execute_evaluate_run_job"", ""app/services/setup_lifecycle/job_handlers.py:execute_repair_ticker_job"", ""app/services/setup_lifecycle/maintenance_service.py:SetupLifecycleMaintenanceService.daily_maintenance"", ""app/services/setup_lifecycle/maintenance_service.py:SetupLifecycleMaintenanceService.repair_ticker"", ""scripts/qa/certify_slse_natural.py:main"", ""scripts/qa/rebuild_slse_dev_history.py:main""]","[""app/services/setup_lifecycle/episode_service.py:SetupLifecycleEpisodeService._apply_snapshot_denormalization"", ""app/services/setup_lifecycle/episode_service.py:SetupLifecycleEpisodeService._close_episode"", ""app/services/setup_lifecycle/episode_service.py:SetupLifecycleEpisodeService._maybe_open_episode"", ""app/services/setup_lifecycle/episode_service.py:SetupLifecycleEpisodeService._update_episode"", ""app/services/setup_lifecycle/episode_service.py:SetupLifecycleEpisodeService.refresh_primary_status"", ""app/services/setup_lifecycle/episode_service.py:SetupLifecycleEpisodeService.refresh_primary_statuses""]","[""CANONICAL_CALCULATION""]",app/services/setup_lifecycle/episode_service.py:SetupLifecycleEpisodeService._update_episode,T14C_ADOPTION,Episode open/update/close and primary flags plus snapshot denormalization; distinct from dedicated retained decision ledgers.,True,CANONICAL_WRITER,"[""setup_lifecycle_episodes"", ""setup_signal_snapshots""]",WF_LIFECYCLE_EPISODE,,,,
WF_LIFECYCLE_EVALUATION_EVIDENCE,Resolve exact native domain policy in the writer transaction; supporting ledger mechanisms reuse originating caller policy. Native modes/conditional source permission remain authoritative.,T14C,"[""LIFECYCLE_EVALUATION""]","[""WF_LIFECYCLE_OBSERVATION_GAP""]","[""app/routers/setup_lifecycle_routes.py:evaluate_setup_lifecycle_run"", ""app/routers/setup_lifecycle_routes.py:replay_setup_lifecycle"", ""app/services/setup_lifecycle/decision_evidence.py:persist_lifecycle_evaluation_evidence"", ""app/services/setup_lifecycle/episode_service.py:SetupLifecycleEpisodeService.apply_snapshot"", ""app/services/setup_lifecycle/evaluation_service.py:SetupLifecycleEvaluationService.evaluate_run"", ""app/services/setup_lifecycle/evaluation_service.py:evaluate_setup_lifecycles_for_run"", ""app/services/setup_lifecycle/job_handlers.py:execute_evaluate_run_job"", ""app/services/setup_lifecycle/job_handlers.py:execute_repair_ticker_job"", ""app/services/setup_lifecycle/job_handlers.py:execute_replay_job"", ""app/services/setup_lifecycle/maintenance_service.py:SetupLifecycleMaintenanceService.repair_ticker"", ""app/services/setup_lifecycle/replay_service.py:SetupLifecycleReplayService.replay"", ""scripts/qa/certify_slse_natural.py:main"", ""scripts/qa/rebuild_slse_dev_history.py:main""]","[""app/services/setup_lifecycle/decision_evidence.py:persist_lifecycle_evaluation_evidence""]","[""CANONICAL_CALCULATION""]",app/services/setup_lifecycle/decision_evidence.py:persist_lifecycle_evaluation_evidence,T14C_ADOPTION,Dedicated typed retained decision ledger: persist_lifecycle_evaluation_evidence; no generic score rewrite.,True,DOMAIN_SUPPORTING_STATE,"[""setup_lifecycle_evaluation_evidence""]",WF_LIFECYCLE_EVALUATION_EVIDENCE,,,,
WF_LIFECYCLE_OBSERVATION_GAP,Resolve exact native domain policy in the writer transaction; supporting ledger mechanisms reuse originating caller policy. Native modes/conditional source permission remain authoritative.,T14C,"[""LIFECYCLE_EVALUATION""]","[""WF_LIFECYCLE_EVALUATION_EVIDENCE""]","[""app/services/setup_lifecycle/decision_evidence.py:persist_observation_gap_evaluation_evidence"", ""app/services/setup_lifecycle/episode_service.py:SetupLifecycleEpisodeService.apply_observation_gap"", ""app/services/setup_lifecycle/job_handlers.py:execute_daily_maintenance_job"", ""app/services/setup_lifecycle/maintenance_service.py:SetupLifecycleMaintenanceService.daily_maintenance""]","[""app/services/setup_lifecycle/decision_evidence.py:persist_observation_gap_evaluation_evidence""]","[""CANONICAL_CALCULATION""]",app/services/setup_lifecycle/decision_evidence.py:persist_observation_gap_evaluation_evidence,T14C_ADOPTION,Dedicated typed retained decision ledger: persist_observation_gap_evaluation_evidence; no generic score rewrite.,True,DOMAIN_SUPPORTING_STATE,"[""setup_lifecycle_evaluation_evidence""]",WF_LIFECYCLE_OBSERVATION_GAP,,,,
WF_LIFECYCLE_TRANSITION_EVIDENCE,Resolve exact native domain policy in the writer transaction; supporting ledger mechanisms reuse originating caller policy. Native modes/conditional source permission remain authoritative.,T14C,"[""LIFECYCLE_TRANSITION""]",[],"[""app/routers/setup_lifecycle_routes.py:evaluate_setup_lifecycle_run"", ""app/services/setup_lifecycle/decision_evidence.py:persist_lifecycle_transition_evidence"", ""app/services/setup_lifecycle/episode_service.py:SetupLifecycleEpisodeService.apply_observation_gap"", ""app/services/setup_lifecycle/episode_service.py:SetupLifecycleEpisodeService.apply_snapshot"", ""app/services/setup_lifecycle/evaluation_service.py:SetupLifecycleEvaluationService.evaluate_run"", ""app/services/setup_lifecycle/evaluation_service.py:evaluate_setup_lifecycles_for_run"", ""app/services/setup_lifecycle/job_handlers.py:execute_daily_maintenance_job"", ""app/services/setup_lifecycle/job_handlers.py:execute_evaluate_run_job"", ""app/services/setup_lifecycle/job_handlers.py:execute_repair_ticker_job"", ""app/services/setup_lifecycle/maintenance_service.py:SetupLifecycleMaintenanceService.daily_maintenance"", ""app/services/setup_lifecycle/maintenance_service.py:SetupLifecycleMaintenanceService.repair_ticker"", ""scripts/qa/certify_slse_natural.py:main"", ""scripts/qa/rebuild_slse_dev_history.py:main""]","[""app/services/setup_lifecycle/decision_evidence.py:persist_lifecycle_transition_evidence""]","[""CANONICAL_CALCULATION""]",app/services/setup_lifecycle/decision_evidence.py:persist_lifecycle_transition_evidence,T14C_ADOPTION,Dedicated typed retained decision ledger: persist_lifecycle_transition_evidence; no generic score rewrite.,True,DOMAIN_SUPPORTING_STATE,"[""setup_lifecycle_transition_evidence""]",WF_LIFECYCLE_TRANSITION_EVIDENCE,,,,
WF_MARKET_CONTEXT_AUTHORITY,Resolve exact native domain policy in the writer transaction; supporting ledger mechanisms reuse originating caller policy. Native modes/conditional source permission remain authoritative.,T14D,"[""PIPELINE""]",[],"[""app/routers/run_routes.py:resume_run_pipeline_action"", ""app/routers/run_routes.py:run_full_pipeline_action"", ""app/services/background_worker.py:_execute_full_pipeline_job"", ""app/services/background_worker.py:_execute_sec_readiness_repair_job"", ""app/services/ceri/sec/readiness_repair.py:execute_sec_readiness_repair"", ""app/services/ceri/sec/readiness_repair.py:schedule_sec_readiness_repair"", ""app/services/market_calculation_context_service.py:attach_reserved_market_context"", ""app/services/market_calculation_context_service.py:create_pipeline_market_context"", ""app/services/market_calculation_context_service.py:market_context_for_pipeline"", ""app/services/market_calculation_context_service.py:reserve_preflight_market_context"", ""app/services/pipeline_executor.py:execute_full_pipeline"", ""app/services/pipeline_service.py:enqueue_pipeline_after_sec_repair"", ""app/services/pipeline_service.py:resume_pipeline"", ""app/services/pipeline_service.py:start_pipeline"", ""app/services/pre_enqueue_operational_gate.py:validate_pre_enqueue_operational_gate"", ""app/services/transition_preflight_plan_service.py:consume_transition_preflight"", ""app/services/transition_preflight_plan_service.py:create_transition_preflight_plan""]","[""app/services/market_calculation_context_service.py:attach_reserved_market_context"", ""app/services/market_calculation_context_service.py:create_pipeline_market_context"", ""app/services/market_calculation_context_service.py:reserve_preflight_market_context""]","[""BOOTSTRAP""]",app/services/market_calculation_context_service.py:create_pipeline_market_context,T14D_ADOPTION,Reserve/attach/create immutable temporal root; preflight reserved root differs from pipeline ownership.,True,DOMAIN_SUPPORTING_STATE,"[""market_calculation_contexts""]",WF_MARKET_CONTEXT_AUTHORITY,,,,
WF_PIPELINE_CONTROL,Resolve exact native domain policy in the writer transaction; supporting ledger mechanisms reuse originating caller policy. Native modes/conditional source permission remain authoritative.,T14D,"[""PIPELINE""]","[""WF_PIPELINE_FENCE_INTERRUPTION"", ""WF_PIPELINE_STAGE_STATE"", ""WF_SEC_PIPELINE_READINESS_REPAIR""]","[""app/routers/run_routes.py:cancel_run_pipeline_action"", ""app/routers/run_routes.py:resume_run_pipeline_action"", ""app/routers/run_routes.py:run_full_pipeline_action"", ""app/services/background_job_service.py:mark_job_failed_or_retry"", ""app/services/background_worker.py:_execute_sec_readiness_repair_job"", ""app/services/background_worker.py:run_worker_once"", ""app/services/ceri/sec/readiness_repair.py:execute_sec_readiness_repair"", ""app/services/ceri/sec/readiness_repair.py:schedule_sec_readiness_repair"", ""app/services/pipeline_service.py:cancel_pipeline"", ""app/services/pipeline_service.py:enqueue_pipeline_after_sec_repair"", ""app/services/pipeline_service.py:mark_pipeline_job_failure"", ""app/services/pipeline_service.py:resume_pipeline"", ""app/services/pipeline_service.py:start_pipeline""]","[""app/services/pipeline_service.py:_cancel_pending_steps"", ""app/services/pipeline_service.py:cancel_pipeline"", ""app/services/pipeline_service.py:enqueue_pipeline_after_sec_repair"", ""app/services/pipeline_service.py:mark_pipeline_job_failure"", ""app/services/pipeline_service.py:resume_pipeline"", ""app/services/pipeline_service.py:start_pipeline""]","[""BOOTSTRAP""]",app/services/pipeline_service.py:start_pipeline,T14D_ADOPTION,Start/resume/cancel/SEC continuation of pipeline root and steps with Phase-4 binding delivery.,True,DOMAIN_SUPPORTING_STATE,"[""pipeline_runs"", ""pipeline_steps""]",WF_PIPELINE_CONTROL,,,,
WF_PIPELINE_FENCE_INTERRUPTION,Resolve exact native domain policy in the writer transaction; supporting ledger mechanisms reuse originating caller policy. Native modes/conditional source permission remain authoritative.,T14D,"[""PIPELINE""]","[""WF_PIPELINE_CONTROL"", ""WF_PIPELINE_STAGE_STATE"", ""WF_SEC_PIPELINE_READINESS_REPAIR""]","[""app/services/background_job_service.py:fence_stalled_jobs""]","[""app/services/background_job_service.py:_interrupt_fenced_pipeline_steps""]","[""MAINTENANCE""]",app/services/background_job_service.py:_interrupt_fenced_pipeline_steps,T14D_ADOPTION,Fenced execution status propagation to owning pipeline and steps.,True,DOMAIN_SUPPORTING_STATE,"[""pipeline_runs"", ""pipeline_steps""]",WF_PIPELINE_FENCE_INTERRUPTION,,,,
WF_PIPELINE_STAGE_STATE,Resolve exact native domain policy in the writer transaction; supporting ledger mechanisms reuse originating caller policy. Native modes/conditional source permission remain authoritative.,T14D,"[""CERI_SOURCE"", ""PIPELINE"", ""RAW""]","[""WF_CERI_COMPANY_BOOTSTRAP"", ""WF_CERI_FEATURE_BUILD"", ""WF_CERI_SOURCE_NORMALIZATION"", ""WF_PIPELINE_CONTROL"", ""WF_PIPELINE_FENCE_INTERRUPTION"", ""WF_SEC_CIK_CLI"", ""WF_SEC_IDENTITY_REPAIR"", ""WF_SEC_INCREMENTAL_IDENTITY"", ""WF_SEC_PIPELINE_READINESS_REPAIR"", ""WF_UPLOAD_INITIALIZATION""]","[""app/routers/run_routes.py:resume_run_pipeline_action"", ""app/routers/run_routes.py:run_full_pipeline_action"", ""app/services/background_worker.py:_execute_full_pipeline_job"", ""app/services/background_worker.py:_execute_sec_readiness_repair_job"", ""app/services/ceri/sec/readiness_repair.py:execute_sec_readiness_repair"", ""app/services/ceri/sec/readiness_repair.py:schedule_sec_readiness_repair"", ""app/services/pipeline_executor.py:execute_full_pipeline"", ""app/services/pipeline_service.py:enqueue_pipeline_after_sec_repair"", ""app/services/pipeline_service.py:resume_pipeline"", ""app/services/pipeline_service.py:start_pipeline"", ""app/services/pre_enqueue_operational_gate.py:validate_pre_enqueue_operational_gate""]","[""app/services/pipeline_executor.py:_apply_winner_step_outcome"", ""app/services/pipeline_executor.py:_archive_pipeline_step_attempt"", ""app/services/pipeline_executor.py:_cancel_unfinished_steps"", ""app/services/pipeline_executor.py:_interrupt_superseded_running_steps"", ""app/services/pipeline_executor.py:_mark_pipeline_blocked"", ""app/services/pipeline_executor.py:_mark_pipeline_cancelled"", ""app/services/pipeline_executor.py:_mark_pipeline_failed"", ""app/services/pipeline_executor.py:_mark_pipeline_finished"", ""app/services/pipeline_executor.py:_mark_pipeline_running"", ""app/services/pipeline_executor.py:_pipeline_step"", ""app/services/pipeline_executor.py:_schedule_ceri_provider_ingest"", ""app/services/pipeline_executor.py:_schedule_sec_prerequisite_repair"", ""app/services/pipeline_executor.py:execute_full_pipeline""]","[""MAINTENANCE""]",app/services/pipeline_executor.py:execute_full_pipeline,T14D_ADOPTION,Execution status/stage attempts and prerequisite source scheduling; financial stage algorithms remain separate writer families.,True,DOMAIN_SUPPORTING_STATE,"[""ceri_companies"", ""pipeline_runs"", ""pipeline_steps"", ""raw_company_rows""]",WF_PIPELINE_STAGE_STATE,,,,
WF_PRICE_INGESTION,Resolve exact native domain policy in the writer transaction; supporting ledger mechanisms reuse originating caller policy. Native modes/conditional source permission remain authoritative.,T14B,"[""PRICE""]",[],"[""app/routers/ib_routes.py:fetch_bars"", ""app/routers/market_data_routes.py:queue_market_data_prewarm"", ""app/routers/run_routes.py:fetch_run_ib_bars_action"", ""app/routers/run_routes.py:resume_run_ib_fetch_action"", ""app/routers/run_routes.py:resume_run_pipeline_action"", ""app/routers/run_routes.py:retry_failed_run_ib_fetch_action"", ""app/routers/run_routes.py:run_full_pipeline_action"", ""app/services/background_worker.py:_execute_full_pipeline_job"", ""app/services/background_worker.py:_execute_sec_readiness_repair_job"", ""app/services/bar_cache_service.py:cache_bars"", ""app/services/bar_cache_service.py:ensure_daily_bars"", ""app/services/ceri/sec/readiness_repair.py:execute_sec_readiness_repair"", ""app/services/ceri/sec/readiness_repair.py:schedule_sec_readiness_repair"", ""app/services/ib_fetch_executor.py:execute_fetch_plan"", ""app/services/ib_fetch_job_service.py:execute_durable_fetch_job"", ""app/services/ib_fetch_job_service.py:submit_fetch_job"", ""app/services/market_data_prewarm_service.py:enqueue_market_data_prewarm"", ""app/services/market_data_prewarm_service.py:execute_market_data_prewarm"", ""app/services/market_data_prewarm_service.py:execute_market_data_prewarm_job"", ""app/services/pipeline_executor.py:execute_full_pipeline"", ""app/services/pipeline_service.py:enqueue_pipeline_after_sec_repair"", ""app/services/pipeline_service.py:resume_pipeline"", ""app/services/pipeline_service.py:start_pipeline"", ""app/services/pre_enqueue_operational_gate.py:validate_pre_enqueue_operational_gate"", ""scripts/winner_ib_request_scope_canary.py:main""]","[""app/services/bar_cache_service.py:cache_bars""]","[""CANONICAL_CALCULATION""]",app/services/bar_cache_service.py:cache_bars,T14B_ADOPTION,Bar/revision source ingestion; price-series version changes are a separate family.,True,CANONICAL_WRITER,"[""price_bar_revisions"", ""price_bars""]",WF_PRICE_INGESTION,,,,
WF_PRICE_SERIES_VERSION,Resolve exact native domain policy in the writer transaction; supporting ledger mechanisms reuse originating caller policy. Native modes/conditional source permission remain authoritative.,T14B,"[""PRICE""]",[],"[""app/routers/ib_routes.py:fetch_bars"", ""app/routers/market_data_routes.py:queue_market_data_prewarm"", ""app/routers/run_routes.py:fetch_run_ib_bars_action"", ""app/routers/run_routes.py:resume_run_ib_fetch_action"", ""app/routers/run_routes.py:resume_run_pipeline_action"", ""app/routers/run_routes.py:retry_failed_run_ib_fetch_action"", ""app/routers/run_routes.py:run_full_pipeline_action"", ""app/services/background_worker.py:_execute_full_pipeline_job"", ""app/services/background_worker.py:_execute_sec_readiness_repair_job"", ""app/services/bar_cache_service.py:cache_bars"", ""app/services/bar_cache_service.py:ensure_daily_bars"", ""app/services/ceri/sec/readiness_repair.py:execute_sec_readiness_repair"", ""app/services/ceri/sec/readiness_repair.py:schedule_sec_readiness_repair"", ""app/services/ib_fetch_executor.py:execute_fetch_plan"", ""app/services/ib_fetch_job_service.py:execute_durable_fetch_job"", ""app/services/ib_fetch_job_service.py:submit_fetch_job"", ""app/services/market_data_prewarm_service.py:enqueue_market_data_prewarm"", ""app/services/market_data_prewarm_service.py:execute_market_data_prewarm"", ""app/services/market_data_prewarm_service.py:execute_market_data_prewarm_job"", ""app/services/pipeline_executor.py:execute_full_pipeline"", ""app/services/pipeline_service.py:enqueue_pipeline_after_sec_repair"", ""app/services/pipeline_service.py:resume_pipeline"", ""app/services/pipeline_service.py:start_pipeline"", ""app/services/pre_enqueue_operational_gate.py:validate_pre_enqueue_operational_gate"", ""app/services/price_series_version_service.py:maintain_price_series_versions"", ""scripts/winner_ib_request_scope_canary.py:main""]","[""app/services/price_series_version_service.py:maintain_price_series_versions""]","[""MAINTENANCE""]",app/services/price_series_version_service.py:maintain_price_series_versions,T14B_ADOPTION,Invalidate/bump derived price-series versions on source-bar changes.,True,DOMAIN_SUPPORTING_STATE,"[""price_series_versions""]",WF_PRICE_SERIES_VERSION,,,,
WF_RANKING_LEGACY_REPLACEMENT,Resolve exact native domain policy in the writer transaction; supporting ledger mechanisms reuse originating caller policy. Native modes/conditional source permission remain authoritative.,T14B,"[""RANKING""]","[""WF_RANKING_PERSISTENCE""]","[""app/routers/run_routes.py:refresh_all_ranking_profiles_action"", ""app/routers/run_routes.py:refresh_ranking_profile_action"", ""app/routers/run_routes.py:resume_run_pipeline_action"", ""app/routers/run_routes.py:run_full_pipeline_action"", ""app/services/background_worker.py:_execute_full_pipeline_job"", ""app/services/background_worker.py:_execute_sec_readiness_repair_job"", ""app/services/ceri/sec/readiness_repair.py:execute_sec_readiness_repair"", ""app/services/ceri/sec/readiness_repair.py:schedule_sec_readiness_repair"", ""app/services/pipeline_executor.py:execute_full_pipeline"", ""app/services/pipeline_service.py:enqueue_pipeline_after_sec_repair"", ""app/services/pipeline_service.py:resume_pipeline"", ""app/services/pipeline_service.py:start_pipeline"", ""app/services/pre_enqueue_operational_gate.py:validate_pre_enqueue_operational_gate"", ""app/services/ranking_profile_service.py:execute_ranking_pipeline_step"", ""app/services/ranking_profile_service.py:refresh_all_ranking_profiles"", ""app/services/ranking_profile_service.py:refresh_ranking_profile""]","[""app/services/ranking_profile_service.py:_replace_legacy_ranking""]","[""LEGACY_UNCERTIFIED""]",app/services/ranking_profile_service.py:_replace_legacy_ranking,T14B_ADOPTION,Unanchored ranking serving replacement differs from sealed native ranking evidence.,True,LEGACY_WRITER,"[""ranking_results""]",WF_RANKING_LEGACY_REPLACEMENT,,,,
WF_RANKING_PERSISTENCE,Resolve exact native domain policy in the writer transaction; supporting ledger mechanisms reuse originating caller policy. Native modes/conditional source permission remain authoritative.,T14B,"[""RANKING""]","[""WF_RANKING_LEGACY_REPLACEMENT""]","[""app/routers/run_routes.py:refresh_all_ranking_profiles_action"", ""app/routers/run_routes.py:refresh_ranking_profile_action"", ""app/routers/run_routes.py:resume_run_pipeline_action"", ""app/routers/run_routes.py:run_full_pipeline_action"", ""app/services/background_worker.py:_execute_full_pipeline_job"", ""app/services/background_worker.py:_execute_sec_readiness_repair_job"", ""app/services/ceri/sec/readiness_repair.py:execute_sec_readiness_repair"", ""app/services/ceri/sec/readiness_repair.py:schedule_sec_readiness_repair"", ""app/services/pipeline_executor.py:execute_full_pipeline"", ""app/services/pipeline_service.py:enqueue_pipeline_after_sec_repair"", ""app/services/pipeline_service.py:resume_pipeline"", ""app/services/pipeline_service.py:start_pipeline"", ""app/services/pre_enqueue_operational_gate.py:validate_pre_enqueue_operational_gate"", ""app/services/ranking_profile_service.py:execute_ranking_pipeline_step"", ""app/services/ranking_profile_service.py:refresh_all_ranking_profiles"", ""app/services/ranking_profile_service.py:refresh_ranking_profile""]","[""app/services/ranking_profile_service.py:_copy_ranking_values"", ""app/services/ranking_profile_service.py:_persist_rankings""]","[""CANONICAL_CALCULATION""]",app/services/ranking_profile_service.py:_persist_rankings,T14B_ADOPTION,Native ranking insert/copy; unanchored legacy replacement split below.,True,CANONICAL_WRITER,"[""ranking_results""]",WF_RANKING_PERSISTENCE,,,,
WF_REGIME_DERIVED_DELETE,Explicit run target and derived serving snapshot scope; retained evidence and newer compatible current selections must be protected by the adopting writer transaction. Deletion does not calculate a new Regime output or reconstruct original context.,T14B,"[""REGIME"", ""CURRENT_PROJECTION""]","[""WF_REGIME_SNAPSHOT""]","[""app/routers/market_regime_routes.py:market_regime_page"", ""app/routers/market_regime_routes.py:recalculate_run_market_regime_api"", ""app/routers/market_regime_routes.py:run_market_regime_page"", ""app/routers/run_routes.py:resume_run_pipeline_action"", ""app/routers/run_routes.py:run_full_pipeline_action"", ""app/services/background_worker.py:_execute_full_pipeline_job"", ""app/services/background_worker.py:_execute_sec_readiness_repair_job"", ""app/services/ceri/sec/readiness_repair.py:execute_sec_readiness_repair"", ""app/services/ceri/sec/readiness_repair.py:schedule_sec_readiness_repair"", ""app/services/market_regime_command_center.py:MarketRegimeCommandCenterService.build_snapshot"", ""app/services/market_regime_repository.py:MarketRegimeRepository.delete_for_run"", ""app/services/market_regime_repository.py:MarketRegimeRepository.upsert_snapshot"", ""app/services/pipeline_executor.py:build_market_regime_snapshot_for_run"", ""app/services/pipeline_executor.py:execute_full_pipeline"", ""app/services/pipeline_service.py:enqueue_pipeline_after_sec_repair"", ""app/services/pipeline_service.py:resume_pipeline"", ""app/services/pipeline_service.py:start_pipeline"", ""app/services/pre_enqueue_operational_gate.py:validate_pre_enqueue_operational_gate""]","[""app/services/market_regime_repository.py:MarketRegimeRepository.delete_for_run""]","[""CURRENT_STATE_REPAIR""]",app/services/market_regime_repository.py:MarketRegimeRepository.delete_for_run,T14B_ADOPTION,delete_for_run issues run-scoped DELETE of MarketRegimeSnapshot and flushes. Immutable shared core evidence is not deleted by this method. This derived repair is separate from revision creation.,True,CURRENT_PROJECTION_WRITER,"[""market_regime_snapshots""]",WF_REGIME_DERIVED_DELETE,,,,
WF_REGIME_SNAPSHOT,"Native Regime cutoff/calendar/source-series membership and contextual effective configuration; logical key run/as-of/calculation/config version, DTO evidence hash and revision order. Field copy and supersession reuse the owning upsert transaction. Standalone root selection belongs to caller T14D adoption.",T14B,"[""REGIME""]","[""WF_REGIME_DERIVED_DELETE""]","[""app/routers/market_regime_routes.py:market_regime_page"", ""app/routers/market_regime_routes.py:recalculate_run_market_regime_api"", ""app/routers/market_regime_routes.py:run_market_regime_page"", ""app/routers/run_routes.py:resume_run_pipeline_action"", ""app/routers/run_routes.py:run_full_pipeline_action"", ""app/services/background_worker.py:_execute_full_pipeline_job"", ""app/services/background_worker.py:_execute_sec_readiness_repair_job"", ""app/services/ceri/sec/readiness_repair.py:execute_sec_readiness_repair"", ""app/services/ceri/sec/readiness_repair.py:schedule_sec_readiness_repair"", ""app/services/market_regime_command_center.py:MarketRegimeCommandCenterService.build_snapshot"", ""app/services/market_regime_repository.py:MarketRegimeRepository.delete_for_run"", ""app/services/market_regime_repository.py:MarketRegimeRepository.upsert_snapshot"", ""app/services/pipeline_executor.py:build_market_regime_snapshot_for_run"", ""app/services/pipeline_executor.py:execute_full_pipeline"", ""app/services/pipeline_service.py:enqueue_pipeline_after_sec_repair"", ""app/services/pipeline_service.py:resume_pipeline"", ""app/services/pipeline_service.py:start_pipeline"", ""app/services/pre_enqueue_operational_gate.py:validate_pre_enqueue_operational_gate""]","[""app/services/market_regime_repository.py:MarketRegimeRepository._apply_snapshot_fields"", ""app/services/market_regime_repository.py:MarketRegimeRepository._supersede_previous_revision"", ""app/services/market_regime_repository.py:MarketRegimeRepository.upsert_snapshot""]","[""CANONICAL_CALCULATION""]",app/services/market_regime_repository.py:MarketRegimeRepository.upsert_snapshot,T14B_ADOPTION,"upsert_snapshot reuses exact evidence-hash matches, otherwise appends the next logical revision, marks only the prior revision non-current, and persists immutable native/shared evidence. Derived deletion is now WF_REGIME_DERIVED_DELETE.",True,CANONICAL_WRITER,"[""market_regime_snapshots""]",WF_REGIME_SNAPSHOT,,,,
WF_SECTOR_SNAPSHOT,Resolve exact native domain policy in the writer transaction; supporting ledger mechanisms reuse originating caller policy. Native modes/conditional source permission remain authoritative.,T14B,"[""SECTOR""]",[],"[""app/routers/run_routes.py:resume_run_pipeline_action"", ""app/routers/run_routes.py:run_full_pipeline_action"", ""app/routers/sector_rotation_routes.py:api_sector_rotation"", ""app/routers/sector_rotation_routes.py:api_sector_rotation_drilldown"", ""app/routers/sector_rotation_routes.py:recalculate_run_sector_rotation_api"", ""app/routers/sector_rotation_routes.py:sector_rotation_dashboard"", ""app/routers/sector_rotation_routes.py:sector_rotation_drilldown"", ""app/services/background_worker.py:_execute_full_pipeline_job"", ""app/services/background_worker.py:_execute_sec_readiness_repair_job"", ""app/services/ceri/sec/readiness_repair.py:execute_sec_readiness_repair"", ""app/services/ceri/sec/readiness_repair.py:schedule_sec_readiness_repair"", ""app/services/pipeline_executor.py:build_sector_rotation_snapshot_for_run"", ""app/services/pipeline_executor.py:execute_full_pipeline"", ""app/services/pipeline_service.py:enqueue_pipeline_after_sec_repair"", ""app/services/pipeline_service.py:resume_pipeline"", ""app/services/pipeline_service.py:start_pipeline"", ""app/services/pre_enqueue_operational_gate.py:validate_pre_enqueue_operational_gate"", ""app/services/sector_rotation_repository.py:SectorRotationRepository.save_snapshot"", ""app/services/sector_rotation_service.py:SectorRotationService.build_sector_rotation_snapshot"", ""app/services/sector_rotation_service.py:build_sector_rotation_snapshot""]","[""app/services/sector_rotation_repository.py:SectorRotationRepository._apply_snapshot_fields"", ""app/services/sector_rotation_repository.py:SectorRotationRepository._supersede_previous_revision"", ""app/services/sector_rotation_repository.py:SectorRotationRepository.save_snapshot""]","[""CANONICAL_CALCULATION""]",app/services/sector_rotation_repository.py:SectorRotationRepository.save_snapshot,T14B_ADOPTION,Sector snapshot/rows with revision supersession; as-of/root context stays explicit.,True,CANONICAL_WRITER,"[""sector_rotation_rows"", ""sector_rotation_snapshots""]",WF_SECTOR_SNAPSHOT,,,,
WF_SEC_CIK_CLI,Resolve exact native domain policy in the writer transaction; supporting ledger mechanisms reuse originating caller policy. Native modes/conditional source permission remain authoritative.,T14D,"[""CERI_SOURCE""]","[""WF_CERI_COMPANY_BOOTSTRAP"", ""WF_CERI_FEATURE_BUILD"", ""WF_CERI_SOURCE_NORMALIZATION"", ""WF_PIPELINE_STAGE_STATE"", ""WF_SEC_IDENTITY_REPAIR"", ""WF_SEC_INCREMENTAL_IDENTITY""]","[""scripts/resolve_sec_ciks.py:main""]","[""scripts/resolve_sec_ciks.py:main""]","[""CURRENT_STATE_REPAIR""]",scripts/resolve_sec_ciks.py:main,T14D_ADOPTION,Explicit command repairs current company CIK identity; not financial evidence.,True,CURRENT_RULES_WRITER,"[""ceri_companies""]",WF_SEC_CIK_CLI,,,,
WF_SEC_DOCUMENT_SOURCE,Resolve exact native domain policy in the writer transaction; supporting ledger mechanisms reuse originating caller policy. Native modes/conditional source permission remain authoritative.,T14B,"[""CERI_SOURCE""]",[],"[""app/routers/ceri_routes.py:create_ceri_backfill"", ""app/routers/ceri_routes.py:create_ceri_ingestion_run"", ""app/routers/run_routes.py:resume_run_pipeline_action"", ""app/routers/run_routes.py:run_full_pipeline_action"", ""app/services/background_worker.py:_execute_full_pipeline_job"", ""app/services/background_worker.py:_execute_sec_readiness_repair_job"", ""app/services/ceri/backfill_service.py:CeriBackfillService.run"", ""app/services/ceri/batched_job_handlers.py:execute_provider_ingest_batch_job"", ""app/services/ceri/job_handlers.py:execute_backfill_job"", ""app/services/ceri/job_handlers.py:execute_provider_ingest_job"", ""app/services/ceri/orchestration.py:CeriIngestionService.ingest"", ""app/services/ceri/sec/incremental_ingestion.py:SecGuidanceIncrementalIngestionService.ingest"", ""app/services/ceri/sec/readiness_repair.py:execute_sec_readiness_repair"", ""app/services/ceri/sec/readiness_repair.py:schedule_sec_readiness_repair"", ""app/services/ceri/sec/state_service.py:SecDocumentStateService.complete"", ""app/services/ceri/sec/state_service.py:SecDocumentStateService.record_downloaded_content"", ""app/services/ceri/sec/state_service.py:SecDocumentStateService.register_document"", ""app/services/pipeline_executor.py:execute_full_pipeline"", ""app/services/pipeline_service.py:enqueue_pipeline_after_sec_repair"", ""app/services/pipeline_service.py:resume_pipeline"", ""app/services/pipeline_service.py:start_pipeline"", ""app/services/pre_enqueue_operational_gate.py:validate_pre_enqueue_operational_gate"", ""scripts/certify_sec_incremental_ingestion.py:main"", ""scripts/profile_sec_performance.py:main""]","[""app/services/ceri/sec/state_service.py:SecDocumentStateService.complete"", ""app/services/ceri/sec/state_service.py:SecDocumentStateService.record_downloaded_content"", ""app/services/ceri/sec/state_service.py:SecDocumentStateService.register_document""]","[""CANONICAL_CALCULATION""]",app/services/ceri/sec/state_service.py:SecDocumentStateService.register_document,T14B_ADOPTION,"Filing document registration/download/completion; source bytes and processor address, not financial score.",True,DOMAIN_SUPPORTING_STATE,"[""ceri_sec_document_extractions"", ""ceri_sec_filing_documents""]",WF_SEC_DOCUMENT_SOURCE,,,,
WF_SEC_IDENTITY_REPAIR,Resolve exact native domain policy in the writer transaction; supporting ledger mechanisms reuse originating caller policy. Native modes/conditional source permission remain authoritative.,T14D,"[""CERI_SOURCE""]","[""WF_CERI_COMPANY_BOOTSTRAP"", ""WF_CERI_FEATURE_BUILD"", ""WF_CERI_SOURCE_NORMALIZATION"", ""WF_PIPELINE_STAGE_STATE"", ""WF_SEC_CIK_CLI"", ""WF_SEC_INCREMENTAL_IDENTITY""]","[""app/routers/run_routes.py:run_full_pipeline_action"", ""app/services/background_worker.py:_execute_sec_readiness_repair_job"", ""app/services/ceri/sec/identity_repair.py:resolve_and_persist_sec_identity"", ""app/services/ceri/sec/readiness_repair.py:execute_sec_readiness_repair"", ""app/services/ceri/sec/readiness_repair.py:schedule_sec_readiness_repair"", ""app/services/pipeline_service.py:start_pipeline""]","[""app/services/ceri/sec/identity_repair.py:resolve_and_persist_sec_identity""]","[""CURRENT_STATE_REPAIR""]",app/services/ceri/sec/identity_repair.py:resolve_and_persist_sec_identity,T14D_ADOPTION,Repair current CIK/company source identity; not original score reconstruction.,True,CURRENT_RULES_WRITER,"[""ceri_companies""]",WF_SEC_IDENTITY_REPAIR,,,,
WF_SEC_INCREMENTAL_IDENTITY,Resolve exact native domain policy in the writer transaction; supporting ledger mechanisms reuse originating caller policy. Native modes/conditional source permission remain authoritative.,T14B,"[""CERI_SOURCE""]","[""WF_CERI_COMPANY_BOOTSTRAP"", ""WF_CERI_FEATURE_BUILD"", ""WF_CERI_SOURCE_NORMALIZATION"", ""WF_PIPELINE_STAGE_STATE"", ""WF_SEC_CIK_CLI"", ""WF_SEC_IDENTITY_REPAIR""]","[""app/routers/ceri_routes.py:create_ceri_backfill"", ""app/routers/ceri_routes.py:create_ceri_ingestion_run"", ""app/routers/run_routes.py:resume_run_pipeline_action"", ""app/routers/run_routes.py:run_full_pipeline_action"", ""app/services/background_worker.py:_execute_full_pipeline_job"", ""app/services/background_worker.py:_execute_sec_readiness_repair_job"", ""app/services/ceri/backfill_service.py:CeriBackfillService.run"", ""app/services/ceri/batched_job_handlers.py:execute_provider_ingest_batch_job"", ""app/services/ceri/job_handlers.py:execute_backfill_job"", ""app/services/ceri/job_handlers.py:execute_provider_ingest_job"", ""app/services/ceri/orchestration.py:CeriIngestionService.ingest"", ""app/services/ceri/sec/incremental_ingestion.py:SecGuidanceIncrementalIngestionService.ingest"", ""app/services/ceri/sec/readiness_repair.py:execute_sec_readiness_repair"", ""app/services/ceri/sec/readiness_repair.py:schedule_sec_readiness_repair"", ""app/services/pipeline_executor.py:execute_full_pipeline"", ""app/services/pipeline_service.py:enqueue_pipeline_after_sec_repair"", ""app/services/pipeline_service.py:resume_pipeline"", ""app/services/pipeline_service.py:start_pipeline"", ""app/services/pre_enqueue_operational_gate.py:validate_pre_enqueue_operational_gate"", ""scripts/certify_sec_incremental_ingestion.py:main"", ""scripts/profile_sec_performance.py:main""]","[""app/services/ceri/sec/incremental_ingestion.py:SecGuidanceIncrementalIngestionService._resolve_and_persist_cik""]","[""MAINTENANCE""]",app/services/ceri/sec/incremental_ingestion.py:SecGuidanceIncrementalIngestionService._resolve_and_persist_cik,T14B_ADOPTION,"Incremental source identity persistence, separate from bulk repair entry.",True,DOMAIN_SUPPORTING_STATE,"[""ceri_companies""]",WF_SEC_INCREMENTAL_IDENTITY,,,,
WF_SEC_PIPELINE_READINESS_REPAIR,Resolve exact native domain policy in the writer transaction; supporting ledger mechanisms reuse originating caller policy. Native modes/conditional source permission remain authoritative.,T14D,"[""PIPELINE""]","[""WF_PIPELINE_CONTROL"", ""WF_PIPELINE_FENCE_INTERRUPTION"", ""WF_PIPELINE_STAGE_STATE""]","[""app/routers/run_routes.py:resume_run_pipeline_action"", ""app/routers/run_routes.py:run_full_pipeline_action"", ""app/services/background_job_service.py:mark_job_failed_or_retry"", ""app/services/background_worker.py:_execute_sec_readiness_repair_job"", ""app/services/background_worker.py:run_worker_once"", ""app/services/ceri/sec/readiness_repair.py:execute_sec_readiness_repair"", ""app/services/ceri/sec/readiness_repair.py:mark_sec_repair_failure"", ""app/services/ceri/sec/readiness_repair.py:schedule_sec_readiness_repair"", ""app/services/pipeline_service.py:resume_pipeline"", ""app/services/pipeline_service.py:start_pipeline""]","[""app/services/ceri/sec/readiness_repair.py:_guard_cancel"", ""app/services/ceri/sec/readiness_repair.py:_mark_pipeline_unresolved"", ""app/services/ceri/sec/readiness_repair.py:_reset_pipeline_step"", ""app/services/ceri/sec/readiness_repair.py:_update_progress"", ""app/services/ceri/sec/readiness_repair.py:mark_sec_repair_failure"", ""app/services/ceri/sec/readiness_repair.py:schedule_sec_readiness_repair""]","[""CURRENT_STATE_REPAIR""]",app/services/ceri/sec/readiness_repair.py:schedule_sec_readiness_repair,T14D_ADOPTION,Pipeline readiness state/progress/resume/cancellation with retained enqueue root.,True,CURRENT_RULES_WRITER,"[""background_jobs"", ""pipeline_runs"", ""pipeline_steps""]",WF_SEC_PIPELINE_READINESS_REPAIR,,,,
WF_SETUP_ALERT_EVENT_STATE,"Native alert decision/rule and event_key from the caller; dedicated immutable decision and rule ledgers remain separate. Repository delivery is idempotent by event_key, not a new alert evaluator.",T14C,"[""ALERT_DECISION""]","[""WF_SETUP_DERIVED_PURGE"", ""WF_SETUP_TYPED_REPOSITORY""]","[""app/routers/setup_lifecycle_routes.py:evaluate_setup_lifecycle_run"", ""app/routers/setup_lifecycle_routes.py:queue_setup_lifecycle_evaluation"", ""app/routers/setup_lifecycle_routes.py:replay_setup_lifecycle"", ""app/services/setup_lifecycle/alert_service.py:SetupLifecycleAlertService.evaluate_episode_result"", ""app/services/setup_lifecycle/alert_service.py:SetupLifecycleAlertService.evaluate_lifecycle_event"", ""app/services/setup_lifecycle/alert_service.py:SetupLifecycleAlertService.evaluate_signal_change_events"", ""app/services/setup_lifecycle/alert_service.py:SetupLifecycleAlertService.seed_builtin_rules"", ""app/services/setup_lifecycle/canonicalization.py:SetupLifecycleCanonicalizer.canonicalize_run"", ""app/services/setup_lifecycle/canonicalization.py:SetupLifecycleCanonicalizer.canonicalize_snapshots"", ""app/services/setup_lifecycle/change_detector.py:SetupLifecycleChangeDetector.detect_and_persist"", ""app/services/setup_lifecycle/episode_service.py:SetupLifecycleEpisodeService.apply_observation_gap"", ""app/services/setup_lifecycle/episode_service.py:SetupLifecycleEpisodeService.apply_snapshot"", ""app/services/setup_lifecycle/evaluation_service.py:SetupLifecycleEvaluationService.evaluate_run"", ""app/services/setup_lifecycle/evaluation_service.py:evaluate_setup_lifecycles_for_run"", ""app/services/setup_lifecycle/job_handlers.py:execute_alert_rebuild_job"", ""app/services/setup_lifecycle/job_handlers.py:execute_daily_maintenance_job"", ""app/services/setup_lifecycle/job_handlers.py:execute_evaluate_run_job"", ""app/services/setup_lifecycle/job_handlers.py:execute_repair_ticker_job"", ""app/services/setup_lifecycle/job_handlers.py:execute_replay_job"", ""app/services/setup_lifecycle/maintenance_service.py:SetupLifecycleMaintenanceService.daily_maintenance"", ""app/services/setup_lifecycle/maintenance_service.py:SetupLifecycleMaintenanceService.rebuild_alerts"", ""app/services/setup_lifecycle/maintenance_service.py:SetupLifecycleMaintenanceService.repair_ticker"", ""app/services/setup_lifecycle/purge_service.py:SetupLifecyclePurgeService.execute"", ""app/services/setup_lifecycle/replay_service.py:SetupLifecycleReplayService.replay"", ""app/services/setup_lifecycle/repository.py:SetupLifecycleRepository.add"", ""app/services/setup_lifecycle/repository.py:SetupLifecycleRepository.add_alert_event"", ""app/services/setup_lifecycle/repository.py:SetupLifecycleRepository.add_lifecycle_event"", ""app/services/setup_lifecycle/repository.py:SetupLifecycleRepository.add_lifecycle_events"", ""app/services/setup_lifecycle/repository.py:SetupLifecycleRepository.add_new_lifecycle_event"", ""app/services/setup_lifecycle/repository.py:SetupLifecycleRepository.add_signal_change_event"", ""app/services/setup_lifecycle/repository.py:SetupLifecycleRepository.apply_evaluation_counts"", ""app/services/setup_lifecycle/repository.py:SetupLifecycleRepository.complete_evaluation_run"", ""app/services/setup_lifecycle/repository.py:SetupLifecycleRepository.create_evaluation_run"", ""app/services/setup_lifecycle/repository.py:SetupLifecycleRepository.heartbeat_evaluation_run"", ""app/services/setup_lifecycle/repository.py:SetupLifecycleRepository.supersede_prior_current_events"", ""app/services/setup_lifecycle/repository.py:SetupLifecycleRepository.upsert_alert_rule"", ""app/services/setup_lifecycle/repository.py:SetupLifecycleRepository.upsert_snapshot"", ""app/services/setup_lifecycle/repository.py:SetupLifecycleRepository.upsert_snapshots"", ""app/services/setup_lifecycle/repository.py:SetupLifecycleRepository.write_admin_audit_event"", ""app/services/setup_lifecycle/snapshot_builder.py:SetupLifecycleSnapshotCaptureService.capture_snapshots_for_run"", ""app/services/setup_lifecycle/snapshot_builder.py:capture_snapshots_for_run"", ""scripts/qa/certify_slse_natural.py:main"", ""scripts/qa/rebuild_slse_dev_history.py:main""]","[""app/services/setup_lifecycle/repository.py:SetupLifecycleRepository.add_alert_event""]","[""CANONICAL_CALCULATION"", ""CURRENT_STATE_REPAIR""]",app/services/setup_lifecycle/repository.py:SetupLifecycleRepository.add_alert_event,T14C_ADOPTION,Persists the caller-supplied SignalAlertEvent after event-key lookup; financial evaluation is owned by the alert service and dedicated evidence adapters.,True,DOMAIN_SUPPORTING_STATE,"[""signal_alert_events""]",WF_SETUP_ALERT_EVENT_STATE,,,,
WF_SETUP_ALERT_RULE_BOOTSTRAP,Resolve exact native domain policy in the writer transaction; supporting ledger mechanisms reuse originating caller policy. Native modes/conditional source permission remain authoritative.,T14C,"[""ALERT_DECISION""]","[""WF_SETUP_ALERT_RULE_STATE""]","[""app/routers/setup_lifecycle_routes.py:evaluate_setup_lifecycle_run"", ""app/services/setup_lifecycle/alert_service.py:SetupLifecycleAlertService.seed_builtin_rules"", ""app/services/setup_lifecycle/evaluation_service.py:SetupLifecycleEvaluationService.evaluate_run"", ""app/services/setup_lifecycle/evaluation_service.py:evaluate_setup_lifecycles_for_run"", ""app/services/setup_lifecycle/job_handlers.py:execute_alert_rebuild_job"", ""app/services/setup_lifecycle/job_handlers.py:execute_evaluate_run_job"", ""app/services/setup_lifecycle/maintenance_service.py:SetupLifecycleMaintenanceService.rebuild_alerts"", ""scripts/qa/certify_slse_natural.py:main"", ""scripts/qa/rebuild_slse_dev_history.py:main""]","[""app/services/setup_lifecycle/alert_service.py:SetupLifecycleAlertService.seed_builtin_rules""]","[""BOOTSTRAP""]",app/services/setup_lifecycle/alert_service.py:SetupLifecycleAlertService.seed_builtin_rules,T14C_ADOPTION,Native built-in alert rules; retained rule evidence belongs to decision adapter.,True,CANONICAL_WRITER,"[""signal_alert_rules""]",WF_SETUP_ALERT_RULE_BOOTSTRAP,,,,
WF_SETUP_ALERT_RULE_EVIDENCE,Resolve exact native domain policy in the writer transaction; supporting ledger mechanisms reuse originating caller policy. Native modes/conditional source permission remain authoritative.,T14C,"[""ALERT_DECISION""]",[],"[""app/routers/setup_lifecycle_routes.py:evaluate_setup_lifecycle_run"", ""app/services/setup_lifecycle/alert_service.py:SetupLifecycleAlertService.evaluate_episode_result"", ""app/services/setup_lifecycle/alert_service.py:SetupLifecycleAlertService.evaluate_lifecycle_event"", ""app/services/setup_lifecycle/alert_service.py:SetupLifecycleAlertService.evaluate_signal_change_events"", ""app/services/setup_lifecycle/decision_evidence.py:persist_alert_decision_evidence"", ""app/services/setup_lifecycle/decision_evidence.py:persist_alert_rule_evidence"", ""app/services/setup_lifecycle/evaluation_service.py:SetupLifecycleEvaluationService.evaluate_run"", ""app/services/setup_lifecycle/evaluation_service.py:evaluate_setup_lifecycles_for_run"", ""app/services/setup_lifecycle/job_handlers.py:execute_alert_rebuild_job"", ""app/services/setup_lifecycle/job_handlers.py:execute_evaluate_run_job"", ""app/services/setup_lifecycle/job_handlers.py:execute_repair_ticker_job"", ""app/services/setup_lifecycle/maintenance_service.py:SetupLifecycleMaintenanceService.rebuild_alerts"", ""app/services/setup_lifecycle/maintenance_service.py:SetupLifecycleMaintenanceService.repair_ticker"", ""scripts/qa/certify_slse_natural.py:main"", ""scripts/qa/rebuild_slse_dev_history.py:main""]","[""app/services/setup_lifecycle/decision_evidence.py:persist_alert_rule_evidence""]","[""CANONICAL_CALCULATION""]",app/services/setup_lifecycle/decision_evidence.py:persist_alert_rule_evidence,T14C_ADOPTION,Dedicated typed retained decision ledger: persist_alert_rule_evidence; no generic score rewrite.,True,DOMAIN_SUPPORTING_STATE,"[""signal_alert_rule_evidence""]",WF_SETUP_ALERT_RULE_EVIDENCE,,,,
WF_SETUP_ALERT_RULE_STATE,"Addressed rule_id, supplied rule configuration/version and enabled/condition/scope fields. Native rule evidence is separately owned by WF_SETUP_ALERT_RULE_EVIDENCE; editing a rule definition is not financial alert evaluation.",T14C,"[""CONFIGURATION"", ""ALERT_DECISION""]","[""WF_SETUP_ALERT_RULE_BOOTSTRAP""]","[""app/routers/setup_lifecycle_routes.py:evaluate_setup_lifecycle_run"", ""app/routers/setup_lifecycle_routes.py:queue_setup_lifecycle_evaluation"", ""app/routers/setup_lifecycle_routes.py:replay_setup_lifecycle"", ""app/services/setup_lifecycle/alert_service.py:SetupLifecycleAlertService.evaluate_episode_result"", ""app/services/setup_lifecycle/alert_service.py:SetupLifecycleAlertService.evaluate_lifecycle_event"", ""app/services/setup_lifecycle/alert_service.py:SetupLifecycleAlertService.evaluate_signal_change_events"", ""app/services/setup_lifecycle/alert_service.py:SetupLifecycleAlertService.seed_builtin_rules"", ""app/services/setup_lifecycle/canonicalization.py:SetupLifecycleCanonicalizer.canonicalize_run"", ""app/services/setup_lifecycle/canonicalization.py:SetupLifecycleCanonicalizer.canonicalize_snapshots"", ""app/services/setup_lifecycle/change_detector.py:SetupLifecycleChangeDetector.detect_and_persist"", ""app/services/setup_lifecycle/episode_service.py:SetupLifecycleEpisodeService.apply_observation_gap"", ""app/services/setup_lifecycle/episode_service.py:SetupLifecycleEpisodeService.apply_snapshot"", ""app/services/setup_lifecycle/evaluation_service.py:SetupLifecycleEvaluationService.evaluate_run"", ""app/services/setup_lifecycle/evaluation_service.py:evaluate_setup_lifecycles_for_run"", ""app/services/setup_lifecycle/job_handlers.py:execute_alert_rebuild_job"", ""app/services/setup_lifecycle/job_handlers.py:execute_daily_maintenance_job"", ""app/services/setup_lifecycle/job_handlers.py:execute_evaluate_run_job"", ""app/services/setup_lifecycle/job_handlers.py:execute_repair_ticker_job"", ""app/services/setup_lifecycle/job_handlers.py:execute_replay_job"", ""app/services/setup_lifecycle/maintenance_service.py:SetupLifecycleMaintenanceService.daily_maintenance"", ""app/services/setup_lifecycle/maintenance_service.py:SetupLifecycleMaintenanceService.rebuild_alerts"", ""app/services/setup_lifecycle/maintenance_service.py:SetupLifecycleMaintenanceService.repair_ticker"", ""app/services/setup_lifecycle/purge_service.py:SetupLifecyclePurgeService.execute"", ""app/services/setup_lifecycle/replay_service.py:SetupLifecycleReplayService.replay"", ""app/services/setup_lifecycle/repository.py:SetupLifecycleRepository.add"", ""app/services/setup_lifecycle/repository.py:SetupLifecycleRepository.add_alert_event"", ""app/services/setup_lifecycle/repository.py:SetupLifecycleRepository.add_lifecycle_event"", ""app/services/setup_lifecycle/repository.py:SetupLifecycleRepository.add_lifecycle_events"", ""app/services/setup_lifecycle/repository.py:SetupLifecycleRepository.add_new_lifecycle_event"", ""app/services/setup_lifecycle/repository.py:SetupLifecycleRepository.add_signal_change_event"", ""app/services/setup_lifecycle/repository.py:SetupLifecycleRepository.apply_evaluation_counts"", ""app/services/setup_lifecycle/repository.py:SetupLifecycleRepository.complete_evaluation_run"", ""app/services/setup_lifecycle/repository.py:SetupLifecycleRepository.create_evaluation_run"", ""app/services/setup_lifecycle/repository.py:SetupLifecycleRepository.heartbeat_evaluation_run"", ""app/services/setup_lifecycle/repository.py:SetupLifecycleRepository.supersede_prior_current_events"", ""app/services/setup_lifecycle/repository.py:SetupLifecycleRepository.upsert_alert_rule"", ""app/services/setup_lifecycle/repository.py:SetupLifecycleRepository.upsert_snapshot"", ""app/services/setup_lifecycle/repository.py:SetupLifecycleRepository.upsert_snapshots"", ""app/services/setup_lifecycle/repository.py:SetupLifecycleRepository.write_admin_audit_event"", ""app/services/setup_lifecycle/snapshot_builder.py:SetupLifecycleSnapshotCaptureService.capture_snapshots_for_run"", ""app/services/setup_lifecycle/snapshot_builder.py:capture_snapshots_for_run"", ""scripts/qa/certify_slse_natural.py:main"", ""scripts/qa/rebuild_slse_dev_history.py:main""]","[""app/services/setup_lifecycle/repository.py:SetupLifecycleRepository.upsert_alert_rule""]","[""BOOTSTRAP"", ""MAINTENANCE""]",app/services/setup_lifecycle/repository.py:SetupLifecycleRepository.upsert_alert_rule,T14C_ADOPTION,Upsert mutates the rule definition only. Native built-in seeding and rule-ledger capture are retained as alternate and supporting owners respectively.,True,DOMAIN_SUPPORTING_STATE,"[""signal_alert_rules""]",WF_SETUP_ALERT_RULE_STATE,,,,
WF_SETUP_CHANGE_EVENT_STATE,Native change-detector source snapshot pair and source_event_key. Exact source snapshot/configuration authority is retained at the originating detector; repository add deduplicates that key.,T14C,"[""SETUP""]","[""WF_SETUP_DERIVED_PURGE"", ""WF_SETUP_TYPED_REPOSITORY""]","[""app/routers/setup_lifecycle_routes.py:evaluate_setup_lifecycle_run"", ""app/routers/setup_lifecycle_routes.py:queue_setup_lifecycle_evaluation"", ""app/routers/setup_lifecycle_routes.py:replay_setup_lifecycle"", ""app/services/setup_lifecycle/alert_service.py:SetupLifecycleAlertService.evaluate_episode_result"", ""app/services/setup_lifecycle/alert_service.py:SetupLifecycleAlertService.evaluate_lifecycle_event"", ""app/services/setup_lifecycle/alert_service.py:SetupLifecycleAlertService.evaluate_signal_change_events"", ""app/services/setup_lifecycle/alert_service.py:SetupLifecycleAlertService.seed_builtin_rules"", ""app/services/setup_lifecycle/canonicalization.py:SetupLifecycleCanonicalizer.canonicalize_run"", ""app/services/setup_lifecycle/canonicalization.py:SetupLifecycleCanonicalizer.canonicalize_snapshots"", ""app/services/setup_lifecycle/change_detector.py:SetupLifecycleChangeDetector.detect_and_persist"", ""app/services/setup_lifecycle/episode_service.py:SetupLifecycleEpisodeService.apply_observation_gap"", ""app/services/setup_lifecycle/episode_service.py:SetupLifecycleEpisodeService.apply_snapshot"", ""app/services/setup_lifecycle/evaluation_service.py:SetupLifecycleEvaluationService.evaluate_run"", ""app/services/setup_lifecycle/evaluation_service.py:evaluate_setup_lifecycles_for_run"", ""app/services/setup_lifecycle/job_handlers.py:execute_alert_rebuild_job"", ""app/services/setup_lifecycle/job_handlers.py:execute_daily_maintenance_job"", ""app/services/setup_lifecycle/job_handlers.py:execute_evaluate_run_job"", ""app/services/setup_lifecycle/job_handlers.py:execute_repair_ticker_job"", ""app/services/setup_lifecycle/job_handlers.py:execute_replay_job"", ""app/services/setup_lifecycle/maintenance_service.py:SetupLifecycleMaintenanceService.daily_maintenance"", ""app/services/setup_lifecycle/maintenance_service.py:SetupLifecycleMaintenanceService.rebuild_alerts"", ""app/services/setup_lifecycle/maintenance_service.py:SetupLifecycleMaintenanceService.repair_ticker"", ""app/services/setup_lifecycle/purge_service.py:SetupLifecyclePurgeService.execute"", ""app/services/setup_lifecycle/replay_service.py:SetupLifecycleReplayService.replay"", ""app/services/setup_lifecycle/repository.py:SetupLifecycleRepository.add"", ""app/services/setup_lifecycle/repository.py:SetupLifecycleRepository.add_alert_event"", ""app/services/setup_lifecycle/repository.py:SetupLifecycleRepository.add_lifecycle_event"", ""app/services/setup_lifecycle/repository.py:SetupLifecycleRepository.add_lifecycle_events"", ""app/services/setup_lifecycle/repository.py:SetupLifecycleRepository.add_new_lifecycle_event"", ""app/services/setup_lifecycle/repository.py:SetupLifecycleRepository.add_signal_change_event"", ""app/services/setup_lifecycle/repository.py:SetupLifecycleRepository.apply_evaluation_counts"", ""app/services/setup_lifecycle/repository.py:SetupLifecycleRepository.complete_evaluation_run"", ""app/services/setup_lifecycle/repository.py:SetupLifecycleRepository.create_evaluation_run"", ""app/services/setup_lifecycle/repository.py:SetupLifecycleRepository.heartbeat_evaluation_run"", ""app/services/setup_lifecycle/repository.py:SetupLifecycleRepository.supersede_prior_current_events"", ""app/services/setup_lifecycle/repository.py:SetupLifecycleRepository.upsert_alert_rule"", ""app/services/setup_lifecycle/repository.py:SetupLifecycleRepository.upsert_snapshot"", ""app/services/setup_lifecycle/repository.py:SetupLifecycleRepository.upsert_snapshots"", ""app/services/setup_lifecycle/repository.py:SetupLifecycleRepository.write_admin_audit_event"", ""app/services/setup_lifecycle/snapshot_builder.py:SetupLifecycleSnapshotCaptureService.capture_snapshots_for_run"", ""app/services/setup_lifecycle/snapshot_builder.py:capture_snapshots_for_run"", ""scripts/qa/certify_slse_natural.py:main"", ""scripts/qa/rebuild_slse_dev_history.py:main""]","[""app/services/setup_lifecycle/repository.py:SetupLifecycleRepository.add_signal_change_event""]","[""CANONICAL_CALCULATION"", ""CURRENT_STATE_REPAIR""]",app/services/setup_lifecycle/repository.py:SetupLifecycleRepository.add_signal_change_event,T14C_ADOPTION,Persists a supplied SignalChangeEvent; it does not calculate a new Setup snapshot or select Winner evidence.,True,DOMAIN_SUPPORTING_STATE,"[""signal_change_events""]",WF_SETUP_CHANGE_EVENT_STATE,,,,
WF_SETUP_CURRENT_SELECTION,Resolve exact native domain policy in the writer transaction; supporting ledger mechanisms reuse originating caller policy. Native modes/conditional source permission remain authoritative.,T14C,"[""CURRENT_PROJECTION"", ""SETUP""]","[""WF_LIFECYCLE_EPISODE"", ""WF_SETUP_DERIVED_PURGE"", ""WF_SETUP_PERSISTENCE""]","[""app/routers/setup_lifecycle_routes.py:evaluate_setup_lifecycle_run"", ""app/services/setup_lifecycle/canonicalization.py:SetupLifecycleCanonicalizer.canonicalize_run"", ""app/services/setup_lifecycle/canonicalization.py:SetupLifecycleCanonicalizer.canonicalize_snapshots"", ""app/services/setup_lifecycle/evaluation_service.py:SetupLifecycleEvaluationService.evaluate_run"", ""app/services/setup_lifecycle/evaluation_service.py:evaluate_setup_lifecycles_for_run"", ""app/services/setup_lifecycle/job_handlers.py:execute_evaluate_run_job"", ""app/services/setup_lifecycle/repository.py:SetupLifecycleRepository.advance_canonical_selection"", ""app/services/setup_lifecycle/repository.py:SetupLifecycleRepository.advance_canonical_selections"", ""app/services/setup_lifecycle/repository.py:SetupLifecycleRepository.record_snapshot_canonical_decision"", ""app/services/setup_lifecycle/repository.py:SetupLifecycleRepository.record_snapshot_canonical_decisions"", ""scripts/qa/certify_slse_natural.py:main"", ""scripts/qa/rebuild_slse_dev_history.py:main""]","[""app/services/setup_lifecycle/repository.py:SetupLifecycleRepository.advance_canonical_selection"", ""app/services/setup_lifecycle/repository.py:SetupLifecycleRepository.advance_canonical_selections"", ""app/services/setup_lifecycle/repository.py:SetupLifecycleRepository.record_snapshot_canonical_decision"", ""app/services/setup_lifecycle/repository.py:SetupLifecycleRepository.record_snapshot_canonical_decisions""]","[""CURRENT_PROJECTION_ADVANCE""]",app/services/setup_lifecycle/repository.py:SetupLifecycleRepository.advance_canonical_selection,T14C_ADOPTION,Single/batch native canonical selection plus snapshot flags and retained selection audit; not new Setup calculation.,True,CURRENT_PROJECTION_WRITER,"[""setup_signal_snapshot_current_selections"", ""setup_signal_snapshot_selection_events"", ""setup_signal_snapshots""]",WF_SETUP_CURRENT_SELECTION,,,,
WF_SETUP_DECISION_EVIDENCE,Resolve exact native domain policy in the writer transaction; supporting ledger mechanisms reuse originating caller policy. Native modes/conditional source permission remain authoritative.,T14C,"[""ALERT_DECISION""]",[],"[""app/routers/setup_lifecycle_routes.py:evaluate_setup_lifecycle_run"", ""app/services/setup_lifecycle/alert_service.py:SetupLifecycleAlertService.evaluate_episode_result"", ""app/services/setup_lifecycle/alert_service.py:SetupLifecycleAlertService.evaluate_lifecycle_event"", ""app/services/setup_lifecycle/alert_service.py:SetupLifecycleAlertService.evaluate_signal_change_events"", ""app/services/setup_lifecycle/decision_evidence.py:persist_alert_decision_evidence"", ""app/services/setup_lifecycle/evaluation_service.py:SetupLifecycleEvaluationService.evaluate_run"", ""app/services/setup_lifecycle/evaluation_service.py:evaluate_setup_lifecycles_for_run"", ""app/services/setup_lifecycle/job_handlers.py:execute_alert_rebuild_job"", ""app/services/setup_lifecycle/job_handlers.py:execute_evaluate_run_job"", ""app/services/setup_lifecycle/job_handlers.py:execute_repair_ticker_job"", ""app/services/setup_lifecycle/maintenance_service.py:SetupLifecycleMaintenanceService.rebuild_alerts"", ""app/services/setup_lifecycle/maintenance_service.py:SetupLifecycleMaintenanceService.repair_ticker"", ""scripts/qa/certify_slse_natural.py:main"", ""scripts/qa/rebuild_slse_dev_history.py:main""]","[""app/services/setup_lifecycle/decision_evidence.py:persist_alert_decision_evidence""]","[""CANONICAL_CALCULATION""]",app/services/setup_lifecycle/decision_evidence.py:persist_alert_decision_evidence,T14C_ADOPTION,Typed dedicated ledgers for alert/rule/lifecycle evaluation/transition; split by function below.,True,DOMAIN_SUPPORTING_STATE,"[""signal_alert_decision_evidence""]",WF_SETUP_DECISION_EVIDENCE,,,,
WF_SETUP_DERIVED_PURGE,Resolve exact native domain policy in the writer transaction; supporting ledger mechanisms reuse originating caller policy. Native modes/conditional source permission remain authoritative.,T14C,"[""ALERT_DECISION"", ""LIFECYCLE_EVALUATION"", ""LIFECYCLE_TRANSITION"", ""SETUP""]","[""WF_LIFECYCLE_EPISODE"", ""WF_SETUP_ALERT_EVENT_STATE"", ""WF_SETUP_CHANGE_EVENT_STATE"", ""WF_SETUP_CURRENT_SELECTION"", ""WF_SETUP_EVALUATION_RUN_STATE"", ""WF_SETUP_PERSISTENCE"", ""WF_SETUP_TRANSITION_EVENT_STATE"", ""WF_SETUP_TYPED_REPOSITORY""]","[""app/services/setup_lifecycle/purge_service.py:SetupLifecyclePurgeService.execute"", ""app/services/setup_lifecycle/repository.py:SetupLifecycleRepository.execute_purge"", ""scripts/qa/rebuild_slse_dev_history.py:main""]","[""app/services/setup_lifecycle/repository.py:SetupLifecycleRepository._delete_selected""]","[""CURRENT_STATE_REPAIR""]",app/services/setup_lifecycle/repository.py:SetupLifecycleRepository._delete_selected,T14C_ADOPTION,Explicit selected derived-artifact removal for rebuild; existing administrative wrappers do not waive retained-evidence checks.,True,SUPPORTED_DISTINCT_WRITER,"[""setup_lifecycle_episodes"", ""setup_lifecycle_evaluation_runs"", ""setup_lifecycle_events"", ""setup_signal_snapshots"", ""signal_alert_events"", ""signal_change_events""]",WF_SETUP_DERIVED_PURGE,,,,
WF_SETUP_EVALUATION_RUN_STATE,"Exact evaluation-run target, source run/text scope, native mode, engine/config version/hash and retained requested scope. Heartbeats/counters/status need the addressed evaluation run and execution ownership; they do not require inventing new financial identity. Dedicated financial decisions are owned by WF_LIFECYCLE_EVALUATION_EVIDENCE.",T14C,"[""LIFECYCLE_EVALUATION""]","[""WF_SETUP_DERIVED_PURGE"", ""WF_SETUP_TYPED_REPOSITORY""]","[""app/routers/setup_lifecycle_routes.py:evaluate_setup_lifecycle_run"", ""app/routers/setup_lifecycle_routes.py:queue_setup_lifecycle_evaluation"", ""app/routers/setup_lifecycle_routes.py:replay_setup_lifecycle"", ""app/services/setup_lifecycle/alert_service.py:SetupLifecycleAlertService.evaluate_episode_result"", ""app/services/setup_lifecycle/alert_service.py:SetupLifecycleAlertService.evaluate_lifecycle_event"", ""app/services/setup_lifecycle/alert_service.py:SetupLifecycleAlertService.evaluate_signal_change_events"", ""app/services/setup_lifecycle/alert_service.py:SetupLifecycleAlertService.seed_builtin_rules"", ""app/services/setup_lifecycle/canonicalization.py:SetupLifecycleCanonicalizer.canonicalize_run"", ""app/services/setup_lifecycle/canonicalization.py:SetupLifecycleCanonicalizer.canonicalize_snapshots"", ""app/services/setup_lifecycle/change_detector.py:SetupLifecycleChangeDetector.detect_and_persist"", ""app/services/setup_lifecycle/episode_service.py:SetupLifecycleEpisodeService.apply_observation_gap"", ""app/services/setup_lifecycle/episode_service.py:SetupLifecycleEpisodeService.apply_snapshot"", ""app/services/setup_lifecycle/evaluation_service.py:SetupLifecycleEvaluationService.evaluate_run"", ""app/services/setup_lifecycle/evaluation_service.py:evaluate_setup_lifecycles_for_run"", ""app/services/setup_lifecycle/job_handlers.py:execute_alert_rebuild_job"", ""app/services/setup_lifecycle/job_handlers.py:execute_daily_maintenance_job"", ""app/services/setup_lifecycle/job_handlers.py:execute_evaluate_run_job"", ""app/services/setup_lifecycle/job_handlers.py:execute_repair_ticker_job"", ""app/services/setup_lifecycle/job_handlers.py:execute_replay_job"", ""app/services/setup_lifecycle/maintenance_service.py:SetupLifecycleMaintenanceService.daily_maintenance"", ""app/services/setup_lifecycle/maintenance_service.py:SetupLifecycleMaintenanceService.rebuild_alerts"", ""app/services/setup_lifecycle/maintenance_service.py:SetupLifecycleMaintenanceService.repair_ticker"", ""app/services/setup_lifecycle/purge_service.py:SetupLifecyclePurgeService.execute"", ""app/services/setup_lifecycle/replay_service.py:SetupLifecycleReplayService.replay"", ""app/services/setup_lifecycle/repository.py:SetupLifecycleRepository.add"", ""app/services/setup_lifecycle/repository.py:SetupLifecycleRepository.add_alert_event"", ""app/services/setup_lifecycle/repository.py:SetupLifecycleRepository.add_lifecycle_event"", ""app/services/setup_lifecycle/repository.py:SetupLifecycleRepository.add_lifecycle_events"", ""app/services/setup_lifecycle/repository.py:SetupLifecycleRepository.add_new_lifecycle_event"", ""app/services/setup_lifecycle/repository.py:SetupLifecycleRepository.add_signal_change_event"", ""app/services/setup_lifecycle/repository.py:SetupLifecycleRepository.apply_evaluation_counts"", ""app/services/setup_lifecycle/repository.py:SetupLifecycleRepository.complete_evaluation_run"", ""app/services/setup_lifecycle/repository.py:SetupLifecycleRepository.create_evaluation_run"", ""app/services/setup_lifecycle/repository.py:SetupLifecycleRepository.heartbeat_evaluation_run"", ""app/services/setup_lifecycle/repository.py:SetupLifecycleRepository.supersede_prior_current_events"", ""app/services/setup_lifecycle/repository.py:SetupLifecycleRepository.upsert_alert_rule"", ""app/services/setup_lifecycle/repository.py:SetupLifecycleRepository.upsert_snapshot"", ""app/services/setup_lifecycle/repository.py:SetupLifecycleRepository.upsert_snapshots"", ""app/services/setup_lifecycle/repository.py:SetupLifecycleRepository.write_admin_audit_event"", ""app/services/setup_lifecycle/snapshot_builder.py:SetupLifecycleSnapshotCaptureService.capture_snapshots_for_run"", ""app/services/setup_lifecycle/snapshot_builder.py:capture_snapshots_for_run"", ""scripts/qa/certify_slse_natural.py:main"", ""scripts/qa/rebuild_slse_dev_history.py:main""]","[""app/services/setup_lifecycle/repository.py:SetupLifecycleRepository.apply_evaluation_counts"", ""app/services/setup_lifecycle/repository.py:SetupLifecycleRepository.complete_evaluation_run"", ""app/services/setup_lifecycle/repository.py:SetupLifecycleRepository.create_evaluation_run"", ""app/services/setup_lifecycle/repository.py:SetupLifecycleRepository.heartbeat_evaluation_run""]","[""BOOTSTRAP"", ""MAINTENANCE""]",app/services/setup_lifecycle/repository.py:SetupLifecycleRepository.create_evaluation_run,T14C_ADOPTION,"Creates execution/provenance metadata and updates counters, timestamps and status. No snapshot score, episode transition or alert algorithm is implemented here.",True,DOMAIN_SUPPORTING_STATE,"[""setup_lifecycle_evaluation_runs""]",WF_SETUP_EVALUATION_RUN_STATE,,,,
WF_SETUP_PERSISTENCE,"Exact source raw/Fundamental/Technical/Combined/Ranking snapshots, relevant eligible contextual pins, native Setup data-as-of/temporal identity and decision.setup effective configuration; idempotent identity includes run/ticker/timeframe/date/engine/config/source-data hashes. Current selection is a separate family; Winner is not a Setup input.",T14C,"[""SETUP""]","[""WF_LIFECYCLE_EPISODE"", ""WF_SETUP_CURRENT_SELECTION"", ""WF_SETUP_DERIVED_PURGE""]","[""app/routers/setup_lifecycle_routes.py:evaluate_setup_lifecycle_run"", ""app/routers/setup_lifecycle_routes.py:queue_setup_lifecycle_evaluation"", ""app/routers/setup_lifecycle_routes.py:replay_setup_lifecycle"", ""app/services/setup_lifecycle/alert_service.py:SetupLifecycleAlertService.evaluate_episode_result"", ""app/services/setup_lifecycle/alert_service.py:SetupLifecycleAlertService.evaluate_lifecycle_event"", ""app/services/setup_lifecycle/alert_service.py:SetupLifecycleAlertService.evaluate_signal_change_events"", ""app/services/setup_lifecycle/alert_service.py:SetupLifecycleAlertService.seed_builtin_rules"", ""app/services/setup_lifecycle/canonicalization.py:SetupLifecycleCanonicalizer.canonicalize_run"", ""app/services/setup_lifecycle/canonicalization.py:SetupLifecycleCanonicalizer.canonicalize_snapshots"", ""app/services/setup_lifecycle/change_detector.py:SetupLifecycleChangeDetector.detect_and_persist"", ""app/services/setup_lifecycle/episode_service.py:SetupLifecycleEpisodeService.apply_observation_gap"", ""app/services/setup_lifecycle/episode_service.py:SetupLifecycleEpisodeService.apply_snapshot"", ""app/services/setup_lifecycle/evaluation_service.py:SetupLifecycleEvaluationService.evaluate_run"", ""app/services/setup_lifecycle/evaluation_service.py:evaluate_setup_lifecycles_for_run"", ""app/services/setup_lifecycle/job_handlers.py:execute_alert_rebuild_job"", ""app/services/setup_lifecycle/job_handlers.py:execute_daily_maintenance_job"", ""app/services/setup_lifecycle/job_handlers.py:execute_evaluate_run_job"", ""app/services/setup_lifecycle/job_handlers.py:execute_repair_ticker_job"", ""app/services/setup_lifecycle/job_handlers.py:execute_replay_job"", ""app/services/setup_lifecycle/maintenance_service.py:SetupLifecycleMaintenanceService.daily_maintenance"", ""app/services/setup_lifecycle/maintenance_service.py:SetupLifecycleMaintenanceService.rebuild_alerts"", ""app/services/setup_lifecycle/maintenance_service.py:SetupLifecycleMaintenanceService.repair_ticker"", ""app/services/setup_lifecycle/purge_service.py:SetupLifecyclePurgeService.execute"", ""app/services/setup_lifecycle/replay_service.py:SetupLifecycleReplayService.replay"", ""app/services/setup_lifecycle/repository.py:SetupLifecycleRepository.add"", ""app/services/setup_lifecycle/repository.py:SetupLifecycleRepository.add_alert_event"", ""app/services/setup_lifecycle/repository.py:SetupLifecycleRepository.add_lifecycle_event"", ""app/services/setup_lifecycle/repository.py:SetupLifecycleRepository.add_lifecycle_events"", ""app/services/setup_lifecycle/repository.py:SetupLifecycleRepository.add_new_lifecycle_event"", ""app/services/setup_lifecycle/repository.py:SetupLifecycleRepository.add_signal_change_event"", ""app/services/setup_lifecycle/repository.py:SetupLifecycleRepository.apply_evaluation_counts"", ""app/services/setup_lifecycle/repository.py:SetupLifecycleRepository.complete_evaluation_run"", ""app/services/setup_lifecycle/repository.py:SetupLifecycleRepository.create_evaluation_run"", ""app/services/setup_lifecycle/repository.py:SetupLifecycleRepository.heartbeat_evaluation_run"", ""app/services/setup_lifecycle/repository.py:SetupLifecycleRepository.supersede_prior_current_events"", ""app/services/setup_lifecycle/repository.py:SetupLifecycleRepository.upsert_alert_rule"", ""app/services/setup_lifecycle/repository.py:SetupLifecycleRepository.upsert_snapshot"", ""app/services/setup_lifecycle/repository.py:SetupLifecycleRepository.upsert_snapshots"", ""app/services/setup_lifecycle/repository.py:SetupLifecycleRepository.write_admin_audit_event"", ""app/services/setup_lifecycle/snapshot_builder.py:SetupLifecycleSnapshotCaptureService.capture_snapshots_for_run"", ""app/services/setup_lifecycle/snapshot_builder.py:capture_snapshots_for_run"", ""scripts/qa/certify_slse_natural.py:main"", ""scripts/qa/rebuild_slse_dev_history.py:main""]","[""app/services/setup_lifecycle/repository.py:SetupLifecycleRepository._apply_snapshot_fields"", ""app/services/setup_lifecycle/repository.py:SetupLifecycleRepository.upsert_snapshot"", ""app/services/setup_lifecycle/repository.py:SetupLifecycleRepository.upsert_snapshots""]","[""CANONICAL_CALCULATION""]",app/services/setup_lifecycle/repository.py:SetupLifecycleRepository.upsert_snapshot,T14C_ADOPTION,Only single/batch Setup snapshot capture and their field-copy member remain. Both converge on the same native snapshot identity; generic evaluation/event/rule/add mechanisms were split into explicit supporting families.,True,CANONICAL_WRITER,"[""setup_signal_snapshots""]",WF_SETUP_PERSISTENCE,,,,
WF_SETUP_TRANSITION_EVENT_STATE,"Originating native episode/evaluation, event source key/evaluation-run identity and transition version/effective date. Current flags supersede only the same episode/date/type; immutable transition evidence remains owned by WF_LIFECYCLE_TRANSITION_EVIDENCE.",T14C,"[""LIFECYCLE_TRANSITION""]","[""WF_SETUP_DERIVED_PURGE"", ""WF_SETUP_TYPED_REPOSITORY""]","[""app/routers/setup_lifecycle_routes.py:evaluate_setup_lifecycle_run"", ""app/routers/setup_lifecycle_routes.py:queue_setup_lifecycle_evaluation"", ""app/routers/setup_lifecycle_routes.py:replay_setup_lifecycle"", ""app/services/setup_lifecycle/alert_service.py:SetupLifecycleAlertService.evaluate_episode_result"", ""app/services/setup_lifecycle/alert_service.py:SetupLifecycleAlertService.evaluate_lifecycle_event"", ""app/services/setup_lifecycle/alert_service.py:SetupLifecycleAlertService.evaluate_signal_change_events"", ""app/services/setup_lifecycle/alert_service.py:SetupLifecycleAlertService.seed_builtin_rules"", ""app/services/setup_lifecycle/canonicalization.py:SetupLifecycleCanonicalizer.canonicalize_run"", ""app/services/setup_lifecycle/canonicalization.py:SetupLifecycleCanonicalizer.canonicalize_snapshots"", ""app/services/setup_lifecycle/change_detector.py:SetupLifecycleChangeDetector.detect_and_persist"", ""app/services/setup_lifecycle/episode_service.py:SetupLifecycleEpisodeService.apply_observation_gap"", ""app/services/setup_lifecycle/episode_service.py:SetupLifecycleEpisodeService.apply_snapshot"", ""app/services/setup_lifecycle/evaluation_service.py:SetupLifecycleEvaluationService.evaluate_run"", ""app/services/setup_lifecycle/evaluation_service.py:evaluate_setup_lifecycles_for_run"", ""app/services/setup_lifecycle/job_handlers.py:execute_alert_rebuild_job"", ""app/services/setup_lifecycle/job_handlers.py:execute_daily_maintenance_job"", ""app/services/setup_lifecycle/job_handlers.py:execute_evaluate_run_job"", ""app/services/setup_lifecycle/job_handlers.py:execute_repair_ticker_job"", ""app/services/setup_lifecycle/job_handlers.py:execute_replay_job"", ""app/services/setup_lifecycle/maintenance_service.py:SetupLifecycleMaintenanceService.daily_maintenance"", ""app/services/setup_lifecycle/maintenance_service.py:SetupLifecycleMaintenanceService.rebuild_alerts"", ""app/services/setup_lifecycle/maintenance_service.py:SetupLifecycleMaintenanceService.repair_ticker"", ""app/services/setup_lifecycle/purge_service.py:SetupLifecyclePurgeService.execute"", ""app/services/setup_lifecycle/replay_service.py:SetupLifecycleReplayService.replay"", ""app/services/setup_lifecycle/repository.py:SetupLifecycleRepository.add"", ""app/services/setup_lifecycle/repository.py:SetupLifecycleRepository.add_alert_event"", ""app/services/setup_lifecycle/repository.py:SetupLifecycleRepository.add_lifecycle_event"", ""app/services/setup_lifecycle/repository.py:SetupLifecycleRepository.add_lifecycle_events"", ""app/services/setup_lifecycle/repository.py:SetupLifecycleRepository.add_new_lifecycle_event"", ""app/services/setup_lifecycle/repository.py:SetupLifecycleRepository.add_signal_change_event"", ""app/services/setup_lifecycle/repository.py:SetupLifecycleRepository.apply_evaluation_counts"", ""app/services/setup_lifecycle/repository.py:SetupLifecycleRepository.complete_evaluation_run"", ""app/services/setup_lifecycle/repository.py:SetupLifecycleRepository.create_evaluation_run"", ""app/services/setup_lifecycle/repository.py:SetupLifecycleRepository.heartbeat_evaluation_run"", ""app/services/setup_lifecycle/repository.py:SetupLifecycleRepository.supersede_prior_current_events"", ""app/services/setup_lifecycle/repository.py:SetupLifecycleRepository.upsert_alert_rule"", ""app/services/setup_lifecycle/repository.py:SetupLifecycleRepository.upsert_snapshot"", ""app/services/setup_lifecycle/repository.py:SetupLifecycleRepository.upsert_snapshots"", ""app/services/setup_lifecycle/repository.py:SetupLifecycleRepository.write_admin_audit_event"", ""app/services/setup_lifecycle/snapshot_builder.py:SetupLifecycleSnapshotCaptureService.capture_snapshots_for_run"", ""app/services/setup_lifecycle/snapshot_builder.py:capture_snapshots_for_run"", ""scripts/qa/certify_slse_natural.py:main"", ""scripts/qa/rebuild_slse_dev_history.py:main""]","[""app/services/setup_lifecycle/repository.py:SetupLifecycleRepository.add_lifecycle_event"", ""app/services/setup_lifecycle/repository.py:SetupLifecycleRepository.add_lifecycle_events"", ""app/services/setup_lifecycle/repository.py:SetupLifecycleRepository.add_new_lifecycle_event"", ""app/services/setup_lifecycle/repository.py:SetupLifecycleRepository.supersede_prior_current_events""]","[""CANONICAL_CALCULATION"", ""CURRENT_STATE_REPAIR""]",app/services/setup_lifecycle/repository.py:SetupLifecycleRepository.add_lifecycle_event,T14C_ADOPTION,Single and batch add share event idempotency predicates; supersede_prior_current_events changes only matching current-version flags. This repository mechanism does not choose transition mathematics.,True,DOMAIN_SUPPORTING_STATE,"[""setup_lifecycle_events""]",WF_SETUP_TRANSITION_EVENT_STATE,,,,
WF_SETUP_TYPED_REPOSITORY,Typed supplied row and native originating caller scope. Table-specific writers and immutable decision ledgers own financial authority; add/flush grants no independent permission to compute a snapshot or decision.,T14C,"[""SETUP"", ""LIFECYCLE_EVALUATION"", ""LIFECYCLE_TRANSITION"", ""ALERT_DECISION""]","[""WF_LIFECYCLE_EPISODE"", ""WF_SETUP_ALERT_EVENT_STATE"", ""WF_SETUP_CHANGE_EVENT_STATE"", ""WF_SETUP_DERIVED_PURGE"", ""WF_SETUP_EVALUATION_RUN_STATE"", ""WF_SETUP_TRANSITION_EVENT_STATE""]","[""app/routers/setup_lifecycle_routes.py:evaluate_setup_lifecycle_run"", ""app/routers/setup_lifecycle_routes.py:queue_setup_lifecycle_evaluation"", ""app/routers/setup_lifecycle_routes.py:replay_setup_lifecycle"", ""app/services/setup_lifecycle/alert_service.py:SetupLifecycleAlertService.evaluate_episode_result"", ""app/services/setup_lifecycle/alert_service.py:SetupLifecycleAlertService.evaluate_lifecycle_event"", ""app/services/setup_lifecycle/alert_service.py:SetupLifecycleAlertService.evaluate_signal_change_events"", ""app/services/setup_lifecycle/alert_service.py:SetupLifecycleAlertService.seed_builtin_rules"", ""app/services/setup_lifecycle/canonicalization.py:SetupLifecycleCanonicalizer.canonicalize_run"", ""app/services/setup_lifecycle/canonicalization.py:SetupLifecycleCanonicalizer.canonicalize_snapshots"", ""app/services/setup_lifecycle/change_detector.py:SetupLifecycleChangeDetector.detect_and_persist"", ""app/services/setup_lifecycle/episode_service.py:SetupLifecycleEpisodeService.apply_observation_gap"", ""app/services/setup_lifecycle/episode_service.py:SetupLifecycleEpisodeService.apply_snapshot"", ""app/services/setup_lifecycle/evaluation_service.py:SetupLifecycleEvaluationService.evaluate_run"", ""app/services/setup_lifecycle/evaluation_service.py:evaluate_setup_lifecycles_for_run"", ""app/services/setup_lifecycle/job_handlers.py:execute_alert_rebuild_job"", ""app/services/setup_lifecycle/job_handlers.py:execute_daily_maintenance_job"", ""app/services/setup_lifecycle/job_handlers.py:execute_evaluate_run_job"", ""app/services/setup_lifecycle/job_handlers.py:execute_repair_ticker_job"", ""app/services/setup_lifecycle/job_handlers.py:execute_replay_job"", ""app/services/setup_lifecycle/maintenance_service.py:SetupLifecycleMaintenanceService.daily_maintenance"", ""app/services/setup_lifecycle/maintenance_service.py:SetupLifecycleMaintenanceService.rebuild_alerts"", ""app/services/setup_lifecycle/maintenance_service.py:SetupLifecycleMaintenanceService.repair_ticker"", ""app/services/setup_lifecycle/purge_service.py:SetupLifecyclePurgeService.execute"", ""app/services/setup_lifecycle/replay_service.py:SetupLifecycleReplayService.replay"", ""app/services/setup_lifecycle/repository.py:SetupLifecycleRepository.add"", ""app/services/setup_lifecycle/repository.py:SetupLifecycleRepository.add_alert_event"", ""app/services/setup_lifecycle/repository.py:SetupLifecycleRepository.add_lifecycle_event"", ""app/services/setup_lifecycle/repository.py:SetupLifecycleRepository.add_lifecycle_events"", ""app/services/setup_lifecycle/repository.py:SetupLifecycleRepository.add_new_lifecycle_event"", ""app/services/setup_lifecycle/repository.py:SetupLifecycleRepository.add_signal_change_event"", ""app/services/setup_lifecycle/repository.py:SetupLifecycleRepository.apply_evaluation_counts"", ""app/services/setup_lifecycle/repository.py:SetupLifecycleRepository.complete_evaluation_run"", ""app/services/setup_lifecycle/repository.py:SetupLifecycleRepository.create_evaluation_run"", ""app/services/setup_lifecycle/repository.py:SetupLifecycleRepository.heartbeat_evaluation_run"", ""app/services/setup_lifecycle/repository.py:SetupLifecycleRepository.supersede_prior_current_events"", ""app/services/setup_lifecycle/repository.py:SetupLifecycleRepository.upsert_alert_rule"", ""app/services/setup_lifecycle/repository.py:SetupLifecycleRepository.upsert_snapshot"", ""app/services/setup_lifecycle/repository.py:SetupLifecycleRepository.upsert_snapshots"", ""app/services/setup_lifecycle/repository.py:SetupLifecycleRepository.write_admin_audit_event"", ""app/services/setup_lifecycle/snapshot_builder.py:SetupLifecycleSnapshotCaptureService.capture_snapshots_for_run"", ""app/services/setup_lifecycle/snapshot_builder.py:capture_snapshots_for_run"", ""scripts/qa/certify_slse_natural.py:main"", ""scripts/qa/rebuild_slse_dev_history.py:main""]","[""app/services/setup_lifecycle/repository.py:SetupLifecycleRepository.add""]","[""BOOTSTRAP"", ""CANONICAL_CALCULATION"", ""MAINTENANCE""]",app/services/setup_lifecycle/repository.py:SetupLifecycleRepository.add,T14C_ADOPTION,"Shared add/flush mechanism carries supplied snapshot, episode, evaluation, event, rule, alert or audit rows. Concrete discovered types and table owners are retained; this is a supporting repository family, not a scoring algorithm.",True,DOMAIN_SUPPORTING_STATE,"[""setup_lifecycle_administrative_audit_events"", ""setup_lifecycle_episodes"", ""setup_lifecycle_evaluation_runs"", ""setup_lifecycle_events"", ""signal_alert_events"", ""signal_change_events""]",WF_SETUP_TYPED_REPOSITORY,,,,
WF_TECHNICAL_FEATURE_CACHE,Resolve exact native domain policy in the writer transaction; supporting ledger mechanisms reuse originating caller policy. Native modes/conditional source permission remain authoritative.,T14B,"[""TECHNICAL""]",[],"[""app/routers/run_routes.py:refresh_technicals_action"", ""app/routers/run_routes.py:resume_run_pipeline_action"", ""app/routers/run_routes.py:run_full_pipeline_action"", ""app/services/background_worker.py:_execute_full_pipeline_job"", ""app/services/background_worker.py:_execute_sec_readiness_repair_job"", ""app/services/ceri/sec/readiness_repair.py:execute_sec_readiness_repair"", ""app/services/ceri/sec/readiness_repair.py:schedule_sec_readiness_repair"", ""app/services/pipeline_executor.py:execute_full_pipeline"", ""app/services/pipeline_service.py:enqueue_pipeline_after_sec_repair"", ""app/services/pipeline_service.py:resume_pipeline"", ""app/services/pipeline_service.py:start_pipeline"", ""app/services/pre_enqueue_operational_gate.py:validate_pre_enqueue_operational_gate"", ""app/services/technical_artifact_cache.py:get_local_artifact"", ""app/services/technical_artifact_cache.py:record_local_artifact_shadow_validation"", ""app/services/technical_artifact_cache.py:upsert_local_artifact"", ""app/services/technical_score_service.py:TechnicalScoringOverlapCoordinator.finalize"", ""app/services/technical_score_service.py:TechnicalScoringOverlapCoordinator.on_ticker_ready"", ""app/services/technical_score_service.py:score_run_technicals"", ""scripts/certify_technical_artifact_cache.py:main""]","[""app/services/technical_artifact_cache.py:get_local_artifact"", ""app/services/technical_artifact_cache.py:record_local_artifact_shadow_validation"", ""app/services/technical_artifact_cache.py:upsert_local_artifact""]","[""MAINTENANCE""]",app/services/technical_artifact_cache.py:upsert_local_artifact,T14B_ADOPTION,Cached features plus hit/shadow-validation metadata; not Technical evidence publication.,True,DOMAIN_SUPPORTING_STATE,"[""technical_feature_artifacts""]",WF_TECHNICAL_FEATURE_CACHE,,,,
WF_TECHNICAL_FINALIZATION,Resolve exact native domain policy in the writer transaction; supporting ledger mechanisms reuse originating caller policy. Native modes/conditional source permission remain authoritative.,T14B,"[""TECHNICAL""]",[],"[""app/routers/run_routes.py:refresh_technicals_action"", ""app/routers/run_routes.py:resume_run_pipeline_action"", ""app/routers/run_routes.py:run_full_pipeline_action"", ""app/services/background_worker.py:_execute_full_pipeline_job"", ""app/services/background_worker.py:_execute_sec_readiness_repair_job"", ""app/services/ceri/sec/readiness_repair.py:execute_sec_readiness_repair"", ""app/services/ceri/sec/readiness_repair.py:schedule_sec_readiness_repair"", ""app/services/pipeline_executor.py:execute_full_pipeline"", ""app/services/pipeline_service.py:enqueue_pipeline_after_sec_repair"", ""app/services/pipeline_service.py:resume_pipeline"", ""app/services/pipeline_service.py:start_pipeline"", ""app/services/pre_enqueue_operational_gate.py:validate_pre_enqueue_operational_gate"", ""app/services/technical_score_service.py:TechnicalScoringOverlapCoordinator.finalize"", ""app/services/technical_score_service.py:finalize_technical_scores"", ""app/services/technical_score_service.py:score_run_technicals"", ""scripts/certify_technical_artifact_cache.py:main""]","[""app/services/technical_score_service.py:finalize_technical_scores""]","[""CANONICAL_CALCULATION""]",app/services/technical_score_service.py:finalize_technical_scores,T14B_ADOPTION,Native Technical serving finalizer and retained ledger delivery; preview persist=False excluded.,True,CANONICAL_WRITER,"[""technical_scores""]",WF_TECHNICAL_FINALIZATION,,,,
WF_TRANSITION_PREFLIGHT,Resolve exact native domain policy in the writer transaction; supporting ledger mechanisms reuse originating caller policy. Native modes/conditional source permission remain authoritative.,T14D,"[""PIPELINE""]",[],"[""app/services/transition_preflight_plan_service.py:cancel_transition_preflight"", ""app/services/transition_preflight_plan_service.py:create_transition_preflight_plan"", ""app/services/transition_preflight_plan_service.py:expire_abandoned_preflights"", ""app/services/transition_preflight_plan_service.py:freeze_transition_decision_handoff_manifest""]","[""app/services/transition_preflight_plan_service.py:_create_pipeline_decision_handoff_plan"", ""app/services/transition_preflight_plan_service.py:cancel_transition_preflight"", ""app/services/transition_preflight_plan_service.py:create_transition_preflight_plan"", ""app/services/transition_preflight_plan_service.py:expire_abandoned_preflights""]","[""BOOTSTRAP""]",app/services/transition_preflight_plan_service.py:create_transition_preflight_plan,T14D_ADOPTION,Root reservation/review/cancellation and decision handoff manifest; manifest sealing split below.,True,DOMAIN_SUPPORTING_STATE,"[""transition_preflight_plans""]",WF_TRANSITION_PREFLIGHT,,,,
WF_UPLOAD_INITIALIZATION,Resolve exact native domain policy in the writer transaction; supporting ledger mechanisms reuse originating caller policy. Native modes/conditional source permission remain authoritative.,T14B,"[""FUNDAMENTAL"", ""RAW""]","[""WF_FUNDAMENTAL_RECALCULATION"", ""WF_PIPELINE_STAGE_STATE""]","[""app/routers/upload_routes.py:upload_csv"", ""app/services/upload_service.py:create_upload_run""]","[""app/services/upload_service.py:create_upload_run""]","[""BOOTSTRAP""]",app/services/upload_service.py:create_upload_run,T14B_ADOPTION,Raw upload is legitimate; directly calculated legacy Fundamental serving values lack canonical Fundamental evidence/identity.,True,CONFIRMED_BYPASS,"[""fundamental_scores"", ""raw_company_rows"", ""upload_runs""]",WF_UPLOAD_INITIALIZATION,,,,
WF_WINNER_CALIBRATION,Resolve exact native domain policy in the writer transaction; supporting ledger mechanisms reuse originating caller policy. Native modes/conditional source permission remain authoritative.,T14C,"[""WINNER_DIAGNOSTICS""]",[],"[""app/services/winner_probability/calibration_service.py:CalibrationService.persist_bins""]","[""app/services/winner_probability/calibration_service.py:CalibrationService.persist_bins""]","[""CANONICAL_CALCULATION""]",app/services/winner_probability/calibration_service.py:CalibrationService.persist_bins,T14C_ADOPTION,Caller-supplied calibration bins target a model; native promotion consumes these diagnostics but persistence does not independently seal input membership.,True,POTENTIAL_BYPASS,"[""winner_calibration_bins""]",WF_WINNER_CALIBRATION,,,,
WF_WINNER_CAPTURE_TRAINING_METADATA,Resolve exact native domain policy in the writer transaction; supporting ledger mechanisms reuse originating caller policy. Native modes/conditional source permission remain authoritative.,T14C,"[""WINNER_PREDICTION""]","[""WF_COMBINED_REFRESH"", ""WF_WINNER_FORWARD_MATURATION"", ""WF_WINNER_PREDICTION_CAPTURE"", ""WF_WINNER_TEMPORAL_VALIDITY"", ""WF_WINNER_TYPED_REPOSITORY""]","[""app/routers/winner_probability_routes.py:queue_winner_prediction_capture"", ""app/services/winner_probability/backfill.py:WinnerProbabilityBackfillService.execute_backfill"", ""app/services/winner_probability/capture_service.py:WinnerPredictionCaptureService.capture_run"", ""app/services/winner_probability/job_handlers.py:execute_historical_backfill_job"", ""app/services/winner_probability/job_handlers.py:execute_prediction_capture_job"", ""app/services/winner_probability/training_eligibility.py:TrainingEligibilityPolicy.persist_capture_decision""]","[""app/services/winner_probability/training_eligibility.py:TrainingEligibilityPolicy.persist_capture_decision""]","[""MAINTENANCE""]",app/services/winner_probability/training_eligibility.py:TrainingEligibilityPolicy.persist_capture_decision,T14C_ADOPTION,Only prediction lineage_json; dedicated training decision/replay tables are written by pre11 compatibility service.,True,DOMAIN_SUPPORTING_STATE,"[""winner_prediction_snapshots""]",WF_WINNER_CAPTURE_TRAINING_METADATA,,,,
WF_WINNER_COHORT_DEFINITION,Resolve exact native domain policy in the writer transaction; supporting ledger mechanisms reuse originating caller policy. Native modes/conditional source permission remain authoritative.,T14C,"[""WINNER_COHORT""]",[],"[""app/routers/winner_probability_routes.py:queue_winner_cohort_refresh"", ""app/routers/winner_probability_routes.py:queue_winner_outcome_maturation"", ""app/routers/winner_probability_routes.py:queue_winner_prediction_capture"", ""app/services/background_worker.py:run_worker_once"", ""app/services/winner_probability/backfill.py:WinnerProbabilityBackfillService.execute_backfill"", ""app/services/winner_probability/capture_service.py:WinnerPredictionCaptureService.capture_run"", ""app/services/winner_probability/cohort_definition.py:CohortDefinitionService.ensure_definition"", ""app/services/winner_probability/cohort_materialization_service.py:CohortMaterializationService.materialize_slice"", ""app/services/winner_probability/cohort_refresh_planner.py:CohortRefreshPlanner.request_for_current_evidence"", ""app/services/winner_probability/decision_time_estimate_service.py:DecisionTimeEstimateService.create_decision_time_estimate"", ""app/services/winner_probability/job_handlers.py:WinnerCohortRefreshService.refresh_cohorts"", ""app/services/winner_probability/job_handlers.py:enqueue_outcome_maturation_workflow"", ""app/services/winner_probability/job_handlers.py:execute_cohort_refresh_job"", ""app/services/winner_probability/job_handlers.py:execute_historical_backfill_job"", ""app/services/winner_probability/job_handlers.py:execute_outcome_maturation_job"", ""app/services/winner_probability/job_handlers.py:execute_outcome_revision_check_job"", ""app/services/winner_probability/job_handlers.py:execute_prediction_capture_job"", ""app/services/winner_probability/pre11_activation_service.py:Pre11L5ActivationService.activate"", ""app/services/winner_probability/pre11_compatibility_service.py:Pre11CompatibilityWriteService.persist_decisions_and_replays"", ""app/services/winner_probability/probability_estimator.py:ProbabilityEstimator.create_decision_time_estimate"", ""app/services/winner_probability/probability_estimator.py:ProbabilityEstimator.create_latest_rescore"", ""app/services/winner_probability/scheduler.py:schedule_primary_h5_maturation"", ""scripts/owpe_pre11_activate_l5.py:main"", ""scripts/owpe_pre11_training_compatibility.py:main"", ""scripts/winner_clean_reconstruction.py:main""]","[""app/services/winner_probability/cohort_definition.py:CohortDefinitionService.ensure_definition""]","[""BOOTSTRAP""]",app/services/winner_probability/cohort_definition.py:CohortDefinitionService.ensure_definition,T14C_ADOPTION,Deduplicated native cohort definition; no statistics algorithm.,True,DOMAIN_SUPPORTING_STATE,"[""winner_cohort_definitions""]",WF_WINNER_COHORT_DEFINITION,,,,
WF_WINNER_COHORT_MATERIALIZATION,Resolve exact native domain policy in the writer transaction; supporting ledger mechanisms reuse originating caller policy. Native modes/conditional source permission remain authoritative.,T14C,"[""WINNER_COHORT"", ""WINNER_GENERATION""]","[""WF_WINNER_CURRENT_RULE_RECONSTRUCTION"", ""WF_WINNER_ESTIMATOR"", ""WF_WINNER_GENERATION"", ""WF_WINNER_INLINE_COHORT""]","[""app/routers/winner_probability_routes.py:queue_winner_cohort_refresh"", ""app/routers/winner_probability_routes.py:queue_winner_outcome_maturation"", ""app/services/background_worker.py:run_worker_once"", ""app/services/winner_probability/cohort_materialization_service.py:CohortMaterializationService.materialize_slice"", ""app/services/winner_probability/cohort_refresh_planner.py:CohortRefreshPlanner.request_for_current_evidence"", ""app/services/winner_probability/job_handlers.py:WinnerCohortRefreshService.refresh_cohorts"", ""app/services/winner_probability/job_handlers.py:enqueue_outcome_maturation_workflow"", ""app/services/winner_probability/job_handlers.py:execute_cohort_refresh_job"", ""app/services/winner_probability/job_handlers.py:execute_outcome_maturation_job"", ""app/services/winner_probability/job_handlers.py:execute_outcome_revision_check_job"", ""app/services/winner_probability/pre11_compatibility_service.py:Pre11CompatibilityWriteService.persist_decisions_and_replays"", ""app/services/winner_probability/scheduler.py:schedule_primary_h5_maturation"", ""scripts/owpe_pre11_training_compatibility.py:main"", ""scripts/winner_clean_reconstruction.py:main""]","[""app/services/winner_probability/cohort_materialization_service.py:CohortMaterializationService._cancel"", ""app/services/winner_probability/cohort_materialization_service.py:CohortMaterializationService.materialize_slice""]","[""CANONICAL_CALCULATION""]",app/services/winner_probability/cohort_materialization_service.py:CohortMaterializationService.materialize_slice,T14C_ADOPTION,"Generation slice statistics and generation cancellation, distinct from inline estimator statistics.",True,CANONICAL_WRITER,"[""winner_cohort_generations"", ""winner_cohort_statistics""]",WF_WINNER_COHORT_MATERIALIZATION,,,,
WF_WINNER_CURRENT_RULE_RECONSTRUCTION,Resolve exact native domain policy in the writer transaction; supporting ledger mechanisms reuse originating caller policy. Native modes/conditional source permission remain authoritative.,T14D,"[""WINNER_GENERATION""]","[""WF_WINNER_COHORT_MATERIALIZATION"", ""WF_WINNER_GENERATION""]","[""scripts/winner_clean_reconstruction.py:main""]","[""scripts/winner_clean_reconstruction.py:build_candidate""]","[""CURRENT_RULES_RETROSPECTIVE""]",scripts/winner_clean_reconstruction.py:build_candidate,T14D_ADOPTION,Candidate generation rebuild under reviewed current rules; no original-context guarantee.,True,CURRENT_RULES_WRITER,"[""winner_cohort_generations""]",WF_WINNER_CURRENT_RULE_RECONSTRUCTION,,,,
WF_WINNER_DRIFT,Resolve exact native domain policy in the writer transaction; supporting ledger mechanisms reuse originating caller policy. Native modes/conditional source permission remain authoritative.,T14C,"[""WINNER_DIAGNOSTICS""]",[],"[""app/services/winner_probability/drift_service.py:DriftService.persist_metrics""]","[""app/services/winner_probability/drift_service.py:DriftService.persist_metrics""]","[""CANONICAL_CALCULATION""]",app/services/winner_probability/drift_service.py:DriftService.persist_metrics,T14C_ADOPTION,Caller-supplied drift metrics are persisted for a model; promotion consumes them without an independently sealed persistence manifest.,True,POTENTIAL_BYPASS,"[""winner_drift_metrics""]",WF_WINNER_DRIFT,,,,
WF_WINNER_EPISODE,Resolve exact native domain policy in the writer transaction; supporting ledger mechanisms reuse originating caller policy. Native modes/conditional source permission remain authoritative.,T14C,"[""WINNER_PREDICTION""]","[""WF_WINNER_TYPED_REPOSITORY""]","[""app/routers/winner_probability_routes.py:queue_winner_prediction_capture"", ""app/services/winner_probability/backfill.py:WinnerProbabilityBackfillService.execute_backfill"", ""app/services/winner_probability/capture_service.py:WinnerPredictionCaptureService.capture_run"", ""app/services/winner_probability/episode_service.py:WinnerEpisodeService.assign_episode"", ""app/services/winner_probability/job_handlers.py:execute_historical_backfill_job"", ""app/services/winner_probability/job_handlers.py:execute_prediction_capture_job""]","[""app/services/winner_probability/episode_service.py:WinnerEpisodeService.assign_episode""]","[""CANONICAL_CALCULATION""]",app/services/winner_probability/episode_service.py:WinnerEpisodeService.assign_episode,T14C_ADOPTION,Assign prediction episode identity; no Setup episode or prediction score calculation.,True,DOMAIN_SUPPORTING_STATE,"[""winner_prediction_episodes""]",WF_WINNER_EPISODE,,,,
WF_WINNER_ESTIMATOR,"Frozen prediction and exact outcome definition, training_cutoff_at, eligible evidence membership/manifest, cohort definition and native Winner cohort effective configuration. Existing cohort statistic key must match BOTH evidence_manifest_hash and config_hash. Estimate idempotency includes prediction/definition/kind/cutoff. Insufficient output remains an explicit native decision artifact.",T14C,"[""WINNER_COHORT"", ""WINNER_ESTIMATE""]","[""WF_WINNER_COHORT_MATERIALIZATION"", ""WF_WINNER_INLINE_COHORT"", ""WF_WINNER_LATEST_RESCORE"", ""WF_WINNER_PRE11_ACTIVATION"", ""WF_WINNER_PUBLICATION"", ""WF_WINNER_SQL_CANDIDATE_ESTIMATE"", ""WF_WINNER_TYPED_REPOSITORY""]","[""app/routers/winner_probability_routes.py:queue_winner_prediction_capture"", ""app/services/winner_probability/backfill.py:WinnerProbabilityBackfillService.execute_backfill"", ""app/services/winner_probability/capture_service.py:WinnerPredictionCaptureService.capture_run"", ""app/services/winner_probability/decision_time_estimate_service.py:DecisionTimeEstimateService.create_decision_time_estimate"", ""app/services/winner_probability/job_handlers.py:execute_historical_backfill_job"", ""app/services/winner_probability/job_handlers.py:execute_prediction_capture_job"", ""app/services/winner_probability/probability_estimator.py:ProbabilityEstimator.create_decision_time_estimate"", ""app/services/winner_probability/probability_estimator.py:ProbabilityEstimator.create_latest_rescore""]","[""app/services/winner_probability/probability_estimator.py:ProbabilityEstimator._create_estimate"", ""app/services/winner_probability/probability_estimator.py:ProbabilityEstimator._persist_insufficient""]","[""CANONICAL_CALCULATION""]",app/services/winner_probability/probability_estimator.py:ProbabilityEstimator._create_estimate,T14C_ADOPTION,_create_estimate and _persist_insufficient own estimated and insufficient native outputs. The estimate path may create an inline cohort statistic; both this branch and _materialize_cohort_statistic reject existing manifest/configuration mismatches. Generation materialization remains WF_WINNER_COHORT_MATERIALIZATION; inline estimation is explicitly distinct from generation activation/publication.,True,SUPPORTED_DISTINCT_WRITER,"[""winner_cohort_statistics"", ""winner_probability_estimates""]",WF_WINNER_ESTIMATOR,"[{""artifact"": ""winner_probability_estimates"", ""authority"": ""Exact prediction/definition, selected eligible evidence, native cohort config, manifest and training cutoff; insufficient branches retain diagnostic funnel and membership."", ""mode"": ""CANONICAL_CALCULATION""}, {""artifact"": ""winner_cohort_statistics"", ""authority"": ""Definition/outcome/cutoff key plus exact matching configuration and membership manifest; existing mismatch raises. This inline cache does not capture/activate a generation."", ""mode"": ""CANONICAL_CALCULATION""}]",,,
WF_WINNER_EVIDENCE_MANIFEST,Resolve exact native domain policy in the writer transaction; supporting ledger mechanisms reuse originating caller policy. Native modes/conditional source permission remain authoritative.,T14C,"[""WINNER_COHORT""]","[""WF_WINNER_SQL_CANDIDATE_ESTIMATE""]","[""app/routers/winner_probability_routes.py:queue_winner_cohort_refresh"", ""app/routers/winner_probability_routes.py:queue_winner_outcome_maturation"", ""app/routers/winner_probability_routes.py:queue_winner_prediction_capture"", ""app/services/background_worker.py:run_worker_once"", ""app/services/winner_probability/backfill.py:WinnerProbabilityBackfillService.execute_backfill"", ""app/services/winner_probability/capture_service.py:WinnerPredictionCaptureService.capture_run"", ""app/services/winner_probability/cohort_materialization_service.py:CohortMaterializationService.materialize_slice"", ""app/services/winner_probability/cohort_refresh_planner.py:CohortRefreshPlanner.request_for_current_evidence"", ""app/services/winner_probability/decision_time_estimate_service.py:DecisionTimeEstimateService.create_decision_time_estimate"", ""app/services/winner_probability/evidence_manifest_service.py:EvidenceManifestService.create_or_get_manifest"", ""app/services/winner_probability/evidence_manifest_service.py:EvidenceManifestService.persist_manifest_members"", ""app/services/winner_probability/evidence_manifest_service.py:EvidenceManifestService.persist_members"", ""app/services/winner_probability/job_handlers.py:WinnerCohortRefreshService.refresh_cohorts"", ""app/services/winner_probability/job_handlers.py:enqueue_outcome_maturation_workflow"", ""app/services/winner_probability/job_handlers.py:execute_cohort_refresh_job"", ""app/services/winner_probability/job_handlers.py:execute_historical_backfill_job"", ""app/services/winner_probability/job_handlers.py:execute_outcome_maturation_job"", ""app/services/winner_probability/job_handlers.py:execute_outcome_revision_check_job"", ""app/services/winner_probability/job_handlers.py:execute_prediction_capture_job"", ""app/services/winner_probability/pre11_activation_service.py:Pre11L5ActivationService.activate"", ""app/services/winner_probability/pre11_compatibility_service.py:Pre11CompatibilityWriteService.persist_decisions_and_replays"", ""app/services/winner_probability/probability_estimator.py:ProbabilityEstimator.create_decision_time_estimate"", ""app/services/winner_probability/probability_estimator.py:ProbabilityEstimator.create_latest_rescore"", ""app/services/winner_probability/scheduler.py:schedule_primary_h5_maturation"", ""scripts/owpe_pre11_activate_l5.py:main"", ""scripts/owpe_pre11_training_compatibility.py:main"", ""scripts/winner_clean_reconstruction.py:main""]","[""app/services/winner_probability/evidence_manifest_service.py:EvidenceManifestService.create_or_get_manifest"", ""app/services/winner_probability/evidence_manifest_service.py:EvidenceManifestService.persist_manifest_members"", ""app/services/winner_probability/evidence_manifest_service.py:EvidenceManifestService.persist_members""]","[""CANONICAL_CALCULATION""]",app/services/winner_probability/evidence_manifest_service.py:EvidenceManifestService.create_or_get_manifest,T14C_ADOPTION,Exact manifest/header and membership delivery; estimate membership and manifest membership remain typed artifacts.,True,DOMAIN_SUPPORTING_STATE,"[""winner_estimate_evidence_members"", ""winner_evidence_manifest_members"", ""winner_evidence_manifests""]",WF_WINNER_EVIDENCE_MANIFEST,,,,
WF_WINNER_FORWARD_MATURATION,Resolve exact native domain policy in the writer transaction; supporting ledger mechanisms reuse originating caller policy. Native modes/conditional source permission remain authoritative.,T14C,"[""WINNER_OUTCOME"", ""WINNER_PREDICTION""]","[""WF_COMBINED_REFRESH"", ""WF_WINNER_CAPTURE_TRAINING_METADATA"", ""WF_WINNER_MATURATION_CANARY"", ""WF_WINNER_OUTCOME_REVISION"", ""WF_WINNER_PENDING_OUTCOME"", ""WF_WINNER_PREDICTION_CAPTURE"", ""WF_WINNER_TEMPORAL_VALIDITY"", ""WF_WINNER_TYPED_REPOSITORY""]","[""app/routers/winner_probability_routes.py:queue_winner_outcome_maturation"", ""app/services/background_worker.py:run_worker_once"", ""app/services/winner_probability/job_handlers.py:enqueue_outcome_maturation_workflow"", ""app/services/winner_probability/job_handlers.py:execute_outcome_maturation_job"", ""app/services/winner_probability/job_handlers.py:execute_outcome_revision_check_job"", ""app/services/winner_probability/maturation_canary_service.py:execute_reviewed_maturation_canary"", ""app/services/winner_probability/outcome_orchestration_service.py:H5NextOpenOrchestrationService.drain_due"", ""app/services/winner_probability/outcome_service.py:OutcomeMaturationService.process_current_revisions"", ""app/services/winner_probability/outcome_service.py:OutcomeMaturationService.process_due_outcomes"", ""app/services/winner_probability/outcome_service.py:OutcomeMaturationService.process_forward_outcome"", ""app/services/winner_probability/scheduler.py:schedule_primary_h5_maturation"", ""scripts/winner_maturation_canary.py:main""]","[""app/services/winner_probability/outcome_service.py:OutcomeMaturationService._calculate_forward"", ""app/services/winner_probability/outcome_service.py:OutcomeMaturationService.process_forward_outcome"", ""app/services/winner_probability/outcome_service.py:_mark_excluded"", ""app/services/winner_probability/outcome_service.py:_mark_pending""]","[""OUTCOME_MATURATION""]",app/services/winner_probability/outcome_service.py:OutcomeMaturationService.process_forward_outcome,T14C_ADOPTION,"Frozen prediction authority, observed outcome window and pending/excluded/matured state handling.",True,CANONICAL_WRITER,"[""winner_forward_outcomes"", ""winner_prediction_snapshots""]",WF_WINNER_FORWARD_MATURATION,,,,
WF_WINNER_GENERATION,Resolve exact native domain policy in the writer transaction; supporting ledger mechanisms reuse originating caller policy. Native modes/conditional source permission remain authoritative.,T14C,"[""CURRENT_PROJECTION"", ""WINNER_GENERATION""]","[""WF_WINNER_COHORT_MATERIALIZATION"", ""WF_WINNER_CURRENT_RULE_RECONSTRUCTION"", ""WF_WINNER_WATERMARK""]","[""app/routers/winner_probability_routes.py:queue_winner_cohort_refresh"", ""app/routers/winner_probability_routes.py:queue_winner_outcome_maturation"", ""app/services/background_worker.py:run_worker_once"", ""app/services/winner_probability/cohort_generation_service.py:CohortGenerationService.capture_or_resume"", ""app/services/winner_probability/cohort_generation_service.py:CohortGenerationService.publish"", ""app/services/winner_probability/cohort_generation_service.py:CohortGenerationService.publish_reviewed_supersession"", ""app/services/winner_probability/cohort_materialization_service.py:CohortMaterializationService.materialize_slice"", ""app/services/winner_probability/cohort_refresh_planner.py:CohortRefreshPlanner.request_for_current_evidence"", ""app/services/winner_probability/estimate_publication_service.py:WinnerEstimatePublicationService.publish"", ""app/services/winner_probability/job_handlers.py:WinnerCohortRefreshService.refresh_cohorts"", ""app/services/winner_probability/job_handlers.py:enqueue_outcome_maturation_workflow"", ""app/services/winner_probability/job_handlers.py:execute_cohort_refresh_job"", ""app/services/winner_probability/job_handlers.py:execute_outcome_maturation_job"", ""app/services/winner_probability/job_handlers.py:execute_outcome_revision_check_job"", ""app/services/winner_probability/pre11_compatibility_service.py:Pre11CompatibilityWriteService.persist_decisions_and_replays"", ""app/services/winner_probability/scheduler.py:schedule_primary_h5_maturation"", ""scripts/owpe_pre11_training_compatibility.py:main"", ""scripts/winner_clean_reconstruction.py:main"", ""scripts/winner_estimate_publication.py:main""]","[""app/services/winner_probability/cohort_generation_service.py:CohortGenerationService._activate_locked"", ""app/services/winner_probability/cohort_generation_service.py:CohortGenerationService.capture_or_resume""]","[""CANONICAL_CALCULATION""]",app/services/winner_probability/cohort_generation_service.py:CohortGenerationService.capture_or_resume,T14C_ADOPTION,Capture generation/membership watermark and compatible activation; watermark lock split below.,True,CANONICAL_WRITER,"[""winner_cohort_generations"", ""winner_cohort_refresh_state""]",WF_WINNER_GENERATION,,,,
WF_WINNER_INLINE_COHORT,Resolve exact native domain policy in the writer transaction; supporting ledger mechanisms reuse originating caller policy. Native modes/conditional source permission remain authoritative.,T14C,"[""WINNER_COHORT""]","[""WF_WINNER_COHORT_MATERIALIZATION"", ""WF_WINNER_ESTIMATOR""]","[""app/routers/winner_probability_routes.py:queue_winner_prediction_capture"", ""app/services/winner_probability/backfill.py:WinnerProbabilityBackfillService.execute_backfill"", ""app/services/winner_probability/capture_service.py:WinnerPredictionCaptureService.capture_run"", ""app/services/winner_probability/decision_time_estimate_service.py:DecisionTimeEstimateService.create_decision_time_estimate"", ""app/services/winner_probability/job_handlers.py:execute_historical_backfill_job"", ""app/services/winner_probability/job_handlers.py:execute_prediction_capture_job"", ""app/services/winner_probability/pre11_activation_service.py:Pre11L5ActivationService.activate"", ""app/services/winner_probability/probability_estimator.py:ProbabilityEstimator.create_decision_time_estimate"", ""app/services/winner_probability/probability_estimator.py:ProbabilityEstimator.create_latest_rescore"", ""scripts/owpe_pre11_activate_l5.py:main""]","[""app/services/winner_probability/probability_estimator.py:ProbabilityEstimator._materialize_cohort_statistic""]","[""CANONICAL_CALCULATION""]",app/services/winner_probability/probability_estimator.py:ProbabilityEstimator._materialize_cohort_statistic,T14C_ADOPTION,Inline cohort statistics are computed for estimator evidence membership; distinct from generation slice operation.,True,CANONICAL_WRITER,"[""winner_cohort_statistics""]",WF_WINNER_INLINE_COHORT,,,,
WF_WINNER_LATEST_RESCORE,Resolve exact native domain policy in the writer transaction; supporting ledger mechanisms reuse originating caller policy. Native modes/conditional source permission remain authoritative.,T14C,"[""WINNER_ESTIMATE""]","[""WF_WINNER_ESTIMATOR"", ""WF_WINNER_PRE11_ACTIVATION"", ""WF_WINNER_PUBLICATION"", ""WF_WINNER_SQL_CANDIDATE_ESTIMATE"", ""WF_WINNER_TYPED_REPOSITORY""]","[""app/services/winner_probability/job_handlers.py:execute_latest_rescore_job"", ""app/services/winner_probability/probability_estimator.py:ProbabilityEstimator.create_candidate_rescore_from_generation"", ""app/services/winner_probability/probability_estimator.py:ProbabilityEstimator.create_latest_rescore_from_generation""]","[""app/services/winner_probability/probability_estimator.py:ProbabilityEstimator.create_latest_rescore_from_generation""]","[""CURRENT_RULES_RETROSPECTIVE""]",app/services/winner_probability/probability_estimator.py:ProbabilityEstimator.create_latest_rescore_from_generation,T14C_ADOPTION,Explicit latest-generation rescore creates a new estimate under current rules; does not rewrite original prediction contract.,True,CURRENT_RULES_WRITER,"[""winner_probability_estimates""]",WF_WINNER_LATEST_RESCORE,,,,
WF_WINNER_MARKET_DATA_OBLIGATION,Resolve exact native domain policy in the writer transaction; supporting ledger mechanisms reuse originating caller policy. Native modes/conditional source permission remain authoritative.,T14C,"[""PRICE""]",[],"[""app/routers/ib_routes.py:fetch_bars"", ""app/routers/market_data_routes.py:queue_market_data_prewarm"", ""app/routers/run_routes.py:fetch_run_ib_bars_action"", ""app/routers/run_routes.py:resume_run_ib_fetch_action"", ""app/routers/run_routes.py:resume_run_pipeline_action"", ""app/routers/run_routes.py:retry_failed_run_ib_fetch_action"", ""app/routers/run_routes.py:run_full_pipeline_action"", ""app/routers/winner_probability_routes.py:queue_winner_prediction_capture"", ""app/services/background_worker.py:_execute_full_pipeline_job"", ""app/services/background_worker.py:_execute_sec_readiness_repair_job"", ""app/services/ceri/sec/readiness_repair.py:execute_sec_readiness_repair"", ""app/services/ceri/sec/readiness_repair.py:schedule_sec_readiness_repair"", ""app/services/ib_fetch_executor.py:execute_fetch_plan"", ""app/services/ib_fetch_job_service.py:execute_durable_fetch_job"", ""app/services/ib_fetch_job_service.py:submit_fetch_job"", ""app/services/market_data_prewarm_service.py:enqueue_market_data_prewarm"", ""app/services/market_data_prewarm_service.py:execute_market_data_prewarm"", ""app/services/market_data_prewarm_service.py:execute_market_data_prewarm_job"", ""app/services/pipeline_executor.py:execute_full_pipeline"", ""app/services/pipeline_service.py:enqueue_pipeline_after_sec_repair"", ""app/services/pipeline_service.py:resume_pipeline"", ""app/services/pipeline_service.py:start_pipeline"", ""app/services/pre_enqueue_operational_gate.py:validate_pre_enqueue_operational_gate"", ""app/services/winner_probability/backfill.py:WinnerProbabilityBackfillService.execute_backfill"", ""app/services/winner_probability/capture_service.py:WinnerPredictionCaptureService.capture_run"", ""app/services/winner_probability/job_handlers.py:execute_historical_backfill_job"", ""app/services/winner_probability/job_handlers.py:execute_prediction_capture_job"", ""app/services/winner_probability/market_data_obligation_service.py:MarketDataObligationService.ensure_for_outcomes"", ""app/services/winner_probability/market_data_obligation_service.py:MarketDataObligationService.evaluate"", ""app/services/winner_probability/market_data_obligation_service.py:MarketDataObligationService.record_fetch_results"", ""app/services/winner_probability/pending_outcome_service.py:PendingOutcomeService.materialize_pending_outcomes"", ""scripts/winner_ib_request_scope_canary.py:main"", ""scripts/winner_market_data_recovery.py:main""]","[""app/services/winner_probability/market_data_obligation_service.py:MarketDataObligationService.ensure_for_outcomes"", ""app/services/winner_probability/market_data_obligation_service.py:MarketDataObligationService.evaluate"", ""app/services/winner_probability/market_data_obligation_service.py:MarketDataObligationService.record_fetch_results""]","[""MAINTENANCE""]",app/services/winner_probability/market_data_obligation_service.py:MarketDataObligationService.ensure_for_outcomes,T14C_ADOPTION,"Pending outcome source-data obligations, fetch result recording and readiness evaluation.",True,DOMAIN_SUPPORTING_STATE,"[""winner_market_data_obligations""]",WF_WINNER_MARKET_DATA_OBLIGATION,,,,
WF_WINNER_MATURATION_CANARY,Resolve exact native domain policy in the writer transaction; supporting ledger mechanisms reuse originating caller policy. Native modes/conditional source permission remain authoritative.,T14D,"[""WINNER_OUTCOME""]","[""WF_WINNER_FORWARD_MATURATION"", ""WF_WINNER_OUTCOME_REVISION"", ""WF_WINNER_PENDING_OUTCOME"", ""WF_WINNER_TYPED_REPOSITORY""]","[""app/services/winner_probability/maturation_canary_service.py:execute_reviewed_maturation_canary"", ""scripts/winner_maturation_canary.py:main""]","[""app/services/winner_probability/maturation_canary_service.py:execute_reviewed_maturation_canary""]","[""CURRENT_STATE_REPAIR""]",app/services/winner_probability/maturation_canary_service.py:execute_reviewed_maturation_canary,T14D_ADOPTION,Reviewed bounded forward-outcome canary writes; not native unrestricted maturation.,True,SUPPORTED_DISTINCT_WRITER,"[""winner_forward_outcomes""]",WF_WINNER_MATURATION_CANARY,,,,
WF_WINNER_MODEL_GOVERNANCE,Resolve exact native domain policy in the writer transaction; supporting ledger mechanisms reuse originating caller policy. Native modes/conditional source permission remain authoritative.,T14C,"[""WINNER_MODEL""]",[],"[""app/routers/winner_probability_routes.py:retire_winner_probability_model"", ""app/services/winner_probability/api_service.py:WinnerProbabilityApiService.retire_model"", ""app/services/winner_probability/model_registry.py:ModelRegistry.promote_model"", ""app/services/winner_probability/model_registry.py:ModelRegistry.register_model"", ""app/services/winner_probability/model_registry.py:ModelRegistry.retire_model""]","[""app/services/winner_probability/model_registry.py:ModelRegistry._record_event"", ""app/services/winner_probability/model_registry.py:ModelRegistry._retire_active_replaced_models"", ""app/services/winner_probability/model_registry.py:ModelRegistry.promote_model"", ""app/services/winner_probability/model_registry.py:ModelRegistry.register_model"", ""app/services/winner_probability/model_registry.py:ModelRegistry.retire_model""]","[""MAINTENANCE""]",app/services/winner_probability/model_registry.py:ModelRegistry.register_model,T14C_ADOPTION,Registration/promote/retire plus lifecycle audit; promotion gates and retirement fallback are distinct native action variants.,True,CANONICAL_WRITER,"[""winner_model_lifecycle_events"", ""winner_model_versions""]",WF_WINNER_MODEL_GOVERNANCE,,,,
WF_WINNER_MODEL_TRAINING,Resolve exact native domain policy in the writer transaction; supporting ledger mechanisms reuse originating caller policy. Native modes/conditional source permission remain authoritative.,T14C,"[""WINNER_DIAGNOSTICS""]",[],"[""app/services/winner_probability/model_training.py:ShadowModelTrainingService.persist_training_run""]","[""app/services/winner_probability/model_training.py:ShadowModelTrainingService.persist_training_run""]","[""CANONICAL_CALCULATION""]",app/services/winner_probability/model_training.py:ShadowModelTrainingService.persist_training_run,T14C_ADOPTION,Persist supplied training report/model target; retained report alone is not independently reconstructed input membership.,True,POTENTIAL_BYPASS,"[""winner_model_training_runs""]",WF_WINNER_MODEL_TRAINING,,,,
WF_WINNER_OUTCOME_REVISION,Resolve exact native domain policy in the writer transaction; supporting ledger mechanisms reuse originating caller policy. Native modes/conditional source permission remain authoritative.,T14C,"[""WINNER_OUTCOME""]","[""WF_WINNER_FORWARD_MATURATION"", ""WF_WINNER_MATURATION_CANARY"", ""WF_WINNER_PENDING_OUTCOME"", ""WF_WINNER_TARGET_STOP_REPAIR"", ""WF_WINNER_TYPED_REPOSITORY""]","[""app/routers/winner_probability_routes.py:queue_winner_outcome_maturation"", ""app/services/background_worker.py:run_worker_once"", ""app/services/winner_probability/job_handlers.py:enqueue_outcome_maturation_workflow"", ""app/services/winner_probability/job_handlers.py:execute_outcome_maturation_job"", ""app/services/winner_probability/job_handlers.py:execute_outcome_revision_check_job"", ""app/services/winner_probability/maturation_canary_service.py:execute_reviewed_maturation_canary"", ""app/services/winner_probability/outcome_orchestration_service.py:H5NextOpenOrchestrationService.drain_due"", ""app/services/winner_probability/outcome_revision_service.py:OutcomeRevisionService.upsert_forward_revision"", ""app/services/winner_probability/outcome_revision_service.py:OutcomeRevisionService.upsert_target_stop_revision"", ""app/services/winner_probability/outcome_service.py:OutcomeMaturationService.process_current_revisions"", ""app/services/winner_probability/outcome_service.py:OutcomeMaturationService.process_due_outcomes"", ""app/services/winner_probability/outcome_service.py:OutcomeMaturationService.process_forward_outcome"", ""app/services/winner_probability/scheduler.py:schedule_primary_h5_maturation"", ""scripts/winner_maturation_canary.py:main""]","[""app/services/winner_probability/outcome_revision_service.py:OutcomeRevisionService.upsert_forward_revision"", ""app/services/winner_probability/outcome_revision_service.py:OutcomeRevisionService.upsert_target_stop_revision""]","[""OUTCOME_MATURATION""]",app/services/winner_probability/outcome_revision_service.py:OutcomeRevisionService.upsert_forward_revision,T14C_ADOPTION,Immutable forward/target-stop outcome revisions with native idempotency/supersession.,True,CANONICAL_WRITER,"[""winner_forward_outcomes"", ""winner_target_stop_outcomes""]",WF_WINNER_OUTCOME_REVISION,,,,
WF_WINNER_PENDING_OUTCOME,Resolve exact native domain policy in the writer transaction; supporting ledger mechanisms reuse originating caller policy. Native modes/conditional source permission remain authoritative.,T14C,"[""WINNER_OUTCOME""]","[""WF_WINNER_FORWARD_MATURATION"", ""WF_WINNER_MATURATION_CANARY"", ""WF_WINNER_OUTCOME_REVISION"", ""WF_WINNER_TARGET_STOP_REPAIR"", ""WF_WINNER_TYPED_REPOSITORY""]","[""app/routers/winner_probability_routes.py:queue_winner_prediction_capture"", ""app/services/winner_probability/backfill.py:WinnerProbabilityBackfillService.execute_backfill"", ""app/services/winner_probability/capture_service.py:WinnerPredictionCaptureService.capture_run"", ""app/services/winner_probability/job_handlers.py:execute_historical_backfill_job"", ""app/services/winner_probability/job_handlers.py:execute_prediction_capture_job"", ""app/services/winner_probability/pending_outcome_service.py:PendingOutcomeService.materialize_pending_outcomes""]","[""app/services/winner_probability/pending_outcome_service.py:PendingOutcomeService._ensure_forward_outcome"", ""app/services/winner_probability/pending_outcome_service.py:PendingOutcomeService._ensure_outcome_definition"", ""app/services/winner_probability/pending_outcome_service.py:PendingOutcomeService._ensure_target_stop_outcome""]","[""BOOTSTRAP""]",app/services/winner_probability/pending_outcome_service.py:PendingOutcomeService._ensure_forward_outcome,T14C_ADOPTION,Create pending forward/target-stop outcomes and definition addresses; no matured evidence.,True,DOMAIN_SUPPORTING_STATE,"[""winner_forward_outcomes"", ""winner_outcome_definitions"", ""winner_target_stop_outcomes""]",WF_WINNER_PENDING_OUTCOME,,,,
WF_WINNER_PRE11_ACTIVATION,Resolve exact native domain policy in the writer transaction; supporting ledger mechanisms reuse originating caller policy. Native modes/conditional source permission remain authoritative.,T14D,"[""WINNER_ESTIMATE""]","[""WF_WINNER_ESTIMATOR"", ""WF_WINNER_LATEST_RESCORE"", ""WF_WINNER_PUBLICATION"", ""WF_WINNER_SQL_CANDIDATE_ESTIMATE"", ""WF_WINNER_TYPED_REPOSITORY""]","[""app/services/winner_probability/pre11_activation_service.py:Pre11L5ActivationService.activate"", ""scripts/owpe_pre11_activate_l5.py:main""]","[""app/services/winner_probability/pre11_activation_service.py:Pre11L5ActivationService.activate""]","[""PUBLICATION""]",app/services/winner_probability/pre11_activation_service.py:Pre11L5ActivationService.activate,T14D_ADOPTION,Pre-1.1 reviewed activation creates alternate estimate artifact; separate from current native estimator.,True,LEGACY_WRITER,"[""winner_probability_estimates""]",WF_WINNER_PRE11_ACTIVATION,,,,
WF_WINNER_PRE11_TRAINING_REPLAY,Resolve exact native domain policy in the writer transaction; supporting ledger mechanisms reuse originating caller policy. Native modes/conditional source permission remain authoritative.,T14D,"[""WINNER_COHORT""]","[""WF_WINNER_TYPED_REPOSITORY""]","[""app/services/winner_probability/pre11_compatibility_service.py:Pre11CompatibilityWriteService.persist_decisions_and_replays"", ""scripts/owpe_pre11_training_compatibility.py:main""]","[""app/services/winner_probability/pre11_compatibility_service.py:Pre11CompatibilityWriteService.persist_decisions_and_replays""]","[""CURRENT_RULES_RETROSPECTIVE""]",app/services/winner_probability/pre11_compatibility_service.py:Pre11CompatibilityWriteService.persist_decisions_and_replays,T14D_ADOPTION,"Explicit compatibility decisions/replays, separate from capture metadata-only training decision.",True,CURRENT_RULES_WRITER,"[""winner_training_eligibility_decisions"", ""winner_training_outcome_replays""]",WF_WINNER_PRE11_TRAINING_REPLAY,,,,
WF_WINNER_PREDICTION_CAPTURE,Resolve exact native domain policy in the writer transaction; supporting ledger mechanisms reuse originating caller policy. Native modes/conditional source permission remain authoritative.,T14C,"[""WINNER_PREDICTION""]","[""WF_COMBINED_REFRESH"", ""WF_WINNER_CAPTURE_TRAINING_METADATA"", ""WF_WINNER_FORWARD_MATURATION"", ""WF_WINNER_TEMPORAL_VALIDITY"", ""WF_WINNER_TYPED_REPOSITORY""]","[""app/routers/winner_probability_routes.py:queue_winner_prediction_capture"", ""app/services/winner_probability/backfill.py:WinnerProbabilityBackfillService.execute_backfill"", ""app/services/winner_probability/capture_service.py:WinnerPredictionCaptureService.capture_run"", ""app/services/winner_probability/job_handlers.py:execute_historical_backfill_job"", ""app/services/winner_probability/job_handlers.py:execute_prediction_capture_job""]","[""app/services/winner_probability/capture_service.py:WinnerPredictionCaptureService._capture_ticker""]","[""CANONICAL_CALCULATION""]",app/services/winner_probability/capture_service.py:WinnerPredictionCaptureService._capture_ticker,T14C_ADOPTION,Frozen independent prediction contract and initial temporal validity decision.,True,CANONICAL_WRITER,"[""winner_prediction_snapshots"", ""winner_temporal_validity_decisions""]",WF_WINNER_PREDICTION_CAPTURE,,,,
WF_WINNER_PUBLICATION,Resolve exact native domain policy in the writer transaction; supporting ledger mechanisms reuse originating caller policy. Native modes/conditional source permission remain authoritative.,T14C,"[""WINNER_ESTIMATE"", ""WINNER_PUBLICATION""]","[""WF_WINNER_ESTIMATOR"", ""WF_WINNER_LATEST_RESCORE"", ""WF_WINNER_PRE11_ACTIVATION"", ""WF_WINNER_SQL_CANDIDATE_ESTIMATE"", ""WF_WINNER_TYPED_REPOSITORY""]","[""app/services/winner_probability/estimate_publication_service.py:WinnerEstimatePublicationService.publish"", ""scripts/winner_estimate_publication.py:main""]","[""app/services/winner_probability/estimate_publication_service.py:WinnerEstimatePublicationService.publish""]","[""PUBLICATION""]",app/services/winner_probability/estimate_publication_service.py:WinnerEstimatePublicationService.publish,T14C_ADOPTION,Locked generation/estimate publication and idempotent publication request audit.,True,CANONICAL_WRITER,"[""winner_estimate_publication_requests"", ""winner_probability_estimates""]",WF_WINNER_PUBLICATION,,,,
WF_WINNER_SIMILARITY,Resolve exact native domain policy in the writer transaction; supporting ledger mechanisms reuse originating caller policy. Native modes/conditional source permission remain authoritative.,T14C,"[""WINNER_DIAGNOSTICS""]",[],"[""app/services/winner_probability/similarity_service.py:SimilarityService.persist_neighbors""]","[""app/services/winner_probability/similarity_service.py:SimilarityService.persist_neighbors""]","[""CANONICAL_CALCULATION""]",app/services/winner_probability/similarity_service.py:SimilarityService.persist_neighbors,T14C_ADOPTION,Caller-supplied neighbour result persistence; PIT candidate selection is a separate native calculation and must remain bound.,True,POTENTIAL_BYPASS,"[""winner_similarity_links""]",WF_WINNER_SIMILARITY,,,,
WF_WINNER_SQL_CANDIDATE_ESTIMATE,"Historical schema 0061, reviewed protected-state/generation/membership hashes, explicit actor/request key and write approval. Preflight rejects current schema 0080. Plan/verify are read-only; this is reachable historical tooling, not globally dead code. T14D retires or migrates the delivery.",T14D,"[""WINNER_COHORT"", ""WINNER_ESTIMATE""]","[""WF_WINNER_ESTIMATOR"", ""WF_WINNER_EVIDENCE_MANIFEST"", ""WF_WINNER_LATEST_RESCORE"", ""WF_WINNER_PRE11_ACTIVATION"", ""WF_WINNER_PUBLICATION"", ""WF_WINNER_TYPED_REPOSITORY""]","[""scripts/winner_candidate_estimates.py:main""]","[""scripts/winner_candidate_estimates.py:_ensure_empty_manifest"", ""scripts/winner_candidate_estimates.py:write""]","[""LEGACY_UNCERTIFIED""]",scripts/winner_candidate_estimates.py:write,T14D_ADOPTION,Approved schema0061 candidate estimates and direct SQL evidence membership; preflight rejects current0080 before writes.,True,DIRECT_SQL_LEGACY,"[""winner_estimate_evidence_members"", ""winner_evidence_manifests"", ""winner_probability_estimates""]",WF_WINNER_SQL_CANDIDATE_ESTIMATE,,,LEGACY_TOOLING,
WF_WINNER_TARGET_STOP_REPAIR,Resolve exact native domain policy in the writer transaction; supporting ledger mechanisms reuse originating caller policy. Native modes/conditional source permission remain authoritative.,T14D,"[""WINNER_OUTCOME""]","[""WF_WINNER_OUTCOME_REVISION"", ""WF_WINNER_PENDING_OUTCOME"", ""WF_WINNER_TYPED_REPOSITORY""]","[""app/services/winner_probability/target_stop_scope_repair_service.py:apply_target_stop_scope_repair"", ""scripts/winner_target_stop_scope_repair.py:main""]","[""app/services/winner_probability/target_stop_scope_repair_service.py:apply_target_stop_scope_repair""]","[""CURRENT_STATE_REPAIR""]",app/services/winner_probability/target_stop_scope_repair_service.py:apply_target_stop_scope_repair,T14D_ADOPTION,Reviewed explicit target-stop scope correction; no original-context reconstruction.,True,CURRENT_RULES_WRITER,"[""winner_target_stop_outcomes""]",WF_WINNER_TARGET_STOP_REPAIR,,,,
WF_WINNER_TEMPORAL_VALIDITY,Resolve exact native domain policy in the writer transaction; supporting ledger mechanisms reuse originating caller policy. Native modes/conditional source permission remain authoritative.,T14D,"[""WINNER_PREDICTION""]","[""WF_COMBINED_REFRESH"", ""WF_WINNER_CAPTURE_TRAINING_METADATA"", ""WF_WINNER_FORWARD_MATURATION"", ""WF_WINNER_PREDICTION_CAPTURE"", ""WF_WINNER_TYPED_REPOSITORY""]","[""app/services/winner_probability/temporal_validation_service.py:TemporalValidationService.apply_certification"", ""app/services/winner_probability/temporal_validation_service.py:TemporalValidationService.apply_quarantine"", ""app/services/winner_probability/temporal_validation_service.py:TemporalValidationService.record"", ""scripts/winner_market_data_recovery.py:main""]","[""app/services/winner_probability/temporal_validation_service.py:TemporalValidationService.apply_certification"", ""app/services/winner_probability/temporal_validation_service.py:TemporalValidationService.apply_quarantine"", ""app/services/winner_probability/temporal_validation_service.py:TemporalValidationService.record""]","[""CURRENT_STATE_REPAIR""]",app/services/winner_probability/temporal_validation_service.py:TemporalValidationService.record,T14D_ADOPTION,Append temporal decision and apply current certification/quarantine; supplied certification requires native compatibility checks.,True,CANONICAL_WRITER,"[""winner_prediction_snapshots"", ""winner_temporal_validity_decisions""]",WF_WINNER_TEMPORAL_VALIDITY,,,,
WF_WINNER_TYPED_REPOSITORY,"Supplied typed row and exact originating native owner. Prediction/episode, pending outcome/definition, maturity/revision, estimate and temporal/training permission writers keep their own contracts; generic add/flush supplies none of those contracts by itself.",T14C,"[""WINNER_COHORT"", ""WINNER_ESTIMATE"", ""WINNER_OUTCOME"", ""WINNER_PREDICTION""]","[""WF_COMBINED_REFRESH"", ""WF_WINNER_CAPTURE_TRAINING_METADATA"", ""WF_WINNER_EPISODE"", ""WF_WINNER_ESTIMATOR"", ""WF_WINNER_FORWARD_MATURATION"", ""WF_WINNER_LATEST_RESCORE"", ""WF_WINNER_MATURATION_CANARY"", ""WF_WINNER_OUTCOME_REVISION"", ""WF_WINNER_PENDING_OUTCOME"", ""WF_WINNER_PRE11_ACTIVATION"", ""WF_WINNER_PRE11_TRAINING_REPLAY"", ""WF_WINNER_PREDICTION_CAPTURE"", ""WF_WINNER_PUBLICATION"", ""WF_WINNER_SQL_CANDIDATE_ESTIMATE"", ""WF_WINNER_TARGET_STOP_REPAIR"", ""WF_WINNER_TEMPORAL_VALIDITY""]","[""app/routers/winner_probability_routes.py:queue_winner_prediction_capture"", ""app/services/winner_probability/backfill.py:WinnerProbabilityBackfillService.execute_backfill"", ""app/services/winner_probability/capture_service.py:WinnerPredictionCaptureService.capture_run"", ""app/services/winner_probability/episode_service.py:WinnerEpisodeService.assign_episode"", ""app/services/winner_probability/job_handlers.py:execute_historical_backfill_job"", ""app/services/winner_probability/job_handlers.py:execute_prediction_capture_job"", ""app/services/winner_probability/pending_outcome_service.py:PendingOutcomeService.materialize_pending_outcomes"", ""app/services/winner_probability/repository.py:WinnerProbabilityRepository.add""]","[""app/services/winner_probability/repository.py:WinnerProbabilityRepository.add""]","[""MAINTENANCE""]",app/services/winner_probability/repository.py:WinnerProbabilityRepository.add,T14C_ADOPTION,"WinnerProbabilityRepository.add only adds and flushes a supplied row. Its eight discovered table types have explicit native table owners and callers. It is a lower-level supporting mechanism, not a prediction, estimate, cohort or outcome algorithm.",True,DOMAIN_SUPPORTING_STATE,"[""winner_forward_outcomes"", ""winner_outcome_definitions"", ""winner_prediction_episodes"", ""winner_prediction_snapshots"", ""winner_probability_estimates"", ""winner_target_stop_outcomes"", ""winner_temporal_validity_decisions"", ""winner_training_eligibility_decisions""]",WF_WINNER_TYPED_REPOSITORY,,,,"[""WF_WINNER_PREDICTION_CAPTURE"", ""WF_WINNER_EPISODE"", ""WF_WINNER_PENDING_OUTCOME"", ""WF_WINNER_FORWARD_MATURATION"", ""WF_WINNER_OUTCOME_REVISION"", ""WF_WINNER_ESTIMATOR"", ""WF_WINNER_TEMPORAL_VALIDITY"", ""WF_WINNER_CAPTURE_TRAINING_METADATA""]"
WF_WINNER_WATERMARK,Resolve exact native domain policy in the writer transaction; supporting ledger mechanisms reuse originating caller policy. Native modes/conditional source permission remain authoritative.,T14C,"[""CURRENT_PROJECTION""]","[""WF_WINNER_GENERATION""]","[""app/routers/winner_probability_routes.py:queue_winner_cohort_refresh"", ""app/routers/winner_probability_routes.py:queue_winner_outcome_maturation"", ""app/services/background_worker.py:run_worker_once"", ""app/services/winner_probability/cohort_generation_service.py:EvidenceWatermarkService.advance_to_current_material_evidence"", ""app/services/winner_probability/cohort_refresh_planner.py:CohortRefreshPlanner.request_for_current_evidence"", ""app/services/winner_probability/job_handlers.py:WinnerCohortRefreshService.refresh_cohorts"", ""app/services/winner_probability/job_handlers.py:enqueue_outcome_maturation_workflow"", ""app/services/winner_probability/job_handlers.py:execute_cohort_refresh_job"", ""app/services/winner_probability/job_handlers.py:execute_outcome_maturation_job"", ""app/services/winner_probability/job_handlers.py:execute_outcome_revision_check_job"", ""app/services/winner_probability/pre11_compatibility_service.py:Pre11CompatibilityWriteService.persist_decisions_and_replays"", ""app/services/winner_probability/scheduler.py:schedule_primary_h5_maturation"", ""scripts/owpe_pre11_training_compatibility.py:main"", ""scripts/winner_clean_reconstruction.py:main""]","[""app/services/winner_probability/cohort_generation_service.py:EvidenceWatermarkService._locked_state""]","[""CURRENT_PROJECTION_ADVANCE""]",app/services/winner_probability/cohort_generation_service.py:EvidenceWatermarkService._locked_state,T14C_ADOPTION,Locked evidence watermark/refresh pointer supporting generation materialization.,True,CURRENT_PROJECTION_WRITER,"[""winner_cohort_refresh_state""]",WF_WINNER_WATERMARK,,,,
