category,raw_address,status,proof
ENTRYPOINT,app/routers/ceri_routes.py:acknowledge_ceri_alert,RETAINED_CANDIDATE,Exact source address retained; ownership links do not certify path semantics
ENTRYPOINT,app/routers/ceri_routes.py:cancel_ceri_job,RETAINED_CANDIDATE,Exact source address retained; ownership links do not certify path semantics
ENTRYPOINT,app/routers/ceri_routes.py:create_ceri_backfill,RETAINED_CANDIDATE,Exact source address retained; ownership links do not certify path semantics
ENTRYPOINT,app/routers/ceri_routes.py:create_ceri_ingestion_run,RETAINED_CANDIDATE,Exact source address retained; ownership links do not certify path semantics
ENTRYPOINT,app/routers/ceri_routes.py:dismiss_ceri_alert,RETAINED_CANDIDATE,Exact source address retained; ownership links do not certify path semantics
ENTRYPOINT,app/routers/ceri_routes.py:execute_ceri_purge,RETAINED_CANDIDATE,Exact source address retained; ownership links do not certify path semantics
ENTRYPOINT,app/routers/ceri_routes.py:preview_ceri_purge,RETAINED_CANDIDATE,Exact source address retained; ownership links do not certify path semantics
ENTRYPOINT,app/routers/ceri_routes.py:recalculate_ceri,RETAINED_CANDIDATE,Exact source address retained; ownership links do not certify path semantics
ENTRYPOINT,app/routers/ceri_routes.py:reprocess_ceri,RETAINED_CANDIDATE,Exact source address retained; ownership links do not certify path semantics
ENTRYPOINT,app/routers/ceri_routes.py:review_ceri_event,RETAINED_CANDIDATE,Exact source address retained; ownership links do not certify path semantics
ENTRYPOINT,app/routers/health_routes.py:cleanup_execute,RETAINED_CANDIDATE,Exact source address retained; ownership links do not certify path semantics
ENTRYPOINT,app/routers/ib_market_intelligence_routes.py:exclude_fill,RETAINED_CANDIDATE,Exact source address retained; ownership links do not certify path semantics
ENTRYPOINT,app/routers/ib_market_intelligence_routes.py:queue_flex,RETAINED_CANDIDATE,Exact source address retained; ownership links do not certify path semantics
ENTRYPOINT,app/routers/ib_market_intelligence_routes.py:queue_histogram,RETAINED_CANDIDATE,Exact source address retained; ownership links do not certify path semantics
ENTRYPOINT,app/routers/ib_market_intelligence_routes.py:queue_historical,RETAINED_CANDIDATE,Exact source address retained; ownership links do not certify path semantics
ENTRYPOINT,app/routers/ib_market_intelligence_routes.py:queue_live,RETAINED_CANDIDATE,Exact source address retained; ownership links do not certify path semantics
ENTRYPOINT,app/routers/ib_market_intelligence_routes.py:queue_rebuild,RETAINED_CANDIDATE,Exact source address retained; ownership links do not certify path semantics
ENTRYPOINT,app/routers/ib_market_intelligence_routes.py:queue_scanner,RETAINED_CANDIDATE,Exact source address retained; ownership links do not certify path semantics
ENTRYPOINT,app/routers/ib_routes.py:fetch_bars,RETAINED_CANDIDATE,Exact source address retained; ownership links do not certify path semantics
ENTRYPOINT,app/routers/ib_routes.py:resolve_ticker,RETAINED_CANDIDATE,Exact source address retained; ownership links do not certify path semantics
ENTRYPOINT,app/routers/market_data_routes.py:cancel_market_data_prewarm,RETAINED_CANDIDATE,Exact source address retained; ownership links do not certify path semantics
ENTRYPOINT,app/routers/market_data_routes.py:queue_market_data_prewarm,RETAINED_CANDIDATE,Exact source address retained; ownership links do not certify path semantics
ENTRYPOINT,app/routers/market_regime_routes.py:market_regime_page,RETAINED_CANDIDATE,Exact source address retained; ownership links do not certify path semantics
ENTRYPOINT,app/routers/market_regime_routes.py:recalculate_run_market_regime_api,RETAINED_CANDIDATE,Exact source address retained; ownership links do not certify path semantics
ENTRYPOINT,app/routers/market_regime_routes.py:run_market_regime_page,RETAINED_CANDIDATE,Exact source address retained; ownership links do not certify path semantics
ENTRYPOINT,app/routers/run_routes.py:cancel_run_ib_fetch_action,RETAINED_CANDIDATE,Exact source address retained; ownership links do not certify path semantics
ENTRYPOINT,app/routers/run_routes.py:cancel_run_pipeline_action,RETAINED_CANDIDATE,Exact source address retained; ownership links do not certify path semantics
ENTRYPOINT,app/routers/run_routes.py:fetch_run_ib_bars_action,RETAINED_CANDIDATE,Exact source address retained; ownership links do not certify path semantics
ENTRYPOINT,app/routers/run_routes.py:recalculate_fundamentals_action,RETAINED_CANDIDATE,Exact source address retained; ownership links do not certify path semantics
ENTRYPOINT,app/routers/run_routes.py:refresh_all_ranking_profiles_action,RETAINED_CANDIDATE,Exact source address retained; ownership links do not certify path semantics
ENTRYPOINT,app/routers/run_routes.py:refresh_combined_results_action,RETAINED_CANDIDATE,Exact source address retained; ownership links do not certify path semantics
ENTRYPOINT,app/routers/run_routes.py:refresh_ranking_profile_action,RETAINED_CANDIDATE,Exact source address retained; ownership links do not certify path semantics
ENTRYPOINT,app/routers/run_routes.py:refresh_technicals_action,RETAINED_CANDIDATE,Exact source address retained; ownership links do not certify path semantics
ENTRYPOINT,app/routers/run_routes.py:resume_run_ib_fetch_action,RETAINED_CANDIDATE,Exact source address retained; ownership links do not certify path semantics
ENTRYPOINT,app/routers/run_routes.py:resume_run_pipeline_action,RETAINED_CANDIDATE,Exact source address retained; ownership links do not certify path semantics
ENTRYPOINT,app/routers/run_routes.py:retry_failed_run_ib_fetch_action,RETAINED_CANDIDATE,Exact source address retained; ownership links do not certify path semantics
ENTRYPOINT,app/routers/run_routes.py:run_full_pipeline_action,RETAINED_CANDIDATE,Exact source address retained; ownership links do not certify path semantics
ENTRYPOINT,app/routers/sector_rotation_routes.py:api_sector_rotation,RETAINED_CANDIDATE,Exact source address retained; ownership links do not certify path semantics
ENTRYPOINT,app/routers/sector_rotation_routes.py:api_sector_rotation_drilldown,RETAINED_CANDIDATE,Exact source address retained; ownership links do not certify path semantics
ENTRYPOINT,app/routers/sector_rotation_routes.py:recalculate_run_sector_rotation_api,RETAINED_CANDIDATE,Exact source address retained; ownership links do not certify path semantics
ENTRYPOINT,app/routers/sector_rotation_routes.py:sector_rotation_dashboard,RETAINED_CANDIDATE,Exact source address retained; ownership links do not certify path semantics
ENTRYPOINT,app/routers/sector_rotation_routes.py:sector_rotation_drilldown,RETAINED_CANDIDATE,Exact source address retained; ownership links do not certify path semantics
ENTRYPOINT,app/routers/setup_lifecycle_routes.py:evaluate_setup_lifecycle_run,RETAINED_CANDIDATE,Exact source address retained; ownership links do not certify path semantics
ENTRYPOINT,app/routers/setup_lifecycle_routes.py:queue_setup_lifecycle_evaluation,RETAINED_CANDIDATE,Exact source address retained; ownership links do not certify path semantics
ENTRYPOINT,app/routers/setup_lifecycle_routes.py:replay_setup_lifecycle,RETAINED_CANDIDATE,Exact source address retained; ownership links do not certify path semantics
ENTRYPOINT,app/routers/upload_routes.py:upload_csv,RETAINED_CANDIDATE,Exact source address retained; ownership links do not certify path semantics
ENTRYPOINT,app/routers/winner_probability_routes.py:queue_winner_cohort_refresh,RETAINED_CANDIDATE,Exact source address retained; ownership links do not certify path semantics
ENTRYPOINT,app/routers/winner_probability_routes.py:queue_winner_outcome_maturation,RETAINED_CANDIDATE,Exact source address retained; ownership links do not certify path semantics
ENTRYPOINT,app/routers/winner_probability_routes.py:queue_winner_prediction_capture,RETAINED_CANDIDATE,Exact source address retained; ownership links do not certify path semantics
ENTRYPOINT,app/routers/winner_probability_routes.py:retire_winner_probability_model,RETAINED_CANDIDATE,Exact source address retained; ownership links do not certify path semantics
ENTRYPOINT,app/services/background_job_service.py:claim_next_job,RETAINED_CANDIDATE,Exact source address retained; ownership links do not certify path semantics
ENTRYPOINT,app/services/background_job_service.py:enqueue_job,RETAINED_CANDIDATE,Exact source address retained; ownership links do not certify path semantics
ENTRYPOINT,app/services/background_job_service.py:fence_jobs_for_worker,RETAINED_CANDIDATE,Exact source address retained; ownership links do not certify path semantics
ENTRYPOINT,app/services/background_job_service.py:fence_stalled_jobs,RETAINED_CANDIDATE,Exact source address retained; ownership links do not certify path semantics
ENTRYPOINT,app/services/background_job_service.py:heartbeat_job,RETAINED_CANDIDATE,Exact source address retained; ownership links do not certify path semantics
ENTRYPOINT,app/services/background_job_service.py:mark_job_blocked,RETAINED_CANDIDATE,Exact source address retained; ownership links do not certify path semantics
ENTRYPOINT,app/services/background_job_service.py:mark_job_cancelled,RETAINED_CANDIDATE,Exact source address retained; ownership links do not certify path semantics
ENTRYPOINT,app/services/background_job_service.py:mark_job_completed,RETAINED_CANDIDATE,Exact source address retained; ownership links do not certify path semantics
ENTRYPOINT,app/services/background_job_service.py:mark_job_deferred,RETAINED_CANDIDATE,Exact source address retained; ownership links do not certify path semantics
ENTRYPOINT,app/services/background_job_service.py:mark_job_failed_or_retry,RETAINED_CANDIDATE,Exact source address retained; ownership links do not certify path semantics
ENTRYPOINT,app/services/background_job_service.py:mark_job_partial,RETAINED_CANDIDATE,Exact source address retained; ownership links do not certify path semantics
ENTRYPOINT,app/services/background_job_service.py:prune_enqueue_attempt_evidence,RETAINED_CANDIDATE,Exact source address retained; ownership links do not certify path semantics
ENTRYPOINT,app/services/background_job_service.py:record_coalesced_enqueue_attempt,RETAINED_CANDIDATE,Exact source address retained; ownership links do not certify path semantics
ENTRYPOINT,app/services/background_job_service.py:record_job_progress,RETAINED_CANDIDATE,Exact source address retained; ownership links do not certify path semantics
ENTRYPOINT,app/services/background_job_service.py:recover_abandoned_jobs_for_worker,RETAINED_CANDIDATE,Exact source address retained; ownership links do not certify path semantics
ENTRYPOINT,app/services/background_job_service.py:recover_stale_jobs,RETAINED_CANDIDATE,Exact source address retained; ownership links do not certify path semantics
ENTRYPOINT,app/services/background_job_service.py:request_job_cancel,RETAINED_CANDIDATE,Exact source address retained; ownership links do not certify path semantics
ENTRYPOINT,app/services/background_job_service.py:requeue_stalled_jobs,RETAINED_CANDIDATE,Exact source address retained; ownership links do not certify path semantics
ENTRYPOINT,app/services/background_worker.py:_execute_full_pipeline_job,RETAINED_CANDIDATE,Exact source address retained; ownership links do not certify path semantics
ENTRYPOINT,app/services/background_worker.py:_execute_full_pipeline_job.progress_callback,UNREVIEWED_DISCOVERY_DIFFERENCE,Old inferred reachability removed; explicit disposition remains required
ENTRYPOINT,app/services/background_worker.py:_execute_sec_readiness_repair_job,RETAINED_CANDIDATE,Exact source address retained; ownership links do not certify path semantics
ENTRYPOINT,app/services/background_worker.py:_execute_worker_recovery_probe,RETAINED_CANDIDATE,Exact source address retained; ownership links do not certify path semantics
ENTRYPOINT,app/services/background_worker.py:execute_job,RETAINED_CANDIDATE,Exact source address retained; ownership links do not certify path semantics
ENTRYPOINT,app/services/background_worker.py:run_worker,RETAINED_CANDIDATE,Exact source address retained; ownership links do not certify path semantics
ENTRYPOINT,app/services/background_worker.py:run_worker_once,RETAINED_CANDIDATE,Exact source address retained; ownership links do not certify path semantics
ENTRYPOINT,app/services/bar_cache_service.py:cache_bars,RETAINED_CANDIDATE,Exact source address retained; ownership links do not certify path semantics
ENTRYPOINT,app/services/bar_cache_service.py:ensure_daily_bars,RETAINED_CANDIDATE,Exact source address retained; ownership links do not certify path semantics
ENTRYPOINT,app/services/ceri/alert_service.py:CeriAlertService.acknowledge,RETAINED_CANDIDATE,Exact source address retained; ownership links do not certify path semantics
ENTRYPOINT,app/services/ceri/alert_service.py:CeriAlertService.dismiss,RETAINED_CANDIDATE,Exact source address retained; ownership links do not certify path semantics
ENTRYPOINT,app/services/ceri/alert_service.py:CeriAlertService.persist_alert_for_change,RETAINED_CANDIDATE,Exact source address retained; ownership links do not certify path semantics
ENTRYPOINT,app/services/ceri/alert_service.py:CeriAlertService.rebuild_alerts,RETAINED_CANDIDATE,Exact source address retained; ownership links do not certify path semantics
ENTRYPOINT,app/services/ceri/backfill_service.py:CeriBackfillService.run,RETAINED_CANDIDATE,Exact source address retained; ownership links do not certify path semantics
ENTRYPOINT,app/services/ceri/backlog_cleanup_service.py:apply_legacy_ceri_backlog_cleanup,RETAINED_CANDIDATE,Exact source address retained; ownership links do not certify path semantics
ENTRYPOINT,app/services/ceri/batched_job_handlers.py:execute_feature_batch_job,RETAINED_CANDIDATE,Exact source address retained; ownership links do not certify path semantics
ENTRYPOINT,app/services/ceri/batched_job_handlers.py:execute_normalize_batch_job,RETAINED_CANDIDATE,Exact source address retained; ownership links do not certify path semantics
ENTRYPOINT,app/services/ceri/batched_job_handlers.py:execute_provider_ingest_batch_job,RETAINED_CANDIDATE,Exact source address retained; ownership links do not certify path semantics
ENTRYPOINT,app/services/ceri/batched_job_handlers.py:execute_run_finalize_job,RETAINED_CANDIDATE,Exact source address retained; ownership links do not certify path semantics
ENTRYPOINT,app/services/ceri/batched_workflow.py:schedule_ceri_batched_workflow,RETAINED_CANDIDATE,Exact source address retained; ownership links do not certify path semantics
ENTRYPOINT,app/services/ceri/capture_service.py:CeriRunCaptureService.capture_run,RETAINED_CANDIDATE,Exact source address retained; ownership links do not certify path semantics
ENTRYPOINT,app/services/ceri/change_detection_service.py:CeriChangeDetectionService.detect_catalyst_revision,RETAINED_CANDIDATE,Exact source address retained; ownership links do not certify path semantics
ENTRYPOINT,app/services/ceri/change_detection_service.py:CeriChangeDetectionService.detect_guidance_change,RETAINED_CANDIDATE,Exact source address retained; ownership links do not certify path semantics
ENTRYPOINT,app/services/ceri/change_detection_service.py:CeriChangeDetectionService.detect_score_changes,RETAINED_CANDIDATE,Exact source address retained; ownership links do not certify path semantics
ENTRYPOINT,app/services/ceri/change_rebuild_service.py:CeriChangeRebuildService.rebuild,RETAINED_CANDIDATE,Exact source address retained; ownership links do not certify path semantics
ENTRYPOINT,app/services/ceri/controlled_replay_service.py:CeriControlledReplayService.replay,RETAINED_CANDIDATE,Exact source address retained; ownership links do not certify path semantics
ENTRYPOINT,app/services/ceri/decision_evidence.py:persist_ceri_decision_evidence,RETAINED_CANDIDATE,Exact source address retained; ownership links do not certify path semantics
ENTRYPOINT,app/services/ceri/evidence_eligibility.py:append_evidence_dispositions,RETAINED_CANDIDATE,Exact source address retained; ownership links do not certify path semantics
ENTRYPOINT,app/services/ceri/feature_rebuild_service.py:CeriFeatureRebuildService.rebuild,RETAINED_CANDIDATE,Exact source address retained; ownership links do not certify path semantics
ENTRYPOINT,app/services/ceri/feature_rebuild_service.py:CeriFeatureRebuildService.rebuild_from_context,RETAINED_CANDIDATE,Exact source address retained; ownership links do not certify path semantics
ENTRYPOINT,app/services/ceri/guidance_normalizer.py:CeriGuidanceNormalizer.normalize,READ_ONLY_NO_ACTION,New unbound CeriGuidanceEvent; apply_guidance_eligibility edits its constructor result; no Session or persistence
ENTRYPOINT,app/services/ceri/guidance_normalizer.py:apply_guidance_eligibility,RETAINED_CANDIDATE,Exact source address retained; ownership links do not certify path semantics
ENTRYPOINT,app/services/ceri/identity_resolver.py:CeriIdentityResolver.resolve_source_record,RETAINED_CANDIDATE,Exact source address retained; ownership links do not certify path semantics
ENTRYPOINT,app/services/ceri/job_handlers.py:execute_alert_rebuild_job,RETAINED_CANDIDATE,Exact source address retained; ownership links do not certify path semantics
ENTRYPOINT,app/services/ceri/job_handlers.py:execute_backfill_job,RETAINED_CANDIDATE,Exact source address retained; ownership links do not certify path semantics
ENTRYPOINT,app/services/ceri/job_handlers.py:execute_capture_run_job,RETAINED_CANDIDATE,Exact source address retained; ownership links do not certify path semantics
ENTRYPOINT,app/services/ceri/job_handlers.py:execute_change_detection_job,RETAINED_CANDIDATE,Exact source address retained; ownership links do not certify path semantics
ENTRYPOINT,app/services/ceri/job_handlers.py:execute_normalize_job,RETAINED_CANDIDATE,Exact source address retained; ownership links do not certify path semantics
ENTRYPOINT,app/services/ceri/job_handlers.py:execute_provider_ingest_job,RETAINED_CANDIDATE,Exact source address retained; ownership links do not certify path semantics
ENTRYPOINT,app/services/ceri/job_handlers.py:execute_purge_licensed_data_job,RETAINED_CANDIDATE,Exact source address retained; ownership links do not certify path semantics
ENTRYPOINT,app/services/ceri/job_handlers.py:execute_rebuild_features_job,RETAINED_CANDIDATE,Exact source address retained; ownership links do not certify path semantics
ENTRYPOINT,app/services/ceri/manual_review_service.py:CeriManualReviewService.create_catalyst_override,RETAINED_CANDIDATE,Exact source address retained; ownership links do not certify path semantics
ENTRYPOINT,app/services/ceri/normalization_service.py:CeriNormalizationService.normalize,RETAINED_CANDIDATE,Exact source address retained; ownership links do not certify path semantics
ENTRYPOINT,app/services/ceri/orchestration.py:CeriIngestionService.ingest,RETAINED_CANDIDATE,Exact source address retained; ownership links do not certify path semantics
ENTRYPOINT,app/services/ceri/price_response_service.py:CeriPriceResponseService.persist,RETAINED_CANDIDATE,Exact source address retained; ownership links do not certify path semantics
ENTRYPOINT,app/services/ceri/processing_run_service.py:CeriProcessingRunService.create_or_get,RETAINED_CANDIDATE,Exact source address retained; ownership links do not certify path semantics
ENTRYPOINT,app/services/ceri/processing_run_service.py:CeriProcessingRunService.finish,RETAINED_CANDIDATE,Exact source address retained; ownership links do not certify path semantics
ENTRYPOINT,app/services/ceri/purge_service.py:CeriPurgeService.execute,RETAINED_CANDIDATE,Exact source address retained; ownership links do not certify path semantics
ENTRYPOINT,app/services/ceri/purge_service.py:CeriPurgeService.preview,RETAINED_CANDIDATE,Exact source address retained; ownership links do not certify path semantics
ENTRYPOINT,app/services/ceri/revision_feature_service.py:CeriRevisionFeatureService.persist_feature,RETAINED_CANDIDATE,Exact source address retained; ownership links do not certify path semantics
ENTRYPOINT,app/services/ceri/revision_feature_service.py:CeriRevisionFeatureService.with_acceleration,RETAINED_CANDIDATE,Exact source address retained; ownership links do not certify path semantics
ENTRYPOINT,app/services/ceri/sec/identity_repair.py:resolve_and_persist_sec_identity,RETAINED_CANDIDATE,Exact source address retained; ownership links do not certify path semantics
ENTRYPOINT,app/services/ceri/sec/incremental_ingestion.py:SecGuidanceIncrementalIngestionService.ingest,RETAINED_CANDIDATE,Exact source address retained; ownership links do not certify path semantics
ENTRYPOINT,app/services/ceri/sec/processor_lifecycle.py:certify_processor,RETAINED_CANDIDATE,Exact source address retained; ownership links do not certify path semantics
ENTRYPOINT,app/services/ceri/sec/processor_lifecycle.py:promote_processor,RETAINED_CANDIDATE,Exact source address retained; ownership links do not certify path semantics
ENTRYPOINT,app/services/ceri/sec/processor_lifecycle.py:register_deployed_processor,RETAINED_CANDIDATE,Exact source address retained; ownership links do not certify path semantics
ENTRYPOINT,app/services/ceri/sec/readiness_repair.py:execute_sec_readiness_repair,RETAINED_CANDIDATE,Exact source address retained; ownership links do not certify path semantics
ENTRYPOINT,app/services/ceri/sec/readiness_repair.py:mark_sec_repair_failure,RETAINED_CANDIDATE,Exact source address retained; ownership links do not certify path semantics
ENTRYPOINT,app/services/ceri/sec/readiness_repair.py:schedule_sec_readiness_repair,RETAINED_CANDIDATE,Exact source address retained; ownership links do not certify path semantics
ENTRYPOINT,app/services/ceri/sec/state_service.py:SecDocumentStateService.cancel,RETAINED_CANDIDATE,Exact source address retained; ownership links do not certify path semantics
ENTRYPOINT,app/services/ceri/sec/state_service.py:SecDocumentStateService.certify_bootstrap,RETAINED_CANDIDATE,Exact source address retained; ownership links do not certify path semantics
ENTRYPOINT,app/services/ceri/sec/state_service.py:SecDocumentStateService.claim,RETAINED_CANDIDATE,Exact source address retained; ownership links do not certify path semantics
ENTRYPOINT,app/services/ceri/sec/state_service.py:SecDocumentStateService.complete,RETAINED_CANDIDATE,Exact source address retained; ownership links do not certify path semantics
ENTRYPOINT,app/services/ceri/sec/state_service.py:SecDocumentStateService.fail_retryable,RETAINED_CANDIDATE,Exact source address retained; ownership links do not certify path semantics
ENTRYPOINT,app/services/ceri/sec/state_service.py:SecDocumentStateService.heartbeat,RETAINED_CANDIDATE,Exact source address retained; ownership links do not certify path semantics
ENTRYPOINT,app/services/ceri/sec/state_service.py:SecDocumentStateService.record_downloaded_content,RETAINED_CANDIDATE,Exact source address retained; ownership links do not certify path semantics
ENTRYPOINT,app/services/ceri/sec/state_service.py:SecDocumentStateService.register_document,RETAINED_CANDIDATE,Exact source address retained; ownership links do not certify path semantics
ENTRYPOINT,app/services/ceri/snapshot_service.py:CeriSnapshotService.persist_snapshot,RETAINED_CANDIDATE,Exact source address retained; ownership links do not certify path semantics
ENTRYPOINT,app/services/ceri/source_record_service.py:CeriSourceRecordService.create_ingestion_run,RETAINED_CANDIDATE,Exact source address retained; ownership links do not certify path semantics
ENTRYPOINT,app/services/ceri/source_record_service.py:CeriSourceRecordService.finish_ingestion_run,RETAINED_CANDIDATE,Exact source address retained; ownership links do not certify path semantics
ENTRYPOINT,app/services/ceri/source_record_service.py:CeriSourceRecordService.store_source_record,RETAINED_CANDIDATE,Exact source address retained; ownership links do not certify path semantics
ENTRYPOINT,app/services/ceri/surprise_feature_service.py:CeriSurpriseFeatureService.attach_consensus_snapshot,RETAINED_CANDIDATE,Exact source address retained; ownership links do not certify path semantics
ENTRYPOINT,app/services/ceri/surprise_feature_service.py:CeriSurpriseFeatureService.summarize,RETAINED_CANDIDATE,Exact source address retained; ownership links do not certify path semantics
ENTRYPOINT,app/services/cleanup_service.py:cleanup_rebuildable_artifacts,RETAINED_CANDIDATE,Exact source address retained; ownership links do not certify path semantics
ENTRYPOINT,app/services/cleanup_service.py:execute_cleanup,RETAINED_CANDIDATE,Exact source address retained; ownership links do not certify path semantics
ENTRYPOINT,app/services/cleanup_service.py:execute_durable_evidence_retention,RETAINED_CANDIDATE,Exact source address retained; ownership links do not certify path semantics
ENTRYPOINT,app/services/combined_decision.py:refresh_combined_results,RETAINED_CANDIDATE,Exact source address retained; ownership links do not certify path semantics
ENTRYPOINT,app/services/configuration_delivery.py:anchor_enqueue_payload,RETAINED_CANDIDATE,Exact source address retained; ownership links do not certify path semantics
ENTRYPOINT,app/services/configuration_delivery.py:bind_job_configuration,RETAINED_CANDIDATE,Exact source address retained; ownership links do not certify path semantics
ENTRYPOINT,app/services/configuration_delivery.py:bind_winner_generation_configuration,RETAINED_CANDIDATE,Exact source address retained; ownership links do not certify path semantics
ENTRYPOINT,app/services/configuration_delivery.py:persist_configuration_anchor,RETAINED_CANDIDATE,Exact source address retained; ownership links do not certify path semantics
ENTRYPOINT,app/services/core_calculation_evidence.py:persist_core_evidence,RETAINED_CANDIDATE,Exact source address retained; ownership links do not certify path semantics
ENTRYPOINT,app/services/fundamental_score_service.py:recalculate_run_fundamentals,RETAINED_CANDIDATE,Exact source address retained; ownership links do not certify path semantics
ENTRYPOINT,app/services/ib_contract_resolver.py:resolve_us_stock_contract,RETAINED_CANDIDATE,Exact source address retained; ownership links do not certify path semantics
ENTRYPOINT,app/services/ib_fetch_executor.py:execute_fetch_plan,RETAINED_CANDIDATE,Exact source address retained; ownership links do not certify path semantics
ENTRYPOINT,app/services/ib_fetch_job_service.py:cancel_fetch_job,RETAINED_CANDIDATE,Exact source address retained; ownership links do not certify path semantics
ENTRYPOINT,app/services/ib_fetch_job_service.py:create_queued_fetch_run,RETAINED_CANDIDATE,Exact source address retained; ownership links do not certify path semantics
ENTRYPOINT,app/services/ib_fetch_job_service.py:execute_durable_fetch_job,RETAINED_CANDIDATE,Exact source address retained; ownership links do not certify path semantics
ENTRYPOINT,app/services/ib_fetch_job_service.py:execute_durable_fetch_job.progress_callback,UNREVIEWED_DISCOVERY_DIFFERENCE,Old inferred reachability removed; explicit disposition remains required
ENTRYPOINT,app/services/ib_fetch_job_service.py:resume_fetch_job,RETAINED_CANDIDATE,Exact source address retained; ownership links do not certify path semantics
ENTRYPOINT,app/services/ib_fetch_job_service.py:submit_fetch_job,RETAINED_CANDIDATE,Exact source address retained; ownership links do not certify path semantics
ENTRYPOINT,app/services/ib_fetch_recovery_service.py:apply_interrupted_canary_finalization,RETAINED_CANDIDATE,Exact source address retained; ownership links do not certify path semantics
ENTRYPOINT,app/services/ib_fetch_summary_service.py:create_ib_fetch_run,RETAINED_CANDIDATE,Exact source address retained; ownership links do not certify path semantics
ENTRYPOINT,app/services/ib_fetch_summary_service.py:fail_ib_fetch_run,RETAINED_CANDIDATE,Exact source address retained; ownership links do not certify path semantics
ENTRYPOINT,app/services/ib_market_intelligence/decision_evidence.py:persist_ibmi_feature_evidence,RETAINED_CANDIDATE,Exact source address retained; ownership links do not certify path semantics
ENTRYPOINT,app/services/ib_market_intelligence/flex.py:import_flex_report,RETAINED_CANDIDATE,Exact source address retained; ownership links do not certify path semantics
ENTRYPOINT,app/services/ib_market_intelligence/journal.py:match_episode_to_research,RETAINED_CANDIDATE,Exact source address retained; ownership links do not certify path semantics
ENTRYPOINT,app/services/ib_market_intelligence/journal.py:rebuild_trade_episodes,RETAINED_CANDIDATE,Exact source address retained; ownership links do not certify path semantics
ENTRYPOINT,app/services/ib_market_intelligence/orchestration.py:execute_feature_rebuild,RETAINED_CANDIDATE,Exact source address retained; ownership links do not certify path semantics
ENTRYPOINT,app/services/ib_market_intelligence/orchestration.py:execute_flex_import,RETAINED_CANDIDATE,Exact source address retained; ownership links do not certify path semantics
ENTRYPOINT,app/services/ib_market_intelligence/orchestration.py:execute_flex_import.flex_checkpoint,UNREVIEWED_DISCOVERY_DIFFERENCE,Old inferred reachability removed; explicit disposition remains required
ENTRYPOINT,app/services/ib_market_intelligence/orchestration.py:execute_histogram_fetch,RETAINED_CANDIDATE,Exact source address retained; ownership links do not certify path semantics
ENTRYPOINT,app/services/ib_market_intelligence/orchestration.py:execute_historical_refresh,RETAINED_CANDIDATE,Exact source address retained; ownership links do not certify path semantics
ENTRYPOINT,app/services/ib_market_intelligence/orchestration.py:execute_live_snapshot,RETAINED_CANDIDATE,Exact source address retained; ownership links do not certify path semantics
ENTRYPOINT,app/services/ib_market_intelligence/orchestration.py:execute_scanner_run,RETAINED_CANDIDATE,Exact source address retained; ownership links do not certify path semantics
ENTRYPOINT,app/services/ib_market_intelligence/repository.py:persist_feature,RETAINED_CANDIDATE,Exact source address retained; ownership links do not certify path semantics
ENTRYPOINT,app/services/ib_market_intelligence/repository.py:persist_historical_metric_bar,RETAINED_CANDIDATE,Exact source address retained; ownership links do not certify path semantics
ENTRYPOINT,app/services/ib_market_intelligence/repository.py:persist_live_snapshot,RETAINED_CANDIDATE,Exact source address retained; ownership links do not certify path semantics
ENTRYPOINT,app/services/lifecycle_quiesce.py:request_worker_quiesce,RETAINED_CANDIDATE,Exact source address retained; ownership links do not certify path semantics
ENTRYPOINT,app/services/lifecycle_quiesce.py:resume_worker_claims,RETAINED_CANDIDATE,Exact source address retained; ownership links do not certify path semantics
ENTRYPOINT,app/services/market_calculation_context_service.py:attach_reserved_market_context,RETAINED_CANDIDATE,Exact source address retained; ownership links do not certify path semantics
ENTRYPOINT,app/services/market_calculation_context_service.py:create_pipeline_market_context,RETAINED_CANDIDATE,Exact source address retained; ownership links do not certify path semantics
ENTRYPOINT,app/services/market_calculation_context_service.py:market_context_for_pipeline,RETAINED_CANDIDATE,Exact source address retained; ownership links do not certify path semantics
ENTRYPOINT,app/services/market_calculation_context_service.py:reserve_preflight_market_context,RETAINED_CANDIDATE,Exact source address retained; ownership links do not certify path semantics
ENTRYPOINT,app/services/market_data_prewarm_service.py:enqueue_market_data_prewarm,RETAINED_CANDIDATE,Exact source address retained; ownership links do not certify path semantics
ENTRYPOINT,app/services/market_data_prewarm_service.py:execute_market_data_prewarm,RETAINED_CANDIDATE,Exact source address retained; ownership links do not certify path semantics
ENTRYPOINT,app/services/market_data_prewarm_service.py:execute_market_data_prewarm_job,RETAINED_CANDIDATE,Exact source address retained; ownership links do not certify path semantics
ENTRYPOINT,app/services/market_data_prewarm_service.py:record_pipeline_prewarm_reuse,RETAINED_CANDIDATE,Exact source address retained; ownership links do not certify path semantics
ENTRYPOINT,app/services/market_data_prewarm_service.py:request_active_prewarm_preemption,RETAINED_CANDIDATE,Exact source address retained; ownership links do not certify path semantics
ENTRYPOINT,app/services/market_regime_command_center.py:MarketRegimeCommandCenterService.build_snapshot,RETAINED_CANDIDATE,Exact source address retained; ownership links do not certify path semantics
ENTRYPOINT,app/services/market_regime_repository.py:MarketRegimeRepository.delete_for_run,RETAINED_CANDIDATE,Exact source address retained; ownership links do not certify path semantics
ENTRYPOINT,app/services/market_regime_repository.py:MarketRegimeRepository.upsert_snapshot,RETAINED_CANDIDATE,Exact source address retained; ownership links do not certify path semantics
ENTRYPOINT,app/services/pipeline_executor.py:build_market_regime_snapshot_for_run,RETAINED_CANDIDATE,Exact source address retained; ownership links do not certify path semantics
ENTRYPOINT,app/services/pipeline_executor.py:build_sector_rotation_snapshot_for_run,RETAINED_CANDIDATE,Exact source address retained; ownership links do not certify path semantics
ENTRYPOINT,app/services/pipeline_executor.py:execute_full_pipeline,RETAINED_CANDIDATE,Exact source address retained; ownership links do not certify path semantics
ENTRYPOINT,app/services/pipeline_service.py:cancel_pipeline,RETAINED_CANDIDATE,Exact source address retained; ownership links do not certify path semantics
ENTRYPOINT,app/services/pipeline_service.py:enqueue_pipeline_after_sec_repair,RETAINED_CANDIDATE,Exact source address retained; ownership links do not certify path semantics
ENTRYPOINT,app/services/pipeline_service.py:mark_pipeline_job_failure,RETAINED_CANDIDATE,Exact source address retained; ownership links do not certify path semantics
ENTRYPOINT,app/services/pipeline_service.py:resume_pipeline,RETAINED_CANDIDATE,Exact source address retained; ownership links do not certify path semantics
ENTRYPOINT,app/services/pipeline_service.py:start_pipeline,RETAINED_CANDIDATE,Exact source address retained; ownership links do not certify path semantics
ENTRYPOINT,app/services/pre_enqueue_operational_gate.py:validate_pre_enqueue_operational_gate,RETAINED_CANDIDATE,Exact source address retained; ownership links do not certify path semantics
ENTRYPOINT,app/services/price_series_version_service.py:maintain_price_series_versions,RETAINED_CANDIDATE,Exact source address retained; ownership links do not certify path semantics
ENTRYPOINT,app/services/ranking_profile_service.py:execute_ranking_pipeline_step,RETAINED_CANDIDATE,Exact source address retained; ownership links do not certify path semantics
ENTRYPOINT,app/services/ranking_profile_service.py:refresh_all_ranking_profiles,RETAINED_CANDIDATE,Exact source address retained; ownership links do not certify path semantics
ENTRYPOINT,app/services/ranking_profile_service.py:refresh_ranking_profile,RETAINED_CANDIDATE,Exact source address retained; ownership links do not certify path semantics
ENTRYPOINT,app/services/sector_rotation_repository.py:SectorRotationRepository.save_snapshot,RETAINED_CANDIDATE,Exact source address retained; ownership links do not certify path semantics
ENTRYPOINT,app/services/sector_rotation_service.py:SectorRotationService.build_sector_rotation_snapshot,RETAINED_CANDIDATE,Exact source address retained; ownership links do not certify path semantics
ENTRYPOINT,app/services/sector_rotation_service.py:build_sector_rotation_snapshot,RETAINED_CANDIDATE,Exact source address retained; ownership links do not certify path semantics
ENTRYPOINT,app/services/setup_lifecycle/alert_service.py:SetupLifecycleAlertService.evaluate_episode_result,RETAINED_CANDIDATE,Exact source address retained; ownership links do not certify path semantics
ENTRYPOINT,app/services/setup_lifecycle/alert_service.py:SetupLifecycleAlertService.evaluate_lifecycle_event,RETAINED_CANDIDATE,Exact source address retained; ownership links do not certify path semantics
ENTRYPOINT,app/services/setup_lifecycle/alert_service.py:SetupLifecycleAlertService.evaluate_signal_change_events,RETAINED_CANDIDATE,Exact source address retained; ownership links do not certify path semantics
ENTRYPOINT,app/services/setup_lifecycle/alert_service.py:SetupLifecycleAlertService.seed_builtin_rules,RETAINED_CANDIDATE,Exact source address retained; ownership links do not certify path semantics
ENTRYPOINT,app/services/setup_lifecycle/canonicalization.py:SetupLifecycleCanonicalizer.canonicalize_run,RETAINED_CANDIDATE,Exact source address retained; ownership links do not certify path semantics
ENTRYPOINT,app/services/setup_lifecycle/canonicalization.py:SetupLifecycleCanonicalizer.canonicalize_snapshots,RETAINED_CANDIDATE,Exact source address retained; ownership links do not certify path semantics
ENTRYPOINT,app/services/setup_lifecycle/change_detector.py:SetupLifecycleChangeDetector.detect_and_persist,RETAINED_CANDIDATE,Exact source address retained; ownership links do not certify path semantics
ENTRYPOINT,app/services/setup_lifecycle/decision_evidence.py:persist_alert_decision_evidence,RETAINED_CANDIDATE,Exact source address retained; ownership links do not certify path semantics
ENTRYPOINT,app/services/setup_lifecycle/decision_evidence.py:persist_alert_rule_evidence,RETAINED_CANDIDATE,Exact source address retained; ownership links do not certify path semantics
ENTRYPOINT,app/services/setup_lifecycle/decision_evidence.py:persist_lifecycle_evaluation_evidence,RETAINED_CANDIDATE,Exact source address retained; ownership links do not certify path semantics
ENTRYPOINT,app/services/setup_lifecycle/decision_evidence.py:persist_lifecycle_transition_evidence,RETAINED_CANDIDATE,Exact source address retained; ownership links do not certify path semantics
ENTRYPOINT,app/services/setup_lifecycle/decision_evidence.py:persist_observation_gap_evaluation_evidence,RETAINED_CANDIDATE,Exact source address retained; ownership links do not certify path semantics
ENTRYPOINT,app/services/setup_lifecycle/decision_evidence.py:persist_setup_evidence,RETAINED_CANDIDATE,Exact source address retained; ownership links do not certify path semantics
ENTRYPOINT,app/services/setup_lifecycle/episode_service.py:SetupLifecycleEpisodeService.apply_observation_gap,RETAINED_CANDIDATE,Exact source address retained; ownership links do not certify path semantics
ENTRYPOINT,app/services/setup_lifecycle/episode_service.py:SetupLifecycleEpisodeService.apply_snapshot,RETAINED_CANDIDATE,Exact source address retained; ownership links do not certify path semantics
ENTRYPOINT,app/services/setup_lifecycle/episode_service.py:SetupLifecycleEpisodeService.refresh_primary_status,RETAINED_CANDIDATE,Exact source address retained; ownership links do not certify path semantics
ENTRYPOINT,app/services/setup_lifecycle/episode_service.py:SetupLifecycleEpisodeService.refresh_primary_statuses,RETAINED_CANDIDATE,Exact source address retained; ownership links do not certify path semantics
ENTRYPOINT,app/services/setup_lifecycle/evaluation_service.py:SetupLifecycleEvaluationService.evaluate_run,RETAINED_CANDIDATE,Exact source address retained; ownership links do not certify path semantics
ENTRYPOINT,app/services/setup_lifecycle/evaluation_service.py:evaluate_setup_lifecycles_for_run,RETAINED_CANDIDATE,Exact source address retained; ownership links do not certify path semantics
ENTRYPOINT,app/services/setup_lifecycle/job_handlers.py:execute_alert_rebuild_job,RETAINED_CANDIDATE,Exact source address retained; ownership links do not certify path semantics
ENTRYPOINT,app/services/setup_lifecycle/job_handlers.py:execute_daily_maintenance_job,RETAINED_CANDIDATE,Exact source address retained; ownership links do not certify path semantics
ENTRYPOINT,app/services/setup_lifecycle/job_handlers.py:execute_evaluate_run_job,RETAINED_CANDIDATE,Exact source address retained; ownership links do not certify path semantics
ENTRYPOINT,app/services/setup_lifecycle/job_handlers.py:execute_repair_ticker_job,RETAINED_CANDIDATE,Exact source address retained; ownership links do not certify path semantics
ENTRYPOINT,app/services/setup_lifecycle/job_handlers.py:execute_replay_job,RETAINED_CANDIDATE,Exact source address retained; ownership links do not certify path semantics
ENTRYPOINT,app/services/setup_lifecycle/maintenance_service.py:SetupLifecycleMaintenanceService.daily_maintenance,RETAINED_CANDIDATE,Exact source address retained; ownership links do not certify path semantics
ENTRYPOINT,app/services/setup_lifecycle/maintenance_service.py:SetupLifecycleMaintenanceService.rebuild_alerts,RETAINED_CANDIDATE,Exact source address retained; ownership links do not certify path semantics
ENTRYPOINT,app/services/setup_lifecycle/maintenance_service.py:SetupLifecycleMaintenanceService.repair_ticker,RETAINED_CANDIDATE,Exact source address retained; ownership links do not certify path semantics
ENTRYPOINT,app/services/setup_lifecycle/purge_service.py:SetupLifecyclePurgeService.execute,RETAINED_CANDIDATE,Exact source address retained; ownership links do not certify path semantics
ENTRYPOINT,app/services/setup_lifecycle/replay_service.py:SetupLifecycleReplayService.replay,RETAINED_CANDIDATE,Exact source address retained; ownership links do not certify path semantics
ENTRYPOINT,app/services/setup_lifecycle/repository.py:SetupLifecycleRepository.add,RETAINED_CANDIDATE,Exact source address retained; ownership links do not certify path semantics
ENTRYPOINT,app/services/setup_lifecycle/repository.py:SetupLifecycleRepository.add_alert_event,RETAINED_CANDIDATE,Exact source address retained; ownership links do not certify path semantics
ENTRYPOINT,app/services/setup_lifecycle/repository.py:SetupLifecycleRepository.add_lifecycle_event,RETAINED_CANDIDATE,Exact source address retained; ownership links do not certify path semantics
ENTRYPOINT,app/services/setup_lifecycle/repository.py:SetupLifecycleRepository.add_lifecycle_events,RETAINED_CANDIDATE,Exact source address retained; ownership links do not certify path semantics
ENTRYPOINT,app/services/setup_lifecycle/repository.py:SetupLifecycleRepository.add_new_lifecycle_event,RETAINED_CANDIDATE,Exact source address retained; ownership links do not certify path semantics
ENTRYPOINT,app/services/setup_lifecycle/repository.py:SetupLifecycleRepository.add_signal_change_event,RETAINED_CANDIDATE,Exact source address retained; ownership links do not certify path semantics
ENTRYPOINT,app/services/setup_lifecycle/repository.py:SetupLifecycleRepository.advance_canonical_selection,RETAINED_CANDIDATE,Exact source address retained; ownership links do not certify path semantics
ENTRYPOINT,app/services/setup_lifecycle/repository.py:SetupLifecycleRepository.advance_canonical_selections,RETAINED_CANDIDATE,Exact source address retained; ownership links do not certify path semantics
ENTRYPOINT,app/services/setup_lifecycle/repository.py:SetupLifecycleRepository.apply_evaluation_counts,RETAINED_CANDIDATE,Exact source address retained; ownership links do not certify path semantics
ENTRYPOINT,app/services/setup_lifecycle/repository.py:SetupLifecycleRepository.complete_evaluation_run,RETAINED_CANDIDATE,Exact source address retained; ownership links do not certify path semantics
ENTRYPOINT,app/services/setup_lifecycle/repository.py:SetupLifecycleRepository.create_evaluation_run,RETAINED_CANDIDATE,Exact source address retained; ownership links do not certify path semantics
ENTRYPOINT,app/services/setup_lifecycle/repository.py:SetupLifecycleRepository.execute_purge,RETAINED_CANDIDATE,Exact source address retained; ownership links do not certify path semantics
ENTRYPOINT,app/services/setup_lifecycle/repository.py:SetupLifecycleRepository.heartbeat_evaluation_run,RETAINED_CANDIDATE,Exact source address retained; ownership links do not certify path semantics
ENTRYPOINT,app/services/setup_lifecycle/repository.py:SetupLifecycleRepository.record_snapshot_canonical_decision,RETAINED_CANDIDATE,Exact source address retained; ownership links do not certify path semantics
ENTRYPOINT,app/services/setup_lifecycle/repository.py:SetupLifecycleRepository.record_snapshot_canonical_decisions,RETAINED_CANDIDATE,Exact source address retained; ownership links do not certify path semantics
ENTRYPOINT,app/services/setup_lifecycle/repository.py:SetupLifecycleRepository.supersede_prior_current_events,RETAINED_CANDIDATE,Exact source address retained; ownership links do not certify path semantics
ENTRYPOINT,app/services/setup_lifecycle/repository.py:SetupLifecycleRepository.upsert_alert_rule,RETAINED_CANDIDATE,Exact source address retained; ownership links do not certify path semantics
ENTRYPOINT,app/services/setup_lifecycle/repository.py:SetupLifecycleRepository.upsert_snapshot,RETAINED_CANDIDATE,Exact source address retained; ownership links do not certify path semantics
ENTRYPOINT,app/services/setup_lifecycle/repository.py:SetupLifecycleRepository.upsert_snapshots,RETAINED_CANDIDATE,Exact source address retained; ownership links do not certify path semantics
ENTRYPOINT,app/services/setup_lifecycle/repository.py:SetupLifecycleRepository.write_admin_audit_event,RETAINED_CANDIDATE,Exact source address retained; ownership links do not certify path semantics
ENTRYPOINT,app/services/setup_lifecycle/snapshot_builder.py:SetupLifecycleSnapshotCaptureService.capture_snapshots_for_run,RETAINED_CANDIDATE,Exact source address retained; ownership links do not certify path semantics
ENTRYPOINT,app/services/setup_lifecycle/snapshot_builder.py:capture_snapshots_for_run,RETAINED_CANDIDATE,Exact source address retained; ownership links do not certify path semantics
ENTRYPOINT,app/services/supervisor_registry.py:acquire_supervisor,RETAINED_CANDIDATE,Exact source address retained; ownership links do not certify path semantics
ENTRYPOINT,app/services/supervisor_registry.py:heartbeat_supervisor,RETAINED_CANDIDATE,Exact source address retained; ownership links do not certify path semantics
ENTRYPOINT,app/services/supervisor_registry.py:release_supervisor,RETAINED_CANDIDATE,Exact source address retained; ownership links do not certify path semantics
ENTRYPOINT,app/services/technical_artifact_cache.py:get_local_artifact,RETAINED_CANDIDATE,Exact source address retained; ownership links do not certify path semantics
ENTRYPOINT,app/services/technical_artifact_cache.py:record_local_artifact_shadow_validation,RETAINED_CANDIDATE,Exact source address retained; ownership links do not certify path semantics
ENTRYPOINT,app/services/technical_artifact_cache.py:upsert_local_artifact,RETAINED_CANDIDATE,Exact source address retained; ownership links do not certify path semantics
ENTRYPOINT,app/services/technical_score_service.py:TechnicalScoringOverlapCoordinator.abort,UNREVIEWED_DISCOVERY_DIFFERENCE,Old inferred reachability removed; explicit disposition remains required
ENTRYPOINT,app/services/technical_score_service.py:TechnicalScoringOverlapCoordinator.finalize,RETAINED_CANDIDATE,Exact source address retained; ownership links do not certify path semantics
ENTRYPOINT,app/services/technical_score_service.py:TechnicalScoringOverlapCoordinator.mark_fetch_complete,UNREVIEWED_DISCOVERY_DIFFERENCE,Old inferred reachability removed; explicit disposition remains required
ENTRYPOINT,app/services/technical_score_service.py:TechnicalScoringOverlapCoordinator.on_ticker_ready,RETAINED_CANDIDATE,Exact source address retained; ownership links do not certify path semantics
ENTRYPOINT,app/services/technical_score_service.py:finalize_technical_scores,RETAINED_CANDIDATE,Exact source address retained; ownership links do not certify path semantics
ENTRYPOINT,app/services/technical_score_service.py:preview_run_technicals,READ_ONLY_NO_ACTION,Cache mode OFF; finalizer called with persist=False; no ORM flush or derived persistence
ENTRYPOINT,app/services/technical_score_service.py:score_run_technicals,RETAINED_CANDIDATE,Exact source address retained; ownership links do not certify path semantics
ENTRYPOINT,app/services/transition_preflight_plan_service.py:cancel_transition_preflight,RETAINED_CANDIDATE,Exact source address retained; ownership links do not certify path semantics
ENTRYPOINT,app/services/transition_preflight_plan_service.py:consume_transition_preflight,RETAINED_CANDIDATE,Exact source address retained; ownership links do not certify path semantics
ENTRYPOINT,app/services/transition_preflight_plan_service.py:create_transition_preflight_plan,RETAINED_CANDIDATE,Exact source address retained; ownership links do not certify path semantics
ENTRYPOINT,app/services/transition_preflight_plan_service.py:expire_abandoned_preflights,RETAINED_CANDIDATE,Exact source address retained; ownership links do not certify path semantics
ENTRYPOINT,app/services/transition_preflight_plan_service.py:freeze_transition_decision_handoff_manifest,RETAINED_CANDIDATE,Exact source address retained; ownership links do not certify path semantics
ENTRYPOINT,app/services/upload_service.py:create_upload_run,RETAINED_CANDIDATE,Exact source address retained; ownership links do not certify path semantics
ENTRYPOINT,app/services/winner_probability/api_service.py:WinnerProbabilityApiService.retire_model,RETAINED_CANDIDATE,Exact source address retained; ownership links do not certify path semantics
ENTRYPOINT,app/services/winner_probability/backfill.py:WinnerProbabilityBackfillService.execute_backfill,RETAINED_CANDIDATE,Exact source address retained; ownership links do not certify path semantics
ENTRYPOINT,app/services/winner_probability/calibration_service.py:CalibrationService.persist_bins,RETAINED_CANDIDATE,Exact source address retained; ownership links do not certify path semantics
ENTRYPOINT,app/services/winner_probability/capture_service.py:WinnerPredictionCaptureService.capture_run,RETAINED_CANDIDATE,Exact source address retained; ownership links do not certify path semantics
ENTRYPOINT,app/services/winner_probability/cohort_definition.py:CohortDefinitionService.ensure_definition,RETAINED_CANDIDATE,Exact source address retained; ownership links do not certify path semantics
ENTRYPOINT,app/services/winner_probability/cohort_generation_service.py:CohortGenerationService.capture_or_resume,RETAINED_CANDIDATE,Exact source address retained; ownership links do not certify path semantics
ENTRYPOINT,app/services/winner_probability/cohort_generation_service.py:CohortGenerationService.publish,RETAINED_CANDIDATE,Exact source address retained; ownership links do not certify path semantics
ENTRYPOINT,app/services/winner_probability/cohort_generation_service.py:CohortGenerationService.publish_reviewed_supersession,RETAINED_CANDIDATE,Exact source address retained; ownership links do not certify path semantics
ENTRYPOINT,app/services/winner_probability/cohort_generation_service.py:EvidenceWatermarkService.advance_to_current_material_evidence,RETAINED_CANDIDATE,Exact source address retained; ownership links do not certify path semantics
ENTRYPOINT,app/services/winner_probability/cohort_materialization_service.py:CohortMaterializationService.materialize_slice,RETAINED_CANDIDATE,Exact source address retained; ownership links do not certify path semantics
ENTRYPOINT,app/services/winner_probability/cohort_materialization_service.py:CohortMaterializationService.materialize_slice.evidence_progress_guard,NESTED_CALLBACK_MECHANISM,Lexically nested callback; public_addressable=False; enclosing owner retained
ENTRYPOINT,app/services/winner_probability/cohort_refresh_planner.py:CohortRefreshPlanner.request_for_current_evidence,RETAINED_CANDIDATE,Exact source address retained; ownership links do not certify path semantics
ENTRYPOINT,app/services/winner_probability/decision_time_estimate_service.py:DecisionTimeEstimateService.create_decision_time_estimate,RETAINED_CANDIDATE,Exact source address retained; ownership links do not certify path semantics
ENTRYPOINT,app/services/winner_probability/drift_service.py:DriftService.persist_metrics,RETAINED_CANDIDATE,Exact source address retained; ownership links do not certify path semantics
ENTRYPOINT,app/services/winner_probability/episode_service.py:WinnerEpisodeService.assign_episode,RETAINED_CANDIDATE,Exact source address retained; ownership links do not certify path semantics
ENTRYPOINT,app/services/winner_probability/estimate_publication_service.py:WinnerEstimatePublicationService.publish,RETAINED_CANDIDATE,Exact source address retained; ownership links do not certify path semantics
ENTRYPOINT,app/services/winner_probability/evidence_manifest_service.py:EvidenceManifestService.create_or_get_manifest,RETAINED_CANDIDATE,Exact source address retained; ownership links do not certify path semantics
ENTRYPOINT,app/services/winner_probability/evidence_manifest_service.py:EvidenceManifestService.persist_manifest_members,RETAINED_CANDIDATE,Exact source address retained; ownership links do not certify path semantics
ENTRYPOINT,app/services/winner_probability/evidence_manifest_service.py:EvidenceManifestService.persist_members,RETAINED_CANDIDATE,Exact source address retained; ownership links do not certify path semantics
ENTRYPOINT,app/services/winner_probability/job_handlers.py:WinnerCohortRefreshService.refresh_cohorts,RETAINED_CANDIDATE,Exact source address retained; ownership links do not certify path semantics
ENTRYPOINT,app/services/winner_probability/job_handlers.py:disabled_winner_job_handler.handler,UNREVIEWED_DISCOVERY_DIFFERENCE,Old inferred reachability removed; explicit disposition remains required
ENTRYPOINT,app/services/winner_probability/job_handlers.py:enqueue_outcome_maturation_workflow,RETAINED_CANDIDATE,Exact source address retained; ownership links do not certify path semantics
ENTRYPOINT,app/services/winner_probability/job_handlers.py:execute_cohort_refresh_job,RETAINED_CANDIDATE,Exact source address retained; ownership links do not certify path semantics
ENTRYPOINT,app/services/winner_probability/job_handlers.py:execute_historical_backfill_job,RETAINED_CANDIDATE,Exact source address retained; ownership links do not certify path semantics
ENTRYPOINT,app/services/winner_probability/job_handlers.py:execute_latest_rescore_job,RETAINED_CANDIDATE,Exact source address retained; ownership links do not certify path semantics
ENTRYPOINT,app/services/winner_probability/job_handlers.py:execute_outcome_maturation_job,RETAINED_CANDIDATE,Exact source address retained; ownership links do not certify path semantics
ENTRYPOINT,app/services/winner_probability/job_handlers.py:execute_outcome_revision_check_job,RETAINED_CANDIDATE,Exact source address retained; ownership links do not certify path semantics
ENTRYPOINT,app/services/winner_probability/job_handlers.py:execute_prediction_capture_job,RETAINED_CANDIDATE,Exact source address retained; ownership links do not certify path semantics
ENTRYPOINT,app/services/winner_probability/market_data_obligation_service.py:MarketDataObligationService.ensure_for_outcomes,RETAINED_CANDIDATE,Exact source address retained; ownership links do not certify path semantics
ENTRYPOINT,app/services/winner_probability/market_data_obligation_service.py:MarketDataObligationService.evaluate,RETAINED_CANDIDATE,Exact source address retained; ownership links do not certify path semantics
ENTRYPOINT,app/services/winner_probability/market_data_obligation_service.py:MarketDataObligationService.record_fetch_results,RETAINED_CANDIDATE,Exact source address retained; ownership links do not certify path semantics
ENTRYPOINT,app/services/winner_probability/maturation_canary_service.py:execute_reviewed_maturation_canary,RETAINED_CANDIDATE,Exact source address retained; ownership links do not certify path semantics
ENTRYPOINT,app/services/winner_probability/model_registry.py:ModelRegistry.promote_model,RETAINED_CANDIDATE,Exact source address retained; ownership links do not certify path semantics
ENTRYPOINT,app/services/winner_probability/model_registry.py:ModelRegistry.register_model,RETAINED_CANDIDATE,Exact source address retained; ownership links do not certify path semantics
ENTRYPOINT,app/services/winner_probability/model_registry.py:ModelRegistry.retire_model,RETAINED_CANDIDATE,Exact source address retained; ownership links do not certify path semantics
ENTRYPOINT,app/services/winner_probability/model_training.py:ShadowModelTrainingService.persist_training_run,RETAINED_CANDIDATE,Exact source address retained; ownership links do not certify path semantics
ENTRYPOINT,app/services/winner_probability/outcome_orchestration_service.py:H5NextOpenOrchestrationService.drain_due,RETAINED_CANDIDATE,Exact source address retained; ownership links do not certify path semantics
ENTRYPOINT,app/services/winner_probability/outcome_revision_service.py:OutcomeRevisionService.upsert_forward_revision,RETAINED_CANDIDATE,Exact source address retained; ownership links do not certify path semantics
ENTRYPOINT,app/services/winner_probability/outcome_revision_service.py:OutcomeRevisionService.upsert_target_stop_revision,RETAINED_CANDIDATE,Exact source address retained; ownership links do not certify path semantics
ENTRYPOINT,app/services/winner_probability/outcome_service.py:OutcomeMaturationService.process_current_revisions,RETAINED_CANDIDATE,Exact source address retained; ownership links do not certify path semantics
ENTRYPOINT,app/services/winner_probability/outcome_service.py:OutcomeMaturationService.process_due_outcomes,RETAINED_CANDIDATE,Exact source address retained; ownership links do not certify path semantics
ENTRYPOINT,app/services/winner_probability/outcome_service.py:OutcomeMaturationService.process_forward_outcome,RETAINED_CANDIDATE,Exact source address retained; ownership links do not certify path semantics
ENTRYPOINT,app/services/winner_probability/pending_outcome_service.py:PendingOutcomeService.materialize_pending_outcomes,RETAINED_CANDIDATE,Exact source address retained; ownership links do not certify path semantics
ENTRYPOINT,app/services/winner_probability/pre11_activation_service.py:Pre11L5ActivationService.activate,RETAINED_CANDIDATE,Exact source address retained; ownership links do not certify path semantics
ENTRYPOINT,app/services/winner_probability/pre11_compatibility_service.py:Pre11CompatibilityWriteService.persist_decisions_and_replays,RETAINED_CANDIDATE,Exact source address retained; ownership links do not certify path semantics
ENTRYPOINT,app/services/winner_probability/probability_estimator.py:ProbabilityEstimator.create_candidate_rescore_from_generation,RETAINED_CANDIDATE,Exact source address retained; ownership links do not certify path semantics
ENTRYPOINT,app/services/winner_probability/probability_estimator.py:ProbabilityEstimator.create_decision_time_estimate,RETAINED_CANDIDATE,Exact source address retained; ownership links do not certify path semantics
ENTRYPOINT,app/services/winner_probability/probability_estimator.py:ProbabilityEstimator.create_latest_rescore,RETAINED_CANDIDATE,Exact source address retained; ownership links do not certify path semantics
ENTRYPOINT,app/services/winner_probability/probability_estimator.py:ProbabilityEstimator.create_latest_rescore_from_generation,RETAINED_CANDIDATE,Exact source address retained; ownership links do not certify path semantics
ENTRYPOINT,app/services/winner_probability/repository.py:WinnerProbabilityRepository.add,RETAINED_CANDIDATE,Exact source address retained; ownership links do not certify path semantics
ENTRYPOINT,app/services/winner_probability/scheduler.py:schedule_primary_h5_maturation,RETAINED_CANDIDATE,Exact source address retained; ownership links do not certify path semantics
ENTRYPOINT,app/services/winner_probability/similarity_service.py:SimilarityService.persist_neighbors,RETAINED_CANDIDATE,Exact source address retained; ownership links do not certify path semantics
ENTRYPOINT,app/services/winner_probability/target_stop_scope_repair_service.py:apply_target_stop_scope_repair,RETAINED_CANDIDATE,Exact source address retained; ownership links do not certify path semantics
ENTRYPOINT,app/services/winner_probability/temporal_validation_service.py:TemporalValidationService.apply_certification,RETAINED_CANDIDATE,Exact source address retained; ownership links do not certify path semantics
ENTRYPOINT,app/services/winner_probability/temporal_validation_service.py:TemporalValidationService.apply_quarantine,RETAINED_CANDIDATE,Exact source address retained; ownership links do not certify path semantics
ENTRYPOINT,app/services/winner_probability/temporal_validation_service.py:TemporalValidationService.record,RETAINED_CANDIDATE,Exact source address retained; ownership links do not certify path semantics
ENTRYPOINT,app/services/winner_probability/training_eligibility.py:TrainingEligibilityPolicy.persist_capture_decision,RETAINED_CANDIDATE,Exact source address retained; ownership links do not certify path semantics
ENTRYPOINT,app/services/worker_registry.py:associate_worker_launcher,RETAINED_CANDIDATE,Exact source address retained; ownership links do not certify path semantics
ENTRYPOINT,app/services/worker_registry.py:heartbeat_worker,RETAINED_CANDIDATE,Exact source address retained; ownership links do not certify path semantics
ENTRYPOINT,app/services/worker_registry.py:heartbeat_worker_control_loop,RETAINED_CANDIDATE,Exact source address retained; ownership links do not certify path semantics
ENTRYPOINT,app/services/worker_registry.py:mark_worker_stopping,RETAINED_CANDIDATE,Exact source address retained; ownership links do not certify path semantics
ENTRYPOINT,app/services/worker_registry.py:register_worker,RETAINED_CANDIDATE,Exact source address retained; ownership links do not certify path semantics
ENTRYPOINT,app/services/worker_registry.py:retire_worker_registration,RETAINED_CANDIDATE,Exact source address retained; ownership links do not certify path semantics
ENTRYPOINT,app/worker.py:main,RETAINED_CANDIDATE,Exact source address retained; ownership links do not certify path semantics
ENTRYPOINT,app/worker_supervisor.py:main,RETAINED_CANDIDATE,Exact source address retained; ownership links do not certify path semantics
ENTRYPOINT,scripts/ceri_run104_controlled_replay.py:main,RETAINED_CANDIDATE,Exact source address retained; ownership links do not certify path semantics
ENTRYPOINT,scripts/certify_sec_incremental_ingestion.py:main,RETAINED_CANDIDATE,Exact source address retained; ownership links do not certify path semantics
ENTRYPOINT,scripts/certify_technical_artifact_cache.py:main,RETAINED_CANDIDATE,Exact source address retained; ownership links do not certify path semantics
ENTRYPOINT,scripts/forensics/preflight_selection_readiness_scan.py:main,READ_ONLY_NO_ACTION,"PostgreSQL REPEATABLE READ, READ ONLY; prospective context/technical preview; rejects db.new/dirty/deleted and changed persisted counts; rollback"
ENTRYPOINT,scripts/forensics/run159_ceri_quarantine.py:main,RETAINED_CANDIDATE,Exact source address retained; ownership links do not certify path semantics
ENTRYPOINT,scripts/inspect_ceri_backlog.py:main,RETAINED_CANDIDATE,Exact source address retained; ownership links do not certify path semantics
ENTRYPOINT,scripts/manage_sec_processor.py:main,RETAINED_CANDIDATE,Exact source address retained; ownership links do not certify path semantics
ENTRYPOINT,scripts/ops/certify_sec_processor_contract.py:main,RETAINED_CANDIDATE,Exact source address retained; ownership links do not certify path semantics
ENTRYPOINT,scripts/ops/lifecycle_probe.py:main,RETAINED_CANDIDATE,Exact source address retained; ownership links do not certify path semantics
ENTRYPOINT,scripts/owpe_pre11_activate_l5.py:main,RETAINED_CANDIDATE,Exact source address retained; ownership links do not certify path semantics
ENTRYPOINT,scripts/owpe_pre11_training_compatibility.py:main,RETAINED_CANDIDATE,Exact source address retained; ownership links do not certify path semantics
ENTRYPOINT,scripts/profile_sec_performance.py:main,RETAINED_CANDIDATE,Exact source address retained; ownership links do not certify path semantics
ENTRYPOINT,scripts/qa/certify_slse_natural.py:main,RETAINED_CANDIDATE,Exact source address retained; ownership links do not certify path semantics
ENTRYPOINT,scripts/qa/ib_fault_proxy.py:main,UNREVIEWED_DISCOVERY_DIFFERENCE,Old inferred reachability removed; explicit disposition remains required
ENTRYPOINT,scripts/qa/rebuild_slse_dev_history.py:main,RETAINED_CANDIDATE,Exact source address retained; ownership links do not certify path semantics
ENTRYPOINT,scripts/resolve_sec_ciks.py:main,RETAINED_CANDIDATE,Exact source address retained; ownership links do not certify path semantics
ENTRYPOINT,scripts/run_technical_v5_forensic_recalibration.py:main,UNREVIEWED_DISCOVERY_DIFFERENCE,Old inferred reachability removed; explicit disposition remains required
ENTRYPOINT,scripts/run_technical_v5_shadow_evaluation.py:main,UNREVIEWED_DISCOVERY_DIFFERENCE,Old inferred reachability removed; explicit disposition remains required
ENTRYPOINT,scripts/validate_ib_market_intelligence.py:main,RETAINED_CANDIDATE,Exact source address retained; ownership links do not certify path semantics
ENTRYPOINT,scripts/winner_candidate_estimates.py:main,RETAINED_CANDIDATE,Exact source address retained; ownership links do not certify path semantics
ENTRYPOINT,scripts/winner_clean_reconstruction.py:main,RETAINED_CANDIDATE,Exact source address retained; ownership links do not certify path semantics
ENTRYPOINT,scripts/winner_estimate_publication.py:main,RETAINED_CANDIDATE,Exact source address retained; ownership links do not certify path semantics
ENTRYPOINT,scripts/winner_ib_request_scope_canary.py:main,RETAINED_CANDIDATE,Exact source address retained; ownership links do not certify path semantics
ENTRYPOINT,scripts/winner_market_data_recovery.py:main,RETAINED_CANDIDATE,Exact source address retained; ownership links do not certify path semantics
ENTRYPOINT,scripts/winner_maturation_canary.py:main,RETAINED_CANDIDATE,Exact source address retained; ownership links do not certify path semantics
ENTRYPOINT,scripts/winner_target_stop_scope_repair.py:main,RETAINED_CANDIDATE,Exact source address retained; ownership links do not certify path semantics
WRITER_SITE,app/routers/ceri_routes.py:review_ceri_event,RETAINED_CANDIDATE,Exact source address retained; ownership links do not certify path semantics
WRITER_SITE,app/routers/ib_market_intelligence_routes.py:exclude_fill,RETAINED_CANDIDATE,Exact source address retained; ownership links do not certify path semantics
WRITER_SITE,app/services/background_job_service.py:_apply_running_job_update,RETAINED_CANDIDATE,Exact source address retained; ownership links do not certify path semantics
WRITER_SITE,app/services/background_job_service.py:_enqueue_pre_migration_job,RETAINED_CANDIDATE,Exact source address retained; ownership links do not certify path semantics
WRITER_SITE,app/services/background_job_service.py:_interrupt_fenced_pipeline_steps,RETAINED_CANDIDATE,Exact source address retained; ownership links do not certify path semantics
WRITER_SITE,app/services/background_job_service.py:_queue_fanout_threshold_metric,RETAINED_CANDIDATE,Exact source address retained; ownership links do not certify path semantics
WRITER_SITE,app/services/background_job_service.py:_record_enqueue_attempt,RETAINED_CANDIDATE,Exact source address retained; ownership links do not certify path semantics
WRITER_SITE,app/services/background_job_service.py:_record_local_lease_loss,RETAINED_CANDIDATE,Exact source address retained; ownership links do not certify path semantics
WRITER_SITE,app/services/background_job_service.py:_recover_jobs,RETAINED_CANDIDATE,Exact source address retained; ownership links do not certify path semantics
WRITER_SITE,app/services/background_job_service.py:_update_fanout_summary,RETAINED_CANDIDATE,Exact source address retained; ownership links do not certify path semantics
WRITER_SITE,app/services/background_job_service.py:claim_next_job,RETAINED_CANDIDATE,Exact source address retained; ownership links do not certify path semantics
WRITER_SITE,app/services/background_job_service.py:enqueue_job,RETAINED_CANDIDATE,Exact source address retained; ownership links do not certify path semantics
WRITER_SITE,app/services/background_job_service.py:fence_jobs_for_worker,RETAINED_CANDIDATE,Exact source address retained; ownership links do not certify path semantics
WRITER_SITE,app/services/background_job_service.py:fence_stalled_jobs,RETAINED_CANDIDATE,Exact source address retained; ownership links do not certify path semantics
WRITER_SITE,app/services/background_job_service.py:mark_job_cancelled,RETAINED_CANDIDATE,Exact source address retained; ownership links do not certify path semantics
WRITER_SITE,app/services/background_job_service.py:prune_enqueue_attempt_evidence,RETAINED_CANDIDATE,Exact source address retained; ownership links do not certify path semantics
WRITER_SITE,app/services/background_job_service.py:record_coalesced_enqueue_attempt,RETAINED_CANDIDATE,Exact source address retained; ownership links do not certify path semantics
WRITER_SITE,app/services/background_job_service.py:record_job_progress,RETAINED_CANDIDATE,Exact source address retained; ownership links do not certify path semantics
WRITER_SITE,app/services/background_job_service.py:request_job_cancel,RETAINED_CANDIDATE,Exact source address retained; ownership links do not certify path semantics
WRITER_SITE,app/services/background_job_service.py:requeue_stalled_jobs,RETAINED_CANDIDATE,Exact source address retained; ownership links do not certify path semantics
WRITER_SITE,app/services/background_worker.py:_execute_worker_recovery_probe,RETAINED_CANDIDATE,Exact source address retained; ownership links do not certify path semantics
WRITER_SITE,app/services/background_worker.py:execute_job,RETAINED_CANDIDATE,Exact source address retained; ownership links do not certify path semantics
WRITER_SITE,app/services/bar_cache_service.py:cache_bars,RETAINED_CANDIDATE,Exact source address retained; ownership links do not certify path semantics
WRITER_SITE,app/services/ceri/alert_service.py:CeriAlertService._rule_for_change,RETAINED_CANDIDATE,Exact source address retained; ownership links do not certify path semantics
WRITER_SITE,app/services/ceri/alert_service.py:CeriAlertService.acknowledge,RETAINED_CANDIDATE,Exact source address retained; ownership links do not certify path semantics
WRITER_SITE,app/services/ceri/alert_service.py:CeriAlertService.dismiss,RETAINED_CANDIDATE,Exact source address retained; ownership links do not certify path semantics
WRITER_SITE,app/services/ceri/alert_service.py:CeriAlertService.persist_alert_for_change,RETAINED_CANDIDATE,Exact source address retained; ownership links do not certify path semantics
WRITER_SITE,app/services/ceri/backfill_service.py:CeriBackfillService.run,RETAINED_CANDIDATE,Exact source address retained; ownership links do not certify path semantics
WRITER_SITE,app/services/ceri/backlog_cleanup_service.py:apply_legacy_ceri_backlog_cleanup,RETAINED_CANDIDATE,Exact source address retained; ownership links do not certify path semantics
WRITER_SITE,app/services/ceri/batched_job_handlers.py:_save_checkpoint,RETAINED_CANDIDATE,Exact source address retained; ownership links do not certify path semantics
WRITER_SITE,app/services/ceri/batched_job_handlers.py:execute_feature_batch_job,RETAINED_CANDIDATE,Exact source address retained; ownership links do not certify path semantics
WRITER_SITE,app/services/ceri/batched_job_handlers.py:execute_normalize_batch_job,RETAINED_CANDIDATE,Exact source address retained; ownership links do not certify path semantics
WRITER_SITE,app/services/ceri/batched_job_handlers.py:execute_provider_ingest_batch_job,RETAINED_CANDIDATE,Exact source address retained; ownership links do not certify path semantics
WRITER_SITE,app/services/ceri/batched_workflow.py:_ensure_ceri_companies,RETAINED_CANDIDATE,Exact source address retained; ownership links do not certify path semantics
WRITER_SITE,app/services/ceri/change_detection_service.py:CeriChangeDetectionService._persist_change,RETAINED_CANDIDATE,Exact source address retained; ownership links do not certify path semantics
WRITER_SITE,app/services/ceri/controlled_replay_service.py:CeriControlledReplayService.replay,RETAINED_CANDIDATE,Exact source address retained; ownership links do not certify path semantics
WRITER_SITE,app/services/ceri/evidence_eligibility.py:append_evidence_dispositions,RETAINED_CANDIDATE,Exact source address retained; ownership links do not certify path semantics
WRITER_SITE,app/services/ceri/feature_rebuild_service.py:CeriFeatureRebuildService._persist_company,RETAINED_CANDIDATE,Exact source address retained; ownership links do not certify path semantics
WRITER_SITE,app/services/ceri/feature_rebuild_service.py:CeriFeatureRebuildService._rebuild_company,RETAINED_CANDIDATE,Exact source address retained; ownership links do not certify path semantics
WRITER_SITE,app/services/ceri/feature_rebuild_service.py:CeriFeatureRebuildService._upsert_derived,RETAINED_CANDIDATE,Exact source address retained; ownership links do not certify path semantics
WRITER_SITE,app/services/ceri/feature_rebuild_service.py:_copy_derived,RETAINED_CANDIDATE,Exact source address retained; ownership links do not certify path semantics
WRITER_SITE,app/services/ceri/feature_rebuild_service.py:_copy_price,RETAINED_CANDIDATE,Exact source address retained; ownership links do not certify path semantics
WRITER_SITE,app/services/ceri/feature_rebuild_service.py:_copy_revision_derived,RETAINED_CANDIDATE,Exact source address retained; ownership links do not certify path semantics
WRITER_SITE,app/services/ceri/feature_rebuild_service.py:_copy_state,RETAINED_CANDIDATE,Exact source address retained; ownership links do not certify path semantics
WRITER_SITE,app/services/ceri/feature_rebuild_service.py:_execute_upsert,RETAINED_CANDIDATE,Exact source address retained; ownership links do not certify path semantics
WRITER_SITE,app/services/ceri/guidance_normalizer.py:apply_guidance_eligibility,RETAINED_CANDIDATE,Exact source address retained; ownership links do not certify path semantics
WRITER_SITE,app/services/ceri/identity_resolver.py:CeriIdentityResolver.resolve_source_record,RETAINED_CANDIDATE,Exact source address retained; ownership links do not certify path semantics
WRITER_SITE,app/services/ceri/job_handlers.py:execute_backfill_job,RETAINED_CANDIDATE,Exact source address retained; ownership links do not certify path semantics
WRITER_SITE,app/services/ceri/job_handlers.py:execute_normalize_job,RETAINED_CANDIDATE,Exact source address retained; ownership links do not certify path semantics
WRITER_SITE,app/services/ceri/job_handlers.py:execute_provider_ingest_job,RETAINED_CANDIDATE,Exact source address retained; ownership links do not certify path semantics
WRITER_SITE,app/services/ceri/manual_review_service.py:CeriManualReviewService.create_catalyst_override,RETAINED_CANDIDATE,Exact source address retained; ownership links do not certify path semantics
WRITER_SITE,app/services/ceri/normalization_service.py:CeriNormalizationService._normalize_record,RETAINED_CANDIDATE,Exact source address retained; ownership links do not certify path semantics
WRITER_SITE,app/services/ceri/normalization_service.py:CeriNormalizationService.normalize,RETAINED_CANDIDATE,Exact source address retained; ownership links do not certify path semantics
WRITER_SITE,app/services/ceri/normalization_service.py:_persist_sec_identity,RETAINED_CANDIDATE,Exact source address retained; ownership links do not certify path semantics
WRITER_SITE,app/services/ceri/normalization_service.py:_update_processing_checkpoint,RETAINED_CANDIDATE,Exact source address retained; ownership links do not certify path semantics
WRITER_SITE,app/services/ceri/orchestration.py:_record_provider_telemetry,RETAINED_CANDIDATE,Exact source address retained; ownership links do not certify path semantics
WRITER_SITE,app/services/ceri/price_response_service.py:CeriPriceResponseService.persist,RETAINED_CANDIDATE,Exact source address retained; ownership links do not certify path semantics
WRITER_SITE,app/services/ceri/processing_run_service.py:CeriProcessingRunService.create_or_get,RETAINED_CANDIDATE,Exact source address retained; ownership links do not certify path semantics
WRITER_SITE,app/services/ceri/processing_run_service.py:CeriProcessingRunService.finish,RETAINED_CANDIDATE,Exact source address retained; ownership links do not certify path semantics
WRITER_SITE,app/services/ceri/purge_service.py:CeriPurgeService.execute,RETAINED_CANDIDATE,Exact source address retained; ownership links do not certify path semantics
WRITER_SITE,app/services/ceri/purge_service.py:CeriPurgeService.preview,RETAINED_CANDIDATE,Exact source address retained; ownership links do not certify path semantics
WRITER_SITE,app/services/ceri/purge_service.py:_apply_purge_lifecycle,RETAINED_CANDIDATE,Exact source address retained; ownership links do not certify path semantics
WRITER_SITE,app/services/ceri/revision_feature_service.py:CeriRevisionFeatureService.persist_feature,RETAINED_CANDIDATE,Exact source address retained; ownership links do not certify path semantics
WRITER_SITE,app/services/ceri/revision_feature_service.py:CeriRevisionFeatureService.with_acceleration,RETAINED_CANDIDATE,Exact source address retained; ownership links do not certify path semantics
WRITER_SITE,app/services/ceri/sec/identity_repair.py:resolve_and_persist_sec_identity,RETAINED_CANDIDATE,Exact source address retained; ownership links do not certify path semantics
WRITER_SITE,app/services/ceri/sec/incremental_ingestion.py:SecGuidanceIncrementalIngestionService._resolve_and_persist_cik,RETAINED_CANDIDATE,Exact source address retained; ownership links do not certify path semantics
WRITER_SITE,app/services/ceri/sec/processor_lifecycle.py:certify_processor,RETAINED_CANDIDATE,Exact source address retained; ownership links do not certify path semantics
WRITER_SITE,app/services/ceri/sec/processor_lifecycle.py:promote_processor,RETAINED_CANDIDATE,Exact source address retained; ownership links do not certify path semantics
WRITER_SITE,app/services/ceri/sec/processor_lifecycle.py:register_deployed_processor,RETAINED_CANDIDATE,Exact source address retained; ownership links do not certify path semantics
WRITER_SITE,app/services/ceri/sec/readiness_repair.py:_guard_cancel,RETAINED_CANDIDATE,Exact source address retained; ownership links do not certify path semantics
WRITER_SITE,app/services/ceri/sec/readiness_repair.py:_mark_pipeline_unresolved,RETAINED_CANDIDATE,Exact source address retained; ownership links do not certify path semantics
WRITER_SITE,app/services/ceri/sec/readiness_repair.py:_reset_pipeline_step,RETAINED_CANDIDATE,Exact source address retained; ownership links do not certify path semantics
WRITER_SITE,app/services/ceri/sec/readiness_repair.py:_update_progress,RETAINED_CANDIDATE,Exact source address retained; ownership links do not certify path semantics
WRITER_SITE,app/services/ceri/sec/readiness_repair.py:mark_sec_repair_failure,RETAINED_CANDIDATE,Exact source address retained; ownership links do not certify path semantics
WRITER_SITE,app/services/ceri/sec/readiness_repair.py:schedule_sec_readiness_repair,RETAINED_CANDIDATE,Exact source address retained; ownership links do not certify path semantics
WRITER_SITE,app/services/ceri/sec/state_service.py:SecDocumentStateService._finish_unsuccessful,RETAINED_CANDIDATE,Exact source address retained; ownership links do not certify path semantics
WRITER_SITE,app/services/ceri/sec/state_service.py:SecDocumentStateService.certify_bootstrap,RETAINED_CANDIDATE,Exact source address retained; ownership links do not certify path semantics
WRITER_SITE,app/services/ceri/sec/state_service.py:SecDocumentStateService.claim,RETAINED_CANDIDATE,Exact source address retained; ownership links do not certify path semantics
WRITER_SITE,app/services/ceri/sec/state_service.py:SecDocumentStateService.complete,RETAINED_CANDIDATE,Exact source address retained; ownership links do not certify path semantics
WRITER_SITE,app/services/ceri/sec/state_service.py:SecDocumentStateService.heartbeat,RETAINED_CANDIDATE,Exact source address retained; ownership links do not certify path semantics
WRITER_SITE,app/services/ceri/sec/state_service.py:SecDocumentStateService.record_downloaded_content,RETAINED_CANDIDATE,Exact source address retained; ownership links do not certify path semantics
WRITER_SITE,app/services/ceri/sec/state_service.py:SecDocumentStateService.register_document,RETAINED_CANDIDATE,Exact source address retained; ownership links do not certify path semantics
WRITER_SITE,app/services/ceri/snapshot_service.py:CeriSnapshotService.persist_snapshot,RETAINED_CANDIDATE,Exact source address retained; ownership links do not certify path semantics
WRITER_SITE,app/services/ceri/source_record_service.py:CeriSourceRecordService.create_ingestion_run,RETAINED_CANDIDATE,Exact source address retained; ownership links do not certify path semantics
WRITER_SITE,app/services/ceri/source_record_service.py:CeriSourceRecordService.finish_ingestion_run,RETAINED_CANDIDATE,Exact source address retained; ownership links do not certify path semantics
WRITER_SITE,app/services/ceri/source_record_service.py:CeriSourceRecordService.store_source_record,RETAINED_CANDIDATE,Exact source address retained; ownership links do not certify path semantics
WRITER_SITE,app/services/ceri/surprise_feature_service.py:CeriSurpriseFeatureService.attach_consensus_snapshot,RETAINED_CANDIDATE,Exact source address retained; ownership links do not certify path semantics
WRITER_SITE,app/services/cleanup_service.py:cleanup_rebuildable_artifacts,RETAINED_CANDIDATE,Exact source address retained; ownership links do not certify path semantics
WRITER_SITE,app/services/combined_decision.py:refresh_combined_results,RETAINED_CANDIDATE,Exact source address retained; ownership links do not certify path semantics
WRITER_SITE,app/services/configuration_delivery.py:bind_job_configuration,RETAINED_CANDIDATE,Exact source address retained; ownership links do not certify path semantics
WRITER_SITE,app/services/configuration_delivery.py:bind_winner_generation_configuration,RETAINED_CANDIDATE,Exact source address retained; ownership links do not certify path semantics
WRITER_SITE,app/services/configuration_delivery.py:persist_configuration_anchor,RETAINED_CANDIDATE,Exact source address retained; ownership links do not certify path semantics
WRITER_SITE,app/services/core_calculation_evidence.py:_advance_current_projection,RETAINED_CANDIDATE,Exact source address retained; ownership links do not certify path semantics
WRITER_SITE,app/services/core_calculation_evidence.py:persist_core_evidence,RETAINED_CANDIDATE,Exact source address retained; ownership links do not certify path semantics
WRITER_SITE,app/services/fundamental_score_service.py:recalculate_run_fundamentals,RETAINED_CANDIDATE,Exact source address retained; ownership links do not certify path semantics
WRITER_SITE,app/services/ib_contract_resolver.py:_clear_contract_identity,RETAINED_CANDIDATE,Exact source address retained; ownership links do not certify path semantics
WRITER_SITE,app/services/ib_contract_resolver.py:_mark_ambiguous,RETAINED_CANDIDATE,Exact source address retained; ownership links do not certify path semantics
WRITER_SITE,app/services/ib_contract_resolver.py:_mark_failed,RETAINED_CANDIDATE,Exact source address retained; ownership links do not certify path semantics
WRITER_SITE,app/services/ib_contract_resolver.py:resolve_us_stock_contract,RETAINED_CANDIDATE,Exact source address retained; ownership links do not certify path semantics
WRITER_SITE,app/services/ib_fetch_executor.py:_execute_plan_item,RETAINED_CANDIDATE,Exact source address retained; ownership links do not certify path semantics
WRITER_SITE,app/services/ib_fetch_executor.py:_increment_run_totals,RETAINED_CANDIDATE,Exact source address retained; ownership links do not certify path semantics
WRITER_SITE,app/services/ib_fetch_executor.py:_mark_failed,RETAINED_CANDIDATE,Exact source address retained; ownership links do not certify path semantics
WRITER_SITE,app/services/ib_fetch_executor.py:_mark_run_cancelled,RETAINED_CANDIDATE,Exact source address retained; ownership links do not certify path semantics
WRITER_SITE,app/services/ib_fetch_executor.py:_mark_skipped,RETAINED_CANDIDATE,Exact source address retained; ownership links do not certify path semantics
WRITER_SITE,app/services/ib_fetch_executor.py:_open_historical_circuit,RETAINED_CANDIDATE,Exact source address retained; ownership links do not certify path semantics
WRITER_SITE,app/services/ib_fetch_executor.py:_refresh_run_totals,RETAINED_CANDIDATE,Exact source address retained; ownership links do not certify path semantics
WRITER_SITE,app/services/ib_fetch_executor.py:_reset_interrupted_item,RETAINED_CANDIDATE,Exact source address retained; ownership links do not certify path semantics
WRITER_SITE,app/services/ib_fetch_executor.py:_start_fetch_run,RETAINED_CANDIDATE,Exact source address retained; ownership links do not certify path semantics
WRITER_SITE,app/services/ib_fetch_executor.py:execute_fetch_plan,RETAINED_CANDIDATE,Exact source address retained; ownership links do not certify path semantics
WRITER_SITE,app/services/ib_fetch_job_service.py:cancel_fetch_job,RETAINED_CANDIDATE,Exact source address retained; ownership links do not certify path semantics
WRITER_SITE,app/services/ib_fetch_job_service.py:create_queued_fetch_run,RETAINED_CANDIDATE,Exact source address retained; ownership links do not certify path semantics
WRITER_SITE,app/services/ib_fetch_recovery_service.py:apply_interrupted_canary_finalization,RETAINED_CANDIDATE,Exact source address retained; ownership links do not certify path semantics
WRITER_SITE,app/services/ib_fetch_summary_service.py:create_ib_fetch_run,RETAINED_CANDIDATE,Exact source address retained; ownership links do not certify path semantics
WRITER_SITE,app/services/ib_fetch_summary_service.py:fail_ib_fetch_run,RETAINED_CANDIDATE,Exact source address retained; ownership links do not certify path semantics
WRITER_SITE,app/services/ib_market_intelligence/flex.py:import_flex_report,RETAINED_CANDIDATE,Exact source address retained; ownership links do not certify path semantics
WRITER_SITE,app/services/ib_market_intelligence/journal.py:match_episode_to_research,RETAINED_CANDIDATE,Exact source address retained; ownership links do not certify path semantics
WRITER_SITE,app/services/ib_market_intelligence/journal.py:rebuild_trade_episodes,RETAINED_CANDIDATE,Exact source address retained; ownership links do not certify path semantics
WRITER_SITE,app/services/ib_market_intelligence/orchestration.py:_checkpoint,RETAINED_CANDIDATE,Exact source address retained; ownership links do not certify path semantics
WRITER_SITE,app/services/ib_market_intelligence/orchestration.py:_finish_request_item,RETAINED_CANDIDATE,Exact source address retained; ownership links do not certify path semantics
WRITER_SITE,app/services/ib_market_intelligence/orchestration.py:_finish_run,RETAINED_CANDIDATE,Exact source address retained; ownership links do not certify path semantics
WRITER_SITE,app/services/ib_market_intelligence/orchestration.py:_start_request_item,RETAINED_CANDIDATE,Exact source address retained; ownership links do not certify path semantics
WRITER_SITE,app/services/ib_market_intelligence/orchestration.py:_start_run,RETAINED_CANDIDATE,Exact source address retained; ownership links do not certify path semantics
WRITER_SITE,app/services/ib_market_intelligence/orchestration.py:execute_flex_import,RETAINED_CANDIDATE,Exact source address retained; ownership links do not certify path semantics
WRITER_SITE,app/services/ib_market_intelligence/orchestration.py:execute_histogram_fetch,RETAINED_CANDIDATE,Exact source address retained; ownership links do not certify path semantics
WRITER_SITE,app/services/ib_market_intelligence/orchestration.py:execute_historical_refresh,RETAINED_CANDIDATE,Exact source address retained; ownership links do not certify path semantics
WRITER_SITE,app/services/ib_market_intelligence/orchestration.py:execute_live_snapshot,RETAINED_CANDIDATE,Exact source address retained; ownership links do not certify path semantics
WRITER_SITE,app/services/ib_market_intelligence/orchestration.py:execute_scanner_run,RETAINED_CANDIDATE,Exact source address retained; ownership links do not certify path semantics
WRITER_SITE,app/services/ib_market_intelligence/repository.py:persist_feature,RETAINED_CANDIDATE,Exact source address retained; ownership links do not certify path semantics
WRITER_SITE,app/services/ib_market_intelligence/repository.py:persist_historical_metric_bar,RETAINED_CANDIDATE,Exact source address retained; ownership links do not certify path semantics
WRITER_SITE,app/services/ib_market_intelligence/repository.py:persist_live_snapshot,RETAINED_CANDIDATE,Exact source address retained; ownership links do not certify path semantics
WRITER_SITE,app/services/lifecycle_quiesce.py:request_worker_quiesce,RETAINED_CANDIDATE,Exact source address retained; ownership links do not certify path semantics
WRITER_SITE,app/services/lifecycle_quiesce.py:resume_worker_claims,RETAINED_CANDIDATE,Exact source address retained; ownership links do not certify path semantics
WRITER_SITE,app/services/market_calculation_context_service.py:attach_reserved_market_context,RETAINED_CANDIDATE,Exact source address retained; ownership links do not certify path semantics
WRITER_SITE,app/services/market_calculation_context_service.py:create_pipeline_market_context,RETAINED_CANDIDATE,Exact source address retained; ownership links do not certify path semantics
WRITER_SITE,app/services/market_calculation_context_service.py:reserve_preflight_market_context,RETAINED_CANDIDATE,Exact source address retained; ownership links do not certify path semantics
WRITER_SITE,app/services/market_data_prewarm_service.py:_prepare_preempted_job_for_resume,RETAINED_CANDIDATE,Exact source address retained; ownership links do not certify path semantics
WRITER_SITE,app/services/market_data_prewarm_service.py:execute_market_data_prewarm,RETAINED_CANDIDATE,Exact source address retained; ownership links do not certify path semantics
WRITER_SITE,app/services/market_data_prewarm_service.py:record_pipeline_prewarm_reuse,RETAINED_CANDIDATE,Exact source address retained; ownership links do not certify path semantics
WRITER_SITE,app/services/market_data_prewarm_service.py:request_active_prewarm_preemption,RETAINED_CANDIDATE,Exact source address retained; ownership links do not certify path semantics
WRITER_SITE,app/services/market_regime_repository.py:MarketRegimeRepository._apply_snapshot_fields,RETAINED_CANDIDATE,Exact source address retained; ownership links do not certify path semantics
WRITER_SITE,app/services/market_regime_repository.py:MarketRegimeRepository._supersede_previous_revision,RETAINED_CANDIDATE,Exact source address retained; ownership links do not certify path semantics
WRITER_SITE,app/services/market_regime_repository.py:MarketRegimeRepository.delete_for_run,RETAINED_CANDIDATE,Exact source address retained; ownership links do not certify path semantics
WRITER_SITE,app/services/market_regime_repository.py:MarketRegimeRepository.upsert_snapshot,RETAINED_CANDIDATE,Exact source address retained; ownership links do not certify path semantics
WRITER_SITE,app/services/pipeline_executor.py:_apply_winner_step_outcome,RETAINED_CANDIDATE,Exact source address retained; ownership links do not certify path semantics
WRITER_SITE,app/services/pipeline_executor.py:_archive_pipeline_step_attempt,RETAINED_CANDIDATE,Exact source address retained; ownership links do not certify path semantics
WRITER_SITE,app/services/pipeline_executor.py:_cancel_unfinished_steps,RETAINED_CANDIDATE,Exact source address retained; ownership links do not certify path semantics
WRITER_SITE,app/services/pipeline_executor.py:_interrupt_superseded_running_steps,RETAINED_CANDIDATE,Exact source address retained; ownership links do not certify path semantics
WRITER_SITE,app/services/pipeline_executor.py:_mark_pipeline_blocked,RETAINED_CANDIDATE,Exact source address retained; ownership links do not certify path semantics
WRITER_SITE,app/services/pipeline_executor.py:_mark_pipeline_cancelled,RETAINED_CANDIDATE,Exact source address retained; ownership links do not certify path semantics
WRITER_SITE,app/services/pipeline_executor.py:_mark_pipeline_failed,RETAINED_CANDIDATE,Exact source address retained; ownership links do not certify path semantics
WRITER_SITE,app/services/pipeline_executor.py:_mark_pipeline_finished,RETAINED_CANDIDATE,Exact source address retained; ownership links do not certify path semantics
WRITER_SITE,app/services/pipeline_executor.py:_mark_pipeline_running,RETAINED_CANDIDATE,Exact source address retained; ownership links do not certify path semantics
WRITER_SITE,app/services/pipeline_executor.py:_pipeline_step,RETAINED_CANDIDATE,Exact source address retained; ownership links do not certify path semantics
WRITER_SITE,app/services/pipeline_executor.py:_schedule_ceri_provider_ingest,RETAINED_CANDIDATE,Exact source address retained; ownership links do not certify path semantics
WRITER_SITE,app/services/pipeline_executor.py:_schedule_sec_prerequisite_repair,RETAINED_CANDIDATE,Exact source address retained; ownership links do not certify path semantics
WRITER_SITE,app/services/pipeline_executor.py:execute_full_pipeline,RETAINED_CANDIDATE,Exact source address retained; ownership links do not certify path semantics
WRITER_SITE,app/services/pipeline_service.py:_cancel_pending_steps,RETAINED_CANDIDATE,Exact source address retained; ownership links do not certify path semantics
WRITER_SITE,app/services/pipeline_service.py:cancel_pipeline,RETAINED_CANDIDATE,Exact source address retained; ownership links do not certify path semantics
WRITER_SITE,app/services/pipeline_service.py:enqueue_pipeline_after_sec_repair,RETAINED_CANDIDATE,Exact source address retained; ownership links do not certify path semantics
WRITER_SITE,app/services/pipeline_service.py:mark_pipeline_job_failure,RETAINED_CANDIDATE,Exact source address retained; ownership links do not certify path semantics
WRITER_SITE,app/services/pipeline_service.py:resume_pipeline,RETAINED_CANDIDATE,Exact source address retained; ownership links do not certify path semantics
WRITER_SITE,app/services/pipeline_service.py:start_pipeline,RETAINED_CANDIDATE,Exact source address retained; ownership links do not certify path semantics
WRITER_SITE,app/services/price_series_version_service.py:maintain_price_series_versions,RETAINED_CANDIDATE,Exact source address retained; ownership links do not certify path semantics
WRITER_SITE,app/services/ranking_profile_service.py:_copy_ranking_values,RETAINED_CANDIDATE,Exact source address retained; ownership links do not certify path semantics
WRITER_SITE,app/services/ranking_profile_service.py:_persist_rankings,RETAINED_CANDIDATE,Exact source address retained; ownership links do not certify path semantics
WRITER_SITE,app/services/ranking_profile_service.py:_replace_legacy_ranking,RETAINED_CANDIDATE,Exact source address retained; ownership links do not certify path semantics
WRITER_SITE,app/services/sector_rotation_repository.py:SectorRotationRepository._apply_snapshot_fields,RETAINED_CANDIDATE,Exact source address retained; ownership links do not certify path semantics
WRITER_SITE,app/services/sector_rotation_repository.py:SectorRotationRepository._supersede_previous_revision,RETAINED_CANDIDATE,Exact source address retained; ownership links do not certify path semantics
WRITER_SITE,app/services/sector_rotation_repository.py:SectorRotationRepository.save_snapshot,RETAINED_CANDIDATE,Exact source address retained; ownership links do not certify path semantics
WRITER_SITE,app/services/setup_lifecycle/alert_service.py:SetupLifecycleAlertService.seed_builtin_rules,RETAINED_CANDIDATE,Exact source address retained; ownership links do not certify path semantics
WRITER_SITE,app/services/setup_lifecycle/decision_evidence.py:persist_alert_decision_evidence,RETAINED_CANDIDATE,Exact source address retained; ownership links do not certify path semantics
WRITER_SITE,app/services/setup_lifecycle/decision_evidence.py:persist_alert_rule_evidence,RETAINED_CANDIDATE,Exact source address retained; ownership links do not certify path semantics
WRITER_SITE,app/services/setup_lifecycle/decision_evidence.py:persist_lifecycle_evaluation_evidence,RETAINED_CANDIDATE,Exact source address retained; ownership links do not certify path semantics
WRITER_SITE,app/services/setup_lifecycle/decision_evidence.py:persist_lifecycle_transition_evidence,RETAINED_CANDIDATE,Exact source address retained; ownership links do not certify path semantics
WRITER_SITE,app/services/setup_lifecycle/decision_evidence.py:persist_observation_gap_evaluation_evidence,RETAINED_CANDIDATE,Exact source address retained; ownership links do not certify path semantics
WRITER_SITE,app/services/setup_lifecycle/episode_service.py:SetupLifecycleEpisodeService._apply_snapshot_denormalization,RETAINED_CANDIDATE,Exact source address retained; ownership links do not certify path semantics
WRITER_SITE,app/services/setup_lifecycle/episode_service.py:SetupLifecycleEpisodeService._close_episode,RETAINED_CANDIDATE,Exact source address retained; ownership links do not certify path semantics
WRITER_SITE,app/services/setup_lifecycle/episode_service.py:SetupLifecycleEpisodeService._maybe_open_episode,RETAINED_CANDIDATE,Exact source address retained; ownership links do not certify path semantics
WRITER_SITE,app/services/setup_lifecycle/episode_service.py:SetupLifecycleEpisodeService._update_episode,RETAINED_CANDIDATE,Exact source address retained; ownership links do not certify path semantics
WRITER_SITE,app/services/setup_lifecycle/episode_service.py:SetupLifecycleEpisodeService.refresh_primary_status,RETAINED_CANDIDATE,Exact source address retained; ownership links do not certify path semantics
WRITER_SITE,app/services/setup_lifecycle/episode_service.py:SetupLifecycleEpisodeService.refresh_primary_statuses,RETAINED_CANDIDATE,Exact source address retained; ownership links do not certify path semantics
WRITER_SITE,app/services/setup_lifecycle/job_handlers.py:execute_daily_maintenance_job,RETAINED_CANDIDATE,Exact source address retained; ownership links do not certify path semantics
WRITER_SITE,app/services/setup_lifecycle/job_handlers.py:execute_evaluate_run_job,RETAINED_CANDIDATE,Exact source address retained; ownership links do not certify path semantics
WRITER_SITE,app/services/setup_lifecycle/repository.py:SetupLifecycleRepository._apply_snapshot_fields,RETAINED_CANDIDATE,Exact source address retained; ownership links do not certify path semantics
WRITER_SITE,app/services/setup_lifecycle/repository.py:SetupLifecycleRepository._delete_selected,RETAINED_CANDIDATE,Exact source address retained; ownership links do not certify path semantics
WRITER_SITE,app/services/setup_lifecycle/repository.py:SetupLifecycleRepository.add,RETAINED_CANDIDATE,Exact source address retained; ownership links do not certify path semantics
WRITER_SITE,app/services/setup_lifecycle/repository.py:SetupLifecycleRepository.add_alert_event,RETAINED_CANDIDATE,Exact source address retained; ownership links do not certify path semantics
WRITER_SITE,app/services/setup_lifecycle/repository.py:SetupLifecycleRepository.add_lifecycle_event,RETAINED_CANDIDATE,Exact source address retained; ownership links do not certify path semantics
WRITER_SITE,app/services/setup_lifecycle/repository.py:SetupLifecycleRepository.add_lifecycle_events,RETAINED_CANDIDATE,Exact source address retained; ownership links do not certify path semantics
WRITER_SITE,app/services/setup_lifecycle/repository.py:SetupLifecycleRepository.add_new_lifecycle_event,RETAINED_CANDIDATE,Exact source address retained; ownership links do not certify path semantics
WRITER_SITE,app/services/setup_lifecycle/repository.py:SetupLifecycleRepository.add_signal_change_event,RETAINED_CANDIDATE,Exact source address retained; ownership links do not certify path semantics
WRITER_SITE,app/services/setup_lifecycle/repository.py:SetupLifecycleRepository.advance_canonical_selection,RETAINED_CANDIDATE,Exact source address retained; ownership links do not certify path semantics
WRITER_SITE,app/services/setup_lifecycle/repository.py:SetupLifecycleRepository.advance_canonical_selections,RETAINED_CANDIDATE,Exact source address retained; ownership links do not certify path semantics
WRITER_SITE,app/services/setup_lifecycle/repository.py:SetupLifecycleRepository.apply_evaluation_counts,RETAINED_CANDIDATE,Exact source address retained; ownership links do not certify path semantics
WRITER_SITE,app/services/setup_lifecycle/repository.py:SetupLifecycleRepository.complete_evaluation_run,RETAINED_CANDIDATE,Exact source address retained; ownership links do not certify path semantics
WRITER_SITE,app/services/setup_lifecycle/repository.py:SetupLifecycleRepository.create_evaluation_run,RETAINED_CANDIDATE,Exact source address retained; ownership links do not certify path semantics
WRITER_SITE,app/services/setup_lifecycle/repository.py:SetupLifecycleRepository.heartbeat_evaluation_run,RETAINED_CANDIDATE,Exact source address retained; ownership links do not certify path semantics
WRITER_SITE,app/services/setup_lifecycle/repository.py:SetupLifecycleRepository.record_snapshot_canonical_decision,RETAINED_CANDIDATE,Exact source address retained; ownership links do not certify path semantics
WRITER_SITE,app/services/setup_lifecycle/repository.py:SetupLifecycleRepository.record_snapshot_canonical_decisions,RETAINED_CANDIDATE,Exact source address retained; ownership links do not certify path semantics
WRITER_SITE,app/services/setup_lifecycle/repository.py:SetupLifecycleRepository.supersede_prior_current_events,RETAINED_CANDIDATE,Exact source address retained; ownership links do not certify path semantics
WRITER_SITE,app/services/setup_lifecycle/repository.py:SetupLifecycleRepository.upsert_alert_rule,RETAINED_CANDIDATE,Exact source address retained; ownership links do not certify path semantics
WRITER_SITE,app/services/setup_lifecycle/repository.py:SetupLifecycleRepository.upsert_snapshot,RETAINED_CANDIDATE,Exact source address retained; ownership links do not certify path semantics
WRITER_SITE,app/services/setup_lifecycle/repository.py:SetupLifecycleRepository.upsert_snapshots,RETAINED_CANDIDATE,Exact source address retained; ownership links do not certify path semantics
WRITER_SITE,app/services/setup_lifecycle/repository.py:SetupLifecycleRepository.write_admin_audit_event,RETAINED_CANDIDATE,Exact source address retained; ownership links do not certify path semantics
WRITER_SITE,app/services/supervisor_registry.py:acquire_supervisor,RETAINED_CANDIDATE,Exact source address retained; ownership links do not certify path semantics
WRITER_SITE,app/services/supervisor_registry.py:heartbeat_supervisor,RETAINED_CANDIDATE,Exact source address retained; ownership links do not certify path semantics
WRITER_SITE,app/services/supervisor_registry.py:release_supervisor,RETAINED_CANDIDATE,Exact source address retained; ownership links do not certify path semantics
WRITER_SITE,app/services/technical_artifact_cache.py:get_local_artifact,RETAINED_CANDIDATE,Exact source address retained; ownership links do not certify path semantics
WRITER_SITE,app/services/technical_artifact_cache.py:record_local_artifact_shadow_validation,RETAINED_CANDIDATE,Exact source address retained; ownership links do not certify path semantics
WRITER_SITE,app/services/technical_artifact_cache.py:upsert_local_artifact,RETAINED_CANDIDATE,Exact source address retained; ownership links do not certify path semantics
WRITER_SITE,app/services/technical_score_service.py:finalize_technical_scores,RETAINED_CANDIDATE,Exact source address retained; ownership links do not certify path semantics
WRITER_SITE,app/services/transition_preflight_plan_service.py:_create_pipeline_decision_handoff_plan,RETAINED_CANDIDATE,Exact source address retained; ownership links do not certify path semantics
WRITER_SITE,app/services/transition_preflight_plan_service.py:cancel_transition_preflight,RETAINED_CANDIDATE,Exact source address retained; ownership links do not certify path semantics
WRITER_SITE,app/services/transition_preflight_plan_service.py:create_transition_preflight_plan,RETAINED_CANDIDATE,Exact source address retained; ownership links do not certify path semantics
WRITER_SITE,app/services/transition_preflight_plan_service.py:expire_abandoned_preflights,RETAINED_CANDIDATE,Exact source address retained; ownership links do not certify path semantics
WRITER_SITE,app/services/transition_preflight_plan_service.py:freeze_transition_decision_handoff_manifest,RETAINED_CANDIDATE,Exact source address retained; ownership links do not certify path semantics
WRITER_SITE,app/services/upload_service.py:create_upload_run,RETAINED_CANDIDATE,Exact source address retained; ownership links do not certify path semantics
WRITER_SITE,app/services/winner_probability/calibration_service.py:CalibrationService.persist_bins,RETAINED_CANDIDATE,Exact source address retained; ownership links do not certify path semantics
WRITER_SITE,app/services/winner_probability/capture_service.py:WinnerPredictionCaptureService._capture_ticker,RETAINED_CANDIDATE,Exact source address retained; ownership links do not certify path semantics
WRITER_SITE,app/services/winner_probability/cohort_definition.py:CohortDefinitionService.ensure_definition,RETAINED_CANDIDATE,Exact source address retained; ownership links do not certify path semantics
WRITER_SITE,app/services/winner_probability/cohort_generation_service.py:CohortGenerationService._activate_locked,RETAINED_CANDIDATE,Exact source address retained; ownership links do not certify path semantics
WRITER_SITE,app/services/winner_probability/cohort_generation_service.py:CohortGenerationService.capture_or_resume,RETAINED_CANDIDATE,Exact source address retained; ownership links do not certify path semantics
WRITER_SITE,app/services/winner_probability/cohort_generation_service.py:EvidenceWatermarkService._locked_state,RETAINED_CANDIDATE,Exact source address retained; ownership links do not certify path semantics
WRITER_SITE,app/services/winner_probability/cohort_materialization_service.py:CohortMaterializationService._cancel,RETAINED_CANDIDATE,Exact source address retained; ownership links do not certify path semantics
WRITER_SITE,app/services/winner_probability/cohort_materialization_service.py:CohortMaterializationService.materialize_slice,RETAINED_CANDIDATE,Exact source address retained; ownership links do not certify path semantics
WRITER_SITE,app/services/winner_probability/drift_service.py:DriftService.persist_metrics,RETAINED_CANDIDATE,Exact source address retained; ownership links do not certify path semantics
WRITER_SITE,app/services/winner_probability/episode_service.py:WinnerEpisodeService.assign_episode,RETAINED_CANDIDATE,Exact source address retained; ownership links do not certify path semantics
WRITER_SITE,app/services/winner_probability/estimate_publication_service.py:WinnerEstimatePublicationService.publish,RETAINED_CANDIDATE,Exact source address retained; ownership links do not certify path semantics
WRITER_SITE,app/services/winner_probability/evidence_manifest_service.py:EvidenceManifestService.create_or_get_manifest,RETAINED_CANDIDATE,Exact source address retained; ownership links do not certify path semantics
WRITER_SITE,app/services/winner_probability/evidence_manifest_service.py:EvidenceManifestService.persist_manifest_members,RETAINED_CANDIDATE,Exact source address retained; ownership links do not certify path semantics
WRITER_SITE,app/services/winner_probability/evidence_manifest_service.py:EvidenceManifestService.persist_members,RETAINED_CANDIDATE,Exact source address retained; ownership links do not certify path semantics
WRITER_SITE,app/services/winner_probability/job_handlers.py:_finish_processing_run,RETAINED_CANDIDATE,Exact source address retained; ownership links do not certify path semantics
WRITER_SITE,app/services/winner_probability/job_handlers.py:_start_processing_run,RETAINED_CANDIDATE,Exact source address retained; ownership links do not certify path semantics
WRITER_SITE,app/services/winner_probability/job_handlers.py:enqueue_outcome_maturation_workflow,RETAINED_CANDIDATE,Exact source address retained; ownership links do not certify path semantics
WRITER_SITE,app/services/winner_probability/job_handlers.py:execute_cohort_refresh_job,RETAINED_CANDIDATE,Exact source address retained; ownership links do not certify path semantics
WRITER_SITE,app/services/winner_probability/job_handlers.py:execute_historical_backfill_job,RETAINED_CANDIDATE,Exact source address retained; ownership links do not certify path semantics
WRITER_SITE,app/services/winner_probability/job_handlers.py:execute_latest_rescore_job,RETAINED_CANDIDATE,Exact source address retained; ownership links do not certify path semantics
WRITER_SITE,app/services/winner_probability/job_handlers.py:execute_outcome_maturation_job,RETAINED_CANDIDATE,Exact source address retained; ownership links do not certify path semantics
WRITER_SITE,app/services/winner_probability/job_handlers.py:execute_prediction_capture_job,RETAINED_CANDIDATE,Exact source address retained; ownership links do not certify path semantics
WRITER_SITE,app/services/winner_probability/market_data_obligation_service.py:MarketDataObligationService.ensure_for_outcomes,RETAINED_CANDIDATE,Exact source address retained; ownership links do not certify path semantics
WRITER_SITE,app/services/winner_probability/market_data_obligation_service.py:MarketDataObligationService.evaluate,RETAINED_CANDIDATE,Exact source address retained; ownership links do not certify path semantics
WRITER_SITE,app/services/winner_probability/market_data_obligation_service.py:MarketDataObligationService.record_fetch_results,RETAINED_CANDIDATE,Exact source address retained; ownership links do not certify path semantics
WRITER_SITE,app/services/winner_probability/maturation_canary_service.py:execute_reviewed_maturation_canary,RETAINED_CANDIDATE,Exact source address retained; ownership links do not certify path semantics
WRITER_SITE,app/services/winner_probability/model_registry.py:ModelRegistry._record_event,RETAINED_CANDIDATE,Exact source address retained; ownership links do not certify path semantics
WRITER_SITE,app/services/winner_probability/model_registry.py:ModelRegistry._retire_active_replaced_models,RETAINED_CANDIDATE,Exact source address retained; ownership links do not certify path semantics
WRITER_SITE,app/services/winner_probability/model_registry.py:ModelRegistry.register_model,RETAINED_CANDIDATE,Exact source address retained; ownership links do not certify path semantics
WRITER_SITE,app/services/winner_probability/model_training.py:ShadowModelTrainingService.persist_training_run,RETAINED_CANDIDATE,Exact source address retained; ownership links do not certify path semantics
WRITER_SITE,app/services/winner_probability/outcome_revision_service.py:OutcomeRevisionService.upsert_forward_revision,RETAINED_CANDIDATE,Exact source address retained; ownership links do not certify path semantics
WRITER_SITE,app/services/winner_probability/outcome_revision_service.py:OutcomeRevisionService.upsert_target_stop_revision,RETAINED_CANDIDATE,Exact source address retained; ownership links do not certify path semantics
WRITER_SITE,app/services/winner_probability/outcome_service.py:OutcomeMaturationService._calculate_forward,RETAINED_CANDIDATE,Exact source address retained; ownership links do not certify path semantics
WRITER_SITE,app/services/winner_probability/outcome_service.py:OutcomeMaturationService.process_forward_outcome,RETAINED_CANDIDATE,Exact source address retained; ownership links do not certify path semantics
WRITER_SITE,app/services/winner_probability/outcome_service.py:_mark_excluded,RETAINED_CANDIDATE,Exact source address retained; ownership links do not certify path semantics
WRITER_SITE,app/services/winner_probability/outcome_service.py:_mark_pending,RETAINED_CANDIDATE,Exact source address retained; ownership links do not certify path semantics
WRITER_SITE,app/services/winner_probability/pending_outcome_service.py:PendingOutcomeService._ensure_forward_outcome,RETAINED_CANDIDATE,Exact source address retained; ownership links do not certify path semantics
WRITER_SITE,app/services/winner_probability/pending_outcome_service.py:PendingOutcomeService._ensure_outcome_definition,RETAINED_CANDIDATE,Exact source address retained; ownership links do not certify path semantics
WRITER_SITE,app/services/winner_probability/pending_outcome_service.py:PendingOutcomeService._ensure_target_stop_outcome,RETAINED_CANDIDATE,Exact source address retained; ownership links do not certify path semantics
WRITER_SITE,app/services/winner_probability/pre11_activation_service.py:Pre11L5ActivationService.activate,RETAINED_CANDIDATE,Exact source address retained; ownership links do not certify path semantics
WRITER_SITE,app/services/winner_probability/pre11_compatibility_service.py:Pre11CompatibilityWriteService.persist_decisions_and_replays,RETAINED_CANDIDATE,Exact source address retained; ownership links do not certify path semantics
WRITER_SITE,app/services/winner_probability/probability_estimator.py:ProbabilityEstimator._create_estimate,RETAINED_CANDIDATE,Exact source address retained; ownership links do not certify path semantics
WRITER_SITE,app/services/winner_probability/probability_estimator.py:ProbabilityEstimator._materialize_cohort_statistic,RETAINED_CANDIDATE,Exact source address retained; ownership links do not certify path semantics
WRITER_SITE,app/services/winner_probability/probability_estimator.py:ProbabilityEstimator._persist_insufficient,RETAINED_CANDIDATE,Exact source address retained; ownership links do not certify path semantics
WRITER_SITE,app/services/winner_probability/probability_estimator.py:ProbabilityEstimator.create_latest_rescore_from_generation,RETAINED_CANDIDATE,Exact source address retained; ownership links do not certify path semantics
WRITER_SITE,app/services/winner_probability/repository.py:WinnerProbabilityRepository.add,RETAINED_CANDIDATE,Exact source address retained; ownership links do not certify path semantics
WRITER_SITE,app/services/winner_probability/similarity_service.py:SimilarityService.persist_neighbors,RETAINED_CANDIDATE,Exact source address retained; ownership links do not certify path semantics
WRITER_SITE,app/services/winner_probability/target_stop_scope_repair_service.py:apply_target_stop_scope_repair,RETAINED_CANDIDATE,Exact source address retained; ownership links do not certify path semantics
WRITER_SITE,app/services/winner_probability/temporal_validation_service.py:TemporalValidationService.apply_certification,RETAINED_CANDIDATE,Exact source address retained; ownership links do not certify path semantics
WRITER_SITE,app/services/winner_probability/temporal_validation_service.py:TemporalValidationService.apply_quarantine,RETAINED_CANDIDATE,Exact source address retained; ownership links do not certify path semantics
WRITER_SITE,app/services/winner_probability/temporal_validation_service.py:TemporalValidationService.record,RETAINED_CANDIDATE,Exact source address retained; ownership links do not certify path semantics
WRITER_SITE,app/services/winner_probability/training_eligibility.py:TrainingEligibilityPolicy.persist_capture_decision,RETAINED_CANDIDATE,Exact source address retained; ownership links do not certify path semantics
WRITER_SITE,app/services/worker_registry.py:associate_worker_launcher,RETAINED_CANDIDATE,Exact source address retained; ownership links do not certify path semantics
WRITER_SITE,app/services/worker_registry.py:heartbeat_worker,RETAINED_CANDIDATE,Exact source address retained; ownership links do not certify path semantics
WRITER_SITE,app/services/worker_registry.py:heartbeat_worker_control_loop,RETAINED_CANDIDATE,Exact source address retained; ownership links do not certify path semantics
WRITER_SITE,app/services/worker_registry.py:mark_worker_stopping,RETAINED_CANDIDATE,Exact source address retained; ownership links do not certify path semantics
WRITER_SITE,app/services/worker_registry.py:register_worker,RETAINED_CANDIDATE,Exact source address retained; ownership links do not certify path semantics
WRITER_SITE,app/services/worker_registry.py:retire_worker_registration,RETAINED_CANDIDATE,Exact source address retained; ownership links do not certify path semantics
WRITER_SITE,app/worker_supervisor.py:_associate_launcher,RETAINED_CANDIDATE,Exact source address retained; ownership links do not certify path semantics
WRITER_SITE,scripts/profile_sec_performance.py:run_scenario,RETAINED_CANDIDATE,Exact source address retained; ownership links do not certify path semantics
WRITER_SITE,scripts/resolve_sec_ciks.py:main,RETAINED_CANDIDATE,Exact source address retained; ownership links do not certify path semantics
WRITER_SITE,scripts/winner_candidate_estimates.py:_ensure_empty_manifest,RETAINED_CANDIDATE,Exact source address retained; ownership links do not certify path semantics
WRITER_SITE,scripts/winner_candidate_estimates.py:write,RETAINED_CANDIDATE,Exact source address retained; ownership links do not certify path semantics
WRITER_SITE,scripts/winner_clean_reconstruction.py:build_candidate,RETAINED_CANDIDATE,Exact source address retained; ownership links do not certify path semantics
