initiator_id,entrypoint_type,source_address,business_domain,target_writer_family,current_semantic_mode,required_authority,authority_currently_available,authority_currently_missing,current_behavior,desired_t14d_behavior,proposed_disposition,review_status
EF_0a056737ae51257a,SERVICE_PUBLIC,app/services/winner_probability/cohort_generation_service.py:CohortGenerationService.capture_or_resume,"CURRENT_PROJECTION,WINNER_GENERATION",WF_WINNER_GENERATION,CANONICAL_CALCULATION,"{""WF_WINNER_GENERATION"": ""Caller must deliver the following exact native authority if absent; no blanket assertion that already certified pipeline delivery lacks it: Exact native retained source bodies/IDs and immutable proofs; full executable configuration; explicit aware temporal/session authority; exact predecessor, target/model/generation/rule/manifest and native readiness where applicable; same validating Session and current durable execution token/configuration/run binding""}","self, db: Session, *, state: WinnerCohortRefreshState, contract: WinnerCohortContract, requested_at: datetime | None=None",Exact caller integration subject to source review; writer requirements retained verbatim in required_authority,SAFE_NATIVE_WRITER: rejects missing/altered authority before dedup or advancement and rolls back the semantic Session,Explicit semantic operation and exact writer delivery; unsupported mutation deterministically rejected before writes,"SUPPLY_CONTEXT_OR_WRAP; explicit legacy only where native policy permits, never certified evidence",PRE_IMPLEMENTATION_SCOPE_RECONCILIATION_ONLY
EF_0a5cee795e4d11d5,SERVICE_PUBLIC,app/services/winner_probability/market_data_obligation_service.py:MarketDataObligationService.evaluate,PRICE,WF_WINNER_MARKET_DATA_OBLIGATION,MAINTENANCE,"{""WF_WINNER_MARKET_DATA_OBLIGATION"": ""Caller must deliver the following exact native authority if absent; no blanket assertion that already certified pipeline delivery lacks it: Exact scoped operational/source body and its retained SQL proof; same validating Session/owner for supporting helpers; aware operation time where business-time state changes; durable job configuration/run binding and current execution token when owned""}","self, db: Session, *, obligations: Sequence[WinnerMarketDataObligation] | None=None, tickers: Sequence[str]=(), now: datetime | None=None",Exact caller integration subject to source review; writer requirements retained verbatim in required_authority,SAFE_NATIVE_WRITER: rejects missing/altered authority before dedup or advancement and rolls back the semantic Session,Explicit semantic operation and exact writer delivery; unsupported mutation deterministically rejected before writes,"SUPPLY_CONTEXT_OR_WRAP; explicit legacy only where native policy permits, never certified evidence",PRE_IMPLEMENTATION_SCOPE_RECONCILIATION_ONLY
EF_0f42cc0be4abc685,SERVICE_PUBLIC,app/services/setup_lifecycle/repository.py:SetupLifecycleRepository.write_admin_audit_event,"ALERT_DECISION,LIFECYCLE_EVALUATION,LIFECYCLE_TRANSITION,SETUP",WF_SETUP_TYPED_REPOSITORY,"BOOTSTRAP,CANONICAL_CALCULATION,MAINTENANCE","{""WF_SETUP_TYPED_REPOSITORY"": ""Caller must deliver the following exact native authority if absent; no blanket assertion that already certified pipeline delivery lacks it: Exact native retained source bodies/IDs and immutable proofs; full executable configuration; explicit aware temporal/session authority; exact predecessor, target/model/generation/rule/manifest and native readiness where applicable; same validating Session and current durable execution token/configuration/run binding""}","self, db: Session, *, event_type: str, requester: str, evaluation_run_id: int | None=None, reason: str | None=None, scope: dict[str, Any] | None=None, before: dict[str, Any] | None=None, after: dict[str, Any] | None=None, affected_counts: dict[str, int] | None=None, preview_token: str | None=None",Exact caller integration subject to source review; writer requirements retained verbatim in required_authority,SAFE_NATIVE_WRITER: rejects missing/altered authority before dedup or advancement and rolls back the semantic Session,Explicit semantic operation and exact writer delivery; unsupported mutation deterministically rejected before writes,"SUPPLY_CONTEXT_OR_WRAP; explicit legacy only where native policy permits, never certified evidence",PRE_IMPLEMENTATION_SCOPE_RECONCILIATION_ONLY
EF_108005c3877b73f8,SERVICE_PUBLIC,app/services/winner_probability/model_registry.py:ModelRegistry.retire_model,WINNER_MODEL,WF_WINNER_MODEL_GOVERNANCE,MAINTENANCE,"{""WF_WINNER_MODEL_GOVERNANCE"": ""Caller must deliver the following exact native authority if absent; no blanket assertion that already certified pipeline delivery lacks it: Exact native retained source bodies/IDs and immutable proofs; full executable configuration; explicit aware temporal/session authority; exact predecessor, target/model/generation/rule/manifest and native readiness where applicable; same validating Session and current durable execution token/configuration/run binding""}","self, db: Session, *, model_id: int, actor: str, reason: str, replacement_model_version_id: int | None=None, allow_without_active_fallback: bool=False",Exact caller integration subject to source review; writer requirements retained verbatim in required_authority,SAFE_NATIVE_WRITER: rejects missing/altered authority before dedup or advancement and rolls back the semantic Session,Explicit semantic operation and exact writer delivery; unsupported mutation deterministically rejected before writes,"SUPPLY_CONTEXT_OR_WRAP; explicit legacy only where native policy permits, never certified evidence",PRE_IMPLEMENTATION_SCOPE_RECONCILIATION_ONLY
EF_12960f471203b24d,SERVICE_PUBLIC,app/services/setup_lifecycle/decision_evidence.py:persist_alert_decision_evidence,ALERT_DECISION,"WF_SETUP_ALERT_RULE_EVIDENCE,WF_SETUP_DECISION_EVIDENCE",CANONICAL_CALCULATION,"{""WF_SETUP_ALERT_RULE_EVIDENCE"": ""Caller must deliver the following exact native authority if absent; no blanket assertion that already certified pipeline delivery lacks it: Exact native retained source bodies/IDs and immutable proofs; full executable configuration; explicit aware temporal/session authority; exact predecessor, target/model/generation/rule/manifest and native readiness where applicable; same validating Session and current durable execution token/configuration/run binding"", ""WF_SETUP_DECISION_EVIDENCE"": ""Caller must deliver the following exact native authority if absent; no blanket assertion that already certified pipeline delivery lacks it: Exact native retained source bodies/IDs and immutable proofs; full executable configuration; explicit aware temporal/session authority; exact predecessor, target/model/generation/rule/manifest and native readiness where applicable; same validating Session and current durable execution token/configuration/run binding""}","db, *, rule: SignalAlertRule, ticker: str, timeframe: str, effective_session: date, source_event_key: str, semantic_key: str, decision: str, reasons: tuple[str, ...], payload: dict[str, Any], setup_evidence_id: int | None=None, lifecycle_evaluation_evidence_id: int | None=None, lifecycle_transition_evidence_id: int | None=None, cooldown_predecessor_evidence_id: int | None=None, dedup_predecessor_evidence_id: int | None=None, effective_configuration=None",Exact caller integration subject to source review; writer requirements retained verbatim in required_authority,SAFE_NATIVE_WRITER: rejects missing/altered authority before dedup or advancement and rolls back the semantic Session,Explicit semantic operation and exact writer delivery; unsupported mutation deterministically rejected before writes,"SUPPLY_CONTEXT_OR_WRAP; explicit legacy only where native policy permits, never certified evidence",PRE_IMPLEMENTATION_SCOPE_RECONCILIATION_ONLY
EF_14cfda3844ac2a98,SERVICE_PUBLIC,app/services/setup_lifecycle/canonicalization.py:SetupLifecycleCanonicalizer.canonicalize_snapshots,"ALERT_DECISION,CURRENT_PROJECTION,LIFECYCLE_EVALUATION,LIFECYCLE_TRANSITION,SETUP","WF_SETUP_CURRENT_SELECTION,WF_SETUP_TRANSITION_EVENT_STATE,WF_SETUP_TYPED_REPOSITORY","BOOTSTRAP,CANONICAL_CALCULATION,CURRENT_PROJECTION_ADVANCE,CURRENT_STATE_REPAIR,MAINTENANCE","{""WF_SETUP_CURRENT_SELECTION"": ""Caller must deliver the following exact native authority if absent; no blanket assertion that already certified pipeline delivery lacks it: Exact native retained source bodies/IDs and immutable proofs; full executable configuration; explicit aware temporal/session authority; exact predecessor, target/model/generation/rule/manifest and native readiness where applicable; same validating Session and current durable execution token/configuration/run binding"", ""WF_SETUP_TRANSITION_EVENT_STATE"": ""Caller must deliver the following exact native authority if absent; no blanket assertion that already certified pipeline delivery lacks it: Exact native retained source bodies/IDs and immutable proofs; full executable configuration; explicit aware temporal/session authority; exact predecessor, target/model/generation/rule/manifest and native readiness where applicable; same validating Session and current durable execution token/configuration/run binding"", ""WF_SETUP_TYPED_REPOSITORY"": ""Caller must deliver the following exact native authority if absent; no blanket assertion that already certified pipeline delivery lacks it: Exact native retained source bodies/IDs and immutable proofs; full executable configuration; explicit aware temporal/session authority; exact predecessor, target/model/generation/rule/manifest and native readiness where applicable; same validating Session and current durable execution token/configuration/run binding""}","self, db, snapshots: list[SetupSignalSnapshot] | tuple[SetupSignalSnapshot, ...], *, evaluation_run_id: int | None=None, affected_snapshot_ids: tuple[int, ...] | None=None",Exact caller integration subject to source review; writer requirements retained verbatim in required_authority,SAFE_NATIVE_WRITER: rejects missing/altered authority before dedup or advancement and rolls back the semantic Session,Explicit semantic operation and exact writer delivery; unsupported mutation deterministically rejected before writes,"SUPPLY_CONTEXT_OR_WRAP; explicit legacy only where native policy permits, never certified evidence",PRE_IMPLEMENTATION_SCOPE_RECONCILIATION_ONLY
EF_16c693b72a6392ab,SERVICE_PUBLIC,app/services/setup_lifecycle/decision_evidence.py:persist_lifecycle_evaluation_evidence,"CERI,COMBINED,CURRENT_PROJECTION,FUNDAMENTAL,IBMI,LIFECYCLE_EVALUATION,RANKING,REGIME,SECTOR,TECHNICAL","WF_CORE_CURRENT_PROJECTION,WF_CORE_RETAINED_EVIDENCE,WF_LIFECYCLE_EVALUATION_EVIDENCE","CANONICAL_CALCULATION,CURRENT_PROJECTION_ADVANCE","{""WF_LIFECYCLE_EVALUATION_EVIDENCE"": ""Caller must deliver the following exact native authority if absent; no blanket assertion that already certified pipeline delivery lacks it: Exact native retained source bodies/IDs and immutable proofs; full executable configuration; explicit aware temporal/session authority; exact predecessor, target/model/generation/rule/manifest and native readiness where applicable; same validating Session and current durable execution token/configuration/run binding""}","db, *, snapshot: SetupSignalSnapshot, episode: SetupLifecycleEpisode | None, decision: Any, actionability: Any, evaluation_run_id: int | None, transition_eligible: bool, effective_configuration=None",Exact caller integration subject to source review; writer requirements retained verbatim in required_authority,SAFE_NATIVE_WRITER: rejects missing/altered authority before dedup or advancement and rolls back the semantic Session,Explicit semantic operation and exact writer delivery; unsupported mutation deterministically rejected before writes,"SUPPLY_CONTEXT_OR_WRAP; explicit legacy only where native policy permits, never certified evidence",PRE_IMPLEMENTATION_SCOPE_RECONCILIATION_ONLY
EF_17cd4c0e3faace6e,SERVICE_PUBLIC,app/services/setup_lifecycle/repository.py:SetupLifecycleRepository.add_alert_event,"ALERT_DECISION,LIFECYCLE_EVALUATION,LIFECYCLE_TRANSITION,SETUP","WF_SETUP_ALERT_EVENT_STATE,WF_SETUP_TYPED_REPOSITORY","BOOTSTRAP,CANONICAL_CALCULATION,CURRENT_STATE_REPAIR,MAINTENANCE","{""WF_SETUP_ALERT_EVENT_STATE"": ""Caller must deliver the following exact native authority if absent; no blanket assertion that already certified pipeline delivery lacks it: Exact native retained source bodies/IDs and immutable proofs; full executable configuration; explicit aware temporal/session authority; exact predecessor, target/model/generation/rule/manifest and native readiness where applicable; same validating Session and current durable execution token/configuration/run binding"", ""WF_SETUP_TYPED_REPOSITORY"": ""Caller must deliver the following exact native authority if absent; no blanket assertion that already certified pipeline delivery lacks it: Exact native retained source bodies/IDs and immutable proofs; full executable configuration; explicit aware temporal/session authority; exact predecessor, target/model/generation/rule/manifest and native readiness where applicable; same validating Session and current durable execution token/configuration/run binding""}","self, db: Session, event: SignalAlertEvent",Exact caller integration subject to source review; writer requirements retained verbatim in required_authority,SAFE_NATIVE_WRITER: rejects missing/altered authority before dedup or advancement and rolls back the semantic Session,Explicit semantic operation and exact writer delivery; unsupported mutation deterministically rejected before writes,"SUPPLY_CONTEXT_OR_WRAP; explicit legacy only where native policy permits, never certified evidence",PRE_IMPLEMENTATION_SCOPE_RECONCILIATION_ONLY
EF_17fbd8ea8e28f686,SERVICE_PUBLIC,app/services/winner_probability/market_data_obligation_service.py:MarketDataObligationService.ensure_for_outcomes,PRICE,WF_WINNER_MARKET_DATA_OBLIGATION,MAINTENANCE,"{""WF_WINNER_MARKET_DATA_OBLIGATION"": ""Caller must deliver the following exact native authority if absent; no blanket assertion that already certified pipeline delivery lacks it: Exact scoped operational/source body and its retained SQL proof; same validating Session/owner for supporting helpers; aware operation time where business-time state changes; durable job configuration/run binding and current execution token when owned""}","self, db: Session, outcomes: Sequence[WinnerForwardOutcome], *, excluded_tickers: frozenset[str]=frozenset(), now: datetime | None=None",Exact caller integration subject to source review; writer requirements retained verbatim in required_authority,SAFE_NATIVE_WRITER: rejects missing/altered authority before dedup or advancement and rolls back the semantic Session,Explicit semantic operation and exact writer delivery; unsupported mutation deterministically rejected before writes,"SUPPLY_CONTEXT_OR_WRAP; explicit legacy only where native policy permits, never certified evidence",PRE_IMPLEMENTATION_SCOPE_RECONCILIATION_ONLY
EF_188a52d7dc0ff552,SERVICE_PUBLIC,app/services/winner_probability/cohort_materialization_service.py:CohortMaterializationService.materialize_slice,"CURRENT_PROJECTION,WINNER_COHORT,WINNER_GENERATION","WF_WINNER_COHORT_DEFINITION,WF_WINNER_COHORT_MATERIALIZATION,WF_WINNER_EVIDENCE_MANIFEST,WF_WINNER_GENERATION","BOOTSTRAP,CANONICAL_CALCULATION","{""WF_WINNER_COHORT_DEFINITION"": ""Caller must deliver the following exact native authority if absent; no blanket assertion that already certified pipeline delivery lacks it: Exact scoped operational/source body and its retained SQL proof; same validating Session/owner for supporting helpers; aware operation time where business-time state changes; durable job configuration/run binding and current execution token when owned"", ""WF_WINNER_COHORT_MATERIALIZATION"": ""Caller must deliver the following exact native authority if absent; no blanket assertion that already certified pipeline delivery lacks it: Exact native retained source bodies/IDs and immutable proofs; full executable configuration; explicit aware temporal/session authority; exact predecessor, target/model/generation/rule/manifest and native readiness where applicable; same validating Session and current durable execution token/configuration/run binding"", ""WF_WINNER_EVIDENCE_MANIFEST"": ""Caller must deliver the following exact native authority if absent; no blanket assertion that already certified pipeline delivery lacks it: Exact scoped operational/source body and its retained SQL proof; same validating Session/owner for supporting helpers; aware operation time where business-time state changes; durable job configuration/run binding and current execution token when owned"", ""WF_WINNER_GENERATION"": ""Caller must deliver the following exact native authority if absent; no blanket assertion that already certified pipeline delivery lacks it: Exact native retained source bodies/IDs and immutable proofs; full executable configuration; explicit aware temporal/session authority; exact predecessor, target/model/generation/rule/manifest and native readiness where applicable; same validating Session and current durable execution token/configuration/run binding""}","self, db: Session, *, generation: WinnerCohortGeneration, outcome_definition: WinnerOutcomeDefinition, config: WinnerProbabilityConfig, lease_guard: Callable[[], None], should_cancel: Callable[[], bool], max_groups: int=100, max_wall_seconds: float=45.0, publish_when_ready: bool=True",Exact caller integration subject to source review; writer requirements retained verbatim in required_authority,SAFE_NATIVE_WRITER: rejects missing/altered authority before dedup or advancement and rolls back the semantic Session,Explicit semantic operation and exact writer delivery; unsupported mutation deterministically rejected before writes,"SUPPLY_CONTEXT_OR_WRAP; explicit legacy only where native policy permits, never certified evidence",PRE_IMPLEMENTATION_SCOPE_RECONCILIATION_ONLY
EF_1fcddaaed4bf5583,SERVICE_PUBLIC,app/services/winner_probability/episode_service.py:WinnerEpisodeService.assign_episode,"WINNER_COHORT,WINNER_ESTIMATE,WINNER_OUTCOME,WINNER_PREDICTION","WF_WINNER_EPISODE,WF_WINNER_TYPED_REPOSITORY","CANONICAL_CALCULATION,MAINTENANCE","{""WF_WINNER_EPISODE"": ""Caller must deliver the following exact native authority if absent; no blanket assertion that already certified pipeline delivery lacks it: Exact native retained source bodies/IDs and immutable proofs; full executable configuration; explicit aware temporal/session authority; exact predecessor, target/model/generation/rule/manifest and native readiness where applicable; same validating Session and current durable execution token/configuration/run binding"", ""WF_WINNER_TYPED_REPOSITORY"": ""Caller must deliver the following exact native authority if absent; no blanket assertion that already certified pipeline delivery lacks it: Exact native retained source bodies/IDs and immutable proofs; full executable configuration; explicit aware temporal/session authority; exact predecessor, target/model/generation/rule/manifest and native readiness where applicable; same validating Session and current durable execution token/configuration/run binding""}","self, db: Session, features: ExtractedPredictionFeatures, config: WinnerProbabilityConfig",Exact caller integration subject to source review; writer requirements retained verbatim in required_authority,SAFE_NATIVE_WRITER: rejects missing/altered authority before dedup or advancement and rolls back the semantic Session,Explicit semantic operation and exact writer delivery; unsupported mutation deterministically rejected before writes,"SUPPLY_CONTEXT_OR_WRAP; explicit legacy only where native policy permits, never certified evidence",PRE_IMPLEMENTATION_SCOPE_RECONCILIATION_ONLY
EF_21b51ca218ca4e33,SERVICE_PUBLIC,app/services/winner_probability/outcome_service.py:OutcomeMaturationService.process_current_revisions,"WINNER_OUTCOME,WINNER_PREDICTION","WF_WINNER_FORWARD_MATURATION,WF_WINNER_OUTCOME_REVISION",OUTCOME_MATURATION,"{""WF_WINNER_FORWARD_MATURATION"": ""Caller must deliver the following exact native authority if absent; no blanket assertion that already certified pipeline delivery lacks it: Exact native retained source bodies/IDs and immutable proofs; full executable configuration; explicit aware temporal/session authority; exact predecessor, target/model/generation/rule/manifest and native readiness where applicable; same validating Session and current durable execution token/configuration/run binding"", ""WF_WINNER_OUTCOME_REVISION"": ""Caller must deliver the following exact native authority if absent; no blanket assertion that already certified pipeline delivery lacks it: Exact native retained source bodies/IDs and immutable proofs; full executable configuration; explicit aware temporal/session authority; exact predecessor, target/model/generation/rule/manifest and native readiness where applicable; same validating Session and current durable execution token/configuration/run binding""}","self, db: Session, *, now: datetime | None=None, limit: int=500, forward_outcome_ids: tuple[int, ...]=(), should_cancel: Callable[[], bool] | None=None",Exact caller integration subject to source review; writer requirements retained verbatim in required_authority,SAFE_NATIVE_WRITER: rejects missing/altered authority before dedup or advancement and rolls back the semantic Session,Explicit semantic operation and exact writer delivery; unsupported mutation deterministically rejected before writes,"SUPPLY_CONTEXT_OR_WRAP; explicit legacy only where native policy permits, never certified evidence",PRE_IMPLEMENTATION_SCOPE_RECONCILIATION_ONLY
EF_22b85b4f8e513ffa,SERVICE_PUBLIC,app/services/setup_lifecycle/repository.py:SetupLifecycleRepository.supersede_prior_current_events,LIFECYCLE_TRANSITION,WF_SETUP_TRANSITION_EVENT_STATE,"CANONICAL_CALCULATION,CURRENT_STATE_REPAIR","{""WF_SETUP_TRANSITION_EVENT_STATE"": ""Caller must deliver the following exact native authority if absent; no blanket assertion that already certified pipeline delivery lacks it: Exact native retained source bodies/IDs and immutable proofs; full executable configuration; explicit aware temporal/session authority; exact predecessor, target/model/generation/rule/manifest and native readiness where applicable; same validating Session and current durable execution token/configuration/run binding""}","self, db: Session, event: SetupLifecycleEvent",Exact caller integration subject to source review; writer requirements retained verbatim in required_authority,SAFE_NATIVE_WRITER: rejects missing/altered authority before dedup or advancement and rolls back the semantic Session,Explicit semantic operation and exact writer delivery; unsupported mutation deterministically rejected before writes,"SUPPLY_CONTEXT_OR_WRAP; explicit legacy only where native policy permits, never certified evidence",PRE_IMPLEMENTATION_SCOPE_RECONCILIATION_ONLY
EF_2549c9b27b482b53,SERVICE_PUBLIC,app/services/setup_lifecycle/repository.py:SetupLifecycleRepository.record_snapshot_canonical_decision,"CURRENT_PROJECTION,SETUP",WF_SETUP_CURRENT_SELECTION,CURRENT_PROJECTION_ADVANCE,"{""WF_SETUP_CURRENT_SELECTION"": ""Caller must deliver the following exact native authority if absent; no blanket assertion that already certified pipeline delivery lacks it: Exact native retained source bodies/IDs and immutable proofs; full executable configuration; explicit aware temporal/session authority; exact predecessor, target/model/generation/rule/manifest and native readiness where applicable; same validating Session and current durable execution token/configuration/run binding""}","self, db: Session, snapshot: SetupSignalSnapshot, *, reason: str, decision: dict[str, Any]",Exact caller integration subject to source review; writer requirements retained verbatim in required_authority,SAFE_NATIVE_WRITER: rejects missing/altered authority before dedup or advancement and rolls back the semantic Session,Explicit semantic operation and exact writer delivery; unsupported mutation deterministically rejected before writes,"SUPPLY_CONTEXT_OR_WRAP; explicit legacy only where native policy permits, never certified evidence",PRE_IMPLEMENTATION_SCOPE_RECONCILIATION_ONLY
EF_2bf8cff4ba3b4f20,SERVICE_PUBLIC,app/services/winner_probability/estimate_publication_service.py:WinnerEstimatePublicationService.publish,"CURRENT_PROJECTION,WINNER_ESTIMATE,WINNER_GENERATION,WINNER_PUBLICATION","WF_WINNER_GENERATION,WF_WINNER_PUBLICATION","CANONICAL_CALCULATION,PUBLICATION","{""WF_WINNER_GENERATION"": ""Caller must deliver the following exact native authority if absent; no blanket assertion that already certified pipeline delivery lacks it: Exact native retained source bodies/IDs and immutable proofs; full executable configuration; explicit aware temporal/session authority; exact predecessor, target/model/generation/rule/manifest and native readiness where applicable; same validating Session and current durable execution token/configuration/run binding"", ""WF_WINNER_PUBLICATION"": ""Caller must deliver the following exact native authority if absent; no blanket assertion that already certified pipeline delivery lacks it: Exact native retained source bodies/IDs and immutable proofs; full executable configuration; explicit aware temporal/session authority; exact predecessor, target/model/generation/rule/manifest and native readiness where applicable; same validating Session and current durable execution token/configuration/run binding""}","self, db: Session, *, manifest: Mapping[str, Any], reviewed_manifest_hash: str, candidate_manifest_hash: str, actor: str, request_key: str, approve_write: bool, published_at: datetime | None=None, stage_hook: Callable[[str], None] | None=None",Exact caller integration subject to source review; writer requirements retained verbatim in required_authority,SAFE_NATIVE_WRITER: rejects missing/altered authority before dedup or advancement and rolls back the semantic Session,Explicit semantic operation and exact writer delivery; unsupported mutation deterministically rejected before writes,"SUPPLY_CONTEXT_OR_WRAP; explicit legacy only where native policy permits, never certified evidence",PRE_IMPLEMENTATION_SCOPE_RECONCILIATION_ONLY
EF_2ccea74c5c437507,SERVICE_PUBLIC,app/services/setup_lifecycle/decision_evidence.py:persist_lifecycle_transition_evidence,LIFECYCLE_TRANSITION,WF_LIFECYCLE_TRANSITION_EVIDENCE,CANONICAL_CALCULATION,"{""WF_LIFECYCLE_TRANSITION_EVIDENCE"": ""Caller must deliver the following exact native authority if absent; no blanket assertion that already certified pipeline delivery lacks it: Exact native retained source bodies/IDs and immutable proofs; full executable configuration; explicit aware temporal/session authority; exact predecessor, target/model/generation/rule/manifest and native readiness where applicable; same validating Session and current durable execution token/configuration/run binding""}","db, *, event: SetupLifecycleEvent, evaluation: SetupLifecycleEvaluationEvidence | None, prior_transition_evidence_id: int | None",Exact caller integration subject to source review; writer requirements retained verbatim in required_authority,SAFE_NATIVE_WRITER: rejects missing/altered authority before dedup or advancement and rolls back the semantic Session,Explicit semantic operation and exact writer delivery; unsupported mutation deterministically rejected before writes,"SUPPLY_CONTEXT_OR_WRAP; explicit legacy only where native policy permits, never certified evidence",PRE_IMPLEMENTATION_SCOPE_RECONCILIATION_ONLY
EF_33499b0639d00900,SERVICE_PUBLIC,app/services/winner_probability/job_handlers.py:WinnerCohortRefreshService.refresh_cohorts,"CONFIGURATION,CURRENT_PROJECTION,WINNER_COHORT,WINNER_GENERATION","WF_CONFIGURATION_DELIVERY,WF_WINNER_COHORT_DEFINITION,WF_WINNER_COHORT_MATERIALIZATION,WF_WINNER_EVIDENCE_MANIFEST,WF_WINNER_GENERATION,WF_WINNER_WATERMARK","BOOTSTRAP,CANONICAL_CALCULATION,CURRENT_PROJECTION_ADVANCE","{""WF_WINNER_COHORT_DEFINITION"": ""Caller must deliver the following exact native authority if absent; no blanket assertion that already certified pipeline delivery lacks it: Exact scoped operational/source body and its retained SQL proof; same validating Session/owner for supporting helpers; aware operation time where business-time state changes; durable job configuration/run binding and current execution token when owned"", ""WF_WINNER_COHORT_MATERIALIZATION"": ""Caller must deliver the following exact native authority if absent; no blanket assertion that already certified pipeline delivery lacks it: Exact native retained source bodies/IDs and immutable proofs; full executable configuration; explicit aware temporal/session authority; exact predecessor, target/model/generation/rule/manifest and native readiness where applicable; same validating Session and current durable execution token/configuration/run binding"", ""WF_WINNER_EVIDENCE_MANIFEST"": ""Caller must deliver the following exact native authority if absent; no blanket assertion that already certified pipeline delivery lacks it: Exact scoped operational/source body and its retained SQL proof; same validating Session/owner for supporting helpers; aware operation time where business-time state changes; durable job configuration/run binding and current execution token when owned"", ""WF_WINNER_GENERATION"": ""Caller must deliver the following exact native authority if absent; no blanket assertion that already certified pipeline delivery lacks it: Exact native retained source bodies/IDs and immutable proofs; full executable configuration; explicit aware temporal/session authority; exact predecessor, target/model/generation/rule/manifest and native readiness where applicable; same validating Session and current durable execution token/configuration/run binding"", ""WF_WINNER_WATERMARK"": ""Caller must deliver the following exact native authority if absent; no blanket assertion that already certified pipeline delivery lacks it: Exact scoped operational/source body and its retained SQL proof; same validating Session/owner for supporting helpers; aware operation time where business-time state changes; durable job configuration/run binding and current execution token when owned""}","self, db: Session, *, outcome_definition_id: str | None=None, training_cutoff_at: datetime | None=None, should_cancel: Callable[[], bool] | None=None, lease_guard: Callable[[], None] | None=None, on_generation_captured: Callable[[WinnerCohortGeneration], None] | None=None, max_groups: int=100, max_wall_seconds: float=45.0",Exact caller integration subject to source review; writer requirements retained verbatim in required_authority,SAFE_NATIVE_WRITER: rejects missing/altered authority before dedup or advancement and rolls back the semantic Session,Explicit semantic operation and exact writer delivery; unsupported mutation deterministically rejected before writes,"SUPPLY_CONTEXT_OR_WRAP; explicit legacy only where native policy permits, never certified evidence",PRE_IMPLEMENTATION_SCOPE_RECONCILIATION_ONLY
EF_34751282c1807125,SERVICE_PUBLIC,app/services/setup_lifecycle/episode_service.py:SetupLifecycleEpisodeService.apply_snapshot,"ALERT_DECISION,CERI,COMBINED,CURRENT_PROJECTION,FUNDAMENTAL,IBMI,LIFECYCLE_EVALUATION,LIFECYCLE_TRANSITION,RANKING,REGIME,SECTOR,SETUP,TECHNICAL","WF_CORE_CURRENT_PROJECTION,WF_CORE_RETAINED_EVIDENCE,WF_LIFECYCLE_EPISODE,WF_LIFECYCLE_EVALUATION_EVIDENCE,WF_LIFECYCLE_TRANSITION_EVIDENCE,WF_SETUP_TRANSITION_EVENT_STATE,WF_SETUP_TYPED_REPOSITORY","BOOTSTRAP,CANONICAL_CALCULATION,CURRENT_PROJECTION_ADVANCE,CURRENT_STATE_REPAIR,MAINTENANCE","{""WF_LIFECYCLE_EPISODE"": ""Caller must deliver the following exact native authority if absent; no blanket assertion that already certified pipeline delivery lacks it: Exact native retained source bodies/IDs and immutable proofs; full executable configuration; explicit aware temporal/session authority; exact predecessor, target/model/generation/rule/manifest and native readiness where applicable; same validating Session and current durable execution token/configuration/run binding"", ""WF_LIFECYCLE_EVALUATION_EVIDENCE"": ""Caller must deliver the following exact native authority if absent; no blanket assertion that already certified pipeline delivery lacks it: Exact native retained source bodies/IDs and immutable proofs; full executable configuration; explicit aware temporal/session authority; exact predecessor, target/model/generation/rule/manifest and native readiness where applicable; same validating Session and current durable execution token/configuration/run binding"", ""WF_LIFECYCLE_TRANSITION_EVIDENCE"": ""Caller must deliver the following exact native authority if absent; no blanket assertion that already certified pipeline delivery lacks it: Exact native retained source bodies/IDs and immutable proofs; full executable configuration; explicit aware temporal/session authority; exact predecessor, target/model/generation/rule/manifest and native readiness where applicable; same validating Session and current durable execution token/configuration/run binding"", ""WF_SETUP_TRANSITION_EVENT_STATE"": ""Caller must deliver the following exact native authority if absent; no blanket assertion that already certified pipeline delivery lacks it: Exact native retained source bodies/IDs and immutable proofs; full executable configuration; explicit aware temporal/session authority; exact predecessor, target/model/generation/rule/manifest and native readiness where applicable; same validating Session and current durable execution token/configuration/run binding"", ""WF_SETUP_TYPED_REPOSITORY"": ""Caller must deliver the following exact native authority if absent; no blanket assertion that already certified pipeline delivery lacks it: Exact native retained source bodies/IDs and immutable proofs; full executable configuration; explicit aware temporal/session authority; exact predecessor, target/model/generation/rule/manifest and native readiness where applicable; same validating Session and current durable execution token/configuration/run binding""}","self, db, snapshot: SetupSignalSnapshot, *, evaluation_run_id: int | None=None, completed_observation_sessions: int=1, prior_snapshots: tuple[NormalizedSnapshot, ...]=(), preloaded_episodes: tuple[SetupLifecycleEpisode, ...] | None=None, refresh_primary: bool=True",Exact caller integration subject to source review; writer requirements retained verbatim in required_authority,SAFE_NATIVE_WRITER: rejects missing/altered authority before dedup or advancement and rolls back the semantic Session,Explicit semantic operation and exact writer delivery; unsupported mutation deterministically rejected before writes,"SUPPLY_CONTEXT_OR_WRAP; explicit legacy only where native policy permits, never certified evidence",PRE_IMPLEMENTATION_SCOPE_RECONCILIATION_ONLY
EF_3544a66f80c3a3ee,SERVICE_PUBLIC,app/services/winner_probability/outcome_service.py:OutcomeMaturationService.process_forward_outcome,"WINNER_OUTCOME,WINNER_PREDICTION","WF_WINNER_FORWARD_MATURATION,WF_WINNER_OUTCOME_REVISION",OUTCOME_MATURATION,"{""WF_WINNER_FORWARD_MATURATION"": ""Caller must deliver the following exact native authority if absent; no blanket assertion that already certified pipeline delivery lacks it: Exact native retained source bodies/IDs and immutable proofs; full executable configuration; explicit aware temporal/session authority; exact predecessor, target/model/generation/rule/manifest and native readiness where applicable; same validating Session and current durable execution token/configuration/run binding"", ""WF_WINNER_OUTCOME_REVISION"": ""Caller must deliver the following exact native authority if absent; no blanket assertion that already certified pipeline delivery lacks it: Exact native retained source bodies/IDs and immutable proofs; full executable configuration; explicit aware temporal/session authority; exact predecessor, target/model/generation/rule/manifest and native readiness where applicable; same validating Session and current durable execution token/configuration/run binding""}","self, db: Session, outcome: WinnerForwardOutcome, *, now: datetime | None=None, totals: _MutableOutcomeCounts | None=None, context: OutcomeBatchContext | None=None",Exact caller integration subject to source review; writer requirements retained verbatim in required_authority,SAFE_NATIVE_WRITER: rejects missing/altered authority before dedup or advancement and rolls back the semantic Session,Explicit semantic operation and exact writer delivery; unsupported mutation deterministically rejected before writes,"SUPPLY_CONTEXT_OR_WRAP; explicit legacy only where native policy permits, never certified evidence",PRE_IMPLEMENTATION_SCOPE_RECONCILIATION_ONLY
EF_3fc4b414d23b5f24,SERVICE_PUBLIC,app/services/winner_probability/probability_estimator.py:ProbabilityEstimator.create_latest_rescore_from_generation,WINNER_ESTIMATE,WF_WINNER_LATEST_RESCORE,CURRENT_RULES_RETROSPECTIVE,"{""WF_WINNER_LATEST_RESCORE"": ""Caller must deliver the following exact native authority if absent; no blanket assertion that already certified pipeline delivery lacks it: Exact native retained source bodies/IDs and immutable proofs; full executable configuration; explicit aware temporal/session authority; exact predecessor, target/model/generation/rule/manifest and native readiness where applicable; same validating Session and current durable execution token/configuration/run binding""}","self, db: Session, *, prediction: WinnerPredictionSnapshot, outcome_definition: WinnerOutcomeDefinition, generation: WinnerCohortGeneration, config: WinnerProbabilityConfig | None=None, model_version_id: int | None=None, _candidate: bool=False, _source_version: str=COHORT_BASELINE_SOURCE_VERSION",Exact caller integration subject to source review; writer requirements retained verbatim in required_authority,SAFE_NATIVE_WRITER: rejects missing/altered authority before dedup or advancement and rolls back the semantic Session,Explicit semantic operation and exact writer delivery; unsupported mutation deterministically rejected before writes,"SUPPLY_CONTEXT_OR_WRAP; explicit legacy only where native policy permits, never certified evidence",PRE_IMPLEMENTATION_SCOPE_RECONCILIATION_ONLY
EF_43e51c53a8544734,SERVICE_PUBLIC,app/services/ceri/alert_service.py:CeriAlertService.acknowledge,CERI_ALERT,WF_CERI_ALERT_STATUS,MAINTENANCE,"{""WF_CERI_ALERT_STATUS"": ""Caller must deliver the following exact native authority if absent; no blanket assertion that already certified pipeline delivery lacks it: Exact scoped operational/source body and its retained SQL proof; same validating Session/owner for supporting helpers; aware operation time where business-time state changes; durable job configuration/run binding and current execution token when owned""}","self, db: Session, alert: CeriAlertEvent",Exact caller integration subject to source review; writer requirements retained verbatim in required_authority,SAFE_NATIVE_WRITER: rejects missing/altered authority before dedup or advancement and rolls back the semantic Session,Explicit semantic operation and exact writer delivery; unsupported mutation deterministically rejected before writes,"SUPPLY_CONTEXT_OR_WRAP; explicit legacy only where native policy permits, never certified evidence",PRE_IMPLEMENTATION_SCOPE_RECONCILIATION_ONLY
EF_4401e1a8a0cd2743,SERVICE_PUBLIC,app/services/winner_probability/cohort_refresh_planner.py:CohortRefreshPlanner.request_for_current_evidence,"CONFIGURATION,CURRENT_PROJECTION,WINNER_COHORT,WINNER_GENERATION","WF_CONFIGURATION_DELIVERY,WF_WINNER_COHORT_DEFINITION,WF_WINNER_COHORT_MATERIALIZATION,WF_WINNER_EVIDENCE_MANIFEST,WF_WINNER_GENERATION,WF_WINNER_WATERMARK","BOOTSTRAP,CANONICAL_CALCULATION,CURRENT_PROJECTION_ADVANCE","{""WF_WINNER_COHORT_DEFINITION"": ""Caller must deliver the following exact native authority if absent; no blanket assertion that already certified pipeline delivery lacks it: Exact scoped operational/source body and its retained SQL proof; same validating Session/owner for supporting helpers; aware operation time where business-time state changes; durable job configuration/run binding and current execution token when owned"", ""WF_WINNER_COHORT_MATERIALIZATION"": ""Caller must deliver the following exact native authority if absent; no blanket assertion that already certified pipeline delivery lacks it: Exact native retained source bodies/IDs and immutable proofs; full executable configuration; explicit aware temporal/session authority; exact predecessor, target/model/generation/rule/manifest and native readiness where applicable; same validating Session and current durable execution token/configuration/run binding"", ""WF_WINNER_EVIDENCE_MANIFEST"": ""Caller must deliver the following exact native authority if absent; no blanket assertion that already certified pipeline delivery lacks it: Exact scoped operational/source body and its retained SQL proof; same validating Session/owner for supporting helpers; aware operation time where business-time state changes; durable job configuration/run binding and current execution token when owned"", ""WF_WINNER_GENERATION"": ""Caller must deliver the following exact native authority if absent; no blanket assertion that already certified pipeline delivery lacks it: Exact native retained source bodies/IDs and immutable proofs; full executable configuration; explicit aware temporal/session authority; exact predecessor, target/model/generation/rule/manifest and native readiness where applicable; same validating Session and current durable execution token/configuration/run binding"", ""WF_WINNER_WATERMARK"": ""Caller must deliver the following exact native authority if absent; no blanket assertion that already certified pipeline delivery lacks it: Exact scoped operational/source body and its retained SQL proof; same validating Session/owner for supporting helpers; aware operation time where business-time state changes; durable job configuration/run binding and current execution token when owned""}","self, db: Session, *, outcome_definition: WinnerOutcomeDefinition, config: WinnerProbabilityConfig, observed_at: datetime | None=None, priority: int=100, enqueue_refresh: bool=True",Exact caller integration subject to source review; writer requirements retained verbatim in required_authority,SAFE_NATIVE_WRITER: rejects missing/altered authority before dedup or advancement and rolls back the semantic Session,Explicit semantic operation and exact writer delivery; unsupported mutation deterministically rejected before writes,"SUPPLY_CONTEXT_OR_WRAP; explicit legacy only where native policy permits, never certified evidence",PRE_IMPLEMENTATION_SCOPE_RECONCILIATION_ONLY
EF_446e95876ddd58c5,SERVICE_PUBLIC,app/services/winner_probability/cohort_definition.py:CohortDefinitionService.ensure_definition,WINNER_COHORT,WF_WINNER_COHORT_DEFINITION,BOOTSTRAP,"{""WF_WINNER_COHORT_DEFINITION"": ""Caller must deliver the following exact native authority if absent; no blanket assertion that already certified pipeline delivery lacks it: Exact scoped operational/source body and its retained SQL proof; same validating Session/owner for supporting helpers; aware operation time where business-time state changes; durable job configuration/run binding and current execution token when owned""}","self, db: Session, *, cohort_key: CohortKey, outcome_definition: WinnerOutcomeDefinition | CohortOutcomeIdentity, config: WinnerProbabilityConfig",Exact caller integration subject to source review; writer requirements retained verbatim in required_authority,SAFE_NATIVE_WRITER: rejects missing/altered authority before dedup or advancement and rolls back the semantic Session,Explicit semantic operation and exact writer delivery; unsupported mutation deterministically rejected before writes,"SUPPLY_CONTEXT_OR_WRAP; explicit legacy only where native policy permits, never certified evidence",PRE_IMPLEMENTATION_SCOPE_RECONCILIATION_ONLY
EF_48bd32bb045bb8b9,SERVICE_PUBLIC,app/services/setup_lifecycle/repository.py:SetupLifecycleRepository.apply_evaluation_counts,LIFECYCLE_EVALUATION,WF_SETUP_EVALUATION_RUN_STATE,"BOOTSTRAP,MAINTENANCE","{""WF_SETUP_EVALUATION_RUN_STATE"": ""Caller must deliver the following exact native authority if absent; no blanket assertion that already certified pipeline delivery lacks it: Exact scoped operational/source body and its retained SQL proof; same validating Session/owner for supporting helpers; aware operation time where business-time state changes; durable job configuration/run binding and current execution token when owned""}","self, evaluation_run: SetupLifecycleEvaluationRun, counts: dict[str, int]",Exact caller integration subject to source review; writer requirements retained verbatim in required_authority,SAFE_NATIVE_WRITER: rejects missing/altered authority before dedup or advancement and rolls back the semantic Session,Explicit semantic operation and exact writer delivery; unsupported mutation deterministically rejected before writes,"SUPPLY_CONTEXT_OR_WRAP; explicit legacy only where native policy permits, never certified evidence",PRE_IMPLEMENTATION_SCOPE_RECONCILIATION_ONLY
EF_4a7754d23dd80087,SERVICE_PUBLIC,app/services/setup_lifecycle/decision_evidence.py:persist_alert_rule_evidence,ALERT_DECISION,WF_SETUP_ALERT_RULE_EVIDENCE,CANONICAL_CALCULATION,"{""WF_SETUP_ALERT_RULE_EVIDENCE"": ""Caller must deliver the following exact native authority if absent; no blanket assertion that already certified pipeline delivery lacks it: Exact native retained source bodies/IDs and immutable proofs; full executable configuration; explicit aware temporal/session authority; exact predecessor, target/model/generation/rule/manifest and native readiness where applicable; same validating Session and current durable execution token/configuration/run binding""}","db, rule: SignalAlertRule",Exact caller integration subject to source review; writer requirements retained verbatim in required_authority,SAFE_NATIVE_WRITER: rejects missing/altered authority before dedup or advancement and rolls back the semantic Session,Explicit semantic operation and exact writer delivery; unsupported mutation deterministically rejected before writes,"SUPPLY_CONTEXT_OR_WRAP; explicit legacy only where native policy permits, never certified evidence",PRE_IMPLEMENTATION_SCOPE_RECONCILIATION_ONLY
EF_4f6bcd619acea809,SERVICE_PUBLIC,app/services/winner_probability/similarity_service.py:SimilarityService.persist_neighbors,WINNER_DIAGNOSTICS,WF_WINNER_SIMILARITY,CANONICAL_CALCULATION,"{""WF_WINNER_SIMILARITY"": ""Caller must deliver the following exact native authority if absent; no blanket assertion that already certified pipeline delivery lacks it: Exact scoped operational/source body and its retained SQL proof; same validating Session/owner for supporting helpers; aware operation time where business-time state changes; durable job configuration/run binding and current execution token when owned""}","self, db: Session, *, prediction: WinnerPredictionSnapshot, outcome_definition: WinnerOutcomeDefinition, neighbors: tuple[SimilarityNeighbor, ...], source_cutoff_at: datetime | None=None, cache_version: str=SIMILARITY_CACHE_VERSION",Exact caller integration subject to source review; writer requirements retained verbatim in required_authority,SAFE_NATIVE_WRITER: rejects missing/altered authority before dedup or advancement and rolls back the semantic Session,Explicit semantic operation and exact writer delivery; unsupported mutation deterministically rejected before writes,"SUPPLY_CONTEXT_OR_WRAP; explicit legacy only where native policy permits, never certified evidence",PRE_IMPLEMENTATION_SCOPE_RECONCILIATION_ONLY
EF_5088947f34107440,SERVICE_PUBLIC,app/services/setup_lifecycle/evaluation_service.py:SetupLifecycleEvaluationService.evaluate_run,"ALERT_DECISION,CERI,COMBINED,CONFIGURATION,CURRENT_PROJECTION,FUNDAMENTAL,IBMI,LIFECYCLE_EVALUATION,LIFECYCLE_TRANSITION,RANKING,REGIME,SECTOR,SETUP,TECHNICAL","WF_CORE_CURRENT_PROJECTION,WF_CORE_RETAINED_EVIDENCE,WF_LIFECYCLE_EPISODE,WF_LIFECYCLE_EVALUATION_EVIDENCE,WF_LIFECYCLE_TRANSITION_EVIDENCE,WF_SETUP_ALERT_EVENT_STATE,WF_SETUP_ALERT_RULE_BOOTSTRAP,WF_SETUP_ALERT_RULE_EVIDENCE,WF_SETUP_ALERT_RULE_STATE,WF_SETUP_CHANGE_EVENT_STATE,WF_SETUP_CURRENT_SELECTION,WF_SETUP_DECISION_EVIDENCE,WF_SETUP_EVALUATION_RUN_STATE,WF_SETUP_PERSISTENCE,WF_SETUP_TRANSITION_EVENT_STATE,WF_SETUP_TYPED_REPOSITORY","BOOTSTRAP,CANONICAL_CALCULATION,CURRENT_PROJECTION_ADVANCE,CURRENT_STATE_REPAIR,MAINTENANCE","{""WF_LIFECYCLE_EPISODE"": ""Caller must deliver the following exact native authority if absent; no blanket assertion that already certified pipeline delivery lacks it: Exact native retained source bodies/IDs and immutable proofs; full executable configuration; explicit aware temporal/session authority; exact predecessor, target/model/generation/rule/manifest and native readiness where applicable; same validating Session and current durable execution token/configuration/run binding"", ""WF_LIFECYCLE_EVALUATION_EVIDENCE"": ""Caller must deliver the following exact native authority if absent; no blanket assertion that already certified pipeline delivery lacks it: Exact native retained source bodies/IDs and immutable proofs; full executable configuration; explicit aware temporal/session authority; exact predecessor, target/model/generation/rule/manifest and native readiness where applicable; same validating Session and current durable execution token/configuration/run binding"", ""WF_LIFECYCLE_TRANSITION_EVIDENCE"": ""Caller must deliver the following exact native authority if absent; no blanket assertion that already certified pipeline delivery lacks it: Exact native retained source bodies/IDs and immutable proofs; full executable configuration; explicit aware temporal/session authority; exact predecessor, target/model/generation/rule/manifest and native readiness where applicable; same validating Session and current durable execution token/configuration/run binding"", ""WF_SETUP_ALERT_EVENT_STATE"": ""Caller must deliver the following exact native authority if absent; no blanket assertion that already certified pipeline delivery lacks it: Exact native retained source bodies/IDs and immutable proofs; full executable configuration; explicit aware temporal/session authority; exact predecessor, target/model/generation/rule/manifest and native readiness where applicable; same validating Session and current durable execution token/configuration/run binding"", ""WF_SETUP_ALERT_RULE_BOOTSTRAP"": ""Caller must deliver the following exact native authority if absent; no blanket assertion that already certified pipeline delivery lacks it: Exact scoped operational/source body and its retained SQL proof; same validating Session/owner for supporting helpers; aware operation time where business-time state changes; durable job configuration/run binding and current execution token when owned"", ""WF_SETUP_ALERT_RULE_EVIDENCE"": ""Caller must deliver the following exact native authority if absent; no blanket assertion that already certified pipeline delivery lacks it: Exact native retained source bodies/IDs and immutable proofs; full executable configuration; explicit aware temporal/session authority; exact predecessor, target/model/generation/rule/manifest and native readiness where applicable; same validating Session and current durable execution token/configuration/run binding"", ""WF_SETUP_ALERT_RULE_STATE"": ""Caller must deliver the following exact native authority if absent; no blanket assertion that already certified pipeline delivery lacks it: Exact scoped operational/source body and its retained SQL proof; same validating Session/owner for supporting helpers; aware operation time where business-time state changes; durable job configuration/run binding and current execution token when owned"", ""WF_SETUP_CHANGE_EVENT_STATE"": ""Caller must deliver the following exact native authority if absent; no blanket assertion that already certified pipeline delivery lacks it: Exact native retained source bodies/IDs and immutable proofs; full executable configuration; explicit aware temporal/session authority; exact predecessor, target/model/generation/rule/manifest and native readiness where applicable; same validating Session and current durable execution token/configuration/run binding"", ""WF_SETUP_CURRENT_SELECTION"": ""Caller must deliver the following exact native authority if absent; no blanket assertion that already certified pipeline delivery lacks it: Exact native retained source bodies/IDs and immutable proofs; full executable configuration; explicit aware temporal/session authority; exact predecessor, target/model/generation/rule/manifest and native readiness where applicable; same validating Session and current durable execution token/configuration/run binding"", ""WF_SETUP_DECISION_EVIDENCE"": ""Caller must deliver the following exact native authority if absent; no blanket assertion that already certified pipeline delivery lacks it: Exact native retained source bodies/IDs and immutable proofs; full executable configuration; explicit aware temporal/session authority; exact predecessor, target/model/generation/rule/manifest and native readiness where applicable; same validating Session and current durable execution token/configuration/run binding"", ""WF_SETUP_EVALUATION_RUN_STATE"": ""Caller must deliver the following exact native authority if absent; no blanket assertion that already certified pipeline delivery lacks it: Exact scoped operational/source body and its retained SQL proof; same validating Session/owner for supporting helpers; aware operation time where business-time state changes; durable job configuration/run binding and current execution token when owned"", ""WF_SETUP_PERSISTENCE"": ""Caller must deliver the following exact native authority if absent; no blanket assertion that already certified pipeline delivery lacks it: Exact native retained source bodies/IDs and immutable proofs; full executable configuration; explicit aware temporal/session authority; exact predecessor, target/model/generation/rule/manifest and native readiness where applicable; same validating Session and current durable execution token/configuration/run binding"", ""WF_SETUP_TRANSITION_EVENT_STATE"": ""Caller must deliver the following exact native authority if absent; no blanket assertion that already certified pipeline delivery lacks it: Exact native retained source bodies/IDs and immutable proofs; full executable configuration; explicit aware temporal/session authority; exact predecessor, target/model/generation/rule/manifest and native readiness where applicable; same validating Session and current durable execution token/configuration/run binding"", ""WF_SETUP_TYPED_REPOSITORY"": ""Caller must deliver the following exact native authority if absent; no blanket assertion that already certified pipeline delivery lacks it: Exact native retained source bodies/IDs and immutable proofs; full executable configuration; explicit aware temporal/session authority; exact predecessor, target/model/generation/rule/manifest and native readiness where applicable; same validating Session and current durable execution token/configuration/run binding""}","self, db, run_id: int, *, requester: str | None=None, should_cancel: Callable[[], bool] | None=None, capture_result: SnapshotCaptureResult | None=None, snapshot_ids: tuple[int, ...] | None=None, market_cutoff: MarketCalculationCutoff | None=None, pipeline_run_id: int | None=None",Exact caller integration subject to source review; writer requirements retained verbatim in required_authority,SAFE_NATIVE_WRITER: rejects missing/altered authority before dedup or advancement and rolls back the semantic Session,Explicit semantic operation and exact writer delivery; unsupported mutation deterministically rejected before writes,"SUPPLY_CONTEXT_OR_WRAP; explicit legacy only where native policy permits, never certified evidence",PRE_IMPLEMENTATION_SCOPE_RECONCILIATION_ONLY
EF_53e5ff53b1c5e6dd,SERVICE_PUBLIC,app/services/setup_lifecycle/repository.py:SetupLifecycleRepository.record_snapshot_canonical_decisions,"CURRENT_PROJECTION,SETUP",WF_SETUP_CURRENT_SELECTION,CURRENT_PROJECTION_ADVANCE,"{""WF_SETUP_CURRENT_SELECTION"": ""Caller must deliver the following exact native authority if absent; no blanket assertion that already certified pipeline delivery lacks it: Exact native retained source bodies/IDs and immutable proofs; full executable configuration; explicit aware temporal/session authority; exact predecessor, target/model/generation/rule/manifest and native readiness where applicable; same validating Session and current durable execution token/configuration/run binding""}","self, db: Session, items: list[tuple[SetupSignalSnapshot, str, dict[str, Any]]]",Exact caller integration subject to source review; writer requirements retained verbatim in required_authority,SAFE_NATIVE_WRITER: rejects missing/altered authority before dedup or advancement and rolls back the semantic Session,Explicit semantic operation and exact writer delivery; unsupported mutation deterministically rejected before writes,"SUPPLY_CONTEXT_OR_WRAP; explicit legacy only where native policy permits, never certified evidence",PRE_IMPLEMENTATION_SCOPE_RECONCILIATION_ONLY
EF_552e27976095f9b4,SERVICE_PUBLIC,app/services/ceri/alert_service.py:CeriAlertService.dismiss,CERI_ALERT,WF_CERI_ALERT_STATUS,MAINTENANCE,"{""WF_CERI_ALERT_STATUS"": ""Caller must deliver the following exact native authority if absent; no blanket assertion that already certified pipeline delivery lacks it: Exact scoped operational/source body and its retained SQL proof; same validating Session/owner for supporting helpers; aware operation time where business-time state changes; durable job configuration/run binding and current execution token when owned""}","self, db: Session, alert: CeriAlertEvent",Exact caller integration subject to source review; writer requirements retained verbatim in required_authority,SAFE_NATIVE_WRITER: rejects missing/altered authority before dedup or advancement and rolls back the semantic Session,Explicit semantic operation and exact writer delivery; unsupported mutation deterministically rejected before writes,"SUPPLY_CONTEXT_OR_WRAP; explicit legacy only where native policy permits, never certified evidence",PRE_IMPLEMENTATION_SCOPE_RECONCILIATION_ONLY
EF_567aa492a5f39941,SERVICE_PUBLIC,app/services/setup_lifecycle/repository.py:SetupLifecycleRepository.add_signal_change_event,"ALERT_DECISION,LIFECYCLE_EVALUATION,LIFECYCLE_TRANSITION,SETUP","WF_SETUP_CHANGE_EVENT_STATE,WF_SETUP_TYPED_REPOSITORY","BOOTSTRAP,CANONICAL_CALCULATION,CURRENT_STATE_REPAIR,MAINTENANCE","{""WF_SETUP_CHANGE_EVENT_STATE"": ""Caller must deliver the following exact native authority if absent; no blanket assertion that already certified pipeline delivery lacks it: Exact native retained source bodies/IDs and immutable proofs; full executable configuration; explicit aware temporal/session authority; exact predecessor, target/model/generation/rule/manifest and native readiness where applicable; same validating Session and current durable execution token/configuration/run binding"", ""WF_SETUP_TYPED_REPOSITORY"": ""Caller must deliver the following exact native authority if absent; no blanket assertion that already certified pipeline delivery lacks it: Exact native retained source bodies/IDs and immutable proofs; full executable configuration; explicit aware temporal/session authority; exact predecessor, target/model/generation/rule/manifest and native readiness where applicable; same validating Session and current durable execution token/configuration/run binding""}","self, db: Session, event: SignalChangeEvent",Exact caller integration subject to source review; writer requirements retained verbatim in required_authority,SAFE_NATIVE_WRITER: rejects missing/altered authority before dedup or advancement and rolls back the semantic Session,Explicit semantic operation and exact writer delivery; unsupported mutation deterministically rejected before writes,"SUPPLY_CONTEXT_OR_WRAP; explicit legacy only where native policy permits, never certified evidence",PRE_IMPLEMENTATION_SCOPE_RECONCILIATION_ONLY
EF_5b65c0a336085ec6,SERVICE_PUBLIC,app/services/winner_probability/decision_time_estimate_service.py:DecisionTimeEstimateService.create_decision_time_estimate,"WINNER_COHORT,WINNER_ESTIMATE","WF_WINNER_COHORT_DEFINITION,WF_WINNER_ESTIMATOR,WF_WINNER_EVIDENCE_MANIFEST,WF_WINNER_INLINE_COHORT","BOOTSTRAP,CANONICAL_CALCULATION","{""WF_WINNER_COHORT_DEFINITION"": ""Caller must deliver the following exact native authority if absent; no blanket assertion that already certified pipeline delivery lacks it: Exact scoped operational/source body and its retained SQL proof; same validating Session/owner for supporting helpers; aware operation time where business-time state changes; durable job configuration/run binding and current execution token when owned"", ""WF_WINNER_ESTIMATOR"": ""Caller must deliver the following exact native authority if absent; no blanket assertion that already certified pipeline delivery lacks it: Exact native retained source bodies/IDs and immutable proofs; full executable configuration; explicit aware temporal/session authority; exact predecessor, target/model/generation/rule/manifest and native readiness where applicable; same validating Session and current durable execution token/configuration/run binding"", ""WF_WINNER_EVIDENCE_MANIFEST"": ""Caller must deliver the following exact native authority if absent; no blanket assertion that already certified pipeline delivery lacks it: Exact scoped operational/source body and its retained SQL proof; same validating Session/owner for supporting helpers; aware operation time where business-time state changes; durable job configuration/run binding and current execution token when owned"", ""WF_WINNER_INLINE_COHORT"": ""Caller must deliver the following exact native authority if absent; no blanket assertion that already certified pipeline delivery lacks it: Exact native retained source bodies/IDs and immutable proofs; full executable configuration; explicit aware temporal/session authority; exact predecessor, target/model/generation/rule/manifest and native readiness where applicable; same validating Session and current durable execution token/configuration/run binding""}","self, db: Session, *, prediction: WinnerPredictionSnapshot, outcome_definition: WinnerOutcomeDefinition, config: WinnerProbabilityConfig",Exact caller integration subject to source review; writer requirements retained verbatim in required_authority,SAFE_NATIVE_WRITER: rejects missing/altered authority before dedup or advancement and rolls back the semantic Session,Explicit semantic operation and exact writer delivery; unsupported mutation deterministically rejected before writes,"SUPPLY_CONTEXT_OR_WRAP; explicit legacy only where native policy permits, never certified evidence",PRE_IMPLEMENTATION_SCOPE_RECONCILIATION_ONLY
EF_5ecffaf35b261ecd,SERVICE_PUBLIC,app/services/setup_lifecycle/snapshot_builder.py:SetupLifecycleSnapshotCaptureService.capture_snapshots_for_run,"ALERT_DECISION,CERI,COMBINED,CURRENT_PROJECTION,FUNDAMENTAL,IBMI,LIFECYCLE_EVALUATION,LIFECYCLE_TRANSITION,RANKING,REGIME,SECTOR,SETUP,TECHNICAL","WF_CORE_CURRENT_PROJECTION,WF_CORE_RETAINED_EVIDENCE,WF_SETUP_EVALUATION_RUN_STATE,WF_SETUP_PERSISTENCE,WF_SETUP_TYPED_REPOSITORY","BOOTSTRAP,CANONICAL_CALCULATION,CURRENT_PROJECTION_ADVANCE,MAINTENANCE","{""WF_SETUP_EVALUATION_RUN_STATE"": ""Caller must deliver the following exact native authority if absent; no blanket assertion that already certified pipeline delivery lacks it: Exact scoped operational/source body and its retained SQL proof; same validating Session/owner for supporting helpers; aware operation time where business-time state changes; durable job configuration/run binding and current execution token when owned"", ""WF_SETUP_PERSISTENCE"": ""Caller must deliver the following exact native authority if absent; no blanket assertion that already certified pipeline delivery lacks it: Exact native retained source bodies/IDs and immutable proofs; full executable configuration; explicit aware temporal/session authority; exact predecessor, target/model/generation/rule/manifest and native readiness where applicable; same validating Session and current durable execution token/configuration/run binding"", ""WF_SETUP_TYPED_REPOSITORY"": ""Caller must deliver the following exact native authority if absent; no blanket assertion that already certified pipeline delivery lacks it: Exact native retained source bodies/IDs and immutable proofs; full executable configuration; explicit aware temporal/session authority; exact predecessor, target/model/generation/rule/manifest and native readiness where applicable; same validating Session and current durable execution token/configuration/run binding""}","self, db, run_id: int, *, evaluation_run: SetupLifecycleEvaluationRun | None=None, requester: str | None=None, finalize_evaluation_run: bool=True, market_cutoff=None",Exact caller integration subject to source review; writer requirements retained verbatim in required_authority,SAFE_NATIVE_WRITER: rejects missing/altered authority before dedup or advancement and rolls back the semantic Session,Explicit semantic operation and exact writer delivery; unsupported mutation deterministically rejected before writes,"SUPPLY_CONTEXT_OR_WRAP; explicit legacy only where native policy permits, never certified evidence",PRE_IMPLEMENTATION_SCOPE_RECONCILIATION_ONLY
EF_60948ade054ed19a,SERVICE_PUBLIC,app/services/setup_lifecycle/snapshot_builder.py:capture_snapshots_for_run,"ALERT_DECISION,CERI,COMBINED,CURRENT_PROJECTION,FUNDAMENTAL,IBMI,LIFECYCLE_EVALUATION,LIFECYCLE_TRANSITION,RANKING,REGIME,SECTOR,SETUP,TECHNICAL","WF_CORE_CURRENT_PROJECTION,WF_CORE_RETAINED_EVIDENCE,WF_SETUP_EVALUATION_RUN_STATE,WF_SETUP_PERSISTENCE,WF_SETUP_TYPED_REPOSITORY","BOOTSTRAP,CANONICAL_CALCULATION,CURRENT_PROJECTION_ADVANCE,MAINTENANCE","{""WF_SETUP_EVALUATION_RUN_STATE"": ""Caller must deliver the following exact native authority if absent; no blanket assertion that already certified pipeline delivery lacks it: Exact scoped operational/source body and its retained SQL proof; same validating Session/owner for supporting helpers; aware operation time where business-time state changes; durable job configuration/run binding and current execution token when owned"", ""WF_SETUP_PERSISTENCE"": ""Caller must deliver the following exact native authority if absent; no blanket assertion that already certified pipeline delivery lacks it: Exact native retained source bodies/IDs and immutable proofs; full executable configuration; explicit aware temporal/session authority; exact predecessor, target/model/generation/rule/manifest and native readiness where applicable; same validating Session and current durable execution token/configuration/run binding"", ""WF_SETUP_TYPED_REPOSITORY"": ""Caller must deliver the following exact native authority if absent; no blanket assertion that already certified pipeline delivery lacks it: Exact native retained source bodies/IDs and immutable proofs; full executable configuration; explicit aware temporal/session authority; exact predecessor, target/model/generation/rule/manifest and native readiness where applicable; same validating Session and current durable execution token/configuration/run binding""}","db, run_id: int, *, config: SetupLifecycleConfig | None=None, requester: str | None=None, market_cutoff=None",Exact caller integration subject to source review; writer requirements retained verbatim in required_authority,SAFE_NATIVE_WRITER: rejects missing/altered authority before dedup or advancement and rolls back the semantic Session,Explicit semantic operation and exact writer delivery; unsupported mutation deterministically rejected before writes,"SUPPLY_CONTEXT_OR_WRAP; explicit legacy only where native policy permits, never certified evidence",PRE_IMPLEMENTATION_SCOPE_RECONCILIATION_ONLY
EF_62e86ef307df87ac,SERVICE_PUBLIC,app/services/winner_probability/calibration_service.py:CalibrationService.persist_bins,WINNER_DIAGNOSTICS,WF_WINNER_CALIBRATION,CANONICAL_CALCULATION,"{""WF_WINNER_CALIBRATION"": ""Caller must deliver the following exact native authority if absent; no blanket assertion that already certified pipeline delivery lacks it: Exact native retained source bodies/IDs and immutable proofs; full executable configuration; explicit aware temporal/session authority; exact predecessor, target/model/generation/rule/manifest and native readiness where applicable; same validating Session and current durable execution token/configuration/run binding""}","self, db: Session, *, report: CalibrationReport, outcome_definition_id: int, estimate_kind: str, model_version_id: int | None=None, segment: dict[str, Any] | None=None",Exact caller integration subject to source review; writer requirements retained verbatim in required_authority,SAFE_NATIVE_WRITER: rejects missing/altered authority before dedup or advancement and rolls back the semantic Session,Explicit semantic operation and exact writer delivery; unsupported mutation deterministically rejected before writes,"SUPPLY_CONTEXT_OR_WRAP; explicit legacy only where native policy permits, never certified evidence",PRE_IMPLEMENTATION_SCOPE_RECONCILIATION_ONLY
EF_6512999c3ff8e394,SERVICE_PUBLIC,app/services/setup_lifecycle/repository.py:SetupLifecycleRepository.create_evaluation_run,"ALERT_DECISION,LIFECYCLE_EVALUATION,LIFECYCLE_TRANSITION,SETUP","WF_SETUP_EVALUATION_RUN_STATE,WF_SETUP_TYPED_REPOSITORY","BOOTSTRAP,CANONICAL_CALCULATION,MAINTENANCE","{""WF_SETUP_EVALUATION_RUN_STATE"": ""Caller must deliver the following exact native authority if absent; no blanket assertion that already certified pipeline delivery lacks it: Exact scoped operational/source body and its retained SQL proof; same validating Session/owner for supporting helpers; aware operation time where business-time state changes; durable job configuration/run binding and current execution token when owned"", ""WF_SETUP_TYPED_REPOSITORY"": ""Caller must deliver the following exact native authority if absent; no blanket assertion that already certified pipeline delivery lacks it: Exact native retained source bodies/IDs and immutable proofs; full executable configuration; explicit aware temporal/session authority; exact predecessor, target/model/generation/rule/manifest and native readiness where applicable; same validating Session and current durable execution token/configuration/run binding""}","self, db: Session, *, mode: str, status: str, engine_version: str, config_version: str, config_hash: str, source_run_id: int | None=None, source_run_id_text: str | None=None, output_evaluation_version: str | None=None, date_from: date | None=None, date_to: date | None=None, ticker_scope: list[str] | None=None, requested_config: dict[str, Any] | None=None, dry_run: bool=False, requester: str | None=None",Exact caller integration subject to source review; writer requirements retained verbatim in required_authority,SAFE_NATIVE_WRITER: rejects missing/altered authority before dedup or advancement and rolls back the semantic Session,Explicit semantic operation and exact writer delivery; unsupported mutation deterministically rejected before writes,"SUPPLY_CONTEXT_OR_WRAP; explicit legacy only where native policy permits, never certified evidence",PRE_IMPLEMENTATION_SCOPE_RECONCILIATION_ONLY
EF_7042df9c9280cacb,SERVICE_PUBLIC,app/services/winner_probability/model_training.py:ShadowModelTrainingService.persist_training_run,WINNER_DIAGNOSTICS,WF_WINNER_MODEL_TRAINING,CANONICAL_CALCULATION,"{""WF_WINNER_MODEL_TRAINING"": ""Caller must deliver the following exact native authority if absent; no blanket assertion that already certified pipeline delivery lacks it: Exact native retained source bodies/IDs and immutable proofs; full executable configuration; explicit aware temporal/session authority; exact predecessor, target/model/generation/rule/manifest and native readiness where applicable; same validating Session and current durable execution token/configuration/run binding""}","self, db: Session, *, report: ShadowTrainingReport, outcome_definition_id: int, training_cutoff_at: datetime, background_job_id: int | None=None, candidate_model_version_id: int | None=None",Exact caller integration subject to source review; writer requirements retained verbatim in required_authority,SAFE_NATIVE_WRITER: rejects missing/altered authority before dedup or advancement and rolls back the semantic Session,Explicit semantic operation and exact writer delivery; unsupported mutation deterministically rejected before writes,"SUPPLY_CONTEXT_OR_WRAP; explicit legacy only where native policy permits, never certified evidence",PRE_IMPLEMENTATION_SCOPE_RECONCILIATION_ONLY
EF_7ce4f5f114ccbfab,SERVICE_PUBLIC,app/services/winner_probability/outcome_revision_service.py:OutcomeRevisionService.upsert_forward_revision,WINNER_OUTCOME,WF_WINNER_OUTCOME_REVISION,OUTCOME_MATURATION,"{""WF_WINNER_OUTCOME_REVISION"": ""Caller must deliver the following exact native authority if absent; no blanket assertion that already certified pipeline delivery lacks it: Exact native retained source bodies/IDs and immutable proofs; full executable configuration; explicit aware temporal/session authority; exact predecessor, target/model/generation/rule/manifest and native readiness where applicable; same validating Session and current durable execution token/configuration/run binding""}","self, db: Session, current: WinnerForwardOutcome, values: dict[str, Any], *, now: datetime",Exact caller integration subject to source review; writer requirements retained verbatim in required_authority,SAFE_NATIVE_WRITER: rejects missing/altered authority before dedup or advancement and rolls back the semantic Session,Explicit semantic operation and exact writer delivery; unsupported mutation deterministically rejected before writes,"SUPPLY_CONTEXT_OR_WRAP; explicit legacy only where native policy permits, never certified evidence",PRE_IMPLEMENTATION_SCOPE_RECONCILIATION_ONLY
EF_7de5b07f9f5c012a,SERVICE_PUBLIC,app/services/setup_lifecycle/episode_service.py:SetupLifecycleEpisodeService.refresh_primary_status,"LIFECYCLE_TRANSITION,SETUP",WF_LIFECYCLE_EPISODE,CANONICAL_CALCULATION,"{""WF_LIFECYCLE_EPISODE"": ""Caller must deliver the following exact native authority if absent; no blanket assertion that already certified pipeline delivery lacks it: Exact native retained source bodies/IDs and immutable proofs; full executable configuration; explicit aware temporal/session authority; exact predecessor, target/model/generation/rule/manifest and native readiness where applicable; same validating Session and current durable execution token/configuration/run binding""}","self, db, *, ticker: str, timeframe: str",Exact caller integration subject to source review; writer requirements retained verbatim in required_authority,SAFE_NATIVE_WRITER: rejects missing/altered authority before dedup or advancement and rolls back the semantic Session,Explicit semantic operation and exact writer delivery; unsupported mutation deterministically rejected before writes,"SUPPLY_CONTEXT_OR_WRAP; explicit legacy only where native policy permits, never certified evidence",PRE_IMPLEMENTATION_SCOPE_RECONCILIATION_ONLY
EF_7f9ab18e0a68b4e4,SERVICE_PUBLIC,app/services/winner_probability/evidence_manifest_service.py:EvidenceManifestService.persist_members,WINNER_COHORT,WF_WINNER_EVIDENCE_MANIFEST,CANONICAL_CALCULATION,"{""WF_WINNER_EVIDENCE_MANIFEST"": ""Caller must deliver the following exact native authority if absent; no blanket assertion that already certified pipeline delivery lacks it: Exact scoped operational/source body and its retained SQL proof; same validating Session/owner for supporting helpers; aware operation time where business-time state changes; durable job configuration/run binding and current execution token when owned""}","self, db: Session, *, estimate: WinnerProbabilityEstimate, evidence: tuple[GenerationEvidenceMember, ...], included_as_of: datetime, inclusion_cutoff_at: datetime",Exact caller integration subject to source review; writer requirements retained verbatim in required_authority,SAFE_NATIVE_WRITER: rejects missing/altered authority before dedup or advancement and rolls back the semantic Session,Explicit semantic operation and exact writer delivery; unsupported mutation deterministically rejected before writes,"SUPPLY_CONTEXT_OR_WRAP; explicit legacy only where native policy permits, never certified evidence",PRE_IMPLEMENTATION_SCOPE_RECONCILIATION_ONLY
EF_84d4762d05423329,SERVICE_PUBLIC,app/services/setup_lifecycle/change_detector.py:SetupLifecycleChangeDetector.detect_and_persist,"ALERT_DECISION,LIFECYCLE_EVALUATION,LIFECYCLE_TRANSITION,SETUP","WF_SETUP_CHANGE_EVENT_STATE,WF_SETUP_TYPED_REPOSITORY","BOOTSTRAP,CANONICAL_CALCULATION,CURRENT_STATE_REPAIR,MAINTENANCE","{""WF_SETUP_CHANGE_EVENT_STATE"": ""Caller must deliver the following exact native authority if absent; no blanket assertion that already certified pipeline delivery lacks it: Exact native retained source bodies/IDs and immutable proofs; full executable configuration; explicit aware temporal/session authority; exact predecessor, target/model/generation/rule/manifest and native readiness where applicable; same validating Session and current durable execution token/configuration/run binding"", ""WF_SETUP_TYPED_REPOSITORY"": ""Caller must deliver the following exact native authority if absent; no blanket assertion that already certified pipeline delivery lacks it: Exact native retained source bodies/IDs and immutable proofs; full executable configuration; explicit aware temporal/session authority; exact predecessor, target/model/generation/rule/manifest and native readiness where applicable; same validating Session and current durable execution token/configuration/run binding""}","self, db, *, evaluation_run_id: int | None, snapshot_ids: tuple[int, ...]",Exact caller integration subject to source review; writer requirements retained verbatim in required_authority,SAFE_NATIVE_WRITER: rejects missing/altered authority before dedup or advancement and rolls back the semantic Session,Explicit semantic operation and exact writer delivery; unsupported mutation deterministically rejected before writes,"SUPPLY_CONTEXT_OR_WRAP; explicit legacy only where native policy permits, never certified evidence",PRE_IMPLEMENTATION_SCOPE_RECONCILIATION_ONLY
EF_8cbe38eaadc0dfcb,SERVICE_PUBLIC,app/services/winner_probability/probability_estimator.py:ProbabilityEstimator.create_decision_time_estimate,"WINNER_COHORT,WINNER_ESTIMATE","WF_WINNER_COHORT_DEFINITION,WF_WINNER_ESTIMATOR,WF_WINNER_EVIDENCE_MANIFEST,WF_WINNER_INLINE_COHORT","BOOTSTRAP,CANONICAL_CALCULATION","{""WF_WINNER_COHORT_DEFINITION"": ""Caller must deliver the following exact native authority if absent; no blanket assertion that already certified pipeline delivery lacks it: Exact scoped operational/source body and its retained SQL proof; same validating Session/owner for supporting helpers; aware operation time where business-time state changes; durable job configuration/run binding and current execution token when owned"", ""WF_WINNER_ESTIMATOR"": ""Caller must deliver the following exact native authority if absent; no blanket assertion that already certified pipeline delivery lacks it: Exact native retained source bodies/IDs and immutable proofs; full executable configuration; explicit aware temporal/session authority; exact predecessor, target/model/generation/rule/manifest and native readiness where applicable; same validating Session and current durable execution token/configuration/run binding"", ""WF_WINNER_EVIDENCE_MANIFEST"": ""Caller must deliver the following exact native authority if absent; no blanket assertion that already certified pipeline delivery lacks it: Exact scoped operational/source body and its retained SQL proof; same validating Session/owner for supporting helpers; aware operation time where business-time state changes; durable job configuration/run binding and current execution token when owned"", ""WF_WINNER_INLINE_COHORT"": ""Caller must deliver the following exact native authority if absent; no blanket assertion that already certified pipeline delivery lacks it: Exact native retained source bodies/IDs and immutable proofs; full executable configuration; explicit aware temporal/session authority; exact predecessor, target/model/generation/rule/manifest and native readiness where applicable; same validating Session and current durable execution token/configuration/run binding""}","self, db: Session, *, prediction: WinnerPredictionSnapshot, outcome_definition: WinnerOutcomeDefinition, config: WinnerProbabilityConfig | None=None",Exact caller integration subject to source review; writer requirements retained verbatim in required_authority,SAFE_NATIVE_WRITER: rejects missing/altered authority before dedup or advancement and rolls back the semantic Session,Explicit semantic operation and exact writer delivery; unsupported mutation deterministically rejected before writes,"SUPPLY_CONTEXT_OR_WRAP; explicit legacy only where native policy permits, never certified evidence",PRE_IMPLEMENTATION_SCOPE_RECONCILIATION_ONLY
EF_8d44630b5c3bfb20,SERVICE_PUBLIC,app/services/ceri/alert_service.py:CeriAlertService.persist_alert_for_change,CERI_ALERT,WF_CERI_ALERT_CREATION,CANONICAL_CALCULATION,"{""WF_CERI_ALERT_CREATION"": ""Caller must deliver the following exact native authority if absent; no blanket assertion that already certified pipeline delivery lacks it: Exact native retained source bodies/IDs and immutable proofs; full executable configuration; explicit aware temporal/session authority; exact predecessor, target/model/generation/rule/manifest and native readiness where applicable; same validating Session and current durable execution token/configuration/run binding""}","self, db: Session, *, change: CeriChangeEvent, ticker: str",Exact caller integration subject to source review; writer requirements retained verbatim in required_authority,SAFE_NATIVE_WRITER: rejects missing/altered authority before dedup or advancement and rolls back the semantic Session,Explicit semantic operation and exact writer delivery; unsupported mutation deterministically rejected before writes,"SUPPLY_CONTEXT_OR_WRAP; explicit legacy only where native policy permits, never certified evidence",PRE_IMPLEMENTATION_SCOPE_RECONCILIATION_ONLY
EF_8e47858541189c36,SERVICE_PUBLIC,app/services/winner_probability/cohort_generation_service.py:EvidenceWatermarkService.advance_to_current_material_evidence,CURRENT_PROJECTION,WF_WINNER_WATERMARK,CURRENT_PROJECTION_ADVANCE,"{""WF_WINNER_WATERMARK"": ""Caller must deliver the following exact native authority if absent; no blanket assertion that already certified pipeline delivery lacks it: Exact scoped operational/source body and its retained SQL proof; same validating Session/owner for supporting helpers; aware operation time where business-time state changes; durable job configuration/run binding and current execution token when owned""}","self, db: Session, *, outcome_definition: WinnerOutcomeDefinition, config: WinnerProbabilityConfig, observed_at: datetime | None=None",Exact caller integration subject to source review; writer requirements retained verbatim in required_authority,SAFE_NATIVE_WRITER: rejects missing/altered authority before dedup or advancement and rolls back the semantic Session,Explicit semantic operation and exact writer delivery; unsupported mutation deterministically rejected before writes,"SUPPLY_CONTEXT_OR_WRAP; explicit legacy only where native policy permits, never certified evidence",PRE_IMPLEMENTATION_SCOPE_RECONCILIATION_ONLY
EF_913f3902d02f0fc3,SERVICE_PUBLIC,app/services/winner_probability/outcome_revision_service.py:OutcomeRevisionService.upsert_target_stop_revision,WINNER_OUTCOME,WF_WINNER_OUTCOME_REVISION,OUTCOME_MATURATION,"{""WF_WINNER_OUTCOME_REVISION"": ""Caller must deliver the following exact native authority if absent; no blanket assertion that already certified pipeline delivery lacks it: Exact native retained source bodies/IDs and immutable proofs; full executable configuration; explicit aware temporal/session authority; exact predecessor, target/model/generation/rule/manifest and native readiness where applicable; same validating Session and current durable execution token/configuration/run binding""}","self, db: Session, current: WinnerTargetStopOutcome, values: dict[str, Any], *, now: datetime",Exact caller integration subject to source review; writer requirements retained verbatim in required_authority,SAFE_NATIVE_WRITER: rejects missing/altered authority before dedup or advancement and rolls back the semantic Session,Explicit semantic operation and exact writer delivery; unsupported mutation deterministically rejected before writes,"SUPPLY_CONTEXT_OR_WRAP; explicit legacy only where native policy permits, never certified evidence",PRE_IMPLEMENTATION_SCOPE_RECONCILIATION_ONLY
EF_9331426e90d56ac8,SERVICE_PUBLIC,app/services/setup_lifecycle/repository.py:SetupLifecycleRepository.add_new_lifecycle_event,"ALERT_DECISION,LIFECYCLE_EVALUATION,LIFECYCLE_TRANSITION,SETUP","WF_SETUP_TRANSITION_EVENT_STATE,WF_SETUP_TYPED_REPOSITORY","BOOTSTRAP,CANONICAL_CALCULATION,CURRENT_STATE_REPAIR,MAINTENANCE","{""WF_SETUP_TRANSITION_EVENT_STATE"": ""Caller must deliver the following exact native authority if absent; no blanket assertion that already certified pipeline delivery lacks it: Exact native retained source bodies/IDs and immutable proofs; full executable configuration; explicit aware temporal/session authority; exact predecessor, target/model/generation/rule/manifest and native readiness where applicable; same validating Session and current durable execution token/configuration/run binding"", ""WF_SETUP_TYPED_REPOSITORY"": ""Caller must deliver the following exact native authority if absent; no blanket assertion that already certified pipeline delivery lacks it: Exact native retained source bodies/IDs and immutable proofs; full executable configuration; explicit aware temporal/session authority; exact predecessor, target/model/generation/rule/manifest and native readiness where applicable; same validating Session and current durable execution token/configuration/run binding""}","self, db: Session, event: SetupLifecycleEvent",Exact caller integration subject to source review; writer requirements retained verbatim in required_authority,SAFE_NATIVE_WRITER: rejects missing/altered authority before dedup or advancement and rolls back the semantic Session,Explicit semantic operation and exact writer delivery; unsupported mutation deterministically rejected before writes,"SUPPLY_CONTEXT_OR_WRAP; explicit legacy only where native policy permits, never certified evidence",PRE_IMPLEMENTATION_SCOPE_RECONCILIATION_ONLY
EF_955c1ccf26f164a6,SERVICE_PUBLIC,app/services/winner_probability/model_registry.py:ModelRegistry.promote_model,WINNER_MODEL,WF_WINNER_MODEL_GOVERNANCE,MAINTENANCE,"{""WF_WINNER_MODEL_GOVERNANCE"": ""Caller must deliver the following exact native authority if absent; no blanket assertion that already certified pipeline delivery lacks it: Exact native retained source bodies/IDs and immutable proofs; full executable configuration; explicit aware temporal/session authority; exact predecessor, target/model/generation/rule/manifest and native readiness where applicable; same validating Session and current durable execution token/configuration/run binding""}","self, db: Session, *, model_id: int, actor: str, reason: str, config: WinnerProbabilityConfig | None=None",Exact caller integration subject to source review; writer requirements retained verbatim in required_authority,SAFE_NATIVE_WRITER: rejects missing/altered authority before dedup or advancement and rolls back the semantic Session,Explicit semantic operation and exact writer delivery; unsupported mutation deterministically rejected before writes,"SUPPLY_CONTEXT_OR_WRAP; explicit legacy only where native policy permits, never certified evidence",PRE_IMPLEMENTATION_SCOPE_RECONCILIATION_ONLY
EF_9b4d3201debe9ea7,SERVICE_PUBLIC,app/services/setup_lifecycle/repository.py:SetupLifecycleRepository.upsert_alert_rule,"ALERT_DECISION,CONFIGURATION",WF_SETUP_ALERT_RULE_STATE,"BOOTSTRAP,MAINTENANCE","{""WF_SETUP_ALERT_RULE_STATE"": ""Caller must deliver the following exact native authority if absent; no blanket assertion that already certified pipeline delivery lacks it: Exact scoped operational/source body and its retained SQL proof; same validating Session/owner for supporting helpers; aware operation time where business-time state changes; durable job configuration/run binding and current execution token when owned""}","self, db: Session, *, rule_id: str, severity: str, scope: str, config_version: str, enabled: bool=True, setup_family: str | None=None, cooldown_sessions: int=0, minimum_confidence: int=0, condition: dict[str, Any] | None=None, market_restrictions: dict[str, Any] | None=None",Exact caller integration subject to source review; writer requirements retained verbatim in required_authority,SAFE_NATIVE_WRITER: rejects missing/altered authority before dedup or advancement and rolls back the semantic Session,Explicit semantic operation and exact writer delivery; unsupported mutation deterministically rejected before writes,"SUPPLY_CONTEXT_OR_WRAP; explicit legacy only where native policy permits, never certified evidence",PRE_IMPLEMENTATION_SCOPE_RECONCILIATION_ONLY
EF_9b54186b1978efc7,SERVICE_PUBLIC,app/services/setup_lifecycle/alert_service.py:SetupLifecycleAlertService.seed_builtin_rules,"ALERT_DECISION,CONFIGURATION","WF_SETUP_ALERT_RULE_BOOTSTRAP,WF_SETUP_ALERT_RULE_STATE","BOOTSTRAP,MAINTENANCE","{""WF_SETUP_ALERT_RULE_BOOTSTRAP"": ""Caller must deliver the following exact native authority if absent; no blanket assertion that already certified pipeline delivery lacks it: Exact scoped operational/source body and its retained SQL proof; same validating Session/owner for supporting helpers; aware operation time where business-time state changes; durable job configuration/run binding and current execution token when owned"", ""WF_SETUP_ALERT_RULE_STATE"": ""Caller must deliver the following exact native authority if absent; no blanket assertion that already certified pipeline delivery lacks it: Exact scoped operational/source body and its retained SQL proof; same validating Session/owner for supporting helpers; aware operation time where business-time state changes; durable job configuration/run binding and current execution token when owned""}","self, db",Exact caller integration subject to source review; writer requirements retained verbatim in required_authority,SAFE_NATIVE_WRITER: rejects missing/altered authority before dedup or advancement and rolls back the semantic Session,Explicit semantic operation and exact writer delivery; unsupported mutation deterministically rejected before writes,"SUPPLY_CONTEXT_OR_WRAP; explicit legacy only where native policy permits, never certified evidence",PRE_IMPLEMENTATION_SCOPE_RECONCILIATION_ONLY
EF_9de871e1a7416925,SERVICE_PUBLIC,app/services/winner_probability/cohort_generation_service.py:CohortGenerationService.publish_reviewed_supersession,"CURRENT_PROJECTION,WINNER_GENERATION",WF_WINNER_GENERATION,CANONICAL_CALCULATION,"{""WF_WINNER_GENERATION"": ""Caller must deliver the following exact native authority if absent; no blanket assertion that already certified pipeline delivery lacks it: Exact native retained source bodies/IDs and immutable proofs; full executable configuration; explicit aware temporal/session authority; exact predecessor, target/model/generation/rule/manifest and native readiness where applicable; same validating Session and current durable execution token/configuration/run binding""}","self, db: Session, *, generation: WinnerCohortGeneration, previous: WinnerCohortGeneration, published_at: datetime",Exact caller integration subject to source review; writer requirements retained verbatim in required_authority,SAFE_NATIVE_WRITER: rejects missing/altered authority before dedup or advancement and rolls back the semantic Session,Explicit semantic operation and exact writer delivery; unsupported mutation deterministically rejected before writes,"SUPPLY_CONTEXT_OR_WRAP; explicit legacy only where native policy permits, never certified evidence",PRE_IMPLEMENTATION_SCOPE_RECONCILIATION_ONLY
EF_9e0bf6312cea1b10,SERVICE_PUBLIC,app/services/setup_lifecycle/repository.py:SetupLifecycleRepository.advance_canonical_selections,"CURRENT_PROJECTION,SETUP",WF_SETUP_CURRENT_SELECTION,CURRENT_PROJECTION_ADVANCE,"{""WF_SETUP_CURRENT_SELECTION"": ""Caller must deliver the following exact native authority if absent; no blanket assertion that already certified pipeline delivery lacks it: Exact native retained source bodies/IDs and immutable proofs; full executable configuration; explicit aware temporal/session authority; exact predecessor, target/model/generation/rule/manifest and native readiness where applicable; same validating Session and current durable execution token/configuration/run binding""}","self, db: Session, items: list[tuple[SetupSignalSnapshot, dict[str, Any]]], *, reason: str, evaluation_run_id: int | None=None",Exact caller integration subject to source review; writer requirements retained verbatim in required_authority,SAFE_NATIVE_WRITER: rejects missing/altered authority before dedup or advancement and rolls back the semantic Session,Explicit semantic operation and exact writer delivery; unsupported mutation deterministically rejected before writes,"SUPPLY_CONTEXT_OR_WRAP; explicit legacy only where native policy permits, never certified evidence",PRE_IMPLEMENTATION_SCOPE_RECONCILIATION_ONLY
EF_a65afd15a9f488ee,SERVICE_PUBLIC,app/services/setup_lifecycle/repository.py:SetupLifecycleRepository.upsert_snapshot,SETUP,WF_SETUP_PERSISTENCE,CANONICAL_CALCULATION,"{""WF_SETUP_PERSISTENCE"": ""Caller must deliver the following exact native authority if absent; no blanket assertion that already certified pipeline delivery lacks it: Exact native retained source bodies/IDs and immutable proofs; full executable configuration; explicit aware temporal/session authority; exact predecessor, target/model/generation/rule/manifest and native readiness where applicable; same validating Session and current durable execution token/configuration/run binding""}","self, db: Session, dto: SetupSignalSnapshotWrite",Exact caller integration subject to source review; writer requirements retained verbatim in required_authority,SAFE_NATIVE_WRITER: rejects missing/altered authority before dedup or advancement and rolls back the semantic Session,Explicit semantic operation and exact writer delivery; unsupported mutation deterministically rejected before writes,"SUPPLY_CONTEXT_OR_WRAP; explicit legacy only where native policy permits, never certified evidence",PRE_IMPLEMENTATION_SCOPE_RECONCILIATION_ONLY
EF_a89fe25d89061bca,SERVICE_PUBLIC,app/services/winner_probability/market_data_obligation_service.py:MarketDataObligationService.record_fetch_results,PRICE,WF_WINNER_MARKET_DATA_OBLIGATION,MAINTENANCE,"{""WF_WINNER_MARKET_DATA_OBLIGATION"": ""Caller must deliver the following exact native authority if absent; no blanket assertion that already certified pipeline delivery lacks it: Exact scoped operational/source body and its retained SQL proof; same validating Session/owner for supporting helpers; aware operation time where business-time state changes; durable job configuration/run binding and current execution token when owned""}","self, db: Session, *, fetch_run: IBFetchRun, now: datetime | None=None",Exact caller integration subject to source review; writer requirements retained verbatim in required_authority,SAFE_NATIVE_WRITER: rejects missing/altered authority before dedup or advancement and rolls back the semantic Session,Explicit semantic operation and exact writer delivery; unsupported mutation deterministically rejected before writes,"SUPPLY_CONTEXT_OR_WRAP; explicit legacy only where native policy permits, never certified evidence",PRE_IMPLEMENTATION_SCOPE_RECONCILIATION_ONLY
EF_abd56d56b5b99888,SERVICE_PUBLIC,app/services/winner_probability/evidence_manifest_service.py:EvidenceManifestService.create_or_get_manifest,WINNER_COHORT,WF_WINNER_EVIDENCE_MANIFEST,CANONICAL_CALCULATION,"{""WF_WINNER_EVIDENCE_MANIFEST"": ""Caller must deliver the following exact native authority if absent; no blanket assertion that already certified pipeline delivery lacks it: Exact scoped operational/source body and its retained SQL proof; same validating Session/owner for supporting helpers; aware operation time where business-time state changes; durable job configuration/run binding and current execution token when owned""}","self, db: Session, *, evidence: tuple[GenerationEvidenceMember, ...], hash_algorithm: str='sha256'",Exact caller integration subject to source review; writer requirements retained verbatim in required_authority,SAFE_NATIVE_WRITER: rejects missing/altered authority before dedup or advancement and rolls back the semantic Session,Explicit semantic operation and exact writer delivery; unsupported mutation deterministically rejected before writes,"SUPPLY_CONTEXT_OR_WRAP; explicit legacy only where native policy permits, never certified evidence",PRE_IMPLEMENTATION_SCOPE_RECONCILIATION_ONLY
EF_b28b7630f07da0e9,SERVICE_PUBLIC,app/services/setup_lifecycle/episode_service.py:SetupLifecycleEpisodeService.refresh_primary_statuses,"LIFECYCLE_TRANSITION,SETUP",WF_LIFECYCLE_EPISODE,CANONICAL_CALCULATION,"{""WF_LIFECYCLE_EPISODE"": ""Caller must deliver the following exact native authority if absent; no blanket assertion that already certified pipeline delivery lacks it: Exact native retained source bodies/IDs and immutable proofs; full executable configuration; explicit aware temporal/session authority; exact predecessor, target/model/generation/rule/manifest and native readiness where applicable; same validating Session and current durable execution token/configuration/run binding""}","self, db, *, keys: set[tuple[str, str]]",Exact caller integration subject to source review; writer requirements retained verbatim in required_authority,SAFE_NATIVE_WRITER: rejects missing/altered authority before dedup or advancement and rolls back the semantic Session,Explicit semantic operation and exact writer delivery; unsupported mutation deterministically rejected before writes,"SUPPLY_CONTEXT_OR_WRAP; explicit legacy only where native policy permits, never certified evidence",PRE_IMPLEMENTATION_SCOPE_RECONCILIATION_ONLY
EF_b2c4eae10dbb7074,SERVICE_PUBLIC,app/services/winner_probability/training_eligibility.py:TrainingEligibilityPolicy.persist_capture_decision,WINNER_PREDICTION,WF_WINNER_CAPTURE_TRAINING_METADATA,MAINTENANCE,"{""WF_WINNER_CAPTURE_TRAINING_METADATA"": ""Caller must deliver the following exact native authority if absent; no blanket assertion that already certified pipeline delivery lacks it: Exact scoped operational/source body and its retained SQL proof; same validating Session/owner for supporting helpers; aware operation time where business-time state changes; durable job configuration/run binding and current execution token when owned""}","self, prediction: WinnerPredictionSnapshot, *, explicit_legacy_override: bool | None=None",Exact caller integration subject to source review; writer requirements retained verbatim in required_authority,SAFE_NATIVE_WRITER: rejects missing/altered authority before dedup or advancement and rolls back the semantic Session,Explicit semantic operation and exact writer delivery; unsupported mutation deterministically rejected before writes,"SUPPLY_CONTEXT_OR_WRAP; explicit legacy only where native policy permits, never certified evidence",PRE_IMPLEMENTATION_SCOPE_RECONCILIATION_ONLY
EF_b91e53fb5c6f1222,SERVICE_PUBLIC,app/services/setup_lifecycle/repository.py:SetupLifecycleRepository.heartbeat_evaluation_run,LIFECYCLE_EVALUATION,WF_SETUP_EVALUATION_RUN_STATE,"BOOTSTRAP,MAINTENANCE","{""WF_SETUP_EVALUATION_RUN_STATE"": ""Caller must deliver the following exact native authority if absent; no blanket assertion that already certified pipeline delivery lacks it: Exact scoped operational/source body and its retained SQL proof; same validating Session/owner for supporting helpers; aware operation time where business-time state changes; durable job configuration/run binding and current execution token when owned""}","self, db: Session, evaluation_run_id: int, *, current_phase: str | None=None",Exact caller integration subject to source review; writer requirements retained verbatim in required_authority,SAFE_NATIVE_WRITER: rejects missing/altered authority before dedup or advancement and rolls back the semantic Session,Explicit semantic operation and exact writer delivery; unsupported mutation deterministically rejected before writes,"SUPPLY_CONTEXT_OR_WRAP; explicit legacy only where native policy permits, never certified evidence",PRE_IMPLEMENTATION_SCOPE_RECONCILIATION_ONLY
EF_bf185d27ba6a5998,SERVICE_PUBLIC,app/services/winner_probability/evidence_manifest_service.py:EvidenceManifestService.persist_manifest_members,WINNER_COHORT,WF_WINNER_EVIDENCE_MANIFEST,CANONICAL_CALCULATION,"{""WF_WINNER_EVIDENCE_MANIFEST"": ""Caller must deliver the following exact native authority if absent; no blanket assertion that already certified pipeline delivery lacks it: Exact scoped operational/source body and its retained SQL proof; same validating Session/owner for supporting helpers; aware operation time where business-time state changes; durable job configuration/run binding and current execution token when owned""}","self, db: Session, *, manifest: WinnerEvidenceManifest, evidence: tuple[GenerationEvidenceMember, ...]",Exact caller integration subject to source review; writer requirements retained verbatim in required_authority,SAFE_NATIVE_WRITER: rejects missing/altered authority before dedup or advancement and rolls back the semantic Session,Explicit semantic operation and exact writer delivery; unsupported mutation deterministically rejected before writes,"SUPPLY_CONTEXT_OR_WRAP; explicit legacy only where native policy permits, never certified evidence",PRE_IMPLEMENTATION_SCOPE_RECONCILIATION_ONLY
EF_c0bd3112a99523a0,SERVICE_PUBLIC,app/services/setup_lifecycle/repository.py:SetupLifecycleRepository.add,"ALERT_DECISION,LIFECYCLE_EVALUATION,LIFECYCLE_TRANSITION,SETUP",WF_SETUP_TYPED_REPOSITORY,"BOOTSTRAP,CANONICAL_CALCULATION,MAINTENANCE","{""WF_SETUP_TYPED_REPOSITORY"": ""Caller must deliver the following exact native authority if absent; no blanket assertion that already certified pipeline delivery lacks it: Exact native retained source bodies/IDs and immutable proofs; full executable configuration; explicit aware temporal/session authority; exact predecessor, target/model/generation/rule/manifest and native readiness where applicable; same validating Session and current durable execution token/configuration/run binding""}","self, db: Session, row: Any",Exact caller integration subject to source review; writer requirements retained verbatim in required_authority,SAFE_NATIVE_WRITER: rejects missing/altered authority before dedup or advancement and rolls back the semantic Session,Explicit semantic operation and exact writer delivery; unsupported mutation deterministically rejected before writes,"SUPPLY_CONTEXT_OR_WRAP; explicit legacy only where native policy permits, never certified evidence",PRE_IMPLEMENTATION_SCOPE_RECONCILIATION_ONLY
EF_c213ced13c9ed3f5,SERVICE_PUBLIC,app/services/setup_lifecycle/decision_evidence.py:persist_setup_evidence,"CERI,COMBINED,CURRENT_PROJECTION,FUNDAMENTAL,IBMI,RANKING,REGIME,SECTOR,TECHNICAL","WF_CORE_CURRENT_PROJECTION,WF_CORE_RETAINED_EVIDENCE","CANONICAL_CALCULATION,CURRENT_PROJECTION_ADVANCE","""Not dynamically audited for this initiator. Preserve native scope and supply the exact identity/time/evidence/readiness/configuration/execution dimensions required by each target writer; discovery does not establish which arguments are already sufficient.""","db, snapshot: SetupSignalSnapshot",Exact caller integration subject to source review; writer requirements retained verbatim in required_authority,UNVERIFIED_PARTIAL_ADOPTION; do not assume safe target writers,Explicit semantic operation and exact writer delivery; unsupported mutation deterministically rejected before writes,"SUPPLY_CONTEXT_OR_WRAP; explicit legacy only where native policy permits, never certified evidence",PRE_IMPLEMENTATION_SCOPE_RECONCILIATION_ONLY
EF_c37482a6d5894991,SERVICE_PUBLIC,app/services/winner_probability/repository.py:WinnerProbabilityRepository.add,"WINNER_COHORT,WINNER_ESTIMATE,WINNER_OUTCOME,WINNER_PREDICTION",WF_WINNER_TYPED_REPOSITORY,MAINTENANCE,"{""WF_WINNER_TYPED_REPOSITORY"": ""Caller must deliver the following exact native authority if absent; no blanket assertion that already certified pipeline delivery lacks it: Exact native retained source bodies/IDs and immutable proofs; full executable configuration; explicit aware temporal/session authority; exact predecessor, target/model/generation/rule/manifest and native readiness where applicable; same validating Session and current durable execution token/configuration/run binding""}","self, db: Session, row: Any",Exact caller integration subject to source review; writer requirements retained verbatim in required_authority,SAFE_NATIVE_WRITER: rejects missing/altered authority before dedup or advancement and rolls back the semantic Session,Explicit semantic operation and exact writer delivery; unsupported mutation deterministically rejected before writes,"SUPPLY_CONTEXT_OR_WRAP; explicit legacy only where native policy permits, never certified evidence",PRE_IMPLEMENTATION_SCOPE_RECONCILIATION_ONLY
EF_c9db4dc167d1d6e3,SERVICE_PUBLIC,app/services/setup_lifecycle/episode_service.py:SetupLifecycleEpisodeService.apply_observation_gap,"ALERT_DECISION,LIFECYCLE_EVALUATION,LIFECYCLE_TRANSITION,SETUP","WF_LIFECYCLE_EPISODE,WF_LIFECYCLE_OBSERVATION_GAP,WF_LIFECYCLE_TRANSITION_EVIDENCE,WF_SETUP_TRANSITION_EVENT_STATE,WF_SETUP_TYPED_REPOSITORY","BOOTSTRAP,CANONICAL_CALCULATION,CURRENT_STATE_REPAIR,MAINTENANCE","{""WF_LIFECYCLE_EPISODE"": ""Caller must deliver the following exact native authority if absent; no blanket assertion that already certified pipeline delivery lacks it: Exact native retained source bodies/IDs and immutable proofs; full executable configuration; explicit aware temporal/session authority; exact predecessor, target/model/generation/rule/manifest and native readiness where applicable; same validating Session and current durable execution token/configuration/run binding"", ""WF_LIFECYCLE_OBSERVATION_GAP"": ""Caller must deliver the following exact native authority if absent; no blanket assertion that already certified pipeline delivery lacks it: Exact native retained source bodies/IDs and immutable proofs; full executable configuration; explicit aware temporal/session authority; exact predecessor, target/model/generation/rule/manifest and native readiness where applicable; same validating Session and current durable execution token/configuration/run binding"", ""WF_LIFECYCLE_TRANSITION_EVIDENCE"": ""Caller must deliver the following exact native authority if absent; no blanket assertion that already certified pipeline delivery lacks it: Exact native retained source bodies/IDs and immutable proofs; full executable configuration; explicit aware temporal/session authority; exact predecessor, target/model/generation/rule/manifest and native readiness where applicable; same validating Session and current durable execution token/configuration/run binding"", ""WF_SETUP_TRANSITION_EVENT_STATE"": ""Caller must deliver the following exact native authority if absent; no blanket assertion that already certified pipeline delivery lacks it: Exact native retained source bodies/IDs and immutable proofs; full executable configuration; explicit aware temporal/session authority; exact predecessor, target/model/generation/rule/manifest and native readiness where applicable; same validating Session and current durable execution token/configuration/run binding"", ""WF_SETUP_TYPED_REPOSITORY"": ""Caller must deliver the following exact native authority if absent; no blanket assertion that already certified pipeline delivery lacks it: Exact native retained source bodies/IDs and immutable proofs; full executable configuration; explicit aware temporal/session authority; exact predecessor, target/model/generation/rule/manifest and native readiness where applicable; same validating Session and current durable execution token/configuration/run binding""}","self, db, *, ticker: str, timeframe: str, setup_family: SetupFamily, observed_on: date, evaluation_run_id: int | None=None",Exact caller integration subject to source review; writer requirements retained verbatim in required_authority,SAFE_NATIVE_WRITER: rejects missing/altered authority before dedup or advancement and rolls back the semantic Session,Explicit semantic operation and exact writer delivery; unsupported mutation deterministically rejected before writes,"SUPPLY_CONTEXT_OR_WRAP; explicit legacy only where native policy permits, never certified evidence",PRE_IMPLEMENTATION_SCOPE_RECONCILIATION_ONLY
EF_c9e75e814c3b2bca,SERVICE_PUBLIC,app/services/winner_probability/probability_estimator.py:ProbabilityEstimator.create_candidate_rescore_from_generation,WINNER_ESTIMATE,WF_WINNER_LATEST_RESCORE,CURRENT_RULES_RETROSPECTIVE,"{""WF_WINNER_LATEST_RESCORE"": ""Caller must deliver the following exact native authority if absent; no blanket assertion that already certified pipeline delivery lacks it: Exact native retained source bodies/IDs and immutable proofs; full executable configuration; explicit aware temporal/session authority; exact predecessor, target/model/generation/rule/manifest and native readiness where applicable; same validating Session and current durable execution token/configuration/run binding""}","self, db: Session, *, prediction: WinnerPredictionSnapshot, outcome_definition: WinnerOutcomeDefinition, generation: WinnerCohortGeneration, source_version: str, config: WinnerProbabilityConfig | None=None",Exact caller integration subject to source review; writer requirements retained verbatim in required_authority,SAFE_NATIVE_WRITER: rejects missing/altered authority before dedup or advancement and rolls back the semantic Session,Explicit semantic operation and exact writer delivery; unsupported mutation deterministically rejected before writes,"SUPPLY_CONTEXT_OR_WRAP; explicit legacy only where native policy permits, never certified evidence",PRE_IMPLEMENTATION_SCOPE_RECONCILIATION_ONLY
EF_ca5cc419a94e79c8,SERVICE_PUBLIC,app/services/setup_lifecycle/repository.py:SetupLifecycleRepository.complete_evaluation_run,LIFECYCLE_EVALUATION,WF_SETUP_EVALUATION_RUN_STATE,"BOOTSTRAP,MAINTENANCE","{""WF_SETUP_EVALUATION_RUN_STATE"": ""Caller must deliver the following exact native authority if absent; no blanket assertion that already certified pipeline delivery lacks it: Exact scoped operational/source body and its retained SQL proof; same validating Session/owner for supporting helpers; aware operation time where business-time state changes; durable job configuration/run binding and current execution token when owned""}","self, db: Session, evaluation_run: SetupLifecycleEvaluationRun, *, status: str, current_phase: str | None=None, counts: dict[str, int] | None=None, errors: dict[str, Any] | None=None, source_snapshot_min_id: int | None=None, source_snapshot_max_id: int | None=None, completed_at: datetime | None=None",Exact caller integration subject to source review; writer requirements retained verbatim in required_authority,SAFE_NATIVE_WRITER: rejects missing/altered authority before dedup or advancement and rolls back the semantic Session,Explicit semantic operation and exact writer delivery; unsupported mutation deterministically rejected before writes,"SUPPLY_CONTEXT_OR_WRAP; explicit legacy only where native policy permits, never certified evidence",PRE_IMPLEMENTATION_SCOPE_RECONCILIATION_ONLY
EF_d169ba011ca95514,SERVICE_PUBLIC,app/services/setup_lifecycle/repository.py:SetupLifecycleRepository.execute_purge,"ALERT_DECISION,LIFECYCLE_EVALUATION,LIFECYCLE_TRANSITION,SETUP",WF_SETUP_DERIVED_PURGE,CURRENT_STATE_REPAIR,"{""WF_SETUP_DERIVED_PURGE"": ""Caller must deliver the following exact native authority if absent; no blanket assertion that already certified pipeline delivery lacks it: Exact scoped operational/source body and its retained SQL proof; same validating Session/owner for supporting helpers; aware operation time where business-time state changes; durable job configuration/run binding and current execution token when owned""}","self, db: Session, preview: PurgePreview, token: str",Exact caller integration subject to source review; writer requirements retained verbatim in required_authority,SAFE_NATIVE_WRITER: rejects missing/altered authority before dedup or advancement and rolls back the semantic Session,Explicit semantic operation and exact writer delivery; unsupported mutation deterministically rejected before writes,"SUPPLY_CONTEXT_OR_WRAP; explicit legacy only where native policy permits, never certified evidence",PRE_IMPLEMENTATION_SCOPE_RECONCILIATION_ONLY
EF_d45e97b8bb4b82c2,SERVICE_PUBLIC,app/services/winner_probability/api_service.py:WinnerProbabilityApiService.retire_model,WINNER_MODEL,WF_WINNER_MODEL_GOVERNANCE,MAINTENANCE,"{""WF_WINNER_MODEL_GOVERNANCE"": ""Caller must deliver the following exact native authority if absent; no blanket assertion that already certified pipeline delivery lacks it: Exact native retained source bodies/IDs and immutable proofs; full executable configuration; explicit aware temporal/session authority; exact predecessor, target/model/generation/rule/manifest and native readiness where applicable; same validating Session and current durable execution token/configuration/run binding""}","self, db: Session, *, model_id: int, actor: str, reason: str",Exact caller integration subject to source review; writer requirements retained verbatim in required_authority,SAFE_NATIVE_WRITER: rejects missing/altered authority before dedup or advancement and rolls back the semantic Session,Explicit semantic operation and exact writer delivery; unsupported mutation deterministically rejected before writes,"SUPPLY_CONTEXT_OR_WRAP; explicit legacy only where native policy permits, never certified evidence",PRE_IMPLEMENTATION_SCOPE_RECONCILIATION_ONLY
EF_d464434e38c414dc,SERVICE_PUBLIC,app/services/setup_lifecycle/canonicalization.py:SetupLifecycleCanonicalizer.canonicalize_run,"ALERT_DECISION,CURRENT_PROJECTION,LIFECYCLE_EVALUATION,LIFECYCLE_TRANSITION,SETUP","WF_SETUP_CURRENT_SELECTION,WF_SETUP_TRANSITION_EVENT_STATE,WF_SETUP_TYPED_REPOSITORY","BOOTSTRAP,CANONICAL_CALCULATION,CURRENT_PROJECTION_ADVANCE,CURRENT_STATE_REPAIR,MAINTENANCE","{""WF_SETUP_CURRENT_SELECTION"": ""Caller must deliver the following exact native authority if absent; no blanket assertion that already certified pipeline delivery lacks it: Exact native retained source bodies/IDs and immutable proofs; full executable configuration; explicit aware temporal/session authority; exact predecessor, target/model/generation/rule/manifest and native readiness where applicable; same validating Session and current durable execution token/configuration/run binding"", ""WF_SETUP_TRANSITION_EVENT_STATE"": ""Caller must deliver the following exact native authority if absent; no blanket assertion that already certified pipeline delivery lacks it: Exact native retained source bodies/IDs and immutable proofs; full executable configuration; explicit aware temporal/session authority; exact predecessor, target/model/generation/rule/manifest and native readiness where applicable; same validating Session and current durable execution token/configuration/run binding"", ""WF_SETUP_TYPED_REPOSITORY"": ""Caller must deliver the following exact native authority if absent; no blanket assertion that already certified pipeline delivery lacks it: Exact native retained source bodies/IDs and immutable proofs; full executable configuration; explicit aware temporal/session authority; exact predecessor, target/model/generation/rule/manifest and native readiness where applicable; same validating Session and current durable execution token/configuration/run binding""}","self, db, *, run_id: int, evaluation_run_id: int | None=None, snapshot_ids: tuple[int, ...] | None=None",Exact caller integration subject to source review; writer requirements retained verbatim in required_authority,SAFE_NATIVE_WRITER: rejects missing/altered authority before dedup or advancement and rolls back the semantic Session,Explicit semantic operation and exact writer delivery; unsupported mutation deterministically rejected before writes,"SUPPLY_CONTEXT_OR_WRAP; explicit legacy only where native policy permits, never certified evidence",PRE_IMPLEMENTATION_SCOPE_RECONCILIATION_ONLY
EF_d50f2f406f864b95,SERVICE_PUBLIC,app/services/setup_lifecycle/alert_service.py:SetupLifecycleAlertService.evaluate_episode_result,"ALERT_DECISION,LIFECYCLE_EVALUATION,LIFECYCLE_TRANSITION,SETUP","WF_SETUP_ALERT_EVENT_STATE,WF_SETUP_ALERT_RULE_EVIDENCE,WF_SETUP_DECISION_EVIDENCE,WF_SETUP_TYPED_REPOSITORY","BOOTSTRAP,CANONICAL_CALCULATION,CURRENT_STATE_REPAIR,MAINTENANCE","{""WF_SETUP_ALERT_EVENT_STATE"": ""Caller must deliver the following exact native authority if absent; no blanket assertion that already certified pipeline delivery lacks it: Exact native retained source bodies/IDs and immutable proofs; full executable configuration; explicit aware temporal/session authority; exact predecessor, target/model/generation/rule/manifest and native readiness where applicable; same validating Session and current durable execution token/configuration/run binding"", ""WF_SETUP_ALERT_RULE_EVIDENCE"": ""Caller must deliver the following exact native authority if absent; no blanket assertion that already certified pipeline delivery lacks it: Exact native retained source bodies/IDs and immutable proofs; full executable configuration; explicit aware temporal/session authority; exact predecessor, target/model/generation/rule/manifest and native readiness where applicable; same validating Session and current durable execution token/configuration/run binding"", ""WF_SETUP_DECISION_EVIDENCE"": ""Caller must deliver the following exact native authority if absent; no blanket assertion that already certified pipeline delivery lacks it: Exact native retained source bodies/IDs and immutable proofs; full executable configuration; explicit aware temporal/session authority; exact predecessor, target/model/generation/rule/manifest and native readiness where applicable; same validating Session and current durable execution token/configuration/run binding"", ""WF_SETUP_TYPED_REPOSITORY"": ""Caller must deliver the following exact native authority if absent; no blanket assertion that already certified pipeline delivery lacks it: Exact native retained source bodies/IDs and immutable proofs; full executable configuration; explicit aware temporal/session authority; exact predecessor, target/model/generation/rule/manifest and native readiness where applicable; same validating Session and current durable execution token/configuration/run binding""}","self, db, result: EpisodeEvaluationResult, *, evaluation_run_id: int | None=None, rules: tuple[SignalAlertRule, ...] | None=None",Exact caller integration subject to source review; writer requirements retained verbatim in required_authority,SAFE_NATIVE_WRITER: rejects missing/altered authority before dedup or advancement and rolls back the semantic Session,Explicit semantic operation and exact writer delivery; unsupported mutation deterministically rejected before writes,"SUPPLY_CONTEXT_OR_WRAP; explicit legacy only where native policy permits, never certified evidence",PRE_IMPLEMENTATION_SCOPE_RECONCILIATION_ONLY
EF_daf4c522e989a063,SERVICE_PUBLIC,app/services/setup_lifecycle/evaluation_service.py:evaluate_setup_lifecycles_for_run,"ALERT_DECISION,CERI,COMBINED,CONFIGURATION,CURRENT_PROJECTION,FUNDAMENTAL,IBMI,LIFECYCLE_EVALUATION,LIFECYCLE_TRANSITION,RANKING,REGIME,SECTOR,SETUP,TECHNICAL","WF_CORE_CURRENT_PROJECTION,WF_CORE_RETAINED_EVIDENCE,WF_LIFECYCLE_EPISODE,WF_LIFECYCLE_EVALUATION_EVIDENCE,WF_LIFECYCLE_TRANSITION_EVIDENCE,WF_SETUP_ALERT_EVENT_STATE,WF_SETUP_ALERT_RULE_BOOTSTRAP,WF_SETUP_ALERT_RULE_EVIDENCE,WF_SETUP_ALERT_RULE_STATE,WF_SETUP_CHANGE_EVENT_STATE,WF_SETUP_CURRENT_SELECTION,WF_SETUP_DECISION_EVIDENCE,WF_SETUP_EVALUATION_RUN_STATE,WF_SETUP_PERSISTENCE,WF_SETUP_TRANSITION_EVENT_STATE,WF_SETUP_TYPED_REPOSITORY","BOOTSTRAP,CANONICAL_CALCULATION,CURRENT_PROJECTION_ADVANCE,CURRENT_STATE_REPAIR,MAINTENANCE","{""WF_LIFECYCLE_EPISODE"": ""Caller must deliver the following exact native authority if absent; no blanket assertion that already certified pipeline delivery lacks it: Exact native retained source bodies/IDs and immutable proofs; full executable configuration; explicit aware temporal/session authority; exact predecessor, target/model/generation/rule/manifest and native readiness where applicable; same validating Session and current durable execution token/configuration/run binding"", ""WF_LIFECYCLE_EVALUATION_EVIDENCE"": ""Caller must deliver the following exact native authority if absent; no blanket assertion that already certified pipeline delivery lacks it: Exact native retained source bodies/IDs and immutable proofs; full executable configuration; explicit aware temporal/session authority; exact predecessor, target/model/generation/rule/manifest and native readiness where applicable; same validating Session and current durable execution token/configuration/run binding"", ""WF_LIFECYCLE_TRANSITION_EVIDENCE"": ""Caller must deliver the following exact native authority if absent; no blanket assertion that already certified pipeline delivery lacks it: Exact native retained source bodies/IDs and immutable proofs; full executable configuration; explicit aware temporal/session authority; exact predecessor, target/model/generation/rule/manifest and native readiness where applicable; same validating Session and current durable execution token/configuration/run binding"", ""WF_SETUP_ALERT_EVENT_STATE"": ""Caller must deliver the following exact native authority if absent; no blanket assertion that already certified pipeline delivery lacks it: Exact native retained source bodies/IDs and immutable proofs; full executable configuration; explicit aware temporal/session authority; exact predecessor, target/model/generation/rule/manifest and native readiness where applicable; same validating Session and current durable execution token/configuration/run binding"", ""WF_SETUP_ALERT_RULE_BOOTSTRAP"": ""Caller must deliver the following exact native authority if absent; no blanket assertion that already certified pipeline delivery lacks it: Exact scoped operational/source body and its retained SQL proof; same validating Session/owner for supporting helpers; aware operation time where business-time state changes; durable job configuration/run binding and current execution token when owned"", ""WF_SETUP_ALERT_RULE_EVIDENCE"": ""Caller must deliver the following exact native authority if absent; no blanket assertion that already certified pipeline delivery lacks it: Exact native retained source bodies/IDs and immutable proofs; full executable configuration; explicit aware temporal/session authority; exact predecessor, target/model/generation/rule/manifest and native readiness where applicable; same validating Session and current durable execution token/configuration/run binding"", ""WF_SETUP_ALERT_RULE_STATE"": ""Caller must deliver the following exact native authority if absent; no blanket assertion that already certified pipeline delivery lacks it: Exact scoped operational/source body and its retained SQL proof; same validating Session/owner for supporting helpers; aware operation time where business-time state changes; durable job configuration/run binding and current execution token when owned"", ""WF_SETUP_CHANGE_EVENT_STATE"": ""Caller must deliver the following exact native authority if absent; no blanket assertion that already certified pipeline delivery lacks it: Exact native retained source bodies/IDs and immutable proofs; full executable configuration; explicit aware temporal/session authority; exact predecessor, target/model/generation/rule/manifest and native readiness where applicable; same validating Session and current durable execution token/configuration/run binding"", ""WF_SETUP_CURRENT_SELECTION"": ""Caller must deliver the following exact native authority if absent; no blanket assertion that already certified pipeline delivery lacks it: Exact native retained source bodies/IDs and immutable proofs; full executable configuration; explicit aware temporal/session authority; exact predecessor, target/model/generation/rule/manifest and native readiness where applicable; same validating Session and current durable execution token/configuration/run binding"", ""WF_SETUP_DECISION_EVIDENCE"": ""Caller must deliver the following exact native authority if absent; no blanket assertion that already certified pipeline delivery lacks it: Exact native retained source bodies/IDs and immutable proofs; full executable configuration; explicit aware temporal/session authority; exact predecessor, target/model/generation/rule/manifest and native readiness where applicable; same validating Session and current durable execution token/configuration/run binding"", ""WF_SETUP_EVALUATION_RUN_STATE"": ""Caller must deliver the following exact native authority if absent; no blanket assertion that already certified pipeline delivery lacks it: Exact scoped operational/source body and its retained SQL proof; same validating Session/owner for supporting helpers; aware operation time where business-time state changes; durable job configuration/run binding and current execution token when owned"", ""WF_SETUP_PERSISTENCE"": ""Caller must deliver the following exact native authority if absent; no blanket assertion that already certified pipeline delivery lacks it: Exact native retained source bodies/IDs and immutable proofs; full executable configuration; explicit aware temporal/session authority; exact predecessor, target/model/generation/rule/manifest and native readiness where applicable; same validating Session and current durable execution token/configuration/run binding"", ""WF_SETUP_TRANSITION_EVENT_STATE"": ""Caller must deliver the following exact native authority if absent; no blanket assertion that already certified pipeline delivery lacks it: Exact native retained source bodies/IDs and immutable proofs; full executable configuration; explicit aware temporal/session authority; exact predecessor, target/model/generation/rule/manifest and native readiness where applicable; same validating Session and current durable execution token/configuration/run binding"", ""WF_SETUP_TYPED_REPOSITORY"": ""Caller must deliver the following exact native authority if absent; no blanket assertion that already certified pipeline delivery lacks it: Exact native retained source bodies/IDs and immutable proofs; full executable configuration; explicit aware temporal/session authority; exact predecessor, target/model/generation/rule/manifest and native readiness where applicable; same validating Session and current durable execution token/configuration/run binding""}","db, run_id: int, *, capture_result: SnapshotCaptureResult | None=None, snapshot_ids: tuple[int, ...] | None=None",Exact caller integration subject to source review; writer requirements retained verbatim in required_authority,SAFE_NATIVE_WRITER: rejects missing/altered authority before dedup or advancement and rolls back the semantic Session,Explicit semantic operation and exact writer delivery; unsupported mutation deterministically rejected before writes,"SUPPLY_CONTEXT_OR_WRAP; explicit legacy only where native policy permits, never certified evidence",PRE_IMPLEMENTATION_SCOPE_RECONCILIATION_ONLY
EF_dc80507b53b12bdc,SERVICE_PUBLIC,app/services/setup_lifecycle/repository.py:SetupLifecycleRepository.upsert_snapshots,SETUP,WF_SETUP_PERSISTENCE,CANONICAL_CALCULATION,"{""WF_SETUP_PERSISTENCE"": ""Caller must deliver the following exact native authority if absent; no blanket assertion that already certified pipeline delivery lacks it: Exact native retained source bodies/IDs and immutable proofs; full executable configuration; explicit aware temporal/session authority; exact predecessor, target/model/generation/rule/manifest and native readiness where applicable; same validating Session and current durable execution token/configuration/run binding""}","self, db: Session, dtos: list[SetupSignalSnapshotWrite] | tuple[SetupSignalSnapshotWrite, ...]",Exact caller integration subject to source review; writer requirements retained verbatim in required_authority,SAFE_NATIVE_WRITER: rejects missing/altered authority before dedup or advancement and rolls back the semantic Session,Explicit semantic operation and exact writer delivery; unsupported mutation deterministically rejected before writes,"SUPPLY_CONTEXT_OR_WRAP; explicit legacy only where native policy permits, never certified evidence",PRE_IMPLEMENTATION_SCOPE_RECONCILIATION_ONLY
EF_ddff1e372aaee0e2,SERVICE_PUBLIC,app/services/winner_probability/job_handlers.py:enqueue_outcome_maturation_workflow,"CONFIGURATION,CURRENT_PROJECTION,WINNER_COHORT,WINNER_GENERATION,WINNER_OUTCOME,WINNER_PREDICTION","WF_CONFIGURATION_DELIVERY,WF_WINNER_COHORT_DEFINITION,WF_WINNER_COHORT_MATERIALIZATION,WF_WINNER_EVIDENCE_MANIFEST,WF_WINNER_FORWARD_MATURATION,WF_WINNER_GENERATION,WF_WINNER_OUTCOME_REVISION,WF_WINNER_WATERMARK","BOOTSTRAP,CANONICAL_CALCULATION,CURRENT_PROJECTION_ADVANCE,OUTCOME_MATURATION","{""WF_WINNER_COHORT_DEFINITION"": ""Caller must deliver the following exact native authority if absent; no blanket assertion that already certified pipeline delivery lacks it: Exact scoped operational/source body and its retained SQL proof; same validating Session/owner for supporting helpers; aware operation time where business-time state changes; durable job configuration/run binding and current execution token when owned"", ""WF_WINNER_COHORT_MATERIALIZATION"": ""Caller must deliver the following exact native authority if absent; no blanket assertion that already certified pipeline delivery lacks it: Exact native retained source bodies/IDs and immutable proofs; full executable configuration; explicit aware temporal/session authority; exact predecessor, target/model/generation/rule/manifest and native readiness where applicable; same validating Session and current durable execution token/configuration/run binding"", ""WF_WINNER_EVIDENCE_MANIFEST"": ""Caller must deliver the following exact native authority if absent; no blanket assertion that already certified pipeline delivery lacks it: Exact scoped operational/source body and its retained SQL proof; same validating Session/owner for supporting helpers; aware operation time where business-time state changes; durable job configuration/run binding and current execution token when owned"", ""WF_WINNER_FORWARD_MATURATION"": ""Caller must deliver the following exact native authority if absent; no blanket assertion that already certified pipeline delivery lacks it: Exact native retained source bodies/IDs and immutable proofs; full executable configuration; explicit aware temporal/session authority; exact predecessor, target/model/generation/rule/manifest and native readiness where applicable; same validating Session and current durable execution token/configuration/run binding"", ""WF_WINNER_GENERATION"": ""Caller must deliver the following exact native authority if absent; no blanket assertion that already certified pipeline delivery lacks it: Exact native retained source bodies/IDs and immutable proofs; full executable configuration; explicit aware temporal/session authority; exact predecessor, target/model/generation/rule/manifest and native readiness where applicable; same validating Session and current durable execution token/configuration/run binding"", ""WF_WINNER_OUTCOME_REVISION"": ""Caller must deliver the following exact native authority if absent; no blanket assertion that already certified pipeline delivery lacks it: Exact native retained source bodies/IDs and immutable proofs; full executable configuration; explicit aware temporal/session authority; exact predecessor, target/model/generation/rule/manifest and native readiness where applicable; same validating Session and current durable execution token/configuration/run binding"", ""WF_WINNER_WATERMARK"": ""Caller must deliver the following exact native authority if absent; no blanket assertion that already certified pipeline delivery lacks it: Exact scoped operational/source body and its retained SQL proof; same validating Session/owner for supporting helpers; aware operation time where business-time state changes; durable job configuration/run binding and current execution token when owned""}","db: Session, *, payload: dict[str, Any], trigger_source: str, request_key: str | None=None, priority: int=100",Exact caller integration subject to source review; writer requirements retained verbatim in required_authority,SAFE_NATIVE_WRITER: rejects missing/altered authority before dedup or advancement and rolls back the semantic Session,Explicit semantic operation and exact writer delivery; unsupported mutation deterministically rejected before writes,"SUPPLY_CONTEXT_OR_WRAP; explicit legacy only where native policy permits, never certified evidence",PRE_IMPLEMENTATION_SCOPE_RECONCILIATION_ONLY
EF_dfa047a276b66281,SERVICE_PUBLIC,app/services/winner_probability/capture_service.py:WinnerPredictionCaptureService.capture_run,"PRICE,WINNER_COHORT,WINNER_ESTIMATE,WINNER_OUTCOME,WINNER_PREDICTION","WF_WINNER_CAPTURE_TRAINING_METADATA,WF_WINNER_COHORT_DEFINITION,WF_WINNER_EPISODE,WF_WINNER_ESTIMATOR,WF_WINNER_EVIDENCE_MANIFEST,WF_WINNER_INLINE_COHORT,WF_WINNER_MARKET_DATA_OBLIGATION,WF_WINNER_PENDING_OUTCOME,WF_WINNER_PREDICTION_CAPTURE,WF_WINNER_TYPED_REPOSITORY","BOOTSTRAP,CANONICAL_CALCULATION,MAINTENANCE","{""WF_WINNER_CAPTURE_TRAINING_METADATA"": ""Caller must deliver the following exact native authority if absent; no blanket assertion that already certified pipeline delivery lacks it: Exact scoped operational/source body and its retained SQL proof; same validating Session/owner for supporting helpers; aware operation time where business-time state changes; durable job configuration/run binding and current execution token when owned"", ""WF_WINNER_COHORT_DEFINITION"": ""Caller must deliver the following exact native authority if absent; no blanket assertion that already certified pipeline delivery lacks it: Exact scoped operational/source body and its retained SQL proof; same validating Session/owner for supporting helpers; aware operation time where business-time state changes; durable job configuration/run binding and current execution token when owned"", ""WF_WINNER_EPISODE"": ""Caller must deliver the following exact native authority if absent; no blanket assertion that already certified pipeline delivery lacks it: Exact native retained source bodies/IDs and immutable proofs; full executable configuration; explicit aware temporal/session authority; exact predecessor, target/model/generation/rule/manifest and native readiness where applicable; same validating Session and current durable execution token/configuration/run binding"", ""WF_WINNER_ESTIMATOR"": ""Caller must deliver the following exact native authority if absent; no blanket assertion that already certified pipeline delivery lacks it: Exact native retained source bodies/IDs and immutable proofs; full executable configuration; explicit aware temporal/session authority; exact predecessor, target/model/generation/rule/manifest and native readiness where applicable; same validating Session and current durable execution token/configuration/run binding"", ""WF_WINNER_EVIDENCE_MANIFEST"": ""Caller must deliver the following exact native authority if absent; no blanket assertion that already certified pipeline delivery lacks it: Exact scoped operational/source body and its retained SQL proof; same validating Session/owner for supporting helpers; aware operation time where business-time state changes; durable job configuration/run binding and current execution token when owned"", ""WF_WINNER_INLINE_COHORT"": ""Caller must deliver the following exact native authority if absent; no blanket assertion that already certified pipeline delivery lacks it: Exact native retained source bodies/IDs and immutable proofs; full executable configuration; explicit aware temporal/session authority; exact predecessor, target/model/generation/rule/manifest and native readiness where applicable; same validating Session and current durable execution token/configuration/run binding"", ""WF_WINNER_MARKET_DATA_OBLIGATION"": ""Caller must deliver the following exact native authority if absent; no blanket assertion that already certified pipeline delivery lacks it: Exact scoped operational/source body and its retained SQL proof; same validating Session/owner for supporting helpers; aware operation time where business-time state changes; durable job configuration/run binding and current execution token when owned"", ""WF_WINNER_PENDING_OUTCOME"": ""Caller must deliver the following exact native authority if absent; no blanket assertion that already certified pipeline delivery lacks it: Exact native retained source bodies/IDs and immutable proofs; full executable configuration; explicit aware temporal/session authority; exact predecessor, target/model/generation/rule/manifest and native readiness where applicable; same validating Session and current durable execution token/configuration/run binding"", ""WF_WINNER_PREDICTION_CAPTURE"": ""Caller must deliver the following exact native authority if absent; no blanket assertion that already certified pipeline delivery lacks it: Exact native retained source bodies/IDs and immutable proofs; full executable configuration; explicit aware temporal/session authority; exact predecessor, target/model/generation/rule/manifest and native readiness where applicable; same validating Session and current durable execution token/configuration/run binding"", ""WF_WINNER_TYPED_REPOSITORY"": ""Caller must deliver the following exact native authority if absent; no blanket assertion that already certified pipeline delivery lacks it: Exact native retained source bodies/IDs and immutable proofs; full executable configuration; explicit aware temporal/session authority; exact predecessor, target/model/generation/rule/manifest and native readiness where applicable; same validating Session and current durable execution token/configuration/run binding""}","self, db: Session, *, run_id: int, config: WinnerProbabilityConfig | None=None, captured_at: datetime | None=None, decision_at: datetime | None=None, market_cutoff: MarketCalculationCutoff | None=None, decision_handoff_manifest_id: int | None=None, reconstruction_method: str | None=None, source_quality_flags: tuple[str, ...]=(), production_training_allowed: bool | None=None, should_cancel: Callable[[], bool] | None=None, lease_guard: Callable[[], None] | None=None, progress_callback: Callable[..., None] | None=None, memory_probe: Callable[[Session, int, int, str], None] | None=None",Exact caller integration subject to source review; writer requirements retained verbatim in required_authority,SAFE_NATIVE_WRITER: rejects missing/altered authority before dedup or advancement and rolls back the semantic Session,Explicit semantic operation and exact writer delivery; unsupported mutation deterministically rejected before writes,"SUPPLY_CONTEXT_OR_WRAP; explicit legacy only where native policy permits, never certified evidence",PRE_IMPLEMENTATION_SCOPE_RECONCILIATION_ONLY
EF_e07c379588727421,SERVICE_PUBLIC,app/services/winner_probability/outcome_service.py:OutcomeMaturationService.process_due_outcomes,"WINNER_OUTCOME,WINNER_PREDICTION","WF_WINNER_FORWARD_MATURATION,WF_WINNER_OUTCOME_REVISION",OUTCOME_MATURATION,"{""WF_WINNER_FORWARD_MATURATION"": ""Caller must deliver the following exact native authority if absent; no blanket assertion that already certified pipeline delivery lacks it: Exact native retained source bodies/IDs and immutable proofs; full executable configuration; explicit aware temporal/session authority; exact predecessor, target/model/generation/rule/manifest and native readiness where applicable; same validating Session and current durable execution token/configuration/run binding"", ""WF_WINNER_OUTCOME_REVISION"": ""Caller must deliver the following exact native authority if absent; no blanket assertion that already certified pipeline delivery lacks it: Exact native retained source bodies/IDs and immutable proofs; full executable configuration; explicit aware temporal/session authority; exact predecessor, target/model/generation/rule/manifest and native readiness where applicable; same validating Session and current durable execution token/configuration/run binding""}","self, db: Session, *, now: datetime | None=None, limit: int=500, should_cancel: Callable[[], bool] | None=None, entry_model: str | None=None, horizon_sessions: int | None=None, due_session: date | None=None",Exact caller integration subject to source review; writer requirements retained verbatim in required_authority,SAFE_NATIVE_WRITER: rejects missing/altered authority before dedup or advancement and rolls back the semantic Session,Explicit semantic operation and exact writer delivery; unsupported mutation deterministically rejected before writes,"SUPPLY_CONTEXT_OR_WRAP; explicit legacy only where native policy permits, never certified evidence",PRE_IMPLEMENTATION_SCOPE_RECONCILIATION_ONLY
EF_e127938927133466,SERVICE_PUBLIC,app/services/winner_probability/cohort_generation_service.py:CohortGenerationService.publish,"CURRENT_PROJECTION,WINNER_GENERATION",WF_WINNER_GENERATION,CANONICAL_CALCULATION,"{""WF_WINNER_GENERATION"": ""Caller must deliver the following exact native authority if absent; no blanket assertion that already certified pipeline delivery lacks it: Exact native retained source bodies/IDs and immutable proofs; full executable configuration; explicit aware temporal/session authority; exact predecessor, target/model/generation/rule/manifest and native readiness where applicable; same validating Session and current durable execution token/configuration/run binding""}","self, db: Session, *, generation: WinnerCohortGeneration, lease_guard, published_at: datetime | None=None",Exact caller integration subject to source review; writer requirements retained verbatim in required_authority,SAFE_NATIVE_WRITER: rejects missing/altered authority before dedup or advancement and rolls back the semantic Session,Explicit semantic operation and exact writer delivery; unsupported mutation deterministically rejected before writes,"SUPPLY_CONTEXT_OR_WRAP; explicit legacy only where native policy permits, never certified evidence",PRE_IMPLEMENTATION_SCOPE_RECONCILIATION_ONLY
EF_e53568287697baf9,SERVICE_PUBLIC,app/services/winner_probability/outcome_orchestration_service.py:H5NextOpenOrchestrationService.drain_due,"WINNER_OUTCOME,WINNER_PREDICTION","WF_WINNER_FORWARD_MATURATION,WF_WINNER_OUTCOME_REVISION",OUTCOME_MATURATION,"{""WF_WINNER_FORWARD_MATURATION"": ""Caller must deliver the following exact native authority if absent; no blanket assertion that already certified pipeline delivery lacks it: Exact native retained source bodies/IDs and immutable proofs; full executable configuration; explicit aware temporal/session authority; exact predecessor, target/model/generation/rule/manifest and native readiness where applicable; same validating Session and current durable execution token/configuration/run binding"", ""WF_WINNER_OUTCOME_REVISION"": ""Caller must deliver the following exact native authority if absent; no blanket assertion that already certified pipeline delivery lacks it: Exact native retained source bodies/IDs and immutable proofs; full executable configuration; explicit aware temporal/session authority; exact predecessor, target/model/generation/rule/manifest and native readiness where applicable; same validating Session and current durable execution token/configuration/run binding""}","self, db: Session, *, now: datetime | None=None, batch_size: int=500, max_batches: int=10, due_session: date | None=None, should_cancel: Callable[[], bool] | None=None, lease_guard: Callable[[], None] | None=None",Exact caller integration subject to source review; writer requirements retained verbatim in required_authority,SAFE_NATIVE_WRITER: rejects missing/altered authority before dedup or advancement and rolls back the semantic Session,Explicit semantic operation and exact writer delivery; unsupported mutation deterministically rejected before writes,"SUPPLY_CONTEXT_OR_WRAP; explicit legacy only where native policy permits, never certified evidence",PRE_IMPLEMENTATION_SCOPE_RECONCILIATION_ONLY
EF_e53dd685d5dadcf0,SERVICE_PUBLIC,app/services/winner_probability/probability_estimator.py:ProbabilityEstimator.create_latest_rescore,"WINNER_COHORT,WINNER_ESTIMATE","WF_WINNER_COHORT_DEFINITION,WF_WINNER_ESTIMATOR,WF_WINNER_EVIDENCE_MANIFEST,WF_WINNER_INLINE_COHORT","BOOTSTRAP,CANONICAL_CALCULATION","{""WF_WINNER_COHORT_DEFINITION"": ""Caller must deliver the following exact native authority if absent; no blanket assertion that already certified pipeline delivery lacks it: Exact scoped operational/source body and its retained SQL proof; same validating Session/owner for supporting helpers; aware operation time where business-time state changes; durable job configuration/run binding and current execution token when owned"", ""WF_WINNER_ESTIMATOR"": ""Caller must deliver the following exact native authority if absent; no blanket assertion that already certified pipeline delivery lacks it: Exact native retained source bodies/IDs and immutable proofs; full executable configuration; explicit aware temporal/session authority; exact predecessor, target/model/generation/rule/manifest and native readiness where applicable; same validating Session and current durable execution token/configuration/run binding"", ""WF_WINNER_EVIDENCE_MANIFEST"": ""Caller must deliver the following exact native authority if absent; no blanket assertion that already certified pipeline delivery lacks it: Exact scoped operational/source body and its retained SQL proof; same validating Session/owner for supporting helpers; aware operation time where business-time state changes; durable job configuration/run binding and current execution token when owned"", ""WF_WINNER_INLINE_COHORT"": ""Caller must deliver the following exact native authority if absent; no blanket assertion that already certified pipeline delivery lacks it: Exact native retained source bodies/IDs and immutable proofs; full executable configuration; explicit aware temporal/session authority; exact predecessor, target/model/generation/rule/manifest and native readiness where applicable; same validating Session and current durable execution token/configuration/run binding""}","self, db: Session, *, prediction: WinnerPredictionSnapshot, outcome_definition: WinnerOutcomeDefinition, as_of: datetime, config: WinnerProbabilityConfig | None=None, model_version_id: int | None=None",Exact caller integration subject to source review; writer requirements retained verbatim in required_authority,SAFE_NATIVE_WRITER: rejects missing/altered authority before dedup or advancement and rolls back the semantic Session,Explicit semantic operation and exact writer delivery; unsupported mutation deterministically rejected before writes,"SUPPLY_CONTEXT_OR_WRAP; explicit legacy only where native policy permits, never certified evidence",PRE_IMPLEMENTATION_SCOPE_RECONCILIATION_ONLY
EF_e5897acb70c600d3,SERVICE_PUBLIC,app/services/winner_probability/model_registry.py:ModelRegistry.register_model,WINNER_MODEL,WF_WINNER_MODEL_GOVERNANCE,MAINTENANCE,"{""WF_WINNER_MODEL_GOVERNANCE"": ""Caller must deliver the following exact native authority if absent; no blanket assertion that already certified pipeline delivery lacks it: Exact native retained source bodies/IDs and immutable proofs; full executable configuration; explicit aware temporal/session authority; exact predecessor, target/model/generation/rule/manifest and native readiness where applicable; same validating Session and current durable execution token/configuration/run binding""}","self, db: Session, *, model_key: str, algorithm: str, outcome_definition_id: int, entry_model: str, training_cutoff_at: datetime, artifact_hash: str, artifact_format: str, artifact_schema_version: str, feature_schema_version: str, calculation_version: str, config_hash: str, actor: str, reason: str, status: str=ModelStatus.SHADOW, training_window_start: date | None=None, hyperparameters: dict[str, Any] | None=None, metrics: dict[str, Any] | None=None, preprocessing: dict[str, Any] | None=None, calibration: dict[str, Any] | None=None, dependency_versions: dict[str, Any] | None=None",Exact caller integration subject to source review; writer requirements retained verbatim in required_authority,SAFE_NATIVE_WRITER: rejects missing/altered authority before dedup or advancement and rolls back the semantic Session,Explicit semantic operation and exact writer delivery; unsupported mutation deterministically rejected before writes,"SUPPLY_CONTEXT_OR_WRAP; explicit legacy only where native policy permits, never certified evidence",PRE_IMPLEMENTATION_SCOPE_RECONCILIATION_ONLY
EF_e9f698aec5b69e29,SERVICE_PUBLIC,app/services/setup_lifecycle/decision_evidence.py:persist_observation_gap_evaluation_evidence,LIFECYCLE_EVALUATION,WF_LIFECYCLE_OBSERVATION_GAP,CANONICAL_CALCULATION,"{""WF_LIFECYCLE_OBSERVATION_GAP"": ""Caller must deliver the following exact native authority if absent; no blanket assertion that already certified pipeline delivery lacks it: Exact native retained source bodies/IDs and immutable proofs; full executable configuration; explicit aware temporal/session authority; exact predecessor, target/model/generation/rule/manifest and native readiness where applicable; same validating Session and current durable execution token/configuration/run binding""}","db, *, episode: SetupLifecycleEpisode, observed_on: date, missing_observation_sessions: int, threshold: int, evaluation_run_id: int | None, effective_configuration=None",Exact caller integration subject to source review; writer requirements retained verbatim in required_authority,SAFE_NATIVE_WRITER: rejects missing/altered authority before dedup or advancement and rolls back the semantic Session,Explicit semantic operation and exact writer delivery; unsupported mutation deterministically rejected before writes,"SUPPLY_CONTEXT_OR_WRAP; explicit legacy only where native policy permits, never certified evidence",PRE_IMPLEMENTATION_SCOPE_RECONCILIATION_ONLY
EF_f0226ae27f1e202f,SERVICE_PUBLIC,app/services/setup_lifecycle/repository.py:SetupLifecycleRepository.add_lifecycle_event,"ALERT_DECISION,LIFECYCLE_EVALUATION,LIFECYCLE_TRANSITION,SETUP","WF_SETUP_TRANSITION_EVENT_STATE,WF_SETUP_TYPED_REPOSITORY","BOOTSTRAP,CANONICAL_CALCULATION,CURRENT_STATE_REPAIR,MAINTENANCE","{""WF_SETUP_TRANSITION_EVENT_STATE"": ""Caller must deliver the following exact native authority if absent; no blanket assertion that already certified pipeline delivery lacks it: Exact native retained source bodies/IDs and immutable proofs; full executable configuration; explicit aware temporal/session authority; exact predecessor, target/model/generation/rule/manifest and native readiness where applicable; same validating Session and current durable execution token/configuration/run binding"", ""WF_SETUP_TYPED_REPOSITORY"": ""Caller must deliver the following exact native authority if absent; no blanket assertion that already certified pipeline delivery lacks it: Exact native retained source bodies/IDs and immutable proofs; full executable configuration; explicit aware temporal/session authority; exact predecessor, target/model/generation/rule/manifest and native readiness where applicable; same validating Session and current durable execution token/configuration/run binding""}","self, db: Session, event: SetupLifecycleEvent",Exact caller integration subject to source review; writer requirements retained verbatim in required_authority,SAFE_NATIVE_WRITER: rejects missing/altered authority before dedup or advancement and rolls back the semantic Session,Explicit semantic operation and exact writer delivery; unsupported mutation deterministically rejected before writes,"SUPPLY_CONTEXT_OR_WRAP; explicit legacy only where native policy permits, never certified evidence",PRE_IMPLEMENTATION_SCOPE_RECONCILIATION_ONLY
EF_f07d87c600a3ded4,SERVICE_PUBLIC,app/services/setup_lifecycle/repository.py:SetupLifecycleRepository.advance_canonical_selection,"CURRENT_PROJECTION,SETUP",WF_SETUP_CURRENT_SELECTION,CURRENT_PROJECTION_ADVANCE,"{""WF_SETUP_CURRENT_SELECTION"": ""Caller must deliver the following exact native authority if absent; no blanket assertion that already certified pipeline delivery lacks it: Exact native retained source bodies/IDs and immutable proofs; full executable configuration; explicit aware temporal/session authority; exact predecessor, target/model/generation/rule/manifest and native readiness where applicable; same validating Session and current durable execution token/configuration/run binding""}","self, db: Session, snapshot: SetupSignalSnapshot, *, reason: str, decision: dict[str, Any] | None=None, evaluation_run_id: int | None=None",Exact caller integration subject to source review; writer requirements retained verbatim in required_authority,SAFE_NATIVE_WRITER: rejects missing/altered authority before dedup or advancement and rolls back the semantic Session,Explicit semantic operation and exact writer delivery; unsupported mutation deterministically rejected before writes,"SUPPLY_CONTEXT_OR_WRAP; explicit legacy only where native policy permits, never certified evidence",PRE_IMPLEMENTATION_SCOPE_RECONCILIATION_ONLY
EF_f2b0ab3e703edec5,SERVICE_PUBLIC,app/services/setup_lifecycle/alert_service.py:SetupLifecycleAlertService.evaluate_lifecycle_event,"ALERT_DECISION,LIFECYCLE_EVALUATION,LIFECYCLE_TRANSITION,SETUP","WF_SETUP_ALERT_EVENT_STATE,WF_SETUP_ALERT_RULE_EVIDENCE,WF_SETUP_DECISION_EVIDENCE,WF_SETUP_TYPED_REPOSITORY","BOOTSTRAP,CANONICAL_CALCULATION,CURRENT_STATE_REPAIR,MAINTENANCE","{""WF_SETUP_ALERT_EVENT_STATE"": ""Caller must deliver the following exact native authority if absent; no blanket assertion that already certified pipeline delivery lacks it: Exact native retained source bodies/IDs and immutable proofs; full executable configuration; explicit aware temporal/session authority; exact predecessor, target/model/generation/rule/manifest and native readiness where applicable; same validating Session and current durable execution token/configuration/run binding"", ""WF_SETUP_ALERT_RULE_EVIDENCE"": ""Caller must deliver the following exact native authority if absent; no blanket assertion that already certified pipeline delivery lacks it: Exact native retained source bodies/IDs and immutable proofs; full executable configuration; explicit aware temporal/session authority; exact predecessor, target/model/generation/rule/manifest and native readiness where applicable; same validating Session and current durable execution token/configuration/run binding"", ""WF_SETUP_DECISION_EVIDENCE"": ""Caller must deliver the following exact native authority if absent; no blanket assertion that already certified pipeline delivery lacks it: Exact native retained source bodies/IDs and immutable proofs; full executable configuration; explicit aware temporal/session authority; exact predecessor, target/model/generation/rule/manifest and native readiness where applicable; same validating Session and current durable execution token/configuration/run binding"", ""WF_SETUP_TYPED_REPOSITORY"": ""Caller must deliver the following exact native authority if absent; no blanket assertion that already certified pipeline delivery lacks it: Exact native retained source bodies/IDs and immutable proofs; full executable configuration; explicit aware temporal/session authority; exact predecessor, target/model/generation/rule/manifest and native readiness where applicable; same validating Session and current durable execution token/configuration/run binding""}","self, db, event: SetupLifecycleEvent, *, rules: tuple[SignalAlertRule, ...] | None=None",Exact caller integration subject to source review; writer requirements retained verbatim in required_authority,SAFE_NATIVE_WRITER: rejects missing/altered authority before dedup or advancement and rolls back the semantic Session,Explicit semantic operation and exact writer delivery; unsupported mutation deterministically rejected before writes,"SUPPLY_CONTEXT_OR_WRAP; explicit legacy only where native policy permits, never certified evidence",PRE_IMPLEMENTATION_SCOPE_RECONCILIATION_ONLY
EF_f3a7461cf3417399,SERVICE_PUBLIC,app/services/setup_lifecycle/alert_service.py:SetupLifecycleAlertService.evaluate_signal_change_events,"ALERT_DECISION,LIFECYCLE_EVALUATION,LIFECYCLE_TRANSITION,SETUP","WF_SETUP_ALERT_EVENT_STATE,WF_SETUP_ALERT_RULE_EVIDENCE,WF_SETUP_DECISION_EVIDENCE,WF_SETUP_TYPED_REPOSITORY","BOOTSTRAP,CANONICAL_CALCULATION,CURRENT_STATE_REPAIR,MAINTENANCE","{""WF_SETUP_ALERT_EVENT_STATE"": ""Caller must deliver the following exact native authority if absent; no blanket assertion that already certified pipeline delivery lacks it: Exact native retained source bodies/IDs and immutable proofs; full executable configuration; explicit aware temporal/session authority; exact predecessor, target/model/generation/rule/manifest and native readiness where applicable; same validating Session and current durable execution token/configuration/run binding"", ""WF_SETUP_ALERT_RULE_EVIDENCE"": ""Caller must deliver the following exact native authority if absent; no blanket assertion that already certified pipeline delivery lacks it: Exact native retained source bodies/IDs and immutable proofs; full executable configuration; explicit aware temporal/session authority; exact predecessor, target/model/generation/rule/manifest and native readiness where applicable; same validating Session and current durable execution token/configuration/run binding"", ""WF_SETUP_DECISION_EVIDENCE"": ""Caller must deliver the following exact native authority if absent; no blanket assertion that already certified pipeline delivery lacks it: Exact native retained source bodies/IDs and immutable proofs; full executable configuration; explicit aware temporal/session authority; exact predecessor, target/model/generation/rule/manifest and native readiness where applicable; same validating Session and current durable execution token/configuration/run binding"", ""WF_SETUP_TYPED_REPOSITORY"": ""Caller must deliver the following exact native authority if absent; no blanket assertion that already certified pipeline delivery lacks it: Exact native retained source bodies/IDs and immutable proofs; full executable configuration; explicit aware temporal/session authority; exact predecessor, target/model/generation/rule/manifest and native readiness where applicable; same validating Session and current durable execution token/configuration/run binding""}","self, db, events: tuple[SignalChangeEvent, ...] | list[SignalChangeEvent]",Exact caller integration subject to source review; writer requirements retained verbatim in required_authority,SAFE_NATIVE_WRITER: rejects missing/altered authority before dedup or advancement and rolls back the semantic Session,Explicit semantic operation and exact writer delivery; unsupported mutation deterministically rejected before writes,"SUPPLY_CONTEXT_OR_WRAP; explicit legacy only where native policy permits, never certified evidence",PRE_IMPLEMENTATION_SCOPE_RECONCILIATION_ONLY
EF_f6c22b4705f16967,SERVICE_PUBLIC,app/services/winner_probability/drift_service.py:DriftService.persist_metrics,WINNER_DIAGNOSTICS,WF_WINNER_DRIFT,CANONICAL_CALCULATION,"{""WF_WINNER_DRIFT"": ""Caller must deliver the following exact native authority if absent; no blanket assertion that already certified pipeline delivery lacks it: Exact native retained source bodies/IDs and immutable proofs; full executable configuration; explicit aware temporal/session authority; exact predecessor, target/model/generation/rule/manifest and native readiness where applicable; same validating Session and current durable execution token/configuration/run binding""}","self, db: Session, *, results: tuple[DriftMetricResult, ...], outcome_definition_id: int, as_of_date: date, model_version_id: int | None=None",Exact caller integration subject to source review; writer requirements retained verbatim in required_authority,SAFE_NATIVE_WRITER: rejects missing/altered authority before dedup or advancement and rolls back the semantic Session,Explicit semantic operation and exact writer delivery; unsupported mutation deterministically rejected before writes,"SUPPLY_CONTEXT_OR_WRAP; explicit legacy only where native policy permits, never certified evidence",PRE_IMPLEMENTATION_SCOPE_RECONCILIATION_ONLY
EF_f6ddec7d59b9a9f3,SERVICE_PUBLIC,app/services/setup_lifecycle/repository.py:SetupLifecycleRepository.add_lifecycle_events,LIFECYCLE_TRANSITION,WF_SETUP_TRANSITION_EVENT_STATE,"CANONICAL_CALCULATION,CURRENT_STATE_REPAIR","{""WF_SETUP_TRANSITION_EVENT_STATE"": ""Caller must deliver the following exact native authority if absent; no blanket assertion that already certified pipeline delivery lacks it: Exact native retained source bodies/IDs and immutable proofs; full executable configuration; explicit aware temporal/session authority; exact predecessor, target/model/generation/rule/manifest and native readiness where applicable; same validating Session and current durable execution token/configuration/run binding""}","self, db: Session, events: list[SetupLifecycleEvent]",Exact caller integration subject to source review; writer requirements retained verbatim in required_authority,SAFE_NATIVE_WRITER: rejects missing/altered authority before dedup or advancement and rolls back the semantic Session,Explicit semantic operation and exact writer delivery; unsupported mutation deterministically rejected before writes,"SUPPLY_CONTEXT_OR_WRAP; explicit legacy only where native policy permits, never certified evidence",PRE_IMPLEMENTATION_SCOPE_RECONCILIATION_ONLY
EF_ff740e59dc6eec85,SERVICE_PUBLIC,app/services/winner_probability/pending_outcome_service.py:PendingOutcomeService.materialize_pending_outcomes,"PRICE,WINNER_COHORT,WINNER_ESTIMATE,WINNER_OUTCOME,WINNER_PREDICTION","WF_WINNER_MARKET_DATA_OBLIGATION,WF_WINNER_PENDING_OUTCOME,WF_WINNER_TYPED_REPOSITORY","BOOTSTRAP,MAINTENANCE","{""WF_WINNER_MARKET_DATA_OBLIGATION"": ""Caller must deliver the following exact native authority if absent; no blanket assertion that already certified pipeline delivery lacks it: Exact scoped operational/source body and its retained SQL proof; same validating Session/owner for supporting helpers; aware operation time where business-time state changes; durable job configuration/run binding and current execution token when owned"", ""WF_WINNER_PENDING_OUTCOME"": ""Caller must deliver the following exact native authority if absent; no blanket assertion that already certified pipeline delivery lacks it: Exact native retained source bodies/IDs and immutable proofs; full executable configuration; explicit aware temporal/session authority; exact predecessor, target/model/generation/rule/manifest and native readiness where applicable; same validating Session and current durable execution token/configuration/run binding"", ""WF_WINNER_TYPED_REPOSITORY"": ""Caller must deliver the following exact native authority if absent; no blanket assertion that already certified pipeline delivery lacks it: Exact native retained source bodies/IDs and immutable proofs; full executable configuration; explicit aware temporal/session authority; exact predecessor, target/model/generation/rule/manifest and native readiness where applicable; same validating Session and current durable execution token/configuration/run binding""}","self, db: Session, prediction: WinnerPredictionSnapshot, config: WinnerProbabilityConfig",Exact caller integration subject to source review; writer requirements retained verbatim in required_authority,SAFE_NATIVE_WRITER: rejects missing/altered authority before dedup or advancement and rolls back the semantic Session,Explicit semantic operation and exact writer delivery; unsupported mutation deterministically rejected before writes,"SUPPLY_CONTEXT_OR_WRAP; explicit legacy only where native policy permits, never certified evidence",PRE_IMPLEMENTATION_SCOPE_RECONCILIATION_ONLY
EF_025e41805514b5ba,SERVICE_PUBLIC,app/services/pipeline_service.py:cancel_pipeline,PIPELINE,WF_PIPELINE_CONTROL,BOOTSTRAP,"""Not dynamically audited for this initiator. Preserve native scope and supply the exact identity/time/evidence/readiness/configuration/execution dimensions required by each target writer; discovery does not establish which arguments are already sufficient.""","db: Session, pipeline_run_id: int",Exact caller integration subject to source review; writer requirements retained verbatim in required_authority,UNVERIFIED_PARTIAL_ADOPTION; do not assume safe target writers,Explicit semantic operation and exact writer delivery; unsupported mutation deterministically rejected before writes,"SUPPLY_CONTEXT_OR_WRAP; explicit legacy only where native policy permits, never certified evidence",PRE_IMPLEMENTATION_SCOPE_RECONCILIATION_ONLY
EF_02815044960ac52c,SERVICE_PUBLIC,app/services/winner_probability/pre11_activation_service.py:Pre11L5ActivationService.activate,"WINNER_COHORT,WINNER_ESTIMATE","WF_WINNER_COHORT_DEFINITION,WF_WINNER_EVIDENCE_MANIFEST,WF_WINNER_INLINE_COHORT,WF_WINNER_PRE11_ACTIVATION","BOOTSTRAP,CANONICAL_CALCULATION,PUBLICATION","{""WF_WINNER_COHORT_DEFINITION"": ""Caller must deliver the following exact native authority if absent; no blanket assertion that already certified pipeline delivery lacks it: Exact scoped operational/source body and its retained SQL proof; same validating Session/owner for supporting helpers; aware operation time where business-time state changes; durable job configuration/run binding and current execution token when owned"", ""WF_WINNER_EVIDENCE_MANIFEST"": ""Caller must deliver the following exact native authority if absent; no blanket assertion that already certified pipeline delivery lacks it: Exact scoped operational/source body and its retained SQL proof; same validating Session/owner for supporting helpers; aware operation time where business-time state changes; durable job configuration/run binding and current execution token when owned"", ""WF_WINNER_INLINE_COHORT"": ""Caller must deliver the following exact native authority if absent; no blanket assertion that already certified pipeline delivery lacks it: Exact native retained source bodies/IDs and immutable proofs; full executable configuration; explicit aware temporal/session authority; exact predecessor, target/model/generation/rule/manifest and native readiness where applicable; same validating Session and current durable execution token/configuration/run binding""}","self, db: Session, *, prediction: WinnerPredictionSnapshot, outcome_definition: WinnerOutcomeDefinition, training_cutoff_at: datetime, config: WinnerProbabilityConfig, request_key: str, expected_reviewed_manifest_hash: str, actor: str, approve_write: bool",Exact caller integration subject to source review; writer requirements retained verbatim in required_authority,SAFE_NATIVE_WRITER: rejects missing/altered authority before dedup or advancement and rolls back the semantic Session,Explicit semantic operation and exact writer delivery; unsupported mutation deterministically rejected before writes,"SUPPLY_CONTEXT_OR_WRAP; explicit legacy only where native policy permits, never certified evidence",PRE_IMPLEMENTATION_SCOPE_RECONCILIATION_ONLY
EF_03715d8cb04ab7de,SERVICE_PUBLIC,app/services/setup_lifecycle/replay_service.py:SetupLifecycleReplayService.replay,"ALERT_DECISION,CERI,COMBINED,CURRENT_PROJECTION,FUNDAMENTAL,IBMI,LIFECYCLE_EVALUATION,LIFECYCLE_TRANSITION,RANKING,REGIME,SECTOR,SETUP,TECHNICAL","WF_CORE_CURRENT_PROJECTION,WF_CORE_RETAINED_EVIDENCE,WF_LIFECYCLE_EVALUATION_EVIDENCE,WF_SETUP_EVALUATION_RUN_STATE,WF_SETUP_TYPED_REPOSITORY","BOOTSTRAP,CANONICAL_CALCULATION,CURRENT_PROJECTION_ADVANCE,MAINTENANCE","{""WF_LIFECYCLE_EVALUATION_EVIDENCE"": ""Caller must deliver the following exact native authority if absent; no blanket assertion that already certified pipeline delivery lacks it: Exact native retained source bodies/IDs and immutable proofs; full executable configuration; explicit aware temporal/session authority; exact predecessor, target/model/generation/rule/manifest and native readiness where applicable; same validating Session and current durable execution token/configuration/run binding"", ""WF_SETUP_EVALUATION_RUN_STATE"": ""Caller must deliver the following exact native authority if absent; no blanket assertion that already certified pipeline delivery lacks it: Exact scoped operational/source body and its retained SQL proof; same validating Session/owner for supporting helpers; aware operation time where business-time state changes; durable job configuration/run binding and current execution token when owned"", ""WF_SETUP_TYPED_REPOSITORY"": ""Caller must deliver the following exact native authority if absent; no blanket assertion that already certified pipeline delivery lacks it: Exact native retained source bodies/IDs and immutable proofs; full executable configuration; explicit aware temporal/session authority; exact predecessor, target/model/generation/rule/manifest and native readiness where applicable; same validating Session and current durable execution token/configuration/run binding""}","self, db, request: SetupLifecycleReplayRequest",Exact caller integration subject to source review; writer requirements retained verbatim in required_authority,SAFE_NATIVE_WRITER: rejects missing/altered authority before dedup or advancement and rolls back the semantic Session,Explicit semantic operation and exact writer delivery; unsupported mutation deterministically rejected before writes,"SUPPLY_CONTEXT_OR_WRAP; explicit legacy only where native policy permits, never certified evidence",PRE_IMPLEMENTATION_SCOPE_RECONCILIATION_ONLY
EF_053db506b2540635,SERVICE_PUBLIC,app/services/ib_market_intelligence/decision_evidence.py:persist_ibmi_feature_evidence,"CERI,COMBINED,CURRENT_PROJECTION,FUNDAMENTAL,IBMI,RANKING,REGIME,SECTOR,TECHNICAL","WF_CORE_CURRENT_PROJECTION,WF_CORE_RETAINED_EVIDENCE","CANONICAL_CALCULATION,CURRENT_PROJECTION_ADVANCE","""Not dynamically audited for this initiator. Preserve native scope and supply the exact identity/time/evidence/readiness/configuration/execution dimensions required by each target writer; discovery does not establish which arguments are already sufficient.""","db: Session, *, feature: IBIntelligenceFeature, config: IBMarketIntelligenceConfig, constituent_manifest: dict[str, Any]",Exact caller integration subject to source review; writer requirements retained verbatim in required_authority,UNVERIFIED_PARTIAL_ADOPTION; do not assume safe target writers,Explicit semantic operation and exact writer delivery; unsupported mutation deterministically rejected before writes,"SUPPLY_CONTEXT_OR_WRAP; explicit legacy only where native policy permits, never certified evidence",PRE_IMPLEMENTATION_SCOPE_RECONCILIATION_ONLY
EF_08367ecd4bfc25ab,SERVICE_PUBLIC,app/services/winner_probability/temporal_validation_service.py:TemporalValidationService.apply_certification,WINNER_PREDICTION,WF_WINNER_TEMPORAL_VALIDITY,CURRENT_STATE_REPAIR,"""Not dynamically audited for this initiator. Preserve native scope and supply the exact identity/time/evidence/readiness/configuration/execution dimensions required by each target writer; discovery does not establish which arguments are already sufficient.""","self, db: Session, *, plan: TemporalCertificationPlan, expected_manifest_hash: str, actor: str, request_key: str, approve_write: bool, evaluated_at: datetime | None=None",Exact caller integration subject to source review; writer requirements retained verbatim in required_authority,UNVERIFIED_PARTIAL_ADOPTION; do not assume safe target writers,Explicit semantic operation and exact writer delivery; unsupported mutation deterministically rejected before writes,"SUPPLY_CONTEXT_OR_WRAP; explicit legacy only where native policy permits, never certified evidence",PRE_IMPLEMENTATION_SCOPE_RECONCILIATION_ONLY
EF_0c0cd820f687c1bb,SERVICE_PUBLIC,app/services/transition_preflight_plan_service.py:freeze_transition_decision_handoff_manifest,PIPELINE,"WF_DECISION_HANDOFF_MANIFEST,WF_TRANSITION_PREFLIGHT",BOOTSTRAP,"""Not dynamically audited for this initiator. Preserve native scope and supply the exact identity/time/evidence/readiness/configuration/execution dimensions required by each target writer; discovery does not establish which arguments are already sufficient.""","db: Session, *, upload_run_id: int, market_cutoff: MarketCalculationCutoff",Exact caller integration subject to source review; writer requirements retained verbatim in required_authority,UNVERIFIED_PARTIAL_ADOPTION; do not assume safe target writers,Explicit semantic operation and exact writer delivery; unsupported mutation deterministically rejected before writes,"SUPPLY_CONTEXT_OR_WRAP; explicit legacy only where native policy permits, never certified evidence",PRE_IMPLEMENTATION_SCOPE_RECONCILIATION_ONLY
EF_0d98794ca39011bf,HTTP,app/routers/ib_routes.py:resolve_ticker,IBMI_SOURCE,WF_IB_CONTRACT_IDENTITY,MAINTENANCE,"""Not dynamically audited for this initiator. Preserve native scope and supply the exact identity/time/evidence/readiness/configuration/execution dimensions required by each target writer; discovery does not establish which arguments are already sufficient.""","ticker: str, db: DbSession, force_refresh: bool=False",Exact caller integration subject to source review; writer requirements retained verbatim in required_authority,UNVERIFIED_PARTIAL_ADOPTION; do not assume safe target writers,Explicit semantic operation and exact writer delivery; unsupported mutation deterministically rejected before writes,"SUPPLY_CONTEXT_OR_WRAP; explicit legacy only where native policy permits, never certified evidence",PRE_IMPLEMENTATION_SCOPE_RECONCILIATION_ONLY
EF_0ef7906db6e76146,DURABLE_JOB,app/services/winner_probability/job_handlers.py:execute_outcome_maturation_job,"CONFIGURATION,CURRENT_PROJECTION,WINNER_COHORT,WINNER_GENERATION,WINNER_OUTCOME,WINNER_PREDICTION","WF_CONFIGURATION_DELIVERY,WF_WINNER_COHORT_DEFINITION,WF_WINNER_COHORT_MATERIALIZATION,WF_WINNER_EVIDENCE_MANIFEST,WF_WINNER_FORWARD_MATURATION,WF_WINNER_GENERATION,WF_WINNER_OUTCOME_REVISION,WF_WINNER_WATERMARK","BOOTSTRAP,CANONICAL_CALCULATION,CURRENT_PROJECTION_ADVANCE,OUTCOME_MATURATION","{""WF_WINNER_COHORT_DEFINITION"": ""Caller must deliver the following exact native authority if absent; no blanket assertion that already certified pipeline delivery lacks it: Exact scoped operational/source body and its retained SQL proof; same validating Session/owner for supporting helpers; aware operation time where business-time state changes; durable job configuration/run binding and current execution token when owned"", ""WF_WINNER_COHORT_MATERIALIZATION"": ""Caller must deliver the following exact native authority if absent; no blanket assertion that already certified pipeline delivery lacks it: Exact native retained source bodies/IDs and immutable proofs; full executable configuration; explicit aware temporal/session authority; exact predecessor, target/model/generation/rule/manifest and native readiness where applicable; same validating Session and current durable execution token/configuration/run binding"", ""WF_WINNER_EVIDENCE_MANIFEST"": ""Caller must deliver the following exact native authority if absent; no blanket assertion that already certified pipeline delivery lacks it: Exact scoped operational/source body and its retained SQL proof; same validating Session/owner for supporting helpers; aware operation time where business-time state changes; durable job configuration/run binding and current execution token when owned"", ""WF_WINNER_FORWARD_MATURATION"": ""Caller must deliver the following exact native authority if absent; no blanket assertion that already certified pipeline delivery lacks it: Exact native retained source bodies/IDs and immutable proofs; full executable configuration; explicit aware temporal/session authority; exact predecessor, target/model/generation/rule/manifest and native readiness where applicable; same validating Session and current durable execution token/configuration/run binding"", ""WF_WINNER_GENERATION"": ""Caller must deliver the following exact native authority if absent; no blanket assertion that already certified pipeline delivery lacks it: Exact native retained source bodies/IDs and immutable proofs; full executable configuration; explicit aware temporal/session authority; exact predecessor, target/model/generation/rule/manifest and native readiness where applicable; same validating Session and current durable execution token/configuration/run binding"", ""WF_WINNER_OUTCOME_REVISION"": ""Caller must deliver the following exact native authority if absent; no blanket assertion that already certified pipeline delivery lacks it: Exact native retained source bodies/IDs and immutable proofs; full executable configuration; explicit aware temporal/session authority; exact predecessor, target/model/generation/rule/manifest and native readiness where applicable; same validating Session and current durable execution token/configuration/run binding"", ""WF_WINNER_WATERMARK"": ""Caller must deliver the following exact native authority if absent; no blanket assertion that already certified pipeline delivery lacks it: Exact scoped operational/source body and its retained SQL proof; same validating Session/owner for supporting helpers; aware operation time where business-time state changes; durable job configuration/run binding and current execution token when owned""}","db: Session, job: BackgroundJob, *, outcome_service: OutcomeMaturationService | None=None, orchestration_service: H5NextOpenOrchestrationService | None=None, now: datetime | None=None",Exact caller integration subject to source review; writer requirements retained verbatim in required_authority,SAFE_NATIVE_WRITER: rejects missing/altered authority before dedup or advancement and rolls back the semantic Session,Explicit semantic operation and exact writer delivery; unsupported mutation deterministically rejected before writes,"SUPPLY_CONTEXT_OR_WRAP; explicit legacy only where native policy permits, never certified evidence",PRE_IMPLEMENTATION_SCOPE_RECONCILIATION_ONLY
EF_118b721845a2cc66,HTTP,app/routers/market_regime_routes.py:run_market_regime_page,"CERI,COMBINED,CURRENT_PROJECTION,FUNDAMENTAL,IBMI,RANKING,REGIME,SECTOR,TECHNICAL","WF_CORE_CURRENT_PROJECTION,WF_CORE_RETAINED_EVIDENCE,WF_REGIME_SNAPSHOT","CANONICAL_CALCULATION,CURRENT_PROJECTION_ADVANCE","""Not dynamically audited for this initiator. Preserve native scope and supply the exact identity/time/evidence/readiness/configuration/execution dimensions required by each target writer; discovery does not establish which arguments are already sufficient.""","request: Request, run_id: int, db: DbSession",Exact caller integration subject to source review; writer requirements retained verbatim in required_authority,UNVERIFIED_PARTIAL_ADOPTION; do not assume safe target writers,Explicit semantic operation and exact writer delivery; unsupported mutation deterministically rejected before writes,"SUPPLY_CONTEXT_OR_WRAP; explicit legacy only where native policy permits, never certified evidence",PRE_IMPLEMENTATION_SCOPE_RECONCILIATION_ONLY
EF_13401d351b294c00,HTTP,app/routers/run_routes.py:recalculate_fundamentals_action,"CERI,COMBINED,CURRENT_PROJECTION,FUNDAMENTAL,IBMI,RANKING,REGIME,SECTOR,TECHNICAL","WF_COMBINED_REFRESH,WF_CORE_CURRENT_PROJECTION,WF_CORE_RETAINED_EVIDENCE,WF_FUNDAMENTAL_RECALCULATION","CANONICAL_CALCULATION,CURRENT_PROJECTION_ADVANCE,LEGACY_UNCERTIFIED","""Not dynamically audited for this initiator. Preserve native scope and supply the exact identity/time/evidence/readiness/configuration/execution dimensions required by each target writer; discovery does not establish which arguments are already sufficient.""","run_id: int, db: DbSession",Exact caller integration subject to source review; writer requirements retained verbatim in required_authority,UNVERIFIED_PARTIAL_ADOPTION; do not assume safe target writers,Explicit semantic operation and exact writer delivery; unsupported mutation deterministically rejected before writes,"SUPPLY_CONTEXT_OR_WRAP; explicit legacy only where native policy permits, never certified evidence",PRE_IMPLEMENTATION_SCOPE_RECONCILIATION_ONLY
EF_16848e7d5042bbd5,CLI,scripts/resolve_sec_ciks.py:main,CERI_SOURCE,WF_SEC_CIK_CLI,CURRENT_STATE_REPAIR,"""Not dynamically audited for this initiator. Preserve native scope and supply the exact identity/time/evidence/readiness/configuration/execution dimensions required by each target writer; discovery does not establish which arguments are already sufficient.""",,Exact caller integration subject to source review; writer requirements retained verbatim in required_authority,UNVERIFIED_PARTIAL_ADOPTION; do not assume safe target writers,Explicit semantic operation and exact writer delivery; unsupported mutation deterministically rejected before writes,"SUPPLY_CONTEXT_OR_WRAP; explicit legacy only where native policy permits, never certified evidence",PRE_IMPLEMENTATION_SCOPE_RECONCILIATION_ONLY
EF_17af8f95c72dc4b5,SERVICE_PUBLIC,app/services/ceri/purge_service.py:CeriPurgeService.execute,"CERI,CERI_ALERT,CERI_CHANGE,CERI_SOURCE,COMBINED,CONFIGURATION,CURRENT_PROJECTION,FUNDAMENTAL,IBMI,RANKING,REGIME,SECTOR,TECHNICAL","WF_CERI_ALERT_CREATION,WF_CERI_CHANGE,WF_CERI_CONSENSUS_ATTACH,WF_CERI_FEATURE_BUILD,WF_CERI_LICENSED_PURGE,WF_CERI_PRICE_RESPONSE,WF_CERI_REVISION_FEATURE,WF_CERI_SCORE,WF_CONFIGURATION_DELIVERY,WF_CORE_CURRENT_PROJECTION,WF_CORE_RETAINED_EVIDENCE","BOOTSTRAP,CANONICAL_CALCULATION,CURRENT_PROJECTION_ADVANCE,MAINTENANCE","{""WF_CERI_ALERT_CREATION"": ""Caller must deliver the following exact native authority if absent; no blanket assertion that already certified pipeline delivery lacks it: Exact native retained source bodies/IDs and immutable proofs; full executable configuration; explicit aware temporal/session authority; exact predecessor, target/model/generation/rule/manifest and native readiness where applicable; same validating Session and current durable execution token/configuration/run binding"", ""WF_CERI_CHANGE"": ""Caller must deliver the following exact native authority if absent; no blanket assertion that already certified pipeline delivery lacks it: Exact scoped operational/source body and its retained SQL proof; same validating Session/owner for supporting helpers; aware operation time where business-time state changes; durable job configuration/run binding and current execution token when owned""}","self, db: Session, request: CeriPurgeExecuteRequest, *, job_id: int | None=None, processing_run_id: int | None=None",Exact caller integration subject to source review; writer requirements retained verbatim in required_authority,SAFE_NATIVE_WRITER: rejects missing/altered authority before dedup or advancement and rolls back the semantic Session,Explicit semantic operation and exact writer delivery; unsupported mutation deterministically rejected before writes,"SUPPLY_CONTEXT_OR_WRAP; explicit legacy only where native policy permits, never certified evidence",PRE_IMPLEMENTATION_SCOPE_RECONCILIATION_ONLY
EF_1829ba4c1327b124,SERVICE_PUBLIC,app/services/ceri/sec/readiness_repair.py:schedule_sec_readiness_repair,"CERI,CERI_ALERT,CERI_CHANGE,CERI_SOURCE,COMBINED,CONFIGURATION,CURRENT_PROJECTION,FUNDAMENTAL,IBMI,IBMI_SOURCE,PIPELINE,PRICE,RANKING,RAW,REGIME,SECTOR,TECHNICAL","WF_CERI_ALERT_CREATION,WF_CERI_CHANGE,WF_CERI_CONSENSUS_ATTACH,WF_CERI_FEATURE_BUILD,WF_CERI_GUIDANCE_ELIGIBILITY,WF_CERI_PRICE_RESPONSE,WF_CERI_RAW_SOURCE,WF_CERI_REVISION_FEATURE,WF_CERI_SCORE,WF_CERI_SOURCE_IDENTITY,WF_CERI_SOURCE_NORMALIZATION,WF_COMBINED_REFRESH,WF_CONFIGURATION_DELIVERY,WF_CORE_CURRENT_PROJECTION,WF_CORE_RETAINED_EVIDENCE,WF_FUNDAMENTAL_RECALCULATION,WF_IB_CONTRACT_IDENTITY,WF_MARKET_CONTEXT_AUTHORITY,WF_PIPELINE_CONTROL,WF_PIPELINE_STAGE_STATE,WF_PRICE_INGESTION,WF_PRICE_SERIES_VERSION,WF_RANKING_LEGACY_REPLACEMENT,WF_RANKING_PERSISTENCE,WF_REGIME_SNAPSHOT,WF_SECTOR_SNAPSHOT,WF_SEC_DOCUMENT_SOURCE,WF_SEC_IDENTITY_REPAIR,WF_SEC_INCREMENTAL_IDENTITY,WF_SEC_PIPELINE_READINESS_REPAIR,WF_TECHNICAL_FEATURE_CACHE,WF_TECHNICAL_FINALIZATION,WF_WINNER_MARKET_DATA_OBLIGATION","BOOTSTRAP,CANONICAL_CALCULATION,CURRENT_PROJECTION_ADVANCE,CURRENT_STATE_REPAIR,LEGACY_UNCERTIFIED,MAINTENANCE","{""WF_CERI_ALERT_CREATION"": ""Caller must deliver the following exact native authority if absent; no blanket assertion that already certified pipeline delivery lacks it: Exact native retained source bodies/IDs and immutable proofs; full executable configuration; explicit aware temporal/session authority; exact predecessor, target/model/generation/rule/manifest and native readiness where applicable; same validating Session and current durable execution token/configuration/run binding"", ""WF_CERI_CHANGE"": ""Caller must deliver the following exact native authority if absent; no blanket assertion that already certified pipeline delivery lacks it: Exact scoped operational/source body and its retained SQL proof; same validating Session/owner for supporting helpers; aware operation time where business-time state changes; durable job configuration/run binding and current execution token when owned"", ""WF_WINNER_MARKET_DATA_OBLIGATION"": ""Caller must deliver the following exact native authority if absent; no blanket assertion that already certified pipeline delivery lacks it: Exact scoped operational/source body and its retained SQL proof; same validating Session/owner for supporting helpers; aware operation time where business-time state changes; durable job configuration/run binding and current execution token when owned""}","db: Session, *, pipeline: PipelineRun, diagnostics: dict[str, Any], resume_from_step: str | None=None",Exact caller integration subject to source review; writer requirements retained verbatim in required_authority,SAFE_NATIVE_WRITER: rejects missing/altered authority before dedup or advancement and rolls back the semantic Session,Explicit semantic operation and exact writer delivery; unsupported mutation deterministically rejected before writes,"SUPPLY_CONTEXT_OR_WRAP; explicit legacy only where native policy permits, never certified evidence",PRE_IMPLEMENTATION_SCOPE_RECONCILIATION_ONLY
EF_193d9ffd0c79c2f8,SERVICE_PUBLIC,app/services/ceri/normalization_service.py:CeriNormalizationService.normalize,CERI_SOURCE,"WF_CERI_GUIDANCE_ELIGIBILITY,WF_CERI_SOURCE_IDENTITY,WF_CERI_SOURCE_NORMALIZATION","CANONICAL_CALCULATION,MAINTENANCE","""Not dynamically audited for this initiator. Preserve native scope and supply the exact identity/time/evidence/readiness/configuration/execution dimensions required by each target writer; discovery does not establish which arguments are already sufficient.""","self, db: Session, *, processing_run: CeriProcessingRun, ingestion_run_id: int | None=None, source_records: list[CeriSourceRecord] | None=None, should_cancel: Callable[[], bool] | None=None, checkpoint_interval: int=5, checkpoint_callback: Callable[[dict[str, Any]], None] | None=None",Exact caller integration subject to source review; writer requirements retained verbatim in required_authority,UNVERIFIED_PARTIAL_ADOPTION; do not assume safe target writers,Explicit semantic operation and exact writer delivery; unsupported mutation deterministically rejected before writes,"SUPPLY_CONTEXT_OR_WRAP; explicit legacy only where native policy permits, never certified evidence",PRE_IMPLEMENTATION_SCOPE_RECONCILIATION_ONLY
EF_1b91db6627789dc6,DURABLE_JOB,app/services/ceri/batched_job_handlers.py:execute_run_finalize_job,"CERI,CERI_ALERT,CERI_CHANGE,CERI_SOURCE,COMBINED,CONFIGURATION,CURRENT_PROJECTION,FUNDAMENTAL,IBMI,RANKING,REGIME,SECTOR,TECHNICAL","WF_CERI_ALERT_CREATION,WF_CERI_CHANGE,WF_CERI_CONSENSUS_ATTACH,WF_CERI_FEATURE_BUILD,WF_CERI_PRICE_RESPONSE,WF_CERI_REVISION_FEATURE,WF_CERI_SCORE,WF_CONFIGURATION_DELIVERY,WF_CORE_CURRENT_PROJECTION,WF_CORE_RETAINED_EVIDENCE","BOOTSTRAP,CANONICAL_CALCULATION,CURRENT_PROJECTION_ADVANCE,MAINTENANCE","{""WF_CERI_ALERT_CREATION"": ""Caller must deliver the following exact native authority if absent; no blanket assertion that already certified pipeline delivery lacks it: Exact native retained source bodies/IDs and immutable proofs; full executable configuration; explicit aware temporal/session authority; exact predecessor, target/model/generation/rule/manifest and native readiness where applicable; same validating Session and current durable execution token/configuration/run binding"", ""WF_CERI_CHANGE"": ""Caller must deliver the following exact native authority if absent; no blanket assertion that already certified pipeline delivery lacks it: Exact scoped operational/source body and its retained SQL proof; same validating Session/owner for supporting helpers; aware operation time where business-time state changes; durable job configuration/run binding and current execution token when owned""}","db: Session, job: BackgroundJob",Exact caller integration subject to source review; writer requirements retained verbatim in required_authority,SAFE_NATIVE_WRITER: rejects missing/altered authority before dedup or advancement and rolls back the semantic Session,Explicit semantic operation and exact writer delivery; unsupported mutation deterministically rejected before writes,"SUPPLY_CONTEXT_OR_WRAP; explicit legacy only where native policy permits, never certified evidence",PRE_IMPLEMENTATION_SCOPE_RECONCILIATION_ONLY
EF_1d0eb4e43cbd2c5f,CLI,scripts/winner_maturation_canary.py:main,"WINNER_OUTCOME,WINNER_PREDICTION","WF_WINNER_FORWARD_MATURATION,WF_WINNER_MATURATION_CANARY,WF_WINNER_OUTCOME_REVISION","CURRENT_STATE_REPAIR,OUTCOME_MATURATION","{""WF_WINNER_FORWARD_MATURATION"": ""Caller must deliver the following exact native authority if absent; no blanket assertion that already certified pipeline delivery lacks it: Exact native retained source bodies/IDs and immutable proofs; full executable configuration; explicit aware temporal/session authority; exact predecessor, target/model/generation/rule/manifest and native readiness where applicable; same validating Session and current durable execution token/configuration/run binding"", ""WF_WINNER_OUTCOME_REVISION"": ""Caller must deliver the following exact native authority if absent; no blanket assertion that already certified pipeline delivery lacks it: Exact native retained source bodies/IDs and immutable proofs; full executable configuration; explicit aware temporal/session authority; exact predecessor, target/model/generation/rule/manifest and native readiness where applicable; same validating Session and current durable execution token/configuration/run binding""}",,Exact caller integration subject to source review; writer requirements retained verbatim in required_authority,SAFE_NATIVE_WRITER: rejects missing/altered authority before dedup or advancement and rolls back the semantic Session,Explicit semantic operation and exact writer delivery; unsupported mutation deterministically rejected before writes,"SUPPLY_CONTEXT_OR_WRAP; explicit legacy only where native policy permits, never certified evidence",PRE_IMPLEMENTATION_SCOPE_RECONCILIATION_ONLY
EF_1ffa51a772dfc285,CLI,scripts/winner_target_stop_scope_repair.py:main,WINNER_OUTCOME,WF_WINNER_TARGET_STOP_REPAIR,CURRENT_STATE_REPAIR,"""Not dynamically audited for this initiator. Preserve native scope and supply the exact identity/time/evidence/readiness/configuration/execution dimensions required by each target writer; discovery does not establish which arguments are already sufficient.""",,Exact caller integration subject to source review; writer requirements retained verbatim in required_authority,UNVERIFIED_PARTIAL_ADOPTION; do not assume safe target writers,Explicit semantic operation and exact writer delivery; unsupported mutation deterministically rejected before writes,"SUPPLY_CONTEXT_OR_WRAP; explicit legacy only where native policy permits, never certified evidence",PRE_IMPLEMENTATION_SCOPE_RECONCILIATION_ONLY
EF_20010a31016223bb,SERVICE_PUBLIC,app/services/winner_probability/temporal_validation_service.py:TemporalValidationService.apply_quarantine,WINNER_PREDICTION,WF_WINNER_TEMPORAL_VALIDITY,CURRENT_STATE_REPAIR,"""Not dynamically audited for this initiator. Preserve native scope and supply the exact identity/time/evidence/readiness/configuration/execution dimensions required by each target writer; discovery does not establish which arguments are already sufficient.""","self, db: Session, *, plan: TemporalQuarantinePlan, expected_manifest_hash: str, actor: str, request_key: str, approve_write: bool, evaluated_at: datetime | None=None",Exact caller integration subject to source review; writer requirements retained verbatim in required_authority,UNVERIFIED_PARTIAL_ADOPTION; do not assume safe target writers,Explicit semantic operation and exact writer delivery; unsupported mutation deterministically rejected before writes,"SUPPLY_CONTEXT_OR_WRAP; explicit legacy only where native policy permits, never certified evidence",PRE_IMPLEMENTATION_SCOPE_RECONCILIATION_ONLY
EF_22da324cfd71d5ee,SERVICE_PUBLIC,app/services/ib_fetch_job_service.py:submit_fetch_job,"CONFIGURATION,IBMI_SOURCE,PRICE","WF_CONFIGURATION_DELIVERY,WF_IB_CONTRACT_IDENTITY,WF_PRICE_INGESTION,WF_PRICE_SERIES_VERSION,WF_WINNER_MARKET_DATA_OBLIGATION","BOOTSTRAP,CANONICAL_CALCULATION,MAINTENANCE","{""WF_WINNER_MARKET_DATA_OBLIGATION"": ""Caller must deliver the following exact native authority if absent; no blanket assertion that already certified pipeline delivery lacks it: Exact scoped operational/source body and its retained SQL proof; same validating Session/owner for supporting helpers; aware operation time where business-time state changes; durable job configuration/run binding and current execution token when owned""}","db: Session, fetch_run_id: int, plan: FetchPlan, options: FetchJobOptions",Exact caller integration subject to source review; writer requirements retained verbatim in required_authority,SAFE_NATIVE_WRITER: rejects missing/altered authority before dedup or advancement and rolls back the semantic Session,Explicit semantic operation and exact writer delivery; unsupported mutation deterministically rejected before writes,"SUPPLY_CONTEXT_OR_WRAP; explicit legacy only where native policy permits, never certified evidence",PRE_IMPLEMENTATION_SCOPE_RECONCILIATION_ONLY
EF_253b79a161c2f85f,DURABLE_JOB,app/services/winner_probability/job_handlers.py:execute_outcome_revision_check_job,"CONFIGURATION,CURRENT_PROJECTION,WINNER_COHORT,WINNER_GENERATION,WINNER_OUTCOME,WINNER_PREDICTION","WF_CONFIGURATION_DELIVERY,WF_WINNER_COHORT_DEFINITION,WF_WINNER_COHORT_MATERIALIZATION,WF_WINNER_EVIDENCE_MANIFEST,WF_WINNER_FORWARD_MATURATION,WF_WINNER_GENERATION,WF_WINNER_OUTCOME_REVISION,WF_WINNER_WATERMARK","BOOTSTRAP,CANONICAL_CALCULATION,CURRENT_PROJECTION_ADVANCE,OUTCOME_MATURATION","{""WF_WINNER_COHORT_DEFINITION"": ""Caller must deliver the following exact native authority if absent; no blanket assertion that already certified pipeline delivery lacks it: Exact scoped operational/source body and its retained SQL proof; same validating Session/owner for supporting helpers; aware operation time where business-time state changes; durable job configuration/run binding and current execution token when owned"", ""WF_WINNER_COHORT_MATERIALIZATION"": ""Caller must deliver the following exact native authority if absent; no blanket assertion that already certified pipeline delivery lacks it: Exact native retained source bodies/IDs and immutable proofs; full executable configuration; explicit aware temporal/session authority; exact predecessor, target/model/generation/rule/manifest and native readiness where applicable; same validating Session and current durable execution token/configuration/run binding"", ""WF_WINNER_EVIDENCE_MANIFEST"": ""Caller must deliver the following exact native authority if absent; no blanket assertion that already certified pipeline delivery lacks it: Exact scoped operational/source body and its retained SQL proof; same validating Session/owner for supporting helpers; aware operation time where business-time state changes; durable job configuration/run binding and current execution token when owned"", ""WF_WINNER_FORWARD_MATURATION"": ""Caller must deliver the following exact native authority if absent; no blanket assertion that already certified pipeline delivery lacks it: Exact native retained source bodies/IDs and immutable proofs; full executable configuration; explicit aware temporal/session authority; exact predecessor, target/model/generation/rule/manifest and native readiness where applicable; same validating Session and current durable execution token/configuration/run binding"", ""WF_WINNER_GENERATION"": ""Caller must deliver the following exact native authority if absent; no blanket assertion that already certified pipeline delivery lacks it: Exact native retained source bodies/IDs and immutable proofs; full executable configuration; explicit aware temporal/session authority; exact predecessor, target/model/generation/rule/manifest and native readiness where applicable; same validating Session and current durable execution token/configuration/run binding"", ""WF_WINNER_OUTCOME_REVISION"": ""Caller must deliver the following exact native authority if absent; no blanket assertion that already certified pipeline delivery lacks it: Exact native retained source bodies/IDs and immutable proofs; full executable configuration; explicit aware temporal/session authority; exact predecessor, target/model/generation/rule/manifest and native readiness where applicable; same validating Session and current durable execution token/configuration/run binding"", ""WF_WINNER_WATERMARK"": ""Caller must deliver the following exact native authority if absent; no blanket assertion that already certified pipeline delivery lacks it: Exact scoped operational/source body and its retained SQL proof; same validating Session/owner for supporting helpers; aware operation time where business-time state changes; durable job configuration/run binding and current execution token when owned""}","db: Session, job: BackgroundJob, *, outcome_service: OutcomeMaturationService | None=None, now: datetime | None=None",Exact caller integration subject to source review; writer requirements retained verbatim in required_authority,SAFE_NATIVE_WRITER: rejects missing/altered authority before dedup or advancement and rolls back the semantic Session,Explicit semantic operation and exact writer delivery; unsupported mutation deterministically rejected before writes,"SUPPLY_CONTEXT_OR_WRAP; explicit legacy only where native policy permits, never certified evidence",PRE_IMPLEMENTATION_SCOPE_RECONCILIATION_ONLY
EF_26b4197e150dd293,SERVICE_PUBLIC,app/services/ceri/sec/identity_repair.py:resolve_and_persist_sec_identity,CERI_SOURCE,WF_SEC_IDENTITY_REPAIR,CURRENT_STATE_REPAIR,"""Not dynamically audited for this initiator. Preserve native scope and supply the exact identity/time/evidence/readiness/configuration/execution dimensions required by each target writer; discovery does not establish which arguments are already sufficient.""","db: Session, *, provider: SecCeriProvider, ticker: str",Exact caller integration subject to source review; writer requirements retained verbatim in required_authority,UNVERIFIED_PARTIAL_ADOPTION; do not assume safe target writers,Explicit semantic operation and exact writer delivery; unsupported mutation deterministically rejected before writes,"SUPPLY_CONTEXT_OR_WRAP; explicit legacy only where native policy permits, never certified evidence",PRE_IMPLEMENTATION_SCOPE_RECONCILIATION_ONLY
EF_26f8eec180edfe25,SERVICE_PUBLIC,app/services/bar_cache_service.py:ensure_daily_bars,"IBMI_SOURCE,PRICE","WF_IB_CONTRACT_IDENTITY,WF_PRICE_INGESTION,WF_PRICE_SERIES_VERSION","CANONICAL_CALCULATION,MAINTENANCE","""Not dynamically audited for this initiator. Preserve native scope and supply the exact identity/time/evidence/readiness/configuration/execution dimensions required by each target writer; discovery does not establish which arguments are already sufficient.""","db: Session, tickers: list[str], include_benchmarks: bool=True, what_to_show_values: tuple[str, ...]=DEFAULT_WHAT_TO_SHOW, settings: Settings | None=None",Exact caller integration subject to source review; writer requirements retained verbatim in required_authority,UNVERIFIED_PARTIAL_ADOPTION; do not assume safe target writers,Explicit semantic operation and exact writer delivery; unsupported mutation deterministically rejected before writes,"SUPPLY_CONTEXT_OR_WRAP; explicit legacy only where native policy permits, never certified evidence",PRE_IMPLEMENTATION_SCOPE_RECONCILIATION_ONLY
EF_27e57281b2de8753,HTTP,app/routers/ib_market_intelligence_routes.py:queue_historical,"CERI,COMBINED,CONFIGURATION,CURRENT_PROJECTION,FUNDAMENTAL,IBMI,IBMI_SOURCE,RANKING,REGIME,SECTOR,TECHNICAL","WF_CONFIGURATION_DELIVERY,WF_CORE_CURRENT_PROJECTION,WF_CORE_RETAINED_EVIDENCE,WF_IBMI_HISTORICAL_SOURCE,WF_IBMI_NATIVE_FEATURE,WF_IB_CONTRACT_IDENTITY","BOOTSTRAP,CANONICAL_CALCULATION,CURRENT_PROJECTION_ADVANCE,MAINTENANCE","""Not dynamically audited for this initiator. Preserve native scope and supply the exact identity/time/evidence/readiness/configuration/execution dimensions required by each target writer; discovery does not establish which arguments are already sufficient.""","request: Request, payload: TickerJobRequest, db: DbSession",Exact caller integration subject to source review; writer requirements retained verbatim in required_authority,UNVERIFIED_PARTIAL_ADOPTION; do not assume safe target writers,Explicit semantic operation and exact writer delivery; unsupported mutation deterministically rejected before writes,"SUPPLY_CONTEXT_OR_WRAP; explicit legacy only where native policy permits, never certified evidence",PRE_IMPLEMENTATION_SCOPE_RECONCILIATION_ONLY
EF_28db8281e196d4a6,HTTP,app/routers/setup_lifecycle_routes.py:replay_setup_lifecycle,"ALERT_DECISION,CERI,COMBINED,CURRENT_PROJECTION,FUNDAMENTAL,IBMI,LIFECYCLE_EVALUATION,LIFECYCLE_TRANSITION,RANKING,REGIME,SECTOR,SETUP,TECHNICAL","WF_CORE_CURRENT_PROJECTION,WF_CORE_RETAINED_EVIDENCE,WF_LIFECYCLE_EVALUATION_EVIDENCE,WF_SETUP_EVALUATION_RUN_STATE,WF_SETUP_TYPED_REPOSITORY","BOOTSTRAP,CANONICAL_CALCULATION,CURRENT_PROJECTION_ADVANCE,MAINTENANCE","{""WF_LIFECYCLE_EVALUATION_EVIDENCE"": ""Caller must deliver the following exact native authority if absent; no blanket assertion that already certified pipeline delivery lacks it: Exact native retained source bodies/IDs and immutable proofs; full executable configuration; explicit aware temporal/session authority; exact predecessor, target/model/generation/rule/manifest and native readiness where applicable; same validating Session and current durable execution token/configuration/run binding"", ""WF_SETUP_EVALUATION_RUN_STATE"": ""Caller must deliver the following exact native authority if absent; no blanket assertion that already certified pipeline delivery lacks it: Exact scoped operational/source body and its retained SQL proof; same validating Session/owner for supporting helpers; aware operation time where business-time state changes; durable job configuration/run binding and current execution token when owned"", ""WF_SETUP_TYPED_REPOSITORY"": ""Caller must deliver the following exact native authority if absent; no blanket assertion that already certified pipeline delivery lacks it: Exact native retained source bodies/IDs and immutable proofs; full executable configuration; explicit aware temporal/session authority; exact predecessor, target/model/generation/rule/manifest and native readiness where applicable; same validating Session and current durable execution token/configuration/run binding""}","request: Request, db: DbSession, ticker: str | None=None, date_from: date | None=None, date_to: date | None=None, persist: bool=False, confirmation: str | None=None, reason: str | None=None, requester: str | None=None",Exact caller integration subject to source review; writer requirements retained verbatim in required_authority,SAFE_NATIVE_WRITER: rejects missing/altered authority before dedup or advancement and rolls back the semantic Session,Explicit semantic operation and exact writer delivery; unsupported mutation deterministically rejected before writes,"SUPPLY_CONTEXT_OR_WRAP; explicit legacy only where native policy permits, never certified evidence",PRE_IMPLEMENTATION_SCOPE_RECONCILIATION_ONLY
EF_29d8aab26f7bc1b7,SERVICE_PUBLIC,app/services/ceri/feature_rebuild_service.py:CeriFeatureRebuildService.rebuild,CERI_SOURCE,"WF_CERI_CONSENSUS_ATTACH,WF_CERI_FEATURE_BUILD,WF_CERI_REVISION_FEATURE","CANONICAL_CALCULATION,MAINTENANCE","""Not dynamically audited for this initiator. Preserve native scope and supply the exact identity/time/evidence/readiness/configuration/execution dimensions required by each target writer; discovery does not establish which arguments are already sufficient.""","self, db: Session, request: CeriFeatureRebuildRequest, *, processing_run: Any | None=None, batch_context: CeriFeatureBatchContext | None=None",Exact caller integration subject to source review; writer requirements retained verbatim in required_authority,UNVERIFIED_PARTIAL_ADOPTION; do not assume safe target writers,Explicit semantic operation and exact writer delivery; unsupported mutation deterministically rejected before writes,"SUPPLY_CONTEXT_OR_WRAP; explicit legacy only where native policy permits, never certified evidence",PRE_IMPLEMENTATION_SCOPE_RECONCILIATION_ONLY
EF_2c20ef6c4a891318,SERVICE_PUBLIC,app/services/winner_probability/pre11_compatibility_service.py:Pre11CompatibilityWriteService.persist_decisions_and_replays,"CONFIGURATION,CURRENT_PROJECTION,WINNER_COHORT,WINNER_GENERATION","WF_CONFIGURATION_DELIVERY,WF_WINNER_COHORT_DEFINITION,WF_WINNER_COHORT_MATERIALIZATION,WF_WINNER_EVIDENCE_MANIFEST,WF_WINNER_GENERATION,WF_WINNER_PRE11_TRAINING_REPLAY,WF_WINNER_WATERMARK","BOOTSTRAP,CANONICAL_CALCULATION,CURRENT_PROJECTION_ADVANCE,CURRENT_RULES_RETROSPECTIVE","{""WF_WINNER_COHORT_DEFINITION"": ""Caller must deliver the following exact native authority if absent; no blanket assertion that already certified pipeline delivery lacks it: Exact scoped operational/source body and its retained SQL proof; same validating Session/owner for supporting helpers; aware operation time where business-time state changes; durable job configuration/run binding and current execution token when owned"", ""WF_WINNER_COHORT_MATERIALIZATION"": ""Caller must deliver the following exact native authority if absent; no blanket assertion that already certified pipeline delivery lacks it: Exact native retained source bodies/IDs and immutable proofs; full executable configuration; explicit aware temporal/session authority; exact predecessor, target/model/generation/rule/manifest and native readiness where applicable; same validating Session and current durable execution token/configuration/run binding"", ""WF_WINNER_EVIDENCE_MANIFEST"": ""Caller must deliver the following exact native authority if absent; no blanket assertion that already certified pipeline delivery lacks it: Exact scoped operational/source body and its retained SQL proof; same validating Session/owner for supporting helpers; aware operation time where business-time state changes; durable job configuration/run binding and current execution token when owned"", ""WF_WINNER_GENERATION"": ""Caller must deliver the following exact native authority if absent; no blanket assertion that already certified pipeline delivery lacks it: Exact native retained source bodies/IDs and immutable proofs; full executable configuration; explicit aware temporal/session authority; exact predecessor, target/model/generation/rule/manifest and native readiness where applicable; same validating Session and current durable execution token/configuration/run binding"", ""WF_WINNER_WATERMARK"": ""Caller must deliver the following exact native authority if absent; no blanket assertion that already certified pipeline delivery lacks it: Exact scoped operational/source body and its retained SQL proof; same validating Session/owner for supporting helpers; aware operation time where business-time state changes; durable job configuration/run binding and current execution token when owned""}","self, db: Session, *, dry_run: Pre11DryRunResult, reviewed_manifest_path: Path, request_key: str, approve_write: bool, actor: str, outcome_definition: WinnerOutcomeDefinition, config: WinnerProbabilityConfig",Exact caller integration subject to source review; writer requirements retained verbatim in required_authority,SAFE_NATIVE_WRITER: rejects missing/altered authority before dedup or advancement and rolls back the semantic Session,Explicit semantic operation and exact writer delivery; unsupported mutation deterministically rejected before writes,"SUPPLY_CONTEXT_OR_WRAP; explicit legacy only where native policy permits, never certified evidence",PRE_IMPLEMENTATION_SCOPE_RECONCILIATION_ONLY
EF_2d2b331779e8c8de,SERVICE_PUBLIC,app/services/winner_probability/target_stop_scope_repair_service.py:apply_target_stop_scope_repair,WINNER_OUTCOME,WF_WINNER_TARGET_STOP_REPAIR,CURRENT_STATE_REPAIR,"""Not dynamically audited for this initiator. Preserve native scope and supply the exact identity/time/evidence/readiness/configuration/execution dimensions required by each target writer; discovery does not establish which arguments are already sufficient.""","db: Session, manifest: dict[str, Any], *, reviewed_manifest_hash: str, approve_write: bool, actor: str, request_key: str, now: datetime | None=None",Exact caller integration subject to source review; writer requirements retained verbatim in required_authority,UNVERIFIED_PARTIAL_ADOPTION; do not assume safe target writers,Explicit semantic operation and exact writer delivery; unsupported mutation deterministically rejected before writes,"SUPPLY_CONTEXT_OR_WRAP; explicit legacy only where native policy permits, never certified evidence",PRE_IMPLEMENTATION_SCOPE_RECONCILIATION_ONLY
EF_3392d180c1a8d378,SERVICE_PUBLIC,app/services/ib_market_intelligence/journal.py:rebuild_trade_episodes,TRADE_JOURNAL,WF_IB_TRADE_EPISODES,CURRENT_STATE_REPAIR,"""Not dynamically audited for this initiator. Preserve native scope and supply the exact identity/time/evidence/readiness/configuration/execution dimensions required by each target writer; discovery does not establish which arguments are already sufficient.""",db: Session,Exact caller integration subject to source review; writer requirements retained verbatim in required_authority,UNVERIFIED_PARTIAL_ADOPTION; do not assume safe target writers,Explicit semantic operation and exact writer delivery; unsupported mutation deterministically rejected before writes,"SUPPLY_CONTEXT_OR_WRAP; explicit legacy only where native policy permits, never certified evidence",PRE_IMPLEMENTATION_SCOPE_RECONCILIATION_ONLY
EF_33bfaa981caf74af,DURABLE_JOB,app/services/market_data_prewarm_service.py:execute_market_data_prewarm_job,"IBMI_SOURCE,PRICE","WF_IB_CONTRACT_IDENTITY,WF_PRICE_INGESTION,WF_PRICE_SERIES_VERSION,WF_WINNER_MARKET_DATA_OBLIGATION","CANONICAL_CALCULATION,MAINTENANCE","{""WF_WINNER_MARKET_DATA_OBLIGATION"": ""Caller must deliver the following exact native authority if absent; no blanket assertion that already certified pipeline delivery lacks it: Exact scoped operational/source body and its retained SQL proof; same validating Session/owner for supporting helpers; aware operation time where business-time state changes; durable job configuration/run binding and current execution token when owned""}","db: Session, job: BackgroundJob",Exact caller integration subject to source review; writer requirements retained verbatim in required_authority,SAFE_NATIVE_WRITER: rejects missing/altered authority before dedup or advancement and rolls back the semantic Session,Explicit semantic operation and exact writer delivery; unsupported mutation deterministically rejected before writes,"SUPPLY_CONTEXT_OR_WRAP; explicit legacy only where native policy permits, never certified evidence",PRE_IMPLEMENTATION_SCOPE_RECONCILIATION_ONLY
EF_345fc21fac985c42,HTTP,app/routers/ceri_routes.py:dismiss_ceri_alert,CERI_ALERT,WF_CERI_ALERT_STATUS,MAINTENANCE,"{""WF_CERI_ALERT_STATUS"": ""Caller must deliver the following exact native authority if absent; no blanket assertion that already certified pipeline delivery lacks it: Exact scoped operational/source body and its retained SQL proof; same validating Session/owner for supporting helpers; aware operation time where business-time state changes; durable job configuration/run binding and current execution token when owned""}","alert_id: int, request: Request, db: DbSession",Exact caller integration subject to source review; writer requirements retained verbatim in required_authority,SAFE_NATIVE_WRITER: rejects missing/altered authority before dedup or advancement and rolls back the semantic Session,Explicit semantic operation and exact writer delivery; unsupported mutation deterministically rejected before writes,"SUPPLY_CONTEXT_OR_WRAP; explicit legacy only where native policy permits, never certified evidence",PRE_IMPLEMENTATION_SCOPE_RECONCILIATION_ONLY
EF_396637ef05c88e25,DURABLE_JOB,app/services/ceri/batched_job_handlers.py:execute_feature_batch_job,CERI_SOURCE,"WF_CERI_CONSENSUS_ATTACH,WF_CERI_FEATURE_BUILD,WF_CERI_REVISION_FEATURE","CANONICAL_CALCULATION,MAINTENANCE","""Not dynamically audited for this initiator. Preserve native scope and supply the exact identity/time/evidence/readiness/configuration/execution dimensions required by each target writer; discovery does not establish which arguments are already sufficient.""","db: Session, job: BackgroundJob, *, feature_service: CeriFeatureRebuildService | None=None",Exact caller integration subject to source review; writer requirements retained verbatim in required_authority,UNVERIFIED_PARTIAL_ADOPTION; do not assume safe target writers,Explicit semantic operation and exact writer delivery; unsupported mutation deterministically rejected before writes,"SUPPLY_CONTEXT_OR_WRAP; explicit legacy only where native policy permits, never certified evidence",PRE_IMPLEMENTATION_SCOPE_RECONCILIATION_ONLY
EF_3a2e1392612da502,DURABLE_JOB,app/services/ib_market_intelligence/orchestration.py:execute_historical_refresh,"CERI,COMBINED,CURRENT_PROJECTION,FUNDAMENTAL,IBMI,IBMI_SOURCE,RANKING,REGIME,SECTOR,TECHNICAL","WF_CORE_CURRENT_PROJECTION,WF_CORE_RETAINED_EVIDENCE,WF_IBMI_HISTORICAL_SOURCE,WF_IBMI_NATIVE_FEATURE,WF_IB_CONTRACT_IDENTITY","CANONICAL_CALCULATION,CURRENT_PROJECTION_ADVANCE,MAINTENANCE","""Not dynamically audited for this initiator. Preserve native scope and supply the exact identity/time/evidence/readiness/configuration/execution dimensions required by each target writer; discovery does not establish which arguments are already sufficient.""","db: Session, job: BackgroundJob, *, settings: Settings | None=None, ib_factory=None",Exact caller integration subject to source review; writer requirements retained verbatim in required_authority,UNVERIFIED_PARTIAL_ADOPTION; do not assume safe target writers,Explicit semantic operation and exact writer delivery; unsupported mutation deterministically rejected before writes,"SUPPLY_CONTEXT_OR_WRAP; explicit legacy only where native policy permits, never certified evidence",PRE_IMPLEMENTATION_SCOPE_RECONCILIATION_ONLY
EF_3c20103a5ea92683,SERVICE_PUBLIC,app/services/pipeline_executor.py:build_sector_rotation_snapshot_for_run,"CERI,COMBINED,CURRENT_PROJECTION,FUNDAMENTAL,IBMI,RANKING,REGIME,SECTOR,TECHNICAL","WF_CORE_CURRENT_PROJECTION,WF_CORE_RETAINED_EVIDENCE,WF_SECTOR_SNAPSHOT","CANONICAL_CALCULATION,CURRENT_PROJECTION_ADVANCE","""Not dynamically audited for this initiator. Preserve native scope and supply the exact identity/time/evidence/readiness/configuration/execution dimensions required by each target writer; discovery does not establish which arguments are already sufficient.""","db: Session, run_id: int, *, market_cutoff: MarketCalculationCutoff | None=None",Exact caller integration subject to source review; writer requirements retained verbatim in required_authority,UNVERIFIED_PARTIAL_ADOPTION; do not assume safe target writers,Explicit semantic operation and exact writer delivery; unsupported mutation deterministically rejected before writes,"SUPPLY_CONTEXT_OR_WRAP; explicit legacy only where native policy permits, never certified evidence",PRE_IMPLEMENTATION_SCOPE_RECONCILIATION_ONLY
EF_3cae421594a55a30,DURABLE_JOB,app/services/setup_lifecycle/job_handlers.py:execute_alert_rebuild_job,"ALERT_DECISION,CONFIGURATION,LIFECYCLE_EVALUATION,LIFECYCLE_TRANSITION,SETUP","WF_SETUP_ALERT_EVENT_STATE,WF_SETUP_ALERT_RULE_BOOTSTRAP,WF_SETUP_ALERT_RULE_EVIDENCE,WF_SETUP_ALERT_RULE_STATE,WF_SETUP_DECISION_EVIDENCE,WF_SETUP_TYPED_REPOSITORY","BOOTSTRAP,CANONICAL_CALCULATION,CURRENT_STATE_REPAIR,MAINTENANCE","{""WF_SETUP_ALERT_EVENT_STATE"": ""Caller must deliver the following exact native authority if absent; no blanket assertion that already certified pipeline delivery lacks it: Exact native retained source bodies/IDs and immutable proofs; full executable configuration; explicit aware temporal/session authority; exact predecessor, target/model/generation/rule/manifest and native readiness where applicable; same validating Session and current durable execution token/configuration/run binding"", ""WF_SETUP_ALERT_RULE_BOOTSTRAP"": ""Caller must deliver the following exact native authority if absent; no blanket assertion that already certified pipeline delivery lacks it: Exact scoped operational/source body and its retained SQL proof; same validating Session/owner for supporting helpers; aware operation time where business-time state changes; durable job configuration/run binding and current execution token when owned"", ""WF_SETUP_ALERT_RULE_EVIDENCE"": ""Caller must deliver the following exact native authority if absent; no blanket assertion that already certified pipeline delivery lacks it: Exact native retained source bodies/IDs and immutable proofs; full executable configuration; explicit aware temporal/session authority; exact predecessor, target/model/generation/rule/manifest and native readiness where applicable; same validating Session and current durable execution token/configuration/run binding"", ""WF_SETUP_ALERT_RULE_STATE"": ""Caller must deliver the following exact native authority if absent; no blanket assertion that already certified pipeline delivery lacks it: Exact scoped operational/source body and its retained SQL proof; same validating Session/owner for supporting helpers; aware operation time where business-time state changes; durable job configuration/run binding and current execution token when owned"", ""WF_SETUP_DECISION_EVIDENCE"": ""Caller must deliver the following exact native authority if absent; no blanket assertion that already certified pipeline delivery lacks it: Exact native retained source bodies/IDs and immutable proofs; full executable configuration; explicit aware temporal/session authority; exact predecessor, target/model/generation/rule/manifest and native readiness where applicable; same validating Session and current durable execution token/configuration/run binding"", ""WF_SETUP_TYPED_REPOSITORY"": ""Caller must deliver the following exact native authority if absent; no blanket assertion that already certified pipeline delivery lacks it: Exact native retained source bodies/IDs and immutable proofs; full executable configuration; explicit aware temporal/session authority; exact predecessor, target/model/generation/rule/manifest and native readiness where applicable; same validating Session and current durable execution token/configuration/run binding""}","db: Session, job: BackgroundJob, *, maintenance_service: SetupLifecycleMaintenanceService | None=None",Exact caller integration subject to source review; writer requirements retained verbatim in required_authority,SAFE_NATIVE_WRITER: rejects missing/altered authority before dedup or advancement and rolls back the semantic Session,Explicit semantic operation and exact writer delivery; unsupported mutation deterministically rejected before writes,"SUPPLY_CONTEXT_OR_WRAP; explicit legacy only where native policy permits, never certified evidence",PRE_IMPLEMENTATION_SCOPE_RECONCILIATION_ONLY
EF_42b795771febb433,DURABLE_JOB,app/services/background_worker.py:_execute_full_pipeline_job,"CERI,CERI_ALERT,CERI_CHANGE,CERI_SOURCE,COMBINED,CONFIGURATION,CURRENT_PROJECTION,FUNDAMENTAL,IBMI,IBMI_SOURCE,PIPELINE,PRICE,RANKING,RAW,REGIME,SECTOR,TECHNICAL","WF_CERI_ALERT_CREATION,WF_CERI_CHANGE,WF_CERI_CONSENSUS_ATTACH,WF_CERI_FEATURE_BUILD,WF_CERI_GUIDANCE_ELIGIBILITY,WF_CERI_PRICE_RESPONSE,WF_CERI_RAW_SOURCE,WF_CERI_REVISION_FEATURE,WF_CERI_SCORE,WF_CERI_SOURCE_IDENTITY,WF_CERI_SOURCE_NORMALIZATION,WF_COMBINED_REFRESH,WF_CONFIGURATION_DELIVERY,WF_CORE_CURRENT_PROJECTION,WF_CORE_RETAINED_EVIDENCE,WF_FUNDAMENTAL_RECALCULATION,WF_IB_CONTRACT_IDENTITY,WF_MARKET_CONTEXT_AUTHORITY,WF_PIPELINE_STAGE_STATE,WF_PRICE_INGESTION,WF_PRICE_SERIES_VERSION,WF_RANKING_LEGACY_REPLACEMENT,WF_RANKING_PERSISTENCE,WF_REGIME_SNAPSHOT,WF_SECTOR_SNAPSHOT,WF_SEC_DOCUMENT_SOURCE,WF_SEC_INCREMENTAL_IDENTITY,WF_TECHNICAL_FEATURE_CACHE,WF_TECHNICAL_FINALIZATION,WF_WINNER_MARKET_DATA_OBLIGATION","BOOTSTRAP,CANONICAL_CALCULATION,CURRENT_PROJECTION_ADVANCE,LEGACY_UNCERTIFIED,MAINTENANCE","{""WF_CERI_ALERT_CREATION"": ""Caller must deliver the following exact native authority if absent; no blanket assertion that already certified pipeline delivery lacks it: Exact native retained source bodies/IDs and immutable proofs; full executable configuration; explicit aware temporal/session authority; exact predecessor, target/model/generation/rule/manifest and native readiness where applicable; same validating Session and current durable execution token/configuration/run binding"", ""WF_CERI_CHANGE"": ""Caller must deliver the following exact native authority if absent; no blanket assertion that already certified pipeline delivery lacks it: Exact scoped operational/source body and its retained SQL proof; same validating Session/owner for supporting helpers; aware operation time where business-time state changes; durable job configuration/run binding and current execution token when owned"", ""WF_WINNER_MARKET_DATA_OBLIGATION"": ""Caller must deliver the following exact native authority if absent; no blanket assertion that already certified pipeline delivery lacks it: Exact scoped operational/source body and its retained SQL proof; same validating Session/owner for supporting helpers; aware operation time where business-time state changes; durable job configuration/run binding and current execution token when owned""}","db: Session, job: BackgroundJob",Exact caller integration subject to source review; writer requirements retained verbatim in required_authority,SAFE_NATIVE_WRITER: rejects missing/altered authority before dedup or advancement and rolls back the semantic Session,Explicit semantic operation and exact writer delivery; unsupported mutation deterministically rejected before writes,"SUPPLY_CONTEXT_OR_WRAP; explicit legacy only where native policy permits, never certified evidence",PRE_IMPLEMENTATION_SCOPE_RECONCILIATION_ONLY
EF_43806b77d2f43fbe,HTTP,app/routers/run_routes.py:refresh_technicals_action,"CERI,COMBINED,CURRENT_PROJECTION,FUNDAMENTAL,IBMI,RANKING,REGIME,SECTOR,TECHNICAL","WF_COMBINED_REFRESH,WF_CORE_CURRENT_PROJECTION,WF_CORE_RETAINED_EVIDENCE,WF_TECHNICAL_FEATURE_CACHE,WF_TECHNICAL_FINALIZATION","CANONICAL_CALCULATION,CURRENT_PROJECTION_ADVANCE,MAINTENANCE","""Not dynamically audited for this initiator. Preserve native scope and supply the exact identity/time/evidence/readiness/configuration/execution dimensions required by each target writer; discovery does not establish which arguments are already sufficient.""","run_id: int, db: DbSession",Exact caller integration subject to source review; writer requirements retained verbatim in required_authority,UNVERIFIED_PARTIAL_ADOPTION; do not assume safe target writers,Explicit semantic operation and exact writer delivery; unsupported mutation deterministically rejected before writes,"SUPPLY_CONTEXT_OR_WRAP; explicit legacy only where native policy permits, never certified evidence",PRE_IMPLEMENTATION_SCOPE_RECONCILIATION_ONLY
EF_44af811a1c6f79b6,DURABLE_JOB,app/services/winner_probability/job_handlers.py:execute_cohort_refresh_job,"CONFIGURATION,CURRENT_PROJECTION,WINNER_COHORT,WINNER_GENERATION","WF_CONFIGURATION_DELIVERY,WF_WINNER_COHORT_DEFINITION,WF_WINNER_COHORT_MATERIALIZATION,WF_WINNER_EVIDENCE_MANIFEST,WF_WINNER_GENERATION,WF_WINNER_WATERMARK","BOOTSTRAP,CANONICAL_CALCULATION,CURRENT_PROJECTION_ADVANCE","{""WF_WINNER_COHORT_DEFINITION"": ""Caller must deliver the following exact native authority if absent; no blanket assertion that already certified pipeline delivery lacks it: Exact scoped operational/source body and its retained SQL proof; same validating Session/owner for supporting helpers; aware operation time where business-time state changes; durable job configuration/run binding and current execution token when owned"", ""WF_WINNER_COHORT_MATERIALIZATION"": ""Caller must deliver the following exact native authority if absent; no blanket assertion that already certified pipeline delivery lacks it: Exact native retained source bodies/IDs and immutable proofs; full executable configuration; explicit aware temporal/session authority; exact predecessor, target/model/generation/rule/manifest and native readiness where applicable; same validating Session and current durable execution token/configuration/run binding"", ""WF_WINNER_EVIDENCE_MANIFEST"": ""Caller must deliver the following exact native authority if absent; no blanket assertion that already certified pipeline delivery lacks it: Exact scoped operational/source body and its retained SQL proof; same validating Session/owner for supporting helpers; aware operation time where business-time state changes; durable job configuration/run binding and current execution token when owned"", ""WF_WINNER_GENERATION"": ""Caller must deliver the following exact native authority if absent; no blanket assertion that already certified pipeline delivery lacks it: Exact native retained source bodies/IDs and immutable proofs; full executable configuration; explicit aware temporal/session authority; exact predecessor, target/model/generation/rule/manifest and native readiness where applicable; same validating Session and current durable execution token/configuration/run binding"", ""WF_WINNER_WATERMARK"": ""Caller must deliver the following exact native authority if absent; no blanket assertion that already certified pipeline delivery lacks it: Exact scoped operational/source body and its retained SQL proof; same validating Session/owner for supporting helpers; aware operation time where business-time state changes; durable job configuration/run binding and current execution token when owned""}","db: Session, job: BackgroundJob, *, cohort_refresh_service: WinnerCohortRefreshService | None=None",Exact caller integration subject to source review; writer requirements retained verbatim in required_authority,SAFE_NATIVE_WRITER: rejects missing/altered authority before dedup or advancement and rolls back the semantic Session,Explicit semantic operation and exact writer delivery; unsupported mutation deterministically rejected before writes,"SUPPLY_CONTEXT_OR_WRAP; explicit legacy only where native policy permits, never certified evidence",PRE_IMPLEMENTATION_SCOPE_RECONCILIATION_ONLY
EF_45b828a8ba71d319,HTTP,app/routers/winner_probability_routes.py:queue_winner_cohort_refresh,"CONFIGURATION,CURRENT_PROJECTION,WINNER_COHORT,WINNER_GENERATION","WF_CONFIGURATION_DELIVERY,WF_WINNER_COHORT_DEFINITION,WF_WINNER_COHORT_MATERIALIZATION,WF_WINNER_EVIDENCE_MANIFEST,WF_WINNER_GENERATION,WF_WINNER_WATERMARK","BOOTSTRAP,CANONICAL_CALCULATION,CURRENT_PROJECTION_ADVANCE","{""WF_WINNER_COHORT_DEFINITION"": ""Caller must deliver the following exact native authority if absent; no blanket assertion that already certified pipeline delivery lacks it: Exact scoped operational/source body and its retained SQL proof; same validating Session/owner for supporting helpers; aware operation time where business-time state changes; durable job configuration/run binding and current execution token when owned"", ""WF_WINNER_COHORT_MATERIALIZATION"": ""Caller must deliver the following exact native authority if absent; no blanket assertion that already certified pipeline delivery lacks it: Exact native retained source bodies/IDs and immutable proofs; full executable configuration; explicit aware temporal/session authority; exact predecessor, target/model/generation/rule/manifest and native readiness where applicable; same validating Session and current durable execution token/configuration/run binding"", ""WF_WINNER_EVIDENCE_MANIFEST"": ""Caller must deliver the following exact native authority if absent; no blanket assertion that already certified pipeline delivery lacks it: Exact scoped operational/source body and its retained SQL proof; same validating Session/owner for supporting helpers; aware operation time where business-time state changes; durable job configuration/run binding and current execution token when owned"", ""WF_WINNER_GENERATION"": ""Caller must deliver the following exact native authority if absent; no blanket assertion that already certified pipeline delivery lacks it: Exact native retained source bodies/IDs and immutable proofs; full executable configuration; explicit aware temporal/session authority; exact predecessor, target/model/generation/rule/manifest and native readiness where applicable; same validating Session and current durable execution token/configuration/run binding"", ""WF_WINNER_WATERMARK"": ""Caller must deliver the following exact native authority if absent; no blanket assertion that already certified pipeline delivery lacks it: Exact scoped operational/source body and its retained SQL proof; same validating Session/owner for supporting helpers; aware operation time where business-time state changes; durable job configuration/run binding and current execution token when owned""}","request: Request, db: DbSession, outcome_definition_id: str | None=None",Exact caller integration subject to source review; writer requirements retained verbatim in required_authority,SAFE_NATIVE_WRITER: rejects missing/altered authority before dedup or advancement and rolls back the semantic Session,Explicit semantic operation and exact writer delivery; unsupported mutation deterministically rejected before writes,"SUPPLY_CONTEXT_OR_WRAP; explicit legacy only where native policy permits, never certified evidence",PRE_IMPLEMENTATION_SCOPE_RECONCILIATION_ONLY
EF_45c95cae4cabbaf8,DURABLE_JOB,app/services/setup_lifecycle/job_handlers.py:execute_evaluate_run_job,"ALERT_DECISION,CERI,COMBINED,CONFIGURATION,CURRENT_PROJECTION,FUNDAMENTAL,IBMI,LIFECYCLE_EVALUATION,LIFECYCLE_TRANSITION,RANKING,REGIME,SECTOR,SETUP,TECHNICAL","WF_CORE_CURRENT_PROJECTION,WF_CORE_RETAINED_EVIDENCE,WF_LIFECYCLE_EPISODE,WF_LIFECYCLE_EVALUATION_EVIDENCE,WF_LIFECYCLE_TRANSITION_EVIDENCE,WF_SETUP_ALERT_EVENT_STATE,WF_SETUP_ALERT_RULE_BOOTSTRAP,WF_SETUP_ALERT_RULE_EVIDENCE,WF_SETUP_ALERT_RULE_STATE,WF_SETUP_CHANGE_EVENT_STATE,WF_SETUP_CURRENT_SELECTION,WF_SETUP_DECISION_EVIDENCE,WF_SETUP_EVALUATION_RUN_STATE,WF_SETUP_PERSISTENCE,WF_SETUP_TRANSITION_EVENT_STATE,WF_SETUP_TYPED_REPOSITORY","BOOTSTRAP,CANONICAL_CALCULATION,CURRENT_PROJECTION_ADVANCE,CURRENT_STATE_REPAIR,MAINTENANCE","{""WF_LIFECYCLE_EPISODE"": ""Caller must deliver the following exact native authority if absent; no blanket assertion that already certified pipeline delivery lacks it: Exact native retained source bodies/IDs and immutable proofs; full executable configuration; explicit aware temporal/session authority; exact predecessor, target/model/generation/rule/manifest and native readiness where applicable; same validating Session and current durable execution token/configuration/run binding"", ""WF_LIFECYCLE_EVALUATION_EVIDENCE"": ""Caller must deliver the following exact native authority if absent; no blanket assertion that already certified pipeline delivery lacks it: Exact native retained source bodies/IDs and immutable proofs; full executable configuration; explicit aware temporal/session authority; exact predecessor, target/model/generation/rule/manifest and native readiness where applicable; same validating Session and current durable execution token/configuration/run binding"", ""WF_LIFECYCLE_TRANSITION_EVIDENCE"": ""Caller must deliver the following exact native authority if absent; no blanket assertion that already certified pipeline delivery lacks it: Exact native retained source bodies/IDs and immutable proofs; full executable configuration; explicit aware temporal/session authority; exact predecessor, target/model/generation/rule/manifest and native readiness where applicable; same validating Session and current durable execution token/configuration/run binding"", ""WF_SETUP_ALERT_EVENT_STATE"": ""Caller must deliver the following exact native authority if absent; no blanket assertion that already certified pipeline delivery lacks it: Exact native retained source bodies/IDs and immutable proofs; full executable configuration; explicit aware temporal/session authority; exact predecessor, target/model/generation/rule/manifest and native readiness where applicable; same validating Session and current durable execution token/configuration/run binding"", ""WF_SETUP_ALERT_RULE_BOOTSTRAP"": ""Caller must deliver the following exact native authority if absent; no blanket assertion that already certified pipeline delivery lacks it: Exact scoped operational/source body and its retained SQL proof; same validating Session/owner for supporting helpers; aware operation time where business-time state changes; durable job configuration/run binding and current execution token when owned"", ""WF_SETUP_ALERT_RULE_EVIDENCE"": ""Caller must deliver the following exact native authority if absent; no blanket assertion that already certified pipeline delivery lacks it: Exact native retained source bodies/IDs and immutable proofs; full executable configuration; explicit aware temporal/session authority; exact predecessor, target/model/generation/rule/manifest and native readiness where applicable; same validating Session and current durable execution token/configuration/run binding"", ""WF_SETUP_ALERT_RULE_STATE"": ""Caller must deliver the following exact native authority if absent; no blanket assertion that already certified pipeline delivery lacks it: Exact scoped operational/source body and its retained SQL proof; same validating Session/owner for supporting helpers; aware operation time where business-time state changes; durable job configuration/run binding and current execution token when owned"", ""WF_SETUP_CHANGE_EVENT_STATE"": ""Caller must deliver the following exact native authority if absent; no blanket assertion that already certified pipeline delivery lacks it: Exact native retained source bodies/IDs and immutable proofs; full executable configuration; explicit aware temporal/session authority; exact predecessor, target/model/generation/rule/manifest and native readiness where applicable; same validating Session and current durable execution token/configuration/run binding"", ""WF_SETUP_CURRENT_SELECTION"": ""Caller must deliver the following exact native authority if absent; no blanket assertion that already certified pipeline delivery lacks it: Exact native retained source bodies/IDs and immutable proofs; full executable configuration; explicit aware temporal/session authority; exact predecessor, target/model/generation/rule/manifest and native readiness where applicable; same validating Session and current durable execution token/configuration/run binding"", ""WF_SETUP_DECISION_EVIDENCE"": ""Caller must deliver the following exact native authority if absent; no blanket assertion that already certified pipeline delivery lacks it: Exact native retained source bodies/IDs and immutable proofs; full executable configuration; explicit aware temporal/session authority; exact predecessor, target/model/generation/rule/manifest and native readiness where applicable; same validating Session and current durable execution token/configuration/run binding"", ""WF_SETUP_EVALUATION_RUN_STATE"": ""Caller must deliver the following exact native authority if absent; no blanket assertion that already certified pipeline delivery lacks it: Exact scoped operational/source body and its retained SQL proof; same validating Session/owner for supporting helpers; aware operation time where business-time state changes; durable job configuration/run binding and current execution token when owned"", ""WF_SETUP_PERSISTENCE"": ""Caller must deliver the following exact native authority if absent; no blanket assertion that already certified pipeline delivery lacks it: Exact native retained source bodies/IDs and immutable proofs; full executable configuration; explicit aware temporal/session authority; exact predecessor, target/model/generation/rule/manifest and native readiness where applicable; same validating Session and current durable execution token/configuration/run binding"", ""WF_SETUP_TRANSITION_EVENT_STATE"": ""Caller must deliver the following exact native authority if absent; no blanket assertion that already certified pipeline delivery lacks it: Exact native retained source bodies/IDs and immutable proofs; full executable configuration; explicit aware temporal/session authority; exact predecessor, target/model/generation/rule/manifest and native readiness where applicable; same validating Session and current durable execution token/configuration/run binding"", ""WF_SETUP_TYPED_REPOSITORY"": ""Caller must deliver the following exact native authority if absent; no blanket assertion that already certified pipeline delivery lacks it: Exact native retained source bodies/IDs and immutable proofs; full executable configuration; explicit aware temporal/session authority; exact predecessor, target/model/generation/rule/manifest and native readiness where applicable; same validating Session and current durable execution token/configuration/run binding""}","db: Session, job: BackgroundJob, *, evaluation_service: SetupLifecycleEvaluationService | None=None",Exact caller integration subject to source review; writer requirements retained verbatim in required_authority,SAFE_NATIVE_WRITER: rejects missing/altered authority before dedup or advancement and rolls back the semantic Session,Explicit semantic operation and exact writer delivery; unsupported mutation deterministically rejected before writes,"SUPPLY_CONTEXT_OR_WRAP; explicit legacy only where native policy permits, never certified evidence",PRE_IMPLEMENTATION_SCOPE_RECONCILIATION_ONLY
EF_476d24112b2ecdd5,HTTP,app/routers/market_data_routes.py:queue_market_data_prewarm,"CONFIGURATION,IBMI_SOURCE,PRICE","WF_CONFIGURATION_DELIVERY,WF_IB_CONTRACT_IDENTITY,WF_PRICE_INGESTION,WF_PRICE_SERIES_VERSION,WF_WINNER_MARKET_DATA_OBLIGATION","BOOTSTRAP,CANONICAL_CALCULATION,MAINTENANCE","{""WF_WINNER_MARKET_DATA_OBLIGATION"": ""Caller must deliver the following exact native authority if absent; no blanket assertion that already certified pipeline delivery lacks it: Exact scoped operational/source body and its retained SQL proof; same validating Session/owner for supporting helpers; aware operation time where business-time state changes; durable job configuration/run binding and current execution token when owned""}","db: DbSession, payload: MarketDataPrewarmBody=DEFAULT_PREWARM_BODY",Exact caller integration subject to source review; writer requirements retained verbatim in required_authority,SAFE_NATIVE_WRITER: rejects missing/altered authority before dedup or advancement and rolls back the semantic Session,Explicit semantic operation and exact writer delivery; unsupported mutation deterministically rejected before writes,"SUPPLY_CONTEXT_OR_WRAP; explicit legacy only where native policy permits, never certified evidence",PRE_IMPLEMENTATION_SCOPE_RECONCILIATION_ONLY
EF_47b620eb610ed3cd,CLI,scripts/winner_clean_reconstruction.py:main,"CURRENT_PROJECTION,WINNER_COHORT,WINNER_GENERATION","WF_WINNER_COHORT_DEFINITION,WF_WINNER_COHORT_MATERIALIZATION,WF_WINNER_CURRENT_RULE_RECONSTRUCTION,WF_WINNER_EVIDENCE_MANIFEST,WF_WINNER_GENERATION,WF_WINNER_WATERMARK","BOOTSTRAP,CANONICAL_CALCULATION,CURRENT_PROJECTION_ADVANCE,CURRENT_RULES_RETROSPECTIVE","{""WF_WINNER_COHORT_DEFINITION"": ""Caller must deliver the following exact native authority if absent; no blanket assertion that already certified pipeline delivery lacks it: Exact scoped operational/source body and its retained SQL proof; same validating Session/owner for supporting helpers; aware operation time where business-time state changes; durable job configuration/run binding and current execution token when owned"", ""WF_WINNER_COHORT_MATERIALIZATION"": ""Caller must deliver the following exact native authority if absent; no blanket assertion that already certified pipeline delivery lacks it: Exact native retained source bodies/IDs and immutable proofs; full executable configuration; explicit aware temporal/session authority; exact predecessor, target/model/generation/rule/manifest and native readiness where applicable; same validating Session and current durable execution token/configuration/run binding"", ""WF_WINNER_EVIDENCE_MANIFEST"": ""Caller must deliver the following exact native authority if absent; no blanket assertion that already certified pipeline delivery lacks it: Exact scoped operational/source body and its retained SQL proof; same validating Session/owner for supporting helpers; aware operation time where business-time state changes; durable job configuration/run binding and current execution token when owned"", ""WF_WINNER_GENERATION"": ""Caller must deliver the following exact native authority if absent; no blanket assertion that already certified pipeline delivery lacks it: Exact native retained source bodies/IDs and immutable proofs; full executable configuration; explicit aware temporal/session authority; exact predecessor, target/model/generation/rule/manifest and native readiness where applicable; same validating Session and current durable execution token/configuration/run binding"", ""WF_WINNER_WATERMARK"": ""Caller must deliver the following exact native authority if absent; no blanket assertion that already certified pipeline delivery lacks it: Exact scoped operational/source body and its retained SQL proof; same validating Session/owner for supporting helpers; aware operation time where business-time state changes; durable job configuration/run binding and current execution token when owned""}",,Exact caller integration subject to source review; writer requirements retained verbatim in required_authority,SAFE_NATIVE_WRITER: rejects missing/altered authority before dedup or advancement and rolls back the semantic Session,Explicit semantic operation and exact writer delivery; unsupported mutation deterministically rejected before writes,"SUPPLY_CONTEXT_OR_WRAP; explicit legacy only where native policy permits, never certified evidence",PRE_IMPLEMENTATION_SCOPE_RECONCILIATION_ONLY
EF_4ab938a993a4d853,SERVICE_PUBLIC,app/services/ceri/change_detection_service.py:CeriChangeDetectionService.detect_catalyst_revision,CERI_CHANGE,WF_CERI_CHANGE,CANONICAL_CALCULATION,"{""WF_CERI_CHANGE"": ""Caller must deliver the following exact native authority if absent; no blanket assertion that already certified pipeline delivery lacks it: Exact scoped operational/source body and its retained SQL proof; same validating Session/owner for supporting helpers; aware operation time where business-time state changes; durable job configuration/run binding and current execution token when owned""}","self, db: Session, *, revision: CeriCatalystEventRevision, prior_revision: CeriCatalystEventRevision | None=None, company_id: int, scope: str='daily_change_feed'",Exact caller integration subject to source review; writer requirements retained verbatim in required_authority,SAFE_NATIVE_WRITER: rejects missing/altered authority before dedup or advancement and rolls back the semantic Session,Explicit semantic operation and exact writer delivery; unsupported mutation deterministically rejected before writes,"SUPPLY_CONTEXT_OR_WRAP; explicit legacy only where native policy permits, never certified evidence",PRE_IMPLEMENTATION_SCOPE_RECONCILIATION_ONLY
EF_4b57eb3e4ba3ac95,DURABLE_JOB,app/services/ceri/batched_job_handlers.py:execute_normalize_batch_job,CERI_SOURCE,"WF_CERI_GUIDANCE_ELIGIBILITY,WF_CERI_SOURCE_IDENTITY,WF_CERI_SOURCE_NORMALIZATION","CANONICAL_CALCULATION,MAINTENANCE","""Not dynamically audited for this initiator. Preserve native scope and supply the exact identity/time/evidence/readiness/configuration/execution dimensions required by each target writer; discovery does not establish which arguments are already sufficient.""","db: Session, job: BackgroundJob, *, normalization_service: CeriNormalizationService | None=None",Exact caller integration subject to source review; writer requirements retained verbatim in required_authority,UNVERIFIED_PARTIAL_ADOPTION; do not assume safe target writers,Explicit semantic operation and exact writer delivery; unsupported mutation deterministically rejected before writes,"SUPPLY_CONTEXT_OR_WRAP; explicit legacy only where native policy permits, never certified evidence",PRE_IMPLEMENTATION_SCOPE_RECONCILIATION_ONLY
EF_4dac4941b428441c,SERVICE_PUBLIC,app/services/setup_lifecycle/maintenance_service.py:SetupLifecycleMaintenanceService.repair_ticker,"ALERT_DECISION,CERI,COMBINED,CURRENT_PROJECTION,FUNDAMENTAL,IBMI,LIFECYCLE_EVALUATION,LIFECYCLE_TRANSITION,RANKING,REGIME,SECTOR,SETUP,TECHNICAL","WF_CORE_CURRENT_PROJECTION,WF_CORE_RETAINED_EVIDENCE,WF_LIFECYCLE_EPISODE,WF_LIFECYCLE_EVALUATION_EVIDENCE,WF_LIFECYCLE_TRANSITION_EVIDENCE,WF_SETUP_ALERT_EVENT_STATE,WF_SETUP_ALERT_RULE_EVIDENCE,WF_SETUP_DECISION_EVIDENCE,WF_SETUP_TRANSITION_EVENT_STATE,WF_SETUP_TYPED_REPOSITORY","BOOTSTRAP,CANONICAL_CALCULATION,CURRENT_PROJECTION_ADVANCE,CURRENT_STATE_REPAIR,MAINTENANCE","{""WF_LIFECYCLE_EPISODE"": ""Caller must deliver the following exact native authority if absent; no blanket assertion that already certified pipeline delivery lacks it: Exact native retained source bodies/IDs and immutable proofs; full executable configuration; explicit aware temporal/session authority; exact predecessor, target/model/generation/rule/manifest and native readiness where applicable; same validating Session and current durable execution token/configuration/run binding"", ""WF_LIFECYCLE_EVALUATION_EVIDENCE"": ""Caller must deliver the following exact native authority if absent; no blanket assertion that already certified pipeline delivery lacks it: Exact native retained source bodies/IDs and immutable proofs; full executable configuration; explicit aware temporal/session authority; exact predecessor, target/model/generation/rule/manifest and native readiness where applicable; same validating Session and current durable execution token/configuration/run binding"", ""WF_LIFECYCLE_TRANSITION_EVIDENCE"": ""Caller must deliver the following exact native authority if absent; no blanket assertion that already certified pipeline delivery lacks it: Exact native retained source bodies/IDs and immutable proofs; full executable configuration; explicit aware temporal/session authority; exact predecessor, target/model/generation/rule/manifest and native readiness where applicable; same validating Session and current durable execution token/configuration/run binding"", ""WF_SETUP_ALERT_EVENT_STATE"": ""Caller must deliver the following exact native authority if absent; no blanket assertion that already certified pipeline delivery lacks it: Exact native retained source bodies/IDs and immutable proofs; full executable configuration; explicit aware temporal/session authority; exact predecessor, target/model/generation/rule/manifest and native readiness where applicable; same validating Session and current durable execution token/configuration/run binding"", ""WF_SETUP_ALERT_RULE_EVIDENCE"": ""Caller must deliver the following exact native authority if absent; no blanket assertion that already certified pipeline delivery lacks it: Exact native retained source bodies/IDs and immutable proofs; full executable configuration; explicit aware temporal/session authority; exact predecessor, target/model/generation/rule/manifest and native readiness where applicable; same validating Session and current durable execution token/configuration/run binding"", ""WF_SETUP_DECISION_EVIDENCE"": ""Caller must deliver the following exact native authority if absent; no blanket assertion that already certified pipeline delivery lacks it: Exact native retained source bodies/IDs and immutable proofs; full executable configuration; explicit aware temporal/session authority; exact predecessor, target/model/generation/rule/manifest and native readiness where applicable; same validating Session and current durable execution token/configuration/run binding"", ""WF_SETUP_TRANSITION_EVENT_STATE"": ""Caller must deliver the following exact native authority if absent; no blanket assertion that already certified pipeline delivery lacks it: Exact native retained source bodies/IDs and immutable proofs; full executable configuration; explicit aware temporal/session authority; exact predecessor, target/model/generation/rule/manifest and native readiness where applicable; same validating Session and current durable execution token/configuration/run binding"", ""WF_SETUP_TYPED_REPOSITORY"": ""Caller must deliver the following exact native authority if absent; no blanket assertion that already certified pipeline delivery lacks it: Exact native retained source bodies/IDs and immutable proofs; full executable configuration; explicit aware temporal/session authority; exact predecessor, target/model/generation/rule/manifest and native readiness where applicable; same validating Session and current durable execution token/configuration/run binding""}","self, db, *, ticker: str, as_of_date: date | None=None, setup_family: str | None=None, evaluation_run_id: int | None=None",Exact caller integration subject to source review; writer requirements retained verbatim in required_authority,SAFE_NATIVE_WRITER: rejects missing/altered authority before dedup or advancement and rolls back the semantic Session,Explicit semantic operation and exact writer delivery; unsupported mutation deterministically rejected before writes,"SUPPLY_CONTEXT_OR_WRAP; explicit legacy only where native policy permits, never certified evidence",PRE_IMPLEMENTATION_SCOPE_RECONCILIATION_ONLY
EF_4e8e234f5820cedb,DURABLE_JOB,app/services/winner_probability/job_handlers.py:execute_historical_backfill_job,"PRICE,WINNER_COHORT,WINNER_ESTIMATE,WINNER_OUTCOME,WINNER_PREDICTION","WF_WINNER_CAPTURE_TRAINING_METADATA,WF_WINNER_COHORT_DEFINITION,WF_WINNER_EPISODE,WF_WINNER_ESTIMATOR,WF_WINNER_EVIDENCE_MANIFEST,WF_WINNER_INLINE_COHORT,WF_WINNER_MARKET_DATA_OBLIGATION,WF_WINNER_PENDING_OUTCOME,WF_WINNER_PREDICTION_CAPTURE,WF_WINNER_TYPED_REPOSITORY","BOOTSTRAP,CANONICAL_CALCULATION,MAINTENANCE","{""WF_WINNER_CAPTURE_TRAINING_METADATA"": ""Caller must deliver the following exact native authority if absent; no blanket assertion that already certified pipeline delivery lacks it: Exact scoped operational/source body and its retained SQL proof; same validating Session/owner for supporting helpers; aware operation time where business-time state changes; durable job configuration/run binding and current execution token when owned"", ""WF_WINNER_COHORT_DEFINITION"": ""Caller must deliver the following exact native authority if absent; no blanket assertion that already certified pipeline delivery lacks it: Exact scoped operational/source body and its retained SQL proof; same validating Session/owner for supporting helpers; aware operation time where business-time state changes; durable job configuration/run binding and current execution token when owned"", ""WF_WINNER_EPISODE"": ""Caller must deliver the following exact native authority if absent; no blanket assertion that already certified pipeline delivery lacks it: Exact native retained source bodies/IDs and immutable proofs; full executable configuration; explicit aware temporal/session authority; exact predecessor, target/model/generation/rule/manifest and native readiness where applicable; same validating Session and current durable execution token/configuration/run binding"", ""WF_WINNER_ESTIMATOR"": ""Caller must deliver the following exact native authority if absent; no blanket assertion that already certified pipeline delivery lacks it: Exact native retained source bodies/IDs and immutable proofs; full executable configuration; explicit aware temporal/session authority; exact predecessor, target/model/generation/rule/manifest and native readiness where applicable; same validating Session and current durable execution token/configuration/run binding"", ""WF_WINNER_EVIDENCE_MANIFEST"": ""Caller must deliver the following exact native authority if absent; no blanket assertion that already certified pipeline delivery lacks it: Exact scoped operational/source body and its retained SQL proof; same validating Session/owner for supporting helpers; aware operation time where business-time state changes; durable job configuration/run binding and current execution token when owned"", ""WF_WINNER_INLINE_COHORT"": ""Caller must deliver the following exact native authority if absent; no blanket assertion that already certified pipeline delivery lacks it: Exact native retained source bodies/IDs and immutable proofs; full executable configuration; explicit aware temporal/session authority; exact predecessor, target/model/generation/rule/manifest and native readiness where applicable; same validating Session and current durable execution token/configuration/run binding"", ""WF_WINNER_MARKET_DATA_OBLIGATION"": ""Caller must deliver the following exact native authority if absent; no blanket assertion that already certified pipeline delivery lacks it: Exact scoped operational/source body and its retained SQL proof; same validating Session/owner for supporting helpers; aware operation time where business-time state changes; durable job configuration/run binding and current execution token when owned"", ""WF_WINNER_PENDING_OUTCOME"": ""Caller must deliver the following exact native authority if absent; no blanket assertion that already certified pipeline delivery lacks it: Exact native retained source bodies/IDs and immutable proofs; full executable configuration; explicit aware temporal/session authority; exact predecessor, target/model/generation/rule/manifest and native readiness where applicable; same validating Session and current durable execution token/configuration/run binding"", ""WF_WINNER_PREDICTION_CAPTURE"": ""Caller must deliver the following exact native authority if absent; no blanket assertion that already certified pipeline delivery lacks it: Exact native retained source bodies/IDs and immutable proofs; full executable configuration; explicit aware temporal/session authority; exact predecessor, target/model/generation/rule/manifest and native readiness where applicable; same validating Session and current durable execution token/configuration/run binding"", ""WF_WINNER_TYPED_REPOSITORY"": ""Caller must deliver the following exact native authority if absent; no blanket assertion that already certified pipeline delivery lacks it: Exact native retained source bodies/IDs and immutable proofs; full executable configuration; explicit aware temporal/session authority; exact predecessor, target/model/generation/rule/manifest and native readiness where applicable; same validating Session and current durable execution token/configuration/run binding""}","db: Session, job: BackgroundJob, *, backfill_service: WinnerProbabilityBackfillService | None=None",Exact caller integration subject to source review; writer requirements retained verbatim in required_authority,SAFE_NATIVE_WRITER: rejects missing/altered authority before dedup or advancement and rolls back the semantic Session,Explicit semantic operation and exact writer delivery; unsupported mutation deterministically rejected before writes,"SUPPLY_CONTEXT_OR_WRAP; explicit legacy only where native policy permits, never certified evidence",PRE_IMPLEMENTATION_SCOPE_RECONCILIATION_ONLY
EF_4ea88144f5371516,HTTP,app/routers/sector_rotation_routes.py:recalculate_run_sector_rotation_api,"CERI,COMBINED,CURRENT_PROJECTION,FUNDAMENTAL,IBMI,RANKING,REGIME,SECTOR,TECHNICAL","WF_CORE_CURRENT_PROJECTION,WF_CORE_RETAINED_EVIDENCE,WF_SECTOR_SNAPSHOT","CANONICAL_CALCULATION,CURRENT_PROJECTION_ADVANCE","""Not dynamically audited for this initiator. Preserve native scope and supply the exact identity/time/evidence/readiness/configuration/execution dimensions required by each target writer; discovery does not establish which arguments are already sufficient.""","run_id: int, db: DbSession",Exact caller integration subject to source review; writer requirements retained verbatim in required_authority,UNVERIFIED_PARTIAL_ADOPTION; do not assume safe target writers,Explicit semantic operation and exact writer delivery; unsupported mutation deterministically rejected before writes,"SUPPLY_CONTEXT_OR_WRAP; explicit legacy only where native policy permits, never certified evidence",PRE_IMPLEMENTATION_SCOPE_RECONCILIATION_ONLY
EF_51bfaf224a5cb9ee,SERVICE_PUBLIC,app/services/setup_lifecycle/maintenance_service.py:SetupLifecycleMaintenanceService.rebuild_alerts,"ALERT_DECISION,CONFIGURATION,LIFECYCLE_EVALUATION,LIFECYCLE_TRANSITION,SETUP","WF_SETUP_ALERT_EVENT_STATE,WF_SETUP_ALERT_RULE_BOOTSTRAP,WF_SETUP_ALERT_RULE_EVIDENCE,WF_SETUP_ALERT_RULE_STATE,WF_SETUP_DECISION_EVIDENCE,WF_SETUP_TYPED_REPOSITORY","BOOTSTRAP,CANONICAL_CALCULATION,CURRENT_STATE_REPAIR,MAINTENANCE","{""WF_SETUP_ALERT_EVENT_STATE"": ""Caller must deliver the following exact native authority if absent; no blanket assertion that already certified pipeline delivery lacks it: Exact native retained source bodies/IDs and immutable proofs; full executable configuration; explicit aware temporal/session authority; exact predecessor, target/model/generation/rule/manifest and native readiness where applicable; same validating Session and current durable execution token/configuration/run binding"", ""WF_SETUP_ALERT_RULE_BOOTSTRAP"": ""Caller must deliver the following exact native authority if absent; no blanket assertion that already certified pipeline delivery lacks it: Exact scoped operational/source body and its retained SQL proof; same validating Session/owner for supporting helpers; aware operation time where business-time state changes; durable job configuration/run binding and current execution token when owned"", ""WF_SETUP_ALERT_RULE_EVIDENCE"": ""Caller must deliver the following exact native authority if absent; no blanket assertion that already certified pipeline delivery lacks it: Exact native retained source bodies/IDs and immutable proofs; full executable configuration; explicit aware temporal/session authority; exact predecessor, target/model/generation/rule/manifest and native readiness where applicable; same validating Session and current durable execution token/configuration/run binding"", ""WF_SETUP_ALERT_RULE_STATE"": ""Caller must deliver the following exact native authority if absent; no blanket assertion that already certified pipeline delivery lacks it: Exact scoped operational/source body and its retained SQL proof; same validating Session/owner for supporting helpers; aware operation time where business-time state changes; durable job configuration/run binding and current execution token when owned"", ""WF_SETUP_DECISION_EVIDENCE"": ""Caller must deliver the following exact native authority if absent; no blanket assertion that already certified pipeline delivery lacks it: Exact native retained source bodies/IDs and immutable proofs; full executable configuration; explicit aware temporal/session authority; exact predecessor, target/model/generation/rule/manifest and native readiness where applicable; same validating Session and current durable execution token/configuration/run binding"", ""WF_SETUP_TYPED_REPOSITORY"": ""Caller must deliver the following exact native authority if absent; no blanket assertion that already certified pipeline delivery lacks it: Exact native retained source bodies/IDs and immutable proofs; full executable configuration; explicit aware temporal/session authority; exact predecessor, target/model/generation/rule/manifest and native readiness where applicable; same validating Session and current durable execution token/configuration/run binding""}","self, db, *, ticker: str | None=None, date_from: date | None=None, date_to: date | None=None",Exact caller integration subject to source review; writer requirements retained verbatim in required_authority,SAFE_NATIVE_WRITER: rejects missing/altered authority before dedup or advancement and rolls back the semantic Session,Explicit semantic operation and exact writer delivery; unsupported mutation deterministically rejected before writes,"SUPPLY_CONTEXT_OR_WRAP; explicit legacy only where native policy permits, never certified evidence",PRE_IMPLEMENTATION_SCOPE_RECONCILIATION_ONLY
EF_539de8ba1f139e53,SERVICE_PUBLIC,app/services/ceri/sec/readiness_repair.py:mark_sec_repair_failure,PIPELINE,WF_SEC_PIPELINE_READINESS_REPAIR,CURRENT_STATE_REPAIR,"""Not dynamically audited for this initiator. Preserve native scope and supply the exact identity/time/evidence/readiness/configuration/execution dimensions required by each target writer; discovery does not establish which arguments are already sufficient.""","db, job, error, failure",Exact caller integration subject to source review; writer requirements retained verbatim in required_authority,UNVERIFIED_PARTIAL_ADOPTION; do not assume safe target writers,Explicit semantic operation and exact writer delivery; unsupported mutation deterministically rejected before writes,"SUPPLY_CONTEXT_OR_WRAP; explicit legacy only where native policy permits, never certified evidence",PRE_IMPLEMENTATION_SCOPE_RECONCILIATION_ONLY
EF_57005fc921eb55e1,CLI,scripts/profile_sec_performance.py:main,CERI_SOURCE,"WF_CERI_RAW_SOURCE,WF_SEC_DOCUMENT_SOURCE,WF_SEC_INCREMENTAL_IDENTITY","CANONICAL_CALCULATION,MAINTENANCE","""Not dynamically audited for this initiator. Preserve native scope and supply the exact identity/time/evidence/readiness/configuration/execution dimensions required by each target writer; discovery does not establish which arguments are already sufficient.""",,Exact caller integration subject to source review; writer requirements retained verbatim in required_authority,UNVERIFIED_PARTIAL_ADOPTION; do not assume safe target writers,Explicit semantic operation and exact writer delivery; unsupported mutation deterministically rejected before writes,"SUPPLY_CONTEXT_OR_WRAP; explicit legacy only where native policy permits, never certified evidence",PRE_IMPLEMENTATION_SCOPE_RECONCILIATION_ONLY
EF_5748a18c40645191,HTTP,app/routers/run_routes.py:refresh_all_ranking_profiles_action,"CERI,COMBINED,CURRENT_PROJECTION,FUNDAMENTAL,IBMI,RANKING,REGIME,SECTOR,TECHNICAL","WF_CORE_CURRENT_PROJECTION,WF_CORE_RETAINED_EVIDENCE,WF_RANKING_LEGACY_REPLACEMENT,WF_RANKING_PERSISTENCE","CANONICAL_CALCULATION,CURRENT_PROJECTION_ADVANCE,LEGACY_UNCERTIFIED","""Not dynamically audited for this initiator. Preserve native scope and supply the exact identity/time/evidence/readiness/configuration/execution dimensions required by each target writer; discovery does not establish which arguments are already sufficient.""","run_id: int, db: DbSession, redirect: bool=False",Exact caller integration subject to source review; writer requirements retained verbatim in required_authority,UNVERIFIED_PARTIAL_ADOPTION; do not assume safe target writers,Explicit semantic operation and exact writer delivery; unsupported mutation deterministically rejected before writes,"SUPPLY_CONTEXT_OR_WRAP; explicit legacy only where native policy permits, never certified evidence",PRE_IMPLEMENTATION_SCOPE_RECONCILIATION_ONLY
EF_57e42943795f68d5,SERVICE_PUBLIC,app/services/ceri/backfill_service.py:CeriBackfillService.run,CERI_SOURCE,"WF_CERI_CONSENSUS_ATTACH,WF_CERI_FEATURE_BUILD,WF_CERI_GUIDANCE_ELIGIBILITY,WF_CERI_RAW_SOURCE,WF_CERI_REVISION_FEATURE,WF_CERI_SOURCE_IDENTITY,WF_CERI_SOURCE_NORMALIZATION,WF_SEC_DOCUMENT_SOURCE,WF_SEC_INCREMENTAL_IDENTITY","CANONICAL_CALCULATION,MAINTENANCE","""Not dynamically audited for this initiator. Preserve native scope and supply the exact identity/time/evidence/readiness/configuration/execution dimensions required by each target writer; discovery does not establish which arguments are already sufficient.""","self, db: Session, request: CeriBackfillRequest",Exact caller integration subject to source review; writer requirements retained verbatim in required_authority,UNVERIFIED_PARTIAL_ADOPTION; do not assume safe target writers,Explicit semantic operation and exact writer delivery; unsupported mutation deterministically rejected before writes,"SUPPLY_CONTEXT_OR_WRAP; explicit legacy only where native policy permits, never certified evidence",PRE_IMPLEMENTATION_SCOPE_RECONCILIATION_ONLY
EF_5b7bff6206e3ab12,HTTP,app/routers/ib_market_intelligence_routes.py:queue_histogram,"CERI,COMBINED,CONFIGURATION,CURRENT_PROJECTION,FUNDAMENTAL,IBMI,IBMI_SOURCE,RANKING,REGIME,SECTOR,TECHNICAL","WF_CONFIGURATION_DELIVERY,WF_CORE_CURRENT_PROJECTION,WF_CORE_RETAINED_EVIDENCE,WF_IBMI_NATIVE_FEATURE,WF_IB_CONTRACT_IDENTITY,WF_IB_HISTOGRAM_SCANNER","BOOTSTRAP,CANONICAL_CALCULATION,CURRENT_PROJECTION_ADVANCE,MAINTENANCE","""Not dynamically audited for this initiator. Preserve native scope and supply the exact identity/time/evidence/readiness/configuration/execution dimensions required by each target writer; discovery does not establish which arguments are already sufficient.""","request: Request, payload: HistogramJobRequest, db: DbSession",Exact caller integration subject to source review; writer requirements retained verbatim in required_authority,UNVERIFIED_PARTIAL_ADOPTION; do not assume safe target writers,Explicit semantic operation and exact writer delivery; unsupported mutation deterministically rejected before writes,"SUPPLY_CONTEXT_OR_WRAP; explicit legacy only where native policy permits, never certified evidence",PRE_IMPLEMENTATION_SCOPE_RECONCILIATION_ONLY
EF_5d82bf1f829e0378,SERVICE_PUBLIC,app/services/pipeline_service.py:mark_pipeline_job_failure,PIPELINE,WF_PIPELINE_CONTROL,BOOTSTRAP,"""Not dynamically audited for this initiator. Preserve native scope and supply the exact identity/time/evidence/readiness/configuration/execution dimensions required by each target writer; discovery does not establish which arguments are already sufficient.""","db, job, failure",Exact caller integration subject to source review; writer requirements retained verbatim in required_authority,UNVERIFIED_PARTIAL_ADOPTION; do not assume safe target writers,Explicit semantic operation and exact writer delivery; unsupported mutation deterministically rejected before writes,"SUPPLY_CONTEXT_OR_WRAP; explicit legacy only where native policy permits, never certified evidence",PRE_IMPLEMENTATION_SCOPE_RECONCILIATION_ONLY
EF_605087d3a0d9034a,CLI,scripts/certify_technical_artifact_cache.py:main,"CERI,COMBINED,CURRENT_PROJECTION,FUNDAMENTAL,IBMI,RANKING,REGIME,SECTOR,TECHNICAL","WF_CORE_CURRENT_PROJECTION,WF_CORE_RETAINED_EVIDENCE,WF_TECHNICAL_FEATURE_CACHE,WF_TECHNICAL_FINALIZATION","CANONICAL_CALCULATION,CURRENT_PROJECTION_ADVANCE,MAINTENANCE","""Not dynamically audited for this initiator. Preserve native scope and supply the exact identity/time/evidence/readiness/configuration/execution dimensions required by each target writer; discovery does not establish which arguments are already sufficient.""",,Exact caller integration subject to source review; writer requirements retained verbatim in required_authority,UNVERIFIED_PARTIAL_ADOPTION; do not assume safe target writers,Explicit semantic operation and exact writer delivery; unsupported mutation deterministically rejected before writes,"SUPPLY_CONTEXT_OR_WRAP; explicit legacy only where native policy permits, never certified evidence",PRE_IMPLEMENTATION_SCOPE_RECONCILIATION_ONLY
EF_6277f667d9db5d08,DURABLE_JOB,app/services/ceri/job_handlers.py:execute_capture_run_job,"CERI,CERI_ALERT,CERI_CHANGE,CERI_SOURCE,COMBINED,CONFIGURATION,CURRENT_PROJECTION,FUNDAMENTAL,IBMI,RANKING,REGIME,SECTOR,TECHNICAL","WF_CERI_ALERT_CREATION,WF_CERI_CHANGE,WF_CERI_CONSENSUS_ATTACH,WF_CERI_PRICE_RESPONSE,WF_CERI_SCORE,WF_CONFIGURATION_DELIVERY,WF_CORE_CURRENT_PROJECTION,WF_CORE_RETAINED_EVIDENCE","BOOTSTRAP,CANONICAL_CALCULATION,CURRENT_PROJECTION_ADVANCE,MAINTENANCE","{""WF_CERI_ALERT_CREATION"": ""Caller must deliver the following exact native authority if absent; no blanket assertion that already certified pipeline delivery lacks it: Exact native retained source bodies/IDs and immutable proofs; full executable configuration; explicit aware temporal/session authority; exact predecessor, target/model/generation/rule/manifest and native readiness where applicable; same validating Session and current durable execution token/configuration/run binding"", ""WF_CERI_CHANGE"": ""Caller must deliver the following exact native authority if absent; no blanket assertion that already certified pipeline delivery lacks it: Exact scoped operational/source body and its retained SQL proof; same validating Session/owner for supporting helpers; aware operation time where business-time state changes; durable job configuration/run binding and current execution token when owned""}","db: Session, job: BackgroundJob, *, capture_service: CeriRunCaptureService | None=None",Exact caller integration subject to source review; writer requirements retained verbatim in required_authority,SAFE_NATIVE_WRITER: rejects missing/altered authority before dedup or advancement and rolls back the semantic Session,Explicit semantic operation and exact writer delivery; unsupported mutation deterministically rejected before writes,"SUPPLY_CONTEXT_OR_WRAP; explicit legacy only where native policy permits, never certified evidence",PRE_IMPLEMENTATION_SCOPE_RECONCILIATION_ONLY
EF_633140182b79ba72,SERVICE_PUBLIC,app/services/pipeline_executor.py:build_market_regime_snapshot_for_run,"CERI,COMBINED,CURRENT_PROJECTION,FUNDAMENTAL,IBMI,RANKING,REGIME,SECTOR,TECHNICAL","WF_CORE_CURRENT_PROJECTION,WF_CORE_RETAINED_EVIDENCE,WF_REGIME_SNAPSHOT","CANONICAL_CALCULATION,CURRENT_PROJECTION_ADVANCE","""Not dynamically audited for this initiator. Preserve native scope and supply the exact identity/time/evidence/readiness/configuration/execution dimensions required by each target writer; discovery does not establish which arguments are already sufficient.""","db: Session, run_id: int, *, market_cutoff: MarketCalculationCutoff | None=None",Exact caller integration subject to source review; writer requirements retained verbatim in required_authority,UNVERIFIED_PARTIAL_ADOPTION; do not assume safe target writers,Explicit semantic operation and exact writer delivery; unsupported mutation deterministically rejected before writes,"SUPPLY_CONTEXT_OR_WRAP; explicit legacy only where native policy permits, never certified evidence",PRE_IMPLEMENTATION_SCOPE_RECONCILIATION_ONLY
EF_64159a91b7fd323b,DURABLE_JOB,app/services/ib_fetch_job_service.py:execute_durable_fetch_job,"IBMI_SOURCE,PRICE","WF_IB_CONTRACT_IDENTITY,WF_PRICE_INGESTION,WF_PRICE_SERIES_VERSION,WF_WINNER_MARKET_DATA_OBLIGATION","CANONICAL_CALCULATION,MAINTENANCE","{""WF_WINNER_MARKET_DATA_OBLIGATION"": ""Caller must deliver the following exact native authority if absent; no blanket assertion that already certified pipeline delivery lacks it: Exact scoped operational/source body and its retained SQL proof; same validating Session/owner for supporting helpers; aware operation time where business-time state changes; durable job configuration/run binding and current execution token when owned""}","db: Session, job: BackgroundJob",Exact caller integration subject to source review; writer requirements retained verbatim in required_authority,SAFE_NATIVE_WRITER: rejects missing/altered authority before dedup or advancement and rolls back the semantic Session,Explicit semantic operation and exact writer delivery; unsupported mutation deterministically rejected before writes,"SUPPLY_CONTEXT_OR_WRAP; explicit legacy only where native policy permits, never certified evidence",PRE_IMPLEMENTATION_SCOPE_RECONCILIATION_ONLY
EF_65e0e20a4aabf36e,CLI,scripts/qa/rebuild_slse_dev_history.py:main,"ALERT_DECISION,CERI,COMBINED,CONFIGURATION,CURRENT_PROJECTION,FUNDAMENTAL,IBMI,LIFECYCLE_EVALUATION,LIFECYCLE_TRANSITION,RANKING,REGIME,SECTOR,SETUP,TECHNICAL","WF_CORE_CURRENT_PROJECTION,WF_CORE_RETAINED_EVIDENCE,WF_LIFECYCLE_EPISODE,WF_LIFECYCLE_EVALUATION_EVIDENCE,WF_LIFECYCLE_TRANSITION_EVIDENCE,WF_SETUP_ALERT_EVENT_STATE,WF_SETUP_ALERT_RULE_BOOTSTRAP,WF_SETUP_ALERT_RULE_EVIDENCE,WF_SETUP_ALERT_RULE_STATE,WF_SETUP_CHANGE_EVENT_STATE,WF_SETUP_CURRENT_SELECTION,WF_SETUP_DECISION_EVIDENCE,WF_SETUP_DERIVED_PURGE,WF_SETUP_EVALUATION_RUN_STATE,WF_SETUP_PERSISTENCE,WF_SETUP_TRANSITION_EVENT_STATE,WF_SETUP_TYPED_REPOSITORY","BOOTSTRAP,CANONICAL_CALCULATION,CURRENT_PROJECTION_ADVANCE,CURRENT_STATE_REPAIR,MAINTENANCE","{""WF_LIFECYCLE_EPISODE"": ""Caller must deliver the following exact native authority if absent; no blanket assertion that already certified pipeline delivery lacks it: Exact native retained source bodies/IDs and immutable proofs; full executable configuration; explicit aware temporal/session authority; exact predecessor, target/model/generation/rule/manifest and native readiness where applicable; same validating Session and current durable execution token/configuration/run binding"", ""WF_LIFECYCLE_EVALUATION_EVIDENCE"": ""Caller must deliver the following exact native authority if absent; no blanket assertion that already certified pipeline delivery lacks it: Exact native retained source bodies/IDs and immutable proofs; full executable configuration; explicit aware temporal/session authority; exact predecessor, target/model/generation/rule/manifest and native readiness where applicable; same validating Session and current durable execution token/configuration/run binding"", ""WF_LIFECYCLE_TRANSITION_EVIDENCE"": ""Caller must deliver the following exact native authority if absent; no blanket assertion that already certified pipeline delivery lacks it: Exact native retained source bodies/IDs and immutable proofs; full executable configuration; explicit aware temporal/session authority; exact predecessor, target/model/generation/rule/manifest and native readiness where applicable; same validating Session and current durable execution token/configuration/run binding"", ""WF_SETUP_ALERT_EVENT_STATE"": ""Caller must deliver the following exact native authority if absent; no blanket assertion that already certified pipeline delivery lacks it: Exact native retained source bodies/IDs and immutable proofs; full executable configuration; explicit aware temporal/session authority; exact predecessor, target/model/generation/rule/manifest and native readiness where applicable; same validating Session and current durable execution token/configuration/run binding"", ""WF_SETUP_ALERT_RULE_BOOTSTRAP"": ""Caller must deliver the following exact native authority if absent; no blanket assertion that already certified pipeline delivery lacks it: Exact scoped operational/source body and its retained SQL proof; same validating Session/owner for supporting helpers; aware operation time where business-time state changes; durable job configuration/run binding and current execution token when owned"", ""WF_SETUP_ALERT_RULE_EVIDENCE"": ""Caller must deliver the following exact native authority if absent; no blanket assertion that already certified pipeline delivery lacks it: Exact native retained source bodies/IDs and immutable proofs; full executable configuration; explicit aware temporal/session authority; exact predecessor, target/model/generation/rule/manifest and native readiness where applicable; same validating Session and current durable execution token/configuration/run binding"", ""WF_SETUP_ALERT_RULE_STATE"": ""Caller must deliver the following exact native authority if absent; no blanket assertion that already certified pipeline delivery lacks it: Exact scoped operational/source body and its retained SQL proof; same validating Session/owner for supporting helpers; aware operation time where business-time state changes; durable job configuration/run binding and current execution token when owned"", ""WF_SETUP_CHANGE_EVENT_STATE"": ""Caller must deliver the following exact native authority if absent; no blanket assertion that already certified pipeline delivery lacks it: Exact native retained source bodies/IDs and immutable proofs; full executable configuration; explicit aware temporal/session authority; exact predecessor, target/model/generation/rule/manifest and native readiness where applicable; same validating Session and current durable execution token/configuration/run binding"", ""WF_SETUP_CURRENT_SELECTION"": ""Caller must deliver the following exact native authority if absent; no blanket assertion that already certified pipeline delivery lacks it: Exact native retained source bodies/IDs and immutable proofs; full executable configuration; explicit aware temporal/session authority; exact predecessor, target/model/generation/rule/manifest and native readiness where applicable; same validating Session and current durable execution token/configuration/run binding"", ""WF_SETUP_DECISION_EVIDENCE"": ""Caller must deliver the following exact native authority if absent; no blanket assertion that already certified pipeline delivery lacks it: Exact native retained source bodies/IDs and immutable proofs; full executable configuration; explicit aware temporal/session authority; exact predecessor, target/model/generation/rule/manifest and native readiness where applicable; same validating Session and current durable execution token/configuration/run binding"", ""WF_SETUP_DERIVED_PURGE"": ""Caller must deliver the following exact native authority if absent; no blanket assertion that already certified pipeline delivery lacks it: Exact scoped operational/source body and its retained SQL proof; same validating Session/owner for supporting helpers; aware operation time where business-time state changes; durable job configuration/run binding and current execution token when owned"", ""WF_SETUP_EVALUATION_RUN_STATE"": ""Caller must deliver the following exact native authority if absent; no blanket assertion that already certified pipeline delivery lacks it: Exact scoped operational/source body and its retained SQL proof; same validating Session/owner for supporting helpers; aware operation time where business-time state changes; durable job configuration/run binding and current execution token when owned"", ""WF_SETUP_PERSISTENCE"": ""Caller must deliver the following exact native authority if absent; no blanket assertion that already certified pipeline delivery lacks it: Exact native retained source bodies/IDs and immutable proofs; full executable configuration; explicit aware temporal/session authority; exact predecessor, target/model/generation/rule/manifest and native readiness where applicable; same validating Session and current durable execution token/configuration/run binding"", ""WF_SETUP_TRANSITION_EVENT_STATE"": ""Caller must deliver the following exact native authority if absent; no blanket assertion that already certified pipeline delivery lacks it: Exact native retained source bodies/IDs and immutable proofs; full executable configuration; explicit aware temporal/session authority; exact predecessor, target/model/generation/rule/manifest and native readiness where applicable; same validating Session and current durable execution token/configuration/run binding"", ""WF_SETUP_TYPED_REPOSITORY"": ""Caller must deliver the following exact native authority if absent; no blanket assertion that already certified pipeline delivery lacks it: Exact native retained source bodies/IDs and immutable proofs; full executable configuration; explicit aware temporal/session authority; exact predecessor, target/model/generation/rule/manifest and native readiness where applicable; same validating Session and current durable execution token/configuration/run binding""}",,Exact caller integration subject to source review; writer requirements retained verbatim in required_authority,SAFE_NATIVE_WRITER: rejects missing/altered authority before dedup or advancement and rolls back the semantic Session,Explicit semantic operation and exact writer delivery; unsupported mutation deterministically rejected before writes,"SUPPLY_CONTEXT_OR_WRAP; explicit legacy only where native policy permits, never certified evidence",PRE_IMPLEMENTATION_SCOPE_RECONCILIATION_ONLY
EF_693fab42d4a40d7d,HTTP,app/routers/ceri_routes.py:preview_ceri_purge,CONFIGURATION,WF_CONFIGURATION_DELIVERY,BOOTSTRAP,"""Not dynamically audited for this initiator. Preserve native scope and supply the exact identity/time/evidence/readiness/configuration/execution dimensions required by each target writer; discovery does not establish which arguments are already sufficient.""","request: Request, db: DbSession, payload: dict[str, Any] | None=None",Exact caller integration subject to source review; writer requirements retained verbatim in required_authority,UNVERIFIED_PARTIAL_ADOPTION; do not assume safe target writers,Explicit semantic operation and exact writer delivery; unsupported mutation deterministically rejected before writes,"SUPPLY_CONTEXT_OR_WRAP; explicit legacy only where native policy permits, never certified evidence",PRE_IMPLEMENTATION_SCOPE_RECONCILIATION_ONLY
EF_6ae0c3ce1aab2525,HTTP,app/routers/run_routes.py:refresh_ranking_profile_action,"CERI,COMBINED,CURRENT_PROJECTION,FUNDAMENTAL,IBMI,RANKING,REGIME,SECTOR,TECHNICAL","WF_CORE_CURRENT_PROJECTION,WF_CORE_RETAINED_EVIDENCE,WF_RANKING_LEGACY_REPLACEMENT,WF_RANKING_PERSISTENCE","CANONICAL_CALCULATION,CURRENT_PROJECTION_ADVANCE,LEGACY_UNCERTIFIED","""Not dynamically audited for this initiator. Preserve native scope and supply the exact identity/time/evidence/readiness/configuration/execution dimensions required by each target writer; discovery does not establish which arguments are already sufficient.""","run_id: int, profile_name: str, db: DbSession",Exact caller integration subject to source review; writer requirements retained verbatim in required_authority,UNVERIFIED_PARTIAL_ADOPTION; do not assume safe target writers,Explicit semantic operation and exact writer delivery; unsupported mutation deterministically rejected before writes,"SUPPLY_CONTEXT_OR_WRAP; explicit legacy only where native policy permits, never certified evidence",PRE_IMPLEMENTATION_SCOPE_RECONCILIATION_ONLY
EF_6bbd386aea2907d8,SERVICE_PUBLIC,app/services/market_calculation_context_service.py:attach_reserved_market_context,PIPELINE,WF_MARKET_CONTEXT_AUTHORITY,BOOTSTRAP,"""Not dynamically audited for this initiator. Preserve native scope and supply the exact identity/time/evidence/readiness/configuration/execution dimensions required by each target writer; discovery does not establish which arguments are already sufficient.""","db: Session, pipeline: PipelineRun, *, context_id: int",Exact caller integration subject to source review; writer requirements retained verbatim in required_authority,UNVERIFIED_PARTIAL_ADOPTION; do not assume safe target writers,Explicit semantic operation and exact writer delivery; unsupported mutation deterministically rejected before writes,"SUPPLY_CONTEXT_OR_WRAP; explicit legacy only where native policy permits, never certified evidence",PRE_IMPLEMENTATION_SCOPE_RECONCILIATION_ONLY
EF_6cafbc6643911d81,CLI,scripts/qa/certify_slse_natural.py:main,"ALERT_DECISION,CERI,COMBINED,CONFIGURATION,CURRENT_PROJECTION,FUNDAMENTAL,IBMI,LIFECYCLE_EVALUATION,LIFECYCLE_TRANSITION,RANKING,REGIME,SECTOR,SETUP,TECHNICAL","WF_CORE_CURRENT_PROJECTION,WF_CORE_RETAINED_EVIDENCE,WF_LIFECYCLE_EPISODE,WF_LIFECYCLE_EVALUATION_EVIDENCE,WF_LIFECYCLE_TRANSITION_EVIDENCE,WF_SETUP_ALERT_EVENT_STATE,WF_SETUP_ALERT_RULE_BOOTSTRAP,WF_SETUP_ALERT_RULE_EVIDENCE,WF_SETUP_ALERT_RULE_STATE,WF_SETUP_CHANGE_EVENT_STATE,WF_SETUP_CURRENT_SELECTION,WF_SETUP_DECISION_EVIDENCE,WF_SETUP_EVALUATION_RUN_STATE,WF_SETUP_PERSISTENCE,WF_SETUP_TRANSITION_EVENT_STATE,WF_SETUP_TYPED_REPOSITORY","BOOTSTRAP,CANONICAL_CALCULATION,CURRENT_PROJECTION_ADVANCE,CURRENT_STATE_REPAIR,MAINTENANCE","{""WF_LIFECYCLE_EPISODE"": ""Caller must deliver the following exact native authority if absent; no blanket assertion that already certified pipeline delivery lacks it: Exact native retained source bodies/IDs and immutable proofs; full executable configuration; explicit aware temporal/session authority; exact predecessor, target/model/generation/rule/manifest and native readiness where applicable; same validating Session and current durable execution token/configuration/run binding"", ""WF_LIFECYCLE_EVALUATION_EVIDENCE"": ""Caller must deliver the following exact native authority if absent; no blanket assertion that already certified pipeline delivery lacks it: Exact native retained source bodies/IDs and immutable proofs; full executable configuration; explicit aware temporal/session authority; exact predecessor, target/model/generation/rule/manifest and native readiness where applicable; same validating Session and current durable execution token/configuration/run binding"", ""WF_LIFECYCLE_TRANSITION_EVIDENCE"": ""Caller must deliver the following exact native authority if absent; no blanket assertion that already certified pipeline delivery lacks it: Exact native retained source bodies/IDs and immutable proofs; full executable configuration; explicit aware temporal/session authority; exact predecessor, target/model/generation/rule/manifest and native readiness where applicable; same validating Session and current durable execution token/configuration/run binding"", ""WF_SETUP_ALERT_EVENT_STATE"": ""Caller must deliver the following exact native authority if absent; no blanket assertion that already certified pipeline delivery lacks it: Exact native retained source bodies/IDs and immutable proofs; full executable configuration; explicit aware temporal/session authority; exact predecessor, target/model/generation/rule/manifest and native readiness where applicable; same validating Session and current durable execution token/configuration/run binding"", ""WF_SETUP_ALERT_RULE_BOOTSTRAP"": ""Caller must deliver the following exact native authority if absent; no blanket assertion that already certified pipeline delivery lacks it: Exact scoped operational/source body and its retained SQL proof; same validating Session/owner for supporting helpers; aware operation time where business-time state changes; durable job configuration/run binding and current execution token when owned"", ""WF_SETUP_ALERT_RULE_EVIDENCE"": ""Caller must deliver the following exact native authority if absent; no blanket assertion that already certified pipeline delivery lacks it: Exact native retained source bodies/IDs and immutable proofs; full executable configuration; explicit aware temporal/session authority; exact predecessor, target/model/generation/rule/manifest and native readiness where applicable; same validating Session and current durable execution token/configuration/run binding"", ""WF_SETUP_ALERT_RULE_STATE"": ""Caller must deliver the following exact native authority if absent; no blanket assertion that already certified pipeline delivery lacks it: Exact scoped operational/source body and its retained SQL proof; same validating Session/owner for supporting helpers; aware operation time where business-time state changes; durable job configuration/run binding and current execution token when owned"", ""WF_SETUP_CHANGE_EVENT_STATE"": ""Caller must deliver the following exact native authority if absent; no blanket assertion that already certified pipeline delivery lacks it: Exact native retained source bodies/IDs and immutable proofs; full executable configuration; explicit aware temporal/session authority; exact predecessor, target/model/generation/rule/manifest and native readiness where applicable; same validating Session and current durable execution token/configuration/run binding"", ""WF_SETUP_CURRENT_SELECTION"": ""Caller must deliver the following exact native authority if absent; no blanket assertion that already certified pipeline delivery lacks it: Exact native retained source bodies/IDs and immutable proofs; full executable configuration; explicit aware temporal/session authority; exact predecessor, target/model/generation/rule/manifest and native readiness where applicable; same validating Session and current durable execution token/configuration/run binding"", ""WF_SETUP_DECISION_EVIDENCE"": ""Caller must deliver the following exact native authority if absent; no blanket assertion that already certified pipeline delivery lacks it: Exact native retained source bodies/IDs and immutable proofs; full executable configuration; explicit aware temporal/session authority; exact predecessor, target/model/generation/rule/manifest and native readiness where applicable; same validating Session and current durable execution token/configuration/run binding"", ""WF_SETUP_EVALUATION_RUN_STATE"": ""Caller must deliver the following exact native authority if absent; no blanket assertion that already certified pipeline delivery lacks it: Exact scoped operational/source body and its retained SQL proof; same validating Session/owner for supporting helpers; aware operation time where business-time state changes; durable job configuration/run binding and current execution token when owned"", ""WF_SETUP_PERSISTENCE"": ""Caller must deliver the following exact native authority if absent; no blanket assertion that already certified pipeline delivery lacks it: Exact native retained source bodies/IDs and immutable proofs; full executable configuration; explicit aware temporal/session authority; exact predecessor, target/model/generation/rule/manifest and native readiness where applicable; same validating Session and current durable execution token/configuration/run binding"", ""WF_SETUP_TRANSITION_EVENT_STATE"": ""Caller must deliver the following exact native authority if absent; no blanket assertion that already certified pipeline delivery lacks it: Exact native retained source bodies/IDs and immutable proofs; full executable configuration; explicit aware temporal/session authority; exact predecessor, target/model/generation/rule/manifest and native readiness where applicable; same validating Session and current durable execution token/configuration/run binding"", ""WF_SETUP_TYPED_REPOSITORY"": ""Caller must deliver the following exact native authority if absent; no blanket assertion that already certified pipeline delivery lacks it: Exact native retained source bodies/IDs and immutable proofs; full executable configuration; explicit aware temporal/session authority; exact predecessor, target/model/generation/rule/manifest and native readiness where applicable; same validating Session and current durable execution token/configuration/run binding""}",,Exact caller integration subject to source review; writer requirements retained verbatim in required_authority,SAFE_NATIVE_WRITER: rejects missing/altered authority before dedup or advancement and rolls back the semantic Session,Explicit semantic operation and exact writer delivery; unsupported mutation deterministically rejected before writes,"SUPPLY_CONTEXT_OR_WRAP; explicit legacy only where native policy permits, never certified evidence",PRE_IMPLEMENTATION_SCOPE_RECONCILIATION_ONLY
EF_6ebcbfe33aa2f19b,HTTP,app/routers/ceri_routes.py:create_ceri_backfill,"CERI_SOURCE,CONFIGURATION","WF_CERI_CONSENSUS_ATTACH,WF_CERI_FEATURE_BUILD,WF_CERI_GUIDANCE_ELIGIBILITY,WF_CERI_RAW_SOURCE,WF_CERI_REVISION_FEATURE,WF_CERI_SOURCE_IDENTITY,WF_CERI_SOURCE_NORMALIZATION,WF_CONFIGURATION_DELIVERY,WF_SEC_DOCUMENT_SOURCE,WF_SEC_INCREMENTAL_IDENTITY","BOOTSTRAP,CANONICAL_CALCULATION,MAINTENANCE","""Not dynamically audited for this initiator. Preserve native scope and supply the exact identity/time/evidence/readiness/configuration/execution dimensions required by each target writer; discovery does not establish which arguments are already sufficient.""","request: Request, db: DbSession, payload: dict[str, Any] | None=None",Exact caller integration subject to source review; writer requirements retained verbatim in required_authority,UNVERIFIED_PARTIAL_ADOPTION; do not assume safe target writers,Explicit semantic operation and exact writer delivery; unsupported mutation deterministically rejected before writes,"SUPPLY_CONTEXT_OR_WRAP; explicit legacy only where native policy permits, never certified evidence",PRE_IMPLEMENTATION_SCOPE_RECONCILIATION_ONLY
EF_7344c72b8b591bf9,HTTP,app/routers/setup_lifecycle_routes.py:evaluate_setup_lifecycle_run,"ALERT_DECISION,CERI,COMBINED,CONFIGURATION,CURRENT_PROJECTION,FUNDAMENTAL,IBMI,LIFECYCLE_EVALUATION,LIFECYCLE_TRANSITION,RANKING,REGIME,SECTOR,SETUP,TECHNICAL","WF_CONFIGURATION_DELIVERY,WF_CORE_CURRENT_PROJECTION,WF_CORE_RETAINED_EVIDENCE,WF_LIFECYCLE_EPISODE,WF_LIFECYCLE_EVALUATION_EVIDENCE,WF_LIFECYCLE_TRANSITION_EVIDENCE,WF_SETUP_ALERT_EVENT_STATE,WF_SETUP_ALERT_RULE_BOOTSTRAP,WF_SETUP_ALERT_RULE_EVIDENCE,WF_SETUP_ALERT_RULE_STATE,WF_SETUP_CHANGE_EVENT_STATE,WF_SETUP_CURRENT_SELECTION,WF_SETUP_DECISION_EVIDENCE,WF_SETUP_EVALUATION_RUN_STATE,WF_SETUP_PERSISTENCE,WF_SETUP_TRANSITION_EVENT_STATE,WF_SETUP_TYPED_REPOSITORY","BOOTSTRAP,CANONICAL_CALCULATION,CURRENT_PROJECTION_ADVANCE,CURRENT_STATE_REPAIR,MAINTENANCE","{""WF_LIFECYCLE_EPISODE"": ""Caller must deliver the following exact native authority if absent; no blanket assertion that already certified pipeline delivery lacks it: Exact native retained source bodies/IDs and immutable proofs; full executable configuration; explicit aware temporal/session authority; exact predecessor, target/model/generation/rule/manifest and native readiness where applicable; same validating Session and current durable execution token/configuration/run binding"", ""WF_LIFECYCLE_EVALUATION_EVIDENCE"": ""Caller must deliver the following exact native authority if absent; no blanket assertion that already certified pipeline delivery lacks it: Exact native retained source bodies/IDs and immutable proofs; full executable configuration; explicit aware temporal/session authority; exact predecessor, target/model/generation/rule/manifest and native readiness where applicable; same validating Session and current durable execution token/configuration/run binding"", ""WF_LIFECYCLE_TRANSITION_EVIDENCE"": ""Caller must deliver the following exact native authority if absent; no blanket assertion that already certified pipeline delivery lacks it: Exact native retained source bodies/IDs and immutable proofs; full executable configuration; explicit aware temporal/session authority; exact predecessor, target/model/generation/rule/manifest and native readiness where applicable; same validating Session and current durable execution token/configuration/run binding"", ""WF_SETUP_ALERT_EVENT_STATE"": ""Caller must deliver the following exact native authority if absent; no blanket assertion that already certified pipeline delivery lacks it: Exact native retained source bodies/IDs and immutable proofs; full executable configuration; explicit aware temporal/session authority; exact predecessor, target/model/generation/rule/manifest and native readiness where applicable; same validating Session and current durable execution token/configuration/run binding"", ""WF_SETUP_ALERT_RULE_BOOTSTRAP"": ""Caller must deliver the following exact native authority if absent; no blanket assertion that already certified pipeline delivery lacks it: Exact scoped operational/source body and its retained SQL proof; same validating Session/owner for supporting helpers; aware operation time where business-time state changes; durable job configuration/run binding and current execution token when owned"", ""WF_SETUP_ALERT_RULE_EVIDENCE"": ""Caller must deliver the following exact native authority if absent; no blanket assertion that already certified pipeline delivery lacks it: Exact native retained source bodies/IDs and immutable proofs; full executable configuration; explicit aware temporal/session authority; exact predecessor, target/model/generation/rule/manifest and native readiness where applicable; same validating Session and current durable execution token/configuration/run binding"", ""WF_SETUP_ALERT_RULE_STATE"": ""Caller must deliver the following exact native authority if absent; no blanket assertion that already certified pipeline delivery lacks it: Exact scoped operational/source body and its retained SQL proof; same validating Session/owner for supporting helpers; aware operation time where business-time state changes; durable job configuration/run binding and current execution token when owned"", ""WF_SETUP_CHANGE_EVENT_STATE"": ""Caller must deliver the following exact native authority if absent; no blanket assertion that already certified pipeline delivery lacks it: Exact native retained source bodies/IDs and immutable proofs; full executable configuration; explicit aware temporal/session authority; exact predecessor, target/model/generation/rule/manifest and native readiness where applicable; same validating Session and current durable execution token/configuration/run binding"", ""WF_SETUP_CURRENT_SELECTION"": ""Caller must deliver the following exact native authority if absent; no blanket assertion that already certified pipeline delivery lacks it: Exact native retained source bodies/IDs and immutable proofs; full executable configuration; explicit aware temporal/session authority; exact predecessor, target/model/generation/rule/manifest and native readiness where applicable; same validating Session and current durable execution token/configuration/run binding"", ""WF_SETUP_DECISION_EVIDENCE"": ""Caller must deliver the following exact native authority if absent; no blanket assertion that already certified pipeline delivery lacks it: Exact native retained source bodies/IDs and immutable proofs; full executable configuration; explicit aware temporal/session authority; exact predecessor, target/model/generation/rule/manifest and native readiness where applicable; same validating Session and current durable execution token/configuration/run binding"", ""WF_SETUP_EVALUATION_RUN_STATE"": ""Caller must deliver the following exact native authority if absent; no blanket assertion that already certified pipeline delivery lacks it: Exact scoped operational/source body and its retained SQL proof; same validating Session/owner for supporting helpers; aware operation time where business-time state changes; durable job configuration/run binding and current execution token when owned"", ""WF_SETUP_PERSISTENCE"": ""Caller must deliver the following exact native authority if absent; no blanket assertion that already certified pipeline delivery lacks it: Exact native retained source bodies/IDs and immutable proofs; full executable configuration; explicit aware temporal/session authority; exact predecessor, target/model/generation/rule/manifest and native readiness where applicable; same validating Session and current durable execution token/configuration/run binding"", ""WF_SETUP_TRANSITION_EVENT_STATE"": ""Caller must deliver the following exact native authority if absent; no blanket assertion that already certified pipeline delivery lacks it: Exact native retained source bodies/IDs and immutable proofs; full executable configuration; explicit aware temporal/session authority; exact predecessor, target/model/generation/rule/manifest and native readiness where applicable; same validating Session and current durable execution token/configuration/run binding"", ""WF_SETUP_TYPED_REPOSITORY"": ""Caller must deliver the following exact native authority if absent; no blanket assertion that already certified pipeline delivery lacks it: Exact native retained source bodies/IDs and immutable proofs; full executable configuration; explicit aware temporal/session authority; exact predecessor, target/model/generation/rule/manifest and native readiness where applicable; same validating Session and current durable execution token/configuration/run binding""}","db: DbSession, request: Request, run_id: int | None=None, async_: Annotated[bool, Query(alias='async')]=True",Exact caller integration subject to source review; writer requirements retained verbatim in required_authority,SAFE_NATIVE_WRITER: rejects missing/altered authority before dedup or advancement and rolls back the semantic Session,Explicit semantic operation and exact writer delivery; unsupported mutation deterministically rejected before writes,"SUPPLY_CONTEXT_OR_WRAP; explicit legacy only where native policy permits, never certified evidence",PRE_IMPLEMENTATION_SCOPE_RECONCILIATION_ONLY
EF_758fcb1e2e9178c1,HTTP,app/routers/ceri_routes.py:reprocess_ceri,"CERI,CERI_ALERT,CERI_CHANGE,CERI_SOURCE,COMBINED,CONFIGURATION,CURRENT_PROJECTION,FUNDAMENTAL,IBMI,RANKING,REGIME,SECTOR,TECHNICAL","WF_CERI_ALERT_CREATION,WF_CERI_CHANGE,WF_CERI_CONSENSUS_ATTACH,WF_CERI_FEATURE_BUILD,WF_CERI_GUIDANCE_ELIGIBILITY,WF_CERI_PRICE_RESPONSE,WF_CERI_REVISION_FEATURE,WF_CERI_SCORE,WF_CERI_SOURCE_IDENTITY,WF_CERI_SOURCE_NORMALIZATION,WF_CONFIGURATION_DELIVERY,WF_CORE_CURRENT_PROJECTION,WF_CORE_RETAINED_EVIDENCE","BOOTSTRAP,CANONICAL_CALCULATION,CURRENT_PROJECTION_ADVANCE,MAINTENANCE","{""WF_CERI_ALERT_CREATION"": ""Caller must deliver the following exact native authority if absent; no blanket assertion that already certified pipeline delivery lacks it: Exact native retained source bodies/IDs and immutable proofs; full executable configuration; explicit aware temporal/session authority; exact predecessor, target/model/generation/rule/manifest and native readiness where applicable; same validating Session and current durable execution token/configuration/run binding"", ""WF_CERI_CHANGE"": ""Caller must deliver the following exact native authority if absent; no blanket assertion that already certified pipeline delivery lacks it: Exact scoped operational/source body and its retained SQL proof; same validating Session/owner for supporting helpers; aware operation time where business-time state changes; durable job configuration/run binding and current execution token when owned""}","request: Request, db: DbSession, payload: dict[str, Any] | None=None",Exact caller integration subject to source review; writer requirements retained verbatim in required_authority,SAFE_NATIVE_WRITER: rejects missing/altered authority before dedup or advancement and rolls back the semantic Session,Explicit semantic operation and exact writer delivery; unsupported mutation deterministically rejected before writes,"SUPPLY_CONTEXT_OR_WRAP; explicit legacy only where native policy permits, never certified evidence",PRE_IMPLEMENTATION_SCOPE_RECONCILIATION_ONLY
EF_75b98d629a58f4a6,HTTP,app/routers/ceri_routes.py:execute_ceri_purge,"CERI,CERI_ALERT,CERI_CHANGE,CERI_SOURCE,COMBINED,CONFIGURATION,CURRENT_PROJECTION,FUNDAMENTAL,IBMI,RANKING,REGIME,SECTOR,TECHNICAL","WF_CERI_ALERT_CREATION,WF_CERI_CHANGE,WF_CERI_CONSENSUS_ATTACH,WF_CERI_FEATURE_BUILD,WF_CERI_LICENSED_PURGE,WF_CERI_PRICE_RESPONSE,WF_CERI_REVISION_FEATURE,WF_CERI_SCORE,WF_CONFIGURATION_DELIVERY,WF_CORE_CURRENT_PROJECTION,WF_CORE_RETAINED_EVIDENCE","BOOTSTRAP,CANONICAL_CALCULATION,CURRENT_PROJECTION_ADVANCE,MAINTENANCE","{""WF_CERI_ALERT_CREATION"": ""Caller must deliver the following exact native authority if absent; no blanket assertion that already certified pipeline delivery lacks it: Exact native retained source bodies/IDs and immutable proofs; full executable configuration; explicit aware temporal/session authority; exact predecessor, target/model/generation/rule/manifest and native readiness where applicable; same validating Session and current durable execution token/configuration/run binding"", ""WF_CERI_CHANGE"": ""Caller must deliver the following exact native authority if absent; no blanket assertion that already certified pipeline delivery lacks it: Exact scoped operational/source body and its retained SQL proof; same validating Session/owner for supporting helpers; aware operation time where business-time state changes; durable job configuration/run binding and current execution token when owned""}","request: Request, db: DbSession, payload: dict[str, Any] | None=None",Exact caller integration subject to source review; writer requirements retained verbatim in required_authority,SAFE_NATIVE_WRITER: rejects missing/altered authority before dedup or advancement and rolls back the semantic Session,Explicit semantic operation and exact writer delivery; unsupported mutation deterministically rejected before writes,"SUPPLY_CONTEXT_OR_WRAP; explicit legacy only where native policy permits, never certified evidence",PRE_IMPLEMENTATION_SCOPE_RECONCILIATION_ONLY
EF_78de7a499feb8c0b,SERVICE_PUBLIC,app/services/transition_preflight_plan_service.py:cancel_transition_preflight,PIPELINE,WF_TRANSITION_PREFLIGHT,BOOTSTRAP,"""Not dynamically audited for this initiator. Preserve native scope and supply the exact identity/time/evidence/readiness/configuration/execution dimensions required by each target writer; discovery does not establish which arguments are already sufficient.""","db: Session, plan_id: int",Exact caller integration subject to source review; writer requirements retained verbatim in required_authority,UNVERIFIED_PARTIAL_ADOPTION; do not assume safe target writers,Explicit semantic operation and exact writer delivery; unsupported mutation deterministically rejected before writes,"SUPPLY_CONTEXT_OR_WRAP; explicit legacy only where native policy permits, never certified evidence",PRE_IMPLEMENTATION_SCOPE_RECONCILIATION_ONLY
EF_791a604abef6589e,SERVICE_PUBLIC,app/services/market_regime_command_center.py:MarketRegimeCommandCenterService.build_snapshot,"CERI,COMBINED,CURRENT_PROJECTION,FUNDAMENTAL,IBMI,RANKING,REGIME,SECTOR,TECHNICAL","WF_CORE_CURRENT_PROJECTION,WF_CORE_RETAINED_EVIDENCE,WF_REGIME_SNAPSHOT","CANONICAL_CALCULATION,CURRENT_PROJECTION_ADVANCE","""Not dynamically audited for this initiator. Preserve native scope and supply the exact identity/time/evidence/readiness/configuration/execution dimensions required by each target writer; discovery does not establish which arguments are already sufficient.""","self, db: Session, run_id: int | None=None, today: date | None=None, config_path: Path | None=None, market_cutoff: MarketCalculationCutoff | None=None, effective_configuration=None, expected_calculation_identity=None",Exact caller integration subject to source review; writer requirements retained verbatim in required_authority,UNVERIFIED_PARTIAL_ADOPTION; do not assume safe target writers,Explicit semantic operation and exact writer delivery; unsupported mutation deterministically rejected before writes,"SUPPLY_CONTEXT_OR_WRAP; explicit legacy only where native policy permits, never certified evidence",PRE_IMPLEMENTATION_SCOPE_RECONCILIATION_ONLY
EF_7a4eefa3be56b725,SERVICE_PUBLIC,app/services/ceri/change_rebuild_service.py:CeriChangeRebuildService.rebuild,CERI_CHANGE,WF_CERI_CHANGE,CANONICAL_CALCULATION,"{""WF_CERI_CHANGE"": ""Caller must deliver the following exact native authority if absent; no blanket assertion that already certified pipeline delivery lacks it: Exact scoped operational/source body and its retained SQL proof; same validating Session/owner for supporting helpers; aware operation time where business-time state changes; durable job configuration/run binding and current execution token when owned""}","self, db: Session, request: CeriChangeRebuildRequest",Exact caller integration subject to source review; writer requirements retained verbatim in required_authority,SAFE_NATIVE_WRITER: rejects missing/altered authority before dedup or advancement and rolls back the semantic Session,Explicit semantic operation and exact writer delivery; unsupported mutation deterministically rejected before writes,"SUPPLY_CONTEXT_OR_WRAP; explicit legacy only where native policy permits, never certified evidence",PRE_IMPLEMENTATION_SCOPE_RECONCILIATION_ONLY
EF_7ba89fcb943e74fa,HTTP,app/routers/run_routes.py:fetch_run_ib_bars_action,"CONFIGURATION,IBMI_SOURCE,PRICE","WF_CONFIGURATION_DELIVERY,WF_IB_CONTRACT_IDENTITY,WF_PRICE_INGESTION,WF_PRICE_SERIES_VERSION,WF_WINNER_MARKET_DATA_OBLIGATION","BOOTSTRAP,CANONICAL_CALCULATION,MAINTENANCE","{""WF_WINNER_MARKET_DATA_OBLIGATION"": ""Caller must deliver the following exact native authority if absent; no blanket assertion that already certified pipeline delivery lacks it: Exact scoped operational/source body and its retained SQL proof; same validating Session/owner for supporting helpers; aware operation time where business-time state changes; durable job configuration/run binding and current execution token when owned""}","run_id: int, db: DbSession, ticker_subset: TickerSubsetForm='', include_benchmarks: IncludeBenchmarksForm=False, what_to_show: WhatToShowForm=None, force_refresh: ForceRefreshForm=False, force_full_backfill: ForceFullBackfillForm=False",Exact caller integration subject to source review; writer requirements retained verbatim in required_authority,SAFE_NATIVE_WRITER: rejects missing/altered authority before dedup or advancement and rolls back the semantic Session,Explicit semantic operation and exact writer delivery; unsupported mutation deterministically rejected before writes,"SUPPLY_CONTEXT_OR_WRAP; explicit legacy only where native policy permits, never certified evidence",PRE_IMPLEMENTATION_SCOPE_RECONCILIATION_ONLY
EF_7d354959e8046b90,HTTP,app/routers/ib_market_intelligence_routes.py:queue_rebuild,"CERI,COMBINED,CONFIGURATION,CURRENT_PROJECTION,FUNDAMENTAL,IBMI,RANKING,REGIME,SECTOR,TECHNICAL","WF_CONFIGURATION_DELIVERY,WF_CORE_CURRENT_PROJECTION,WF_CORE_RETAINED_EVIDENCE,WF_IBMI_NATIVE_FEATURE","BOOTSTRAP,CANONICAL_CALCULATION,CURRENT_PROJECTION_ADVANCE","""Not dynamically audited for this initiator. Preserve native scope and supply the exact identity/time/evidence/readiness/configuration/execution dimensions required by each target writer; discovery does not establish which arguments are already sufficient.""","request: Request, payload: TickerJobRequest, db: DbSession",Exact caller integration subject to source review; writer requirements retained verbatim in required_authority,UNVERIFIED_PARTIAL_ADOPTION; do not assume safe target writers,Explicit semantic operation and exact writer delivery; unsupported mutation deterministically rejected before writes,"SUPPLY_CONTEXT_OR_WRAP; explicit legacy only where native policy permits, never certified evidence",PRE_IMPLEMENTATION_SCOPE_RECONCILIATION_ONLY
EF_7fb42632402aecde,HTTP,app/routers/setup_lifecycle_routes.py:queue_setup_lifecycle_evaluation,"ALERT_DECISION,CONFIGURATION,LIFECYCLE_EVALUATION,LIFECYCLE_TRANSITION,SETUP","WF_CONFIGURATION_DELIVERY,WF_SETUP_TYPED_REPOSITORY","BOOTSTRAP,CANONICAL_CALCULATION,MAINTENANCE","{""WF_SETUP_TYPED_REPOSITORY"": ""Caller must deliver the following exact native authority if absent; no blanket assertion that already certified pipeline delivery lacks it: Exact native retained source bodies/IDs and immutable proofs; full executable configuration; explicit aware temporal/session authority; exact predecessor, target/model/generation/rule/manifest and native readiness where applicable; same validating Session and current durable execution token/configuration/run binding""}","db: DbSession, scope: str, requester: str, reason: str, run_id: int | None=None, ticker: str | None=None, date_from: date | None=None, date_to: date | None=None, as_of_date: date | None=None",Exact caller integration subject to source review; writer requirements retained verbatim in required_authority,SAFE_NATIVE_WRITER: rejects missing/altered authority before dedup or advancement and rolls back the semantic Session,Explicit semantic operation and exact writer delivery; unsupported mutation deterministically rejected before writes,"SUPPLY_CONTEXT_OR_WRAP; explicit legacy only where native policy permits, never certified evidence",PRE_IMPLEMENTATION_SCOPE_RECONCILIATION_ONLY
EF_82e637435e97fe46,DURABLE_JOB,app/services/ceri/job_handlers.py:execute_purge_licensed_data_job,"CERI,CERI_ALERT,CERI_CHANGE,CERI_SOURCE,COMBINED,CONFIGURATION,CURRENT_PROJECTION,FUNDAMENTAL,IBMI,RANKING,REGIME,SECTOR,TECHNICAL","WF_CERI_ALERT_CREATION,WF_CERI_CHANGE,WF_CERI_CONSENSUS_ATTACH,WF_CERI_FEATURE_BUILD,WF_CERI_LICENSED_PURGE,WF_CERI_PRICE_RESPONSE,WF_CERI_REVISION_FEATURE,WF_CERI_SCORE,WF_CONFIGURATION_DELIVERY,WF_CORE_CURRENT_PROJECTION,WF_CORE_RETAINED_EVIDENCE","BOOTSTRAP,CANONICAL_CALCULATION,CURRENT_PROJECTION_ADVANCE,MAINTENANCE","{""WF_CERI_ALERT_CREATION"": ""Caller must deliver the following exact native authority if absent; no blanket assertion that already certified pipeline delivery lacks it: Exact native retained source bodies/IDs and immutable proofs; full executable configuration; explicit aware temporal/session authority; exact predecessor, target/model/generation/rule/manifest and native readiness where applicable; same validating Session and current durable execution token/configuration/run binding"", ""WF_CERI_CHANGE"": ""Caller must deliver the following exact native authority if absent; no blanket assertion that already certified pipeline delivery lacks it: Exact scoped operational/source body and its retained SQL proof; same validating Session/owner for supporting helpers; aware operation time where business-time state changes; durable job configuration/run binding and current execution token when owned""}","db: Session, job: BackgroundJob",Exact caller integration subject to source review; writer requirements retained verbatim in required_authority,SAFE_NATIVE_WRITER: rejects missing/altered authority before dedup or advancement and rolls back the semantic Session,Explicit semantic operation and exact writer delivery; unsupported mutation deterministically rejected before writes,"SUPPLY_CONTEXT_OR_WRAP; explicit legacy only where native policy permits, never certified evidence",PRE_IMPLEMENTATION_SCOPE_RECONCILIATION_ONLY
EF_8322d930fc0acb54,SERVICE_PUBLIC,app/services/sector_rotation_service.py:SectorRotationService.build_sector_rotation_snapshot,"CERI,COMBINED,CURRENT_PROJECTION,FUNDAMENTAL,IBMI,RANKING,REGIME,SECTOR,TECHNICAL","WF_CORE_CURRENT_PROJECTION,WF_CORE_RETAINED_EVIDENCE,WF_SECTOR_SNAPSHOT","CANONICAL_CALCULATION,CURRENT_PROJECTION_ADVANCE","""Not dynamically audited for this initiator. Preserve native scope and supply the exact identity/time/evidence/readiness/configuration/execution dimensions required by each target writer; discovery does not establish which arguments are already sufficient.""","self, db: Session, run_id: int | None, as_of_date: date | None=None, persist: bool=True, config: dict[str, Any] | None=None, market_cutoff: MarketCalculationCutoff | None=None, effective_configuration=None, expected_calculation_identity=None",Exact caller integration subject to source review; writer requirements retained verbatim in required_authority,UNVERIFIED_PARTIAL_ADOPTION; do not assume safe target writers,Explicit semantic operation and exact writer delivery; unsupported mutation deterministically rejected before writes,"SUPPLY_CONTEXT_OR_WRAP; explicit legacy only where native policy permits, never certified evidence",PRE_IMPLEMENTATION_SCOPE_RECONCILIATION_ONLY
EF_832da348c142644a,SERVICE_PUBLIC,app/services/ceri/orchestration.py:CeriIngestionService.ingest,CERI_SOURCE,"WF_CERI_RAW_SOURCE,WF_SEC_DOCUMENT_SOURCE,WF_SEC_INCREMENTAL_IDENTITY","CANONICAL_CALCULATION,MAINTENANCE","""Not dynamically audited for this initiator. Preserve native scope and supply the exact identity/time/evidence/readiness/configuration/execution dimensions required by each target writer; discovery does not establish which arguments are already sufficient.""","self, db: Session, request: CeriIngestionRequest, *, should_cancel=None",Exact caller integration subject to source review; writer requirements retained verbatim in required_authority,UNVERIFIED_PARTIAL_ADOPTION; do not assume safe target writers,Explicit semantic operation and exact writer delivery; unsupported mutation deterministically rejected before writes,"SUPPLY_CONTEXT_OR_WRAP; explicit legacy only where native policy permits, never certified evidence",PRE_IMPLEMENTATION_SCOPE_RECONCILIATION_ONLY
EF_84afac2f08856690,SERVICE_PUBLIC,app/services/transition_preflight_plan_service.py:expire_abandoned_preflights,PIPELINE,WF_TRANSITION_PREFLIGHT,BOOTSTRAP,"""Not dynamically audited for this initiator. Preserve native scope and supply the exact identity/time/evidence/readiness/configuration/execution dimensions required by each target writer; discovery does not establish which arguments are already sufficient.""","db: Session, *, now: datetime | None=None",Exact caller integration subject to source review; writer requirements retained verbatim in required_authority,UNVERIFIED_PARTIAL_ADOPTION; do not assume safe target writers,Explicit semantic operation and exact writer delivery; unsupported mutation deterministically rejected before writes,"SUPPLY_CONTEXT_OR_WRAP; explicit legacy only where native policy permits, never certified evidence",PRE_IMPLEMENTATION_SCOPE_RECONCILIATION_ONLY
EF_84b99433eae3bc2d,HTTP,app/routers/ib_market_intelligence_routes.py:exclude_fill,TRADE_JOURNAL,WF_IB_FILL_EXCLUSION,MAINTENANCE,"""Not dynamically audited for this initiator. Preserve native scope and supply the exact identity/time/evidence/readiness/configuration/execution dimensions required by each target writer; discovery does not establish which arguments are already sufficient.""","fill_id: int, request: Request, payload: ExcludeFillRequest, db: DbSession",Exact caller integration subject to source review; writer requirements retained verbatim in required_authority,UNVERIFIED_PARTIAL_ADOPTION; do not assume safe target writers,Explicit semantic operation and exact writer delivery; unsupported mutation deterministically rejected before writes,"SUPPLY_CONTEXT_OR_WRAP; explicit legacy only where native policy permits, never certified evidence",PRE_IMPLEMENTATION_SCOPE_RECONCILIATION_ONLY
EF_85f4b661ddf7bbe3,SERVICE_PUBLIC,app/services/market_calculation_context_service.py:market_context_for_pipeline,PIPELINE,WF_MARKET_CONTEXT_AUTHORITY,BOOTSTRAP,"""Not dynamically audited for this initiator. Preserve native scope and supply the exact identity/time/evidence/readiness/configuration/execution dimensions required by each target writer; discovery does not establish which arguments are already sufficient.""","db: Session, pipeline: PipelineRun",Exact caller integration subject to source review; writer requirements retained verbatim in required_authority,UNVERIFIED_PARTIAL_ADOPTION; do not assume safe target writers,Explicit semantic operation and exact writer delivery; unsupported mutation deterministically rejected before writes,"SUPPLY_CONTEXT_OR_WRAP; explicit legacy only where native policy permits, never certified evidence",PRE_IMPLEMENTATION_SCOPE_RECONCILIATION_ONLY
EF_883a8783001bcffe,CLI,scripts/winner_market_data_recovery.py:main,"PRICE,WINNER_PREDICTION","WF_WINNER_MARKET_DATA_OBLIGATION,WF_WINNER_TEMPORAL_VALIDITY","CURRENT_STATE_REPAIR,MAINTENANCE","{""WF_WINNER_MARKET_DATA_OBLIGATION"": ""Caller must deliver the following exact native authority if absent; no blanket assertion that already certified pipeline delivery lacks it: Exact scoped operational/source body and its retained SQL proof; same validating Session/owner for supporting helpers; aware operation time where business-time state changes; durable job configuration/run binding and current execution token when owned""}",,Exact caller integration subject to source review; writer requirements retained verbatim in required_authority,SAFE_NATIVE_WRITER: rejects missing/altered authority before dedup or advancement and rolls back the semantic Session,Explicit semantic operation and exact writer delivery; unsupported mutation deterministically rejected before writes,"SUPPLY_CONTEXT_OR_WRAP; explicit legacy only where native policy permits, never certified evidence",PRE_IMPLEMENTATION_SCOPE_RECONCILIATION_ONLY
EF_89da1789ee7554d2,HTTP,app/routers/sector_rotation_routes.py:sector_rotation_drilldown,"CERI,COMBINED,CURRENT_PROJECTION,FUNDAMENTAL,IBMI,RANKING,REGIME,SECTOR,TECHNICAL","WF_CORE_CURRENT_PROJECTION,WF_CORE_RETAINED_EVIDENCE,WF_SECTOR_SNAPSHOT","CANONICAL_CALCULATION,CURRENT_PROJECTION_ADVANCE","""Not dynamically audited for this initiator. Preserve native scope and supply the exact identity/time/evidence/readiness/configuration/execution dimensions required by each target writer; discovery does not establish which arguments are already sufficient.""","request: Request, run_id: int, sector_slug: str, db: DbSession",Exact caller integration subject to source review; writer requirements retained verbatim in required_authority,UNVERIFIED_PARTIAL_ADOPTION; do not assume safe target writers,Explicit semantic operation and exact writer delivery; unsupported mutation deterministically rejected before writes,"SUPPLY_CONTEXT_OR_WRAP; explicit legacy only where native policy permits, never certified evidence",PRE_IMPLEMENTATION_SCOPE_RECONCILIATION_ONLY
EF_8a3329a4bd4cdc2a,HTTP,app/routers/run_routes.py:resume_run_ib_fetch_action,"CONFIGURATION,IBMI_SOURCE,PRICE","WF_CONFIGURATION_DELIVERY,WF_IB_CONTRACT_IDENTITY,WF_PRICE_INGESTION,WF_PRICE_SERIES_VERSION,WF_WINNER_MARKET_DATA_OBLIGATION","BOOTSTRAP,CANONICAL_CALCULATION,MAINTENANCE","{""WF_WINNER_MARKET_DATA_OBLIGATION"": ""Caller must deliver the following exact native authority if absent; no blanket assertion that already certified pipeline delivery lacks it: Exact scoped operational/source body and its retained SQL proof; same validating Session/owner for supporting helpers; aware operation time where business-time state changes; durable job configuration/run binding and current execution token when owned""}","run_id: int, fetch_run_id: int, db: DbSession",Exact caller integration subject to source review; writer requirements retained verbatim in required_authority,SAFE_NATIVE_WRITER: rejects missing/altered authority before dedup or advancement and rolls back the semantic Session,Explicit semantic operation and exact writer delivery; unsupported mutation deterministically rejected before writes,"SUPPLY_CONTEXT_OR_WRAP; explicit legacy only where native policy permits, never certified evidence",PRE_IMPLEMENTATION_SCOPE_RECONCILIATION_ONLY
EF_8ad883f17f5b8452,SCHEDULER,app/services/winner_probability/scheduler.py:schedule_primary_h5_maturation,"CONFIGURATION,CURRENT_PROJECTION,WINNER_COHORT,WINNER_GENERATION,WINNER_OUTCOME,WINNER_PREDICTION","WF_CONFIGURATION_DELIVERY,WF_WINNER_COHORT_DEFINITION,WF_WINNER_COHORT_MATERIALIZATION,WF_WINNER_EVIDENCE_MANIFEST,WF_WINNER_FORWARD_MATURATION,WF_WINNER_GENERATION,WF_WINNER_OUTCOME_REVISION,WF_WINNER_WATERMARK","BOOTSTRAP,CANONICAL_CALCULATION,CURRENT_PROJECTION_ADVANCE,OUTCOME_MATURATION","{""WF_WINNER_COHORT_DEFINITION"": ""Caller must deliver the following exact native authority if absent; no blanket assertion that already certified pipeline delivery lacks it: Exact scoped operational/source body and its retained SQL proof; same validating Session/owner for supporting helpers; aware operation time where business-time state changes; durable job configuration/run binding and current execution token when owned"", ""WF_WINNER_COHORT_MATERIALIZATION"": ""Caller must deliver the following exact native authority if absent; no blanket assertion that already certified pipeline delivery lacks it: Exact native retained source bodies/IDs and immutable proofs; full executable configuration; explicit aware temporal/session authority; exact predecessor, target/model/generation/rule/manifest and native readiness where applicable; same validating Session and current durable execution token/configuration/run binding"", ""WF_WINNER_EVIDENCE_MANIFEST"": ""Caller must deliver the following exact native authority if absent; no blanket assertion that already certified pipeline delivery lacks it: Exact scoped operational/source body and its retained SQL proof; same validating Session/owner for supporting helpers; aware operation time where business-time state changes; durable job configuration/run binding and current execution token when owned"", ""WF_WINNER_FORWARD_MATURATION"": ""Caller must deliver the following exact native authority if absent; no blanket assertion that already certified pipeline delivery lacks it: Exact native retained source bodies/IDs and immutable proofs; full executable configuration; explicit aware temporal/session authority; exact predecessor, target/model/generation/rule/manifest and native readiness where applicable; same validating Session and current durable execution token/configuration/run binding"", ""WF_WINNER_GENERATION"": ""Caller must deliver the following exact native authority if absent; no blanket assertion that already certified pipeline delivery lacks it: Exact native retained source bodies/IDs and immutable proofs; full executable configuration; explicit aware temporal/session authority; exact predecessor, target/model/generation/rule/manifest and native readiness where applicable; same validating Session and current durable execution token/configuration/run binding"", ""WF_WINNER_OUTCOME_REVISION"": ""Caller must deliver the following exact native authority if absent; no blanket assertion that already certified pipeline delivery lacks it: Exact native retained source bodies/IDs and immutable proofs; full executable configuration; explicit aware temporal/session authority; exact predecessor, target/model/generation/rule/manifest and native readiness where applicable; same validating Session and current durable execution token/configuration/run binding"", ""WF_WINNER_WATERMARK"": ""Caller must deliver the following exact native authority if absent; no blanket assertion that already certified pipeline delivery lacks it: Exact scoped operational/source body and its retained SQL proof; same validating Session/owner for supporting helpers; aware operation time where business-time state changes; durable job configuration/run binding and current execution token when owned""}","db: Session, *, now: datetime | None=None, batch_size: int=500, max_batches: int=10",Exact caller integration subject to source review; writer requirements retained verbatim in required_authority,SAFE_NATIVE_WRITER: rejects missing/altered authority before dedup or advancement and rolls back the semantic Session,Explicit semantic operation and exact writer delivery; unsupported mutation deterministically rejected before writes,"SUPPLY_CONTEXT_OR_WRAP; explicit legacy only where native policy permits, never certified evidence",PRE_IMPLEMENTATION_SCOPE_RECONCILIATION_ONLY
EF_8bc9bd0a149c2ced,HTTP,app/routers/ib_routes.py:fetch_bars,"IBMI_SOURCE,PRICE","WF_IB_CONTRACT_IDENTITY,WF_PRICE_INGESTION,WF_PRICE_SERIES_VERSION,WF_WINNER_MARKET_DATA_OBLIGATION","CANONICAL_CALCULATION,MAINTENANCE","{""WF_WINNER_MARKET_DATA_OBLIGATION"": ""Caller must deliver the following exact native authority if absent; no blanket assertion that already certified pipeline delivery lacks it: Exact scoped operational/source body and its retained SQL proof; same validating Session/owner for supporting helpers; aware operation time where business-time state changes; durable job configuration/run binding and current execution token when owned""}","db: DbSession, tickers: Annotated[str, Query(description='Comma-separated ticker list')], include_benchmarks: bool=True, force_refresh: bool=False, force_full_backfill: bool=False, what_to_show: Annotated[list[str] | None, Query()]=None",Exact caller integration subject to source review; writer requirements retained verbatim in required_authority,SAFE_NATIVE_WRITER: rejects missing/altered authority before dedup or advancement and rolls back the semantic Session,Explicit semantic operation and exact writer delivery; unsupported mutation deterministically rejected before writes,"SUPPLY_CONTEXT_OR_WRAP; explicit legacy only where native policy permits, never certified evidence",PRE_IMPLEMENTATION_SCOPE_RECONCILIATION_ONLY
EF_8c34bf021c5cd042,DURABLE_JOB,app/services/ceri/job_handlers.py:execute_rebuild_features_job,"CERI,CERI_ALERT,CERI_CHANGE,CERI_SOURCE,COMBINED,CONFIGURATION,CURRENT_PROJECTION,FUNDAMENTAL,IBMI,RANKING,REGIME,SECTOR,TECHNICAL","WF_CERI_ALERT_CREATION,WF_CERI_CHANGE,WF_CERI_CONSENSUS_ATTACH,WF_CERI_FEATURE_BUILD,WF_CERI_PRICE_RESPONSE,WF_CERI_REVISION_FEATURE,WF_CERI_SCORE,WF_CONFIGURATION_DELIVERY,WF_CORE_CURRENT_PROJECTION,WF_CORE_RETAINED_EVIDENCE","BOOTSTRAP,CANONICAL_CALCULATION,CURRENT_PROJECTION_ADVANCE,MAINTENANCE","{""WF_CERI_ALERT_CREATION"": ""Caller must deliver the following exact native authority if absent; no blanket assertion that already certified pipeline delivery lacks it: Exact native retained source bodies/IDs and immutable proofs; full executable configuration; explicit aware temporal/session authority; exact predecessor, target/model/generation/rule/manifest and native readiness where applicable; same validating Session and current durable execution token/configuration/run binding"", ""WF_CERI_CHANGE"": ""Caller must deliver the following exact native authority if absent; no blanket assertion that already certified pipeline delivery lacks it: Exact scoped operational/source body and its retained SQL proof; same validating Session/owner for supporting helpers; aware operation time where business-time state changes; durable job configuration/run binding and current execution token when owned""}","db: Session, job: BackgroundJob, *, feature_service: CeriFeatureRebuildService | None=None",Exact caller integration subject to source review; writer requirements retained verbatim in required_authority,SAFE_NATIVE_WRITER: rejects missing/altered authority before dedup or advancement and rolls back the semantic Session,Explicit semantic operation and exact writer delivery; unsupported mutation deterministically rejected before writes,"SUPPLY_CONTEXT_OR_WRAP; explicit legacy only where native policy permits, never certified evidence",PRE_IMPLEMENTATION_SCOPE_RECONCILIATION_ONLY
EF_8dac9448947605ba,SERVICE_PUBLIC,app/services/transition_preflight_plan_service.py:consume_transition_preflight,PIPELINE,WF_MARKET_CONTEXT_AUTHORITY,BOOTSTRAP,"""Not dynamically audited for this initiator. Preserve native scope and supply the exact identity/time/evidence/readiness/configuration/execution dimensions required by each target writer; discovery does not establish which arguments are already sufficient.""","db: Session, *, verified: VerifiedTransitionPreflight, pipeline: PipelineRun",Exact caller integration subject to source review; writer requirements retained verbatim in required_authority,UNVERIFIED_PARTIAL_ADOPTION; do not assume safe target writers,Explicit semantic operation and exact writer delivery; unsupported mutation deterministically rejected before writes,"SUPPLY_CONTEXT_OR_WRAP; explicit legacy only where native policy permits, never certified evidence",PRE_IMPLEMENTATION_SCOPE_RECONCILIATION_ONLY
EF_8e2313d593ef63fa,SERVICE_PUBLIC,app/services/market_data_prewarm_service.py:execute_market_data_prewarm,"IBMI_SOURCE,PRICE","WF_IB_CONTRACT_IDENTITY,WF_PRICE_INGESTION,WF_PRICE_SERIES_VERSION,WF_WINNER_MARKET_DATA_OBLIGATION","CANONICAL_CALCULATION,MAINTENANCE","{""WF_WINNER_MARKET_DATA_OBLIGATION"": ""Caller must deliver the following exact native authority if absent; no blanket assertion that already certified pipeline delivery lacks it: Exact scoped operational/source body and its retained SQL proof; same validating Session/owner for supporting helpers; aware operation time where business-time state changes; durable job configuration/run binding and current execution token when owned""}","db: Session, job: BackgroundJob, *, settings: Settings | None=None",Exact caller integration subject to source review; writer requirements retained verbatim in required_authority,SAFE_NATIVE_WRITER: rejects missing/altered authority before dedup or advancement and rolls back the semantic Session,Explicit semantic operation and exact writer delivery; unsupported mutation deterministically rejected before writes,"SUPPLY_CONTEXT_OR_WRAP; explicit legacy only where native policy permits, never certified evidence",PRE_IMPLEMENTATION_SCOPE_RECONCILIATION_ONLY
EF_8eedb2c400c92649,SERVICE_PUBLIC,app/services/ceri/capture_service.py:CeriRunCaptureService.capture_run,"CERI,CERI_ALERT,CERI_CHANGE,CERI_SOURCE,COMBINED,CURRENT_PROJECTION,FUNDAMENTAL,IBMI,RANKING,REGIME,SECTOR,TECHNICAL","WF_CERI_ALERT_CREATION,WF_CERI_CHANGE,WF_CERI_CONSENSUS_ATTACH,WF_CERI_PRICE_RESPONSE,WF_CERI_SCORE,WF_CORE_CURRENT_PROJECTION,WF_CORE_RETAINED_EVIDENCE","CANONICAL_CALCULATION,CURRENT_PROJECTION_ADVANCE,MAINTENANCE","{""WF_CERI_ALERT_CREATION"": ""Caller must deliver the following exact native authority if absent; no blanket assertion that already certified pipeline delivery lacks it: Exact native retained source bodies/IDs and immutable proofs; full executable configuration; explicit aware temporal/session authority; exact predecessor, target/model/generation/rule/manifest and native readiness where applicable; same validating Session and current durable execution token/configuration/run binding"", ""WF_CERI_CHANGE"": ""Caller must deliver the following exact native authority if absent; no blanket assertion that already certified pipeline delivery lacks it: Exact scoped operational/source body and its retained SQL proof; same validating Session/owner for supporting helpers; aware operation time where business-time state changes; durable job configuration/run binding and current execution token when owned""}","self, db: Session, run_id: int, *, tickers: set[str] | None=None, force: bool=False, cutoff_at: datetime | None=None, market_cutoff: MarketCalculationCutoff | None=None, effective_configuration=None, expected_calculation_identity=None",Exact caller integration subject to source review; writer requirements retained verbatim in required_authority,SAFE_NATIVE_WRITER: rejects missing/altered authority before dedup or advancement and rolls back the semantic Session,Explicit semantic operation and exact writer delivery; unsupported mutation deterministically rejected before writes,"SUPPLY_CONTEXT_OR_WRAP; explicit legacy only where native policy permits, never certified evidence",PRE_IMPLEMENTATION_SCOPE_RECONCILIATION_ONLY
EF_8f75a6b432147740,SERVICE_PUBLIC,app/services/market_data_prewarm_service.py:enqueue_market_data_prewarm,"CONFIGURATION,IBMI_SOURCE,PRICE","WF_CONFIGURATION_DELIVERY,WF_IB_CONTRACT_IDENTITY,WF_PRICE_INGESTION,WF_PRICE_SERIES_VERSION,WF_WINNER_MARKET_DATA_OBLIGATION","BOOTSTRAP,CANONICAL_CALCULATION,MAINTENANCE","{""WF_WINNER_MARKET_DATA_OBLIGATION"": ""Caller must deliver the following exact native authority if absent; no blanket assertion that already certified pipeline delivery lacks it: Exact scoped operational/source body and its retained SQL proof; same validating Session/owner for supporting helpers; aware operation time where business-time state changes; durable job configuration/run binding and current execution token when owned""}","db: Session, request: MarketDataPrewarmRequest, settings: Settings | None=None",Exact caller integration subject to source review; writer requirements retained verbatim in required_authority,SAFE_NATIVE_WRITER: rejects missing/altered authority before dedup or advancement and rolls back the semantic Session,Explicit semantic operation and exact writer delivery; unsupported mutation deterministically rejected before writes,"SUPPLY_CONTEXT_OR_WRAP; explicit legacy only where native policy permits, never certified evidence",PRE_IMPLEMENTATION_SCOPE_RECONCILIATION_ONLY
EF_91d23aeb828f0378,DURABLE_JOB,app/services/winner_probability/job_handlers.py:execute_latest_rescore_job,WINNER_ESTIMATE,WF_WINNER_LATEST_RESCORE,CURRENT_RULES_RETROSPECTIVE,"{""WF_WINNER_LATEST_RESCORE"": ""Caller must deliver the following exact native authority if absent; no blanket assertion that already certified pipeline delivery lacks it: Exact native retained source bodies/IDs and immutable proofs; full executable configuration; explicit aware temporal/session authority; exact predecessor, target/model/generation/rule/manifest and native readiness where applicable; same validating Session and current durable execution token/configuration/run binding""}","db: Session, job: BackgroundJob, *, probability_estimator: ProbabilityEstimator | None=None",Exact caller integration subject to source review; writer requirements retained verbatim in required_authority,SAFE_NATIVE_WRITER: rejects missing/altered authority before dedup or advancement and rolls back the semantic Session,Explicit semantic operation and exact writer delivery; unsupported mutation deterministically rejected before writes,"SUPPLY_CONTEXT_OR_WRAP; explicit legacy only where native policy permits, never certified evidence",PRE_IMPLEMENTATION_SCOPE_RECONCILIATION_ONLY
EF_9271dda80cbc7784,CLI,scripts/validate_ib_market_intelligence.py:main,IBMI_SOURCE,WF_IB_CONTRACT_IDENTITY,MAINTENANCE,"""Not dynamically audited for this initiator. Preserve native scope and supply the exact identity/time/evidence/readiness/configuration/execution dimensions required by each target writer; discovery does not establish which arguments are already sufficient.""",,Exact caller integration subject to source review; writer requirements retained verbatim in required_authority,UNVERIFIED_PARTIAL_ADOPTION; do not assume safe target writers,Explicit semantic operation and exact writer delivery; unsupported mutation deterministically rejected before writes,"SUPPLY_CONTEXT_OR_WRAP; explicit legacy only where native policy permits, never certified evidence",PRE_IMPLEMENTATION_SCOPE_RECONCILIATION_ONLY
EF_952eb770ffb142bc,SERVICE_PUBLIC,app/services/background_worker.py:run_worker_once,"CONFIGURATION,CURRENT_PROJECTION,PIPELINE,WINNER_COHORT,WINNER_GENERATION,WINNER_OUTCOME,WINNER_PREDICTION","WF_CONFIGURATION_DELIVERY,WF_PIPELINE_CONTROL,WF_SEC_PIPELINE_READINESS_REPAIR,WF_WINNER_COHORT_DEFINITION,WF_WINNER_COHORT_MATERIALIZATION,WF_WINNER_EVIDENCE_MANIFEST,WF_WINNER_FORWARD_MATURATION,WF_WINNER_GENERATION,WF_WINNER_OUTCOME_REVISION,WF_WINNER_WATERMARK","BOOTSTRAP,CANONICAL_CALCULATION,CURRENT_PROJECTION_ADVANCE,CURRENT_STATE_REPAIR,OUTCOME_MATURATION","{""WF_WINNER_COHORT_DEFINITION"": ""Caller must deliver the following exact native authority if absent; no blanket assertion that already certified pipeline delivery lacks it: Exact scoped operational/source body and its retained SQL proof; same validating Session/owner for supporting helpers; aware operation time where business-time state changes; durable job configuration/run binding and current execution token when owned"", ""WF_WINNER_COHORT_MATERIALIZATION"": ""Caller must deliver the following exact native authority if absent; no blanket assertion that already certified pipeline delivery lacks it: Exact native retained source bodies/IDs and immutable proofs; full executable configuration; explicit aware temporal/session authority; exact predecessor, target/model/generation/rule/manifest and native readiness where applicable; same validating Session and current durable execution token/configuration/run binding"", ""WF_WINNER_EVIDENCE_MANIFEST"": ""Caller must deliver the following exact native authority if absent; no blanket assertion that already certified pipeline delivery lacks it: Exact scoped operational/source body and its retained SQL proof; same validating Session/owner for supporting helpers; aware operation time where business-time state changes; durable job configuration/run binding and current execution token when owned"", ""WF_WINNER_FORWARD_MATURATION"": ""Caller must deliver the following exact native authority if absent; no blanket assertion that already certified pipeline delivery lacks it: Exact native retained source bodies/IDs and immutable proofs; full executable configuration; explicit aware temporal/session authority; exact predecessor, target/model/generation/rule/manifest and native readiness where applicable; same validating Session and current durable execution token/configuration/run binding"", ""WF_WINNER_GENERATION"": ""Caller must deliver the following exact native authority if absent; no blanket assertion that already certified pipeline delivery lacks it: Exact native retained source bodies/IDs and immutable proofs; full executable configuration; explicit aware temporal/session authority; exact predecessor, target/model/generation/rule/manifest and native readiness where applicable; same validating Session and current durable execution token/configuration/run binding"", ""WF_WINNER_OUTCOME_REVISION"": ""Caller must deliver the following exact native authority if absent; no blanket assertion that already certified pipeline delivery lacks it: Exact native retained source bodies/IDs and immutable proofs; full executable configuration; explicit aware temporal/session authority; exact predecessor, target/model/generation/rule/manifest and native readiness where applicable; same validating Session and current durable execution token/configuration/run binding"", ""WF_WINNER_WATERMARK"": ""Caller must deliver the following exact native authority if absent; no blanket assertion that already certified pipeline delivery lacks it: Exact scoped operational/source body and its retained SQL proof; same validating Session/owner for supporting helpers; aware operation time where business-time state changes; durable job configuration/run binding and current execution token when owned""}","*, worker_id: str, worker_instance_id: str | None=None, queues: Iterable[str] | None=None, stale_after_seconds: int, heartbeat_timeout_seconds: int=30, fairness_enabled: bool=False, max_consecutive_interactive: int=4, age_promotion_seconds: int=300, claim_state: WorkerClaimState | None=None, session_factory: sessionmaker[Session], handlers: Mapping[str, JobHandler] | None=None, schedule_winner_probability: bool=False, certification_mode: bool=False, certification_session_id: str | None=None, sec_capability_required: bool=False",Exact caller integration subject to source review; writer requirements retained verbatim in required_authority,SAFE_NATIVE_WRITER: rejects missing/altered authority before dedup or advancement and rolls back the semantic Session,Explicit semantic operation and exact writer delivery; unsupported mutation deterministically rejected before writes,"SUPPLY_CONTEXT_OR_WRAP; explicit legacy only where native policy permits, never certified evidence",PRE_IMPLEMENTATION_SCOPE_RECONCILIATION_ONLY
EF_9ae86c108357a235,SERVICE_PUBLIC,app/services/winner_probability/maturation_canary_service.py:execute_reviewed_maturation_canary,"WINNER_OUTCOME,WINNER_PREDICTION","WF_WINNER_FORWARD_MATURATION,WF_WINNER_MATURATION_CANARY,WF_WINNER_OUTCOME_REVISION","CURRENT_STATE_REPAIR,OUTCOME_MATURATION","{""WF_WINNER_FORWARD_MATURATION"": ""Caller must deliver the following exact native authority if absent; no blanket assertion that already certified pipeline delivery lacks it: Exact native retained source bodies/IDs and immutable proofs; full executable configuration; explicit aware temporal/session authority; exact predecessor, target/model/generation/rule/manifest and native readiness where applicable; same validating Session and current durable execution token/configuration/run binding"", ""WF_WINNER_OUTCOME_REVISION"": ""Caller must deliver the following exact native authority if absent; no blanket assertion that already certified pipeline delivery lacks it: Exact native retained source bodies/IDs and immutable proofs; full executable configuration; explicit aware temporal/session authority; exact predecessor, target/model/generation/rule/manifest and native readiness where applicable; same validating Session and current durable execution token/configuration/run binding""}","session_factory: Callable[[], Session], manifest: dict[str, Any], *, reviewed_manifest_hash: str, approve_write: bool, actor: str, request_key: str, now: datetime | None=None",Exact caller integration subject to source review; writer requirements retained verbatim in required_authority,SAFE_NATIVE_WRITER: rejects missing/altered authority before dedup or advancement and rolls back the semantic Session,Explicit semantic operation and exact writer delivery; unsupported mutation deterministically rejected before writes,"SUPPLY_CONTEXT_OR_WRAP; explicit legacy only where native policy permits, never certified evidence",PRE_IMPLEMENTATION_SCOPE_RECONCILIATION_ONLY
EF_9aef80213867f7fc,HTTP,app/routers/ib_market_intelligence_routes.py:queue_flex,"CONFIGURATION,TRADE_JOURNAL","WF_CONFIGURATION_DELIVERY,WF_IB_FLEX_IMPORT,WF_IB_TRADE_EPISODES,WF_IB_TRADE_RESEARCH_LINK","BOOTSTRAP,CANONICAL_CALCULATION,CURRENT_STATE_REPAIR,MAINTENANCE","""Not dynamically audited for this initiator. Preserve native scope and supply the exact identity/time/evidence/readiness/configuration/execution dimensions required by each target writer; discovery does not establish which arguments are already sufficient.""","request: Request, payload: FlexJobRequest, db: DbSession",Exact caller integration subject to source review; writer requirements retained verbatim in required_authority,UNVERIFIED_PARTIAL_ADOPTION; do not assume safe target writers,Explicit semantic operation and exact writer delivery; unsupported mutation deterministically rejected before writes,"SUPPLY_CONTEXT_OR_WRAP; explicit legacy only where native policy permits, never certified evidence",PRE_IMPLEMENTATION_SCOPE_RECONCILIATION_ONLY
EF_9ec7335da7c27e86,DURABLE_JOB,app/services/ceri/job_handlers.py:execute_normalize_job,"CERI,CERI_ALERT,CERI_CHANGE,CERI_SOURCE,COMBINED,CONFIGURATION,CURRENT_PROJECTION,FUNDAMENTAL,IBMI,RANKING,REGIME,SECTOR,TECHNICAL","WF_CERI_ALERT_CREATION,WF_CERI_CHANGE,WF_CERI_CONSENSUS_ATTACH,WF_CERI_FEATURE_BUILD,WF_CERI_GUIDANCE_ELIGIBILITY,WF_CERI_PRICE_RESPONSE,WF_CERI_REVISION_FEATURE,WF_CERI_SCORE,WF_CERI_SOURCE_IDENTITY,WF_CERI_SOURCE_NORMALIZATION,WF_CONFIGURATION_DELIVERY,WF_CORE_CURRENT_PROJECTION,WF_CORE_RETAINED_EVIDENCE","BOOTSTRAP,CANONICAL_CALCULATION,CURRENT_PROJECTION_ADVANCE,MAINTENANCE","{""WF_CERI_ALERT_CREATION"": ""Caller must deliver the following exact native authority if absent; no blanket assertion that already certified pipeline delivery lacks it: Exact native retained source bodies/IDs and immutable proofs; full executable configuration; explicit aware temporal/session authority; exact predecessor, target/model/generation/rule/manifest and native readiness where applicable; same validating Session and current durable execution token/configuration/run binding"", ""WF_CERI_CHANGE"": ""Caller must deliver the following exact native authority if absent; no blanket assertion that already certified pipeline delivery lacks it: Exact scoped operational/source body and its retained SQL proof; same validating Session/owner for supporting helpers; aware operation time where business-time state changes; durable job configuration/run binding and current execution token when owned""}","db: Session, job: BackgroundJob, *, normalization_service: CeriNormalizationService | None=None",Exact caller integration subject to source review; writer requirements retained verbatim in required_authority,SAFE_NATIVE_WRITER: rejects missing/altered authority before dedup or advancement and rolls back the semantic Session,Explicit semantic operation and exact writer delivery; unsupported mutation deterministically rejected before writes,"SUPPLY_CONTEXT_OR_WRAP; explicit legacy only where native policy permits, never certified evidence",PRE_IMPLEMENTATION_SCOPE_RECONCILIATION_ONLY
EF_9ecbca3f3412c850,SERVICE_PUBLIC,app/services/ceri/change_detection_service.py:CeriChangeDetectionService.detect_score_changes,CERI_CHANGE,WF_CERI_CHANGE,CANONICAL_CALCULATION,"{""WF_CERI_CHANGE"": ""Caller must deliver the following exact native authority if absent; no blanket assertion that already certified pipeline delivery lacks it: Exact scoped operational/source body and its retained SQL proof; same validating Session/owner for supporting helpers; aware operation time where business-time state changes; durable job configuration/run binding and current execution token when owned""}","self, db: Session, *, current: CeriScoreSnapshot, prior: CeriScoreSnapshot | None, scope: str='run_capture', comparison_state: ComparisonState | str | None=None",Exact caller integration subject to source review; writer requirements retained verbatim in required_authority,SAFE_NATIVE_WRITER: rejects missing/altered authority before dedup or advancement and rolls back the semantic Session,Explicit semantic operation and exact writer delivery; unsupported mutation deterministically rejected before writes,"SUPPLY_CONTEXT_OR_WRAP; explicit legacy only where native policy permits, never certified evidence",PRE_IMPLEMENTATION_SCOPE_RECONCILIATION_ONLY
EF_9fb0b29fc945c34f,CLI,scripts/certify_sec_incremental_ingestion.py:main,CERI_SOURCE,"WF_CERI_RAW_SOURCE,WF_SEC_DOCUMENT_SOURCE,WF_SEC_INCREMENTAL_IDENTITY","CANONICAL_CALCULATION,MAINTENANCE","""Not dynamically audited for this initiator. Preserve native scope and supply the exact identity/time/evidence/readiness/configuration/execution dimensions required by each target writer; discovery does not establish which arguments are already sufficient.""",,Exact caller integration subject to source review; writer requirements retained verbatim in required_authority,UNVERIFIED_PARTIAL_ADOPTION; do not assume safe target writers,Explicit semantic operation and exact writer delivery; unsupported mutation deterministically rejected before writes,"SUPPLY_CONTEXT_OR_WRAP; explicit legacy only where native policy permits, never certified evidence",PRE_IMPLEMENTATION_SCOPE_RECONCILIATION_ONLY
EF_9ffa04a332230973,SERVICE_PUBLIC,app/services/ceri/surprise_feature_service.py:CeriSurpriseFeatureService.summarize,CERI_SOURCE,WF_CERI_CONSENSUS_ATTACH,MAINTENANCE,"""Not dynamically audited for this initiator. Preserve native scope and supply the exact identity/time/evidence/readiness/configuration/execution dimensions required by each target writer; discovery does not establish which arguments are already sufficient.""","self, earnings: list[CeriEarningsActual], estimates: list[CeriEstimateSnapshot], *, price_response_quality: float | None=None",Exact caller integration subject to source review; writer requirements retained verbatim in required_authority,UNVERIFIED_PARTIAL_ADOPTION; do not assume safe target writers,Explicit semantic operation and exact writer delivery; unsupported mutation deterministically rejected before writes,"SUPPLY_CONTEXT_OR_WRAP; explicit legacy only where native policy permits, never certified evidence",PRE_IMPLEMENTATION_SCOPE_RECONCILIATION_ONLY
EF_PRIVILEGED_DATABASE_RESTORE,ADMIN_EXTERNAL,scripts/ops/restore_postgres.ps1:script,"ALERT_DECISION,CERI,CERI_ALERT,CERI_CHANGE,CERI_REVIEW,CERI_SOURCE,COMBINED,CONFIGURATION,CURRENT_PROJECTION,FUNDAMENTAL,IBMI,IBMI_SOURCE,LIFECYCLE_EVALUATION,LIFECYCLE_TRANSITION,PIPELINE,PRICE,RANKING,RAW,REGIME,SECTOR,SETUP,TECHNICAL,TRADE_JOURNAL,WINNER_COHORT,WINNER_DIAGNOSTICS,WINNER_ESTIMATE,WINNER_GENERATION,WINNER_MODEL,WINNER_OUTCOME,WINNER_PREDICTION,WINNER_PUBLICATION","WF_CERI_ALERT_CREATION,WF_CERI_ALERT_STATUS,WF_CERI_CHANGE,WF_CERI_COMPANY_BOOTSTRAP,WF_CERI_CONSENSUS_ATTACH,WF_CERI_CURRENT_RULE_REPLAY,WF_CERI_DISPOSITION,WF_CERI_FEATURE_BUILD,WF_CERI_GUIDANCE_ELIGIBILITY,WF_CERI_HUMAN_SOURCE_OVERRIDE,WF_CERI_LICENSED_PURGE,WF_CERI_PRICE_RESPONSE,WF_CERI_RAW_SOURCE,WF_CERI_REVIEW_METADATA,WF_CERI_REVISION_FEATURE,WF_CERI_SCORE,WF_CERI_SOURCE_IDENTITY,WF_CERI_SOURCE_NORMALIZATION,WF_COMBINED_REFRESH,WF_CONFIGURATION_DELIVERY,WF_CORE_CURRENT_PROJECTION,WF_CORE_RETAINED_EVIDENCE,WF_DECISION_HANDOFF_MANIFEST,WF_FUNDAMENTAL_RECALCULATION,WF_IBMI_HISTORICAL_SOURCE,WF_IBMI_LIVE_SOURCE,WF_IBMI_NATIVE_FEATURE,WF_IB_CONTRACT_IDENTITY,WF_IB_FILL_EXCLUSION,WF_IB_FLEX_IMPORT,WF_IB_HISTOGRAM_SCANNER,WF_IB_SCANNER_SOURCE,WF_IB_TRADE_EPISODES,WF_IB_TRADE_RESEARCH_LINK,WF_LIFECYCLE_EPISODE,WF_LIFECYCLE_EVALUATION_EVIDENCE,WF_LIFECYCLE_OBSERVATION_GAP,WF_LIFECYCLE_TRANSITION_EVIDENCE,WF_MARKET_CONTEXT_AUTHORITY,WF_PIPELINE_CONTROL,WF_PIPELINE_FENCE_INTERRUPTION,WF_PIPELINE_STAGE_STATE,WF_PRICE_INGESTION,WF_PRICE_SERIES_VERSION,WF_RANKING_LEGACY_REPLACEMENT,WF_RANKING_PERSISTENCE,WF_REGIME_DERIVED_DELETE,WF_REGIME_SNAPSHOT,WF_SECTOR_SNAPSHOT,WF_SEC_CIK_CLI,WF_SEC_DOCUMENT_SOURCE,WF_SEC_IDENTITY_REPAIR,WF_SEC_INCREMENTAL_IDENTITY,WF_SEC_PIPELINE_READINESS_REPAIR,WF_SETUP_ALERT_EVENT_STATE,WF_SETUP_ALERT_RULE_BOOTSTRAP,WF_SETUP_ALERT_RULE_EVIDENCE,WF_SETUP_ALERT_RULE_STATE,WF_SETUP_CHANGE_EVENT_STATE,WF_SETUP_CURRENT_SELECTION,WF_SETUP_DECISION_EVIDENCE,WF_SETUP_DERIVED_PURGE,WF_SETUP_EVALUATION_RUN_STATE,WF_SETUP_PERSISTENCE,WF_SETUP_TRANSITION_EVENT_STATE,WF_SETUP_TYPED_REPOSITORY,WF_TECHNICAL_FEATURE_CACHE,WF_TECHNICAL_FINALIZATION,WF_TRANSITION_PREFLIGHT,WF_UPLOAD_INITIALIZATION,WF_WINNER_CALIBRATION,WF_WINNER_CAPTURE_TRAINING_METADATA,WF_WINNER_COHORT_DEFINITION,WF_WINNER_COHORT_MATERIALIZATION,WF_WINNER_CURRENT_RULE_RECONSTRUCTION,WF_WINNER_DRIFT,WF_WINNER_EPISODE,WF_WINNER_ESTIMATOR,WF_WINNER_EVIDENCE_MANIFEST,WF_WINNER_FORWARD_MATURATION,WF_WINNER_GENERATION,WF_WINNER_INLINE_COHORT,WF_WINNER_LATEST_RESCORE,WF_WINNER_MARKET_DATA_OBLIGATION,WF_WINNER_MATURATION_CANARY,WF_WINNER_MODEL_GOVERNANCE,WF_WINNER_MODEL_TRAINING,WF_WINNER_OUTCOME_REVISION,WF_WINNER_PENDING_OUTCOME,WF_WINNER_PRE11_ACTIVATION,WF_WINNER_PRE11_TRAINING_REPLAY,WF_WINNER_PREDICTION_CAPTURE,WF_WINNER_PUBLICATION,WF_WINNER_SIMILARITY,WF_WINNER_SQL_CANDIDATE_ESTIMATE,WF_WINNER_TARGET_STOP_REPAIR,WF_WINNER_TEMPORAL_VALIDITY,WF_WINNER_TYPED_REPOSITORY,WF_WINNER_WATERMARK","BOOTSTRAP,CANONICAL_CALCULATION,CURRENT_PROJECTION_ADVANCE,CURRENT_RULES_RETROSPECTIVE,CURRENT_STATE_REPAIR,LEGACY_UNCERTIFIED,MAINTENANCE,OUTCOME_MATURATION,PUBLICATION","{""WF_CERI_ALERT_CREATION"": ""Caller must deliver the following exact native authority if absent; no blanket assertion that already certified pipeline delivery lacks it: Exact native retained source bodies/IDs and immutable proofs; full executable configuration; explicit aware temporal/session authority; exact predecessor, target/model/generation/rule/manifest and native readiness where applicable; same validating Session and current durable execution token/configuration/run binding"", ""WF_CERI_ALERT_STATUS"": ""Caller must deliver the following exact native authority if absent; no blanket assertion that already certified pipeline delivery lacks it: Exact scoped operational/source body and its retained SQL proof; same validating Session/owner for supporting helpers; aware operation time where business-time state changes; durable job configuration/run binding and current execution token when owned"", ""WF_CERI_CHANGE"": ""Caller must deliver the following exact native authority if absent; no blanket assertion that already certified pipeline delivery lacks it: Exact scoped operational/source body and its retained SQL proof; same validating Session/owner for supporting helpers; aware operation time where business-time state changes; durable job configuration/run binding and current execution token when owned"", ""WF_LIFECYCLE_EPISODE"": ""Caller must deliver the following exact native authority if absent; no blanket assertion that already certified pipeline delivery lacks it: Exact native retained source bodies/IDs and immutable proofs; full executable configuration; explicit aware temporal/session authority; exact predecessor, target/model/generation/rule/manifest and native readiness where applicable; same validating Session and current durable execution token/configuration/run binding"", ""WF_LIFECYCLE_EVALUATION_EVIDENCE"": ""Caller must deliver the following exact native authority if absent; no blanket assertion that already certified pipeline delivery lacks it: Exact native retained source bodies/IDs and immutable proofs; full executable configuration; explicit aware temporal/session authority; exact predecessor, target/model/generation/rule/manifest and native readiness where applicable; same validating Session and current durable execution token/configuration/run binding"", ""WF_LIFECYCLE_OBSERVATION_GAP"": ""Caller must deliver the following exact native authority if absent; no blanket assertion that already certified pipeline delivery lacks it: Exact native retained source bodies/IDs and immutable proofs; full executable configuration; explicit aware temporal/session authority; exact predecessor, target/model/generation/rule/manifest and native readiness where applicable; same validating Session and current durable execution token/configuration/run binding"", ""WF_LIFECYCLE_TRANSITION_EVIDENCE"": ""Caller must deliver the following exact native authority if absent; no blanket assertion that already certified pipeline delivery lacks it: Exact native retained source bodies/IDs and immutable proofs; full executable configuration; explicit aware temporal/session authority; exact predecessor, target/model/generation/rule/manifest and native readiness where applicable; same validating Session and current durable execution token/configuration/run binding"", ""WF_SETUP_ALERT_EVENT_STATE"": ""Caller must deliver the following exact native authority if absent; no blanket assertion that already certified pipeline delivery lacks it: Exact native retained source bodies/IDs and immutable proofs; full executable configuration; explicit aware temporal/session authority; exact predecessor, target/model/generation/rule/manifest and native readiness where applicable; same validating Session and current durable execution token/configuration/run binding"", ""WF_SETUP_ALERT_RULE_BOOTSTRAP"": ""Caller must deliver the following exact native authority if absent; no blanket assertion that already certified pipeline delivery lacks it: Exact scoped operational/source body and its retained SQL proof; same validating Session/owner for supporting helpers; aware operation time where business-time state changes; durable job configuration/run binding and current execution token when owned"", ""WF_SETUP_ALERT_RULE_EVIDENCE"": ""Caller must deliver the following exact native authority if absent; no blanket assertion that already certified pipeline delivery lacks it: Exact native retained source bodies/IDs and immutable proofs; full executable configuration; explicit aware temporal/session authority; exact predecessor, target/model/generation/rule/manifest and native readiness where applicable; same validating Session and current durable execution token/configuration/run binding"", ""WF_SETUP_ALERT_RULE_STATE"": ""Caller must deliver the following exact native authority if absent; no blanket assertion that already certified pipeline delivery lacks it: Exact scoped operational/source body and its retained SQL proof; same validating Session/owner for supporting helpers; aware operation time where business-time state changes; durable job configuration/run binding and current execution token when owned"", ""WF_SETUP_CHANGE_EVENT_STATE"": ""Caller must deliver the following exact native authority if absent; no blanket assertion that already certified pipeline delivery lacks it: Exact native retained source bodies/IDs and immutable proofs; full executable configuration; explicit aware temporal/session authority; exact predecessor, target/model/generation/rule/manifest and native readiness where applicable; same validating Session and current durable execution token/configuration/run binding"", ""WF_SETUP_CURRENT_SELECTION"": ""Caller must deliver the following exact native authority if absent; no blanket assertion that already certified pipeline delivery lacks it: Exact native retained source bodies/IDs and immutable proofs; full executable configuration; explicit aware temporal/session authority; exact predecessor, target/model/generation/rule/manifest and native readiness where applicable; same validating Session and current durable execution token/configuration/run binding"", ""WF_SETUP_DECISION_EVIDENCE"": ""Caller must deliver the following exact native authority if absent; no blanket assertion that already certified pipeline delivery lacks it: Exact native retained source bodies/IDs and immutable proofs; full executable configuration; explicit aware temporal/session authority; exact predecessor, target/model/generation/rule/manifest and native readiness where applicable; same validating Session and current durable execution token/configuration/run binding"", ""WF_SETUP_DERIVED_PURGE"": ""Caller must deliver the following exact native authority if absent; no blanket assertion that already certified pipeline delivery lacks it: Exact scoped operational/source body and its retained SQL proof; same validating Session/owner for supporting helpers; aware operation time where business-time state changes; durable job configuration/run binding and current execution token when owned"", ""WF_SETUP_EVALUATION_RUN_STATE"": ""Caller must deliver the following exact native authority if absent; no blanket assertion that already certified pipeline delivery lacks it: Exact scoped operational/source body and its retained SQL proof; same validating Session/owner for supporting helpers; aware operation time where business-time state changes; durable job configuration/run binding and current execution token when owned"", ""WF_SETUP_PERSISTENCE"": ""Caller must deliver the following exact native authority if absent; no blanket assertion that already certified pipeline delivery lacks it: Exact native retained source bodies/IDs and immutable proofs; full executable configuration; explicit aware temporal/session authority; exact predecessor, target/model/generation/rule/manifest and native readiness where applicable; same validating Session and current durable execution token/configuration/run binding"", ""WF_SETUP_TRANSITION_EVENT_STATE"": ""Caller must deliver the following exact native authority if absent; no blanket assertion that already certified pipeline delivery lacks it: Exact native retained source bodies/IDs and immutable proofs; full executable configuration; explicit aware temporal/session authority; exact predecessor, target/model/generation/rule/manifest and native readiness where applicable; same validating Session and current durable execution token/configuration/run binding"", ""WF_SETUP_TYPED_REPOSITORY"": ""Caller must deliver the following exact native authority if absent; no blanket assertion that already certified pipeline delivery lacks it: Exact native retained source bodies/IDs and immutable proofs; full executable configuration; explicit aware temporal/session authority; exact predecessor, target/model/generation/rule/manifest and native readiness where applicable; same validating Session and current durable execution token/configuration/run binding"", ""WF_WINNER_CALIBRATION"": ""Caller must deliver the following exact native authority if absent; no blanket assertion that already certified pipeline delivery lacks it: Exact native retained source bodies/IDs and immutable proofs; full executable configuration; explicit aware temporal/session authority; exact predecessor, target/model/generation/rule/manifest and native readiness where applicable; same validating Session and current durable execution token/configuration/run binding"", ""WF_WINNER_CAPTURE_TRAINING_METADATA"": ""Caller must deliver the following exact native authority if absent; no blanket assertion that already certified pipeline delivery lacks it: Exact scoped operational/source body and its retained SQL proof; same validating Session/owner for supporting helpers; aware operation time where business-time state changes; durable job configuration/run binding and current execution token when owned"", ""WF_WINNER_COHORT_DEFINITION"": ""Caller must deliver the following exact native authority if absent; no blanket assertion that already certified pipeline delivery lacks it: Exact scoped operational/source body and its retained SQL proof; same validating Session/owner for supporting helpers; aware operation time where business-time state changes; durable job configuration/run binding and current execution token when owned"", ""WF_WINNER_COHORT_MATERIALIZATION"": ""Caller must deliver the following exact native authority if absent; no blanket assertion that already certified pipeline delivery lacks it: Exact native retained source bodies/IDs and immutable proofs; full executable configuration; explicit aware temporal/session authority; exact predecessor, target/model/generation/rule/manifest and native readiness where applicable; same validating Session and current durable execution token/configuration/run binding"", ""WF_WINNER_DRIFT"": ""Caller must deliver the following exact native authority if absent; no blanket assertion that already certified pipeline delivery lacks it: Exact native retained source bodies/IDs and immutable proofs; full executable configuration; explicit aware temporal/session authority; exact predecessor, target/model/generation/rule/manifest and native readiness where applicable; same validating Session and current durable execution token/configuration/run binding"", ""WF_WINNER_EPISODE"": ""Caller must deliver the following exact native authority if absent; no blanket assertion that already certified pipeline delivery lacks it: Exact native retained source bodies/IDs and immutable proofs; full executable configuration; explicit aware temporal/session authority; exact predecessor, target/model/generation/rule/manifest and native readiness where applicable; same validating Session and current durable execution token/configuration/run binding"", ""WF_WINNER_ESTIMATOR"": ""Caller must deliver the following exact native authority if absent; no blanket assertion that already certified pipeline delivery lacks it: Exact native retained source bodies/IDs and immutable proofs; full executable configuration; explicit aware temporal/session authority; exact predecessor, target/model/generation/rule/manifest and native readiness where applicable; same validating Session and current durable execution token/configuration/run binding"", ""WF_WINNER_EVIDENCE_MANIFEST"": ""Caller must deliver the following exact native authority if absent; no blanket assertion that already certified pipeline delivery lacks it: Exact scoped operational/source body and its retained SQL proof; same validating Session/owner for supporting helpers; aware operation time where business-time state changes; durable job configuration/run binding and current execution token when owned"", ""WF_WINNER_FORWARD_MATURATION"": ""Caller must deliver the following exact native authority if absent; no blanket assertion that already certified pipeline delivery lacks it: Exact native retained source bodies/IDs and immutable proofs; full executable configuration; explicit aware temporal/session authority; exact predecessor, target/model/generation/rule/manifest and native readiness where applicable; same validating Session and current durable execution token/configuration/run binding"", ""WF_WINNER_GENERATION"": ""Caller must deliver the following exact native authority if absent; no blanket assertion that already certified pipeline delivery lacks it: Exact native retained source bodies/IDs and immutable proofs; full executable configuration; explicit aware temporal/session authority; exact predecessor, target/model/generation/rule/manifest and native readiness where applicable; same validating Session and current durable execution token/configuration/run binding"", ""WF_WINNER_INLINE_COHORT"": ""Caller must deliver the following exact native authority if absent; no blanket assertion that already certified pipeline delivery lacks it: Exact native retained source bodies/IDs and immutable proofs; full executable configuration; explicit aware temporal/session authority; exact predecessor, target/model/generation/rule/manifest and native readiness where applicable; same validating Session and current durable execution token/configuration/run binding"", ""WF_WINNER_LATEST_RESCORE"": ""Caller must deliver the following exact native authority if absent; no blanket assertion that already certified pipeline delivery lacks it: Exact native retained source bodies/IDs and immutable proofs; full executable configuration; explicit aware temporal/session authority; exact predecessor, target/model/generation/rule/manifest and native readiness where applicable; same validating Session and current durable execution token/configuration/run binding"", ""WF_WINNER_MARKET_DATA_OBLIGATION"": ""Caller must deliver the following exact native authority if absent; no blanket assertion that already certified pipeline delivery lacks it: Exact scoped operational/source body and its retained SQL proof; same validating Session/owner for supporting helpers; aware operation time where business-time state changes; durable job configuration/run binding and current execution token when owned"", ""WF_WINNER_MODEL_GOVERNANCE"": ""Caller must deliver the following exact native authority if absent; no blanket assertion that already certified pipeline delivery lacks it: Exact native retained source bodies/IDs and immutable proofs; full executable configuration; explicit aware temporal/session authority; exact predecessor, target/model/generation/rule/manifest and native readiness where applicable; same validating Session and current durable execution token/configuration/run binding"", ""WF_WINNER_MODEL_TRAINING"": ""Caller must deliver the following exact native authority if absent; no blanket assertion that already certified pipeline delivery lacks it: Exact native retained source bodies/IDs and immutable proofs; full executable configuration; explicit aware temporal/session authority; exact predecessor, target/model/generation/rule/manifest and native readiness where applicable; same validating Session and current durable execution token/configuration/run binding"", ""WF_WINNER_OUTCOME_REVISION"": ""Caller must deliver the following exact native authority if absent; no blanket assertion that already certified pipeline delivery lacks it: Exact native retained source bodies/IDs and immutable proofs; full executable configuration; explicit aware temporal/session authority; exact predecessor, target/model/generation/rule/manifest and native readiness where applicable; same validating Session and current durable execution token/configuration/run binding"", ""WF_WINNER_PENDING_OUTCOME"": ""Caller must deliver the following exact native authority if absent; no blanket assertion that already certified pipeline delivery lacks it: Exact native retained source bodies/IDs and immutable proofs; full executable configuration; explicit aware temporal/session authority; exact predecessor, target/model/generation/rule/manifest and native readiness where applicable; same validating Session and current durable execution token/configuration/run binding"", ""WF_WINNER_PREDICTION_CAPTURE"": ""Caller must deliver the following exact native authority if absent; no blanket assertion that already certified pipeline delivery lacks it: Exact native retained source bodies/IDs and immutable proofs; full executable configuration; explicit aware temporal/session authority; exact predecessor, target/model/generation/rule/manifest and native readiness where applicable; same validating Session and current durable execution token/configuration/run binding"", ""WF_WINNER_PUBLICATION"": ""Caller must deliver the following exact native authority if absent; no blanket assertion that already certified pipeline delivery lacks it: Exact native retained source bodies/IDs and immutable proofs; full executable configuration; explicit aware temporal/session authority; exact predecessor, target/model/generation/rule/manifest and native readiness where applicable; same validating Session and current durable execution token/configuration/run binding"", ""WF_WINNER_SIMILARITY"": ""Caller must deliver the following exact native authority if absent; no blanket assertion that already certified pipeline delivery lacks it: Exact scoped operational/source body and its retained SQL proof; same validating Session/owner for supporting helpers; aware operation time where business-time state changes; durable job configuration/run binding and current execution token when owned"", ""WF_WINNER_TYPED_REPOSITORY"": ""Caller must deliver the following exact native authority if absent; no blanket assertion that already certified pipeline delivery lacks it: Exact native retained source bodies/IDs and immutable proofs; full executable configuration; explicit aware temporal/session authority; exact predecessor, target/model/generation/rule/manifest and native readiness where applicable; same validating Session and current durable execution token/configuration/run binding"", ""WF_WINNER_WATERMARK"": ""Caller must deliver the following exact native authority if absent; no blanket assertion that already certified pipeline delivery lacks it: Exact scoped operational/source body and its retained SQL proof; same validating Session/owner for supporting helpers; aware operation time where business-time state changes; durable job configuration/run binding and current execution token when owned""}",BackupPath; explicit RestoreDatabaseUrl or RESTORE_DATABASE_URL; target database credentials; optional ExpectedEvidenceManifest.,Exact caller integration subject to source review; writer requirements retained verbatim in required_authority,SAFE_NATIVE_WRITER: rejects missing/altered authority before dedup or advancement and rolls back the semantic Session,Explicit semantic operation and exact writer delivery; unsupported mutation deterministically rejected before writes,"SUPPLY_CONTEXT_OR_WRAP; explicit legacy only where native policy permits, never certified evidence",PRE_IMPLEMENTATION_SCOPE_RECONCILIATION_ONLY
EF_a005dd81d77d51c6,SERVICE_PUBLIC,app/services/transition_preflight_plan_service.py:create_transition_preflight_plan,PIPELINE,"WF_MARKET_CONTEXT_AUTHORITY,WF_TRANSITION_PREFLIGHT",BOOTSTRAP,"""Not dynamically audited for this initiator. Preserve native scope and supply the exact identity/time/evidence/readiness/configuration/execution dimensions required by each target writer; discovery does not establish which arguments are already sufficient.""","db: Session, *, upload_run_id: int, idempotency_key: str, tickers: set[str] | None=None, cutoff_at: datetime | None=None, expires_in: timedelta=DEFAULT_PREFLIGHT_TTL, discovery: TransitionCandidateDiscoveryService | None=None",Exact caller integration subject to source review; writer requirements retained verbatim in required_authority,UNVERIFIED_PARTIAL_ADOPTION; do not assume safe target writers,Explicit semantic operation and exact writer delivery; unsupported mutation deterministically rejected before writes,"SUPPLY_CONTEXT_OR_WRAP; explicit legacy only where native policy permits, never certified evidence",PRE_IMPLEMENTATION_SCOPE_RECONCILIATION_ONLY
EF_a046247f0bce46ec,SERVICE_PUBLIC,app/services/ceri/sec/readiness_repair.py:execute_sec_readiness_repair,"CERI,CERI_ALERT,CERI_CHANGE,CERI_SOURCE,COMBINED,CONFIGURATION,CURRENT_PROJECTION,FUNDAMENTAL,IBMI,IBMI_SOURCE,PIPELINE,PRICE,RANKING,RAW,REGIME,SECTOR,TECHNICAL","WF_CERI_ALERT_CREATION,WF_CERI_CHANGE,WF_CERI_CONSENSUS_ATTACH,WF_CERI_FEATURE_BUILD,WF_CERI_GUIDANCE_ELIGIBILITY,WF_CERI_PRICE_RESPONSE,WF_CERI_RAW_SOURCE,WF_CERI_REVISION_FEATURE,WF_CERI_SCORE,WF_CERI_SOURCE_IDENTITY,WF_CERI_SOURCE_NORMALIZATION,WF_COMBINED_REFRESH,WF_CONFIGURATION_DELIVERY,WF_CORE_CURRENT_PROJECTION,WF_CORE_RETAINED_EVIDENCE,WF_FUNDAMENTAL_RECALCULATION,WF_IB_CONTRACT_IDENTITY,WF_MARKET_CONTEXT_AUTHORITY,WF_PIPELINE_CONTROL,WF_PIPELINE_STAGE_STATE,WF_PRICE_INGESTION,WF_PRICE_SERIES_VERSION,WF_RANKING_LEGACY_REPLACEMENT,WF_RANKING_PERSISTENCE,WF_REGIME_SNAPSHOT,WF_SECTOR_SNAPSHOT,WF_SEC_DOCUMENT_SOURCE,WF_SEC_IDENTITY_REPAIR,WF_SEC_INCREMENTAL_IDENTITY,WF_SEC_PIPELINE_READINESS_REPAIR,WF_TECHNICAL_FEATURE_CACHE,WF_TECHNICAL_FINALIZATION,WF_WINNER_MARKET_DATA_OBLIGATION","BOOTSTRAP,CANONICAL_CALCULATION,CURRENT_PROJECTION_ADVANCE,CURRENT_STATE_REPAIR,LEGACY_UNCERTIFIED,MAINTENANCE","{""WF_CERI_ALERT_CREATION"": ""Caller must deliver the following exact native authority if absent; no blanket assertion that already certified pipeline delivery lacks it: Exact native retained source bodies/IDs and immutable proofs; full executable configuration; explicit aware temporal/session authority; exact predecessor, target/model/generation/rule/manifest and native readiness where applicable; same validating Session and current durable execution token/configuration/run binding"", ""WF_CERI_CHANGE"": ""Caller must deliver the following exact native authority if absent; no blanket assertion that already certified pipeline delivery lacks it: Exact scoped operational/source body and its retained SQL proof; same validating Session/owner for supporting helpers; aware operation time where business-time state changes; durable job configuration/run binding and current execution token when owned"", ""WF_WINNER_MARKET_DATA_OBLIGATION"": ""Caller must deliver the following exact native authority if absent; no blanket assertion that already certified pipeline delivery lacks it: Exact scoped operational/source body and its retained SQL proof; same validating Session/owner for supporting helpers; aware operation time where business-time state changes; durable job configuration/run binding and current execution token when owned""}","db: Session, job: BackgroundJob, *, settings: Settings | None=None, provider: SecCeriProvider | None=None, should_cancel: Callable[[], bool] | None=None",Exact caller integration subject to source review; writer requirements retained verbatim in required_authority,SAFE_NATIVE_WRITER: rejects missing/altered authority before dedup or advancement and rolls back the semantic Session,Explicit semantic operation and exact writer delivery; unsupported mutation deterministically rejected before writes,"SUPPLY_CONTEXT_OR_WRAP; explicit legacy only where native policy permits, never certified evidence",PRE_IMPLEMENTATION_SCOPE_RECONCILIATION_ONLY
EF_a0ee551be8adb522,SERVICE_PUBLIC,app/services/background_job_service.py:enqueue_job,CONFIGURATION,WF_CONFIGURATION_DELIVERY,BOOTSTRAP,"""Not dynamically audited for this initiator. Preserve native scope and supply the exact identity/time/evidence/readiness/configuration/execution dimensions required by each target writer; discovery does not establish which arguments are already sufficient.""","db: Session, job_type: str, payload: dict[str, Any], related_run_id: int | None=None, priority: int=100, max_retries: int=3, run_after: datetime | None=None, request_key: str | None=None, workflow_key: str | None=None, coalesce: bool=True, single_flight_workflow: bool=False, root_job_id: int | None=None, parent_job_id: int | None=None, continuation_depth: int | None=None, trigger_source: str | None=None, causality: CausalityContext | None=None, trigger_kind: str | None=None, trigger_name: str | None=None, triggered_by_request_id: str | None=None, fanout_group_id: str | None=None",Exact caller integration subject to source review; writer requirements retained verbatim in required_authority,UNVERIFIED_PARTIAL_ADOPTION; do not assume safe target writers,Explicit semantic operation and exact writer delivery; unsupported mutation deterministically rejected before writes,"SUPPLY_CONTEXT_OR_WRAP; explicit legacy only where native policy permits, never certified evidence",PRE_IMPLEMENTATION_SCOPE_RECONCILIATION_ONLY
EF_a4620089ed8199e3,CLI,scripts/forensics/run159_ceri_quarantine.py:main,CURRENT_PROJECTION,WF_CERI_DISPOSITION,MAINTENANCE,"""Not dynamically audited for this initiator. Preserve native scope and supply the exact identity/time/evidence/readiness/configuration/execution dimensions required by each target writer; discovery does not establish which arguments are already sufficient.""",,Exact caller integration subject to source review; writer requirements retained verbatim in required_authority,UNVERIFIED_PARTIAL_ADOPTION; do not assume safe target writers,Explicit semantic operation and exact writer delivery; unsupported mutation deterministically rejected before writes,"SUPPLY_CONTEXT_OR_WRAP; explicit legacy only where native policy permits, never certified evidence",PRE_IMPLEMENTATION_SCOPE_RECONCILIATION_ONLY
EF_a4713c8bc1b99a73,SERVICE_PUBLIC,app/services/ceri/manual_review_service.py:CeriManualReviewService.create_catalyst_override,"CERI_REVIEW,CERI_SOURCE",WF_CERI_HUMAN_SOURCE_OVERRIDE,MAINTENANCE,"""Not dynamically audited for this initiator. Preserve native scope and supply the exact identity/time/evidence/readiness/configuration/execution dimensions required by each target writer; discovery does not establish which arguments are already sufficient.""","self, db: Session, *, current_revision: CeriCatalystEventRevision, new_values: dict[str, Any], reviewer: str, reason: str",Exact caller integration subject to source review; writer requirements retained verbatim in required_authority,UNVERIFIED_PARTIAL_ADOPTION; do not assume safe target writers,Explicit semantic operation and exact writer delivery; unsupported mutation deterministically rejected before writes,"SUPPLY_CONTEXT_OR_WRAP; explicit legacy only where native policy permits, never certified evidence",PRE_IMPLEMENTATION_SCOPE_RECONCILIATION_ONLY
EF_a858bf7694ca75d1,DURABLE_JOB,app/services/ceri/job_handlers.py:execute_change_detection_job,"CERI_ALERT,CERI_CHANGE,CONFIGURATION","WF_CERI_ALERT_CREATION,WF_CERI_CHANGE,WF_CONFIGURATION_DELIVERY","BOOTSTRAP,CANONICAL_CALCULATION","{""WF_CERI_ALERT_CREATION"": ""Caller must deliver the following exact native authority if absent; no blanket assertion that already certified pipeline delivery lacks it: Exact native retained source bodies/IDs and immutable proofs; full executable configuration; explicit aware temporal/session authority; exact predecessor, target/model/generation/rule/manifest and native readiness where applicable; same validating Session and current durable execution token/configuration/run binding"", ""WF_CERI_CHANGE"": ""Caller must deliver the following exact native authority if absent; no blanket assertion that already certified pipeline delivery lacks it: Exact scoped operational/source body and its retained SQL proof; same validating Session/owner for supporting helpers; aware operation time where business-time state changes; durable job configuration/run binding and current execution token when owned""}","db: Session, job: BackgroundJob, *, change_service: CeriChangeRebuildService | None=None",Exact caller integration subject to source review; writer requirements retained verbatim in required_authority,SAFE_NATIVE_WRITER: rejects missing/altered authority before dedup or advancement and rolls back the semantic Session,Explicit semantic operation and exact writer delivery; unsupported mutation deterministically rejected before writes,"SUPPLY_CONTEXT_OR_WRAP; explicit legacy only where native policy permits, never certified evidence",PRE_IMPLEMENTATION_SCOPE_RECONCILIATION_ONLY
EF_a8f9a91d7a0d9f8a,CLI,scripts/winner_candidate_estimates.py:main,"WINNER_COHORT,WINNER_ESTIMATE",WF_WINNER_SQL_CANDIDATE_ESTIMATE,LEGACY_UNCERTIFIED,"""Not dynamically audited for this initiator. Preserve native scope and supply the exact identity/time/evidence/readiness/configuration/execution dimensions required by each target writer; discovery does not establish which arguments are already sufficient.""",,Exact caller integration subject to source review; writer requirements retained verbatim in required_authority,UNVERIFIED_PARTIAL_ADOPTION; do not assume safe target writers,Explicit semantic operation and exact writer delivery; unsupported mutation deterministically rejected before writes,"SUPPLY_CONTEXT_OR_WRAP; explicit legacy only where native policy permits, never certified evidence",PRE_IMPLEMENTATION_SCOPE_RECONCILIATION_ONLY
EF_ab3beb917a917279,HTTP,app/routers/ceri_routes.py:recalculate_ceri,"CERI,CERI_ALERT,CERI_CHANGE,CERI_SOURCE,COMBINED,CONFIGURATION,CURRENT_PROJECTION,FUNDAMENTAL,IBMI,RANKING,REGIME,SECTOR,TECHNICAL","WF_CERI_ALERT_CREATION,WF_CERI_CHANGE,WF_CERI_CONSENSUS_ATTACH,WF_CERI_FEATURE_BUILD,WF_CERI_PRICE_RESPONSE,WF_CERI_REVISION_FEATURE,WF_CERI_SCORE,WF_CONFIGURATION_DELIVERY,WF_CORE_CURRENT_PROJECTION,WF_CORE_RETAINED_EVIDENCE","BOOTSTRAP,CANONICAL_CALCULATION,CURRENT_PROJECTION_ADVANCE,MAINTENANCE","{""WF_CERI_ALERT_CREATION"": ""Caller must deliver the following exact native authority if absent; no blanket assertion that already certified pipeline delivery lacks it: Exact native retained source bodies/IDs and immutable proofs; full executable configuration; explicit aware temporal/session authority; exact predecessor, target/model/generation/rule/manifest and native readiness where applicable; same validating Session and current durable execution token/configuration/run binding"", ""WF_CERI_CHANGE"": ""Caller must deliver the following exact native authority if absent; no blanket assertion that already certified pipeline delivery lacks it: Exact scoped operational/source body and its retained SQL proof; same validating Session/owner for supporting helpers; aware operation time where business-time state changes; durable job configuration/run binding and current execution token when owned""}","request: Request, db: DbSession, payload: dict[str, Any] | None=None",Exact caller integration subject to source review; writer requirements retained verbatim in required_authority,SAFE_NATIVE_WRITER: rejects missing/altered authority before dedup or advancement and rolls back the semantic Session,Explicit semantic operation and exact writer delivery; unsupported mutation deterministically rejected before writes,"SUPPLY_CONTEXT_OR_WRAP; explicit legacy only where native policy permits, never certified evidence",PRE_IMPLEMENTATION_SCOPE_RECONCILIATION_ONLY
EF_ac7c37fdb3ecd56c,DURABLE_JOB,app/services/ib_market_intelligence/orchestration.py:execute_flex_import,TRADE_JOURNAL,"WF_IB_FLEX_IMPORT,WF_IB_TRADE_EPISODES,WF_IB_TRADE_RESEARCH_LINK","CANONICAL_CALCULATION,CURRENT_STATE_REPAIR,MAINTENANCE","""Not dynamically audited for this initiator. Preserve native scope and supply the exact identity/time/evidence/readiness/configuration/execution dimensions required by each target writer; discovery does not establish which arguments are already sufficient.""","db: Session, job: BackgroundJob, *, settings: Settings | None=None, client_factory=None",Exact caller integration subject to source review; writer requirements retained verbatim in required_authority,UNVERIFIED_PARTIAL_ADOPTION; do not assume safe target writers,Explicit semantic operation and exact writer delivery; unsupported mutation deterministically rejected before writes,"SUPPLY_CONTEXT_OR_WRAP; explicit legacy only where native policy permits, never certified evidence",PRE_IMPLEMENTATION_SCOPE_RECONCILIATION_ONLY
EF_ad6df420db64c51c,DURABLE_JOB,app/services/ib_market_intelligence/orchestration.py:execute_histogram_fetch,"CERI,COMBINED,CURRENT_PROJECTION,FUNDAMENTAL,IBMI,IBMI_SOURCE,RANKING,REGIME,SECTOR,TECHNICAL","WF_CORE_CURRENT_PROJECTION,WF_CORE_RETAINED_EVIDENCE,WF_IBMI_NATIVE_FEATURE,WF_IB_CONTRACT_IDENTITY,WF_IB_HISTOGRAM_SCANNER","CANONICAL_CALCULATION,CURRENT_PROJECTION_ADVANCE,MAINTENANCE","""Not dynamically audited for this initiator. Preserve native scope and supply the exact identity/time/evidence/readiness/configuration/execution dimensions required by each target writer; discovery does not establish which arguments are already sufficient.""","db: Session, job: BackgroundJob, *, settings: Settings | None=None, ib_factory=None",Exact caller integration subject to source review; writer requirements retained verbatim in required_authority,UNVERIFIED_PARTIAL_ADOPTION; do not assume safe target writers,Explicit semantic operation and exact writer delivery; unsupported mutation deterministically rejected before writes,"SUPPLY_CONTEXT_OR_WRAP; explicit legacy only where native policy permits, never certified evidence",PRE_IMPLEMENTATION_SCOPE_RECONCILIATION_ONLY
EF_add9abc9ad900919,SERVICE_PUBLIC,app/services/pre_enqueue_operational_gate.py:validate_pre_enqueue_operational_gate,"CERI,CERI_ALERT,CERI_CHANGE,CERI_SOURCE,COMBINED,CONFIGURATION,CURRENT_PROJECTION,FUNDAMENTAL,IBMI,IBMI_SOURCE,PIPELINE,PRICE,RANKING,RAW,REGIME,SECTOR,TECHNICAL","WF_CERI_ALERT_CREATION,WF_CERI_CHANGE,WF_CERI_CONSENSUS_ATTACH,WF_CERI_FEATURE_BUILD,WF_CERI_GUIDANCE_ELIGIBILITY,WF_CERI_PRICE_RESPONSE,WF_CERI_RAW_SOURCE,WF_CERI_REVISION_FEATURE,WF_CERI_SCORE,WF_CERI_SOURCE_IDENTITY,WF_CERI_SOURCE_NORMALIZATION,WF_COMBINED_REFRESH,WF_CONFIGURATION_DELIVERY,WF_CORE_CURRENT_PROJECTION,WF_CORE_RETAINED_EVIDENCE,WF_FUNDAMENTAL_RECALCULATION,WF_IB_CONTRACT_IDENTITY,WF_MARKET_CONTEXT_AUTHORITY,WF_PIPELINE_STAGE_STATE,WF_PRICE_INGESTION,WF_PRICE_SERIES_VERSION,WF_RANKING_LEGACY_REPLACEMENT,WF_RANKING_PERSISTENCE,WF_REGIME_SNAPSHOT,WF_SECTOR_SNAPSHOT,WF_SEC_DOCUMENT_SOURCE,WF_SEC_INCREMENTAL_IDENTITY,WF_TECHNICAL_FEATURE_CACHE,WF_TECHNICAL_FINALIZATION,WF_WINNER_MARKET_DATA_OBLIGATION","BOOTSTRAP,CANONICAL_CALCULATION,CURRENT_PROJECTION_ADVANCE,LEGACY_UNCERTIFIED,MAINTENANCE","{""WF_CERI_ALERT_CREATION"": ""Caller must deliver the following exact native authority if absent; no blanket assertion that already certified pipeline delivery lacks it: Exact native retained source bodies/IDs and immutable proofs; full executable configuration; explicit aware temporal/session authority; exact predecessor, target/model/generation/rule/manifest and native readiness where applicable; same validating Session and current durable execution token/configuration/run binding"", ""WF_CERI_CHANGE"": ""Caller must deliver the following exact native authority if absent; no blanket assertion that already certified pipeline delivery lacks it: Exact scoped operational/source body and its retained SQL proof; same validating Session/owner for supporting helpers; aware operation time where business-time state changes; durable job configuration/run binding and current execution token when owned"", ""WF_WINNER_MARKET_DATA_OBLIGATION"": ""Caller must deliver the following exact native authority if absent; no blanket assertion that already certified pipeline delivery lacks it: Exact scoped operational/source body and its retained SQL proof; same validating Session/owner for supporting helpers; aware operation time where business-time state changes; durable job configuration/run binding and current execution token when owned""}","db: Session, *, upload_run_id: int, plan_id: int, settings: Settings | None=None, discovery: Any | None=None, health_probe: HealthProbe=check_status, now: datetime | None=None, repo_root: Path | None=None",Exact caller integration subject to source review; writer requirements retained verbatim in required_authority,SAFE_NATIVE_WRITER: rejects missing/altered authority before dedup or advancement and rolls back the semantic Session,Explicit semantic operation and exact writer delivery; unsupported mutation deterministically rejected before writes,"SUPPLY_CONTEXT_OR_WRAP; explicit legacy only where native policy permits, never certified evidence",PRE_IMPLEMENTATION_SCOPE_RECONCILIATION_ONLY
EF_aeb34a0b17ebe519,DURABLE_JOB,app/services/ceri/job_handlers.py:execute_alert_rebuild_job,CERI_ALERT,WF_CERI_ALERT_CREATION,CANONICAL_CALCULATION,"{""WF_CERI_ALERT_CREATION"": ""Caller must deliver the following exact native authority if absent; no blanket assertion that already certified pipeline delivery lacks it: Exact native retained source bodies/IDs and immutable proofs; full executable configuration; explicit aware temporal/session authority; exact predecessor, target/model/generation/rule/manifest and native readiness where applicable; same validating Session and current durable execution token/configuration/run binding""}","db: Session, job: BackgroundJob",Exact caller integration subject to source review; writer requirements retained verbatim in required_authority,SAFE_NATIVE_WRITER: rejects missing/altered authority before dedup or advancement and rolls back the semantic Session,Explicit semantic operation and exact writer delivery; unsupported mutation deterministically rejected before writes,"SUPPLY_CONTEXT_OR_WRAP; explicit legacy only where native policy permits, never certified evidence",PRE_IMPLEMENTATION_SCOPE_RECONCILIATION_ONLY
EF_afffe1082832c5a1,DURABLE_JOB,app/services/setup_lifecycle/job_handlers.py:execute_replay_job,"ALERT_DECISION,CERI,COMBINED,CURRENT_PROJECTION,FUNDAMENTAL,IBMI,LIFECYCLE_EVALUATION,LIFECYCLE_TRANSITION,RANKING,REGIME,SECTOR,SETUP,TECHNICAL","WF_CORE_CURRENT_PROJECTION,WF_CORE_RETAINED_EVIDENCE,WF_LIFECYCLE_EVALUATION_EVIDENCE,WF_SETUP_EVALUATION_RUN_STATE,WF_SETUP_TYPED_REPOSITORY","BOOTSTRAP,CANONICAL_CALCULATION,CURRENT_PROJECTION_ADVANCE,MAINTENANCE","{""WF_LIFECYCLE_EVALUATION_EVIDENCE"": ""Caller must deliver the following exact native authority if absent; no blanket assertion that already certified pipeline delivery lacks it: Exact native retained source bodies/IDs and immutable proofs; full executable configuration; explicit aware temporal/session authority; exact predecessor, target/model/generation/rule/manifest and native readiness where applicable; same validating Session and current durable execution token/configuration/run binding"", ""WF_SETUP_EVALUATION_RUN_STATE"": ""Caller must deliver the following exact native authority if absent; no blanket assertion that already certified pipeline delivery lacks it: Exact scoped operational/source body and its retained SQL proof; same validating Session/owner for supporting helpers; aware operation time where business-time state changes; durable job configuration/run binding and current execution token when owned"", ""WF_SETUP_TYPED_REPOSITORY"": ""Caller must deliver the following exact native authority if absent; no blanket assertion that already certified pipeline delivery lacks it: Exact native retained source bodies/IDs and immutable proofs; full executable configuration; explicit aware temporal/session authority; exact predecessor, target/model/generation/rule/manifest and native readiness where applicable; same validating Session and current durable execution token/configuration/run binding""}","db: Session, job: BackgroundJob, *, replay_service: SetupLifecycleReplayService | None=None",Exact caller integration subject to source review; writer requirements retained verbatim in required_authority,SAFE_NATIVE_WRITER: rejects missing/altered authority before dedup or advancement and rolls back the semantic Session,Explicit semantic operation and exact writer delivery; unsupported mutation deterministically rejected before writes,"SUPPLY_CONTEXT_OR_WRAP; explicit legacy only where native policy permits, never certified evidence",PRE_IMPLEMENTATION_SCOPE_RECONCILIATION_ONLY
EF_b28f847e170dbcd8,HTTP,app/routers/ceri_routes.py:create_ceri_ingestion_run,"CERI,CERI_ALERT,CERI_CHANGE,CERI_SOURCE,COMBINED,CONFIGURATION,CURRENT_PROJECTION,FUNDAMENTAL,IBMI,RANKING,REGIME,SECTOR,TECHNICAL","WF_CERI_ALERT_CREATION,WF_CERI_CHANGE,WF_CERI_CONSENSUS_ATTACH,WF_CERI_FEATURE_BUILD,WF_CERI_GUIDANCE_ELIGIBILITY,WF_CERI_PRICE_RESPONSE,WF_CERI_RAW_SOURCE,WF_CERI_REVISION_FEATURE,WF_CERI_SCORE,WF_CERI_SOURCE_IDENTITY,WF_CERI_SOURCE_NORMALIZATION,WF_CONFIGURATION_DELIVERY,WF_CORE_CURRENT_PROJECTION,WF_CORE_RETAINED_EVIDENCE,WF_SEC_DOCUMENT_SOURCE,WF_SEC_INCREMENTAL_IDENTITY","BOOTSTRAP,CANONICAL_CALCULATION,CURRENT_PROJECTION_ADVANCE,MAINTENANCE","{""WF_CERI_ALERT_CREATION"": ""Caller must deliver the following exact native authority if absent; no blanket assertion that already certified pipeline delivery lacks it: Exact native retained source bodies/IDs and immutable proofs; full executable configuration; explicit aware temporal/session authority; exact predecessor, target/model/generation/rule/manifest and native readiness where applicable; same validating Session and current durable execution token/configuration/run binding"", ""WF_CERI_CHANGE"": ""Caller must deliver the following exact native authority if absent; no blanket assertion that already certified pipeline delivery lacks it: Exact scoped operational/source body and its retained SQL proof; same validating Session/owner for supporting helpers; aware operation time where business-time state changes; durable job configuration/run binding and current execution token when owned""}","request: Request, db: DbSession, payload: dict[str, Any] | None=None",Exact caller integration subject to source review; writer requirements retained verbatim in required_authority,SAFE_NATIVE_WRITER: rejects missing/altered authority before dedup or advancement and rolls back the semantic Session,Explicit semantic operation and exact writer delivery; unsupported mutation deterministically rejected before writes,"SUPPLY_CONTEXT_OR_WRAP; explicit legacy only where native policy permits, never certified evidence",PRE_IMPLEMENTATION_SCOPE_RECONCILIATION_ONLY
EF_b29864373e3407c6,SERVICE_PUBLIC,app/services/ib_market_intelligence/journal.py:match_episode_to_research,TRADE_JOURNAL,WF_IB_TRADE_RESEARCH_LINK,"CURRENT_STATE_REPAIR,MAINTENANCE","""Not dynamically audited for this initiator. Preserve native scope and supply the exact identity/time/evidence/readiness/configuration/execution dimensions required by each target writer; discovery does not establish which arguments are already sufficient.""","db: Session, episode: IBTradeEpisode, *, lookback_sessions: int=5, policy: str='latest-completed-before-entry-v1'",Exact caller integration subject to source review; writer requirements retained verbatim in required_authority,UNVERIFIED_PARTIAL_ADOPTION; do not assume safe target writers,Explicit semantic operation and exact writer delivery; unsupported mutation deterministically rejected before writes,"SUPPLY_CONTEXT_OR_WRAP; explicit legacy only where native policy permits, never certified evidence",PRE_IMPLEMENTATION_SCOPE_RECONCILIATION_ONLY
EF_b485539a18ce34a9,SERVICE_PUBLIC,app/services/pipeline_service.py:start_pipeline,"CERI,CERI_ALERT,CERI_CHANGE,CERI_SOURCE,COMBINED,CONFIGURATION,CURRENT_PROJECTION,FUNDAMENTAL,IBMI,IBMI_SOURCE,PIPELINE,PRICE,RANKING,RAW,REGIME,SECTOR,TECHNICAL","WF_CERI_ALERT_CREATION,WF_CERI_CHANGE,WF_CERI_CONSENSUS_ATTACH,WF_CERI_FEATURE_BUILD,WF_CERI_GUIDANCE_ELIGIBILITY,WF_CERI_PRICE_RESPONSE,WF_CERI_RAW_SOURCE,WF_CERI_REVISION_FEATURE,WF_CERI_SCORE,WF_CERI_SOURCE_IDENTITY,WF_CERI_SOURCE_NORMALIZATION,WF_COMBINED_REFRESH,WF_CONFIGURATION_DELIVERY,WF_CORE_CURRENT_PROJECTION,WF_CORE_RETAINED_EVIDENCE,WF_FUNDAMENTAL_RECALCULATION,WF_IB_CONTRACT_IDENTITY,WF_MARKET_CONTEXT_AUTHORITY,WF_PIPELINE_CONTROL,WF_PIPELINE_STAGE_STATE,WF_PRICE_INGESTION,WF_PRICE_SERIES_VERSION,WF_RANKING_LEGACY_REPLACEMENT,WF_RANKING_PERSISTENCE,WF_REGIME_SNAPSHOT,WF_SECTOR_SNAPSHOT,WF_SEC_DOCUMENT_SOURCE,WF_SEC_IDENTITY_REPAIR,WF_SEC_INCREMENTAL_IDENTITY,WF_SEC_PIPELINE_READINESS_REPAIR,WF_TECHNICAL_FEATURE_CACHE,WF_TECHNICAL_FINALIZATION,WF_WINNER_MARKET_DATA_OBLIGATION","BOOTSTRAP,CANONICAL_CALCULATION,CURRENT_PROJECTION_ADVANCE,CURRENT_STATE_REPAIR,LEGACY_UNCERTIFIED,MAINTENANCE","{""WF_CERI_ALERT_CREATION"": ""Caller must deliver the following exact native authority if absent; no blanket assertion that already certified pipeline delivery lacks it: Exact native retained source bodies/IDs and immutable proofs; full executable configuration; explicit aware temporal/session authority; exact predecessor, target/model/generation/rule/manifest and native readiness where applicable; same validating Session and current durable execution token/configuration/run binding"", ""WF_CERI_CHANGE"": ""Caller must deliver the following exact native authority if absent; no blanket assertion that already certified pipeline delivery lacks it: Exact scoped operational/source body and its retained SQL proof; same validating Session/owner for supporting helpers; aware operation time where business-time state changes; durable job configuration/run binding and current execution token when owned"", ""WF_WINNER_MARKET_DATA_OBLIGATION"": ""Caller must deliver the following exact native authority if absent; no blanket assertion that already certified pipeline delivery lacks it: Exact scoped operational/source body and its retained SQL proof; same validating Session/owner for supporting helpers; aware operation time where business-time state changes; durable job configuration/run binding and current execution token when owned""}","db: Session, upload_run_id: int, requested_by: str | None=None, ceri_run_capture_enabled: bool | None=None, ceri_provider_ingest_enabled: bool | None=None, setup_lifecycle_pipeline_step_enabled: bool | None=None, market_data_policy: MarketDataPolicy | str=MarketDataPolicy.REQUIRE_IB, ib_preflight_status: dict[str, Any] | None=None, transition_preflight_plan_id: int | None=None, transition_candidate_discovery: Any | None=None",Exact caller integration subject to source review; writer requirements retained verbatim in required_authority,SAFE_NATIVE_WRITER: rejects missing/altered authority before dedup or advancement and rolls back the semantic Session,Explicit semantic operation and exact writer delivery; unsupported mutation deterministically rejected before writes,"SUPPLY_CONTEXT_OR_WRAP; explicit legacy only where native policy permits, never certified evidence",PRE_IMPLEMENTATION_SCOPE_RECONCILIATION_ONLY
EF_b52294e32a1ee5d9,SERVICE_PUBLIC,app/services/ceri/decision_evidence.py:persist_ceri_decision_evidence,"CERI,COMBINED,CURRENT_PROJECTION,FUNDAMENTAL,IBMI,RANKING,REGIME,SECTOR,TECHNICAL","WF_CORE_CURRENT_PROJECTION,WF_CORE_RETAINED_EVIDENCE","CANONICAL_CALCULATION,CURRENT_PROJECTION_ADVANCE","""Not dynamically audited for this initiator. Preserve native scope and supply the exact identity/time/evidence/readiness/configuration/execution dimensions required by each target writer; discovery does not establish which arguments are already sufficient.""","db: Session, *, snapshot: CeriScoreSnapshot, config: CeriConfig, effective_configuration=None",Exact caller integration subject to source review; writer requirements retained verbatim in required_authority,UNVERIFIED_PARTIAL_ADOPTION; do not assume safe target writers,Explicit semantic operation and exact writer delivery; unsupported mutation deterministically rejected before writes,"SUPPLY_CONTEXT_OR_WRAP; explicit legacy only where native policy permits, never certified evidence",PRE_IMPLEMENTATION_SCOPE_RECONCILIATION_ONLY
EF_b66fd9fbd8bf92e7,DURABLE_JOB,app/services/background_worker.py:_execute_sec_readiness_repair_job,"CERI,CERI_ALERT,CERI_CHANGE,CERI_SOURCE,COMBINED,CONFIGURATION,CURRENT_PROJECTION,FUNDAMENTAL,IBMI,IBMI_SOURCE,PIPELINE,PRICE,RANKING,RAW,REGIME,SECTOR,TECHNICAL","WF_CERI_ALERT_CREATION,WF_CERI_CHANGE,WF_CERI_CONSENSUS_ATTACH,WF_CERI_FEATURE_BUILD,WF_CERI_GUIDANCE_ELIGIBILITY,WF_CERI_PRICE_RESPONSE,WF_CERI_RAW_SOURCE,WF_CERI_REVISION_FEATURE,WF_CERI_SCORE,WF_CERI_SOURCE_IDENTITY,WF_CERI_SOURCE_NORMALIZATION,WF_COMBINED_REFRESH,WF_CONFIGURATION_DELIVERY,WF_CORE_CURRENT_PROJECTION,WF_CORE_RETAINED_EVIDENCE,WF_FUNDAMENTAL_RECALCULATION,WF_IB_CONTRACT_IDENTITY,WF_MARKET_CONTEXT_AUTHORITY,WF_PIPELINE_CONTROL,WF_PIPELINE_STAGE_STATE,WF_PRICE_INGESTION,WF_PRICE_SERIES_VERSION,WF_RANKING_LEGACY_REPLACEMENT,WF_RANKING_PERSISTENCE,WF_REGIME_SNAPSHOT,WF_SECTOR_SNAPSHOT,WF_SEC_DOCUMENT_SOURCE,WF_SEC_IDENTITY_REPAIR,WF_SEC_INCREMENTAL_IDENTITY,WF_SEC_PIPELINE_READINESS_REPAIR,WF_TECHNICAL_FEATURE_CACHE,WF_TECHNICAL_FINALIZATION,WF_WINNER_MARKET_DATA_OBLIGATION","BOOTSTRAP,CANONICAL_CALCULATION,CURRENT_PROJECTION_ADVANCE,CURRENT_STATE_REPAIR,LEGACY_UNCERTIFIED,MAINTENANCE","{""WF_CERI_ALERT_CREATION"": ""Caller must deliver the following exact native authority if absent; no blanket assertion that already certified pipeline delivery lacks it: Exact native retained source bodies/IDs and immutable proofs; full executable configuration; explicit aware temporal/session authority; exact predecessor, target/model/generation/rule/manifest and native readiness where applicable; same validating Session and current durable execution token/configuration/run binding"", ""WF_CERI_CHANGE"": ""Caller must deliver the following exact native authority if absent; no blanket assertion that already certified pipeline delivery lacks it: Exact scoped operational/source body and its retained SQL proof; same validating Session/owner for supporting helpers; aware operation time where business-time state changes; durable job configuration/run binding and current execution token when owned"", ""WF_WINNER_MARKET_DATA_OBLIGATION"": ""Caller must deliver the following exact native authority if absent; no blanket assertion that already certified pipeline delivery lacks it: Exact scoped operational/source body and its retained SQL proof; same validating Session/owner for supporting helpers; aware operation time where business-time state changes; durable job configuration/run binding and current execution token when owned""}","db: Session, job: BackgroundJob",Exact caller integration subject to source review; writer requirements retained verbatim in required_authority,SAFE_NATIVE_WRITER: rejects missing/altered authority before dedup or advancement and rolls back the semantic Session,Explicit semantic operation and exact writer delivery; unsupported mutation deterministically rejected before writes,"SUPPLY_CONTEXT_OR_WRAP; explicit legacy only where native policy permits, never certified evidence",PRE_IMPLEMENTATION_SCOPE_RECONCILIATION_ONLY
EF_b69d6707daaa3390,HTTP,app/routers/run_routes.py:retry_failed_run_ib_fetch_action,"CONFIGURATION,IBMI_SOURCE,PRICE","WF_CONFIGURATION_DELIVERY,WF_IB_CONTRACT_IDENTITY,WF_PRICE_INGESTION,WF_PRICE_SERIES_VERSION,WF_WINNER_MARKET_DATA_OBLIGATION","BOOTSTRAP,CANONICAL_CALCULATION,MAINTENANCE","{""WF_WINNER_MARKET_DATA_OBLIGATION"": ""Caller must deliver the following exact native authority if absent; no blanket assertion that already certified pipeline delivery lacks it: Exact scoped operational/source body and its retained SQL proof; same validating Session/owner for supporting helpers; aware operation time where business-time state changes; durable job configuration/run binding and current execution token when owned""}","run_id: int, fetch_run_id: int, db: DbSession",Exact caller integration subject to source review; writer requirements retained verbatim in required_authority,SAFE_NATIVE_WRITER: rejects missing/altered authority before dedup or advancement and rolls back the semantic Session,Explicit semantic operation and exact writer delivery; unsupported mutation deterministically rejected before writes,"SUPPLY_CONTEXT_OR_WRAP; explicit legacy only where native policy permits, never certified evidence",PRE_IMPLEMENTATION_SCOPE_RECONCILIATION_ONLY
EF_b788f811597ea7c5,HTTP,app/routers/winner_probability_routes.py:queue_winner_outcome_maturation,"CONFIGURATION,CURRENT_PROJECTION,WINNER_COHORT,WINNER_GENERATION,WINNER_OUTCOME,WINNER_PREDICTION","WF_CONFIGURATION_DELIVERY,WF_WINNER_COHORT_DEFINITION,WF_WINNER_COHORT_MATERIALIZATION,WF_WINNER_EVIDENCE_MANIFEST,WF_WINNER_FORWARD_MATURATION,WF_WINNER_GENERATION,WF_WINNER_OUTCOME_REVISION,WF_WINNER_WATERMARK","BOOTSTRAP,CANONICAL_CALCULATION,CURRENT_PROJECTION_ADVANCE,OUTCOME_MATURATION","{""WF_WINNER_COHORT_DEFINITION"": ""Caller must deliver the following exact native authority if absent; no blanket assertion that already certified pipeline delivery lacks it: Exact scoped operational/source body and its retained SQL proof; same validating Session/owner for supporting helpers; aware operation time where business-time state changes; durable job configuration/run binding and current execution token when owned"", ""WF_WINNER_COHORT_MATERIALIZATION"": ""Caller must deliver the following exact native authority if absent; no blanket assertion that already certified pipeline delivery lacks it: Exact native retained source bodies/IDs and immutable proofs; full executable configuration; explicit aware temporal/session authority; exact predecessor, target/model/generation/rule/manifest and native readiness where applicable; same validating Session and current durable execution token/configuration/run binding"", ""WF_WINNER_EVIDENCE_MANIFEST"": ""Caller must deliver the following exact native authority if absent; no blanket assertion that already certified pipeline delivery lacks it: Exact scoped operational/source body and its retained SQL proof; same validating Session/owner for supporting helpers; aware operation time where business-time state changes; durable job configuration/run binding and current execution token when owned"", ""WF_WINNER_FORWARD_MATURATION"": ""Caller must deliver the following exact native authority if absent; no blanket assertion that already certified pipeline delivery lacks it: Exact native retained source bodies/IDs and immutable proofs; full executable configuration; explicit aware temporal/session authority; exact predecessor, target/model/generation/rule/manifest and native readiness where applicable; same validating Session and current durable execution token/configuration/run binding"", ""WF_WINNER_GENERATION"": ""Caller must deliver the following exact native authority if absent; no blanket assertion that already certified pipeline delivery lacks it: Exact native retained source bodies/IDs and immutable proofs; full executable configuration; explicit aware temporal/session authority; exact predecessor, target/model/generation/rule/manifest and native readiness where applicable; same validating Session and current durable execution token/configuration/run binding"", ""WF_WINNER_OUTCOME_REVISION"": ""Caller must deliver the following exact native authority if absent; no blanket assertion that already certified pipeline delivery lacks it: Exact native retained source bodies/IDs and immutable proofs; full executable configuration; explicit aware temporal/session authority; exact predecessor, target/model/generation/rule/manifest and native readiness where applicable; same validating Session and current durable execution token/configuration/run binding"", ""WF_WINNER_WATERMARK"": ""Caller must deliver the following exact native authority if absent; no blanket assertion that already certified pipeline delivery lacks it: Exact scoped operational/source body and its retained SQL proof; same validating Session/owner for supporting helpers; aware operation time where business-time state changes; durable job configuration/run binding and current execution token when owned""}","request: Request, db: DbSession, limit: int=500",Exact caller integration subject to source review; writer requirements retained verbatim in required_authority,SAFE_NATIVE_WRITER: rejects missing/altered authority before dedup or advancement and rolls back the semantic Session,Explicit semantic operation and exact writer delivery; unsupported mutation deterministically rejected before writes,"SUPPLY_CONTEXT_OR_WRAP; explicit legacy only where native policy permits, never certified evidence",PRE_IMPLEMENTATION_SCOPE_RECONCILIATION_ONLY
EF_b95c796004827c0e,SERVICE_PUBLIC,app/services/ceri/evidence_eligibility.py:append_evidence_dispositions,CURRENT_PROJECTION,WF_CERI_DISPOSITION,MAINTENANCE,"""Not dynamically audited for this initiator. Preserve native scope and supply the exact identity/time/evidence/readiness/configuration/execution dimensions required by each target writer; discovery does not establish which arguments are already sufficient.""","db: Session, requests: Sequence[EvidenceDispositionRequest]",Exact caller integration subject to source review; writer requirements retained verbatim in required_authority,UNVERIFIED_PARTIAL_ADOPTION; do not assume safe target writers,Explicit semantic operation and exact writer delivery; unsupported mutation deterministically rejected before writes,"SUPPLY_CONTEXT_OR_WRAP; explicit legacy only where native policy permits, never certified evidence",PRE_IMPLEMENTATION_SCOPE_RECONCILIATION_ONLY
EF_bbe23c5f58004112,DURABLE_JOB,app/services/ib_market_intelligence/orchestration.py:execute_live_snapshot,"CERI,COMBINED,CURRENT_PROJECTION,FUNDAMENTAL,IBMI,IBMI_SOURCE,RANKING,REGIME,SECTOR,TECHNICAL","WF_CORE_CURRENT_PROJECTION,WF_CORE_RETAINED_EVIDENCE,WF_IBMI_LIVE_SOURCE,WF_IBMI_NATIVE_FEATURE,WF_IB_CONTRACT_IDENTITY","CANONICAL_CALCULATION,CURRENT_PROJECTION_ADVANCE,MAINTENANCE","""Not dynamically audited for this initiator. Preserve native scope and supply the exact identity/time/evidence/readiness/configuration/execution dimensions required by each target writer; discovery does not establish which arguments are already sufficient.""","db: Session, job: BackgroundJob, *, settings: Settings | None=None, ib_factory=None",Exact caller integration subject to source review; writer requirements retained verbatim in required_authority,UNVERIFIED_PARTIAL_ADOPTION; do not assume safe target writers,Explicit semantic operation and exact writer delivery; unsupported mutation deterministically rejected before writes,"SUPPLY_CONTEXT_OR_WRAP; explicit legacy only where native policy permits, never certified evidence",PRE_IMPLEMENTATION_SCOPE_RECONCILIATION_ONLY
EF_bd24dd9da817c632,SERVICE_PUBLIC,app/services/market_calculation_context_service.py:reserve_preflight_market_context,PIPELINE,WF_MARKET_CONTEXT_AUTHORITY,BOOTSTRAP,"""Not dynamically audited for this initiator. Preserve native scope and supply the exact identity/time/evidence/readiness/configuration/execution dimensions required by each target writer; discovery does not establish which arguments are already sufficient.""","db: Session, *, upload_run_id: int, cutoff_at: datetime | None=None, clock: MarketClockService | None=None",Exact caller integration subject to source review; writer requirements retained verbatim in required_authority,UNVERIFIED_PARTIAL_ADOPTION; do not assume safe target writers,Explicit semantic operation and exact writer delivery; unsupported mutation deterministically rejected before writes,"SUPPLY_CONTEXT_OR_WRAP; explicit legacy only where native policy permits, never certified evidence",PRE_IMPLEMENTATION_SCOPE_RECONCILIATION_ONLY
EF_be3b33a649ccba7e,SERVICE_PUBLIC,app/services/sector_rotation_service.py:build_sector_rotation_snapshot,"CERI,COMBINED,CURRENT_PROJECTION,FUNDAMENTAL,IBMI,RANKING,REGIME,SECTOR,TECHNICAL","WF_CORE_CURRENT_PROJECTION,WF_CORE_RETAINED_EVIDENCE,WF_SECTOR_SNAPSHOT","CANONICAL_CALCULATION,CURRENT_PROJECTION_ADVANCE","""Not dynamically audited for this initiator. Preserve native scope and supply the exact identity/time/evidence/readiness/configuration/execution dimensions required by each target writer; discovery does not establish which arguments are already sufficient.""","db: Session, run_id: int | None, as_of_date: date | None=None, persist: bool=True, config: dict[str, Any] | None=None, universe_service: SectorUniverseService | None=None, etf_service: SectorEtfRotationService | None=None, policy_service: SectorRotationPolicyService | None=None, repository: SectorRotationRepository | None=None, market_repository: MarketRegimeRepository | None=None, market_cutoff: MarketCalculationCutoff | None=None, effective_configuration=None, expected_calculation_identity=None",Exact caller integration subject to source review; writer requirements retained verbatim in required_authority,UNVERIFIED_PARTIAL_ADOPTION; do not assume safe target writers,Explicit semantic operation and exact writer delivery; unsupported mutation deterministically rejected before writes,"SUPPLY_CONTEXT_OR_WRAP; explicit legacy only where native policy permits, never certified evidence",PRE_IMPLEMENTATION_SCOPE_RECONCILIATION_ONLY
EF_be776167a4a792cf,DURABLE_JOB,app/services/setup_lifecycle/job_handlers.py:execute_repair_ticker_job,"ALERT_DECISION,CERI,COMBINED,CURRENT_PROJECTION,FUNDAMENTAL,IBMI,LIFECYCLE_EVALUATION,LIFECYCLE_TRANSITION,RANKING,REGIME,SECTOR,SETUP,TECHNICAL","WF_CORE_CURRENT_PROJECTION,WF_CORE_RETAINED_EVIDENCE,WF_LIFECYCLE_EPISODE,WF_LIFECYCLE_EVALUATION_EVIDENCE,WF_LIFECYCLE_TRANSITION_EVIDENCE,WF_SETUP_ALERT_EVENT_STATE,WF_SETUP_ALERT_RULE_EVIDENCE,WF_SETUP_DECISION_EVIDENCE,WF_SETUP_TRANSITION_EVENT_STATE,WF_SETUP_TYPED_REPOSITORY","BOOTSTRAP,CANONICAL_CALCULATION,CURRENT_PROJECTION_ADVANCE,CURRENT_STATE_REPAIR,MAINTENANCE","{""WF_LIFECYCLE_EPISODE"": ""Caller must deliver the following exact native authority if absent; no blanket assertion that already certified pipeline delivery lacks it: Exact native retained source bodies/IDs and immutable proofs; full executable configuration; explicit aware temporal/session authority; exact predecessor, target/model/generation/rule/manifest and native readiness where applicable; same validating Session and current durable execution token/configuration/run binding"", ""WF_LIFECYCLE_EVALUATION_EVIDENCE"": ""Caller must deliver the following exact native authority if absent; no blanket assertion that already certified pipeline delivery lacks it: Exact native retained source bodies/IDs and immutable proofs; full executable configuration; explicit aware temporal/session authority; exact predecessor, target/model/generation/rule/manifest and native readiness where applicable; same validating Session and current durable execution token/configuration/run binding"", ""WF_LIFECYCLE_TRANSITION_EVIDENCE"": ""Caller must deliver the following exact native authority if absent; no blanket assertion that already certified pipeline delivery lacks it: Exact native retained source bodies/IDs and immutable proofs; full executable configuration; explicit aware temporal/session authority; exact predecessor, target/model/generation/rule/manifest and native readiness where applicable; same validating Session and current durable execution token/configuration/run binding"", ""WF_SETUP_ALERT_EVENT_STATE"": ""Caller must deliver the following exact native authority if absent; no blanket assertion that already certified pipeline delivery lacks it: Exact native retained source bodies/IDs and immutable proofs; full executable configuration; explicit aware temporal/session authority; exact predecessor, target/model/generation/rule/manifest and native readiness where applicable; same validating Session and current durable execution token/configuration/run binding"", ""WF_SETUP_ALERT_RULE_EVIDENCE"": ""Caller must deliver the following exact native authority if absent; no blanket assertion that already certified pipeline delivery lacks it: Exact native retained source bodies/IDs and immutable proofs; full executable configuration; explicit aware temporal/session authority; exact predecessor, target/model/generation/rule/manifest and native readiness where applicable; same validating Session and current durable execution token/configuration/run binding"", ""WF_SETUP_DECISION_EVIDENCE"": ""Caller must deliver the following exact native authority if absent; no blanket assertion that already certified pipeline delivery lacks it: Exact native retained source bodies/IDs and immutable proofs; full executable configuration; explicit aware temporal/session authority; exact predecessor, target/model/generation/rule/manifest and native readiness where applicable; same validating Session and current durable execution token/configuration/run binding"", ""WF_SETUP_TRANSITION_EVENT_STATE"": ""Caller must deliver the following exact native authority if absent; no blanket assertion that already certified pipeline delivery lacks it: Exact native retained source bodies/IDs and immutable proofs; full executable configuration; explicit aware temporal/session authority; exact predecessor, target/model/generation/rule/manifest and native readiness where applicable; same validating Session and current durable execution token/configuration/run binding"", ""WF_SETUP_TYPED_REPOSITORY"": ""Caller must deliver the following exact native authority if absent; no blanket assertion that already certified pipeline delivery lacks it: Exact native retained source bodies/IDs and immutable proofs; full executable configuration; explicit aware temporal/session authority; exact predecessor, target/model/generation/rule/manifest and native readiness where applicable; same validating Session and current durable execution token/configuration/run binding""}","db: Session, job: BackgroundJob, *, maintenance_service: SetupLifecycleMaintenanceService | None=None",Exact caller integration subject to source review; writer requirements retained verbatim in required_authority,SAFE_NATIVE_WRITER: rejects missing/altered authority before dedup or advancement and rolls back the semantic Session,Explicit semantic operation and exact writer delivery; unsupported mutation deterministically rejected before writes,"SUPPLY_CONTEXT_OR_WRAP; explicit legacy only where native policy permits, never certified evidence",PRE_IMPLEMENTATION_SCOPE_RECONCILIATION_ONLY
EF_c4119444b4ef72f3,HTTP,app/routers/sector_rotation_routes.py:sector_rotation_dashboard,"CERI,COMBINED,CURRENT_PROJECTION,FUNDAMENTAL,IBMI,RANKING,REGIME,SECTOR,TECHNICAL","WF_CORE_CURRENT_PROJECTION,WF_CORE_RETAINED_EVIDENCE,WF_SECTOR_SNAPSHOT","CANONICAL_CALCULATION,CURRENT_PROJECTION_ADVANCE","""Not dynamically audited for this initiator. Preserve native scope and supply the exact identity/time/evidence/readiness/configuration/execution dimensions required by each target writer; discovery does not establish which arguments are already sufficient.""","request: Request, run_id: int, db: DbSession",Exact caller integration subject to source review; writer requirements retained verbatim in required_authority,UNVERIFIED_PARTIAL_ADOPTION; do not assume safe target writers,Explicit semantic operation and exact writer delivery; unsupported mutation deterministically rejected before writes,"SUPPLY_CONTEXT_OR_WRAP; explicit legacy only where native policy permits, never certified evidence",PRE_IMPLEMENTATION_SCOPE_RECONCILIATION_ONLY
EF_c637fc640f1c37bb,SERVICE_PUBLIC,app/services/pipeline_service.py:enqueue_pipeline_after_sec_repair,"CERI,CERI_ALERT,CERI_CHANGE,CERI_SOURCE,COMBINED,CONFIGURATION,CURRENT_PROJECTION,FUNDAMENTAL,IBMI,IBMI_SOURCE,PIPELINE,PRICE,RANKING,RAW,REGIME,SECTOR,TECHNICAL","WF_CERI_ALERT_CREATION,WF_CERI_CHANGE,WF_CERI_CONSENSUS_ATTACH,WF_CERI_FEATURE_BUILD,WF_CERI_GUIDANCE_ELIGIBILITY,WF_CERI_PRICE_RESPONSE,WF_CERI_RAW_SOURCE,WF_CERI_REVISION_FEATURE,WF_CERI_SCORE,WF_CERI_SOURCE_IDENTITY,WF_CERI_SOURCE_NORMALIZATION,WF_COMBINED_REFRESH,WF_CONFIGURATION_DELIVERY,WF_CORE_CURRENT_PROJECTION,WF_CORE_RETAINED_EVIDENCE,WF_FUNDAMENTAL_RECALCULATION,WF_IB_CONTRACT_IDENTITY,WF_MARKET_CONTEXT_AUTHORITY,WF_PIPELINE_CONTROL,WF_PIPELINE_STAGE_STATE,WF_PRICE_INGESTION,WF_PRICE_SERIES_VERSION,WF_RANKING_LEGACY_REPLACEMENT,WF_RANKING_PERSISTENCE,WF_REGIME_SNAPSHOT,WF_SECTOR_SNAPSHOT,WF_SEC_DOCUMENT_SOURCE,WF_SEC_INCREMENTAL_IDENTITY,WF_TECHNICAL_FEATURE_CACHE,WF_TECHNICAL_FINALIZATION,WF_WINNER_MARKET_DATA_OBLIGATION","BOOTSTRAP,CANONICAL_CALCULATION,CURRENT_PROJECTION_ADVANCE,LEGACY_UNCERTIFIED,MAINTENANCE","{""WF_CERI_ALERT_CREATION"": ""Caller must deliver the following exact native authority if absent; no blanket assertion that already certified pipeline delivery lacks it: Exact native retained source bodies/IDs and immutable proofs; full executable configuration; explicit aware temporal/session authority; exact predecessor, target/model/generation/rule/manifest and native readiness where applicable; same validating Session and current durable execution token/configuration/run binding"", ""WF_CERI_CHANGE"": ""Caller must deliver the following exact native authority if absent; no blanket assertion that already certified pipeline delivery lacks it: Exact scoped operational/source body and its retained SQL proof; same validating Session/owner for supporting helpers; aware operation time where business-time state changes; durable job configuration/run binding and current execution token when owned"", ""WF_WINNER_MARKET_DATA_OBLIGATION"": ""Caller must deliver the following exact native authority if absent; no blanket assertion that already certified pipeline delivery lacks it: Exact scoped operational/source body and its retained SQL proof; same validating Session/owner for supporting helpers; aware operation time where business-time state changes; durable job configuration/run binding and current execution token when owned""}","db: Session, pipeline: PipelineRun, *, processor_signature: str, resume_from_step: str='VALIDATING_RUN'",Exact caller integration subject to source review; writer requirements retained verbatim in required_authority,SAFE_NATIVE_WRITER: rejects missing/altered authority before dedup or advancement and rolls back the semantic Session,Explicit semantic operation and exact writer delivery; unsupported mutation deterministically rejected before writes,"SUPPLY_CONTEXT_OR_WRAP; explicit legacy only where native policy permits, never certified evidence",PRE_IMPLEMENTATION_SCOPE_RECONCILIATION_ONLY
EF_c6e52b9cafebbd63,CLI,scripts/winner_ib_request_scope_canary.py:main,"IBMI_SOURCE,PRICE","WF_IB_CONTRACT_IDENTITY,WF_PRICE_INGESTION,WF_PRICE_SERIES_VERSION,WF_WINNER_MARKET_DATA_OBLIGATION","CANONICAL_CALCULATION,MAINTENANCE","{""WF_WINNER_MARKET_DATA_OBLIGATION"": ""Caller must deliver the following exact native authority if absent; no blanket assertion that already certified pipeline delivery lacks it: Exact scoped operational/source body and its retained SQL proof; same validating Session/owner for supporting helpers; aware operation time where business-time state changes; durable job configuration/run binding and current execution token when owned""}",,Exact caller integration subject to source review; writer requirements retained verbatim in required_authority,SAFE_NATIVE_WRITER: rejects missing/altered authority before dedup or advancement and rolls back the semantic Session,Explicit semantic operation and exact writer delivery; unsupported mutation deterministically rejected before writes,"SUPPLY_CONTEXT_OR_WRAP; explicit legacy only where native policy permits, never certified evidence",PRE_IMPLEMENTATION_SCOPE_RECONCILIATION_ONLY
EF_c7f7c896fe1e6070,SERVICE_PUBLIC,app/services/background_job_service.py:fence_stalled_jobs,PIPELINE,WF_PIPELINE_FENCE_INTERRUPTION,MAINTENANCE,"""Not dynamically audited for this initiator. Preserve native scope and supply the exact identity/time/evidence/readiness/configuration/execution dimensions required by each target writer; discovery does not establish which arguments are already sufficient.""","db: Session, *, default_timeout_seconds: int, market_data_timeout_seconds: int, now: datetime | None=None, worker_id: str | None=None, worker_instance_id: str | None=None, worker_heartbeat_at: datetime | None=None, long_stage_timeout_seconds: int=1800",Exact caller integration subject to source review; writer requirements retained verbatim in required_authority,UNVERIFIED_PARTIAL_ADOPTION; do not assume safe target writers,Explicit semantic operation and exact writer delivery; unsupported mutation deterministically rejected before writes,"SUPPLY_CONTEXT_OR_WRAP; explicit legacy only where native policy permits, never certified evidence",PRE_IMPLEMENTATION_SCOPE_RECONCILIATION_ONLY
EF_cbb8326842449165,DURABLE_JOB,app/services/ceri/batched_job_handlers.py:execute_provider_ingest_batch_job,CERI_SOURCE,"WF_CERI_RAW_SOURCE,WF_SEC_DOCUMENT_SOURCE,WF_SEC_INCREMENTAL_IDENTITY","CANONICAL_CALCULATION,MAINTENANCE","""Not dynamically audited for this initiator. Preserve native scope and supply the exact identity/time/evidence/readiness/configuration/execution dimensions required by each target writer; discovery does not establish which arguments are already sufficient.""","db: Session, job: BackgroundJob, *, ingestion_service: CeriIngestionService | None=None",Exact caller integration subject to source review; writer requirements retained verbatim in required_authority,UNVERIFIED_PARTIAL_ADOPTION; do not assume safe target writers,Explicit semantic operation and exact writer delivery; unsupported mutation deterministically rejected before writes,"SUPPLY_CONTEXT_OR_WRAP; explicit legacy only where native policy permits, never certified evidence",PRE_IMPLEMENTATION_SCOPE_RECONCILIATION_ONLY
EF_cc88287ad5594ea1,CLI,scripts/ceri_run104_controlled_replay.py:main,"CERI,CERI_SOURCE,COMBINED,CURRENT_PROJECTION,FUNDAMENTAL,IBMI,RANKING,REGIME,SECTOR,TECHNICAL","WF_CERI_CURRENT_RULE_REPLAY,WF_CERI_REVISION_FEATURE,WF_CERI_SCORE,WF_CORE_CURRENT_PROJECTION,WF_CORE_RETAINED_EVIDENCE","CANONICAL_CALCULATION,CURRENT_PROJECTION_ADVANCE,CURRENT_RULES_RETROSPECTIVE","""Not dynamically audited for this initiator. Preserve native scope and supply the exact identity/time/evidence/readiness/configuration/execution dimensions required by each target writer; discovery does not establish which arguments are already sufficient.""",,Exact caller integration subject to source review; writer requirements retained verbatim in required_authority,UNVERIFIED_PARTIAL_ADOPTION; do not assume safe target writers,Explicit semantic operation and exact writer delivery; unsupported mutation deterministically rejected before writes,"SUPPLY_CONTEXT_OR_WRAP; explicit legacy only where native policy permits, never certified evidence",PRE_IMPLEMENTATION_SCOPE_RECONCILIATION_ONLY
EF_cdcd77c8d00fbd9d,HTTP,app/routers/winner_probability_routes.py:queue_winner_prediction_capture,"CONFIGURATION,PRICE,WINNER_COHORT,WINNER_ESTIMATE,WINNER_OUTCOME,WINNER_PREDICTION","WF_CONFIGURATION_DELIVERY,WF_WINNER_CAPTURE_TRAINING_METADATA,WF_WINNER_COHORT_DEFINITION,WF_WINNER_EPISODE,WF_WINNER_ESTIMATOR,WF_WINNER_EVIDENCE_MANIFEST,WF_WINNER_INLINE_COHORT,WF_WINNER_MARKET_DATA_OBLIGATION,WF_WINNER_PENDING_OUTCOME,WF_WINNER_PREDICTION_CAPTURE,WF_WINNER_TYPED_REPOSITORY","BOOTSTRAP,CANONICAL_CALCULATION,MAINTENANCE","{""WF_WINNER_CAPTURE_TRAINING_METADATA"": ""Caller must deliver the following exact native authority if absent; no blanket assertion that already certified pipeline delivery lacks it: Exact scoped operational/source body and its retained SQL proof; same validating Session/owner for supporting helpers; aware operation time where business-time state changes; durable job configuration/run binding and current execution token when owned"", ""WF_WINNER_COHORT_DEFINITION"": ""Caller must deliver the following exact native authority if absent; no blanket assertion that already certified pipeline delivery lacks it: Exact scoped operational/source body and its retained SQL proof; same validating Session/owner for supporting helpers; aware operation time where business-time state changes; durable job configuration/run binding and current execution token when owned"", ""WF_WINNER_EPISODE"": ""Caller must deliver the following exact native authority if absent; no blanket assertion that already certified pipeline delivery lacks it: Exact native retained source bodies/IDs and immutable proofs; full executable configuration; explicit aware temporal/session authority; exact predecessor, target/model/generation/rule/manifest and native readiness where applicable; same validating Session and current durable execution token/configuration/run binding"", ""WF_WINNER_ESTIMATOR"": ""Caller must deliver the following exact native authority if absent; no blanket assertion that already certified pipeline delivery lacks it: Exact native retained source bodies/IDs and immutable proofs; full executable configuration; explicit aware temporal/session authority; exact predecessor, target/model/generation/rule/manifest and native readiness where applicable; same validating Session and current durable execution token/configuration/run binding"", ""WF_WINNER_EVIDENCE_MANIFEST"": ""Caller must deliver the following exact native authority if absent; no blanket assertion that already certified pipeline delivery lacks it: Exact scoped operational/source body and its retained SQL proof; same validating Session/owner for supporting helpers; aware operation time where business-time state changes; durable job configuration/run binding and current execution token when owned"", ""WF_WINNER_INLINE_COHORT"": ""Caller must deliver the following exact native authority if absent; no blanket assertion that already certified pipeline delivery lacks it: Exact native retained source bodies/IDs and immutable proofs; full executable configuration; explicit aware temporal/session authority; exact predecessor, target/model/generation/rule/manifest and native readiness where applicable; same validating Session and current durable execution token/configuration/run binding"", ""WF_WINNER_MARKET_DATA_OBLIGATION"": ""Caller must deliver the following exact native authority if absent; no blanket assertion that already certified pipeline delivery lacks it: Exact scoped operational/source body and its retained SQL proof; same validating Session/owner for supporting helpers; aware operation time where business-time state changes; durable job configuration/run binding and current execution token when owned"", ""WF_WINNER_PENDING_OUTCOME"": ""Caller must deliver the following exact native authority if absent; no blanket assertion that already certified pipeline delivery lacks it: Exact native retained source bodies/IDs and immutable proofs; full executable configuration; explicit aware temporal/session authority; exact predecessor, target/model/generation/rule/manifest and native readiness where applicable; same validating Session and current durable execution token/configuration/run binding"", ""WF_WINNER_PREDICTION_CAPTURE"": ""Caller must deliver the following exact native authority if absent; no blanket assertion that already certified pipeline delivery lacks it: Exact native retained source bodies/IDs and immutable proofs; full executable configuration; explicit aware temporal/session authority; exact predecessor, target/model/generation/rule/manifest and native readiness where applicable; same validating Session and current durable execution token/configuration/run binding"", ""WF_WINNER_TYPED_REPOSITORY"": ""Caller must deliver the following exact native authority if absent; no blanket assertion that already certified pipeline delivery lacks it: Exact native retained source bodies/IDs and immutable proofs; full executable configuration; explicit aware temporal/session authority; exact predecessor, target/model/generation/rule/manifest and native readiness where applicable; same validating Session and current durable execution token/configuration/run binding""}","request: Request, run_id: int, db: DbSession, decision_handoff_manifest_id: int | None=None",Exact caller integration subject to source review; writer requirements retained verbatim in required_authority,SAFE_NATIVE_WRITER: rejects missing/altered authority before dedup or advancement and rolls back the semantic Session,Explicit semantic operation and exact writer delivery; unsupported mutation deterministically rejected before writes,"SUPPLY_CONTEXT_OR_WRAP; explicit legacy only where native policy permits, never certified evidence",PRE_IMPLEMENTATION_SCOPE_RECONCILIATION_ONLY
EF_ce41defa048d0c30,HTTP,app/routers/sector_rotation_routes.py:api_sector_rotation_drilldown,"CERI,COMBINED,CURRENT_PROJECTION,FUNDAMENTAL,IBMI,RANKING,REGIME,SECTOR,TECHNICAL","WF_CORE_CURRENT_PROJECTION,WF_CORE_RETAINED_EVIDENCE,WF_SECTOR_SNAPSHOT","CANONICAL_CALCULATION,CURRENT_PROJECTION_ADVANCE","""Not dynamically audited for this initiator. Preserve native scope and supply the exact identity/time/evidence/readiness/configuration/execution dimensions required by each target writer; discovery does not establish which arguments are already sufficient.""","run_id: int, sector_slug: str, db: DbSession",Exact caller integration subject to source review; writer requirements retained verbatim in required_authority,UNVERIFIED_PARTIAL_ADOPTION; do not assume safe target writers,Explicit semantic operation and exact writer delivery; unsupported mutation deterministically rejected before writes,"SUPPLY_CONTEXT_OR_WRAP; explicit legacy only where native policy permits, never certified evidence",PRE_IMPLEMENTATION_SCOPE_RECONCILIATION_ONLY
EF_d02936b13662f350,SERVICE_PUBLIC,app/services/market_calculation_context_service.py:create_pipeline_market_context,PIPELINE,WF_MARKET_CONTEXT_AUTHORITY,BOOTSTRAP,"""Not dynamically audited for this initiator. Preserve native scope and supply the exact identity/time/evidence/readiness/configuration/execution dimensions required by each target writer; discovery does not establish which arguments are already sufficient.""","db: Session, pipeline: PipelineRun, *, cutoff_at: datetime | None=None, clock: MarketClockService | None=None",Exact caller integration subject to source review; writer requirements retained verbatim in required_authority,UNVERIFIED_PARTIAL_ADOPTION; do not assume safe target writers,Explicit semantic operation and exact writer delivery; unsupported mutation deterministically rejected before writes,"SUPPLY_CONTEXT_OR_WRAP; explicit legacy only where native policy permits, never certified evidence",PRE_IMPLEMENTATION_SCOPE_RECONCILIATION_ONLY
EF_d06505188f3a0bbb,HTTP,app/routers/ib_market_intelligence_routes.py:queue_scanner,"CONFIGURATION,IBMI_SOURCE","WF_CONFIGURATION_DELIVERY,WF_IB_SCANNER_SOURCE","BOOTSTRAP,CANONICAL_CALCULATION","""Not dynamically audited for this initiator. Preserve native scope and supply the exact identity/time/evidence/readiness/configuration/execution dimensions required by each target writer; discovery does not establish which arguments are already sufficient.""","request: Request, payload: ScannerJobRequest, db: DbSession",Exact caller integration subject to source review; writer requirements retained verbatim in required_authority,UNVERIFIED_PARTIAL_ADOPTION; do not assume safe target writers,Explicit semantic operation and exact writer delivery; unsupported mutation deterministically rejected before writes,"SUPPLY_CONTEXT_OR_WRAP; explicit legacy only where native policy permits, never certified evidence",PRE_IMPLEMENTATION_SCOPE_RECONCILIATION_ONLY
EF_d60e758674b93dd7,HTTP,app/routers/run_routes.py:refresh_combined_results_action,"CERI,COMBINED,CURRENT_PROJECTION,FUNDAMENTAL,IBMI,RANKING,REGIME,SECTOR,TECHNICAL","WF_COMBINED_REFRESH,WF_CORE_CURRENT_PROJECTION,WF_CORE_RETAINED_EVIDENCE","CANONICAL_CALCULATION,CURRENT_PROJECTION_ADVANCE","""Not dynamically audited for this initiator. Preserve native scope and supply the exact identity/time/evidence/readiness/configuration/execution dimensions required by each target writer; discovery does not establish which arguments are already sufficient.""","run_id: int, db: DbSession",Exact caller integration subject to source review; writer requirements retained verbatim in required_authority,UNVERIFIED_PARTIAL_ADOPTION; do not assume safe target writers,Explicit semantic operation and exact writer delivery; unsupported mutation deterministically rejected before writes,"SUPPLY_CONTEXT_OR_WRAP; explicit legacy only where native policy permits, never certified evidence",PRE_IMPLEMENTATION_SCOPE_RECONCILIATION_ONLY
EF_d75034ba94b404c0,DURABLE_JOB,app/services/winner_probability/job_handlers.py:execute_prediction_capture_job,"PRICE,WINNER_COHORT,WINNER_ESTIMATE,WINNER_OUTCOME,WINNER_PREDICTION","WF_WINNER_CAPTURE_TRAINING_METADATA,WF_WINNER_COHORT_DEFINITION,WF_WINNER_EPISODE,WF_WINNER_ESTIMATOR,WF_WINNER_EVIDENCE_MANIFEST,WF_WINNER_INLINE_COHORT,WF_WINNER_MARKET_DATA_OBLIGATION,WF_WINNER_PENDING_OUTCOME,WF_WINNER_PREDICTION_CAPTURE,WF_WINNER_TYPED_REPOSITORY","BOOTSTRAP,CANONICAL_CALCULATION,MAINTENANCE","{""WF_WINNER_CAPTURE_TRAINING_METADATA"": ""Caller must deliver the following exact native authority if absent; no blanket assertion that already certified pipeline delivery lacks it: Exact scoped operational/source body and its retained SQL proof; same validating Session/owner for supporting helpers; aware operation time where business-time state changes; durable job configuration/run binding and current execution token when owned"", ""WF_WINNER_COHORT_DEFINITION"": ""Caller must deliver the following exact native authority if absent; no blanket assertion that already certified pipeline delivery lacks it: Exact scoped operational/source body and its retained SQL proof; same validating Session/owner for supporting helpers; aware operation time where business-time state changes; durable job configuration/run binding and current execution token when owned"", ""WF_WINNER_EPISODE"": ""Caller must deliver the following exact native authority if absent; no blanket assertion that already certified pipeline delivery lacks it: Exact native retained source bodies/IDs and immutable proofs; full executable configuration; explicit aware temporal/session authority; exact predecessor, target/model/generation/rule/manifest and native readiness where applicable; same validating Session and current durable execution token/configuration/run binding"", ""WF_WINNER_ESTIMATOR"": ""Caller must deliver the following exact native authority if absent; no blanket assertion that already certified pipeline delivery lacks it: Exact native retained source bodies/IDs and immutable proofs; full executable configuration; explicit aware temporal/session authority; exact predecessor, target/model/generation/rule/manifest and native readiness where applicable; same validating Session and current durable execution token/configuration/run binding"", ""WF_WINNER_EVIDENCE_MANIFEST"": ""Caller must deliver the following exact native authority if absent; no blanket assertion that already certified pipeline delivery lacks it: Exact scoped operational/source body and its retained SQL proof; same validating Session/owner for supporting helpers; aware operation time where business-time state changes; durable job configuration/run binding and current execution token when owned"", ""WF_WINNER_INLINE_COHORT"": ""Caller must deliver the following exact native authority if absent; no blanket assertion that already certified pipeline delivery lacks it: Exact native retained source bodies/IDs and immutable proofs; full executable configuration; explicit aware temporal/session authority; exact predecessor, target/model/generation/rule/manifest and native readiness where applicable; same validating Session and current durable execution token/configuration/run binding"", ""WF_WINNER_MARKET_DATA_OBLIGATION"": ""Caller must deliver the following exact native authority if absent; no blanket assertion that already certified pipeline delivery lacks it: Exact scoped operational/source body and its retained SQL proof; same validating Session/owner for supporting helpers; aware operation time where business-time state changes; durable job configuration/run binding and current execution token when owned"", ""WF_WINNER_PENDING_OUTCOME"": ""Caller must deliver the following exact native authority if absent; no blanket assertion that already certified pipeline delivery lacks it: Exact native retained source bodies/IDs and immutable proofs; full executable configuration; explicit aware temporal/session authority; exact predecessor, target/model/generation/rule/manifest and native readiness where applicable; same validating Session and current durable execution token/configuration/run binding"", ""WF_WINNER_PREDICTION_CAPTURE"": ""Caller must deliver the following exact native authority if absent; no blanket assertion that already certified pipeline delivery lacks it: Exact native retained source bodies/IDs and immutable proofs; full executable configuration; explicit aware temporal/session authority; exact predecessor, target/model/generation/rule/manifest and native readiness where applicable; same validating Session and current durable execution token/configuration/run binding"", ""WF_WINNER_TYPED_REPOSITORY"": ""Caller must deliver the following exact native authority if absent; no blanket assertion that already certified pipeline delivery lacks it: Exact native retained source bodies/IDs and immutable proofs; full executable configuration; explicit aware temporal/session authority; exact predecessor, target/model/generation/rule/manifest and native readiness where applicable; same validating Session and current durable execution token/configuration/run binding""}","db: Session, job: BackgroundJob, *, capture_service: WinnerPredictionCaptureService | None=None",Exact caller integration subject to source review; writer requirements retained verbatim in required_authority,SAFE_NATIVE_WRITER: rejects missing/altered authority before dedup or advancement and rolls back the semantic Session,Explicit semantic operation and exact writer delivery; unsupported mutation deterministically rejected before writes,"SUPPLY_CONTEXT_OR_WRAP; explicit legacy only where native policy permits, never certified evidence",PRE_IMPLEMENTATION_SCOPE_RECONCILIATION_ONLY
EF_d7d8afc3d1b69980,HTTP,app/routers/winner_probability_routes.py:retire_winner_probability_model,WINNER_MODEL,WF_WINNER_MODEL_GOVERNANCE,MAINTENANCE,"{""WF_WINNER_MODEL_GOVERNANCE"": ""Caller must deliver the following exact native authority if absent; no blanket assertion that already certified pipeline delivery lacks it: Exact native retained source bodies/IDs and immutable proofs; full executable configuration; explicit aware temporal/session authority; exact predecessor, target/model/generation/rule/manifest and native readiness where applicable; same validating Session and current durable execution token/configuration/run binding""}","request: Request, id: int, db: DbSession, reason: str='Retired through local OWPE API.'",Exact caller integration subject to source review; writer requirements retained verbatim in required_authority,SAFE_NATIVE_WRITER: rejects missing/altered authority before dedup or advancement and rolls back the semantic Session,Explicit semantic operation and exact writer delivery; unsupported mutation deterministically rejected before writes,"SUPPLY_CONTEXT_OR_WRAP; explicit legacy only where native policy permits, never certified evidence",PRE_IMPLEMENTATION_SCOPE_RECONCILIATION_ONLY
EF_d800f3dfe4a32b6f,SERVICE_PUBLIC,app/services/setup_lifecycle/purge_service.py:SetupLifecyclePurgeService.execute,"ALERT_DECISION,LIFECYCLE_EVALUATION,LIFECYCLE_TRANSITION,SETUP","WF_SETUP_DERIVED_PURGE,WF_SETUP_TYPED_REPOSITORY","BOOTSTRAP,CANONICAL_CALCULATION,CURRENT_STATE_REPAIR,MAINTENANCE","{""WF_SETUP_DERIVED_PURGE"": ""Caller must deliver the following exact native authority if absent; no blanket assertion that already certified pipeline delivery lacks it: Exact scoped operational/source body and its retained SQL proof; same validating Session/owner for supporting helpers; aware operation time where business-time state changes; durable job configuration/run binding and current execution token when owned"", ""WF_SETUP_TYPED_REPOSITORY"": ""Caller must deliver the following exact native authority if absent; no blanket assertion that already certified pipeline delivery lacks it: Exact native retained source bodies/IDs and immutable proofs; full executable configuration; explicit aware temporal/session authority; exact predecessor, target/model/generation/rule/manifest and native readiness where applicable; same validating Session and current durable execution token/configuration/run binding""}","self, db: Session, request: SetupLifecyclePurgeExecuteRequest",Exact caller integration subject to source review; writer requirements retained verbatim in required_authority,SAFE_NATIVE_WRITER: rejects missing/altered authority before dedup or advancement and rolls back the semantic Session,Explicit semantic operation and exact writer delivery; unsupported mutation deterministically rejected before writes,"SUPPLY_CONTEXT_OR_WRAP; explicit legacy only where native policy permits, never certified evidence",PRE_IMPLEMENTATION_SCOPE_RECONCILIATION_ONLY
EF_d92272017d7e1e0f,SERVICE_PUBLIC,app/services/configuration_delivery.py:anchor_enqueue_payload,CONFIGURATION,WF_CONFIGURATION_DELIVERY,BOOTSTRAP,"""Not dynamically audited for this initiator. Preserve native scope and supply the exact identity/time/evidence/readiness/configuration/execution dimensions required by each target writer; discovery does not establish which arguments are already sufficient.""","db, job_type, payload, *, parent_job_id=None",Exact caller integration subject to source review; writer requirements retained verbatim in required_authority,UNVERIFIED_PARTIAL_ADOPTION; do not assume safe target writers,Explicit semantic operation and exact writer delivery; unsupported mutation deterministically rejected before writes,"SUPPLY_CONTEXT_OR_WRAP; explicit legacy only where native policy permits, never certified evidence",PRE_IMPLEMENTATION_SCOPE_RECONCILIATION_ONLY
EF_d996ca3584688062,SERVICE_PUBLIC,app/services/background_job_service.py:mark_job_failed_or_retry,PIPELINE,"WF_PIPELINE_CONTROL,WF_SEC_PIPELINE_READINESS_REPAIR","BOOTSTRAP,CURRENT_STATE_REPAIR","""Not dynamically audited for this initiator. Preserve native scope and supply the exact identity/time/evidence/readiness/configuration/execution dimensions required by each target writer; discovery does not establish which arguments are already sufficient.""","db: Session, job: BackgroundJob, error: str | Exception, retry_delay: Callable[[int], timedelta] | None=None, execution_token: str | None=None",Exact caller integration subject to source review; writer requirements retained verbatim in required_authority,UNVERIFIED_PARTIAL_ADOPTION; do not assume safe target writers,Explicit semantic operation and exact writer delivery; unsupported mutation deterministically rejected before writes,"SUPPLY_CONTEXT_OR_WRAP; explicit legacy only where native policy permits, never certified evidence",PRE_IMPLEMENTATION_SCOPE_RECONCILIATION_ONLY
EF_dadb37f4fc444397,HTTP,app/routers/ib_market_intelligence_routes.py:queue_live,"CERI,COMBINED,CONFIGURATION,CURRENT_PROJECTION,FUNDAMENTAL,IBMI,IBMI_SOURCE,RANKING,REGIME,SECTOR,TECHNICAL","WF_CONFIGURATION_DELIVERY,WF_CORE_CURRENT_PROJECTION,WF_CORE_RETAINED_EVIDENCE,WF_IBMI_LIVE_SOURCE,WF_IBMI_NATIVE_FEATURE,WF_IB_CONTRACT_IDENTITY","BOOTSTRAP,CANONICAL_CALCULATION,CURRENT_PROJECTION_ADVANCE,MAINTENANCE","""Not dynamically audited for this initiator. Preserve native scope and supply the exact identity/time/evidence/readiness/configuration/execution dimensions required by each target writer; discovery does not establish which arguments are already sufficient.""","request: Request, payload: TickerJobRequest, db: DbSession",Exact caller integration subject to source review; writer requirements retained verbatim in required_authority,UNVERIFIED_PARTIAL_ADOPTION; do not assume safe target writers,Explicit semantic operation and exact writer delivery; unsupported mutation deterministically rejected before writes,"SUPPLY_CONTEXT_OR_WRAP; explicit legacy only where native policy permits, never certified evidence",PRE_IMPLEMENTATION_SCOPE_RECONCILIATION_ONLY
EF_dfb135b926a8760e,SERVICE_PUBLIC,app/services/winner_probability/backfill.py:WinnerProbabilityBackfillService.execute_backfill,"PRICE,WINNER_COHORT,WINNER_ESTIMATE,WINNER_OUTCOME,WINNER_PREDICTION","WF_WINNER_CAPTURE_TRAINING_METADATA,WF_WINNER_COHORT_DEFINITION,WF_WINNER_EPISODE,WF_WINNER_ESTIMATOR,WF_WINNER_EVIDENCE_MANIFEST,WF_WINNER_INLINE_COHORT,WF_WINNER_MARKET_DATA_OBLIGATION,WF_WINNER_PENDING_OUTCOME,WF_WINNER_PREDICTION_CAPTURE,WF_WINNER_TYPED_REPOSITORY","BOOTSTRAP,CANONICAL_CALCULATION,MAINTENANCE","{""WF_WINNER_CAPTURE_TRAINING_METADATA"": ""Caller must deliver the following exact native authority if absent; no blanket assertion that already certified pipeline delivery lacks it: Exact scoped operational/source body and its retained SQL proof; same validating Session/owner for supporting helpers; aware operation time where business-time state changes; durable job configuration/run binding and current execution token when owned"", ""WF_WINNER_COHORT_DEFINITION"": ""Caller must deliver the following exact native authority if absent; no blanket assertion that already certified pipeline delivery lacks it: Exact scoped operational/source body and its retained SQL proof; same validating Session/owner for supporting helpers; aware operation time where business-time state changes; durable job configuration/run binding and current execution token when owned"", ""WF_WINNER_EPISODE"": ""Caller must deliver the following exact native authority if absent; no blanket assertion that already certified pipeline delivery lacks it: Exact native retained source bodies/IDs and immutable proofs; full executable configuration; explicit aware temporal/session authority; exact predecessor, target/model/generation/rule/manifest and native readiness where applicable; same validating Session and current durable execution token/configuration/run binding"", ""WF_WINNER_ESTIMATOR"": ""Caller must deliver the following exact native authority if absent; no blanket assertion that already certified pipeline delivery lacks it: Exact native retained source bodies/IDs and immutable proofs; full executable configuration; explicit aware temporal/session authority; exact predecessor, target/model/generation/rule/manifest and native readiness where applicable; same validating Session and current durable execution token/configuration/run binding"", ""WF_WINNER_EVIDENCE_MANIFEST"": ""Caller must deliver the following exact native authority if absent; no blanket assertion that already certified pipeline delivery lacks it: Exact scoped operational/source body and its retained SQL proof; same validating Session/owner for supporting helpers; aware operation time where business-time state changes; durable job configuration/run binding and current execution token when owned"", ""WF_WINNER_INLINE_COHORT"": ""Caller must deliver the following exact native authority if absent; no blanket assertion that already certified pipeline delivery lacks it: Exact native retained source bodies/IDs and immutable proofs; full executable configuration; explicit aware temporal/session authority; exact predecessor, target/model/generation/rule/manifest and native readiness where applicable; same validating Session and current durable execution token/configuration/run binding"", ""WF_WINNER_MARKET_DATA_OBLIGATION"": ""Caller must deliver the following exact native authority if absent; no blanket assertion that already certified pipeline delivery lacks it: Exact scoped operational/source body and its retained SQL proof; same validating Session/owner for supporting helpers; aware operation time where business-time state changes; durable job configuration/run binding and current execution token when owned"", ""WF_WINNER_PENDING_OUTCOME"": ""Caller must deliver the following exact native authority if absent; no blanket assertion that already certified pipeline delivery lacks it: Exact native retained source bodies/IDs and immutable proofs; full executable configuration; explicit aware temporal/session authority; exact predecessor, target/model/generation/rule/manifest and native readiness where applicable; same validating Session and current durable execution token/configuration/run binding"", ""WF_WINNER_PREDICTION_CAPTURE"": ""Caller must deliver the following exact native authority if absent; no blanket assertion that already certified pipeline delivery lacks it: Exact native retained source bodies/IDs and immutable proofs; full executable configuration; explicit aware temporal/session authority; exact predecessor, target/model/generation/rule/manifest and native readiness where applicable; same validating Session and current durable execution token/configuration/run binding"", ""WF_WINNER_TYPED_REPOSITORY"": ""Caller must deliver the following exact native authority if absent; no blanket assertion that already certified pipeline delivery lacks it: Exact native retained source bodies/IDs and immutable proofs; full executable configuration; explicit aware temporal/session authority; exact predecessor, target/model/generation/rule/manifest and native readiness where applicable; same validating Session and current durable execution token/configuration/run binding""}","self, db: Session, request: BackfillRequest, *, config: WinnerProbabilityConfig, capture_service: WinnerPredictionCaptureService | None=None, should_cancel: Callable[[], bool] | None=None",Exact caller integration subject to source review; writer requirements retained verbatim in required_authority,SAFE_NATIVE_WRITER: rejects missing/altered authority before dedup or advancement and rolls back the semantic Session,Explicit semantic operation and exact writer delivery; unsupported mutation deterministically rejected before writes,"SUPPLY_CONTEXT_OR_WRAP; explicit legacy only where native policy permits, never certified evidence",PRE_IMPLEMENTATION_SCOPE_RECONCILIATION_ONLY
EF_dffa2b1993aa2354,CLI,scripts/owpe_pre11_activate_l5.py:main,"WINNER_COHORT,WINNER_ESTIMATE","WF_WINNER_COHORT_DEFINITION,WF_WINNER_EVIDENCE_MANIFEST,WF_WINNER_INLINE_COHORT,WF_WINNER_PRE11_ACTIVATION","BOOTSTRAP,CANONICAL_CALCULATION,PUBLICATION","{""WF_WINNER_COHORT_DEFINITION"": ""Caller must deliver the following exact native authority if absent; no blanket assertion that already certified pipeline delivery lacks it: Exact scoped operational/source body and its retained SQL proof; same validating Session/owner for supporting helpers; aware operation time where business-time state changes; durable job configuration/run binding and current execution token when owned"", ""WF_WINNER_EVIDENCE_MANIFEST"": ""Caller must deliver the following exact native authority if absent; no blanket assertion that already certified pipeline delivery lacks it: Exact scoped operational/source body and its retained SQL proof; same validating Session/owner for supporting helpers; aware operation time where business-time state changes; durable job configuration/run binding and current execution token when owned"", ""WF_WINNER_INLINE_COHORT"": ""Caller must deliver the following exact native authority if absent; no blanket assertion that already certified pipeline delivery lacks it: Exact native retained source bodies/IDs and immutable proofs; full executable configuration; explicit aware temporal/session authority; exact predecessor, target/model/generation/rule/manifest and native readiness where applicable; same validating Session and current durable execution token/configuration/run binding""}",,Exact caller integration subject to source review; writer requirements retained verbatim in required_authority,SAFE_NATIVE_WRITER: rejects missing/altered authority before dedup or advancement and rolls back the semantic Session,Explicit semantic operation and exact writer delivery; unsupported mutation deterministically rejected before writes,"SUPPLY_CONTEXT_OR_WRAP; explicit legacy only where native policy permits, never certified evidence",PRE_IMPLEMENTATION_SCOPE_RECONCILIATION_ONLY
EF_e019fa69d6156a8a,DURABLE_JOB,app/services/setup_lifecycle/job_handlers.py:execute_daily_maintenance_job,"ALERT_DECISION,LIFECYCLE_EVALUATION,LIFECYCLE_TRANSITION,SETUP","WF_LIFECYCLE_EPISODE,WF_LIFECYCLE_OBSERVATION_GAP,WF_LIFECYCLE_TRANSITION_EVIDENCE,WF_SETUP_TRANSITION_EVENT_STATE,WF_SETUP_TYPED_REPOSITORY","BOOTSTRAP,CANONICAL_CALCULATION,CURRENT_STATE_REPAIR,MAINTENANCE","{""WF_LIFECYCLE_EPISODE"": ""Caller must deliver the following exact native authority if absent; no blanket assertion that already certified pipeline delivery lacks it: Exact native retained source bodies/IDs and immutable proofs; full executable configuration; explicit aware temporal/session authority; exact predecessor, target/model/generation/rule/manifest and native readiness where applicable; same validating Session and current durable execution token/configuration/run binding"", ""WF_LIFECYCLE_OBSERVATION_GAP"": ""Caller must deliver the following exact native authority if absent; no blanket assertion that already certified pipeline delivery lacks it: Exact native retained source bodies/IDs and immutable proofs; full executable configuration; explicit aware temporal/session authority; exact predecessor, target/model/generation/rule/manifest and native readiness where applicable; same validating Session and current durable execution token/configuration/run binding"", ""WF_LIFECYCLE_TRANSITION_EVIDENCE"": ""Caller must deliver the following exact native authority if absent; no blanket assertion that already certified pipeline delivery lacks it: Exact native retained source bodies/IDs and immutable proofs; full executable configuration; explicit aware temporal/session authority; exact predecessor, target/model/generation/rule/manifest and native readiness where applicable; same validating Session and current durable execution token/configuration/run binding"", ""WF_SETUP_TRANSITION_EVENT_STATE"": ""Caller must deliver the following exact native authority if absent; no blanket assertion that already certified pipeline delivery lacks it: Exact native retained source bodies/IDs and immutable proofs; full executable configuration; explicit aware temporal/session authority; exact predecessor, target/model/generation/rule/manifest and native readiness where applicable; same validating Session and current durable execution token/configuration/run binding"", ""WF_SETUP_TYPED_REPOSITORY"": ""Caller must deliver the following exact native authority if absent; no blanket assertion that already certified pipeline delivery lacks it: Exact native retained source bodies/IDs and immutable proofs; full executable configuration; explicit aware temporal/session authority; exact predecessor, target/model/generation/rule/manifest and native readiness where applicable; same validating Session and current durable execution token/configuration/run binding""}","db: Session, job: BackgroundJob, *, maintenance_service: SetupLifecycleMaintenanceService | None=None",Exact caller integration subject to source review; writer requirements retained verbatim in required_authority,SAFE_NATIVE_WRITER: rejects missing/altered authority before dedup or advancement and rolls back the semantic Session,Explicit semantic operation and exact writer delivery; unsupported mutation deterministically rejected before writes,RETAIN_NATIVE_OPERATION_DELIVERY; await complete T14C writer certification,PRE_IMPLEMENTATION_SCOPE_RECONCILIATION_ONLY
EF_e0789b37db7a9fa5,HTTP,app/routers/market_regime_routes.py:recalculate_run_market_regime_api,"CERI,COMBINED,CURRENT_PROJECTION,FUNDAMENTAL,IBMI,RANKING,REGIME,SECTOR,TECHNICAL","WF_CORE_CURRENT_PROJECTION,WF_CORE_RETAINED_EVIDENCE,WF_REGIME_SNAPSHOT","CANONICAL_CALCULATION,CURRENT_PROJECTION_ADVANCE","""Not dynamically audited for this initiator. Preserve native scope and supply the exact identity/time/evidence/readiness/configuration/execution dimensions required by each target writer; discovery does not establish which arguments are already sufficient.""","run_id: int, db: DbSession",Exact caller integration subject to source review; writer requirements retained verbatim in required_authority,UNVERIFIED_PARTIAL_ADOPTION; do not assume safe target writers,Explicit semantic operation and exact writer delivery; unsupported mutation deterministically rejected before writes,"SUPPLY_CONTEXT_OR_WRAP; explicit legacy only where native policy permits, never certified evidence",PRE_IMPLEMENTATION_SCOPE_RECONCILIATION_ONLY
EF_e1ea1efe79f4b6c2,HTTP,app/routers/market_regime_routes.py:market_regime_page,"CERI,COMBINED,CURRENT_PROJECTION,FUNDAMENTAL,IBMI,RANKING,REGIME,SECTOR,TECHNICAL","WF_CORE_CURRENT_PROJECTION,WF_CORE_RETAINED_EVIDENCE,WF_REGIME_SNAPSHOT","CANONICAL_CALCULATION,CURRENT_PROJECTION_ADVANCE","""Not dynamically audited for this initiator. Preserve native scope and supply the exact identity/time/evidence/readiness/configuration/execution dimensions required by each target writer; discovery does not establish which arguments are already sufficient.""","request: Request, db: DbSession",Exact caller integration subject to source review; writer requirements retained verbatim in required_authority,UNVERIFIED_PARTIAL_ADOPTION; do not assume safe target writers,Explicit semantic operation and exact writer delivery; unsupported mutation deterministically rejected before writes,"SUPPLY_CONTEXT_OR_WRAP; explicit legacy only where native policy permits, never certified evidence",PRE_IMPLEMENTATION_SCOPE_RECONCILIATION_ONLY
EF_e3e63ca037854ac0,SERVICE_PUBLIC,app/services/setup_lifecycle/maintenance_service.py:SetupLifecycleMaintenanceService.daily_maintenance,"ALERT_DECISION,LIFECYCLE_EVALUATION,LIFECYCLE_TRANSITION,SETUP","WF_LIFECYCLE_EPISODE,WF_LIFECYCLE_OBSERVATION_GAP,WF_LIFECYCLE_TRANSITION_EVIDENCE,WF_SETUP_TRANSITION_EVENT_STATE,WF_SETUP_TYPED_REPOSITORY","BOOTSTRAP,CANONICAL_CALCULATION,CURRENT_STATE_REPAIR,MAINTENANCE","{""WF_LIFECYCLE_EPISODE"": ""Caller must deliver the following exact native authority if absent; no blanket assertion that already certified pipeline delivery lacks it: Exact native retained source bodies/IDs and immutable proofs; full executable configuration; explicit aware temporal/session authority; exact predecessor, target/model/generation/rule/manifest and native readiness where applicable; same validating Session and current durable execution token/configuration/run binding"", ""WF_LIFECYCLE_OBSERVATION_GAP"": ""Caller must deliver the following exact native authority if absent; no blanket assertion that already certified pipeline delivery lacks it: Exact native retained source bodies/IDs and immutable proofs; full executable configuration; explicit aware temporal/session authority; exact predecessor, target/model/generation/rule/manifest and native readiness where applicable; same validating Session and current durable execution token/configuration/run binding"", ""WF_LIFECYCLE_TRANSITION_EVIDENCE"": ""Caller must deliver the following exact native authority if absent; no blanket assertion that already certified pipeline delivery lacks it: Exact native retained source bodies/IDs and immutable proofs; full executable configuration; explicit aware temporal/session authority; exact predecessor, target/model/generation/rule/manifest and native readiness where applicable; same validating Session and current durable execution token/configuration/run binding"", ""WF_SETUP_TRANSITION_EVENT_STATE"": ""Caller must deliver the following exact native authority if absent; no blanket assertion that already certified pipeline delivery lacks it: Exact native retained source bodies/IDs and immutable proofs; full executable configuration; explicit aware temporal/session authority; exact predecessor, target/model/generation/rule/manifest and native readiness where applicable; same validating Session and current durable execution token/configuration/run binding"", ""WF_SETUP_TYPED_REPOSITORY"": ""Caller must deliver the following exact native authority if absent; no blanket assertion that already certified pipeline delivery lacks it: Exact native retained source bodies/IDs and immutable proofs; full executable configuration; explicit aware temporal/session authority; exact predecessor, target/model/generation/rule/manifest and native readiness where applicable; same validating Session and current durable execution token/configuration/run binding""}","self, db, *, as_of_date: date, market_session_completed: bool=True, evaluation_run_id: int | None=None, market_cutoff: MarketCalculationCutoff | None=None",Exact caller integration subject to source review; writer requirements retained verbatim in required_authority,SAFE_NATIVE_WRITER: rejects missing/altered authority before dedup or advancement and rolls back the semantic Session,Explicit semantic operation and exact writer delivery; unsupported mutation deterministically rejected before writes,RETAIN_NATIVE_OPERATION_DELIVERY; await complete T14C writer certification,PRE_IMPLEMENTATION_SCOPE_RECONCILIATION_ONLY
EF_e7b00a98f583e767,CLI,scripts/owpe_pre11_training_compatibility.py:main,"CONFIGURATION,CURRENT_PROJECTION,WINNER_COHORT,WINNER_GENERATION","WF_CONFIGURATION_DELIVERY,WF_WINNER_COHORT_DEFINITION,WF_WINNER_COHORT_MATERIALIZATION,WF_WINNER_EVIDENCE_MANIFEST,WF_WINNER_GENERATION,WF_WINNER_PRE11_TRAINING_REPLAY,WF_WINNER_WATERMARK","BOOTSTRAP,CANONICAL_CALCULATION,CURRENT_PROJECTION_ADVANCE,CURRENT_RULES_RETROSPECTIVE","{""WF_WINNER_COHORT_DEFINITION"": ""Caller must deliver the following exact native authority if absent; no blanket assertion that already certified pipeline delivery lacks it: Exact scoped operational/source body and its retained SQL proof; same validating Session/owner for supporting helpers; aware operation time where business-time state changes; durable job configuration/run binding and current execution token when owned"", ""WF_WINNER_COHORT_MATERIALIZATION"": ""Caller must deliver the following exact native authority if absent; no blanket assertion that already certified pipeline delivery lacks it: Exact native retained source bodies/IDs and immutable proofs; full executable configuration; explicit aware temporal/session authority; exact predecessor, target/model/generation/rule/manifest and native readiness where applicable; same validating Session and current durable execution token/configuration/run binding"", ""WF_WINNER_EVIDENCE_MANIFEST"": ""Caller must deliver the following exact native authority if absent; no blanket assertion that already certified pipeline delivery lacks it: Exact scoped operational/source body and its retained SQL proof; same validating Session/owner for supporting helpers; aware operation time where business-time state changes; durable job configuration/run binding and current execution token when owned"", ""WF_WINNER_GENERATION"": ""Caller must deliver the following exact native authority if absent; no blanket assertion that already certified pipeline delivery lacks it: Exact native retained source bodies/IDs and immutable proofs; full executable configuration; explicit aware temporal/session authority; exact predecessor, target/model/generation/rule/manifest and native readiness where applicable; same validating Session and current durable execution token/configuration/run binding"", ""WF_WINNER_WATERMARK"": ""Caller must deliver the following exact native authority if absent; no blanket assertion that already certified pipeline delivery lacks it: Exact scoped operational/source body and its retained SQL proof; same validating Session/owner for supporting helpers; aware operation time where business-time state changes; durable job configuration/run binding and current execution token when owned""}",,Exact caller integration subject to source review; writer requirements retained verbatim in required_authority,SAFE_NATIVE_WRITER: rejects missing/altered authority before dedup or advancement and rolls back the semantic Session,Explicit semantic operation and exact writer delivery; unsupported mutation deterministically rejected before writes,"SUPPLY_CONTEXT_OR_WRAP; explicit legacy only where native policy permits, never certified evidence",PRE_IMPLEMENTATION_SCOPE_RECONCILIATION_ONLY
EF_e90fcdb88b1d464c,SERVICE_PUBLIC,app/services/winner_probability/temporal_validation_service.py:TemporalValidationService.record,WINNER_PREDICTION,WF_WINNER_TEMPORAL_VALIDITY,CURRENT_STATE_REPAIR,"""Not dynamically audited for this initiator. Preserve native scope and supply the exact identity/time/evidence/readiness/configuration/execution dimensions required by each target writer; discovery does not establish which arguments are already sufficient.""","self, db: Session, *, prediction: WinnerPredictionSnapshot, decision_at: datetime, entry_session, semantic_input_time_valid: bool | None, evaluated_by: str, evaluated_at: datetime | None=None, metadata: dict | None=None",Exact caller integration subject to source review; writer requirements retained verbatim in required_authority,UNVERIFIED_PARTIAL_ADOPTION; do not assume safe target writers,Explicit semantic operation and exact writer delivery; unsupported mutation deterministically rejected before writes,"SUPPLY_CONTEXT_OR_WRAP; explicit legacy only where native policy permits, never certified evidence",PRE_IMPLEMENTATION_SCOPE_RECONCILIATION_ONLY
EF_eee5b61f60223f9a,HTTP,app/routers/ceri_routes.py:review_ceri_event,"CERI_REVIEW,CERI_SOURCE",WF_CERI_REVIEW_METADATA,MAINTENANCE,"""Not dynamically audited for this initiator. Preserve native scope and supply the exact identity/time/evidence/readiness/configuration/execution dimensions required by each target writer; discovery does not establish which arguments are already sufficient.""","event_id: int, request: Request, db: DbSession, payload: dict[str, Any] | None=None",Exact caller integration subject to source review; writer requirements retained verbatim in required_authority,UNVERIFIED_PARTIAL_ADOPTION; do not assume safe target writers,Explicit semantic operation and exact writer delivery; unsupported mutation deterministically rejected before writes,"SUPPLY_CONTEXT_OR_WRAP; explicit legacy only where native policy permits, never certified evidence",PRE_IMPLEMENTATION_SCOPE_RECONCILIATION_ONLY
EF_efdab1574d4810f7,HTTP,app/routers/ceri_routes.py:acknowledge_ceri_alert,CERI_ALERT,WF_CERI_ALERT_STATUS,MAINTENANCE,"{""WF_CERI_ALERT_STATUS"": ""Caller must deliver the following exact native authority if absent; no blanket assertion that already certified pipeline delivery lacks it: Exact scoped operational/source body and its retained SQL proof; same validating Session/owner for supporting helpers; aware operation time where business-time state changes; durable job configuration/run binding and current execution token when owned""}","alert_id: int, request: Request, db: DbSession",Exact caller integration subject to source review; writer requirements retained verbatim in required_authority,SAFE_NATIVE_WRITER: rejects missing/altered authority before dedup or advancement and rolls back the semantic Session,Explicit semantic operation and exact writer delivery; unsupported mutation deterministically rejected before writes,"SUPPLY_CONTEXT_OR_WRAP; explicit legacy only where native policy permits, never certified evidence",PRE_IMPLEMENTATION_SCOPE_RECONCILIATION_ONLY
EF_f08968c9df1fcf75,DURABLE_JOB,app/services/ib_market_intelligence/orchestration.py:execute_feature_rebuild,"CERI,COMBINED,CURRENT_PROJECTION,FUNDAMENTAL,IBMI,RANKING,REGIME,SECTOR,TECHNICAL","WF_CORE_CURRENT_PROJECTION,WF_CORE_RETAINED_EVIDENCE,WF_IBMI_NATIVE_FEATURE","CANONICAL_CALCULATION,CURRENT_PROJECTION_ADVANCE","""Not dynamically audited for this initiator. Preserve native scope and supply the exact identity/time/evidence/readiness/configuration/execution dimensions required by each target writer; discovery does not establish which arguments are already sufficient.""","db: Session, job: BackgroundJob",Exact caller integration subject to source review; writer requirements retained verbatim in required_authority,UNVERIFIED_PARTIAL_ADOPTION; do not assume safe target writers,Explicit semantic operation and exact writer delivery; unsupported mutation deterministically rejected before writes,"SUPPLY_CONTEXT_OR_WRAP; explicit legacy only where native policy permits, never certified evidence",PRE_IMPLEMENTATION_SCOPE_RECONCILIATION_ONLY
EF_f15527d79c7c93f0,CLI,scripts/winner_estimate_publication.py:main,"CURRENT_PROJECTION,WINNER_ESTIMATE,WINNER_GENERATION,WINNER_PUBLICATION","WF_WINNER_GENERATION,WF_WINNER_PUBLICATION","CANONICAL_CALCULATION,PUBLICATION","{""WF_WINNER_GENERATION"": ""Caller must deliver the following exact native authority if absent; no blanket assertion that already certified pipeline delivery lacks it: Exact native retained source bodies/IDs and immutable proofs; full executable configuration; explicit aware temporal/session authority; exact predecessor, target/model/generation/rule/manifest and native readiness where applicable; same validating Session and current durable execution token/configuration/run binding"", ""WF_WINNER_PUBLICATION"": ""Caller must deliver the following exact native authority if absent; no blanket assertion that already certified pipeline delivery lacks it: Exact native retained source bodies/IDs and immutable proofs; full executable configuration; explicit aware temporal/session authority; exact predecessor, target/model/generation/rule/manifest and native readiness where applicable; same validating Session and current durable execution token/configuration/run binding""}",,Exact caller integration subject to source review; writer requirements retained verbatim in required_authority,SAFE_NATIVE_WRITER: rejects missing/altered authority before dedup or advancement and rolls back the semantic Session,Explicit semantic operation and exact writer delivery; unsupported mutation deterministically rejected before writes,"SUPPLY_CONTEXT_OR_WRAP; explicit legacy only where native policy permits, never certified evidence",PRE_IMPLEMENTATION_SCOPE_RECONCILIATION_ONLY
EF_f1b793dd95869927,SERVICE_PUBLIC,app/services/ceri/feature_rebuild_service.py:CeriFeatureRebuildService.rebuild_from_context,CERI_SOURCE,"WF_CERI_CONSENSUS_ATTACH,WF_CERI_FEATURE_BUILD,WF_CERI_REVISION_FEATURE","CANONICAL_CALCULATION,MAINTENANCE","""Not dynamically audited for this initiator. Preserve native scope and supply the exact identity/time/evidence/readiness/configuration/execution dimensions required by each target writer; discovery does not establish which arguments are already sufficient.""","self, db: Session, *, company: CeriCompany, request: CeriFeatureRebuildRequest, context: CeriFeatureBatchContext, processing_run: Any | None=None",Exact caller integration subject to source review; writer requirements retained verbatim in required_authority,UNVERIFIED_PARTIAL_ADOPTION; do not assume safe target writers,Explicit semantic operation and exact writer delivery; unsupported mutation deterministically rejected before writes,"SUPPLY_CONTEXT_OR_WRAP; explicit legacy only where native policy permits, never certified evidence",PRE_IMPLEMENTATION_SCOPE_RECONCILIATION_ONLY
EF_f2bc7aacc0513db5,HTTP,app/routers/run_routes.py:resume_run_pipeline_action,"CERI,CERI_ALERT,CERI_CHANGE,CERI_SOURCE,COMBINED,CONFIGURATION,CURRENT_PROJECTION,FUNDAMENTAL,IBMI,IBMI_SOURCE,PIPELINE,PRICE,RANKING,RAW,REGIME,SECTOR,TECHNICAL","WF_CERI_ALERT_CREATION,WF_CERI_CHANGE,WF_CERI_CONSENSUS_ATTACH,WF_CERI_FEATURE_BUILD,WF_CERI_GUIDANCE_ELIGIBILITY,WF_CERI_PRICE_RESPONSE,WF_CERI_RAW_SOURCE,WF_CERI_REVISION_FEATURE,WF_CERI_SCORE,WF_CERI_SOURCE_IDENTITY,WF_CERI_SOURCE_NORMALIZATION,WF_COMBINED_REFRESH,WF_CONFIGURATION_DELIVERY,WF_CORE_CURRENT_PROJECTION,WF_CORE_RETAINED_EVIDENCE,WF_FUNDAMENTAL_RECALCULATION,WF_IB_CONTRACT_IDENTITY,WF_MARKET_CONTEXT_AUTHORITY,WF_PIPELINE_CONTROL,WF_PIPELINE_STAGE_STATE,WF_PRICE_INGESTION,WF_PRICE_SERIES_VERSION,WF_RANKING_LEGACY_REPLACEMENT,WF_RANKING_PERSISTENCE,WF_REGIME_SNAPSHOT,WF_SECTOR_SNAPSHOT,WF_SEC_DOCUMENT_SOURCE,WF_SEC_INCREMENTAL_IDENTITY,WF_SEC_PIPELINE_READINESS_REPAIR,WF_TECHNICAL_FEATURE_CACHE,WF_TECHNICAL_FINALIZATION,WF_WINNER_MARKET_DATA_OBLIGATION","BOOTSTRAP,CANONICAL_CALCULATION,CURRENT_PROJECTION_ADVANCE,CURRENT_STATE_REPAIR,LEGACY_UNCERTIFIED,MAINTENANCE","{""WF_CERI_ALERT_CREATION"": ""Caller must deliver the following exact native authority if absent; no blanket assertion that already certified pipeline delivery lacks it: Exact native retained source bodies/IDs and immutable proofs; full executable configuration; explicit aware temporal/session authority; exact predecessor, target/model/generation/rule/manifest and native readiness where applicable; same validating Session and current durable execution token/configuration/run binding"", ""WF_CERI_CHANGE"": ""Caller must deliver the following exact native authority if absent; no blanket assertion that already certified pipeline delivery lacks it: Exact scoped operational/source body and its retained SQL proof; same validating Session/owner for supporting helpers; aware operation time where business-time state changes; durable job configuration/run binding and current execution token when owned"", ""WF_WINNER_MARKET_DATA_OBLIGATION"": ""Caller must deliver the following exact native authority if absent; no blanket assertion that already certified pipeline delivery lacks it: Exact scoped operational/source body and its retained SQL proof; same validating Session/owner for supporting helpers; aware operation time where business-time state changes; durable job configuration/run binding and current execution token when owned""}","run_id: int, pipeline_id: int, db: DbSession",Exact caller integration subject to source review; writer requirements retained verbatim in required_authority,SAFE_NATIVE_WRITER: rejects missing/altered authority before dedup or advancement and rolls back the semantic Session,Explicit semantic operation and exact writer delivery; unsupported mutation deterministically rejected before writes,"SUPPLY_CONTEXT_OR_WRAP; explicit legacy only where native policy permits, never certified evidence",PRE_IMPLEMENTATION_SCOPE_RECONCILIATION_ONLY
EF_f3014b101f7ca379,SERVICE_PUBLIC,app/services/ceri/controlled_replay_service.py:CeriControlledReplayService.replay,"CERI,CERI_SOURCE,COMBINED,CURRENT_PROJECTION,FUNDAMENTAL,IBMI,RANKING,REGIME,SECTOR,TECHNICAL","WF_CERI_CURRENT_RULE_REPLAY,WF_CERI_REVISION_FEATURE,WF_CERI_SCORE,WF_CORE_CURRENT_PROJECTION,WF_CORE_RETAINED_EVIDENCE","CANONICAL_CALCULATION,CURRENT_PROJECTION_ADVANCE,CURRENT_RULES_RETROSPECTIVE","""Not dynamically audited for this initiator. Preserve native scope and supply the exact identity/time/evidence/readiness/configuration/execution dimensions required by each target writer; discovery does not establish which arguments are already sufficient.""","self, db: Session, request: ControlledReplayRequest",Exact caller integration subject to source review; writer requirements retained verbatim in required_authority,UNVERIFIED_PARTIAL_ADOPTION; do not assume safe target writers,Explicit semantic operation and exact writer delivery; unsupported mutation deterministically rejected before writes,"SUPPLY_CONTEXT_OR_WRAP; explicit legacy only where native policy permits, never certified evidence",PRE_IMPLEMENTATION_SCOPE_RECONCILIATION_ONLY
EF_f3e3fc7ce827f01c,SERVICE_PUBLIC,app/services/pipeline_executor.py:execute_full_pipeline,"CERI,CERI_ALERT,CERI_CHANGE,CERI_SOURCE,COMBINED,CONFIGURATION,CURRENT_PROJECTION,FUNDAMENTAL,IBMI,IBMI_SOURCE,PIPELINE,PRICE,RANKING,RAW,REGIME,SECTOR,TECHNICAL","WF_CERI_ALERT_CREATION,WF_CERI_CHANGE,WF_CERI_CONSENSUS_ATTACH,WF_CERI_FEATURE_BUILD,WF_CERI_GUIDANCE_ELIGIBILITY,WF_CERI_PRICE_RESPONSE,WF_CERI_RAW_SOURCE,WF_CERI_REVISION_FEATURE,WF_CERI_SCORE,WF_CERI_SOURCE_IDENTITY,WF_CERI_SOURCE_NORMALIZATION,WF_COMBINED_REFRESH,WF_CONFIGURATION_DELIVERY,WF_CORE_CURRENT_PROJECTION,WF_CORE_RETAINED_EVIDENCE,WF_FUNDAMENTAL_RECALCULATION,WF_IB_CONTRACT_IDENTITY,WF_MARKET_CONTEXT_AUTHORITY,WF_PIPELINE_STAGE_STATE,WF_PRICE_INGESTION,WF_PRICE_SERIES_VERSION,WF_RANKING_LEGACY_REPLACEMENT,WF_RANKING_PERSISTENCE,WF_REGIME_SNAPSHOT,WF_SECTOR_SNAPSHOT,WF_SEC_DOCUMENT_SOURCE,WF_SEC_INCREMENTAL_IDENTITY,WF_TECHNICAL_FEATURE_CACHE,WF_TECHNICAL_FINALIZATION,WF_WINNER_MARKET_DATA_OBLIGATION","BOOTSTRAP,CANONICAL_CALCULATION,CURRENT_PROJECTION_ADVANCE,LEGACY_UNCERTIFIED,MAINTENANCE","{""WF_CERI_ALERT_CREATION"": ""Caller must deliver the following exact native authority if absent; no blanket assertion that already certified pipeline delivery lacks it: Exact native retained source bodies/IDs and immutable proofs; full executable configuration; explicit aware temporal/session authority; exact predecessor, target/model/generation/rule/manifest and native readiness where applicable; same validating Session and current durable execution token/configuration/run binding"", ""WF_CERI_CHANGE"": ""Caller must deliver the following exact native authority if absent; no blanket assertion that already certified pipeline delivery lacks it: Exact scoped operational/source body and its retained SQL proof; same validating Session/owner for supporting helpers; aware operation time where business-time state changes; durable job configuration/run binding and current execution token when owned"", ""WF_WINNER_MARKET_DATA_OBLIGATION"": ""Caller must deliver the following exact native authority if absent; no blanket assertion that already certified pipeline delivery lacks it: Exact scoped operational/source body and its retained SQL proof; same validating Session/owner for supporting helpers; aware operation time where business-time state changes; durable job configuration/run binding and current execution token when owned""}","db: Session, pipeline_run_id: int, should_cancel: Callable[[], bool] | None=None, lease_guard: Callable[[], None] | None=None, dependencies: PipelineExecutionDependencies | None=None, resume_from_step: str | None=None, progress_callback: Callable[..., None] | None=None, memory_probe: Callable[..., None] | None=None, execution_token: str | None=None",Exact caller integration subject to source review; writer requirements retained verbatim in required_authority,SAFE_NATIVE_WRITER: rejects missing/altered authority before dedup or advancement and rolls back the semantic Session,Explicit semantic operation and exact writer delivery; unsupported mutation deterministically rejected before writes,"SUPPLY_CONTEXT_OR_WRAP; explicit legacy only where native policy permits, never certified evidence",PRE_IMPLEMENTATION_SCOPE_RECONCILIATION_ONLY
EF_f4945d656d5d650f,HTTP,app/routers/run_routes.py:run_full_pipeline_action,"CERI,CERI_ALERT,CERI_CHANGE,CERI_SOURCE,COMBINED,CONFIGURATION,CURRENT_PROJECTION,FUNDAMENTAL,IBMI,IBMI_SOURCE,PIPELINE,PRICE,RANKING,RAW,REGIME,SECTOR,TECHNICAL","WF_CERI_ALERT_CREATION,WF_CERI_CHANGE,WF_CERI_CONSENSUS_ATTACH,WF_CERI_FEATURE_BUILD,WF_CERI_GUIDANCE_ELIGIBILITY,WF_CERI_PRICE_RESPONSE,WF_CERI_RAW_SOURCE,WF_CERI_REVISION_FEATURE,WF_CERI_SCORE,WF_CERI_SOURCE_IDENTITY,WF_CERI_SOURCE_NORMALIZATION,WF_COMBINED_REFRESH,WF_CONFIGURATION_DELIVERY,WF_CORE_CURRENT_PROJECTION,WF_CORE_RETAINED_EVIDENCE,WF_FUNDAMENTAL_RECALCULATION,WF_IB_CONTRACT_IDENTITY,WF_MARKET_CONTEXT_AUTHORITY,WF_PIPELINE_CONTROL,WF_PIPELINE_STAGE_STATE,WF_PRICE_INGESTION,WF_PRICE_SERIES_VERSION,WF_RANKING_LEGACY_REPLACEMENT,WF_RANKING_PERSISTENCE,WF_REGIME_SNAPSHOT,WF_SECTOR_SNAPSHOT,WF_SEC_DOCUMENT_SOURCE,WF_SEC_IDENTITY_REPAIR,WF_SEC_INCREMENTAL_IDENTITY,WF_SEC_PIPELINE_READINESS_REPAIR,WF_TECHNICAL_FEATURE_CACHE,WF_TECHNICAL_FINALIZATION,WF_WINNER_MARKET_DATA_OBLIGATION","BOOTSTRAP,CANONICAL_CALCULATION,CURRENT_PROJECTION_ADVANCE,CURRENT_STATE_REPAIR,LEGACY_UNCERTIFIED,MAINTENANCE","{""WF_CERI_ALERT_CREATION"": ""Caller must deliver the following exact native authority if absent; no blanket assertion that already certified pipeline delivery lacks it: Exact native retained source bodies/IDs and immutable proofs; full executable configuration; explicit aware temporal/session authority; exact predecessor, target/model/generation/rule/manifest and native readiness where applicable; same validating Session and current durable execution token/configuration/run binding"", ""WF_CERI_CHANGE"": ""Caller must deliver the following exact native authority if absent; no blanket assertion that already certified pipeline delivery lacks it: Exact scoped operational/source body and its retained SQL proof; same validating Session/owner for supporting helpers; aware operation time where business-time state changes; durable job configuration/run binding and current execution token when owned"", ""WF_WINNER_MARKET_DATA_OBLIGATION"": ""Caller must deliver the following exact native authority if absent; no blanket assertion that already certified pipeline delivery lacks it: Exact scoped operational/source body and its retained SQL proof; same validating Session/owner for supporting helpers; aware operation time where business-time state changes; durable job configuration/run binding and current execution token when owned""}","run_id: int, db: DbSession, market_data_policy: MarketDataPolicyForm=MarketDataPolicy.REQUIRE_IB.value, transition_preflight_plan_id: TransitionPreflightPlanForm=None",Exact caller integration subject to source review; writer requirements retained verbatim in required_authority,SAFE_NATIVE_WRITER: rejects missing/altered authority before dedup or advancement and rolls back the semantic Session,Explicit semantic operation and exact writer delivery; unsupported mutation deterministically rejected before writes,"SUPPLY_CONTEXT_OR_WRAP; explicit legacy only where native policy permits, never certified evidence",PRE_IMPLEMENTATION_SCOPE_RECONCILIATION_ONLY
EF_f625f1c6154924e0,DURABLE_JOB,app/services/ceri/job_handlers.py:execute_provider_ingest_job,"CERI,CERI_ALERT,CERI_CHANGE,CERI_SOURCE,COMBINED,CONFIGURATION,CURRENT_PROJECTION,FUNDAMENTAL,IBMI,RANKING,REGIME,SECTOR,TECHNICAL","WF_CERI_ALERT_CREATION,WF_CERI_CHANGE,WF_CERI_CONSENSUS_ATTACH,WF_CERI_FEATURE_BUILD,WF_CERI_GUIDANCE_ELIGIBILITY,WF_CERI_PRICE_RESPONSE,WF_CERI_RAW_SOURCE,WF_CERI_REVISION_FEATURE,WF_CERI_SCORE,WF_CERI_SOURCE_IDENTITY,WF_CERI_SOURCE_NORMALIZATION,WF_CONFIGURATION_DELIVERY,WF_CORE_CURRENT_PROJECTION,WF_CORE_RETAINED_EVIDENCE,WF_SEC_DOCUMENT_SOURCE,WF_SEC_INCREMENTAL_IDENTITY","BOOTSTRAP,CANONICAL_CALCULATION,CURRENT_PROJECTION_ADVANCE,MAINTENANCE","{""WF_CERI_ALERT_CREATION"": ""Caller must deliver the following exact native authority if absent; no blanket assertion that already certified pipeline delivery lacks it: Exact native retained source bodies/IDs and immutable proofs; full executable configuration; explicit aware temporal/session authority; exact predecessor, target/model/generation/rule/manifest and native readiness where applicable; same validating Session and current durable execution token/configuration/run binding"", ""WF_CERI_CHANGE"": ""Caller must deliver the following exact native authority if absent; no blanket assertion that already certified pipeline delivery lacks it: Exact scoped operational/source body and its retained SQL proof; same validating Session/owner for supporting helpers; aware operation time where business-time state changes; durable job configuration/run binding and current execution token when owned""}","db: Session, job: BackgroundJob, *, ingestion_service: CeriIngestionService | None=None",Exact caller integration subject to source review; writer requirements retained verbatim in required_authority,SAFE_NATIVE_WRITER: rejects missing/altered authority before dedup or advancement and rolls back the semantic Session,Explicit semantic operation and exact writer delivery; unsupported mutation deterministically rejected before writes,"SUPPLY_CONTEXT_OR_WRAP; explicit legacy only where native policy permits, never certified evidence",PRE_IMPLEMENTATION_SCOPE_RECONCILIATION_ONLY
EF_f72ef83620027f4c,SERVICE_PUBLIC,app/services/ceri/sec/incremental_ingestion.py:SecGuidanceIncrementalIngestionService.ingest,CERI_SOURCE,"WF_CERI_RAW_SOURCE,WF_SEC_DOCUMENT_SOURCE,WF_SEC_INCREMENTAL_IDENTITY","CANONICAL_CALCULATION,MAINTENANCE","""Not dynamically audited for this initiator. Preserve native scope and supply the exact identity/time/evidence/readiness/configuration/execution dimensions required by each target writer; discovery does not establish which arguments are already sufficient.""","self, db: Session, *, provider: SecCeriProvider, ingestion_run: CeriIngestionRun, ticker: str, start: date | None, end: date | None, raw_payload_allowed: bool, historical_backfill: bool, should_cancel=None, worker_id: str | None=None, reuse_completed_documents: bool=False",Exact caller integration subject to source review; writer requirements retained verbatim in required_authority,UNVERIFIED_PARTIAL_ADOPTION; do not assume safe target writers,Explicit semantic operation and exact writer delivery; unsupported mutation deterministically rejected before writes,"SUPPLY_CONTEXT_OR_WRAP; explicit legacy only where native policy permits, never certified evidence",PRE_IMPLEMENTATION_SCOPE_RECONCILIATION_ONLY
EF_f86acc74753df900,SERVICE_PUBLIC,app/services/pipeline_service.py:resume_pipeline,"CERI,CERI_ALERT,CERI_CHANGE,CERI_SOURCE,COMBINED,CONFIGURATION,CURRENT_PROJECTION,FUNDAMENTAL,IBMI,IBMI_SOURCE,PIPELINE,PRICE,RANKING,RAW,REGIME,SECTOR,TECHNICAL","WF_CERI_ALERT_CREATION,WF_CERI_CHANGE,WF_CERI_CONSENSUS_ATTACH,WF_CERI_FEATURE_BUILD,WF_CERI_GUIDANCE_ELIGIBILITY,WF_CERI_PRICE_RESPONSE,WF_CERI_RAW_SOURCE,WF_CERI_REVISION_FEATURE,WF_CERI_SCORE,WF_CERI_SOURCE_IDENTITY,WF_CERI_SOURCE_NORMALIZATION,WF_COMBINED_REFRESH,WF_CONFIGURATION_DELIVERY,WF_CORE_CURRENT_PROJECTION,WF_CORE_RETAINED_EVIDENCE,WF_FUNDAMENTAL_RECALCULATION,WF_IB_CONTRACT_IDENTITY,WF_MARKET_CONTEXT_AUTHORITY,WF_PIPELINE_CONTROL,WF_PIPELINE_STAGE_STATE,WF_PRICE_INGESTION,WF_PRICE_SERIES_VERSION,WF_RANKING_LEGACY_REPLACEMENT,WF_RANKING_PERSISTENCE,WF_REGIME_SNAPSHOT,WF_SECTOR_SNAPSHOT,WF_SEC_DOCUMENT_SOURCE,WF_SEC_INCREMENTAL_IDENTITY,WF_SEC_PIPELINE_READINESS_REPAIR,WF_TECHNICAL_FEATURE_CACHE,WF_TECHNICAL_FINALIZATION,WF_WINNER_MARKET_DATA_OBLIGATION","BOOTSTRAP,CANONICAL_CALCULATION,CURRENT_PROJECTION_ADVANCE,CURRENT_STATE_REPAIR,LEGACY_UNCERTIFIED,MAINTENANCE","{""WF_CERI_ALERT_CREATION"": ""Caller must deliver the following exact native authority if absent; no blanket assertion that already certified pipeline delivery lacks it: Exact native retained source bodies/IDs and immutable proofs; full executable configuration; explicit aware temporal/session authority; exact predecessor, target/model/generation/rule/manifest and native readiness where applicable; same validating Session and current durable execution token/configuration/run binding"", ""WF_CERI_CHANGE"": ""Caller must deliver the following exact native authority if absent; no blanket assertion that already certified pipeline delivery lacks it: Exact scoped operational/source body and its retained SQL proof; same validating Session/owner for supporting helpers; aware operation time where business-time state changes; durable job configuration/run binding and current execution token when owned"", ""WF_WINNER_MARKET_DATA_OBLIGATION"": ""Caller must deliver the following exact native authority if absent; no blanket assertion that already certified pipeline delivery lacks it: Exact scoped operational/source body and its retained SQL proof; same validating Session/owner for supporting helpers; aware operation time where business-time state changes; durable job configuration/run binding and current execution token when owned""}","db: Session, pipeline_run_id: int, *, resume_from_step: str | None=None",Exact caller integration subject to source review; writer requirements retained verbatim in required_authority,SAFE_NATIVE_WRITER: rejects missing/altered authority before dedup or advancement and rolls back the semantic Session,Explicit semantic operation and exact writer delivery; unsupported mutation deterministically rejected before writes,"SUPPLY_CONTEXT_OR_WRAP; explicit legacy only where native policy permits, never certified evidence",PRE_IMPLEMENTATION_SCOPE_RECONCILIATION_ONLY
EF_f8e65d11efa50fea,SERVICE_PUBLIC,app/services/ceri/alert_service.py:CeriAlertService.rebuild_alerts,CERI_ALERT,WF_CERI_ALERT_CREATION,CANONICAL_CALCULATION,"{""WF_CERI_ALERT_CREATION"": ""Caller must deliver the following exact native authority if absent; no blanket assertion that already certified pipeline delivery lacks it: Exact native retained source bodies/IDs and immutable proofs; full executable configuration; explicit aware temporal/session authority; exact predecessor, target/model/generation/rule/manifest and native readiness where applicable; same validating Session and current durable execution token/configuration/run binding""}","self, db: Session, *, changes: list[CeriChangeEvent], ticker_by_company: dict[int, str] | None=None",Exact caller integration subject to source review; writer requirements retained verbatim in required_authority,SAFE_NATIVE_WRITER: rejects missing/altered authority before dedup or advancement and rolls back the semantic Session,Explicit semantic operation and exact writer delivery; unsupported mutation deterministically rejected before writes,"SUPPLY_CONTEXT_OR_WRAP; explicit legacy only where native policy permits, never certified evidence",PRE_IMPLEMENTATION_SCOPE_RECONCILIATION_ONLY
EF_f95821db8f721266,SERVICE_PUBLIC,app/services/ceri/change_detection_service.py:CeriChangeDetectionService.detect_guidance_change,CERI_CHANGE,WF_CERI_CHANGE,CANONICAL_CALCULATION,"{""WF_CERI_CHANGE"": ""Caller must deliver the following exact native authority if absent; no blanket assertion that already certified pipeline delivery lacks it: Exact scoped operational/source body and its retained SQL proof; same validating Session/owner for supporting helpers; aware operation time where business-time state changes; durable job configuration/run binding and current execution token when owned""}","self, db: Session, *, guidance: Any, company_id: int, prior_action: str | None=None, scope: str='daily_change_feed'",Exact caller integration subject to source review; writer requirements retained verbatim in required_authority,SAFE_NATIVE_WRITER: rejects missing/altered authority before dedup or advancement and rolls back the semantic Session,Explicit semantic operation and exact writer delivery; unsupported mutation deterministically rejected before writes,"SUPPLY_CONTEXT_OR_WRAP; explicit legacy only where native policy permits, never certified evidence",PRE_IMPLEMENTATION_SCOPE_RECONCILIATION_ONLY
EF_fa5141b1061baaf2,DURABLE_JOB,app/services/ib_market_intelligence/orchestration.py:execute_scanner_run,IBMI_SOURCE,WF_IB_SCANNER_SOURCE,CANONICAL_CALCULATION,"""Not dynamically audited for this initiator. Preserve native scope and supply the exact identity/time/evidence/readiness/configuration/execution dimensions required by each target writer; discovery does not establish which arguments are already sufficient.""","db: Session, job: BackgroundJob, *, settings: Settings | None=None, ib_factory=None",Exact caller integration subject to source review; writer requirements retained verbatim in required_authority,UNVERIFIED_PARTIAL_ADOPTION; do not assume safe target writers,Explicit semantic operation and exact writer delivery; unsupported mutation deterministically rejected before writes,"SUPPLY_CONTEXT_OR_WRAP; explicit legacy only where native policy permits, never certified evidence",PRE_IMPLEMENTATION_SCOPE_RECONCILIATION_ONLY
EF_fb37ba876e73e13d,DURABLE_JOB,app/services/ceri/job_handlers.py:execute_backfill_job,CERI_SOURCE,"WF_CERI_CONSENSUS_ATTACH,WF_CERI_FEATURE_BUILD,WF_CERI_GUIDANCE_ELIGIBILITY,WF_CERI_RAW_SOURCE,WF_CERI_REVISION_FEATURE,WF_CERI_SOURCE_IDENTITY,WF_CERI_SOURCE_NORMALIZATION,WF_SEC_DOCUMENT_SOURCE,WF_SEC_INCREMENTAL_IDENTITY","CANONICAL_CALCULATION,MAINTENANCE","""Not dynamically audited for this initiator. Preserve native scope and supply the exact identity/time/evidence/readiness/configuration/execution dimensions required by each target writer; discovery does not establish which arguments are already sufficient.""","db: Session, job: BackgroundJob, *, backfill_service: CeriBackfillService | None=None",Exact caller integration subject to source review; writer requirements retained verbatim in required_authority,UNVERIFIED_PARTIAL_ADOPTION; do not assume safe target writers,Explicit semantic operation and exact writer delivery; unsupported mutation deterministically rejected before writes,"SUPPLY_CONTEXT_OR_WRAP; explicit legacy only where native policy permits, never certified evidence",PRE_IMPLEMENTATION_SCOPE_RECONCILIATION_ONLY
EF_fb3da89576a5f670,SERVICE_PUBLIC,app/services/ceri/batched_workflow.py:schedule_ceri_batched_workflow,"CERI_SOURCE,CONFIGURATION","WF_CERI_COMPANY_BOOTSTRAP,WF_CONFIGURATION_DELIVERY",BOOTSTRAP,"""Not dynamically audited for this initiator. Preserve native scope and supply the exact identity/time/evidence/readiness/configuration/execution dimensions required by each target writer; discovery does not establish which arguments are already sufficient.""","db: Session, run_id: int, *, market_cutoff: MarketCalculationCutoff | None=None",Exact caller integration subject to source review; writer requirements retained verbatim in required_authority,UNVERIFIED_PARTIAL_ADOPTION; do not assume safe target writers,Explicit semantic operation and exact writer delivery; unsupported mutation deterministically rejected before writes,"SUPPLY_CONTEXT_OR_WRAP; explicit legacy only where native policy permits, never certified evidence",PRE_IMPLEMENTATION_SCOPE_RECONCILIATION_ONLY
EF_fbcb7015c3527f14,SERVICE_PUBLIC,app/services/ib_fetch_executor.py:execute_fetch_plan,"IBMI_SOURCE,PRICE","WF_IB_CONTRACT_IDENTITY,WF_PRICE_INGESTION,WF_PRICE_SERIES_VERSION,WF_WINNER_MARKET_DATA_OBLIGATION","CANONICAL_CALCULATION,MAINTENANCE","{""WF_WINNER_MARKET_DATA_OBLIGATION"": ""Caller must deliver the following exact native authority if absent; no blanket assertion that already certified pipeline delivery lacks it: Exact scoped operational/source body and its retained SQL proof; same validating Session/owner for supporting helpers; aware operation time where business-time state changes; durable job configuration/run binding and current execution token when owned""}","db: Session, plan: FetchPlan, ib_client_factory: Callable[[], IB] | None=None, rate_limiter: IbHistoricalRateLimiter | None=None, settings: Settings | None=None, include_benchmarks: bool=True, force_refresh: bool=False, force_full_backfill: bool=False, fetch_run_id: int | None=None, should_cancel: Callable[[], bool] | None=None, on_ticker_ready: Callable[[TickerReadyEvent], None] | None=None, progress_callback: Callable[..., None] | None=None, execution_token: str | None=None, memory_probe: Callable[[Session, int, int, str], None] | None=None, stop_on_hard_failure: bool=False",Exact caller integration subject to source review; writer requirements retained verbatim in required_authority,SAFE_NATIVE_WRITER: rejects missing/altered authority before dedup or advancement and rolls back the semantic Session,Explicit semantic operation and exact writer delivery; unsupported mutation deterministically rejected before writes,"SUPPLY_CONTEXT_OR_WRAP; explicit legacy only where native policy permits, never certified evidence",PRE_IMPLEMENTATION_SCOPE_RECONCILIATION_ONLY
EF_fd8c5e5eeec02c71,HTTP,app/routers/sector_rotation_routes.py:api_sector_rotation,"CERI,COMBINED,CURRENT_PROJECTION,FUNDAMENTAL,IBMI,RANKING,REGIME,SECTOR,TECHNICAL","WF_CORE_CURRENT_PROJECTION,WF_CORE_RETAINED_EVIDENCE,WF_SECTOR_SNAPSHOT","CANONICAL_CALCULATION,CURRENT_PROJECTION_ADVANCE","""Not dynamically audited for this initiator. Preserve native scope and supply the exact identity/time/evidence/readiness/configuration/execution dimensions required by each target writer; discovery does not establish which arguments are already sufficient.""","run_id: int, db: DbSession",Exact caller integration subject to source review; writer requirements retained verbatim in required_authority,UNVERIFIED_PARTIAL_ADOPTION; do not assume safe target writers,Explicit semantic operation and exact writer delivery; unsupported mutation deterministically rejected before writes,"SUPPLY_CONTEXT_OR_WRAP; explicit legacy only where native policy permits, never certified evidence",PRE_IMPLEMENTATION_SCOPE_RECONCILIATION_ONLY
EF_ff8471e9bb4ccc07,HTTP,app/routers/run_routes.py:cancel_run_pipeline_action,PIPELINE,WF_PIPELINE_CONTROL,BOOTSTRAP,"""Not dynamically audited for this initiator. Preserve native scope and supply the exact identity/time/evidence/readiness/configuration/execution dimensions required by each target writer; discovery does not establish which arguments are already sufficient.""","run_id: int, pipeline_id: int, db: DbSession",Exact caller integration subject to source review; writer requirements retained verbatim in required_authority,UNVERIFIED_PARTIAL_ADOPTION; do not assume safe target writers,Explicit semantic operation and exact writer delivery; unsupported mutation deterministically rejected before writes,"SUPPLY_CONTEXT_OR_WRAP; explicit legacy only where native policy permits, never certified evidence",PRE_IMPLEMENTATION_SCOPE_RECONCILIATION_ONLY
