Symbol,Description,Price,Price - Currency,"Price change %, 1 day","Volume change %, 1 day","Relative volume, 1 day",Market capitalization,Market capitalization - Currency,Price to earnings ratio,"Earnings per share diluted growth %, Quarterly YoY","Earnings per share diluted growth %, TTM YoY","Earnings per share estimate, Annual","Earnings per share estimate, Annual - Currency",Sector,"Performance %, 1 week","Performance %, 1 month","Performance %, 3 months","Performance %, 1 year","Revenue growth %, Quarterly YoY","Revenue growth %, TTM YoY","Revenue growth %, 5 year CAGR","Revenue estimate, Annual","Revenue estimate, Annual - Currency","Gross margin %, Trailing 12 months","Gross profit growth %, TTM YoY","EBITDA growth %, TTM YoY","EBITDA margin %, Trailing 12 months","Operating margin %, Trailing 12 months","Net margin %, Trailing 12 months","Return on equity %, Trailing 12 months","Return on total capital %, Trailing 12 months","Free cash flow, Trailing 12 months","Free cash flow, Trailing 12 months - Currency","Free cash flow growth %, TTM YoY","Free cash flow margin %, Trailing 12 months",Price to free cash flow ratio,"Enterprise value to free cash flow, Trailing 12 months","Operating cash flow per share, Trailing 12 months","Operating cash flow per share, Trailing 12 months - Currency","Net debt to EBITDA ratio, Trailing 12 months","Debt to equity ratio, Quarterly","Debt to EBITDA ratio, Annual","Debt to assets ratio, Annual","Current ratio, Quarterly","Enterprise value to revenue ratio, Trailing 12 months",Price to sales ratio,"Return on invested capital %, Trailing 12 months","Return on capital employed %, Trailing 12 months","EBITDA interest coverage, Trailing 12 months","Total debt per share, Annual","Total debt per share, Annual - Currency","Total debt to capital, Annual",Total common shares outstanding,Buyback yield %,"Price to earnings ratio forward Non-GAAP, Annual","Price to earning to growth, Trailing 12 months","Enterprise value to EBITDA ratio, Trailing 12 months","Price × average volume, 10 days","Price × average volume, 10 days - Currency","Price × average volume, 30 days","Price × average volume, 30 days - Currency","Price × average volume, 60 days","Price × average volume, 60 days - Currency",Free float,"Momentum, 10, 1 day","Average true range %, 14, 1 day","Beta, 1 year","Beta, 3 years","Return on invested capital %, Annual","Return on assets %, Trailing 12 months","Return on assets %, Annual","Gross margin %, Annual","Operating margin %, Annual","Net margin %, Annual","Asset turnover, Trailing 12 months","Asset turnover, Annual","Capital expenditures, Trailing 12 months","Capital expenditures, Trailing 12 months - Currency","Capital expenditures estimate, Next 12 months","Capital expenditures estimate, Next 12 months - Currency","Capital expenditures per share, Trailing 12 months","Capital expenditures per share, Trailing 12 months - Currency","Capital expenditures growth %, TTM YoY","Capital expenditures growth %, Quarterly YoY","Net income, Trailing 12 months","Net income, Trailing 12 months - Currency","Net income estimate, Next 12 months","Net income estimate, Next 12 months - Currency","Net income growth %, TTM YoY","Total assets, Annual","Total assets, Annual - Currency","Total assets estimate, Annual","Total assets estimate, Annual - Currency","Total assets growth %, Annual YoY","Sloan ratio %, Trailing 12 months","Total liabilities, Annual","Total liabilities, Annual - Currency","Working capital per share, Annual","Working capital per share, Annual - Currency","Working capital per share, Quarterly","Working capital per share, Quarterly - Currency","Earnings yield %, Trailing 12 months","EBIT estimate, Next 12 months","EBIT estimate, Next 12 months - Currency","EBIT per share, Trailing 12 months","EBIT per share, Trailing 12 months - Currency","Total revenue, Trailing 12 months","Total revenue, Trailing 12 months - Currency","Cash and short-term investments, Annual","Cash and short-term investments, Annual - Currency","Cash and short term investments estimate, Annual","Cash and short term investments estimate, Annual - Currency","Quick ratio, Annual","Quick ratio, Quarterly","Dividend yield %, Trailing 12 months","Dividend payout ratio %, Trailing 12 months","Number of shareholders, Annual","Earnings per share estimate, Quarterly","Earnings per share estimate, Quarterly - Currency",Analyst rating,Upcoming earnings date
ACMR,"ACM Research, Inc.",80.67,USD,6.424802110817948,125.94569986590585,2.730251950702725,5618600415,USD,38.31939958198746,180.56698673982626,27.72721757068316,2.242021,USD,Producer manufacturing,22.822777101096214,4.42718446601942,-24.727069142483902,107.91237113402063,36.00607321285961,27.30805749994478,41.906758338022954,1171343574,USD,43.835447477866,12.976704912332988,1.4833135176719672,15.3806423761674,13.2859626199204,14.4761084322953,10.554963036657,6.51365866195,-118738000,USD,-717.7548209366391,-11.441626869871225,,,-0.091900060618962,USD,-6.963048817161186,0.187790365743912,2.36891783359972,0.10344250466503101,3.65319409256942,4.868271079774749,5.247192279614416,9.3556963136829,6.925624554678846,20.914046121593294,4.425785499748165,USD,0.16904777982500999,64657399.99999999,-16.437527707689817,35.980929705832374,1.2985825242153335,31.651935990126304,88571530.66700001,USD,74452547.01733334,USD,91469722.94883333,USD,58180215.6402,6.840000000000003,6.431993804599745,3.4466233,3.2649515,7.06728486691467,5.52418820313395,3.97317458879535,44.3873299833908,12.1411191944161,10.4379297222151,0.381607268898996,0.380647762011581,113200000,USD,60000000,USD,1.57574778280316,USD,44.15607569467437,331.616141602272,150229000,USD,146195800.00000003,USD,33.98469551567907,2879938000,USD,3396875000,USD,55.19240230616563,17.51424878163871,949429000,USD,25.7723043473198,USD,29.9542785048005,USD,2.60964422957729,189905879,USD,1.919266367467612,USD,1037771999.9999999,USD,1168077000,USD,1264700000,USD,2.32536019267492,2.65719402134652,0,0,62,0.487215,USD,Strong buy,2026-11-11
RDVT,"Red Violet, Inc.",76.2,USD,3.8005721291377283,20.999100002045452,1.1228553870683784,1222779384,USD,67.46945280680008,85.75297941495124,87.57681448264408,1.54448,USD,Technology services,1.2490034546904034,7.188071458714305,37.07501349163518,45.115216149304906,22.705979608707633,20.175002123812185,21.146619365052022,106733000,USD,73.5192833988063,24.789591868218515,44.592087449230306,29.1205073568767,17.9392666350242,16.5375720792139,15.7599437969762,16.648859397552,33604000,USD,28.6425235433734,33.935550326691775,32.79942650279729,34.979597190810615,2.35632700036317,USD,-1.6411776945484813,0.0237160878758556,0.11726165476690466,0.0242314835708458,10.8833833833834,11.8705188087616,10.723125758763118,15.4085727593069,16.631479409603077,,0.19391518863634769,USD,0.026919146146281298,16047000,0.33014949816981864,49.33699368072102,0.7421954652962588,40.76343404078236,16374576.946999997,USD,17213826.290333334,USD,16412544.79783333,USD,13356543.933,1.7999999999999972,3.799133951105442,1.4803019,1.7252712,13.7345598446326,14.5446794148733,12.0860189366619,71.9153038159819,14.5570181270221,14.5747462660107,0.879493032302759,0.829243865798698,12891000,USD,4086000.0000000005,USD,0.891218829377742,USD,29.583835946924005,27.530364372469634,16376000.000000002,USD,17913249.999999996,USD,88.05695911805239,115222000,USD,242825000,USD,12.465471298474393,-4.0017283212018455,14296000,USD,3.43889452243072,USD,4.19720434350888,USD,1.4821522309711284,23473332.999999996,USD,1.2281135121453886,USD,99023000,USD,43557000,USD,169031500,USD,7.18360864040661,10.8833833833834,0,0,18,0.414675,USD,Strong buy,2026-11-10
AVT,"Avnet, Inc.",101.15,USD,2.951653944020362,90.88598779290328,1.2184880649623573,8301681563.000001,USD,25.348336006415398,1987.4301675977656,46.114976199194444,11.612,USD,Distribution services,7.7209797657082,15.113235461477181,12.58904719501336,88.7479007277477,47.662508154889956,24.467317641553976,7.182369820958412,37203128060,USD,10.4293021419599,20.836443104191442,32.765718787765486,3.59804366445343,3.1104037201165,1.21012136244606,6.66511992527804,10.4895419820031,-354497000,USD,-161.4347607576729,-1.2828902644017592,,,-3.31698015184254,USD,3.3396688512586548,0.692048367118945,3.4959692628000423,0.22449878430925702,1.77702989778544,0.4205925484325934,0.3011320779093367,4.32749751183355,10.732334402731633,3.9276131784783126,41.66894443445423,USD,0.40900034571547006,82073000,1.666023912750747,8.710816396830865,0.5339174786519566,11.689478718332468,147513430.782,USD,115481593.98466665,USD,109011517.41816667,USD,80937191.75299999,9.41000000000001,3.690883466738662,1.3496206,1.1859165,4.32749751183355,2.41887295113763,2.41887295113763,10.4293021419599,3.1104037201165,1.21012136244606,1.99886806910696,1.99886806910696,73572000,USD,92500000,USD,0.868690446672098,USD,-50.11188412872778,-71.88255033557047,334389000,USD,980496711,USD,39.202887389318825,15482556000,USD,15982200000,USD,27.263211755930055,4.435876091777094,10460053000,USD,71.0310738402071,USD,71.0310738402071,USD,3.9450321304992584,1563501776,USD,10.148276717084057,USD,27632683000,USD,155396000,USD,235200000,USD,0.968144177224502,0.968144177224502,1.3840830449827,35.08420208500401,1160,2.86,USD,Buy,2026-11-04
SANM,Sanmina Corporation,221.89,USD,2.836353524586354,36.315678380656124,1.596010447402301,11892717044.000002,USD,39.71043542065608,68.71823379923758,19.620226066107215,12.098333,USD,Electronic technology,13.883186204064865,19.681769147788554,-12.693291363368097,87.07528876148722,69.67478822587803,58.561151972887735,3.1512168938151452,14144667864,USD,8.97671869158087,64.50014573010783,73.02827983499597,6.77979142189071,5.49118211080896,2.41415042983939,12.6982642074882,17.4530643530387,594148000,USD,63.25662549631116,4.655102115647809,20.589922662366952,21.342749691995937,16.3433152558359,USD,0.6794644817584042,0.950519446574809,0.6962304305996909,0.061148928172657206,1.78044749913575,0.993526792449519,0.9320458112480015,8.38660922029741,16.85403796162476,9.15557483547411,6.492098300047121,USD,0.1320812041619,53597400,2.0104489084824135,18.340543279805573,1.9681308707230771,14.654238318329426,124506247.62799999,USD,118966618.91000003,USD,142747327.1781667,USD,50769225.9942,15.73999999999998,4.846905824232234,1.4083794,2.3776557,9.43228965280207,4.11893467829742,4.60429895352671,8.81303314731025,4.86011853281502,3.02511619163568,1.70616322304797,1.52202383705373,306908000,USD,470500000,USD,5.56668420002539,USD,180.23521247648787,171.98199169677036,308127000,USD,682183357,USD,18.872488503441236,5858173000,USD,9652050000,USD,21.46716305417238,8.412478205256939,3319010000,USD,38.2638566399521,USD,64.0283240661268,USD,2.518229753481455,1019279411.9999999,USD,12.71216875555475,USD,12763372000,USD,966220000,USD,1804825000,USD,1.01948288722774,1.06351935918197,0,0,659,3.256,USD,Buy,2026-11-09
ZBRA,Zebra Technologies Corporation,371.02,USD,2.60225104394236,18.363781498884276,1.0825764613918567,17553201042,USD,33.951007036904855,121.6620879120879,3.257963017206364,21.13077,USD,Electronic technology,7.5856869454271205,1.5853024121786172,48.01132963657398,16.768427015799073,19.06584992343032,13.451532087107342,4.06144857455828,6223382527,USD,47.5624256837099,15.750310045473338,25.025536261491315,20.7915746560217,17.1564464073382,9.15576694411415,15.28644356211,16.3245514789074,904000000,USD,5.978898007033997,15.355868863597758,19.753229978207965,22.5201338960177,20.3410544499277,USD,2.2916666666666665,0.862299854439593,2.6337890625,0.317219477769936,0.51575787893947,3.4581622289791065,2.9563484825293105,10.8005209898808,18.392060457070016,9.272727272727273,52.663032064796035,USD,0.429116945107399,47310700,5.155754769939586,17.55828112274186,10.156629760914994,16.632517191176472,219555515.624,USD,213820013.53599995,USD,227364078.57416663,USD,46849231.4322,26.189999999999998,3.060570548654451,1.793747,1.5383117,7.0190133176983,6.50377073906486,5.08803885853066,46.329346826127,15.4369825206992,7.70929162833487,0.710346907993967,0.659987856709168,75000000,USD,97016732,USD,1.55830345632746,USD,4.166666666666666,-23.52941176470588,539000000,USD,724258719,USD,-1.6423357664233578,8502000000,USD,9017166667,USD,6.701807228915663,10.779205742734746,4914000000,USD,-1.12919284932176,USD,-40.8534177682318,USD,2.945420732036009,1377110043.9999998,USD,20.985153211876394,USD,5887000000,USD,125000000,USD,701611000,USD,0.576133909287257,0.332416208104052,0,0,72,4.881654,USD,Buy,2026-11-03
FTNT,"Fortinet, Inc.",178.74,USD,2.5708711121313086,-16.986688936409987,0.7054833762763609,131143977014.00002,USD,62.98097251585624,43.855337078651694,13.261763179949714,3.449623,USD,Technology services,5.607090103397346,17.264228309004427,23.592864057530083,109.98590225563909,25.63803680981595,18.768046198267566,21.252104718544174,8118150129,USD,80.2043202168079,17.18361801242236,24.439117929050816,34.4846826261392,32.3710710205383,28.1730743683078,117.441506299322,95.4875874365656,3117000000,USD,53.34284449254686,41.40872014241305,42.42852935514918,40.92758325761951,4.58994458710637,USD,-1.3763387009785035,0.320353297659725,0.47693482459686476,0.102202286990336,1.28249462898694,16.947588412200762,17.128752823019827,92.1102351944752,41.012564484502676,144.2111111111111,1.3886999738425319,USD,0.461792719523333,733714000,2.1242302265262305,51.81435768488325,4.630032614848101,49.14526427844981,835555905.884,USD,723789060.3883334,USD,789838374.4528334,USD,607523262.854,21.52000000000001,3.9275911284140577,0.9392133,0.9008966,86.24476500698,19.7268913425672,18.3939302213643,80.4562033060768,30.5062062474263,27.257485734455,0.700203715245156,0.674821236285684,279100000,USD,500912872.00000006,USD,0.377213136910393,USD,-24.198804997284086,-53.51609058402861,2120699999.9999998,USD,2618660148,USD,9.336976696226014,10389200000,USD,12833207143,USD,6.412922125144678,-7.947178429350229,9151700000,USD,1.16581426648721,USD,1.86409487459106,USD,1.5877811346089292,3045777882,USD,3.2932828760643327,USD,7527400000,USD,3582500000,USD,4304461538,USD,1.09270957489074,1.1944306726161,0,0,51,0.858032,USD,Neutral,2026-10-29
DVN,Devon Energy Corporation,48.04,USD,2.365224802897932,58.60769496784756,0.9690296661642571,52844001007,USD,11.376068578465036,43.827378846834094,-5.407342696503363,5.14242,USD,Energy minerals,-4.814741430552803,-1.7385968500715923,13.65034303288383,40.921091229099424,72.9990118577075,18.282201265369462,31.52653266243062,24827736969,USD,27.087853862845,24.316813339509032,20.45116844522491,44.9967199878892,24.3629207246304,16.551445728415,11.5478726213319,12.38028078723,1517000000,USD,,7.655043649391937,29.767699406723796,42.00922940474621,9.14148936170213,USD,1.2205898844902994,0.284882746065586,1.17010101010101,0.269069961906532,0.7171875,3.2158248477065148,2.226078619367212,8.68184224457385,10.52930015484265,17.281007751937985,13.725118483412322,USD,0.358771060455897,1100000000,1.4495495901200433,9.341905173050819,,7.1467983634630485,768875755.0020001,USD,577320623.1396667,USD,532782613.5021668,USD,1082384600,-0.9399999999999977,2.9316322751454336,-1.2498641,-0.14187506,11.4051370602202,6.41357801394171,8.34636465589411,24.7051267079295,22.0425084666589,15.426836389116,0.387493522872814,0.541028921638314,7076000000,USD,5595832593.999999,USD,7.52765957446809,USD,-4.828513786146604,316.358024691358,3280000000,USD,5599489850,USD,15.330520393811534,32289000000,USD,72211818825,USD,4.090909090909091,1.9409532676004684,16761000000,USD,-0.128617363344051,USD,-1.73145490912253,USD,8.790383014154871,7668424688.000001,USD,5.136170212765958,USD,19817000000,USD,1434000000,USD,3135326121,USD,0.898188937836515,0.666619318181818,2.16486261448793,24.62762556536977,10200,1.190891,USD,Strong buy,2026-11-10
ARW,"Arrow Electronics, Inc.",226.82,USD,2.2494703151061537,11.755514873426787,0.6963587887693772,11546368239,USD,14.494309504182402,46.582102035126844,76.91568498880774,21.806,USD,Distribution services,4.549435353768152,8.974728548092633,-0.7308853779158895,84.88751222693183,31.824628852945807,26.05106778347911,1.4760538553130642,40042955093,USD,10.9153392718937,28.164734759779513,54.13750100987921,4.14237747362849,3.75704430671707,2.25920532348223,12.1689733865274,14.6072726676504,825464000,USD,76.3280720979363,2.2977581253439827,14.251951556942519,16.41018534908851,18.053232305705,USD,1.2941996681761585,0.309853521272327,3.111549941826535,0.11514884481255301,1.21733778513544,0.37706636724268916,0.32027097442220603,9.14086579039307,14.276000734685043,5.617463091656505,64.07643287723663,USD,0.337089020002565,50905400,1.0045323135306945,10.401724296065302,0.18429839444637736,9.102655893703478,134845695.45700002,USD,117033707.60333334,USD,121718642.04433335,USD,50463032.074,12.090000000000003,3.431820328410258,0.9381182,1.2580316,6.14609887233406,2.59180457491921,2.24749288617117,10.789796821599,3.04133788244133,1.8515774917362,1.14721957671573,1.21382599226982,110903000,USD,87499999.99999999,USD,2.13821890604816,USD,30.991921005385997,13.535288430551079,811614000,USD,1152416947.9999998,USD,73.70239104193953,29078138000,USD,33626900000,USD,33.64523200905316,-0.03608962432160281,22419439000,USD,133.437105933033,USD,122.545757724375,USD,6.899259324574553,1729786041,USD,26.02249985539939,USD,35924756000,USD,306467000,USD,223600000,USD,1.0919465855802,1.010687518966,0,0,1145,4.958,USD,Neutral,2026-10-29
REPX,"Riley Exploration Permian, Inc.",41.07,USD,2.1641791044776055,-32.78953551811971,0.38527016974719713,909855972,USD,7.555326624845931,185.43851121449896,20.215400946525726,6.2374,USD,Energy minerals,-7.976697288819184,8.05051302288872,26.291512915129143,50.549853372434015,94.21739232264562,23.155630782544513,164.32316615940545,603940000,USD,54.4839416360104,-0.31422877821348266,17.482375756034365,61.0992849171248,39.4291737279378,24.52630926301,19.9411040676841,22.0185455655509,52600000,USD,-54.297034520509854,10.870913074029678,16.595871673003803,21.98982836501901,11.2332157139497,USD,0.8348436416527136,0.42234674447465403,1.071624463125749,0.213938003176049,0.449704499114144,2.3904951266895385,1.7659054271896824,14.0199099662654,19.395273938344047,8.897165041531238,11.854864584316317,USD,0.28374218232986304,22153800,1.0599479804260712,6.584474300189181,0.36582403436324124,3.9124764388519626,21735012.705,USD,13683772.243000004,USD,10236702.392833335,USD,16540514.4636,-2.0700000000000003,3.736557032453821,-1.1845888,0.441518,19.7954852164624,10.3012163756294,14.7984443416008,46.3998163171591,36.0416347772846,41.0327057502934,0.420006788023565,0.360649975940107,186162000,USD,213666667.00000003,USD,8.75850388143966,USD,73.27388819598279,136.97857582731015,118673000,USD,180840000,USD,24.012999770100528,1174415000,USD,1318100000,USD,17.52059135798392,4.476458314147837,540173000,USD,-2.88864946497965,USD,-5.75724994881222,USD,13.235695154614074,323550000,USD,8.975864502470008,USD,483860000,USD,17889000,USD,22733333,USD,0.548468100060701,0.410782872587605,3.89578767957146,28.698099670707705,231,1.87538,USD,Strong buy,2026-11-11
NTAP,"NetApp, Inc.",196.33,USD,1.7728474418122524,-26.874301106950416,0.7056863303942954,38562943875.99999,USD,27.710656316160904,63.35598536330372,25.18552547883242,9.999303,USD,Electronic technology,3.0982513259465447,2.8228762962187153,24.709394651591186,57.555573388973606,30.12202954399486,12.152935821574875,3.8442557189597437,8177071277,USD,70.5357142857143,13.397129186602871,26.318944844124697,28.5037878787879,26.0416666666667,19.1829004329004,114.817813765182,49.6838301716351,1650000000,USD,-0.48250904704463204,22.321428571428573,23.797575757575757,22.733905379393935,9.485,USD,-0.49928808732795443,1.69498327759197,1.4437400950871633,0.25437453462397597,1.24168126094571,5.074532450757575,5.219426406926407,39.8762654668166,30.807393774505883,19.3302752293578,13.597014925373134,USD,0.669196865817826,196419000,1.9293132868495428,19.63436851548553,1.0810950277152334,17.803010857142855,452856863.96099997,USD,471139142.17600024,USD,468243247.36133313,USD,195632931.162,11.590000000000003,4.017178348265324,1.2294188,1.8239424,32.789412822819,13.7443055151691,11.8328928455511,70.5907843420482,24.4547161635129,18.43131590351,0.71648735097412,0.64199935086011,247000000,USD,311133590,USD,1.235,USD,37.22222222222222,92.45283018867924,1418000000,USD,1952211956,USD,21.093082835183605,10744000000,USD,11895205126,USD,-0.7299270072992701,5.559105431309904,9393000000,USD,8.35714285714286,USD,5.63265306122449,USD,3.608720012224316,2482299635,USD,9.625,USD,7392000000,USD,3584000000,USD,3435900000,USD,1.35811987067894,1.159588441331,1.05944073753374,29.357798165137616,387,2.598574,USD,Buy,2026-12-01
KEYS,Keysight Technologies Inc.,353.36,USD,1.7390302890706038,60.25464773242043,1.322431469542189,60157682711,USD,48.67150590212256,107.86231884057969,131.29440249769027,11.458355,USD,Electronic technology,11.1125086472549,13.587707737310758,-2.567071993823587,98.34970530451866,36.53846153846153,25.538813656303645,4.952460179009255,7112099208,USD,64.8283196596779,30.529213826858363,64.73988439306359,30.309936189608,24.3542996049833,19.4317836523853,20.896985540397,18.0609543124331,1468000000,USD,3.745583038869258,22.30325129140079,41.64256130790191,41.065178958446864,9.26589595375722,USD,0.06315789473684211,0.417896819357784,2.2677551020408164,0.245818954074861,2.00612557427259,9.158870056365846,9.128890914615612,15.0914454277286,17.42391304347826,17.654867256637168,16.057803468208093,USD,0.32082226585056,170245000,0.9159262377958055,30.838632596040185,0.3643686290387686,30.21738481754386,378576408.92300004,USD,438453036.28066665,USD,418173005.68750006,USD,168895978.62,22.350000000000023,3.135665991486563,1.6540685,1.2240099,11.0700636942675,11.3326244905192,8.44919786096257,62.4558139534884,17.8046511627907,16.1674418604651,0.583200425305688,0.52260573650948,135000000,USD,230535115,USD,0.780346820809249,USD,5.46875,9.67741935483871,1256000000,USD,2331506782,USD,130.88235294117646,11301000000,USD,12323650000,USD,21.922537490559932,11.894975253753879,5420000000,USD,14.3341121495327,USD,15.4317725399006,USD,2.0545902196060677,2669352689.9999995,USD,9.265895953757225,USD,6582000000,USD,1888000000,USD,2614081333,USD,1.66378378378378,1.5447932618683,0,0,14062,3.371268,USD,Buy,2026-11-23
AMG,"Affiliated Managers Group, Inc.",366.17,USD,1.634839569223949,-15.815623861313371,0.976520187981775,9469132326.000002,USD,12.779910651961469,146.58531363733675,115.62311860325106,36.951304,USD,Finance,5.022084552285891,2.9521747687463096,6.904706294522959,48.76493052734218,28.99739843906344,11.736397564329208,0.5386781182954437,2475512112,USD,93.9922650962468,11.413836215878295,-3.519510328997705,27.7094137294542,21.701678825701,37.6329436582579,27.2850383163127,6.90441068519774,1114900000,USD,21.06634813769139,48.99797837742814,8.834848865369091,11.864770226926183,41.7026022304833,USD,4.112609040444092,0.9888084265964451,4.651019359259894,0.294849794730326,1.28555960232306,5.8134975503208235,4.259265184143449,14.3892991875247,,4.294959128065395,82.26666666666667,USD,0.456023651145602,25859900,8.380915723618749,9.909528497289298,0.10875282133957867,20.98022573513085,99864954.76799998,USD,99607788.20533334,USD,98038740.54683338,USD,24724262.491499998,10.319999999999993,3.001748789194848,0.58584255,0.7688955,11.9993302076356,9.4041546090022,7.9453163546454,91.80390838815,19.8300283286119,34.4072598069813,0.249891549659274,0.23091976516634,6900000,USD,,,0.256505576208178,USD,43.75,-100,856300000,USD,996436335.9999999,USD,93.55786618444847,9207400000,USD,9843122500,USD,4.263438607616438,-3.3966076460892216,4785300000,USD,12.0481481481482,USD,11.1576923076923,USD,7.824780839500778,968682502,USD,18.356877323420075,USD,2275400000,USD,586000000,USD,,,,1.28555960232306,0.0109238878116722,0.13960631020522127,24,8.62074,USD,Buy,2026-11-09
DDOG,"Datadog, Inc.",251.49,USD,1.6223860996060269,-0.21512781019080687,0.8592365078185166,90303784428,USD,513.7691521961185,1551.3513513513512,41.43311181739381,2.532391,USD,Technology services,9.75865229345787,7.286378567467264,15.341221794166216,81.33246809431107,35.644443369297015,31.520270180659775,41.53252804745149,4473174680,USD,79.4801505019884,30.83561922389001,106.88446334004624,4.19545090723456,0.47984168300046,4.47684172711746,4.69617741408507,0.376718988198586,1182109000,USD,27.732184786143954,29.8006289823469,78.93398516549658,73.2556366866338,3.31255474727982,USD,-22.278526877456105,0.29259312688337497,16.364770459081836,0.192509788008267,3.15800233068531,21.83064049763974,23.147285714285665,3.54424700518074,0.3753532494313449,14.604826678367706,3.5188542721310037,USD,0.255228726150226,334905000,-0.09174587812104046,99.30930887054961,12.202001800716019,520.340744781339,719640937.8999999,USD,861876389.1846663,USD,1064870877.812,USD,329357633.58000004,26.22,4.671679656089241,0.8790736,2.4841213,2.43142032083438,2.65643686766506,1.73367790948126,79.9279169504295,-1.29474625914533,3.14374184090725,0.593372969067523,0.551469553549899,156265000,USD,108065005,USD,0.421173350439191,USD,40.54503755002923,7.106218661748602,177584000,USD,1027732962,USD,42.5461550810724,6643844000,USD,8300527500,USD,14.83932056531173,4.150046206282067,2911638000,USD,10.5378250273651,USD,11.2721702697443,USD,0.19463994592230305,1146732251.0000002,USD,0.05130140179988841,USD,3966725000,USD,4474836000,USD,1035402538,USD,3.3343311962227,3.15800233068531,0,0,84,0.641532,USD,Strong buy,2026-11-05
ITT,ITT Inc.,211.94,USD,1.5865407659492892,-15.26668027859071,0.8096897597645349,18947436542,USD,41.61806578301423,-37.96180851761927,-19.95190040554559,8.261928,USD,Producer manufacturing,5.969999999999999,1.7816837151227047,7.682146123361449,16.694196674375064,51.4911559029206,28.07060222726781,9.71169385330748,5526789124,USD,33.3234840970009,22.064166988790106,34.37740693196405,22.0932441273928,17.4479221628923,8.89808150946582,11.4611934212315,13.3656683238349,509500000,USD,4.405737704918033,10.753255524366308,37.35468498527968,43.57298634347399,7.0467706013363,USD,3.0988727550630495,0.798812623685033,1.0183184593705965,0.137423935091278,1.263097192033,4.685514561110994,3.9541111415968406,7.6733371554415,13.360376230263265,10.405566600397615,10.853566958698373,USD,0.175135309798853,89400000,-6.275255216527011,25.652607962693455,,21.207906517004204,190200192.21899998,USD,148053569.56933329,USD,173766296.7125,USD,88855196.39999999,13.680000000000007,2.7709829006663793,1.2099595,1.2346853,12.6208822464705,5.25309161137588,8.85755505348831,35.3535610003809,17.986543100165,12.3930430366891,0.590362271438806,0.714719946284854,123300000,USD,150700000,USD,1.37305122494432,USD,-2.2979397781299524,77.43902439024393,421500000,USD,783976077,USD,-18.55072463768116,6310400000,USD,11144401514,USD,33.375605013421264,31.25594628634597,2219100000,USD,23.9348079161816,USD,6.63422818791946,USD,2.402802680003775,1197044371,USD,9.206013363028955,USD,4738100000,USD,1742900000,USD,888000000,USD,2.066086420704,0.849532005500599,0.695479852788525,28.94452626411389,5062,2.083352,USD,Buy,2026-11-04
KLIC,"Kulicke and Soffa Industries, Inc.",90.85,USD,1.463033281215086,-55.03450653436327,0.9651842617637443,4754099837,USD,41.718326674932264,,2656.5822784810125,3.863333,USD,Producer manufacturing,12.955364913589438,8.206288708909005,-29.953739398612182,110.05780346820808,122.6280716648811,44.44395462740293,0.9727449866252069,1149600000,USD,48.1481520459097,63.91686461658623,,14.737853512844,13.0568619877859,12.1803216752454,13.2312231670728,13.6043202938677,39973000,USD,-66.98192691468975,4.206741014909289,121.43258324368949,106.96332116678758,1.00993842295383,USD,-3.416535157561,0.041798023371716,,0.034907664473505504,3.44432738074829,4.499669902432402,5.034695021011068,12.7796539614344,12.825521203490972,933.6066666666667,0.7247194179685297,USD,0.0448234444636942,52329100,0.5373887986357826,23.515964065225543,0.015477320206394578,30.531378931884234,70990866.325,USD,64214368.66416667,USD,86078631.8559167,USD,50549230.3217,7.069999999999993,4.770003599272344,1.6555821,1.6929053,0.02326448828775,9.47134635197804,0.0181701545401501,42.0265991520928,-5.27014238297703,0.032564774087613,0.777594106666907,0.557969617454268,13987000,USD,27700000.000000004,USD,0.2617866701604,USD,-16.31566351561564,104.64114832535887,115739000,USD,327250000,USD,1844.866409006893,1104342000,USD,1389850000,USD,-10.95179500742645,-5.663391166307581,282851000,USD,13.7396764252696,USD,14.9842737851833,USD,2.397028068244359,383266666,USD,2.3221097156974677,USD,950213000,USD,510708000,USD,366200000,USD,3.9395549792476,2.73638225383635,0.902586681342873,37.654406024704954,389,1.43,USD,Buy,2026-11-18
MET,"MetLife, Inc.",97.2,USD,1.33444537114262,11.545217546520472,0.9387244677308859,61768355531,USD,18.600022962991314,5.386326274054742,-11.437626044367619,10.041566,USD,Finance,-0.7960808328230262,2.455992410667227,14.339489471826841,20.02963694739442,11.366782006920415,8.963911525029102,2.5871866842157365,79787336082,USD,,,,,7.68853695324284,4.55756661639015,13.1553169103508,4.48586288995841,16571000000,USD,5.232742744649775,20.82830568124686,3.7945012371009597,5.064230012129624,25.6160148400062,USD,,0.788273022120185,,0.0275576180341025,4.8292834246717,1.0547933073278029,0.7799226747109123,7.53360619974653,0.8585925931124508,,30.49903460567355,USD,0.41965544724419096,635477000,5.567575776360197,9.679765088433419,,,301583892.89500004,USD,280957175.0276667,USD,321871378.25933325,USD,531432892.6980001,1.5100000000000051,1.954348353088237,0.7292322,0.90325266,7.13252910320953,0.49608644436266,0.475038010773058,,7.42307093560272,4.38352965595973,0.108848972734399,0.108368837000386,0,USD,,,0,USD,,,3626000000,USD,6606763556,USD,-15.418707721017027,745166000000,USD,778814000000,USD,9.994582682000482,1.4070837481497869,716245000000,USD,116.259840617126,USD,116.136038317586,USD,5.376337448559671,7164833334,USD,,,79560000000,USD,,,,,,,2.38683127572016,43.9167208848406,69355,2.566379,USD,Buy,2026-11-04
HURN,Huron Consulting Group Inc.,159.91,USD,1.2986190295198168,13.463239776857952,0.9980794687834043,2544179724,USD,23.982422988092026,74.33458337144425,16.443714854528295,9.19852,USD,Commercial services,5.169352186780654,-1.1620001236170316,70.1894423158791,11.793903803131995,15.370062294325509,13.604288962711959,14.298612658377374,1871977340,USD,29.9342672270913,14.122419578033476,18.942378281376705,13.6951011460419,11.6191985220347,6.38405662587235,26.8809137486842,17.3943824764296,161002000,USD,-14.887610750459917,8.894862921368178,16.27585477199041,20.977930236891467,10.8910721913712,USD,3.361621532218049,2.2469513462937902,2.3663087758061176,0.35917082983173304,1.70936381793132,1.8659581383117427,1.429155683581064,9.78288522094776,16.37478715361611,6.181924736277713,30.478572619643156,USD,0.509151145483296,15910100,9.266287195676117,17.384318346864493,1.4397583188258183,13.625004433435933,40457592.48400001,USD,34548711.89333333,USD,40925642.44016667,USD,15532426.0462,10.240000000000009,3.3831276998121758,0.6438244,0.09862646,10.6287012372662,7.39416657175071,7.31909556492353,29.9440953468896,11.7293835774858,6.18193995443585,1.15822383870856,1.1839480193708,37263000,USD,29328000.000000004,USD,2.27393665710624,USD,25.92680206819641,45.383635784781916,115555000,USD,144623600,USD,9.94348454863754,1526683000,USD,1603919000,USD,13.624864823830004,3.67737542255405,998054000,USD,3.78874469910996,USD,13.7691793744205,USD,4.169720467763117,244516599.99999997,USD,12.834197839751022,USD,1810056000,USD,24508000,USD,49530000,USD,1.16991495254712,1.70936381793132,0,0,327,2.47402,USD,Strong buy,2026-11-03
WST,"West Pharmaceutical Services, Inc.",375.87,USD,1.2880972270877766,19.36619286977187,1.2405003774600145,26452137672,USD,48.05047044385355,18.812916001980298,17.17546960663891,8.970011,USD,Health technology,3.514086640411994,7.244350604884725,8.947826086956523,49.49290060851927,13.860610806577917,12.416379485100345,7.44996498728232,3374001137,USD,36.8196435548343,17.17838354854137,15.889749777721326,27.4216331560124,21.969765275148,16.9777296907402,19.0867163347017,22.341075794621,436900000,USD,27.00581395348837,13.130766687704746,61.340194552529184,60.27200199588006,9.2875175315568,USD,-0.1307540552389303,0.10584576282522899,0.40371287128712874,0.07639344262295081,2.82201405152225,7.914175960087759,7.952008234905174,17.3828756058158,21.550389882224614,,4.486932599724897,USD,0.0931414539432357,70375800,1.623309258875235,41.90295864743087,2.762044117147043,28.861067154756686,270530971.971,USD,194012659.50800005,USD,231032788.05933318,USD,69846644.3598,38.93000000000001,2.239297252766283,0.8939717,1.1903391,15.3161258298691,14.0711403377671,12.477569691915,35.9222037922399,20.704458971607,16.0568510749016,0.828799880436407,0.777086966411403,225300000,USD,318650000,USD,3.15988779803647,USD,-32.281334535617674,-42.5531914893617,564900000,USD,641644639,USD,15.82940332171417,4270000000,USD,4201403073.0000005,USD,17.19822144151068,3.1400255127072896,1094000000,USD,18.3791666666667,USD,16.5767045454545,USD,2.081145076755261,777466790,USD,10.252454417952315,USD,3327300000,USD,791300000,USD,467450000,USD,2.34280042754619,2.12349726775956,0.234123500146327,11.249744323992635,468,2.192929,USD,Strong buy,2026-10-22
BHE,"Benchmark Electronics, Inc.",83.11,USD,1.0701690380639612,-55.183543970929435,0.9022151692247462,2985305679.9999995,USD,56.749743939911234,1938.059701492537,39.66240701888231,2.9575,USD,Electronic technology,12.113854040199657,15.994417306350304,-12.01566800762227,104.55328574944622,17.69248133761978,8.866731331504639,5.308605833858526,3002455000,USD,10.2342608175444,11.837100282666604,11.504217745277597,5.91912979208159,4.28536097867166,1.88559005545603,4.78068760899497,8.49624073373842,126981000,USD,57.347492596126436,4.50563803526207,23.822104645576896,23.32489648057583,4.8626809901915,USD,-0.14079500290737754,0.261336954876138,2.124894842000105,0.156057662371513,1.99288210139579,1.0509354075143287,1.061972902515693,3.78897908400267,8.452322756353169,10.481746779767516,8.906528925619837,USD,0.22718342222315902,35919900,0.5577988248091232,28.10143702451395,1.4156694080166579,17.75489716275919,31740248.713,USD,26254364.217666678,USD,31157097.192333326,USD,34827360.3216,8.719999999999999,3.7591193830052028,1.1548808,1.7943792,1.72698165620543,2.50357107859765,1.18028704075509,9.96375476287538,3.95956087530104,0.934599121209067,1.32773880056986,1.26288053773065,53276000,USD,,,1.46374701211638,USD,50.89786438565683,5.022756827048115,53141000,USD,90811000,USD,38.34118657746075,2071715000.0000002,USD,2253300000,USD,-2.938891814449091,-3.5433086867557426,971912000,USD,22.7806778995767,USD,21.9844093655169,USD,1.7621224882685596,137307000.00000003,USD,3.3182130395362255,USD,2818269000,USD,322400000,USD,275000000,USD,1.51924471779186,1.30855166291765,0.818192756587655,46.432229429839545,500,0.7925,USD,Buy,2026-10-28
WCC,"WESCO International, Inc.",365.85,USD,1.0412063632346549,-31.460469175228845,0.6915093969065151,17828915940,USD,25.283694315056188,10.46475195822455,13.292254210349114,16.831983,USD,Distribution services,7.923537567479871,5.417086875090048,1.8938866453140262,72.06753833129528,12.975455963116145,12.506522012918083,13.786163170666853,26189548333,USD,20.3131184308897,12.225559924018201,17.058215638994145,6.79289486624902,5.71105309660215,2.86052396963167,14.3358044480064,12.3888279396906,155100000,USD,-74.93535875888817,0.6200800387000308,116.5247582205029,152.92595705996132,5.3502024291498,USD,3.4707197928314995,1.28472355262654,4.608776013143483,0.40815646048172505,2.09116559641954,0.9482633337198005,0.7151010878386752,6.21546961325967,11.689804869865508,4.09717868338558,136.010101010101,USD,0.5722919730366111,48732900,0.3640154018248179,21.735406933336375,1.882536345725962,13.959635065622978,177352545.97900003,USD,173049314.7663333,USD,214345455.10333332,USD,47717452.562699996,10.340000000000032,3.4142288108305996,1.4234775,1.8719823,6.07184094681389,4.20754888960109,4.26602611839791,20.1787256123755,5.24437601282809,2.86292740813835,1.4709014622041,1.49009231120252,109200000,USD,114833333,USD,2.21052631578947,USD,14.106583072100312,29.357798165137616,715500000,USD,903304167,USD,7.983700573498339,16494900000.000002,USD,17228900000,USD,9.517707517229487,3.161535956154045,11468500000,USD,106.033225593651,USD,115.066342646412,USD,3.955118217848845,1607758929,USD,28.917004048582996,USD,25012900000,USD,604800000,USD,503075000,USD,1.26778067398995,1.23146526561588,0.521388547218805,13.182628647251518,820,4.666864,USD,Buy,2026-10-29
GRMN,Garmin Ltd.,287.58,USD,1.0222362735799235,-49.408339994443864,0.6422903402640837,55460526206,USD,29.6559831703997,35.16382763113451,19.64318762260799,10.169199,USD,Electronic technology,2.312508894264978,-2.6208858187728596,18.878921913108176,21.83012073713195,11.436796938548323,13.512248592312265,11.594339557461586,8109678110,USD,60.0807645295138,15.715899325170641,18.971411453947653,30.1308216439762,27.610602811442,24.4712170614189,21.8873782187887,24.2339418085866,1599841000,USD,41.978399389432205,20.85451526226442,34.77744987158099,33.11097365675714,10.2286337487272,USD,-1.0764735122759703,0.01970946326027,0.09491702726852266,0.0178273513601328,3.02180327798027,6.9051330547327705,7.179279393156728,21.4784897780631,23.889494297889353,,1.0122510536319311,USD,0.0213761126075306,192853000,0.3234733102488876,28.27951346020468,1.4944568626769277,22.917174766501102,257131435.045,USD,245982423.8206666,USD,251592399.391,USD,165065968.34800002,15.399999999999977,2.412002243376885,1.0504897,0.85621005,19.4371568003449,17.2640872592827,16.1352908011541,58.7439353895835,25.8929139513677,22.9643590748986,0.705485436868651,0.702623171346898,379103000,USD,332900000,USD,1.95948229967282,USD,81.4028825173219,179.74866450652422,1877294000,USD,2058725000,USD,19.692177233994396,10993669000,USD,12198766667,USD,14.154386359126555,6.076274712355013,2021105000,USD,23.4171269857751,USD,21.832802861438,USD,3.3720008345503865,2354450000,USD,10.94804906161647,USD,7671437000,USD,2737848000,USD,2796900000,USD,2.59199823728207,2.07802136452421,0,0,300,2.393592,USD,Neutral,2026-11-04
NVEC,NVE Corporation,108.82,USD,0.9181118427153806,-13.774041406345706,1.0284335606605763,526380384.00000006,USD,29.241683237491266,78.56562922868743,23.83202449088248,,,Electronic technology,9.53195772521389,-0.5574339760577662,16.38502673796791,63.14842578710643,80.74857436404153,24.0693537657067,4.267400170784352,,,79.2615318609532,19.39148428790912,27.269246474188147,64.0104161685028,62.0687311142248,57.6366100863415,29.8132795598172,31.6352274329534,15586210,USD,27.237587236901504,49.858910397554034,33.832084316841616,32.43348139156345,3.4615224284398,USD,-1.0427421007233362,0.015152696254035002,0.05528145626634563,0.0148777397377139,23.7189272635887,16.17098042582698,16.714847609761932,29.4374135705564,31.66791261773373,,0.1871269633277945,USD,0.0153078926157433,4837170,0,,1.2158284888775175,25.263045288220027,10830325.752999999,USD,12939097.509666665,USD,20513606.65966667,USD,4817057.047139999,9.759999999999991,4.5135942019604105,1.2787427,1.4600515,24.8969355605499,28.6742991710632,24.2912681139452,78.734542397545,60.4624176519294,57.7230988707017,0.497501486088585,0.420824047724066,1187447,USD,,,0.245049419645483,USD,-15.12166913628959,-94.63092003582346,18017568,USD,,,23.893842064363767,60865361,USD,,,-5.306036969212486,-1.6174203043485416,2615862,USD,6.41903771753957,USD,7.06444682692304,USD,3.419775776511671,,,4.004147968991352,USD,31260631,USD,19839100,USD,,,21.9993726595206,19.2822834143111,3.6757948906451,107.48642983823291,47,,,No rating,
TENB,"Tenable Holdings, Inc.",36.23,USD,0.8911166805903656,-12.2518971661478,0.3607179788894233,3990371575,USD,626.8166089965398,,,1.981766,USD,Technology services,-1.7091698317959918,5.197444831591171,31.220572256428824,18.3986928104575,8.578014112699407,9.932883926379851,17.818679900964796,1078589222,USD,78.0511317737047,10.004470441736368,172.35922206686158,8.21301360083332,4.20405945537254,0.646070726633121,2.45566365202569,6.31310987323702,255661000,USD,3.379659769594384,24.4994197629413,16.122187740797383,16.090544021184304,2.38112650305886,USD,1.4392574615546168,2.12481917751602,9.666790249328018,0.238706801696204,0.720557717919863,3.9420899218907968,3.914955626957879,0.986059586255716,5.036582411741272,3.16060036139691,3.472911324964204,USD,0.561060632958378,110140000,8.39628575191021,18.28167402205911,,47.9980931906751,221791755.54899997,USD,167812130.47033337,USD,154545282.20366672,USD,108444725.12,2.559999999999995,6.288999601213161,1.891312,1.5247157,-4.67745225322062,0.417431188400341,-2.06992635078483,78.0932654929683,0.120171502043716,-3.61395030042876,0.64610757180674,0.572760048896981,15235000,USD,14935081,USD,0.133912875325223,USD,-10.192171657627917,9.986130374479888,6742000,USD,241547765,USD,,1747667000,USD,1737087000,USD,0.31846274565629556,-18.36087950327294,1421291000,USD,-0.779054453355846,USD,-1.96059470129118,USD,0.15953629588738616,271930774,USD,0.38561809999296814,USD,1043539000,USD,402181000,USD,271358286,USD,0.88648857431401,0.720557717919863,0,0,13,0.507583,USD,Neutral,2026-11-04
WAB,Westinghouse Air Brake Technologies Corporation,292.22,USD,0.8663836250043312,-23.798401740204437,1.0141012791232402,49359126717.00001,USD,39.35516888433982,18.36849077754001,10.817264640916962,10.862538,USD,Producer manufacturing,4.491167846670958,-2.100572883513679,5.899833297093582,47.25861721427133,17.479674796747968,13.425487597046015,8.125409147430386,12546624646,USD,32.237061769616,19.492574257425744,13.979455113890129,21.3021702838063,16.7445742904841,10.567612687813,11.501249148308,11.7543654048986,1714000000,USD,18.044077134986225,14.307178631051753,28.9151178529755,32.47090240198367,11.7865566037736,USD,2.4553291536050157,0.618512573568753,2.50337552742616,0.268838642439621,1.12140337850381,4.6456700097662775,4.101403672787979,7.83173523043613,11.62022823379482,8.985915492957746,34.67562828755114,USD,0.34746705710102505,168911000,1.0778148548903954,26.90163201270274,3.6069313404896772,21.808435233934173,233155936.47000003,USD,237447816.7460001,USD,259791956.66899997,USD,167717643.785,11.75,2.1217707860864885,0.48363554,0.61703074,7.89473684210526,5.81814839495393,5.72465723185598,31.4766723381392,16.7368138264529,10.4504343153936,0.550564121418231,0.547791322263373,285000000,USD,302000000,USD,1.68042452830189,USD,33.80281690140845,58.97435897435898,1266000000,USD,1923531863.0000002,USD,9.800520381613183,22069000000,USD,23767275000,USD,18.0034220938937,13.299896229678312,10879000000,USD,3.18874560375147,USD,3.8675340035482,USD,2.540962288686606,2816716101,USD,11.827830188679245,USD,11980000000,USD,789000000,USD,1164725000,USD,0.572621359223301,0.591052533877854,0.403805352131955,15.083768787372732,85056,2.731262,USD,Buy,2026-10-28
QLYS,"Qualys, Inc.",184.79,USD,0.8018765001090982,-27.983878619369584,0.5729283753382353,6392810043.000001,USD,32.00769057558069,15.530156768862465,15.010558189569304,7.83303,USD,Technology services,2.8897550111358563,1.4326490284334092,60.924845423669765,35.39712778429074,11.922602848390916,10.713629893070873,13.06697633384275,735344430,USD,83.5564414038301,12.994335119384242,20.78103921477414,36.8072320753941,35.0435843966584,29.2798686726783,38.5922887919357,41.9293448762484,313957000,USD,31.08742306953595,44.50683500304077,20.61809005691862,19.174329742608066,9.16211818441336,USD,-1.436183528922405,0.0949783271050811,0.2199260378057041,0.0470490606658728,1.38399849675527,8.533887301481546,9.103460809483243,35.50442937284,40.86557615532761,,1.4340109181686005,USD,0.08521633380989099,34595000,3.2353847307957615,23.591126294677792,2.1153823706507136,23.185354671606788,157572597.85400003,USD,122855577.95833328,USD,128805634.9945,USD,34228431.38,14.620000000000005,5.114554581696513,0.9374359,1.0234672,35.3912813813878,19.9205469701661,18.9067508788655,82.8927895525199,33.3656229351846,29.646638144185,0.680349601047029,0.637736757433117,6992000,USD,12104265,USD,0.199600342563517,USD,-44.60465853272065,178.82441597588544,206544000,USD,280166974,USD,11.644801919989622,1111053000,USD,1206779200,USD,12.588997813182115,-7.467512216374829,549900000,USD,5.08180800447803,USD,4.95396958240743,USD,3.1242491476811516,331697500,USD,7.056865543819583,USD,705413000,USD,445939000,USD,481851400,USD,1.38852607748567,1.38399849675527,0,0,40,1.955783,USD,Neutral,2026-11-04
KDP,Keurig Dr Pepper Inc.,31.76,USD,0.7933989209774674,-0.2865203675669761,0.8326749914965323,43219835653,USD,32.188101753319145,-89.03836571998008,-12.456747404844288,2.292431,USD,Consumer non-durables,0.9856915739268753,-1.3970816516609725,-0.18856065367692873,21.685823754789272,75.57050204179679,27.482708293673458,7.401671198285564,26310182277,USD,46.5604778496765,14.338100476714338,2.868563367035034,21.7770034843206,16.9487307117969,7.10303633648582,5.70605993962053,6.22167811723432,1836000000,USD,14.678326046221112,9.138875062220011,23.603769063180827,45.46069480010893,1.75375595456211,USD,8.24,1.5021971875998699,4.155535012710885,0.324221496961719,0.479304929327727,4.154596100199104,2.14013912394226,3.06351370208564,5.92034913542038,4.264132553606238,13.194159084238333,USD,0.41338483113777996,1360830000,0,13.854288307914175,,19.077905292114284,360161849.81799996,USD,321961655.8856666,USD,367679821.0418333,USD,1296952639.8,-0.31999999999999673,2.286351100016104,0.12841932,0.31186393,5.28449601565777,2.01004317296654,3.81856753207395,50.3162079142324,21.5262301993616,12.5218334036018,0.282983653433061,0.304952750048214,562000000,USD,843313324,USD,0.411872480762184,USD,3.6900369003690034,69.44444444444444,1427000000,USD,3335771238.0000005,USD,-7.096354166666667,55459000000,USD,88250232225,USD,3.797492045667228,14.071148951711388,29943000000,USD,-2.22571618610033,USD,-7.55303820700997,USD,3.1067380352644838,6148504722.000001,USD,2.495419567607182,USD,20090000000,USD,1044000000,USD,1359620911,USD,0.426176115802171,0.283904959724403,2.89672544080605,93.24009324009324,7159,0.619229,USD,Buy,2026-10-22
DXPE,"DXP Enterprises, Inc.",191.08,USD,0.6478799051883162,-27.596778872919163,0.8202667301526951,2965016672,USD,33.66692508281063,22.988586233457045,8.404003361601351,6.46,USD,Distribution services,4.67842664621454,0.4573892014089714,12.466156562683937,65.32272019380517,15.596913463890816,11.47063727789069,14.936410867043026,2269000000,USD,31.7647960741069,12.750215703192408,16.39992682577117,11.0052060715219,8.92595617214207,4.35492534006347,18.469261017433,14.7043999536413,118659000,USD,209.23329511101846,5.546801119840615,26.32082353635207,30.654359736724565,8.23493423065158,USD,2.8560148156328715,1.66253529878445,4.387438778996925,0.548605914589459,2.99315707411037,1.7003363691566087,1.4505658102693868,7.32010593339365,14.46838916069901,3.655698757763975,56.00569455382564,USD,0.649708171548044,15517100,0.5770287958772058,29.578947368421055,3.9802706481973877,15.450291054127181,20657270.085,USD,21688933.528666675,USD,23069589.778166663,USD,12864932.7851,4.52000000000001,3.149547145455014,1.2757676,1.1336524,7.1619608509841,5.85573920520544,5.84430027986762,31.5383375529728,8.86099490915583,4.39786447394197,1.34462447641412,1.32889503860249,15941000,USD,12000000,USD,0.975282961150199,USD,-63.445619023596045,-74.66653779238352,93162000,USD,121500000,USD,7.4966826285120876,1685155000,USD,1516591000,USD,24.873100584367176,7.612050793722556,1186716000,USD,41.1146614033244,USD,38.172343293497,USD,2.9702742306887164,236000000,USD,11.682288161517285,USD,2139233000.0000002,USD,303783000,USD,170000000,USD,2.94395939533399,2.58435286867442,0,0,262,1.79,USD,Neutral,2026-11-11
DGII,Digi International Inc.,75.3,USD,0.6146445750935245,6.879690015553797,1.0234037616585077,2857493561.0000005,USD,59.41297143758876,48.676470588235276,11.146189599228272,2.692,USD,Electronic technology,9.130434782608692,1.114542768900226,9.193735498839914,101.8225676762262,28.978551630485335,20.25918490978417,9.026771777255437,532136800,USD,61.6943855649697,28.367908125727016,29.817293043544975,23.398055759137,15.0991776189075,9.62737029669329,7.45947683406548,10.3472083087403,135982000,USD,31.636673410712383,26.862605266952844,21.551386948272565,21.678674831963058,3.55661759038002,USD,0.7633649657221978,0.17279060297481,1.8349465650491472,0.18553594769825002,1.12876580335843,5.823456847216489,5.753897983655123,6.62073518893243,10.075054768627265,15.019528277960944,4.535997244230107,USD,0.21205533278580302,37948100,-0.35356160160390293,27.971768202080234,5.297776710580542,24.888635650602822,27719969.175000004,USD,27344981.183000006,USD,27927831.119166657,USD,36750951.289299995,6.390000000000001,3.551114504636642,1.3395798,1.2338351,5.37125135255386,5.61886490512437,4.69626597134983,58.6837927483782,13.7871001183113,9.48442777084336,0.583634443463162,0.495155436344499,2438000,USD,3667333,USD,0.0626429250494617,USD,-21.15135834411384,-15.004935834155964,48735000,USD,78653400,USD,14.170922550719206,922646000,USD,958000000,USD,13.197681194982055,11.102492764563943,286569000,USD,0.615777014738106,USD,0.436761456105922,USD,1.6831341301460825,103872250.00000001,USD,1.9639250751560935,USD,506213000,USD,21902000,USD,36000000,USD,0.851386698822002,0.779013295413044,0,0,94,0.764,USD,Strong buy,2026-11-18
PNTG,"The Pennant Group, Inc.",39.65,USD,0.6089824917533672,15.631014572449823,0.5396989057919097,1384937811.0000002,USD,43.72036608225824,26.110833749375928,15.971867007672635,1.395714,USD,Health services,-0.5018820577164438,1.277139208173691,13.61031518624642,60.91720779220778,35.75519018136591,37.89939706329646,19.373993915864894,1183698429,USD,13.1033575078741,40.75074343099498,50.417832564471,7.2214103529967,6.30011527534469,2.93353060242714,9.61152705184348,8.97296179229124,26070000,USD,28.708960750431995,2.366321445752512,54.68719025700038,73.28181093210588,1.48246516672692,USD,6.036777737276738,1.37959037090447,7.005774358193037,0.474936969300098,1.20461792842801,1.7340832079222301,1.286241724228698,4.54305847822512,9.065008185529082,7.445858680393074,13.020274096726695,USD,0.5802730093749959,34929100,-0.1551694222607949,28.40839885535289,2.7207669763553697,24.01308225342199,20171050.056,USD,12732654.782333337,USD,12440560.3245,USD,33176218.0456,0.04999999999999716,3.5450926084712635,0.45091495,0.9364776,4.52159636291093,3.61366975492926,3.41048177177169,12.9224811518352,6.0247650904026,3.12101339551865,1.23185002806495,1.09274820052637,27235000,USD,,,0.757432488806074,USD,55.57523134925169,17.02014846235419,32319000.000000004,USD,53155833,USD,20.489878089699154,968179000,USD,1064064000.0000001,USD,26.335410696856293,18.503100865620162,593927000,USD,0.581701611505805,USD,0.894886363636364,USD,2.2872635561160153,92679000,USD,1.9303334538476515,USD,1101710000,USD,17024000,USD,57000000,USD,1.13677477183833,1.20461792842801,0,0,72,0.357386,USD,Strong buy,2026-11-09
MTRN,Materion Corporation,254.73,USD,0.5645479668377332,-22.728466784541553,0.5761801297920525,5306974674,USD,59.35271913882286,52.39910499709951,460.7264175594461,6.972857,USD,Electronic technology,4.167007442545186,10.882340138423366,-7.384380453752192,112.11591306520108,42.19250320900468,21.56147936820991,8.715132677564629,2356745574,USD,15.5019269870654,1.6066753722251033,-3.5047018359549917,9.65452453512569,6.19228690420925,4.29513644288578,9.45845526031849,8.87311991722428,32360000,USD,-57.7385694322916,1.542352249231922,165.89724196538938,179.18778349814585,5.13537366548043,USD,2.4266369143122315,0.514168225501499,2.921797436868004,0.299715831087291,2.94110726456429,2.7637068091324792,2.544355734299797,6.23416441920321,8.424845122464058,7.17106241370765,25.838179035960213,USD,0.36419936573414097,20833700,0,36.53165409816951,0.12810102342211868,28.626027093073198,63782774.36200001,USD,66049502.38566665,USD,80333115.85316665,USD,20456776.6996,1.6599999999999966,4.213247893613246,2.1136672,1.8178313,5.33455106226887,4.98994436175491,4.27507111263092,16.6633830612978,6.48452358430899,4.18788416783552,1.1617662041959,1.0208188529819,75868000,USD,,,3.59990510083037,USD,12.900489590618907,13.799915337942698,90116000,USD,158100000,USD,453.4700896695738,1802801000,USD,1993000000,USD,6.1950410925336,4.094195906659389,859524000,USD,25.8469737159392,USD,27.5589901123164,USD,1.6848427747026267,212200000,USD,6.164650059311981,USD,2098094000,USD,13681000,USD,37200000,USD,1.29460176746864,1.29317899064207,0.223766340831469,13.164639545179178,559,1.908333,USD,Buy,2026-11-04
PLUS,ePlus inc.,92.03,USD,0.4913736623717,7.459014064497797,0.6687905635600548,2401101124,USD,19.215350565832882,-19.79842606654702,11.45397002699431,5.475,USD,Technology services,-0.3141247833622098,6.368469717984286,13.19803198031981,22.88690078782214,0.9860371047411615,15.01340696149798,9.468293478020717,2556700000,USD,24.195600703568,12.629800114935321,31.561347563154378,7.95083172835789,6.87665599037137,5.18553407484761,12.1646898922133,16.1318750221031,54766000,USD,-45.54981109564526,2.231387819244793,43.795162326991196,35.64706430997334,2.27200521832553,USD,-2.3001521976417054,0,0.08360858794384805,0.00892818761098233,2.02105521723265,0.795424250931103,0.9724614979055525,12.1646898922133,14.843077702404106,,0.6143111751545258,USD,0.0149285365426615,26090400,2.0450617222733847,16.809132420091327,1.6694118311216444,10.004289841704203,26285629.592499997,USD,19545136.79483334,USD,21072136.120583337,USD,25532978.604,3.739999999999995,2.879840629580146,0.521015,0.88691044,11.921375779783,6.94295334232359,6.71048957324974,24.1361790490181,6.8021153311561,5.08157666437807,1.33890805500639,1.3205526584476,4447000,USD,,,0.170631570869465,USD,-18.71687077316761,2.155688622754491,125771000,USD,128600000,USD,10.356415836024146,1814478000,USD,1982300000,USD,-3.438421490413706,3.3988249957017915,745508000,USD,27.0673029392753,USD,27.5008604535546,USD,5.204172552428556,190100000.00000003,USD,6.475980354539175,USD,2454347000,USD,410769000,USD,509200000,USD,1.8006904408573,1.81381417624249,1.13006628273389,21.297030943333194,270,1.47,USD,Strong buy,2026-11-10
PLPC,Preformed Line Products Company,427.28,USD,0.48918156161805837,-11.273069732791702,0.9054721658002547,2088844140.9999998,USD,48.16701988546693,74.96977496977497,3.636894678427469,13.27,USD,Producer manufacturing,3.66344800815177,-0.4705334265082783,8.476985960547358,106.11673902556679,25.400793627396062,17.07015779017829,7.490049546327038,813000000,USD,31.4394957812891,13.24917144011252,14.712417310508508,12.2766177354743,8.9844694692328,5.82215887212813,9.02207627300506,12.6481664637858,34418000,USD,-13.210782459590991,4.650107072167317,59.51479807077691,59.9732448428148,15.0492282019191,USD,-0.27230207118174016,0.10407386213130099,0.613488759367194,0.07327181960187941,2.99180587622799,2.788820099843951,2.754029628929078,8.34694047529117,12.295901150562337,84.13518518518518,9.69081343585593,USD,0.09149997134177801,4888700,0.7765538692721451,32.198944988696304,13.179524556693906,22.71651818061761,28982396.777,USD,33691634.44333333,USD,35863511.97316668,USD,2546587.3830999997,16.619999999999948,4.73124697093298,1.5598749,1.0220754,7.33277427761792,6.48527032619737,5.74876700410103,31.444501880963,8.22230323095357,5.27132778954729,1.11389442793183,1.09057285633052,37728000,USD,,,7.86983729662078,USD,43.131378276869384,-16.961088565290044,43093000,USD,65000000,USD,1.744817490673844,653621000,USD,692000000,USD,13.895660568379636,2.5861339748727223,178070000,USD,50.6849624892034,USD,54.0869026805781,USD,2.0761093428196964,86000000,USD,13.871297455152273,USD,740155000,USD,83389000,USD,123000000,USD,1.87194664806904,1.87650716042676,0.194252012731698,9.356540560039681,6385,3.37,USD,Strong buy,2026-11-04
TXN,Texas Instruments Incorporated,272.62,USD,0.44581997715632415,-33.02094677934126,0.7714048820696134,248969578243,USD,41.47384114523908,51.5400410677618,20.161231354197135,8.511696,USD,Electronic technology,2.009354536950423,3.847325918025302,-13.644498645844878,51.565019180519265,22.819244604316545,16.659670164917543,4.1038070937830184,21939092599,USD,58.3251940574719,17.25919801570897,26.767810026385224,49.3959800544903,38.0661080553128,30.9309618053771,34.9723917465853,23.6941044716423,5355000000,USD,256.2874251497006,27.527887729399065,46.83667600373483,47.8096317914099,9.42065217391304,USD,0.7337912373816214,0.780363192091964,1.8158250399311955,0.42732398438629504,4.85727496917386,13.1609817633784,12.835922479823168,19.6134037420953,22.75695692927058,16.682291666666668,16.187294633077766,USD,0.47594357851346103,913248000,-0.08595427662697452,32.02886945210449,2.0479782413725163,26.643831641481945,1952100379.0059998,USD,1610420277.4246662,USD,1929865671.4541664,USD,910350264.0960001,11.03000000000003,3.1013600131043333,1.5949265,1.7990178,16.3464541046923,16.9935748075973,14.1895169344024,57.0240922972514,34.7245786675715,28.1246465331976,0.549403374991174,0.504522498359346,3312000000,USD,2531738636,USD,3.6,USD,-32.90113452188007,-60.61302681992338,6017000000,USD,8721517494,USD,19.980059820538383,34585000000,USD,37479300000,USD,-2.6021571995832042,1.2708321721197258,18312000000,USD,11.6769570011025,USD,13.7053669222344,USD,2.4111583889663266,10341917374,USD,8.048913043478262,USD,19453000000,USD,4881000000,USD,4088666667,USD,2.83190883190883,3.43773119605425,2.08348617122735,85.49739096040041,10238,2.416008,USD,Buy,2026-10-27
AME,"AMETEK, Inc.",246.45,USD,0.4237806120369961,11.633971406585026,1.0229867668054622,56501433310,USD,36.02332855848218,14.33923265727942,10.327366553781657,8.341889,USD,Producer manufacturing,5.055628969691797,3.272712034864232,4.1147395547294074,30.62490062013039,14.97933698376204,12.66053818282675,10.267547865932357,8204935400,USD,40.9398591517236,18.77629549831399,12.040593278099445,31.7945508876422,26.4517086446548,20.0443213902272,14.5617656996591,15.9037868230677,1803177000,USD,7.110411500022275,22.929738757615,31.415532002681932,32.3412129313983,8.43386482782624,USD,0.7261123569621074,0.205220907322177,1.0903515530094077,0.160043635794222,1.21372279675227,7.41575563621363,7.173101205339875,12.7876458751715,15.220054154816745,25.9329454228639,11.119601831712496,USD,0.19480687324085402,229261000,0.7065077408033633,29.54366810682808,3.473423036005189,23.323982975636113,349761409.807,USD,339854314.9113333,USD,302609101.24883336,USD,228294894.146,10.179999999999978,2.08934505539743,0.78769475,0.9318165,12.7593597519267,9.89458702808951,9.64302345974646,39.5729373786332,26.1530423249683,19.998902868162,0.493635420998273,0.482177623608443,135389000,USD,176000000,USD,0.589019164255727,USD,3.869730331044536,9.368273600054678,1576270000,USD,1786314243.0000002,USD,9.644183488995377,16067543000,USD,18546616667,USD,9.81721966303581,6.184120207441972,5438757000,USD,0.773192824519102,USD,2.47840843086414,USD,2.775978900385474,2336955596,USD,9.049800961475713,USD,7863923000,USD,457951000,USD,936295889,USD,0.673093185758026,0.764093706532541,0.527490363156827,19.001958663431463,1600,2.100885,USD,Buy,2026-11-03
RGA,"Reinsurance Group of America, Incorporated",246.75,USD,0.37832560410056415,-36.33390235442974,1.0122885654754992,16113186149.999998,USD,10.848013505611952,160.55237102657634,97.91092046532266,29.555162,USD,Finance,-0.33927056827820323,1.3846659544744861,18.669744625595147,31.83906817696089,18.72105450659067,19.535525408139804,10.1842132046569,27000925617,USD,,,,,8.79852267918286,5.80156195898896,11.7139860954674,5.91383462670591,5199000000,USD,5.756712774613507,20.001538875851193,3.1324293133294865,4.214692469705713,78.7727272727273,USD,,0.416897911494085,,0.038215707927584205,,0.8430033528257608,0.6241726618705041,8.1097069104598,1.536983023965376,,85.47904191616767,USD,0.29784570444942904,65301700,1.6942645449422804,8.348795381327973,0.11037713999951182,,81586186.129,USD,80473638.74400002,USD,82800422.87533332,USD,65077715.169,1.7199999999999989,1.837553852796952,0.34520432,0.49512985,6.74869393930743,1.04537829106992,0.900369059906535,,8.07663093931977,4.98776268039497,0.180189110873875,0.180515617442175,0,USD,,,0,USD,,,1508000000,USD,1838670227,USD,95.84415584415584,149415000000,USD,167193000000,USD,32.057378208300925,6.965682760340367,135864000000,USD,278.016824722796,USD,289.974296082916,USD,9.218277608915907,2472500000,USD,,,25993000000,USD,,,,,,,1.52786220871327,16.354451971986407,14306,6.917962,USD,Buy,2026-10-29
LTC,"LTC Properties, Inc.",42.54,USD,0.28288543140027683,-21.378659002943426,0.7352722435283487,2293142714,USD,15.590984057174271,74.0523882896764,49.580615097856466,2.135348,USD,Finance,-1.823217170551579,5.297029702970298,11.507208387942335,20.98976109215018,63.82774486114329,59.93916941090377,7.700267868637556,333428575,USD,58.6329073381929,9.606337937818072,-11.8843115592651,39.4585505489132,36.1690749833424,38.5303024670352,12.1054076187421,6.54455476795755,121818000,USD,6.7221516492181,34.835897978501016,18.228036250800375,25.491181221166002,2.54877581516533,USD,5.356217794945754,0.614479770699914,7.452874800391718,0.409668486852953,63.2671500278862,8.880081883720198,6.331987840693641,7.2737961785537,,3.4804641190566272,18.143492268041236,USD,0.44003813006414905,53905600,-12.402324472161046,19.921811339416337,0.31357020919533585,22.50483547973301,29931888.450999998,USD,23555424.48733333,USD,23250537.59266667,USD,52687980.3072,-0.00999999999999801,2.097168767244162,0.1015608,0.16647625,6.870355117148,6.78397317365752,6.09510623402826,61.0092573048277,28.1887947411272,44.204384404306,0.17606851592877,0.137884653664231,11223000,USD,7539000,USD,0.21500823786352,USD,-10.46669325887515,223.60992301112063,134737000,USD,106718000,USD,63.25425289584646,2062060000,USD,2342800000,USD,15.447707964988226,16.05924685946442,899676000,USD,0.587743904954416,USD,2.07110525729974,USD,6.413963328631876,113765197,USD,2.423081344112801,USD,349691000,USD,14387000,USD,284900000,USD,,63.2671500278862,5.35966149506347,83.56239692138537,396,0.511104,USD,Buy,2026-10-22
PLXS,Plexus Corp.,263.9,USD,0.21645843618273392,-47.10818337035564,0.9407830431480648,7033488924.000001,USD,38.930194134655096,-3.875022883993416,15.340638399237735,8.691433,USD,Electronic technology,8.865145827317347,9.894228366786038,-9.947108002047445,82.75623268698058,28.131960074947855,14.200248486461064,3.532065395020334,4897490333,USD,9.58095855922647,7.270504161358668,-0.5667550223214286,6.20209526159008,4.53483143427546,4.03356456176784,12.579596497364,12.1288060525625,61871000,USD,-75.31036134001077,1.3459718196735826,116.41781448497679,113.55698023306559,6.26533304022862,USD,-0.02667531875339806,0.200792541890379,0.62246780430695,0.0559288644644274,1.488022711878,1.5284449532093634,1.5635665044434592,11.6363999226805,12.722264282909029,22.25218545113956,6.353382097334879,USD,0.107638264757433,26652100,1.2168072051406273,30.36323239217284,2.532235454927619,24.64400962486189,58813248.33699999,USD,56725800.056000024,USD,68973008.78999999,USD,26277637.995,15.649999999999977,3.2518814973082204,0.96152794,0.8217572,11.4376350025967,5.50249805986737,5.49632478881107,10.0111183679704,5.0602459827333,4.28679537590944,1.36417750989356,1.28215235550986,109135000,USD,,,3.99849783835275,USD,25.805484789450023,94.4002916514765,185413000,USD,272250000,USD,13.976161350406018,3137110000,USD,3504550000,USD,-0.5298652016078275,3.40530333991359,1682522000,USD,32.8056508125839,USD,35.5953817895565,USD,2.5687002652519895,348924999.99999994,USD,7.6373928335898,USD,4596753000,USD,306758000,USD,312550000,USD,0.769715602268545,0.723084379108279,0,0,284,2.552867,USD,Buy,2026-10-28
NVT,nVent Electric plc,162.85,USD,0.12296341838302406,-8.030977658977902,0.6787363542318342,26358566627.000004,USD,44.9874305920053,96.57851486627821,3.016591251885366,5.141725,USD,Electronic technology,10.190134650517628,8.454596916519591,-5.594202898550728,62.088185528018315,52.76710621949954,46.19246355773302,14.26518714336622,5462056372,USD,36.9714522134878,37.8905948615076,45.498915401301524,22.2010757136947,17.403806371535,12.2258998758792,15.7482413131528,15.2449465892309,577700000,USD,47.78715784088002,11.950765411667357,46.25875887138653,48.01015514453869,4.20840950639854,USD,1.2829854640327991,0.409566329729865,2.0585266193967073,0.249989054130971,1.80007185198491,5.737581015101366,5.521486346710797,10.7954078417404,14.157341186369374,14.328437917222963,10.406439854191982,USD,0.314691995370285,161858000,0.16161728595804342,31.672250071717176,14.895017818171826,25.8437072558703,332473559.563,USD,371212284.1003333,USD,351287066.057,USD,160277618.488,4.310000000000002,4.153367075560004,1.4810001,1.8271006,7.90269632252591,8.51094470046083,6.30759266346748,37.7359944517223,16.0360638051938,11.0066527959724,0.696140552995392,0.573070921777019,112900000,USD,152333333.99999997,USD,0.687995124923827,USD,45.8656330749354,27.218934911242602,593500000,USD,949673752,USD,1.2971496842464585,6851900000,USD,7657372787,USD,1.7372195578256544,0.20430152666414758,3121700000,USD,3.93311121426279,USD,5.50359164032108,USD,2.222843107153823,1275530824,USD,5.126751980499695,USD,4834000000,USD,237500000,USD,545462714,USD,1.16362730443448,1.33087839051554,0.509671476819159,22.928810188126743,11116,1.39279,USD,Strong buy,2026-10-23
DRI,"Darden Restaurants, Inc.",213.69,USD,0.07024445068839828,42.655241690003656,1.43739787526885,24262738048,USD,20.569068910086727,36.401738590499846,17.071219292314616,11.28814,USD,Consumer services,0.8971150668114669,-5.655629139072849,1.689349957171415,15.458180246379936,13.665678393495737,9.391638444276996,12.919005107612413,13691463713,USD,17.4265190108168,9.005681818181818,12.535021272180138,16.418260678682,12.171010302099,9.18711064348379,53.7178011861556,15.8391165794049,1092700000,USD,5.564679741087829,8.271200296724675,22.528679417955523,29.32711453097831,16.0859375,USD,3.5882895343476258,3.62881087202718,3.6368836829201854,0.546660570367893,0.313735276502296,2.425704384107063,1.86208418805683,12.6889038739996,13.529842394459827,11.021341463414634,68.8787618228719,USD,0.78396179328838,113542000,2.665404039398217,18.930488105214852,1.204051689038332,14.774429713231903,289342461.03400004,USD,236958792.5066667,USD,254227845.30066678,USD,113180141.646,4.27000000000001,2.3954829726976685,0.8335958,0.53812706,12.6889038739996,8.3642591080283,8.3642591080283,17.4204634052184,12.4253457372321,9.18711064348379,0.910434132407111,0.910434132407111,760400000,USD,875200001,USD,6.60069444444444,USD,13.171602917100758,10.804851157662625,1206700000,USD,1284708458,USD,14.978561219628395,14653700000,USD,12732252286,USD,1.9927057087573257,0.4763302101175824,12446200000,USD,-18.0797398312728,USD,-18.0797398312728,USD,4.861668772520941,1687352101.9999998,USD,13.957465277777779,USD,13210900000,USD,227600000,USD,193657411,USD,0.205164038064817,0.205164038064817,2.86396181384248,57.753948926257834,7001,2.054281,USD,Buy,2026-09-24
DBRG,"DigitalBridge Group, Inc.",15.99,USD,0.06257822277847176,-72.62350516491622,1.1000470851708755,3042580867.0000005,USD,10.389863547758285,1100.2089864158831,,0.35,USD,Finance,0.8196721311475459,0.43969849246231335,1.4593908629441652,30.10577705451588,99.04082526571733,99.25070006975665,2.455610513499318,429390000,USD,95.9025496623846,114.13824057450628,39.26657331852639,38.6524864275412,34.5550360899258,58.0192669448442,15.873708408532,7.17274006201699,178688000,USD,-6.28169826659324,29.93194088254065,16.2940720137894,22.066204037204514,0.984474369254089,USD,-0.8455067866243694,0.136298772311674,0.9388360640856896,0.09679683620234311,,6.604843147436854,4.874081888703329,13.8024942312608,,12.691711127000714,1.8833457574843655,USD,0.135738433466775,187495000,0,45.68571428571429,,17.087757497356424,128946234.34299998,USD,82622391.86733334,USD,69306459.38166668,USD,181090358.295,0.07000000000000028,0.25258000243612605,0.60792494,0.62918097,6.1208325400766,9.65864948899207,4.16458708979445,93.7349643611489,68.7197027224211,30.7051408856643,0.166473138969061,0.135631590335377,571000,USD,,,0.00313588084751162,USD,-52.84888521882741,-99.51768488745981,338699000,USD,,,527.1042399555638,3419182000,USD,3743075000,USD,-2.6794044831694714,1.3025840974896108,968959000,USD,,,,,9.624765478424015,,,1.1329097239765824,USD,596981000,USD,395490000,USD,564759000,USD,,,0.250156347717323,2.5990903183885643,1856,0.04,USD,Neutral,2026-10-29
GBTG,"Global Business Travel Group, Inc.",9.46,USD,0,-0.533410286481938,1.3237787721441494,4941652508,USD,58.904109589041106,5.109489051094885,,0.23,USD,Consumer services,-0.21097046413501658,0,0.8528784648187641,17.369727047146405,37.87638668779715,30.16393442622951,,3393400000,USD,51.4168765743073,23.15233785822021,20.100502512562816,15.0503778337531,7.96599496221662,2.77078085642317,6.19936597393449,8.50277264325323,102000000,USD,-29.655172413793103,3.211586901763224,48.26197534313725,59.555416745098036,0.480425310919251,USD,2.2615062761506275,0.9755948749237341,3.5104895104895104,0.25251509054326,1.19505678022712,1.9126739634760705,1.549975278652393,3.04814686525805,7.741738066095472,4.552380952380952,3.0560573203039714,USD,0.48362235067437404,522373000.00000006,2.2462121693158923,41.130434782608695,,12.708478050209205,18495993.298000008,USD,17129487.03666667,USD,15634602.492999995,USD,241940189.188,-0.019999999999999574,0.26951651848321795,1.9354221,1.8365598,3.95716100925758,1.96691998211891,2.09293394777266,53.0169242089772,8.719646799117,4.0103016924209,0.709879302637461,0.521889400921659,148000000,USD,166852500.00000003,USD,0.284411784064196,USD,28.695652173913043,30,88000000,USD,177439086,USD,,5964000000,USD,,,33.9622641509434,1.57573370100453,4280000000,USD,0.3204829785186,USD,0.559081213592229,USD,1.697674418604651,431111502.00000006,USD,0.48619041465028157,USD,3176000000,USD,434000000,USD,,,1.12092686459088,1.19505678022712,0,0,81,0.03,USD,Neutral,2026-11-10
JNJ,Johnson & Johnson,269.17,USD,-0.007429696496891344,16.796918856727753,1.039472311962946,648672394781,USD,31.197987899580426,-0.9174712744112853,-7.724064171122985,11.528841,USD,Health technology,0.884524568044681,-0.21131459924371362,11.563808181705145,53.90817085024875,6.63830504191062,8.07181320621469,2.665217579264212,101275342514,USD,68.0341845434403,7.942782160734825,16.96492728828058,34.9023371690542,26.9882273660135,21.4796965458091,25.7421502165879,20.0819781113124,22244000000,USD,19.920211332147286,22.71209630484281,29.527140667146195,30.432943480534078,11.3142903979345,USD,0.8272533130503467,0.577091007520213,1.4670651559758527,0.24764319060288098,1.08887876855816,6.911959431697281,6.706730914140433,17.5291534561271,18.524397722295223,20.742111650485437,20.306660080678355,USD,0.376941708627184,2409900000,0.5677750478719581,23.347533373042445,,19.803715144399263,1728226628.6640007,USD,1697501601.3146672,USD,1859539001.3916676,USD,2406947872.5,2.090000000000032,1.9561226332588524,-0.4849486,0.063693225,23.7494628371943,10.6664976549626,14.1328819922281,68.6211217057062,27.7389623903672,28.4609993841449,0.496585118519457,0.496570123960624,4995000000,USD,4590989372,USD,2.0470472521618,USD,3.032178217821782,-5.507868383404864,21037000000,USD,29226624300.000004,USD,-7.166497506729623,199210000000,USD,215144166408,USD,10.608315195664728,0.3014010673377731,117666000000,USD,0.622108782656039,USD,2.02597096288225,USD,3.2053349184530227,34746090459,USD,10.832342936764887,USD,97939000000,USD,20102000000,USD,33571000000,USD,0.765491630639619,0.813006649057291,1.96158561503882,60.73390667377547,108358,2.84703,USD,Buy,2026-10-13
PDFS,"PDF Solutions, Inc.",48.43,USD,-0.020644095788600353,-16.79317228497665,0.6668011657529205,2045064026,USD,191.877971473851,250,1057.798165137615,1.293957,USD,Technology services,14.654356060606055,8.880395683453244,-26.820791779993964,101.24662372740494,18.947185276832663,23.04948979591837,19.99313916509906,263930520,USD,69.697773834155,21.85212033345415,335.85626911314984,14.1829444764633,8.15251868959312,4.2740393984501,3.2723030404038,5.07004119311772,-2138000,USD,83.38126700349787,-0.8864858589334804,,,0.92301800076599,USD,-1.266678360521546,0.192096538208567,4.236865072438471,0.17391813172771697,3.40917030567686,8.299862864203469,8.390640235179966,2.68902477200159,5.0410925187387265,7.440939743310855,1.852099600681639,USD,0.21178102669547802,42227200,-4.200308592196614,37.42782797264515,0.18143120063006582,58.5200264865813,29349838.246,USD,28522653.57133333,USD,29976103.102333322,USD,37692252.0832,1.2800000000000011,5.5081322331295235,1.6062108,2.2620661,-0.217256994656836,2.26471803074111,-0.174390247225424,70.6849477682811,2.669570458032,-0.292205420410549,0.529877668315918,0.596807023567207,40698000,USD,55568500,USD,0.974195710455764,USD,49.78469691950977,65.16537649542575,10308000,USD,37486250,USD,1100,418697000,USD,558600000,USD,32.79784578592974,1.8192184198513424,147675000,USD,2.26380212943527,USD,4.21456707011387,USD,0.5211645674168904,74811033,USD,0.4706530065109153,USD,241177000,USD,42220000,USD,118300000,USD,2.24512108608866,3.40917030567686,0,0,23,0.326817,USD,Strong buy,2026-11-05
LGND,Ligand Pharmaceuticals Incorporated,298.41,USD,-0.03015075376883584,-21.55943840785063,0.9597365328117459,5948985398.999999,USD,31.902883350973415,813.4046052631579,,9.304427,USD,Health technology,7.35331150843616,4.240751737869859,3.4924047998890377,74.47816172601298,33.732966594578706,54.88634425110883,7.536801793807801,290351350,USD,84.2821347688114,73.04308498985944,490.31322760620304,46.2490793069505,34.4518176373812,67.8800311142623,21.9615878221314,6.82501261403772,131508999.99999999,USD,147.1137585027622,45.26333542138485,49.55082290945868,43.51550387425955,6.03503228465448,USD,-1.6841552990556141,1.16944112552144,5.580990877401172,0.289299177194953,31.1775932899692,19.696568478911825,22.435119535213577,13.4573164178646,6.6223421762885915,21.70807754442649,22.247511579777274,USD,0.30740796471444504,19935600,-2.652301012984887,32.0718298934475,,42.58802288406152,70330645.62200001,USD,61925047.578499965,USD,83248089.31758334,USD,19449271.038,10.360000000000014,2.956904865957608,0.7064273,1.2890615,10.8038589116883,12.5839094790554,9.94664745319614,82.3725134005006,17.6058518316815,46.422616538661,0.185384556731757,0.21426296479675,11959000,USD,,,0.547648486513715,USD,-30.47901406813161,1145.7943925233644,197220000,USD,150082806,USD,,1560637000,USD,2289200000,USD,65.71247454272469,9.61683536341282,543425000,USD,40.1954081116618,USD,70.8022088353414,USD,3.134512918467879,174342705.00000003,USD,4.583825617071942,USD,290542000,USD,733521000,USD,419600000,USD,21.9816006622693,30.9579981170832,0,0,305,2.296344,USD,Strong buy,2026-11-05
WT,"WisdomTree, Inc.",23.72,USD,-0.04214075010535846,-45.270275089630175,0.34956288660799434,3593867275,USD,45.5278310940499,67.69230769230768,34.59054507879101,1.194286,USD,Finance,6.129753914988802,0.8503401360544187,30.473047304730468,62.46575342465753,57.30636382202253,37.13987511471811,14.589421642793399,699763940,USD,78.3069807111928,39.59258620336773,68.25906936119426,41.3922057472773,39.7485566198662,13.1475528145913,18.5636224052024,19.7233799602666,195918000,USD,53.89171229056862,32.134562393386695,18.920501025939423,22.343287880643942,1.25567585553764,USD,3.1050285306704706,2.5767210811534103,5.193394971578725,0.630968674743299,2.99508323134281,7.179917784739535,6.082583453615008,7.00891656811589,,5.56300149898598,6.599928245675767,USD,0.698106708293834,151512000,3.9207903135487943,19.86123926764611,1.3167478236687928,17.346062272150895,82015319.04399998,USD,63512165.66033334,USD,58631127.98333332,USD,131919225.71999998,-0.17999999999999972,4.128910952849551,1.537821,1.6558841,10.171521073561,5.87384618653957,8.50073134100098,77.6410472442699,36.2302608794276,21.9520691519849,0.446763460042597,0.38724055040763,3872000,USD,,,0.0247766771609204,USD,47.16837704294945,34.73557692307692,80158000,USD,191766599.99999997,USD,39.66511595490739,1516061000,USD,1706000000,USD,46.61403859971819,18.65876899180529,1102389000,USD,1.49457406209803,USD,1.85904137853748,USD,2.1964586846543,300213499,USD,1.5507115615961502,USD,609680000,USD,311732000,USD,433000000,USD,,2.99508323134281,0.505902192242833,23.032629558541267,29,0.302857,USD,Buy,2026-10-23
BOW,Bowhead Specialty Holdings Inc.,33.84,USD,-0.05906674542231548,-54.06620342000902,0.5919758445079603,1114791281,USD,18.219015828577582,32.66206896551724,26.336552849952387,2.005006,USD,Finance,0.26666666666667677,0.8042895442359342,16.689655172413804,21.24686492296669,22.558978336332764,24.59310445925751,,1060068000,USD,,,,,14.8679056588049,10.1590165193505,14.1010330580856,13.6606750401624,324826000,USD,-2.532219104916508,53.08056717144729,3.4960209158133893,3.883199870084291,9.84105817188961,USD,,0.30926553839207205,,0.08336247122051811,0.404752527514551,2.0612245154416464,1.8568044845240401,12.0911308109117,10.283216816807313,,4.423975804560263,USD,0.24935967159047098,32943005,0,16.87775497928685,0.6921856353900907,,11458760.948999997,USD,11313735.981666664,USD,10843079.858333329,USD,21847076.169889998,0.20000000000000284,0.6831040390840808,0.5865204,-0.08129153,11.0858854167203,3.6151332240094,3.53407458706928,,13.6093910075025,9.78733393140168,0.355854645685775,0.361086544286647,5419000,USD,,,0.161482215426334,USD,25.78922934076137,-13.188220230473751,62168000,USD,74334167.00000001,USD,25.678243642097602,1790338000,USD,1976034351,USD,42.82552887323157,10.561311925973284,1341064000,USD,-11.8810554752152,USD,-17.3879705266717,USD,5.488770685579195,,,,,611949000,USD,,,164821000,USD,,,0,0,38,0.511248,USD,Neutral,2026-11-10
AES,The AES Corporation,14.81,USD,-0.0674763832658555,-23.573739320510487,1.3098909894179211,10566025944.999998,USD,5.53479333283504,,88.92889924451038,2.288875,USD,Utilities,-0.0674763832658555,0.4067796610169525,0.8168822328114431,12.282031842304786,19.859894921190893,8.219747340425531,4.834005277483189,12818493604,USD,20.2595806773673,29.63144963144963,31.28834355828221,31.2264803010521,18.6852008294294,14.6762921434606,28.2233052724856,5.71972635587841,-1720000000,USD,32.57546060368483,-13.209430919284232,,,7.03776223776224,USD,7.312838170191835,4.0176382286715,8.868730295213528,0.597724462988719,0.746444392632315,3.7003322283234774,0.813785423546579,5.55919186630013,5.623938143614993,2.823611111111111,43.3375350140056,USD,0.8179487179487179,713439000,-7.779651538608825,6.4704276118180335,0.0622804350439166,11.849981786768323,127633538.925,USD,111177225.19866665,USD,115295204.26049997,USD,709192611.072,-0.009999999999999787,0.30428524062731815,0.45541415,0.71002644,2.9128924184142,3.71862230005838,1.89364147861335,18.4664432273359,16.6108068339737,7.67595847298292,0.253376143218525,0.246697723193579,6741000000,USD,,,9.42797202797203,USD,7.204198473282443,11.787819253438114,1911000000,USD,,,89.20792079207921,51768000000,USD,55649000000,USD,9.201366915580305,3.8165124082746416,39839000000,USD,-2.79415197246833,USD,-3.0498162753517,USD,18.067521944632006,,,3.4027972027972027,USD,13021000000,USD,2247000000,USD,2000000000,USD,0.693593970796043,0.67439962695267,4.75219446320054,26.302414231257938,3219,0.53,USD,Neutral,2026-10-29
STX,Seagate Technology Holdings PLC,923.12,USD,-0.08009871625571073,-99.72400066897728,0.0020508000637691026,209911041875.4021,USD,66.53596655614818,149.16685280321644,104.84275800974459,36.113956,USD,Electronic technology,17.62487257900103,12.768829518870746,-16.91089108910891,302.4589091860313,48.4860883797054,34.05518302737166,2.68664811857644,18723177010,USD,45.5760557605576,73.6875,107.84856879039704,36.9167691676917,34.6535465354654,26.1090610906109,371.528588098016,76.9412835685025,3105000000,USD,279.5843520782396,25.461254612546124,68.9738615136876,68.31048047516975,15.8362068965517,USD,0.4871168369613505,1.79880018458699,0.8658374055975122,0.39089450461291597,1.66965142308922,17.39270536083658,17.575688396883965,59.5195812692775,69.16530278232406,15.852112676056338,17.021834061135372,USD,0.642704039571311,227393000,0.057167073693640644,25.56130931764994,0.6351349868859163,47.11329228685076,3412719688.541499,USD,3238704133.082167,USD,3811180176.6890836,USD,226519583.48700002,60.789999999999964,5.3841992386340305,2.736366,3.1609433,59.5195812692775,35.3876076687969,35.3876076687969,45.5760557605576,34.6535465354654,26.1090610906109,1.35537649347041,1.35537649347041,569000000,USD,936415913,USD,2.45258620689655,USD,114.71698113207547,125.30120481927712,3184000000,USD,8318866763,USD,116.74608577263446,9972000000,USD,16412000000,USD,24.292658606506297,0.3509827517047734,7805000000,USD,9.23314115289322,USD,9.23314115289322,USD,1.5029465291619726,9985018978,USD,18.21551724137931,USD,12195000000,USD,1705000000,USD,6678000000,USD,1.16725295810681,1.16725295810681,0.318230034853766,21.19071644803229,406,7.363758,USD,Buy,2026-10-28
PSX,Phillips 66,256.48,USD,-0.11683152893525763,4.224433438628212,1.1424775533550584,102340885980.00002,USD,14.598523527369387,344.95669181335563,322.8171929149018,28.029201,USD,Energy minerals,-1.5280657298625362,6.37909581086687,53.65444524323031,96.85317368946198,53.0415385542895,15.5961228273814,15.723276766155724,168086893710,USD,7.91766102004356,211.67864476386038,236.22737556561083,7.75204412972888,5.90222083121422,4.61836391377489,24.0113904096818,17.6057570747836,6394000000,USD,329.7043010752688,4.169111797921313,16.150057028464186,18.76820237410072,22.1674142735794,USD,1.3849777104886871,0.652732812797562,3.166031094162511,0.292969598262758,1.31965784025281,0.782467339436381,0.6741014960291074,14.9170747117359,15.122835448113406,10.293506493506493,52.89999093255043,USD,0.425935791945382,399021000,0.9829893403469242,9.150457053699105,0.04527515719764789,10.093690468500295,1064605068.7040001,USD,797489208.6913333,USD,663199884.1348332,USD,398494691.301,-4.2999999999999545,3.431270513472361,-0.8478706,0.48377272,9.18862400669176,8.97991784573254,6.00839589230285,4.90661098881147,2.66285394397416,3.32402847438138,1.94439373193367,1.80756450752759,2531000000,USD,2332650793,USD,6.28635580128062,USD,35.05869797225187,23.679727427597953,7083000000,USD,11753787887.999998,USD,314.4528964306612,73680000000,USD,82665365994,USD,1.5127717615937837,0.46326854907712994,43439000000,USD,9.83449918932191,USD,14.7034898792122,USD,6.850007797878977,15256086360.000002,USD,22.482849748396745,USD,153366000000,USD,1116000000,USD,7234300000,USD,0.913552453849617,0.997003378010243,1.95336868371803,28.11786736790579,26226,10.859168,USD,Buy,2026-10-28
EBAY,eBay Inc.,109.09,USD,-0.1738653001464108,-9.500226009120782,0.6342355934411384,48545048369.99999,USD,22.584518559923815,56.0748870238864,6.7398846485316035,6.14079,USD,Retail trade,1.5357408786299382,4.34241989478719,-1.1552575544783144,19.72124670763828,14.36907366885485,15.17891130567187,4.643443767919653,12535289400,USD,72.5935718416921,16.47885456714835,10.095098756400878,24.8698669751301,21.4409650499876,18.0616376105098,46.4414701508392,21.893191597064,2624000000,USD,60.5875152998776,21.68057506403371,18.91613948170732,19.89788428734756,6.96043956043956,USD,1.2182724252491695,1.5284030010718102,2.6801045166106756,0.40772288472458795,1.01883910386965,4.313975739072957,4.108270676691729,21.7263827461114,21.569279361649073,12.137096774193548,15.341880341880342,USD,0.6087325137770241,445000000,4.033367080153144,17.764815276210392,3.3567122837633763,17.346195471760794,667257317.6730001,USD,533760376.58299994,USD,481141572.9317502,USD,400288180,5.579999999999998,3.237948643458378,0.8837969,0.89803034,18.0176927243185,12.1803086866886,10.7964841108857,71.4298536935643,20.3931424468181,17.9158064805673,0.674374547278097,0.60262339418526,543000000,USD,615561262.9999999,USD,1.19340659340659,USD,7.952286282306163,120.79207920792079,2222000000,USD,2709035382,USD,1.73992673992674,17610000000,USD,17913400000,USD,-9.06274206041828,-5.514972397256455,12995000000,USD,1,USD,0.249438202247191,USD,4.427811898432487,3428103971,USD,5.7032967032967035,USD,12103000000,USD,3461000000,USD,1994780000,USD,1.09682984688376,1.01883910386965,1.11834265285544,24.84317744239488,2734,1.412478,USD,Neutral,2026-11-04
SPNT,SiriusPoint Ltd.,25.42,USD,-0.23547880690737333,-61.5623462378442,0.7515623462063774,2952914720,USD,6.211058714296187,15.742971887550205,366.61726142971156,2.583403,USD,Finance,3.2913449817147593,7.031578947368428,8.354646206308614,44.26787741203179,-0.5479818230419674,22.554235049990567,29.829790827175096,3037443104,USD,,,,,21.0294615645107,15.5650648031278,23.0783275515793,23.5925951509291,241500000,USD,,7.434658128867408,12.527031892422361,15.132980207039337,2.02921172535504,USD,,0.307966079353223,,0.07146364192025971,0.704917095483133,1.125085343102546,0.9335402844195436,17.4872460008647,14.71389645776567,,5.8628148992112905,USD,0.22406534715677,116165000,9.245102750546078,9.839734644575392,0.016981521652180434,,35987967.505,USD,21176592.109000005,USD,19250207.35,USD,97448262.86999999,1.1600000000000001,2.335870840890255,0.035280157,0.4771006,15.9254318335384,5.1493578579649,4.65993429857647,,20.1616174222333,14.3396461888865,0.330827910008453,0.324968568763434,0,USD,,,0,USD,,,505600000,USD,287250000,USD,335.8620689655172,9979900000,USD,12842000000,USD,2.403111115671527,4.071947036771157,7509000000,USD,-14.4448491615923,USD,-13.3398279159614,USD,16.100314712824545,,,,,3248300000,USD,,,,,,,0,0,,0.605767,USD,Buy,2026-11-04
CON,"Concentra Group Holdings Parent, Inc.",34.79,USD,-0.25802752293578957,19.692748500585676,0.6606735317051607,4436341968,USD,22.868599224347594,45.64774381368266,30.38224202948235,1.65,USD,Health services,-1.0241820768136543,0.6072874493927151,19.021553198768384,66.6986104456157,10.030229581415616,14.018879323063919,,2349521275,USD,25.8281984642388,18.782959747641172,18.68839066197042,20.1966368884333,16.7103758964618,8.58128976836804,47.8922963752743,14.7094289015473,267418000,USD,43.07390227329877,11.690583243896628,16.624571756575847,24.124972769222715,2.62583830906117,USD,4.29831100605856,4.4934845261425895,4.990162642724746,0.692069972591973,1.37654067657954,2.820350024153375,1.948537162317235,7.9368878846961,14.847739816125966,3.914448153734049,16.388819604664214,USD,0.84242924699337,127517740,1.0904704900783249,21.084848484848486,0.7546434239812528,13.964453783731718,44263714.758999996,USD,32701427.046999995,USD,31777630.529666655,USD,115310211.71432,0.6099999999999994,2.640166538744914,0.67964786,0.63364506,7.32769524467078,6.70877408358609,5.80144597768388,24.8346481515122,15.9717705832949,7.6922294684751,0.781790880470633,0.754195646588524,68130000,USD,84200000,USD,0.533152824622223,USD,-6.4032641397975025,-37.901371600729405,196294000,USD,221614083,USD,31.457732000187516,3038161000,USD,3176150000,USD,12.572137019486398,-2.3124465372764944,2617732000,USD,0.356447153442465,USD,1.08646847368746,USD,4.372808278240874,403775493.00000006,USD,2.991258891749552,USD,2287465000,USD,79899000,USD,217666667,USD,1.13595673200948,1.37654067657954,0.718597298074159,16.433313613356994,169,0.440638,USD,Strong buy,2026-10-29
REGN,"Regeneron Pharmaceuticals, Inc.",801.82,USD,-0.25873864908569816,20.131741594559745,0.9502698565561781,82551367845.99998,USD,19.816079341424658,-4.519275792102391,1.954010824539639,54.509261,USD,Health technology,3.3512928256554355,-3.917268816431192,28.670004493228078,38.2448275862069,16.734682772880618,9.29000576887901,11.038413551359794,17057259345.999998,USD,81.4563525526724,8.586335318447835,5.295685080274973,30.2702981068189,26.8675931945902,27.8647157653511,14.0427540498586,12.4475858161105,3760400000,USD,-2.421049900096012,24.206453938601967,22.602095521753004,20.543869760131898,44.1632075471698,USD,-1.1267012589316094,0.08535100941617212,0.7001672280189368,0.0732937692776149,3.33526199689003,4.9729423706927065,5.485358584330551,13.0496518042869,11.79836104036341,84.88086642599278,27.37292817679558,USD,0.0868458877696497,101138000,3.0808696044195654,14.709793992620813,10.167540502922318,16.428455224140862,606878299.964,USD,550119424.5033332,USD,563769086.1109998,USD,99067401.726,-5.829999999999927,2.4277848636673576,0.23219241,0.068708576,13.5579702620915,10.8285449119322,11.4904649979403,81.5630032977989,25.8106798485662,31.4085714883322,0.388611353624399,0.3658385101089,1106100000,USD,998031000,USD,10.4349056603774,USD,-6.831199460916442,-28.416912487708945,4328700000,USD,6562813503,USD,-2.9134705961512584,40558700000,USD,43733191600,USD,7.1496127061956445,0.8425471955830965,9301800000,USD,129.172185430464,USD,124.907156673114,USD,5.046406924247337,7263763997.999999,USD,39.37547169811321,USD,15534700000,USD,8610800000,USD,5844492000,USD,3.39279827854592,2.77758290239757,0.461450200793195,8.99585054036888,164,15.992585,USD,Buy,2026-10-29
MPC,Marathon Petroleum Corporation,388.38,USD,-0.333607062204889,-11.056374909985317,1.103115013372005,109066712939.99998,USD,13.371434473498477,347.24075197089144,330.27183171616923,56.546785,USD,Energy minerals,-4.177049665687994,7.949302351436996,58.483636660409694,106.87120485778203,53.101604278074866,15.187181048153745,13.894689463543553,176450588436,USD,10.695550045674,112.27661227661227,110.82133125729857,10.6015920657706,8.43794858410544,5.57614511288007,47.8754096523907,22.8256744711458,12899000000,USD,253.68796270907598,8.416416547044237,8.731700131793163,11.026724004961626,59.0551724137931,USD,1.6324470704086658,1.79755726791424,3.4796435082033623,0.40156615240766697,1.25035556690128,0.9280550237504893,0.7373561268432725,17.9643487765913,20.507778429724542,9.847272727272728,112.28104575163398,USD,0.6649249109769321,280825000,4.52108610141451,6.868294987946706,0.04062166539372077,8.753921278926637,1630501751.9229999,USD,1128890801.3083334,USD,891257729.3434999,USD,279924113.40000004,-11.060000000000002,3.8293484483776314,-0.880937,0.1950809,8.80357978856602,9.89154716020232,4.87363859372081,7.4466961416004,4.91994990267236,3.05035385010035,1.77390418648796,1.59772893022247,4227000000,USD,3680222222,USD,14.5758620689655,USD,49.94678964171692,70.64748201438849,8546000000,USD,16341803033,USD,300.6563525550867,85560000000,USD,97034519042,USD,6.4801563102808855,-1.9817622733538331,61474000000,USD,17.2949152542373,USD,24.2579505300353,USD,7.478629177609558,24385232375,USD,44.59310344827586,USD,153260000000,USD,3672000000,USD,7755000000,USD,0.74453704644781,0.886656212391962,1.02991915134662,13.461637775214749,22111,22.695675,USD,Buy,2026-11-03
VLO,Valero Energy Corporation,375.84,USD,-0.3446995810574353,-5.052080582330863,1.5624240922277073,108214655406,USD,15.590363045065374,452.97984224364586,899.6350970310168,48.009912,USD,Energy minerals,-4.044117647058831,8.545848375451255,56.14457831325301,125.45890821835634,49.03968413303888,12.921579878930906,13.595770876542801,152181506543,USD,8.41045240804758,274.3548900923861,175.19379844961242,9.90917484379362,7.597391908044,5.14675885169519,29.303775545549,27.4960821644584,10120000000,USD,202.90332235857528,7.243109383834696,10.918671936758892,11.35658650256917,37.1020408163265,USD,0.24897074756229687,0.453941842326307,1.5537705788635157,0.197468995191091,1.63643154412549,0.8225699826508921,0.7935868421617676,20.6146260356047,23.41277280898133,23.62627986348123,37.87378640776699,USD,0.33033194083775497,287927000,4.45318610674318,7.828383438819883,0.017389593730609887,8.301094648320694,1931881209.447,USD,1206488533.3046663,USD,1018132544.0466667,USD,286747075.15400004,-13.110000000000014,4.02671415836487,-0.977872,0.13412394,6.78639242799785,11.5894146467251,3.8796175071676,4.4255936374452,3.56426930034714,1.90762561319448,2.2517889375967,2.03374156875093,1617000000,USD,1859541667,USD,5.5,USD,-20.81292850146915,-14.004914004914005,7191000000,USD,14105043212,USD,847.4308300395257,59265000000,USD,65015746221,USD,-3.5039158539166677,-3.9899169540540957,32660000000,USD,30.4442224512803,USD,41.4265959600435,USD,6.414218816517667,20261073256,USD,36.105442176870746,USD,139719000000,USD,4715000000,USD,9598200000,USD,1.10702388546318,1.22959129228471,1.25851426138782,19.330324550341807,3996,18.91584,USD,Buy,2026-10-22
IBKR,"Interactive Brokers Group, Inc.",91.56,USD,-0.3482803656943766,-2.4828178419204527,1.0182796485896937,155771870260.43997,USD,36.45194681105183,36.618052818289335,31.735459170294224,2.701896,USD,Finance,2.8879649398808938,-2.4504581291284864,-3.059820010587613,42.39502332814931,21.38314785373609,15.771674523467924,33.08273504985655,7438386665,USD,95.3084889793751,17.070783951288462,19.144578313253014,87.5365141187926,86.6601752677702,9.96724794193149,20.9898406188834,18.1811428677549,21872000000,USD,-33.8635057905718,193.60892272284678,1.884146864023409,5.201850322807241,48.774902772798,USD,-5.899787642835474,7.71781842818428,2.7425993177066137,0.122623499311159,1.04699156196929,10.071246371642026,3.660625686479601,20.5474452554745,,2.2162707306140743,56.14839249170952,USD,0.822915634802708,453078000,-0.0025678577225222193,33.887314685687386,1.1526332514366264,11.50519468707048,362896596.392,USD,348313591.99366677,USD,392873717.3558335,USD,438574067.064,1.2800000000000011,3.3008275208918914,1.5588013,1.7883877,19.9715851430891,0.52520616440912,0.556904426371462,95.0805523590334,86.2485615650173,9.4361334867664,0.0526931975073697,0.0590182861605854,81000000,USD,,,0.179964794087215,USD,44.642857142857146,28.57142857142857,1126000000,USD,1335441725.0000002,USD,34.36754176610978,203240000000,USD,254998500000,USD,35.36518762238414,-6.9148312435050885,182768000000,USD,16.7394784587384,USD,23.4590602766971,USD,2.7433377020532985,6109795306.999999,USD,21.7513004211585,USD,11297000000,USD,81816000000,USD,39855666667,USD,,1.04699156196929,0.357688947138488,13.03845847599331,59,0.687737,USD,Buy,2026-10-20
PRLB,"Proto Labs, Inc.",89.13,USD,-0.3688799463447332,-3.902603732688527,0.7322294666184198,2132158523.0000002,USD,71.00294750258901,104.028307022319,108.59089398471254,2.214,USD,Process industries,11.134663341645876,11.803813346713493,10.227553796685624,74.08203124999997,10.571362993565964,10.203543981267584,4.181155980087814,582448400,USD,45.4206331083106,13.32686426984897,28.814358293905055,13.1625801019025,7.32691566643356,5.43729573122868,4.49382206363717,6.03300746964767,56664000,USD,-14.009955080733278,10.108895771190433,38.404969371029225,35.147951485952284,3.21591095073401,USD,-1.904758677708353,0.0032396893020862102,0.05077064067316504,0.00388791772466856,3.6370007103437,3.553069781423495,3.896692441662977,4.48484866321256,5.8705729490516605,,0.12567436546922137,USD,0.00450087816608787,23921900,0.8651326719387645,40.25745257452574,0.6562781671055198,26.993718206584354,21031237.514000002,USD,16065252.980000008,USD,16384530.724500008,USD,23560990.2947,8.239999999999995,3.2609103516815985,1.4409894,2.4810083,3.15239806204916,3.9722394187221,2.73657046820336,44.4803958531457,4.91458883155421,3.98422889855513,0.730554234140302,0.686850715127279,21855000,USD,,,0.895117536243352,USD,327.2727272727273,322.54768392370573,30478000,USD,55562667.00000001,USD,105.77948821821619,783710000,USD,,,1.9564937404949583,-3.3125320675649386,109778000,USD,7.04854723464964,USD,8.06955234361221,USD,1.4083922360596883,68397000,USD,1.6821083145053521,USD,560536000,USD,128122999.99999999,USD,,,3.27064863735411,3.42645210644227,0,0,24,0.596,USD,Strong buy,2026-10-30
AAMI,Acadian Asset Management Inc.,91.51,USD,-0.42437431991294944,-25.606770633907022,0.5338044796120222,3247701649,USD,32.28663161980031,171.860547847741,18.278178859074394,5.36,USD,Finance,3.858812847576899,-0.4893431926924627,28.291041637459706,87.36691236691236,38.58773181169757,24.018558172733762,3.7559221787774932,779559575,USD,96.5611510791367,24.208772903942254,11.148086522462561,28.8345323741007,26.6043165467626,14.589928057554,200.395256916996,44.2397415958847,242400000,USD,137.64705882352942,34.877697841726615,13.486367038531355,14.276409443069307,7.2332499736731,USD,0.8567864271457085,2.7989130434782603,1.409164420485175,0.38565948657421106,1.05588133839255,4.979282948201439,4.723780858417271,28.6643109540636,,8.71304347826087,7.216569840673653,USD,0.811801242236025,35490100,0.6404529186480085,17.07276119402985,1.7739311986547073,17.26847130239521,50627103.734,USD,39729475.31633332,USD,37281678.15633334,USD,35307006.5741,-0.9899999999999949,3.423659523504473,1.4223884,1.3435466,24.0818783865141,13.2618362542506,11.5807759119861,95.7202331390508,28.1265611990008,13.3222314737719,0.908972011509286,0.869281991893457,16000000,USD,,,0.447879255335795,USD,55.33980582524271,93.10344827586206,101400000,USD,,,13.169642857142858,677800000,USD,,,-3.694231315714692,-2.1122651417901697,593800000,USD,2.6575843930066,USD,0.456464964003512,USD,3.0972571303682654,,,5.175804644474287,USD,695000000,USD,124400000,USD,,,,1.05588133839255,0.240410884056387,7.7620576509190995,2,1.26,USD,Neutral,2026-10-29
DIOD,Diodes Incorporated,95.51,USD,-0.4481967896601966,-65.23608191166704,0.5668488056012896,4398398386,USD,51.44072817364141,1.2295908083047762,35.515655791548056,3.246667,USD,Electronic technology,4.245797860729099,3.567555844719157,-18.576300085251486,72.49413039552105,21.65876596070036,17.802237079718843,3.812189024615975,1873198667,USD,30.6076670108592,16.793413816606446,21.045508837678206,13.5143484239734,4.80460549174672,5.26626799058446,4.49626103696554,3.78966292395054,142510000,USD,-12.789381245831013,8.717572904381358,31.128043365377867,28.880797038804296,5.38339146535762,USD,-1.5960348534570554,0.045589793786921205,0.5306452060496739,0.0390543686940893,3.16734008537474,2.517704537224177,2.725826942934185,4.36417795139637,3.694501687016068,78.36998935792835,2.059917266342052,USD,0.048440695879331204,46051700,0.7731677991753427,29.41786145607172,1.4549167320645062,18.629862559692203,53895017.451,USD,62734176.22766667,USD,54042567.21983334,USD,44958018.1767,5.440000000000012,5.063512227719577,2.532864,2.120589,3.50425826639325,3.40618644805457,2.73627585413727,29.702248134876,2.45790861853633,4.46273564122685,0.646793223235976,0.613138683111654,107527000,USD,159300000,USD,2.31509710201094,USD,51.37398992031985,64.49324985325768,86090000,USD,207096500,USD,35.261677691014505,2448100000,USD,2688800000,USD,2.5906001849740243,-2.7732821339609393,501402000,USD,19.1521895891121,USD,20.2894765527916,USD,1.9439849230447073,258844000,USD,1.691060586487534,USD,1634744000,USD,382163000,USD,483400000,USD,2.07595284664587,1.99229624523464,0,0,177,1.056667,USD,Buy,2026-11-05
KN,Knowles Corporation,36.73,USD,-0.4876727174207524,-13.793873850537494,0.7244328578771349,3137121445,USD,47.3813209494324,137.7528089887641,178.9492623245772,1.335,USD,Electronic technology,3.4065315315315137,10.866284334440067,-10.697787503039157,59.7651152675076,14.324880054832075,12.768602379683895,-4.942266164867859,666575000,USD,42.1889763779528,18.38267786124612,33.744855967078195,20.4724409448819,14.6299212598425,11.5275590551181,9.49662688116243,9.76507068902086,63500000,USD,-42.00913242009132,10,50.8435748031496,50.987739291338585,1.18088737201365,USD,0.7738461538461539,0.18881206788183502,1.1854130052724077,0.128341737227666,3.20138203356367,5.098773929133858,5.109274015748029,8.02851658897724,9.80061187889018,17.808219178082194,1.5613425925925926,USD,0.148127813769628,85410300,1.2941800536510628,27.51310861423221,0.26607273186455566,24.905549576923075,26439841.80099999,USD,26330853.12333335,USD,30905401.914166655,USD,83612925.6468,0.8899999999999935,3.307696752214805,1.4412647,1.66419,5.64802485574789,6.76431178672088,4.69275803254506,41.1834120026972,13.0647336480108,8.58057990559676,0.58679480663494,0.546904531415664,40300000,USD,20800000,USD,0.458475540386803,USD,150.31055900621115,27.450980392156865,67900000,USD,128900250.00000003,USD,174.8987854251012,1051099999.9999999,USD,1085200000,USD,-6.000715435521385,0.4089219330855024,275300000,USD,2.18524522892641,USD,2.61092552204988,USD,2.110536346310918,162528500,USD,1.0568828213879409,USD,635000000,USD,54200000,USD,75300000,USD,1.57507082152974,1.7492596248766,0,0,607,0.3575,USD,Buy,2026-10-22
DHT,"DHT Holdings, Inc.",21.28,USD,-0.5142589995324891,-22.439788237555767,0.8121813679909309,3431093263.0000005,USD,7.239326416057153,252.40687679083095,148.6465911013365,3.78081,USD,Transportation,-4.079332882578308,8.405501782985239,9.747292418772567,71.06109324758843,122.6017975771786,39.41599357538878,-6.372120341597887,877115194,USD,59.4712442500962,160.7634208832708,102.988447818315,71.3868726339198,56.6595032304697,65.5970899463573,39.1763532556201,25.9290015781581,36254000,USD,-80.09596802529867,5.020036389517382,94.65816393225576,102.17601541898826,2.80366257354936,USD,0.5297703793647899,0.32702160368475,1.5725368811657163,0.270984292076666,3.64254172231648,5.129273155392102,4.776437534928669,30.9470934328728,26.639830676752624,32.83732484076434,2.7017798150400356,USD,0.277101992906173,161236000,0,5.628423538871301,0.04895334425297773,7.1851770026341,104749012.92899998,USD,79280354.97333334,USD,65424751.65083335,USD,143446348.412,0.08000000000000185,3.757661647967446,0.2751594,-0.43009144,14.5638241870753,29.2573884118674,13.6649645772051,38.1629414497674,34.1625150594231,42.4564106380368,0.44601656012169,0.321858686870779,415881000,USD,22489000,USD,2.57885364935314,USD,290.2274475950982,-78.3233442836723,473733000,USD,584142110,USD,148.85901598008007,1602949000,USD,1800341714,USD,7.827459812308328,15.868620010099685,469692000,USD,0.834549097559794,USD,1.36210016135831,USD,13.813439849624059,596143009,USD,2.5373445486037216,USD,722186000,USD,79034000,USD,147462914,USD,2.46564507494647,3.31965250454223,11.5131578947368,49.95921696574225,,1.067613,USD,Buy,2026-11-04
DINO,HF Sinclair Corporation,106.14,USD,-0.5155122316993132,1.3542660529946184,1.568411297514627,18869977093,USD,10.129795762550104,350.424618756278,,16.12506,USD,Energy minerals,-3.9457013574660627,10.516451478550596,60.16296966953374,101.82544209925841,53.15448113207547,16.25539972603217,19.14985360840411,34092657138.000004,USD,10.128730626361,572.0450098055269,301.4718774254429,11.5121045215832,8.58204175739721,6.08108108108108,19.41023151224,20.5442698351859,2310000000,USD,301.10573216555423,7.397207634174459,8.243861636363636,8.622068005627705,15.5057770445387,USD,0.2731571627260083,0.31541079241614,1.7632296781232952,0.193197441568534,1.97091782283885,0.6377922727360061,0.6129755261303976,14.7449336128581,18.326039387308533,20.310734463276837,17.333011557128682,USD,0.260309278350515,177784000,2.9623777349860507,6.582301089112226,,5.540188342976356,375306230.02,USD,279492707.8296666,USD,263258253.6370001,USD,167729781.448,-2,4.5547780435232745,-0.981777,0.57267386,4.73304473304473,10.5979853224321,3.40855106888361,5.13603036957088,3.43890729093007,2.1362908928505,1.74277980857773,1.59554631828979,472000000,USD,532114286,USD,2.63074290619061,USD,-4.3920896607742215,6.306306306306306,1899000000,USD,2765295363,USD,,16729000000,USD,19845082479,USD,-1.3096572473600376,-1.4846793724334,7480000000,USD,12.8006316635897,USD,20.4686759819223,USD,9.871867345016017,3576783079,USD,14.937269043624628,USD,31228000000,USD,978000000,USD,3153333333,USD,0.901006036217304,1.09685165421558,1.90785754663652,19.087612139721323,1427,6.520998,USD,Neutral,2026-10-28
ONTO,Onto Innovation Inc.,282.31,USD,-0.5285226031499948,-16.93068782453543,0.6586035452480649,13854150114,USD,105.65494011976047,74.86267707429893,-33.86629705714922,8.103636,USD,Electronic technology,11.86353370051908,-0.891697384588387,-17.53519892504527,105.17460663541553,35.304834047721386,8.084504025172876,12.554672904413057,1438165082,USD,49.3619976842118,5.033186050840942,2.005070906174926,27.3684379678557,19.8406087826757,11.8382840670382,6.82488900966668,8.27552976467977,252471000,USD,5.862744193652538,22.539296532477724,55.55380784327705,53.24861514391752,5.35850006038404,USD,-1.3387710233425971,0.765466869302809,0.06490130173998626,0.00738045250726325,9.72571186659059,12.00186326672541,12.587967739660428,4.9425874513331,8.213113294044474,,0.35465670854220366,USD,0.008250232989412321,49074200,1.3702175769567382,34.83744827630461,,43.85293483253089,254859092.00299993,USD,269430672.05466664,USD,324078423.4765001,USD,48771559.408599995,3.910000000000025,5.872008754622232,2.5308936,1.6733947,6.75765219776012,4.541805296107,6.09873457913251,50.2680393091161,20.77227551397,13.6043005661205,0.383654022017677,0.448294607245043,13750000,USD,33900001,USD,0.276760194839177,USD,-60.35178777393311,-73.44612256752832,132604999.99999999,USD,407780000,USD,-33.65570309294856,2367741000,USD,3852150000,USD,11.839358818303038,7.188239549591488,267094000,USD,21.1075811838558,USD,48.3408316847837,USD,0.9464772767525063,570499800,USD,4.473290125196248,USD,1120137000,USD,639622000,USD,1587360000,USD,4.42927023101587,8.32961401829594,0,0,80,2.306364,USD,Strong buy,2026-10-29
IMAX,Imax Corporation,53.3,USD,-0.5411457361448148,-35.190071196451214,0.732633395979965,2923084607,USD,72.98370532657812,33.48039215686275,21.655838747293025,1.84453,USD,Consumer durables,1.100151745068282,0.26335590669676556,20.72480181200453,62.94711097523692,12.170062388508274,14.789157873225165,24.52474375217455,462238070,USD,57.7431852375224,19.694410816958953,19.459972656843387,37.8004816356436,22.7678678721934,9.83508058507043,12.1017121075308,13.3788271548474,126218050,USD,89.68152337866154,30.334897928622883,23.888244985562682,24.88033690110091,2.34171697134281,USD,0.7802595354810816,0.794171778279183,1.83281240113888,0.32401113607917403,2.08907937576535,7.5474248032464555,7.28590208176498,6.61654913383161,13.146360163953153,20.99599519412716,5.215252772576696,USD,0.46158577490530905,54842100,-0.1537552728189034,28.896249993223204,3.388499668208007,19.966477877175247,51320087.482999995,USD,52753919.99166669,USD,59099277.51133334,USD,44534143.410299994,1.6999999999999957,3.3700863409801927,0.28752214,0.063312,6.18358378715912,4.58130210320704,4.04493313439257,57.9149317913665,23.3059978742699,8.50194533558259,0.465812360517048,0.475765601251704,10292204.3577605,USD,14833916,USD,0.181940715900237,USD,-43.45899751513373,-70.63132929640906,40922000.000176094,USD,85146904,USD,24.823084431618337,894031000,USD,1007636750,USD,7.662951982061614,-6.429015334707174,466298000,USD,2.50897245849702,USD,3.42174993473082,USD,1.3701688555347091,141882565,USD,1.6746451236542983,USD,416082000.00206804,USD,151168000,USD,232374167,USD,1.5088141382639,1.86131729993558,0,0,217,0.66453,USD,Strong buy,2026-10-22
JOE,St. Joe Company (The),65.85,USD,-0.5437245129134564,19.331230965789565,0.8240386704178501,3748870075,USD,30.79693199887756,39.21337266470011,50.47149894440533,,,Finance,1.2921089063220876,-4.717117638547251,-1.4516611792876368,31.201434548714875,23.045041136641824,28.412841284128415,26.16542287871113,,,35.6324839369159,54.70308995665027,42.03127308875485,38.5986784462617,30.1781542056075,22.4605724299065,16.3712019158809,14.2126306794688,212286000,USD,91.09026752601449,38.74963492990654,17.73481396653571,18.901604792591126,3.79191901263044,USD,1.2067114665254257,0.487251802250213,2.0336547893155466,0.259428513473821,29.9248876524716,7.324302853022781,6.90974564840099,10.9108079050332,,7.248448908237069,6.796470582714239,USD,0.339526449022722,56930400,1.6522311726153913,,0.6135204731732228,18.97552752543046,25064890.422,USD,16996514.519000005,USD,15922999.497666674,USD,54817542.0648,1.999999999999993,2.436286894152668,0.873275,1.056422,10.2866283261932,8.05090637144234,7.56473666993785,33.8042576074631,28.4914056807067,22.5285730429463,0.358446179257767,0.335784102060844,4510000,USD,,,0.0788831654964264,USD,-31.218545066341314,-27.843426883308712,123048000,USD,,,48.71646120377085,1518426000,USD,,,-1.309524273775587,-4.283231908837952,742801000,USD,2.33491377798096,USD,2.37168072214648,USD,3.24707668944571,,,2.891706426872105,USD,547840000,USD,129614000,USD,,,,29.9248876524716,0.971905846621109,28.996352071836125,569,,,No rating,2026-10-28
LPG,Dorian LPG Ltd.,53.16,USD,-0.7097497198356417,-33.68920492767989,0.7992310476730877,2274327289,USD,7.053859320886907,1263.716814159292,555.6725247955454,8.446941,USD,Transportation,-5.493333333333339,4.235294117647052,32.074534161490675,66.95979899497486,123.10944266519084,81.05922022373736,8.792934207829406,650547022,USD,60.4981674109806,196.7674957802345,166.2785805336177,64.1549120358569,52.0196533903233,55.0030051738041,28.34202271141,16.8745170410048,146279050,USD,30.78195115099683,24.99709817828209,15.529286327467945,17.626747186285392,5.55205075519023,USD,0.8100074912560282,0.522626703958592,2.5396218234681953,0.37886466488825904,3.25594268321533,4.406175299793335,3.909619462847897,19.4178883240448,18.347871147376733,12.41906579355559,16.640575372229726,USD,0.38369819174796704,42782700,0.22817472336102282,6.2934025465550185,0.012785015679299632,6.868024847934747,37471437.473000005,USD,30592212.08299999,USD,28986361.58383333,USD,36784822.1562,-0.47000000000000597,3.795174526531804,0.5424957,0.50575817,11.4915219547571,17.6322406431966,10.6108057581917,54.101180050953,43.0889821259874,40.2204385084741,0.320568677792795,0.263816262370091,90968688,USD,35004000.00000001,USD,2.12884123957963,USD,338.3270361962552,-94.06190613745339,321868854,USD,313772067,USD,557.3522487472081,1871692717,USD,1966919000,USD,5.230478132676353,4.987812926121463,732696339,USD,6.57797630774939,USD,11.6456697746455,USD,14.176636568848759,324286917,USD,7.123793610955053,USD,585184124,USD,327409120,USD,705240000,USD,2.65247570143234,3.2442542368606,0,0,336,2.720018,USD,Buy,2026-11-04
LSCC,Lattice Semiconductor Corporation,121.66,USD,-0.7100301966865294,-59.186268203362125,0.5071758469800333,17279401730,USD,469.9111626110467,550.9433962264152,13.056768558951969,2.132308,USD,Electronic technology,12.336103416435826,4.5548298384324495,-18.850053361792952,61.997336884154464,62.198417371804695,33.25331385032877,5.096018600913399,919317386,USD,63.3528229181545,43.21509292467078,29.339850096965247,15.1596410476151,8.46837050791179,5.5788744572788,4.9268433277385,7.18631785761996,151269000,USD,29.595455947363007,23.23223015218463,112.78335362830454,113.33570480402462,1.650778709567,USD,-1.3699433677449424,0.048356437303102004,0.7311385459533608,0.0476798170124105,3.02443637568512,26.330411784671572,26.389461433198633,4.76974882824374,7.101034459444231,,0.3045978674459989,USD,0.0556852310552911,142030000,0.20617611973305283,57.05554732243184,36.24721777626205,173.68756754840084,231541763.32100004,USD,180384343.04233322,USD,218160884.0886667,USD,140845469.79999998,6.209999999999994,4.688615043006512,1.8040335,2.0245602,0.419436046203247,4.0706368963873,0.357146372688725,61.434233710837,2.91937881978818,0.589379698888893,0.729651998366142,0.605969926283553,80223000,USD,42750000,USD,0.572073421187746,USD,85.9898453620198,126.13852813852813,36325000,USD,390352773,USD,14.810834729289802,883120000,USD,1851322400,USD,4.647098066957932,-11.651937499295721,169066000,USD,1.80009651168742,USD,2.13775357723399,USD,0.21280618116061156,445703360.00000006,USD,0.393198414056706,USD,651117000,USD,133886000,USD,477242000,USD,2.33419730949326,2.33068490881228,0,0,137,0.551538,USD,Strong buy,2026-11-02
FRO,Frontline Plc,47.56,USD,-0.751252086811351,-11.569438598904167,1.0608737003866473,10587945158,USD,7.122532722317071,750.1004880849842,524.5230078563412,10.065567,USD,Transportation,-9.444021325209446,9.787626962142204,17.142857142857146,101.78192617734408,96.48910487276,48.84009857969576,10.274129401150311,2659169373,USD,51.527092108084,171.54604592653854,102.66002563019883,60.6421625651729,49.135816748947,54.758975386617,53.8422866862181,23.1123374780976,688973000,USD,12.079340316469802,25.379323402716025,15.367720652101026,18.433245073464416,6.07740743136255,USD,1.2832375805920593,0.771704039427602,3.3674959137726446,0.533184546026359,1.8697377993176,4.6782328808097535,3.929745821412448,27.1265040267049,24.339300051091158,8.874876008107991,13.780000269513932,USD,0.549864270101154,222623000,0,4.725019464874657,0.013681851538590646,7.714488868667897,254906775.852,USD,154510106.04333338,USD,116066013.27999999,USD,143155939.166,0.3500000000000014,4.03362101650409,0.7757248,-0.016399598,6.96600041033655,24.9372644218018,6.33150594007199,32.4517071553821,29.7975700632446,19.390848247626,0.455400493631158,0.326520318204602,663997000,USD,571600000,USD,2.98260885474359,USD,7151.25040952277,16988.119834710746,1486543000,USD,1712729848,USD,524.545416351567,5753627000,USD,6011036364,USD,-7.509958113151558,-3.567099406234658,3242749000,USD,0.95473561121561,USD,1.90644817299087,USD,14.039949537426407,1810956257,USD,5.991706450274303,USD,2714702000,USD,253414000,USD,369089982,USD,0.901719405060783,1.8697377993176,6.5811606391926,46.87453200347441,76302,2.562085,USD,Buy,2026-11-30
APH,Amphenol Corporation,82.19,USD,-0.7846450989860039,-1.8123002951873344,1.0265418694889952,202677837122.00003,USD,41.15055324688329,59.990673816740504,59.36328093832282,2.643019,USD,Electronic technology,4.011642622120984,6.051612903225804,-1.065302437556431,32.553826304330286,55.00238925366795,54.1694122648528,21.846731916089922,35379883432,USD,38.9520054047347,72.92690018209919,84.83274424417583,32.6252257717603,28.1308166388617,17.7287705607412,38.083884653973,30.1733046186836,4713700000,USD,67.31267525645121,16.247638875484288,44.95803636209347,45.86641855060781,2.27726497052436,USD,1.4149031705951338,1.2142903250794,2.330543629612439,0.44340713471626997,1.88777283322738,7.452210051220892,7.362388010313149,20.0468880630319,29.44538251721002,14.976424050632913,6.288727984344423,USD,0.545022523133701,2465970000,0.14328157637936328,31.097014436899624,0.6986809343150889,22.841865075065243,1038229907.1729997,USD,948403758.6046666,USD,1042483414.8606664,USD,2454160469.67,0.8499999999999943,3.444954223262664,1.4721643,1.2609681,18.9940953418808,14.5963816956368,14.8076099526502,36.8816221903727,25.8587468120391,18.4903895699013,0.823316069528201,0.800827364760017,1158000000,USD,1534872608.0000002,USD,0.449115730685697,USD,26.48825778263244,19.65668125210367,5143400000,USD,7554958526,USD,61.75739849671352,36236900000,USD,48153646422,USD,69.01381516963461,29.22158789106962,22727200000,USD,5.48850481004403,USD,3.39883173779004,USD,2.430100985521353,11086755168,USD,3.165218740304064,USD,29011600000,USD,11434200000,USD,6616579023,USD,2.47578938084318,1.40550964187328,0.556637060469644,22.905922996044662,34,0.714654,USD,Strong buy,2026-10-28
AAPL,Apple Inc.,337.02,USD,-0.8035320088300274,-22.236709155265707,0.6429933480819836,4918530277945,USD,38.634461728932855,29.131849205842947,32.60922440789274,8.829774,USD,Electronic technology,1.350254112410913,8.203037210646276,17.265135699373698,31.71275036638983,16.35650176528138,14.242398286937902,8.70627786876781,477450877308,USD,48.652915559002,19.075280881204158,18.534750451671183,35.97916126669,33.1729584874781,27.6186049102122,148.751081626767,86.1783233906153,136683000000,USD,42.10575563503286,29.279405684809873,36.28205486797919,36.14549927895203,9.97126949991967,USD,0.130656886502063,0.784449404761905,0.7763630585569403,0.312817857649879,1.00329480465559,10.583187370684392,10.709222062751824,78.8273416483248,72.99247021670222,,7.489454802052983,USD,0.603820321315351,14594200000,1.6717595572951247,38.16858732737666,1.1943680782303934,29.41476954462101,15311344501.323004,USD,13609147876.998003,USD,15378828314.157833,USD,14576847496.2,21.680000000000007,2.1196535679210937,0.80836403,0.8538017,70.6326735233099,36.0763947669221,30.93254683308,46.9051641071605,31.9707997625919,26.9150641218182,1.30623523107724,1.14926521048133,10041000000,USD,12685350854,USD,0.682379958620903,USD,-18.899927307971893,-29.087232813402657,128930000000,USD,134470409480.99998,USD,29.865028203062042,359241000000,USD,394956431000,USD,-1.5724149268453065,0.9403390856480877,285508000000,USD,-1.19635070390692,USD,0.0336779551019467,USD,2.588362708444603,160348790339,USD,10.524118913661436,USD,466823000000,USD,54697000000,USD,51590734937,USD,0.858770399261008,0.929014371241445,0.314521393389116,12.03672921944677,22429,1.982257,USD,Buy,2026-10-29
IQV,"IQVIA Holdings, Inc.",267.86,USD,-0.825650709022904,17.44445823507509,0.606210040465942,44089755224.00001,USD,33.22624260391729,-0.36463081130355834,16.773614148934634,12.968094,USD,Health technology,-1.1185351987891663,4.30279194735408,43.35563286058337,43.095250814680284,8.84184308841843,8.218130853029242,7.497523811749529,17410252730,USD,26.019897568729,3.951081843838194,4.8196333530455355,20.8688997468652,13.9047506917054,8.09442514864308,23.0144781990125,10.7295357499773,2184000000,USD,8.656716417910449,12.856890563371989,20.51876282051282,26.731115029304032,16.8499701135684,USD,3.9946403385049365,2.6318262842327,4.747445255474452,0.543013625434144,0.706296086216676,3.436790205686702,2.660037499264135,6.82670108978974,11.213977116270236,4.603896103896104,93.71757925072046,USD,0.714317093528972,164600000,2.6355328898888324,20.655309870517595,1.9973548277047977,16.468478201410438,492016515.00100005,USD,379246427.533,USD,348567451.0048332,USD,162954658.4,10.879999999999995,2.6058411174135787,0.975692,1.0875373,6.77966101694915,4.69981029856613,4.7851098640114,26.2512266928361,13.9904317958783,8.34151128557409,0.580623109394494,0.57365022957972,635000000,USD,674580500,USD,3.79557680812911,USD,4.612850082372323,31.125827814569533,1375000000,USD,2278934112,USD,11.156022635408245,29944000000,USD,30532796857,USD,11.320123424662627,2.6337806632977476,23314000000,USD,-12.3172169811321,USD,-15.7290400972053,USD,3.0096692301948775,3536104677.9999995,USD,14.118350268977883,USD,16987000000,USD,2141000000,USD,2427158250,USD,0.749460302230751,0.706296086216676,0,0,11,3.266382,USD,Buy,2026-11-04
ANET,"Arista Networks, Inc.",203.47,USD,-0.8382474779472678,-13.321956381360323,0.7392549671348047,256621372808.99997,USD,64.1496941799609,35.9553775743707,24.726700747149035,4.108193,USD,Electronic technology,3.054092382495949,9.39247311827957,21.28636146876491,40.45975424547838,37.68595791001451,32.57247038475296,31.189506024306745,12669675525,USD,63.0037568306011,30.028697514259186,33.04800039456464,44.0184805707347,43.1361945962356,38.3709016393443,31.476343713642,35.3853996023238,5155300000,USD,29.681924221865692,48.90805251973285,50.36132135860183,47.189896380230046,4.15877742946708,USD,-2.875773184766913,0,,0,2.95720403613751,23.079659305650424,24.838953400121447,31.476343713642,30.947608433017404,,0,USD,0,1261220000,0.21833723117716475,49.52785811182678,2.616280015425375,52.4317491344641,1069964037.3939997,USD,1079489623.6933336,USD,1275798341.2768333,USD,1049935380.72,10.539999999999992,3.8227093664717287,1.7833165,1.9892287,31.3478588351834,20.0952444831981,20.968263332581,64.0560978047237,42.818437211988,38.9908613433714,0.523710510429942,0.537773791348821,151300000,USD,172400178.99999997,USD,0.118573667711599,USD,110.49849047678673,23.75,4044600000,USD,5964161274,USD,24.390518444524954,19448600000,USD,26254600000,USD,38.484117078129394,14.200193085189353,7078100000,USD,8.76283326701154,USD,10.581192515065,USD,1.5588538850936255,7111822581,USD,3.563401253918495,USD,10540800000,USD,10743000000,USD,4290086000.0000005,USD,2.62994513159118,2.58537193476475,0,0,38,1.076882,USD,Strong buy,2026-11-02
ETN,"Eaton Corporation, PLC",438.76,USD,-0.8429569029808623,-4.7018528994173066,0.7473839660753536,170414385115.00003,USD,44.642511929835266,-15.9870859739328,-1.1197633707593861,13.550556,USD,Producer manufacturing,10.338237143216402,5.666738915781608,5.748234556891847,14.930846605196983,21.38588503130336,15.525202000769529,8.97718296066381,32894213426.000004,USD,35.9000832639467,8.703106091165793,14.985260399606945,23.3838467943381,19.4404662781016,12.7560366361366,19.7112786598389,16.2463816521933,3934000000,USD,20.122137404580155,13.102414654454622,43.44103202846975,48.57406840747332,12.7086007702182,USD,2.9384703033755875,1.05287583312762,1.6361408882082695,0.258999781823471,1.24040641531615,6.364375857285596,5.740211656952538,11.3611082271628,15.527033317816052,14.688284518828452,27.31083844580777,USD,0.354844066558172,388400000,0.29927051032448865,32.379483173974556,,27.21697551844467,994585934.7590001,USD,818726388.8363332,USD,890056419.4406666,USD,387627860.8,23.539999999999964,3.311078050869956,0.92417467,1.3669492,14.4787884155522,7.9223895416184,10.2647177014266,37.5837948120082,20.1253278927426,14.8899737685806,0.621069832864471,0.689371107092626,1016000000,USD,,,2.60847240051348,USD,29.09783989834816,25.247524752475247,3830000000,USD,5727729090,USD,-2.470078940667176,41251000000,USD,53139383870,USD,7.477658216304943,19.850127267225577,21782000000,USD,7.69528228924981,USD,7.37126673532441,USD,2.240017321542529,7164188690.999999,USD,14.985879332477536,USD,30025000000,USD,803000000,USD,1443000000,USD,0.814727854855923,0.785540347636241,0.989151244416082,43.54771425373666,8691,3.523998,USD,Buy,2026-11-03
AMGN,Amgen Inc.,406.09,USD,-1.011602964118573,-24.13333544748252,0.8128968494847507,219545254633.00003,USD,25.22611504534725,64.93388741972046,31.702528020944104,23.076657,USD,Health technology,7.713323254025087,-7.771797142922038,16.00582757241615,43.00957881391746,9.817824806370677,9.892702010758565,7.793277972831314,38956661067,USD,72.7056175069368,16.028908012365278,14.270696452036793,45.5264122297262,33.3097743573635,22.8862363227056,91.4731115296087,19.1895886114127,10175000000,USD,-4.054691183404055,26.634731165907542,21.71134742014742,25.833931659262902,22.9375,USD,2.490512879484821,4.90280629705681,3.4990216499400364,0.611959905504162,1.37091208532664,6.880798247028952,5.84185540024083,14.018519260833,18.50128672996118,6.424824528998892,102.27859778597787,USD,0.864915045324763,540632000,0,17.597436231773084,0.8038447605192395,15.113860086994022,1341649081.3570004,USD,1163022150.139,USD,1057770424.4642501,USD,539397196.5120001,14.819999999999993,2.6879097387837914,0.30249345,0.009841725,12.593705597021,9.52728619998257,8.45388515828423,70.7982907378678,29.0574562477886,20.9874527095071,0.416288902449656,0.40280663286282,2303000000,USD,,,4.23345588235294,USD,63.56534090909091,39.02439024390244,8743000000,USD,12684608112.999998,USD,32.089439492370445,90586000000,USD,96213897646,USD,-1.3643441239560536,-1.4042388565334225,81928000000,USD,6.62212323682257,USD,17.4972253052164,USD,3.9641458789923414,16815310249.000002,USD,23.391544117647058,USD,38202000000,USD,9129000000,USD,10357480000,USD,0.895758954843266,1.12700964630225,2.44773326109976,60.87712759348989,3824,5.785483,USD,Neutral,2026-11-03
TNK,Teekay Tankers Ltd.,94.54,USD,-1.1087866108786486,-51.40022551830853,0.5729057177100766,3278657847.9999995,USD,5.5716314731761365,258.99911229471815,110.68178149716286,17.945241,USD,Transportation,-4.793554884189316,3.8672819160624154,26.33970332754244,76.18337681699592,62.972696744050225,19.33065185574672,1.4330735196407929,1054498916,USD,42.9183428832139,112.80842626800451,90.25196687148579,46.1661696565339,38.754386786643,51.3493868473598,28.0356296347863,20.8215285238914,366917000,USD,85.77981883636032,31.825735930623285,8.99592970279382,5.699422070931572,15.4704026998535,USD,-2.2309998929068646,0.011701323927715399,0.1537505221490661,0.0206827995208487,9.98595969270271,1.813883017866343,2.8951215518512505,27.8073555125244,20.43941842419169,202.2215045592705,1.3336129174776075,USD,0.0221900264737729,,-0.04260889866419511,5.268249114068739,0.050903604564076776,3.9290307845793397,55455437.84799999,USD,49414040.43933333,USD,36908166.321499996,USD,,-1.769999999999996,3.7694799760605946,0.30890062,-0.032462046,18.1827407225235,25.4543867565848,16.6581127579098,27.4823307911246,22.5896908689563,36.8971534896622,0.495709653403459,0.451474197395121,206627000,USD,111050000.00000001,USD,5.91818832926513,USD,60.870580724523705,-40.03693572834817,592004000,USD,483907874.00000006,USD,111.74610668784113,2242298000,USD,2888874833,USD,13.585951659947987,16.798316954530307,198682000,USD,27.3293795953997,USD,38.1458975680355,USD,17.94806431140258,483627182,USD,12.797111659902503,USD,1152894000,USD,853261000,USD,1304425333,USD,7.76146795772045,9.72928086727936,1.057753331923,5.893411754999087,,4.832778,USD,Buy,2026-10-29
GCT,GigaCloud Technology Inc,52.5,USD,-1.1671686746987904,-67.17095910064265,0.7473936682679028,1874787462,USD,12.438105617285412,27.760008823205045,27.059000602046968,4.455,USD,Distribution services,-0.7373794668179251,5.740181268882178,58.46664654391789,74.36067751577549,27.599300694941377,22.863917024885886,36.17382051727238,1554029000,USD,23.9614160363743,24.20796646301254,26.60441018691061,12.2305518657738,11.6459008970923,10.6465255067113,32.3435187324092,17.6064055156675,160189910,USD,-1.5797325036510566,10.923161424756648,11.977584309149059,12.500621680853682,4.70734271990799,USD,0.7118859519521864,0.948004112182434,3.0439231442179957,0.39063535638221303,2.09053952694772,1.3654630852977756,1.323781633421389,18.1293238181407,19.70690438017921,483.4582210238926,12.285832680383457,USD,0.49158784413127105,28839563,3.4573932547779442,11.784511784511784,0.4650945504900165,11.16436200331172,38214483.49549999,USD,30423001.053833332,USD,29897778.59341668,USD,26788550.958566,0.6199999999999974,4.741922926224202,1.4556003,1.8877686,16.5943886487792,13.2513299452503,12.0876365085917,23.2115432472515,11.3030730360641,10.6498425843304,1.24466239590531,1.13500611984414,11846716.3688835,USD,11822000,USD,0.324155130971125,USD,26.332321949071535,112.78877893653012,156133000.000115,USD,167013000,USD,17.092139011026813,1202459000,USD,1414224000,USD,12.329479903781044,-0.4519777529926522,716660000,USD,9.43842567317665,USD,10.5223823125242,USD,8.039809523809524,191635000,USD,4.6732047041187945,USD,1466516000.00106,USD,416856000,USD,502354000,USD,1.46702683434235,1.46643344231133,0,0,,1.045,USD,Strong buy,2026-11-26
LRCX,Lam Research Corporation,307.28,USD,-1.1834319526627242,3.814495057549494,0.8991026557010416,384505929156.00006,USD,53.30927638313006,34.60282108389012,38.61340900346286,9.458206,USD,Producer manufacturing,10.879370692454797,-0.21432746638956454,-24.684428539915203,136.8246628131021,29.98892174700318,26.02085824099699,9.698085908916521,34798658178,USD,50.4675093585805,30.58899121581383,37.442202427295264,37.1946942002842,35.294212594409,31.2722977838554,65.0655590452318,52.5448356426939,4891252000,USD,-9.656787360654945,21.053317545234755,78.90689601762492,78.31293974548849,4.6636208313164,USD,-0.16867847164232166,0.33049403488323004,0.4769596756424475,0.175164046628134,2.62928251787991,16.48747188362605,16.811471711627004,47.9830865701769,50.66397885479801,55.08100252415798,3.2682249334312368,USD,0.24839948636991502,1251320000,0.9565342745359346,32.48819067802075,1.3971237511299293,44.32748336320529,3213980580.160001,USD,2636326464.6766667,USD,3227556753.9036665,USD,1247325786.5600002,-8.560000000000002,5.092456635106186,2.3574545,2.0445373,47.9830865701769,32.3805928213531,32.3805928213531,50.4690072479769,35.294212594409,31.2722977838554,1.0354401536196,1.0354401536196,966405000,USD,1186763890,USD,0.769411129652748,USD,27.294892160814342,9.646264903508312,7265396000,USD,11782902251,USD,35.593537925022446,23529743000,USD,29673882188,USD,10.234042593062815,9.901897356039969,11058822000,USD,7.73086076795085,USD,7.73086076795085,USD,1.875846133819318,13903647330,USD,6.52833287686938,USD,23232690000,USD,5579171000,USD,7695409091,USD,1.90906495584066,1.90906495584066,0.338453527727154,18.04271265245225,305,2.177853,USD,Strong buy,2026-10-21
TTMI,"TTM Technologies, Inc.",125.82,USD,-1.294422216992238,-53.33350460805247,0.7023730675206167,13254994705.999998,USD,56.788228922188125,94.92424242424242,148.6365166647963,4.84,USD,Electronic technology,9.484859032370336,17.753860552175947,-41.955574008719125,128.72205053626612,37.424738681204076,27.59166568434543,6.6610187681241495,4394692000,USD,20.2555102239031,34.2575019185363,37.683185619772814,14.6973159700404,9.96190206586389,7.01122210094739,13.2596991388126,11.7998236806343,-15139000,USD,-185.82686093315948,-0.44828588907715117,,,3.00145004322244,USD,1.1993609232362428,0.570296232271245,2.4825778510834287,0.268083662580127,1.78002985837447,4.101253775000103,4.060780510179484,8.34292477520086,11.400377333235062,11.313646828200861,9.762927560145277,USD,0.368771498357859,105349000,-0.0017804609148064946,25.99586776859504,0.3870714241463344,27.904780596404485,223320929.27600002,USD,264703600.94866684,USD,329308963.3615835,USD,102942934.189,1.5699999999999932,6.286623133722959,2.8621287,3.4719164,6.63900663328232,5.92406611985866,4.85306294079238,19.7544338335607,9.20506684512679,6.10553805553023,0.84494058732759,0.794862450557753,338044000,USD,387450000,USD,3.14216930184137,USD,53.2009390267115,3.226393855118528,236775000,USD,678466334,USD,154.08041721662428,3840331000,USD,4905166500,USD,10.592876474372598,5.017835187961888,2078078000,USD,8.64013968020584,USD,9.35925500507865,USD,1.7609283102845332,836159167,USD,3.127092570387515,USD,3377086000,USD,501234000,USD,517385999.99999994,USD,1.6684202923102,1.53637476294872,0,0,221,1.242,USD,Strong buy,2026-11-04
ADI,"Analog Devices, Inc.",385.23,USD,-1.3166995414606621,7.549665451264895,0.8900388961385803,186669157558,USD,45.71486210661224,162.61136124149823,114.37875241681084,12.868242,USD,Electronic technology,5.3174039039860155,3.3564069542820323,-9.197407189157332,55.103273342191095,39.63239858517096,33.648002102669786,14.485112925374999,15100897786,USD,60.387045028348,52.443387756519755,49.36984231878777,50.0854215435755,35.8869245823868,29.7873595709588,12.2270974654766,11.6604102488182,4937495000,USD,34.229420400173986,35.56826145187521,38.13972014351407,39.1829878426206,11.3439142290784,USD,0.9775511202074582,0.271872999401476,1.788208572916471,0.186455685188201,1.25039115994437,13.936707560519773,13.74663728779325,10.0183891125754,11.324467537724821,20.697268735580856,18.01560672345377,USD,0.20925212120426998,484565000,1.6077246178536588,29.936490159261847,0.4050124680586106,27.82587653454111,1373108407.7400002,USD,1350851031.9026668,USD,1436291659.0477507,USD,483295439.7,20.160000000000025,2.9726846741546313,1.8757857,1.4126741,5.37450877151916,8.55957901743562,4.71278049324561,54.6761724245481,27.27234943724,20.5753383461103,0.28735608461855,0.229049963308941,607830000,USD,873848589,USD,1.24342060850549,USD,25.63428956468358,84.02587394034339,4135005000,USD,7841902615,USD,111.22008953473403,47992712000,USD,48448941667,USD,-0.48843751975630395,-0.6424713383746047,14176957000,USD,7.88773140807602,USD,2.92277535709236,USD,2.187472419074319,9239709416.000002,USD,10.190985952372673,USD,13881744000,USD,3652321000,USD,2693254545,USD,1.67962792543351,0.908911445631685,1.08506606442904,49.6036455119381,2142,3.861015,USD,Strong buy,2026-12-01
MTSI,"MACOM Technology Solutions Holdings, Inc.",275.84,USD,-1.3765240087239525,-17.053408314312644,0.6938127495160372,21066155921.000004,USD,88.71735494661006,166.69435215946845,,5.512437,USD,Electronic technology,12.72578667756436,5.8764825547921555,-27.767885199539126,112.9545279085926,35.76577184136719,28.360891841402385,12.783931286821826,1324154557,USD,55.0169505504419,34.12229664350252,45.70082075721472,23.6393596420539,18.1136348406408,20.6985723048797,17.1836786221447,11.1351766440042,204078000,USD,18.79434894726732,17.532865854391936,105.98074540126812,102.00598261939065,3.45860806795138,USD,-0.9048648766517903,0.268729048693028,3.1275531622673585,0.28388696871632,2.33750543363389,17.884572096112116,18.840810198509587,14.7003263132461,12.57275138585427,41.42667871123155,8.156299840510366,USD,0.31258083848774504,76370900,0.21075036265037045,50.0395741484211,,75.65590763421478,403971647.16999996,USD,362156934.1548331,USD,421108593.9974165,USD,71123531.8319,-10.28000000000003,5.228447726590268,2.09265,2.087781,-3.18730112440411,11.6107768573853,-2.77833015233921,52.890025205271,13.404076265071,-5.60450262494598,0.5609457834272,0.495731796069234,86831000,USD,65664309,USD,1.10741113902741,USD,54.311355962324505,-40.9323116219668,240926000,USD,649894245,USD,,2125677000.0000002,USD,2243857111,USD,19.644086370715517,3.18217749557591,798582000,USD,11.8151534681382,USD,8.78358169866171,USD,1.1271751740139213,656429078,USD,2.688951523422056,USD,1163974000,USD,785975000,USD,188271714,USD,2.97504606005801,1.77616020546115,0,0,72,1.99825,USD,Buy,2026-11-05
BGC,"BGC Group, Inc.",12.1,USD,-1.3854930725346368,1.0372334814175894,0.6505458635034087,5753144865,USD,30.341023069207623,27.680140597539555,31.791143423661605,1.405,USD,Finance,0.16556291390728123,2.023608768971334,-4.044409199048372,25.129265770423988,8.127421426780149,27.754642774109684,7.430049832925567,3459257554,USD,93.2510709403008,28.86438787968354,18.413547080325134,12.2730973720188,9.03314598207504,6.04247303660945,19.5370164812388,9.13667226506509,393725000,USD,33.15780751683391,11.961871487163906,14.719605054289161,18.12037301415963,0.955470650256282,USD,3.0025596023457246,1.8086101940210801,5.5703795225010415,0.451665224006678,1.9376099353508,2.1675357329485037,1.7854779128057108,6.8291770070502,,3.057730444918782,4.143345462106248,USD,0.672037366473033,366014000,3.903691029341046,8.612099644128113,0.9677947564106038,17.66086968306974,53297156.213,USD,38993385.815666676,USD,33633130.77908334,USD,360909934.77,-0.08999999999999986,2.9095117085358893,0.3857651,0.50576437,5.89990807212065,3.73740803664497,3.87213522912919,92.7851106238313,8.66444655051638,5.27712913713446,0.61852291503846,0.733757906715129,64414000,USD,,,0.134485818379214,USD,-6.245542536933265,-9.875188588670964,198888000,USD,723990850.0000001,USD,30.282525104972517,4411989000,USD,,,22.829330002196567,-4.985797390948724,3266647000,USD,2.87154564192556,USD,3.78342452430048,USD,3.2958677685950413,808986485,USD,0.6207676970133518,USD,3291500000,USD,873673000,USD,,,,1.9376099353508,0.661157024793388,20.060180541624874,914,0.33,USD,Strong buy,2026-11-04
FTK,"Flotek Industries, Inc.",30.43,USD,-1.3933895009721313,-13.048465658802952,0.7150443552470115,1102187649,USD,30.64142583828416,430.12295081967204,125.14169122647927,0.783733,USD,Industrial services,5.476603119584049,24.76424764247642,37.25755525484888,127.42899850523166,70.29477292202228,36.765447313875974,34.883769033375756,355927243,USD,23.8237623221649,48.032832085516134,81.0838824313319,16.6973867453101,13.0526200813741,12.9696758690369,37.7961136559188,24.6969393620388,-4112000,USD,-321.55172413793105,-1.4035662597962917,,,-0.0571324599708879,USD,1.0630238358068604,0.437316678662364,1.38748409229237,0.220836635843241,1.77956343937543,3.9396406740667924,4.052476447939709,26.0786608236703,26.240487480185827,9.012159174649963,1.387100342958292,USD,0.307285092825195,36220400,-0.04990075877723794,38.826998480349815,0.24831383648624789,23.594354818267306,13093607.113,USD,16995603.760666665,USD,14550657.201999998,USD,15062325.7808,2.5500000000000007,6.049783452365178,1.2027477,2.0872893,21.8926594188348,17.260418961613,15.0812529177689,24.390757896334,11.8021427788689,12.8667886134316,1.33082886079054,1.17210699350619,1914000,USD,19400000,USD,0.0497504678727386,USD,-36.62251655629139,-66.66666666666666,37997000,USD,32626666,USD,169.3103692678432,227100000,USD,287200000,USD,27.765869466151326,15.710203107045324,114042000,USD,1.63296436034209,USD,2.02641199640761,USD,3.263555701610253,47624998.99999999,USD,0.9939696402578498,USD,292968000,USD,5835000,USD,17250000,USD,1.62643930166464,1.4967443836635,0,0,35,0.206333,USD,Strong buy,2026-11-10
BLLN,"BillionToOne, Inc.",114.42,USD,-1.4215559576117789,-64.4869727346274,0.5753635481272952,5399140606,USD,185.71660444732998,,,0.8075,USD,Health services,9.524265339331867,20.404082921182784,5.020651675080311,14.420000000000002,64.40298619560484,90.12017298786789,,455654981,USD,71.2668464968345,122.35891718745093,,13.9905186557024,10.8959971012451,8.03876078226123,9.05062878738516,9.05324757188689,33174000,USD,,8.347508379213512,187.82181653282692,150.55264984626515,0.832863179002064,USD,-7.278902877697841,0.268106168708994,3.8988542785535265,0.172124099428756,11.6891161956034,12.56739506104496,15.904533719691408,6.76836767446073,9.14769786528366,1356.0975609756097,2.3773732661598124,USD,0.184881154499151,42644386,-5.511117818812367,141.69659442724458,,89.82794255395683,71953882.34400001,USD,61526999.40900001,USD,77277600.58416668,USD,23966997.81972,15.260000000000005,5.507486355591333,0.0469017,0.03342931,0.683356900055249,6.12992634763112,0.624576741737838,68.3217965861716,5.25151419806497,0.956697868323763,0.762546182635233,0.652846381723588,12221000,USD,15900000,USD,0.224421680790762,USD,,,31947000,USD,47270834,USD,,632654000,USD,772500000,USD,109.44716098510557,-0.1625334385826426,152549000,USD,11.1908905527385,USD,12.7203691068422,USD,0.5384548155916797,45633333,USD,0.7951810507815709,USD,397412000,USD,495975000,USD,597450000,USD,11.3217338726492,11.3098429789143,0,0,421,0.16125,USD,Strong buy,2026-12-15
NVDA,NVIDIA Corporation,225.51,USD,-1.468082317472807,-6.4744271988768824,0.8255451781748967,5434790867615.001,USD,28.507319293100398,128.2079851439183,125.14871211043119,9.274498,USD,Electronic technology,5.309610535163914,4.630445877604041,12.709916033586554,23.927020937517167,105.85114348672529,83.37529809100704,66.89858183148777,408940119887,USD,74.6746366790002,96.04939341421144,104.7831749455648,66.4308889688384,65.2142628453736,63.6629490145856,117.210701426553,104.380925211254,127006000000,USD,76.3408911042306,41.920460509161,43.12009157047699,42.31518091755508,5.53263331274449,USD,-0.3006434303033314,0.16970618034447799,0.08565638369736546,0.0551829518914136,4.58894906901602,17.738718705923713,18.345467523079943,102.387442503643,100.36115569823434,433.76077586206895,0.4655299012809007,USD,0.0676447052547346,24100000000,1.0032768753791652,24.315062658916958,0.2311814907866128,26.702515924850328,23980800434.276,USD,26901447614.163334,USD,26725900284.141167,USD,23186826900,1.8400000000000034,2.7288272031428,1.6602405,2.0049303,93.5673289355252,83.6763468196056,75.4180223866534,71.0680843575471,60.3816836314127,55.6025340607026,1.31436491891751,1.35637743244432,7354000000,USD,11139440838,USD,0.302820671196212,USD,46.72785315243416,41.266490765171504,192879000000,USD,290588347578.00006,USD,122.73173435569362,206803000000,USD,403475653302,USD,85.30568722502487,41.692061747514614,49510000000,USD,3.84471691902567,USD,6.39387915683108,USD,3.507871047847102,347914103425.00006,USD,8.135845171916822,USD,302969000000,USD,62556000000,USD,141572637596,USD,3.23980971924261,3.85497105929938,0.124163008292315,3.539554521780902,1226,2.470169,USD,Strong buy,2026-11-25
AUPH,Aurinia Pharmaceuticals Inc,16.4,USD,-1.6196760647870612,-11.040766724933363,0.9127992166125263,2182039268,USD,7.169398907103824,79.15601023017902,434.9625818521984,0.944,USD,Health technology,1.4851485148514754,-1.0259505129752668,-12.393162393162395,25.478194338179023,18.87212889987806,19.75925662534958,41.37591209245235,330266667,USD,90.3578410758042,20.888612107582837,56.54292002934703,51.3715582632775,45.1505102614109,100.836899331336,66.1177795439022,25.662443631414,174155200,USD,88.75183218745299,55.90731508412847,12.574370446590168,10.353134836054277,1.30554574275874,USD,-2.368283903865622,0.104309245621796,0.5519551423933894,0.0970835485352858,5.41903837105703,5.788159713877533,7.145730593497731,59.2258372279658,25.190545060645224,38.973697028546034,0.539379956741168,USD,0.11401782843069301,133050999.99999999,0.8615197979289665,17.372881355932204,0.016754157709283974,11.26724574756602,14394229.377,USD,15419141.180166665,USD,18262268.079583336,USD,118131858.319,0.14999999999999858,2.8374423380491445,0.04220423,0.5168016,53.1694078095367,48.518408679737,43.4746476603107,88.4598399604317,41.0135839324513,101.46508629065,0.48115728469905,0.428469035504253,174321.026198908,USD,400000,USD,0.001305482110379,USD,-41.29963751952119,-100.18127415462797,314114000.00165904,USD,105824600,USD,418.03219209859617,770594000,USD,857501000,USD,39.94388399059285,16.108313506746676,189263000,USD,3.00962795583534,USD,3.32135252469772,USD,13.948170731707318,123528999.99999999,USD,1.0532988841458848,USD,311507000.001581,USD,397997000,USD,511390000,USD,4.76160855277197,4.96704473786952,0,0,110,0.22,USD,Buy,2026-10-29
INCY,Incyte Corporation,124.64,USD,-1.80414401638699,-6.844684478161412,0.9219323886286962,25264247923,USD,15.884991843393149,38.01648836981059,78.375920705647,3.76232,USD,Health technology,2.6012512347711527,-2.2201302267200114,15.034610059990777,47.067846607669615,37.72102516682037,26.925519673299608,14.029891744294387,5937159463,USD,91.4195991772532,26.905990367894905,78.61034668986657,33.3022254374494,31.6133777126331,27.7064127171782,30.6672829098088,34.7253516773539,1920466000,USD,100.4488128899062,33.00036257223521,13.513408849727098,10.813404102441803,9.50792926576248,USD,-2.32063798707246,0.0060315927663759095,0.03824406005403749,0.0078785215750559,4.59308770089993,3.568462560206752,4.5414074469931425,30.4927705614197,33.138838358302216,833.5625806451612,0.27364225211758847,USD,0.0105162417724578,202698000,-1.4910873307930528,33.12849518382275,0.20640070683258488,10.715387675545257,209971011.922,USD,171735060.43366668,USD,197357805.57400003,USD,200851015.824,-1.3700000000000045,2.730597130391847,0.24505852,0.855238,29.5437000611241,23.548749558292,20.6638248721369,91.4667311906345,26.1173078411792,25.0260540157417,0.849938597200336,0.825692490679477,89237000,USD,,,0.428578975679102,USD,55.698433192588205,-34.921883191779386,1612383000,USD,489731669.99999994,USD,85.14623307726757,6970851000,USD,7919075000,USD,27.15164201679109,-1.8099249210589519,1803373000,USD,17.6797936152467,USD,23.4577085166673,USD,6.295250320924262,862546413,USD,8.835776309217351,USD,5819530000,USD,3580604000,USD,4069850000,USD,3.2490360817598,4.5073150135356,0,0,97,-2.828265,USD,Buy,2026-11-03
MPWR,"Monolithic Power Systems, Inc.",1355.47,USD,-1.8216453477423087,-50.01292981876758,0.8721531120489455,66611862880,USD,83.06390332385529,85.77678190354247,-57.50593725261448,27.420919,USD,Electronic technology,17.11133382868794,4.397017822209208,-9.343722306753385,47.71261060982521,47.55948923671405,28.666321791005352,27.00480015208109,4149458533,USD,55.1953190160695,28.39413345348615,41.902288096761424,30.560150166903,28.7234835593027,24.408659771389,21.896125408565,25.6303621779695,585537000,USD,-17.098327488344236,17.889053935068215,114.032848820826,111.37987160503948,16.693808363784,USD,-1.394433769676951,0.00486057486938521,0.030855829041578495,0.00574674687586354,4.97533006382372,19.924805304235235,20.777897431165876,21.7919895957156,24.178166960804166,,0.4989339460556005,USD,0.00677888401394983,49143000,-0.0025040584782996837,49.43196834504343,,65.19864986073927,1123233434.9299998,USD,882459118.7406665,USD,1078243350.5293336,USD,47397244.067999996,151.72000000000003,4.325018934718456,2.0887876,2.0454884,18.5235037353525,18.4545050209524,15.9039940589344,55.1787716644466,26.1116898689427,22.2717122881934,0.756063839383111,0.714089417694452,237728000,USD,206233333,USD,4.82598457166058,USD,25.712170487295417,71.20453648505493,798934000,USD,1593890121,USD,-57.076790002740005,4194198999.9999995,USD,5222850000,USD,19.29497568420698,5.493568679317836,662702000,USD,37.250549179823,USD,40.2802490741118,USD,1.2038923768139465,1843054333,USD,19.08576938692651,USD,3273158000,USD,1256545000,USD,1353250000,USD,4.38361241590297,3.61802367382022,0.525279054497702,43.63172860084322,91,7.692209,USD,Buy,2026-11-04
HNGE,"Hinge Health, Inc.",92.28,USD,-1.9861922464152995,28.218874829168755,0.832062230982035,7446480914,USD,71.061142769136,,,2.318917,USD,Technology services,0.21720243266724895,4.365528161049536,30.17350825222175,57.905544147843955,52.99788638226286,49.76497210863696,,859268980,USD,84.4939525956829,62.96308200813733,,14.1529675958009,13.4973286985408,14.7702764071377,29.6261734310148,26.4881151109724,283923000,USD,,39.430409368095205,27.114276476368595,24.87637462974116,3.48565161104718,USD,-3.763183200863507,0.017091261820125003,,0.0107705664361336,1.2460830967163,9.808856352447918,10.90792252323067,29.3178779650738,26.79117334913787,,0.1015393153054546,USD,0.0207954471965337,62468720,2.4077144905175274,39.79443852453538,,69.30600445491119,192147495.309,USD,165506095.992,USD,157551371.4913333,USD,53113654.36768,0.9699999999999989,4.48764740385585,1.5994356,1.3594885,-105.191786802131,13.9844002703392,-59.6521334273881,79.6485557785867,-92.0321164903208,-72.1408158405063,0.946793403512832,0.826884652362,6864000,USD,3617250,USD,0.0822784810126582,USD,,1.477832512315271,106355000,USD,183719568,USD,,746386000,USD,977446500,USD,10.496964385378716,-19.903117967411085,367850000,USD,1.77022472687831,USD,1.47721740589382,USD,1.407238838318162,274884291.99999994,USD,1.1650004794783273,USD,720061000,USD,363862000,USD,400176000,USD,1.28950715903855,1.15911880840563,0,0,69,0.599538,USD,Strong buy,2026-11-03
BAP,Credicorp Ltd.,385.38,USD,-1.9937948222369237,31.756663406115464,0.6552465622332387,30606494114.000004,USD,14.257913663741435,15.959769840131333,27.602160284009358,29.793732763149997,USD,Finance,2.3395384656239218,1.6592365928935136,1.6431491494131658,44.22904191616767,17.66601950770099,23.899007363456782,8.785145901716817,7633356264.7095995,USD,,,,,40.246427083404726,27.653850274266663,20.5587499362702,14.8899448914657,1281154660,USD,-70.07951090871047,13.826873994768476,23.892058396649784,22.8514858917713,17.0925852428893,USD,,0.946761265249884,,0.127938449775235,0.36736361142139,3.1596461601875134,4.021778598212006,13.7957306016874,9.148014599338982,,127.90494210573408,USD,0.47133225954484803,79419000,0.13288225633508047,12.934935110804659,0.5270591212243786,,129173385.973,USD,124714375.617,USD,116466005.97583333,USD,56121833.445,9.870000000000005,2.553186263503849,0.75825024,0.30125067,11.939043372406,2.80485177777715,2.62946196373365,,42.824254016402236,29.7280233546091,0.10142717017554728,0.08845061551413146,415625062.477185,USD,,,5.23281971248478,USD,37.641865988279676,74.98374117714461,2147528831.14209,USD,2455242143.44668,USD,27.50132843878693,79510656337.358,USD,88162964075.2098,USD,16.644469219881238,6.089055274978782,67883906500.921906,USD,-322.501039272888,USD,-376.653369555254,USD,7.013648866054284,3402907192.2381196,USD,,,9265685508.41453,USD,,,15549146480,USD,,,3.75668171674711,0,,7.471985226499999,USD,Strong buy,2026-11-09
DXCM,"DexCom, Inc.",87.73,USD,-2.01049927398637,-49.71793118836769,0.7250561817716364,33105859713.999996,USD,34.6293518591616,43.63270777479894,77.35928311397369,2.667616,USD,Health technology,1.9523532829750225,-4.951245937161423,25.54378935317689,27.126503405303577,13.075792930602367,15.541294642857142,19.330547815255027,5230471160,USD,63.5716010625453,24.9901084118066,51.9766056536337,28.2379457457941,22.9232069548418,20.117926426789,38.4907113292906,24.8380977300975,1405000000,USD,146.14576033637002,28.274168880302664,24.358343772241994,23.172426842704624,4.48269674442451,USD,-0.39096351197263396,0.533455405508507,1.194310759711241,0.219199040994337,1.73329940195954,6.551811099170892,7.028425702326342,25.2385761171421,28.07082393819539,93.54666666666667,3.427127003699137,USD,0.336025340329328,377361000,3.253200518893494,32.88704221297218,0.4568276495700696,23.202152019669324,439650989.928,USD,384843363.78299993,USD,391533978.4096667,USD,371116052.811,3.8500000000000085,2.8022207645347614,0.8618872,1.4785407,22.0741170881064,14.5070126176328,13.0423255668881,60.010725010725,19.5581295581296,17.9386529386529,0.721098800635598,0.727051557967624,343700000,USD,339432839,USD,0.881056139451423,USD,-17.558167426241305,-9.989373007438896,999700000,USD,1069879567.9999999,USD,74.92563429571304,6339900000,USD,6738333333,USD,-2.2299329169558177,-19.824020572242965,3593900000,USD,4.91372141372141,USD,4.58108108108108,USD,2.8877236977088794,1308809656,USD,2.920020507562163,USD,4969200000,USD,1998700000,USD,1215000000,USD,1.58889148191365,1.42520252788735,0,0,25,0.67062,USD,Strong buy,2026-10-22
MEDP,"Medpace Holdings, Inc.",617.15,USD,-2.069217220203443,-9.356580967314589,1.0951067703286195,17225677650.000004,USD,36.19775475969829,37.234832585321755,26.790561393332286,17.602426,USD,Commercial services,0.0259323489845813,0.4884800130261337,19.17083437928437,24.460533215020362,17.24152219999304,24.66637721252073,22.269173185609613,2849964629,USD,27.7621152087778,14.142038065965243,20.676753337269016,21.9675317580351,20.9684978693794,17.6653171778047,162.154493807447,129.622865370003,706686000,USD,21.881079514880582,25.39945541223626,24.936253300617246,23.867887081391174,26.3591790992505,USD,-0.5866753926701571,0.33216168311970895,0.24305090585533665,0.0692755959082184,0.731687182020149,6.06231333708085,6.467499144588913,115.476154115439,119.92082073460763,,4.634808819046974,USD,0.22964711883917902,27911700,1.448581617919687,35.06050813677614,1.379687066510008,27.596697725785347,158383710.11900002,USD,132895801.59666662,USD,163690727.51399997,USD,22495546.261800002,30.850000000000023,2.5922643100769744,0.6914611,0.8357896,59.1833481688666,27.0884416953672,22.1337386644581,28.9496544588366,21.1417204890931,17.8292995825683,1.53342515295462,1.24142502412705,45974000,USD,45461000.00000001,USD,1.61007214400784,USD,34.0858051156415,291.15000817929,491500000,USD,521168582,USD,17.50052594335112,1975472000,USD,2347988500,USD,-5.968681486586959,-10.4703475289729,1516401000,USD,-12.5127039859183,USD,-13.8336925396246,USD,2.7626022846957787,622828937,USD,20.43160327799958,USD,2782288000,USD,497049000,USD,794049429,USD,0.736465468227674,0.731687182020149,0,0,7,4.413667,USD,Neutral,2026-10-21
SIMO,Silicon Motion Technology Corporation,276.53,USD,-2.3759090588152296,-54.61245338419557,0.6409669869104779,9376510066,USD,32.423464302883204,707.5586095392077,259.784855515714,11.188877,USD,Electronic technology,13.100204498977494,10.61199999999999,-19.788252356780283,190.41167821886154,122.89450360168794,69.55933666350374,10.389187608540041,1874425964,USD,48.8682513562514,76.02622241975206,134.80780588605592,18.8904102146983,16.3242336702332,22.0751867118821,31.5096002214076,22.5411376517619,-120642030,USD,-496.4433413328277,-9.20846178268267,,,-1.96586962671561,USD,-0.47038028690262945,0.0591002705263801,0.020978392343568877,0.0021149585473031803,2.52276205605073,7.068121162880645,7.362151285497004,31.5096002214076,21.740040001171042,2427.2631391107066,0.07679140532935466,USD,0.00310323847264813,33907750,-0.0022061669375271803,24.71472338108641,0.1278464234136043,37.416451429842766,223801035.82000008,USD,227299065.0796666,USD,251835327.21441668,USD,33675380.18925,-1.170000000000016,6.851793534217497,2.7653837,3.1121938,15.3091559876702,21.9192882514141,10.8873950426553,48.2719022794021,10.5052126911216,13.847251721097,0.992937841817482,0.78624952170601,53702028.93382,USD,70867000,USD,1.57710155954172,USD,5.82388975243259,-51.239830751038674,289211748.976236,USD,473385332.00000006,USD,261.65377096372293,1222859019.6662898,USD,1849908833,USD,18.579007145343436,23.803041537507276,392026887.81873,USD,17.9944092990144,USD,21.6548439727636,USD,3.084186164249811,579288390.9999999,USD,6.280776118135247,USD,1310121417.09572,USD,273170278.51258504,USD,278011500,USD,1.5361845883784,1.12700588545145,0.719632589592449,0,,3.295824,USD,Strong buy,2026-11-04
TER,"Teradyne, Inc.",389.14,USD,-2.3953447540695807,-13.253155970242261,0.67659439825124,60838439418,USD,53.38949332528434,385.3085410706989,152.82528009989946,9.218135,USD,Electronic technology,14.281518898123403,8.058424969454622,-14.286343612334806,186.13235294117646,103.98956867163265,57.91251652889784,0.43040793018811474,5147678843,USD,59.0609267804417,58.506071104477364,125.12406281873109,33.8296753393566,30.8796103238719,25.7735811936184,36.663504111826,42.4995243016332,799932000,USD,40.61054774221786,17.924510333574364,76.71233807373626,75.78130193316431,6.75331815616419,USD,-0.16870531116181872,0.0291307188895955,0.34773689076156417,0.0677022343680644,2.12482083777871,13.583427295927228,14.087761419275832,35.8769455443313,39.95217648315667,132.8883901065047,1.7733582103569392,USD,0.0919908502493187,156341000,0.8401793420242921,42.2146128256963,0.3579233792913277,40.15240217255232,1065593161.394,USD,954671607.7840004,USD,1175853215.6788325,USD,155192362.67299998,5.449999999999989,5.549918986271131,1.7641361,1.6448036,19.3153161821601,26.4799258795331,14.040167945696,55.0488284771379,21.5665561382468,17.3724650973199,1.02740576408875,0.808185128998305,265019000,USD,335025499.99999994,USD,1.68060091443501,USD,18.494556347946613,79.94365973654976,1150219000,USD,1569931772.9999998,USD,145.16038962423002,4183599000,USD,4955975714,USD,12.804573229426698,11.212382123904478,1387847000,USD,5.34373558505458,USD,8.00947703641177,USD,1.8730277021123505,1816442646,USD,8.739068950428997,USD,4462783000,USD,321998000,USD,568868375,USD,1.08103518001591,1.39224043480291,0.128488461736136,6.859933870237491,1084,2.076829,USD,Buy,2026-10-27
EXEL,"Exelixis, Inc.",56.73,USD,-2.4419604471195218,-23.04751481360632,0.6205668616843288,14056655302,USD,17.818330297129215,25.630769230769225,52.70023980815349,3.512993,USD,Health technology,-0.5434782608695692,5.269994433104466,7.606221547799692,43.29376105077038,10.63402204268813,9.233835798574443,18.629186154922106,2551206492,USD,96.4832588919176,9.107642741415088,30.555800803817174,41.8864741042399,40.7246953922953,35.3305116752603,44.3929251762439,46.9810462485931,1172459000,USD,55.48472483214356,48.132081513350194,12.564501402607682,11.414641622436264,4.55732357754886,USD,-0.6600432608953457,0.089994804101614,0.21797525592456138,0.069714701294087,3.45600632171681,5.494104610167821,6.198931512529146,40.7581784716281,44.34329836977013,,0.7128285727463342,USD,0.0850548991867461,247782000,7.687746315058639,16.148623125636743,0.34657030553727197,13.11665574069337,130380096.74199998,USD,120609228.29733334,USD,133006147.20233332,USD,239913187.026,-1.6000000000000014,3.0102730310386803,0.45975563,0.42282104,32.8164041344551,33.2780582775798,26.6678798188723,96.3925666106065,38.4764017126656,33.729633649207,0.941907057091457,0.790636509611164,10964000,USD,,,0.0422220082795802,USD,-38.9668225339568,140.169133192389,860623000,USD,893221547,USD,42.88989835596333,2882032000,USD,3186666667,USD,-3.5133861135810935,-16.6706892777502,720713000,USD,3.95318934940549,USD,3.57150892982703,USD,5.612198131500088,1088446990,USD,3.8202406854722244,USD,2435920000,USD,1059090999.9999999,USD,1355725000,USD,3.50455818402343,3.3766284361211,0,0,288,0.886367,USD,Buy,2026-11-03
TSEM,Tower Semiconductor Ltd.,230.5,USD,-2.5823084400490313,-20.800677765525403,0.621184690763637,26006149486.999996,USD,90.91626237526131,93.0396690192261,45.74040009197516,3.880059,USD,Electronic technology,14.648097488187013,5.006605621611776,-20.090136938810883,229.75679542203144,23.656873469483926,14.896426857628281,4.35158783123204,1973822070,USD,26.8708802087996,37.90598329084236,19.58724751385018,32.5255924982598,16.1597301798158,16.938516585624,9.88224694868435,8.96436856241645,306493960,USD,,17.92799530644246,86.05527984956049,80.43118202720862,7.92280940146692,USD,-2.409337615906426,0.0459137697565205,0.32480031531277903,0.048616466353027604,4.91320127359226,14.419698538754155,15.836945307701802,9.45041930447838,8.767065557198071,,1.4218509291618617,USD,0.052427206525567205,112824940,0,59.406313151423724,2.0403458079545334,44.33339235718961,529669483.98599994,USD,378961888.0193332,USD,429921563.71800005,USD,105012602.67958,13.930000000000007,5.84534662542707,1.4585797,1.5472941,7.55234952852155,8.30349515961371,6.88670146930005,23.2330675357445,12.3984103226862,14.0776091498394,0.490213834112312,0.489195387938342,600089354.168162,USD,1014133333,USD,5.2442985848459,USD,33.303258976140434,75.06055334274645,289578000.000255,USD,550131937,USD,47.38443998818232,3322290000,USD,3994508200,USD,7.849575635005526,7.661508543975478,417707000,USD,12.8483391686068,USD,13.9832652628229,USD,1.0999132321041214,601828616,USD,2.4143252903597925,USD,1709583000.00146,USD,1151910000,USD,749346750,USD,5.50818397934384,4.30867541952099,0,0,,1.061377,USD,Strong buy,2026-11-16
TEN,Tsakos Energy Navigation Ltd,47,USD,-2.6310337683861675,-8.307548242533693,0.9802509377415146,1384123231.9999998,USD,4.7596864683126405,560.1050262565642,253.35838253712643,8.99,USD,Transportation,-7.662082514734772,10.901368570080221,21.63561076604555,104.8823016564952,54.366842723308274,23.231139040907678,4.395111160217224,956930000,USD,43.1027709787568,59.004893274342386,46.06000482612543,56.7637493917351,38.2915649418514,33.607899159839,16.8897802727216,9.42835605992966,,,,,,,15.3873753870391,USD,3.0032197665026805,1.02312794787646,4.695529617954554,0.487972293003862,,3.146990385507092,1.507510612005667,8.55874401133509,9.3792930595508,5.9027619759668,64.86304473526313,USD,0.514608360210966,29449400,0,5.2280311457174635,0.01929401042085364,5.544014303546516,36467978.128,USD,19199025.462333336,USD,13704650.047000002,USD,20967943.3506,2.6799999999999997,4.007183477476639,0.30145058,-0.25657845,4.77946912255689,7.88074140063518,4.15953672794791,35.4130331080057,30.144524339261,19.9454355825609,0.234490747641036,0.208545795389134,0,USD,,,0,USD,,,322534000,USD,293234000,USD,193.63716644968636,3953081000,USD,4477272000,USD,6.6520312033761035,7.575824374131253,2090076000,USD,-0.802752213642752,USD,15.8286077135697,USD,21.00978723404255,,,12.260834683505525,USD,959697000,USD,333764000,USD,661011500,USD,0.919710068989608,,4.25531914893617,20.253984971543154,56,2.68,USD,Strong buy,2026-11-24
COHR,Coherent Corp.,300.6,USD,-3.1540964592931355,-23.520058222081737,0.7978859585150254,58867174004,USD,73.097779831238,,,9.442466,USD,Electronic technology,7.14285714285715,9.189974573192883,-27.596796531583063,161.39130434782612,33.74525957891984,22.513790259994742,18.042001127353103,10608166525,USD,38.3763585696729,30.3091955344412,31.657186893830925,21.120662284628,13.7887692135651,11.3086718624002,8.45942493590811,7.22028233550925,-1023395000,USD,-630.9056670332635,-14.377264985218066,,,0.393244312561821,USD,1.0195689769854994,0.326041695804877,2.3644773099585565,0.19426353830621101,2.42665427205792,8.532373730357953,8.817020663239937,6.14609771034634,6.872798693705747,7.899493474011644,18.194629120668214,USD,0.24587590031019202,195832000,-3.4864354111181597,31.834904144743547,,40.3982300146335,2154284775.2599998,USD,2097226977.176666,USD,1883094336.4423335,USD,187094759.488,-2.8799999999999955,7.1941297524557095,2.446353,2.702789,6.14632676657132,4.8476296316727,4.84781029585929,38.6211589730579,13.7901241904357,11.3090408912052,0.428664806146726,0.428666793452778,1110083000,USD,1978699999.9999998,USD,5.49002472799209,USD,151.81314593182046,328.51541682527596,804968000,USD,1963615052,USD,1530.0508272077434,18299852000,USD,20366675000,USD,22.727721452228085,11.689591806534828,7061652000,USD,20.7995500774262,USD,20.7995500774262,USD,1.3680306054557552,2528136667,USD,4.854129574678536,USD,7118148000,USD,2022174000,USD,1438928571,USD,1.52227192757774,1.52227192757774,0,0,736,1.974772,USD,Buy,2026-11-11
GRDN,"Guardian Pharmacy Services, Inc.",43.26,USD,-3.1564808596373486,10.98996288331663,0.46891537958826046,2740017071.0000005,USD,41.79710144927537,139.74807557732683,,1.301429,USD,Retail trade,-9.060332142106374,13.573116303491714,12.10158072039387,69.38136256851998,2.158950321490181,10.312195651452882,,1442482490,USD,21.632820966977,21.537026301746426,,7.31348648290358,5.71700539699851,4.50373990539878,31.7494267491377,33.052049382716,79785000,USD,110.40348101265822,5.452007166842284,34.61233765745441,33.8093259509933,1.54859327025503,USD,-0.5098667613477099,0.143469604621905,0.40201709678289244,0.103821939940944,1.6532266964419,1.843286873909223,1.9485734785835263,28.0725965490657,33.340107915102536,169.6133122028526,0.7065723982431239,USD,0.178551039391895,49798904,0,33.24038422380322,,25.20394176181489,42083784.256,USD,24152317.723666664,USD,19848522.34733333,USD,31141794.415303998,-0.13000000000000256,4.21379878082915,0.5160986,0.0558298,24.0775663650795,16.4788126693936,12.8496557125608,19.4688286273414,6.13756613756614,3.39749496957586,3.6589174809229,3.78209705316059,19071000,USD,,,0.29874992167429,USD,-3.3841633314757584,7.245703669298653,65908000,USD,81551917,USD,,430776000,USD,501789000,USD,28.47518185261513,-2.6173525287548056,212852000,USD,0.962261369650847,USD,1.58884078444792,USD,2.39251040221914,104436685,USD,1.3105927689704868,USD,1463406000,USD,65619000,USD,132067000,USD,1.10934456730739,1.32577267386379,0,0,439,0.314286,USD,Strong buy,2026-11-17
TGTX,"TG Therapeutics, Inc.",56,USD,-3.631044570641885,1.694424990166262,1.0350630417036102,8571866577,USD,20.39701329448188,-71.45328719723183,633.6985569214324,1.00331,USD,Health technology,5.421686746987956,5.282947922541836,4.419168375909001,60.137260509007724,70.27162977867204,76.08287745447818,426.72979307528385,957883272,USD,82.3724009925757,66.85042422154271,58.08862418653851,17.1969742450621,17.0508895159192,55.2182766004283,100.279949802104,14.4363870486776,17385000,USD,,2.1743861439634986,506.63121081392006,504.69137630140926,0.113655835050262,USD,1.4705373247221738,1.2489028825509099,2.0245619074978456,0.238616773242116,4.26710193561843,10.973939356076524,11.431190469847508,46.8258463313797,14.336281324598025,3.6673423663714932,1.571808957391754,USD,0.281359165160303,153069000,2.0570548831583846,55.81525151747716,0.03340001864553985,63.81319876214581,118680734.868,USD,106879739.91333328,USD,113207486.22699998,USD,141641327.66700003,1.3500000000000014,4.360287818522473,0.44015053,1.4185414,65.0152804715283,37.6980687734231,54.5026853461699,83.6579385902997,20.0108066533936,72.5601870557062,0.68270998470696,0.751137608070481,491000,USD,,,0.00312178423638837,USD,338.39285714285717,597.6190476190476,441490000,USD,307664597,USD,630.2545610930083,1063252999.9999999,USD,1272625959,USD,84.0525195173882,24.50084744780679,415233000,USD,3.07138258892111,USD,5.7303808369737,USD,4.902678571428571,375077543,USD,0.8667751555567283,USD,799536000,USD,141970000,USD,274362188,USD,3.28549687825182,3.71597769774259,0,0,196,0.352907,USD,Strong buy,2026-11-09
CORT,Corcept Therapeutics Incorporated,112.94,USD,-3.8849410663376007,-0.046405487695757724,0.3094681574773519,12208633142,USD,269.73967040840694,23.912286808214404,-62.739165257631036,2.06032,USD,Health technology,1.9130120916802063,-6.3205043132050465,37.91671754793015,41.122079220292385,31.742529445044486,16.02237180203329,16.56110127413266,1111521360,USD,98.3046726519686,15.943164669991383,-91.50143007097388,1.06221255565332,0.770931605547819,6.52397109818937,8.0803894544373,0.943580375590658,106921000,USD,-40.69137281657875,12.869442341417384,125.04935326081873,111.38931680399547,0.926637665244752,USD,-33.85563739376771,0.013348427829793,0.13080729110887399,0.0072873286159206695,2.82994369384013,14.335183900588941,16.743634758965005,8.00229725370406,0.9202863879513606,,0.05089718052789052,USD,0.00933917713698479,108098000,0.13922934535172227,54.81672749864099,,1349.5588829461756,293922124.0324999,USD,159486975.6295,USD,142454014.68158332,USD,95779692.41,-2.760000000000005,4.672951476400646,1.02688,0.36613393,14.668545352941,6.41282897071977,11.6968895788889,98.2956552802903,5.88344998141598,12.8933671479248,0.98296403742493,0.907202086521787,2779000,USD,,,0.023474257718461,USD,44.9660928534168,4335.087719298246,54202000,USD,489034500,USD,-58.93103396020549,838030000,USD,936300000,USD,-0.45423553252701776,-3.780794912130277,190225000,USD,2.96621557858181,USD,2.60791690217844,USD,0.3707278200814592,562092750,USD,0.05410313806647802,USD,830813000,USD,372152000,USD,205100000,USD,2.81503447030135,2.74421659016138,0,0,763,0.8132,USD,Buy,2026-11-04
