price_response_feature_id,company_id,ticker,event_type,event_id,event_effective_at,event_effective_session,reaction_session,reaction_open_at
9,10,AMZN,CATALYST,46,2026-08-07T21:00:38+02:00,2026-08-07,2026-08-07,2026-08-07T09:30:00-04:00
10,11,ANET,CATALYST,80,2026-08-07T18:45:02+02:00,2026-08-07,2026-08-07,2026-08-07T09:30:00-04:00
11,13,APH,CATALYST,95,2026-08-07T16:51:00+02:00,2026-08-07,2026-08-07,2026-08-07T09:30:00-04:00
15,19,AVGO,CATALYST,109,2026-08-07T21:00:00+02:00,2026-08-07,2026-08-07,2026-08-07T09:30:00-04:00
17,21,AWR,CATALYST,143,2026-08-07T18:12:00+02:00,2026-08-07,2026-08-07,2026-08-07T09:30:00-04:00
18,24,BEN,CATALYST,147,2026-08-06T20:00:00+02:00,2026-08-06,2026-08-06,2026-08-06T09:30:00-04:00
21,28,BUSE,CATALYST,153,2026-08-07T17:45:03+02:00,2026-08-07,2026-08-07,2026-08-07T09:30:00-04:00
23,31,CBOE,CATALYST,156,2026-08-06T18:45:02+02:00,2026-08-06,2026-08-06,2026-08-06T09:30:00-04:00
24,34,CGNX,CATALYST,158,2026-08-07T19:28:50+02:00,2026-08-07,2026-08-07,2026-08-07T09:30:00-04:00
26,36,CLBK,CATALYST,167,2026-08-06T20:55:47+02:00,2026-08-06,2026-08-06,2026-08-06T09:30:00-04:00
29,41,COHR,CATALYST,181,2026-08-07T21:40:02+02:00,2026-08-07,2026-08-07,2026-08-07T09:30:00-04:00
30,43,COP,CATALYST,196,2026-08-07T21:02:00+02:00,2026-08-07,2026-08-07,2026-08-07T09:30:00-04:00
31,44,CPAY,CATALYST,225,2026-08-07T18:07:00+02:00,2026-08-07,2026-08-07,2026-08-07T09:30:00-04:00
34,47,CRDO,CATALYST,235,2026-08-07T17:11:55+02:00,2026-08-07,2026-08-07,2026-08-07T09:30:00-04:00
35,48,CSCO,CATALYST,246,2026-08-07T21:00:38+02:00,2026-08-07,2026-08-07,2026-08-07T09:30:00-04:00
37,53,DAL,CATALYST,263,2026-08-07T16:22:00+02:00,2026-08-07,2026-08-07,2026-08-07T09:30:00-04:00
39,57,DIOD,CATALYST,277,2026-08-07T16:14:47+02:00,2026-08-07,2026-08-07,2026-08-07T09:30:00-04:00
41,59,EBAY,CATALYST,288,2026-08-07T20:30:02+02:00,2026-08-07,2026-08-07,2026-08-07T09:30:00-04:00
42,61,EME,CATALYST,297,2026-08-07T17:45:00+02:00,2026-08-07,2026-08-07,2026-08-07T09:30:00-04:00
43,62,ENSG,CATALYST,304,2026-08-06T17:16:00+02:00,2026-08-06,2026-08-06,2026-08-06T09:30:00-04:00
44,64,ET,CATALYST,305,2026-08-07T18:59:00+02:00,2026-08-07,2026-08-07,2026-08-07T09:30:00-04:00
46,66,EW,CATALYST,321,2026-08-06T17:41:00+02:00,2026-08-06,2026-08-06,2026-08-06T09:30:00-04:00
47,72,FN,CATALYST,323,2026-08-06T18:14:42+02:00,2026-08-06,2026-08-06,2026-08-06T09:30:00-04:00
48,74,FSLR,CATALYST,325,2026-08-07T20:16:32+02:00,2026-08-07,2026-08-07,2026-08-07T09:30:00-04:00
49,75,FSUN,CATALYST,334,2026-08-06T18:31:00+02:00,2026-08-06,2026-08-06,2026-08-06T09:30:00-04:00
50,76,FTNT,CATALYST,337,2026-08-07T19:19:58+02:00,2026-08-07,2026-08-07,2026-08-07T09:30:00-04:00
51,77,GD,CATALYST,350,2026-08-07T19:58:00+02:00,2026-08-07,2026-08-07,2026-08-07T09:30:00-04:00
52,78,GE,CATALYST,355,2026-08-07T17:08:40+02:00,2026-08-07,2026-08-07,2026-08-07T09:30:00-04:00
54,82,GOLD,CATALYST,368,2026-08-06T15:30:04+02:00,2026-08-06,2026-08-06,2026-08-06T09:30:00-04:00
55,85,HAS,CATALYST,369,2026-08-07T18:15:00+02:00,2026-08-07,2026-08-07,2026-08-07T09:30:00-04:00
56,86,HASI,CATALYST,370,2026-08-07T20:16:32+02:00,2026-08-07,2026-08-07,2026-08-07T09:30:00-04:00
61,93,HUM,CATALYST,392,2026-08-07T17:51:00+02:00,2026-08-07,2026-08-07,2026-08-07T09:30:00-04:00
62,94,HWM,CATALYST,395,2026-08-07T18:45:59+02:00,2026-08-07,2026-08-07,2026-08-07T09:30:00-04:00
63,96,INCY,CATALYST,408,2026-08-06T17:21:00+02:00,2026-08-06,2026-08-06,2026-08-06T09:30:00-04:00
65,100,ITT,CATALYST,411,2026-08-07T17:21:00+02:00,2026-08-07,2026-08-07,2026-08-07T09:30:00-04:00
66,101,JAZZ,CATALYST,420,2026-08-06T17:40:03+02:00,2026-08-06,2026-08-06,2026-08-06T09:30:00-04:00
67,102,JNJ,CATALYST,423,2026-08-07T21:10:35+02:00,2026-08-07,2026-08-07,2026-08-07T09:30:00-04:00
68,103,JPM,CATALYST,440,2026-08-07T17:04:41+02:00,2026-08-07,2026-08-07,2026-08-07T09:30:00-04:00
69,104,KEYS,CATALYST,478,2026-08-07T16:28:00+02:00,2026-08-07,2026-08-07,2026-08-07T09:30:00-04:00
70,108,LECO,CATALYST,487,2026-08-07T17:40:02+02:00,2026-08-07,2026-08-07,2026-08-07T09:30:00-04:00
72,110,LITE,CATALYST,495,2026-08-07T21:09:41+02:00,2026-08-07,2026-08-07,2026-08-07T09:30:00-04:00
73,111,LLY,CATALYST,527,2026-08-07T21:52:31+02:00,2026-08-07,2026-08-07,2026-08-07T09:30:00-04:00
75,113,MAMA,CATALYST,556,2026-08-07T20:22:00+02:00,2026-08-07,2026-08-07,2026-08-07T09:30:00-04:00
77,115,MET,CATALYST,562,2026-08-07T18:48:00+02:00,2026-08-07,2026-08-07,2026-08-07T09:30:00-04:00
80,121,MS,CATALYST,578,2026-08-07T21:30:33+02:00,2026-08-07,2026-08-07,2026-08-07T09:30:00-04:00
83,126,NLY,CATALYST,587,2026-08-07T18:55:00+02:00,2026-08-07,2026-08-07,2026-08-07T09:30:00-04:00
84,127,NPK,CATALYST,589,2026-08-07T20:06:00+02:00,2026-08-07,2026-08-07,2026-08-07T09:30:00-04:00
85,128,NVDA,CATALYST,631,2026-08-07T21:49:27+02:00,2026-08-07,2026-08-07,2026-08-07T09:30:00-04:00
86,129,NVST,CATALYST,638,2026-08-07T17:40:02+02:00,2026-08-07,2026-08-07,2026-08-07T09:30:00-04:00
87,130,NVT,CATALYST,641,2026-08-07T16:57:00+02:00,2026-08-07,2026-08-07,2026-08-07T09:30:00-04:00
90,135,ONTO,CATALYST,646,2026-08-07T18:55:00+02:00,2026-08-07,2026-08-07,2026-08-07T09:30:00-04:00
91,136,OPY,CATALYST,657,2026-08-06T20:36:50+02:00,2026-08-06,2026-08-06,2026-08-06T09:30:00-04:00
92,137,ORI,CATALYST,658,2026-08-06T19:00:00+02:00,2026-08-06,2026-08-06,2026-08-06T09:30:00-04:00
93,138,PEN,CATALYST,659,2026-08-06T20:16:00+02:00,2026-08-06,2026-08-06,2026-08-06T09:30:00-04:00
94,139,PFGC,CATALYST,661,2026-08-07T21:12:01+02:00,2026-08-07,2026-08-07,2026-08-07T09:30:00-04:00
96,144,PRU,CATALYST,664,2026-08-06T19:35:00+02:00,2026-08-06,2026-08-06,2026-08-06T09:30:00-04:00
97,145,PSX,CATALYST,668,2026-08-07T15:45:00+02:00,2026-08-07,2026-08-07,2026-08-07T09:30:00-04:00
100,148,RGA,CATALYST,684,2026-08-07T20:15:00+02:00,2026-08-07,2026-08-07,2026-08-07T09:30:00-04:00
101,149,RL,CATALYST,696,2026-08-07T21:44:15+02:00,2026-08-07,2026-08-07,2026-08-07T09:30:00-04:00
102,150,ROAD,CATALYST,706,2026-08-07T18:04:23+02:00,2026-08-07,2026-08-07,2026-08-07T09:30:00-04:00
104,153,SCHW,CATALYST,714,2026-08-07T21:21:00+02:00,2026-08-07,2026-08-07,2026-08-07T09:30:00-04:00
105,155,SHC,CATALYST,717,2026-08-07T20:10:48+02:00,2026-08-07,2026-08-07,2026-08-07T09:30:00-04:00
106,158,SON,CATALYST,721,2026-08-07T16:20:23+02:00,2026-08-07,2026-08-07,2026-08-07T09:30:00-04:00
107,160,SXI,CATALYST,722,2026-08-06T16:17:55+02:00,2026-08-06,2026-08-06,2026-08-06T09:30:00-04:00
109,164,TEX,CATALYST,727,2026-08-07T18:43:00+02:00,2026-08-07,2026-08-07,2026-08-07T09:30:00-04:00
112,171,UAL,CATALYST,747,2026-08-07T20:08:00+02:00,2026-08-07,2026-08-07,2026-08-07T09:30:00-04:00
115,174,VLO,CATALYST,758,2026-08-07T15:55:00+02:00,2026-08-07,2026-08-07,2026-08-07T09:30:00-04:00
117,183,WES,CATALYST,771,2026-08-07T20:00:01+02:00,2026-08-07,2026-08-07,2026-08-07T09:30:00-04:00
118,185,WST,CATALYST,775,2026-08-07T20:35:00+02:00,2026-08-07,2026-08-07,2026-08-07T09:30:00-04:00
120,187,XOM,CATALYST,781,2026-08-07T19:13:32+02:00,2026-08-07,2026-08-07,2026-08-07T09:30:00-04:00
121,193,ABT,CATALYST,801,2026-08-07T17:40:02+02:00,2026-08-07,2026-08-07,2026-08-07T09:30:00-04:00
123,197,AIT,CATALYST,810,2026-08-07T19:33:00+02:00,2026-08-07,2026-08-07,2026-08-07T09:30:00-04:00
124,200,ALV,CATALYST,812,2026-08-07T21:00:38+02:00,2026-08-07,2026-08-07,2026-08-07T09:30:00-04:00
126,202,AME,CATALYST,816,2026-08-07T16:32:00+02:00,2026-08-07,2026-08-07,2026-08-07T09:30:00-04:00
128,204,AMRX,CATALYST,819,2026-08-07T18:00:05+02:00,2026-08-07,2026-08-07,2026-08-07T09:30:00-04:00
129,206,APA,CATALYST,830,2026-08-07T21:00:01+02:00,2026-08-07,2026-08-07,2026-08-07T09:30:00-04:00
130,208,APD,CATALYST,832,2026-08-07T17:40:03+02:00,2026-08-07,2026-08-07,2026-08-07T09:30:00-04:00
131,209,APO,CATALYST,833,2026-08-07T21:59:23+02:00,2026-08-07,2026-08-07,2026-08-07T09:30:00-04:00
132,211,AS,CATALYST,836,2026-08-07T18:10:02+02:00,2026-08-07,2026-08-07,2026-08-07T09:30:00-04:00
135,217,AWK,CATALYST,846,2026-08-07T18:12:00+02:00,2026-08-07,2026-08-07,2026-08-07T09:30:00-04:00
136,219,BA,CATALYST,850,2026-08-07T21:00:07+02:00,2026-08-07,2026-08-07,2026-08-07T09:30:00-04:00
137,221,BAM,CATALYST,857,2026-08-07T17:40:04+02:00,2026-08-07,2026-08-07,2026-08-07T09:30:00-04:00
138,223,BAX,CATALYST,862,2026-08-07T17:14:43+02:00,2026-08-07,2026-08-07,2026-08-07T09:30:00-04:00
140,227,BCC,CATALYST,865,2026-08-07T18:16:00+02:00,2026-08-07,2026-08-07,2026-08-07T09:30:00-04:00
141,229,BIIB,CATALYST,868,2026-08-07T20:31:00+02:00,2026-08-07,2026-08-07,2026-08-07T09:30:00-04:00
144,234,BKR,CATALYST,874,2026-08-07T19:46:24+02:00,2026-08-07,2026-08-07,2026-08-07T09:30:00-04:00
145,235,BLK,CATALYST,879,2026-08-07T19:49:43+02:00,2026-08-07,2026-08-07,2026-08-07T09:30:00-04:00
146,237,BMRN,CATALYST,887,2026-08-07T17:50:00+02:00,2026-08-07,2026-08-07,2026-08-07T09:30:00-04:00
147,238,BMY,CATALYST,894,2026-08-07T21:00:38+02:00,2026-08-07,2026-08-07,2026-08-07T09:30:00-04:00
149,243,BWA,CATALYST,904,2026-08-07T19:19:05+02:00,2026-08-07,2026-08-07,2026-08-07T09:30:00-04:00
150,244,BX,CATALYST,909,2026-08-07T18:05:00+02:00,2026-08-07,2026-08-07,2026-08-07T09:30:00-04:00
151,245,BXP,CATALYST,912,2026-08-07T20:26:00+02:00,2026-08-07,2026-08-07,2026-08-07T09:30:00-04:00
152,246,BZH,CATALYST,915,2026-08-07T19:55:36+02:00,2026-08-07,2026-08-07,2026-08-07T09:30:00-04:00
153,247,CAH,CATALYST,923,2026-08-07T21:00:38+02:00,2026-08-07,2026-08-07,2026-08-07T09:30:00-04:00
155,249,CART,CATALYST,936,2026-08-07T19:19:58+02:00,2026-08-07,2026-08-07,2026-08-07T09:30:00-04:00
157,251,CBRL,CATALYST,942,2026-08-07T18:29:00+02:00,2026-08-07,2026-08-07,2026-08-07T09:30:00-04:00
158,256,CHEF,CATALYST,946,2026-08-07T19:52:00+02:00,2026-08-07,2026-08-07,2026-08-07T09:30:00-04:00
159,258,CLH,CATALYST,950,2026-08-07T17:58:00+02:00,2026-08-07,2026-08-07,2026-08-07T09:30:00-04:00
160,260,CNC,CATALYST,952,2026-08-07T19:58:00+02:00,2026-08-07,2026-08-07,2026-08-07T09:30:00-04:00
161,262,CNO,CATALYST,953,2026-08-07T18:23:00+02:00,2026-08-07,2026-08-07,2026-08-07T09:30:00-04:00
162,263,COF,CATALYST,955,2026-08-07T20:03:00+02:00,2026-08-07,2026-08-07,2026-08-07T09:30:00-04:00
163,265,COO,CATALYST,957,2026-08-07T20:35:00+02:00,2026-08-07,2026-08-07,2026-08-07T09:30:00-04:00
165,269,CRWD,CATALYST,967,2026-08-07T19:19:58+02:00,2026-08-07,2026-08-07,2026-08-07T09:30:00-04:00
166,270,CSL,CATALYST,976,2026-08-07T17:27:00+02:00,2026-08-07,2026-08-07,2026-08-07T09:30:00-04:00
167,271,CTAS,CATALYST,979,2026-08-07T17:16:18+02:00,2026-08-07,2026-08-07,2026-08-07T09:30:00-04:00
168,273,CWT,CATALYST,981,2026-08-07T18:12:00+02:00,2026-08-07,2026-08-07,2026-08-07T09:30:00-04:00
170,279,DE,CATALYST,987,2026-08-07T20:30:05+02:00,2026-08-07,2026-08-07,2026-08-07T09:30:00-04:00
172,281,DHR,CATALYST,989,2026-08-07T16:49:00+02:00,2026-08-07,2026-08-07,2026-08-07T09:30:00-04:00
174,284,DNLI,CATALYST,1000,2026-08-07T20:31:00+02:00,2026-08-07,2026-08-07,2026-08-07T09:30:00-04:00
175,287,DV,CATALYST,1001,2026-08-07T18:45:38+02:00,2026-08-07,2026-08-07,2026-08-07T09:30:00-04:00
176,289,ECL,CATALYST,1008,2026-08-07T18:01:59+02:00,2026-08-07,2026-08-07,2026-08-07T09:30:00-04:00
177,291,ECPG,CATALYST,1009,2026-08-07T15:40:02+02:00,2026-08-07,2026-08-07,2026-08-07T09:30:00-04:00
178,294,EMN,CATALYST,1012,2026-08-07T18:01:59+02:00,2026-08-07,2026-08-07,2026-08-07T09:30:00-04:00
179,296,ENVA,CATALYST,1013,2026-08-07T20:03:00+02:00,2026-08-07,2026-08-07,2026-08-07T09:30:00-04:00
181,300,ETSY,CATALYST,1019,2026-08-07T16:58:21+02:00,2026-08-07,2026-08-07,2026-08-07T09:30:00-04:00
183,307,FDS,CATALYST,1023,2026-08-07T20:26:00+02:00,2026-08-07,2026-08-07,2026-08-07T09:30:00-04:00
185,311,FOX,CATALYST,1029,2026-08-07T17:37:00+02:00,2026-08-07,2026-08-07,2026-08-07T09:30:00-04:00
186,312,FSS,CATALYST,1031,2026-08-07T15:40:01+02:00,2026-08-07,2026-08-07,2026-08-07T09:30:00-04:00
188,314,FUL,CATALYST,1035,2026-08-07T17:40:03+02:00,2026-08-07,2026-08-07,2026-08-07T09:30:00-04:00
189,315,GEN,CATALYST,1036,2026-08-07T18:03:00+02:00,2026-08-07,2026-08-07,2026-08-07T09:30:00-04:00
190,316,GGG,CATALYST,1040,2026-08-07T17:27:00+02:00,2026-08-07,2026-08-07,2026-08-07T09:30:00-04:00
191,317,GILD,CATALYST,1043,2026-08-07T17:39:57+02:00,2026-08-07,2026-08-07,2026-08-07T09:30:00-04:00
192,318,GL,CATALYST,1045,2026-08-07T16:48:00+02:00,2026-08-07,2026-08-07,2026-08-07T09:30:00-04:00
194,320,GM,CATALYST,1052,2026-08-07T21:00:38+02:00,2026-08-07,2026-08-07,2026-08-07T09:30:00-04:00
195,321,GPC,CATALYST,1057,2026-08-07T16:51:00+02:00,2026-08-07,2026-08-07,2026-08-07T09:30:00-04:00
196,322,GPN,CATALYST,1060,2026-08-07T20:18:03+02:00,2026-08-07,2026-08-07,2026-08-07T09:30:00-04:00
197,325,HD,CATALYST,1064,2026-08-07T19:06:00+02:00,2026-08-07,2026-08-07,2026-08-07T09:30:00-04:00
198,326,HIG,CATALYST,1067,2026-08-07T18:48:00+02:00,2026-08-07,2026-08-07,2026-08-07T09:30:00-04:00
200,329,HP,CATALYST,1071,2026-08-07T20:30:02+02:00,2026-08-07,2026-08-07,2026-08-07T09:30:00-04:00
201,331,HRB,CATALYST,1072,2026-08-07T15:32:00+02:00,2026-08-07,2026-08-07,2026-08-07T09:30:00-04:00
202,332,HRMY,CATALYST,1074,2026-08-07T19:27:00+02:00,2026-08-07,2026-08-07,2026-08-07T09:30:00-04:00
203,334,HTGC,CATALYST,1084,2026-08-07T20:01:00+02:00,2026-08-07,2026-08-07,2026-08-07T09:30:00-04:00
205,336,HUBG,CATALYST,1087,2026-08-07T21:05:00+02:00,2026-08-07,2026-08-07,2026-08-07T09:30:00-04:00
206,339,IEX,CATALYST,1091,2026-08-07T17:34:00+02:00,2026-08-07,2026-08-07,2026-08-07T09:30:00-04:00
207,340,IFF,CATALYST,1093,2026-08-07T18:01:21+02:00,2026-08-07,2026-08-07,2026-08-07T09:30:00-04:00
209,351,ITW,CATALYST,1096,2026-08-07T19:26:00+02:00,2026-08-07,2026-08-07,2026-08-07T09:30:00-04:00
211,355,JEF,CATALYST,1103,2026-08-07T21:10:00+02:00,2026-08-07,2026-08-07,2026-08-07T09:30:00-04:00
213,360,KBH,CATALYST,1120,2026-08-07T19:55:36+02:00,2026-08-07,2026-08-07,2026-08-07T09:30:00-04:00
215,364,KO,CATALYST,1126,2026-08-07T19:22:04+02:00,2026-08-07,2026-08-07,2026-08-07T09:30:00-04:00
216,367,LAMR,CATALYST,1134,2026-08-07T20:24:00+02:00,2026-08-07,2026-08-07,2026-08-07T09:30:00-04:00
217,368,LMT,CATALYST,1150,2026-08-07T20:11:43+02:00,2026-08-07,2026-08-07,2026-08-07T09:30:00-04:00
218,369,LNC,CATALYST,1153,2026-08-07T20:15:00+02:00,2026-08-07,2026-08-07,2026-08-07T09:30:00-04:00
220,372,LYFT,CATALYST,1162,2026-08-07T20:05:00+02:00,2026-08-07,2026-08-07,2026-08-07T09:30:00-04:00
221,374,MA,CATALYST,1171,2026-08-07T21:09:36+02:00,2026-08-07,2026-08-07,2026-08-07T09:30:00-04:00
222,376,MCK,CATALYST,1176,2026-08-07T20:20:00+02:00,2026-08-07,2026-08-07,2026-08-07T09:30:00-04:00
223,377,MD,CATALYST,1181,2026-08-07T17:47:00+02:00,2026-08-07,2026-08-07,2026-08-07T09:30:00-04:00
224,379,MEDP,CATALYST,1183,2026-08-07T17:17:00+02:00,2026-08-07,2026-08-07,2026-08-07T09:30:00-04:00
225,383,MMM,CATALYST,1187,2026-08-07T17:27:00+02:00,2026-08-07,2026-08-07,2026-08-07T09:30:00-04:00
226,385,MPLX,CATALYST,1189,2026-08-07T15:55:00+02:00,2026-08-07,2026-08-07,2026-08-07T09:30:00-04:00
227,386,MRK,CATALYST,1191,2026-08-07T15:52:00+02:00,2026-08-07,2026-08-07,2026-08-07T09:30:00-04:00
228,390,MTH,CATALYST,1197,2026-08-07T19:55:36+02:00,2026-08-07,2026-08-07,2026-08-07T09:30:00-04:00
229,392,MWA,CATALYST,1200,2026-08-07T16:34:00+02:00,2026-08-07,2026-08-07,2026-08-07T09:30:00-04:00
230,396,NGVT,CATALYST,1201,2026-08-07T15:40:03+02:00,2026-08-07,2026-08-07,2026-08-07T09:30:00-04:00
232,400,NTAP,CATALYST,1204,2026-08-07T17:11:55+02:00,2026-08-07,2026-08-07,2026-08-07T09:30:00-04:00
235,406,ORLY,CATALYST,1249,2026-08-07T16:12:56+02:00,2026-08-07,2026-08-07,2026-08-07T09:30:00-04:00
237,409,OXY,CATALYST,1252,2026-08-07T16:00:00+02:00,2026-08-07,2026-08-07,2026-08-07T09:30:00-04:00
238,411,PANW,CATALYST,1259,2026-08-07T20:22:23+02:00,2026-08-07,2026-08-07,2026-08-07T09:30:00-04:00
240,418,PINS,CATALYST,1273,2026-08-07T19:30:58+02:00,2026-08-07,2026-08-07,2026-08-07T09:30:00-04:00
241,421,PPG,CATALYST,1274,2026-08-07T17:28:42+02:00,2026-08-07,2026-08-07,2026-08-07T09:30:00-04:00
243,424,PSA,CATALYST,1276,2026-08-07T18:01:59+02:00,2026-08-07,2026-08-07,2026-08-07T09:30:00-04:00
244,425,PTGX,CATALYST,1279,2026-08-07T18:20:02+02:00,2026-08-07,2026-08-07,2026-08-07T09:30:00-04:00
246,427,QRVO,CATALYST,1288,2026-08-07T16:42:50+02:00,2026-08-07,2026-08-07,2026-08-07T09:30:00-04:00
249,441,RYN,CATALYST,1292,2026-08-07T18:09:00+02:00,2026-08-07,2026-08-07,2026-08-07T09:30:00-04:00
251,444,SARO,CATALYST,1294,2026-08-07T19:30:03+02:00,2026-08-07,2026-08-07,2026-08-07T09:30:00-04:00
252,446,SBUX,CATALYST,1298,2026-08-07T20:37:07+02:00,2026-08-07,2026-08-07,2026-08-07T09:30:00-04:00
253,448,SDRL,CATALYST,1299,2026-08-07T17:16:00+02:00,2026-08-07,2026-08-07,2026-08-07T09:30:00-04:00
254,449,SE,CATALYST,1301,2026-08-07T21:00:38+02:00,2026-08-07,2026-08-07,2026-08-07T09:30:00-04:00
255,456,SKWD,CATALYST,1306,2026-08-07T17:11:55+02:00,2026-08-07,2026-08-07,2026-08-07T09:30:00-04:00
256,458,SLB,CATALYST,1308,2026-08-07T19:44:00+02:00,2026-08-07,2026-08-07,2026-08-07T09:30:00-04:00
257,464,SPB,CATALYST,1309,2026-08-07T17:39:00+02:00,2026-08-07,2026-08-07,2026-08-07T09:30:00-04:00
258,468,STRA,CATALYST,1316,2026-08-07T17:31:00+02:00,2026-08-07,2026-08-07,2026-08-07T09:30:00-04:00
260,472,SYF,CATALYST,1319,2026-08-07T16:16:23+02:00,2026-08-07,2026-08-07,2026-08-07T09:30:00-04:00
261,473,SYY,CATALYST,1322,2026-08-07T17:14:43+02:00,2026-08-07,2026-08-07,2026-08-07T09:30:00-04:00
263,476,TGT,CATALYST,1325,2026-08-07T21:00:38+02:00,2026-08-07,2026-08-07,2026-08-07T09:30:00-04:00
265,479,TOL,CATALYST,1332,2026-08-07T16:30:00+02:00,2026-08-07,2026-08-07,2026-08-07T09:30:00-04:00
266,482,TT,CATALYST,1335,2026-08-07T19:42:00+02:00,2026-08-07,2026-08-07,2026-08-07T09:30:00-04:00
267,485,TTWO,CATALYST,1340,2026-08-07T21:01:41+02:00,2026-08-07,2026-08-07,2026-08-07T09:30:00-04:00
268,170,TXRH,CATALYST,1356,2026-08-07T21:04:19+02:00,2026-08-07,2026-08-07,2026-08-07T09:30:00-04:00
270,488,URBN,CATALYST,1359,2026-08-07T19:09:00+02:00,2026-08-07,2026-08-07,2026-08-07T09:30:00-04:00
271,489,URI,CATALYST,1362,2026-08-07T16:26:00+02:00,2026-08-07,2026-08-07,2026-08-07T09:30:00-04:00
272,490,USPH,CATALYST,1365,2026-08-07T16:05:57+02:00,2026-08-07,2026-08-07,2026-08-07T09:30:00-04:00
273,491,V,CATALYST,1368,2026-08-07T20:18:03+02:00,2026-08-07,2026-08-07,2026-08-07T09:30:00-04:00
274,493,VOYA,CATALYST,1374,2026-08-07T21:59:23+02:00,2026-08-07,2026-08-07,2026-08-07T09:30:00-04:00
275,175,VRTX,CATALYST,1380,2026-08-07T20:20:00+02:00,2026-08-07,2026-08-07,2026-08-07T09:30:00-04:00
278,498,WEX,CATALYST,1390,2026-08-07T15:55:02+02:00,2026-08-07,2026-08-07,2026-08-07T09:30:00-04:00
279,499,WFC,CATALYST,1394,2026-08-07T21:21:00+02:00,2026-08-07,2026-08-07,2026-08-07T09:30:00-04:00
280,503,WTRG,CATALYST,1397,2026-08-07T18:12:00+02:00,2026-08-07,2026-08-07,2026-08-07T09:30:00-04:00
281,504,WY,CATALYST,1401,2026-08-07T18:16:00+02:00,2026-08-07,2026-08-07,2026-08-07T09:30:00-04:00
285,3,AFL,CATALYST,8,2026-08-07T21:01:57+02:00,2026-08-07,2026-08-07,2026-08-07T09:30:00-04:00
286,4,AGNC,CATALYST,18,2026-08-07T18:55:00+02:00,2026-08-07,2026-08-07,2026-08-07T09:30:00-04:00
287,10,AMZN,CATALYST,1413,2026-08-07T21:29:03+02:00,2026-08-07,2026-08-07,2026-08-07T09:30:00-04:00
425,9,AMG,CATALYST,1435,2026-08-10T18:14:57+02:00,2026-08-10,2026-08-10,2026-08-10T09:30:00-04:00
426,13,APH,CATALYST,1438,2026-08-10T16:43:00+02:00,2026-08-10,2026-08-10,2026-08-10T09:30:00-04:00
427,18,AVAH,CATALYST,1440,2026-08-10T17:27:00+02:00,2026-08-10,2026-08-10,2026-08-10T09:30:00-04:00
429,20,AVT,CATALYST,1467,2026-08-10T18:20:02+02:00,2026-08-10,2026-08-10,2026-08-10T09:30:00-04:00
430,21,AWR,CATALYST,1472,2026-08-10T19:34:13+02:00,2026-08-10,2026-08-10,2026-08-10T09:30:00-04:00
431,24,BEN,CATALYST,1473,2026-08-10T19:39:00+02:00,2026-08-10,2026-08-10,2026-08-10T09:30:00-04:00
432,27,BURL,CATALYST,1475,2026-08-10T18:10:01+02:00,2026-08-10,2026-08-10,2026-08-10T09:30:00-04:00
433,33,CCK,CATALYST,1477,2026-08-10T16:34:00+02:00,2026-08-10,2026-08-10,2026-08-10T09:30:00-04:00
434,514,CF,CATALYST,1478,2026-08-10T18:23:33+02:00,2026-08-10,2026-08-10,2026-08-10T09:30:00-04:00
435,35,CHRD,CATALYST,1480,2026-08-10T15:46:00+02:00,2026-08-10,2026-08-10,2026-08-10T09:30:00-04:00
436,36,CLBK,CATALYST,1481,2026-08-10T19:49:22+02:00,2026-08-10,2026-08-10,2026-08-10T09:30:00-04:00
440,46,CR,CATALYST,1490,2026-08-10T15:55:05+02:00,2026-08-10,2026-08-10,2026-08-10T09:30:00-04:00
446,56,DHT,CATALYST,1553,2026-08-10T17:33:22+02:00,2026-08-10,2026-08-10,2026-08-10T09:30:00-04:00
450,61,EME,CATALYST,1563,2026-08-10T19:35:00+02:00,2026-08-10,2026-08-10,2026-08-10T09:30:00-04:00
451,62,ENSG,CATALYST,1565,2026-08-10T17:27:00+02:00,2026-08-10,2026-08-10,2026-08-10T09:30:00-04:00
453,65,ETN,CATALYST,1568,2026-08-10T16:31:30+02:00,2026-08-10,2026-08-10,2026-08-10T09:30:00-04:00
458,77,GD,CATALYST,1584,2026-08-10T17:40:04+02:00,2026-08-10,2026-08-10,2026-08-10T09:30:00-04:00
459,78,GE,CATALYST,1589,2026-08-10T19:17:22+02:00,2026-08-10,2026-08-10,2026-08-10T09:30:00-04:00
460,79,GEO,CATALYST,1592,2026-08-10T19:04:35+02:00,2026-08-10,2026-08-10,2026-08-10T09:30:00-04:00
464,85,HAS,CATALYST,1647,2026-08-10T17:10:00+02:00,2026-08-10,2026-08-10,2026-08-10T09:30:00-04:00
466,88,HCI,CATALYST,1651,2026-08-10T19:57:22+02:00,2026-08-10,2026-08-10,2026-08-10T09:30:00-04:00
467,89,HEI,CATALYST,1652,2026-08-10T16:53:00+02:00,2026-08-10,2026-08-10,2026-08-10T09:30:00-04:00
468,332,HRMY,CATALYST,1655,2026-08-10T17:27:00+02:00,2026-08-10,2026-08-10,2026-08-10T09:30:00-04:00
470,93,HUM,CATALYST,1658,2026-08-10T20:15:00+02:00,2026-08-10,2026-08-10,2026-08-10T09:30:00-04:00
472,97,INSW,CATALYST,1665,2026-08-10T20:25:59+02:00,2026-08-10,2026-08-10,2026-08-10T09:30:00-04:00
474,101,JAZZ,CATALYST,1673,2026-08-10T19:00:00+02:00,2026-08-10,2026-08-10,2026-08-10T09:30:00-04:00
477,104,KEYS,CATALYST,1721,2026-08-10T20:45:22+02:00,2026-08-10,2026-08-10,2026-08-10T09:30:00-04:00
478,108,LECO,CATALYST,1725,2026-08-10T20:25:59+02:00,2026-08-10,2026-08-10,2026-08-10T09:30:00-04:00
484,129,NVST,CATALYST,1800,2026-08-10T21:00:00+02:00,2026-08-10,2026-08-10,2026-08-10T09:30:00-04:00
485,130,NVT,CATALYST,1804,2026-08-10T16:13:00+02:00,2026-08-10,2026-08-10,2026-08-10T09:30:00-04:00
488,138,PEN,CATALYST,1807,2026-08-10T17:40:05+02:00,2026-08-10,2026-08-10,2026-08-10T09:30:00-04:00
493,155,SHC,CATALYST,1817,2026-08-10T18:02:55+02:00,2026-08-10,2026-08-10,2026-08-10T09:30:00-04:00
494,456,SKWD,CATALYST,1818,2026-08-10T16:38:00+02:00,2026-08-10,2026-08-10,2026-08-10T09:30:00-04:00
495,158,SON,CATALYST,1820,2026-08-10T16:34:00+02:00,2026-08-10,2026-08-10,2026-08-10T09:30:00-04:00
498,167,TJX,CATALYST,1825,2026-08-10T16:32:00+02:00,2026-08-10,2026-08-10,2026-08-10T09:30:00-04:00
499,168,TNK,CATALYST,1827,2026-08-10T18:59:00+02:00,2026-08-10,2026-08-10,2026-08-10T09:30:00-04:00
500,170,TXRH,CATALYST,1828,2026-08-10T16:37:22+02:00,2026-08-10,2026-08-10,2026-08-10T09:30:00-04:00
502,173,VIK,CATALYST,1832,2026-08-10T18:11:00+02:00,2026-08-10,2026-08-10,2026-08-10T09:30:00-04:00
504,179,WAB,CATALYST,1838,2026-08-10T18:50:00+02:00,2026-08-10,2026-08-10,2026-08-10T09:30:00-04:00
508,185,WST,CATALYST,1845,2026-08-10T18:54:00+02:00,2026-08-10,2026-08-10,2026-08-10T09:30:00-04:00
736,191,AAMI,CATALYST,1863,2026-08-10T20:02:49+02:00,2026-08-10,2026-08-10,2026-08-10T09:30:00-04:00
738,193,ABT,CATALYST,1867,2026-08-11T19:41:10+02:00,2026-08-11,2026-08-11,2026-08-11T09:30:00-04:00
742,6,AIR,CATALYST,1878,2026-08-10T18:00:05+02:00,2026-08-10,2026-08-10,2026-08-10T09:30:00-04:00
744,199,ALL,CATALYST,1885,2026-08-11T19:01:00+02:00,2026-08-11,2026-08-11,2026-08-11T09:30:00-04:00
745,537,ALRM,CATALYST,1888,2026-08-11T17:40:03+02:00,2026-08-11,2026-08-11,2026-08-11T09:30:00-04:00
746,201,AMCR,CATALYST,1892,2026-08-10T16:34:00+02:00,2026-08-10,2026-08-10,2026-08-10T09:30:00-04:00
748,203,AMP,CATALYST,1898,2026-08-11T17:23:00+02:00,2026-08-11,2026-08-11,2026-08-11T09:30:00-04:00
749,10,AMZN,CATALYST,1901,2026-08-11T21:25:00+02:00,2026-08-11,2026-08-11,2026-08-11T09:30:00-04:00
750,206,APA,CATALYST,1950,2026-08-11T17:44:35+02:00,2026-08-11,2026-08-11,2026-08-11T09:30:00-04:00
751,13,APH,CATALYST,1955,2026-08-11T17:24:00+02:00,2026-08-11,2026-08-11,2026-08-11T09:30:00-04:00
752,209,APO,CATALYST,1961,2026-08-11T20:35:00+02:00,2026-08-11,2026-08-11,2026-08-11T09:30:00-04:00
756,19,AVGO,CATALYST,1999,2026-08-11T19:50:31+02:00,2026-08-11,2026-08-11,2026-08-11T09:30:00-04:00
757,20,AVT,CATALYST,2012,2026-08-11T18:28:03+02:00,2026-08-11,2026-08-11,2026-08-11T09:30:00-04:00
759,217,AWK,CATALYST,2018,2026-08-11T19:33:00+02:00,2026-08-11,2026-08-11,2026-08-11T09:30:00-04:00
760,21,AWR,CATALYST,2020,2026-08-11T19:33:00+02:00,2026-08-11,2026-08-11,2026-08-11T09:30:00-04:00
761,540,AXTA,CATALYST,2022,2026-08-10T17:40:05+02:00,2026-08-10,2026-08-10,2026-08-10T09:30:00-04:00
762,219,BA,CATALYST,2026,2026-08-11T21:03:08+02:00,2026-08-11,2026-08-11,2026-08-11T09:30:00-04:00
763,221,BAM,CATALYST,2068,2026-08-11T20:35:00+02:00,2026-08-11,2026-08-11,2026-08-11T09:30:00-04:00
764,222,BANR,CATALYST,2102,2026-08-10T22:00:00+02:00,2026-08-10,2026-08-10,2026-08-10T09:30:00-04:00
765,224,BBIO,CATALYST,2105,2026-08-11T18:45:00+02:00,2026-08-11,2026-08-11,2026-08-11T09:30:00-04:00
767,228,BFH,CATALYST,2110,2026-08-10T18:14:57+02:00,2026-08-10,2026-08-10,2026-08-10T09:30:00-04:00
769,231,BJ,CATALYST,2112,2026-08-11T19:00:22+02:00,2026-08-11,2026-08-11,2026-08-11T09:30:00-04:00
770,232,BJRI,CATALYST,2114,2026-08-10T18:37:26+02:00,2026-08-10,2026-08-10,2026-08-10T09:30:00-04:00
771,234,BKR,CATALYST,2116,2026-08-11T19:49:42+02:00,2026-08-11,2026-08-11,2026-08-11T09:30:00-04:00
772,235,BLK,CATALYST,2129,2026-08-11T20:35:00+02:00,2026-08-11,2026-08-11,2026-08-11T09:30:00-04:00
773,238,BMY,CATALYST,2174,2026-08-11T21:34:45+02:00,2026-08-11,2026-08-11,2026-08-11T09:30:00-04:00
774,240,BOX,CATALYST,2188,2026-08-10T16:05:22+02:00,2026-08-10,2026-08-10,2026-08-10T09:30:00-04:00
776,244,BX,CATALYST,2194,2026-08-11T20:35:00+02:00,2026-08-11,2026-08-11,2026-08-11T09:30:00-04:00
777,247,CAH,CATALYST,2224,2026-08-11T21:27:44+02:00,2026-08-11,2026-08-11,2026-08-11T09:30:00-04:00
779,251,CBRL,CATALYST,2256,2026-08-10T18:45:00+02:00,2026-08-10,2026-08-10,2026-08-10T09:30:00-04:00
780,253,CFG,CATALYST,2258,2026-08-11T16:05:00+02:00,2026-08-11,2026-08-11,2026-08-11T09:30:00-04:00
781,255,CHD,CATALYST,2259,2026-08-10T16:21:22+02:00,2026-08-10,2026-08-10,2026-08-10T09:30:00-04:00
783,258,CLH,CATALYST,2266,2026-08-10T17:05:00+02:00,2026-08-10,2026-08-10,2026-08-10T09:30:00-04:00
785,260,CNC,CATALYST,2270,2026-08-11T20:09:00+02:00,2026-08-11,2026-08-11,2026-08-11T09:30:00-04:00
786,262,CNO,CATALYST,2273,2026-08-10T18:45:22+02:00,2026-08-10,2026-08-10,2026-08-10T09:30:00-04:00
787,263,COF,CATALYST,2277,2026-08-11T16:51:00+02:00,2026-08-11,2026-08-11,2026-08-11T09:30:00-04:00
788,264,CON,CATALYST,2291,2026-08-11T16:14:38+02:00,2026-08-11,2026-08-11,2026-08-11T09:30:00-04:00
789,265,COO,CATALYST,2296,2026-08-11T18:21:00+02:00,2026-08-11,2026-08-11,2026-08-11T09:30:00-04:00
791,267,CRGY,CATALYST,2301,2026-08-10T16:42:00+02:00,2026-08-10,2026-08-10,2026-08-10T09:30:00-04:00
792,268,CROX,CATALYST,2303,2026-08-10T19:25:00+02:00,2026-08-10,2026-08-10,2026-08-10T09:30:00-04:00
793,48,CSCO,CATALYST,2308,2026-08-11T19:46:00+02:00,2026-08-11,2026-08-11,2026-08-11T09:30:00-04:00
794,270,CSL,CATALYST,2323,2026-08-10T19:23:00+02:00,2026-08-10,2026-08-10,2026-08-10T09:30:00-04:00
796,516,CVX,CATALYST,2327,2026-08-11T21:25:00+02:00,2026-08-11,2026-08-11,2026-08-11T09:30:00-04:00
798,544,DAR,CATALYST,2340,2026-08-11T19:38:00+02:00,2026-08-11,2026-08-11,2026-08-11T09:30:00-04:00
799,545,DASH,CATALYST,2342,2026-08-11T19:05:31+02:00,2026-08-11,2026-08-11,2026-08-11T09:30:00-04:00
800,276,DCO,CATALYST,2349,2026-08-10T19:25:22+02:00,2026-08-10,2026-08-10,2026-08-10T09:30:00-04:00
801,278,DDS,CATALYST,2350,2026-08-10T17:22:00+02:00,2026-08-10,2026-08-10,2026-08-10T09:30:00-04:00
803,518,DINO,CATALYST,2354,2026-08-11T16:52:00+02:00,2026-08-11,2026-08-11,2026-08-11T09:30:00-04:00
804,58,DLR,CATALYST,2359,2026-08-11T17:20:00+02:00,2026-08-11,2026-08-11,2026-08-11T09:30:00-04:00
806,287,DV,CATALYST,2363,2026-08-11T16:14:18+02:00,2026-08-11,2026-08-11,2026-08-11T09:30:00-04:00
807,290,ECO,CATALYST,2366,2026-08-10T20:25:59+02:00,2026-08-10,2026-08-10,2026-08-10T09:30:00-04:00
808,291,ECPG,CATALYST,2368,2026-08-11T19:11:30+02:00,2026-08-11,2026-08-11,2026-08-11T09:30:00-04:00
810,61,EME,CATALYST,2372,2026-08-11T19:34:00+02:00,2026-08-11,2026-08-11,2026-08-11T09:30:00-04:00
812,296,ENVA,CATALYST,2376,2026-08-11T17:20:00+02:00,2026-08-11,2026-08-11,2026-08-11T09:30:00-04:00
814,65,ETN,CATALYST,2386,2026-08-11T16:00:00+02:00,2026-08-11,2026-08-11,2026-08-11T09:30:00-04:00
815,301,EXLS,CATALYST,2388,2026-08-10T18:05:22+02:00,2026-08-10,2026-08-10,2026-08-10T09:30:00-04:00
816,302,EXPD,CATALYST,2391,2026-08-11T17:23:00+02:00,2026-08-11,2026-08-11,2026-08-11T09:30:00-04:00
819,521,FANG,CATALYST,2399,2026-08-11T18:11:00+02:00,2026-08-11,2026-08-11,2026-08-11T09:30:00-04:00
821,551,FDX,CATALYST,2411,2026-08-11T18:46:56+02:00,2026-08-11,2026-08-11,2026-08-11T09:30:00-04:00
824,70,FITB,CATALYST,2415,2026-08-11T19:53:00+02:00,2026-08-11,2026-08-11,2026-08-11T09:30:00-04:00
826,552,FTDR,CATALYST,2417,2026-08-11T15:40:03+02:00,2026-08-11,2026-08-11,2026-08-11T09:30:00-04:00
829,77,GD,CATALYST,2428,2026-08-11T17:40:02+02:00,2026-08-11,2026-08-11,2026-08-11T09:30:00-04:00
830,78,GE,CATALYST,2431,2026-08-11T17:40:02+02:00,2026-08-11,2026-08-11,2026-08-11T09:30:00-04:00
831,79,GEO,CATALYST,2434,2026-08-11T17:20:00+02:00,2026-08-11,2026-08-11,2026-08-11T09:30:00-04:00
834,318,GL,CATALYST,2447,2026-08-11T20:31:00+02:00,2026-08-11,2026-08-11,2026-08-11T09:30:00-04:00
837,320,GM,CATALYST,2453,2026-08-11T20:01:50+02:00,2026-08-11,2026-08-11,2026-08-11T09:30:00-04:00
838,524,GMED,CATALYST,2465,2026-08-11T18:21:00+02:00,2026-08-11,2026-08-11,2026-08-11T09:30:00-04:00
840,321,GPC,CATALYST,2515,2026-08-10T19:34:13+02:00,2026-08-10,2026-08-10,2026-08-10T09:30:00-04:00
841,322,GPN,CATALYST,2517,2026-08-11T15:46:35+02:00,2026-08-11,2026-08-11,2026-08-11T09:30:00-04:00
842,323,GTES,CATALYST,2524,2026-08-10T21:09:22+02:00,2026-08-10,2026-08-10,2026-08-10T09:30:00-04:00
846,88,HCI,CATALYST,2532,2026-08-11T15:55:03+02:00,2026-08-11,2026-08-11,2026-08-11T09:30:00-04:00
847,325,HD,CATALYST,2538,2026-08-11T18:59:43+02:00,2026-08-11,2026-08-11,2026-08-11T09:30:00-04:00
849,327,HOG,CATALYST,2553,2026-08-11T17:44:00+02:00,2026-08-11,2026-08-11,2026-08-11T09:30:00-04:00
851,556,HPQ,CATALYST,2566,2026-08-11T17:47:00+02:00,2026-08-11,2026-08-11,2026-08-11T09:30:00-04:00
853,332,HRMY,CATALYST,2578,2026-08-11T18:45:00+02:00,2026-08-11,2026-08-11,2026-08-11T09:30:00-04:00
854,333,HSIC,CATALYST,2579,2026-08-10T15:40:04+02:00,2026-08-10,2026-08-10,2026-08-10T09:30:00-04:00
856,94,HWM,CATALYST,2582,2026-08-11T19:32:00+02:00,2026-08-11,2026-08-11,2026-08-11T09:30:00-04:00
859,343,IP,CATALYST,2591,2026-08-10T18:29:22+02:00,2026-08-10,2026-08-10,2026-08-10T09:30:00-04:00
861,346,IR,CATALYST,2593,2026-08-10T17:17:22+02:00,2026-08-10,2026-08-10,2026-08-10T09:30:00-04:00
862,347,IRDM,CATALYST,2597,2026-08-11T17:09:03+02:00,2026-08-11,2026-08-11,2026-08-11T09:30:00-04:00
866,102,JNJ,CATALYST,2613,2026-08-11T20:05:24+02:00,2026-08-11,2026-08-11,2026-08-11T09:30:00-04:00
867,104,KEYS,CATALYST,2618,2026-08-11T16:39:00+02:00,2026-08-11,2026-08-11,2026-08-11T09:30:00-04:00
868,362,KMX,CATALYST,2620,2026-08-11T15:43:00+02:00,2026-08-11,2026-08-11,2026-08-11T09:30:00-04:00
869,363,KNSL,CATALYST,2621,2026-08-10T16:38:00+02:00,2026-08-10,2026-08-10,2026-08-10T09:30:00-04:00
870,364,KO,CATALYST,2622,2026-08-11T19:31:11+02:00,2026-08-11,2026-08-11,2026-08-11T09:30:00-04:00
871,365,KWR,CATALYST,2643,2026-08-11T18:00:03+02:00,2026-08-11,2026-08-11,2026-08-11T09:30:00-04:00
872,560,KYMR,CATALYST,2644,2026-08-10T18:44:14+02:00,2026-08-10,2026-08-10,2026-08-10T09:30:00-04:00
873,366,LAD,CATALYST,2645,2026-08-11T15:41:00+02:00,2026-08-11,2026-08-11,2026-08-11T09:30:00-04:00
874,108,LECO,CATALYST,2648,2026-08-11T15:38:58+02:00,2026-08-11,2026-08-11,2026-08-11T09:30:00-04:00
875,109,LFST,CATALYST,2650,2026-08-11T18:00:04+02:00,2026-08-11,2026-08-11,2026-08-11T09:30:00-04:00
877,369,LNC,CATALYST,2664,2026-08-11T15:40:28+02:00,2026-08-11,2026-08-11,2026-08-11T09:30:00-04:00
878,372,LYFT,CATALYST,2668,2026-08-11T21:10:41+02:00,2026-08-11,2026-08-11,2026-08-11T09:30:00-04:00
880,374,MA,CATALYST,2679,2026-08-11T21:14:37+02:00,2026-08-11,2026-08-11,2026-08-11T09:30:00-04:00
881,563,MAIN,CATALYST,2689,2026-08-11T19:09:22+02:00,2026-08-11,2026-08-11,2026-08-11T09:30:00-04:00
883,376,MCK,CATALYST,2693,2026-08-11T19:04:30+02:00,2026-08-11,2026-08-11,2026-08-11T09:30:00-04:00
885,115,MET,CATALYST,2703,2026-08-11T16:10:00+02:00,2026-08-11,2026-08-11,2026-08-11T09:30:00-04:00
888,120,MPC,CATALYST,2710,2026-08-11T18:59:43+02:00,2026-08-11,2026-08-11,2026-08-11T09:30:00-04:00
890,386,MRK,CATALYST,2724,2026-08-11T20:14:30+02:00,2026-08-11,2026-08-11,2026-08-11T09:30:00-04:00
891,387,MRSH,CATALYST,2735,2026-08-11T19:01:00+02:00,2026-08-11,2026-08-11,2026-08-11T09:30:00-04:00
892,565,MSGE,CATALYST,2738,2026-08-11T17:45:44+02:00,2026-08-11,2026-08-11,2026-08-11T09:30:00-04:00
895,567,MTDR,CATALYST,2745,2026-08-10T16:41:00+02:00,2026-08-10,2026-08-10,2026-08-10T09:30:00-04:00
897,395,NEOG,CATALYST,2757,2026-08-10T17:40:05+02:00,2026-08-10,2026-08-10,2026-08-10T09:30:00-04:00
898,398,NMIH,CATALYST,2758,2026-08-10T19:14:00+02:00,2026-08-10,2026-08-10,2026-08-10T09:30:00-04:00
899,570,NOV,CATALYST,2759,2026-08-11T18:12:00+02:00,2026-08-11,2026-08-11,2026-08-11T09:30:00-04:00
902,129,NVST,CATALYST,2811,2026-08-11T17:15:00+02:00,2026-08-11,2026-08-11,2026-08-11T09:30:00-04:00
904,404,OC,CATALYST,2815,2026-08-11T15:40:03+02:00,2026-08-11,2026-08-11,2026-08-11T09:30:00-04:00
906,409,OXY,CATALYST,2819,2026-08-11T21:25:00+02:00,2026-08-11,2026-08-11,2026-08-11T09:30:00-04:00
907,410,PAG,CATALYST,2827,2026-08-11T15:41:00+02:00,2026-08-11,2026-08-11,2026-08-11T09:30:00-04:00
911,416,PFS,CATALYST,2836,2026-08-11T17:03:00+02:00,2026-08-11,2026-08-11,2026-08-11T09:30:00-04:00
912,573,PH,CATALYST,2838,2026-08-11T15:40:28+02:00,2026-08-11,2026-08-11,2026-08-11T09:30:00-04:00
914,419,PJT,CATALYST,2844,2026-08-10T18:21:22+02:00,2026-08-10,2026-08-10,2026-08-10T09:30:00-04:00
916,144,PRU,CATALYST,2848,2026-08-11T17:33:22+02:00,2026-08-11,2026-08-11,2026-08-11T09:30:00-04:00
917,424,PSA,CATALYST,2849,2026-08-11T17:40:04+02:00,2026-08-11,2026-08-11,2026-08-11T09:30:00-04:00
918,145,PSX,CATALYST,2850,2026-08-11T19:49:42+02:00,2026-08-11,2026-08-11,2026-08-11T09:30:00-04:00
919,425,PTGX,CATALYST,2861,2026-08-11T17:05:40+02:00,2026-08-11,2026-08-11,2026-08-11T09:30:00-04:00
923,433,RLI,CATALYST,2869,2026-08-11T19:01:00+02:00,2026-08-11,2026-08-11,2026-08-11T09:30:00-04:00
924,436,ROP,CATALYST,2872,2026-08-11T18:12:50+02:00,2026-08-11,2026-08-11,2026-08-11T09:30:00-04:00
925,534,RRC,CATALYST,2873,2026-08-11T16:10:00+02:00,2026-08-11,2026-08-11,2026-08-11T09:30:00-04:00
930,576,SBH,CATALYST,2882,2026-08-11T16:38:00+02:00,2026-08-11,2026-08-11,2026-08-11T09:30:00-04:00
933,449,SE,CATALYST,2890,2026-08-11T21:20:01+02:00,2026-08-11,2026-08-11,2026-08-11T09:30:00-04:00
934,156,SHOO,CATALYST,2911,2026-08-10T21:08:00+02:00,2026-08-10,2026-08-10,2026-08-10T09:30:00-04:00
937,456,SKWD,CATALYST,2919,2026-08-11T19:01:00+02:00,2026-08-11,2026-08-11,2026-08-11T09:30:00-04:00
938,458,SLB,CATALYST,2920,2026-08-11T18:59:43+02:00,2026-08-11,2026-08-11,2026-08-11T09:30:00-04:00
939,157,SLDE,CATALYST,2926,2026-08-11T17:59:00+02:00,2026-08-11,2026-08-11,2026-08-11T09:30:00-04:00
941,462,SNA,CATALYST,2928,2026-08-10T19:25:00+02:00,2026-08-10,2026-08-10,2026-08-10T09:30:00-04:00
943,466,SSNC,CATALYST,2930,2026-08-10T18:05:22+02:00,2026-08-10,2026-08-10,2026-08-10T09:30:00-04:00
944,469,STT,CATALYST,2931,2026-08-10T20:03:42+02:00,2026-08-10,2026-08-10,2026-08-10T09:30:00-04:00
946,160,SXI,CATALYST,2939,2026-08-10T21:33:22+02:00,2026-08-10,2026-08-10,2026-08-10T09:30:00-04:00
947,472,SYF,CATALYST,2940,2026-08-11T16:24:00+02:00,2026-08-11,2026-08-11,2026-08-11T09:30:00-04:00
949,473,SYY,CATALYST,2946,2026-08-11T18:13:22+02:00,2026-08-11,2026-08-11,2026-08-11T09:30:00-04:00
952,477,THG,CATALYST,2960,2026-08-11T17:59:00+02:00,2026-08-11,2026-08-11,2026-08-11T09:30:00-04:00
954,168,TNK,CATALYST,2965,2026-08-11T17:23:00+02:00,2026-08-11,2026-08-11,2026-08-11T09:30:00-04:00
955,481,TRV,CATALYST,2967,2026-08-10T19:07:13+02:00,2026-08-10,2026-08-10,2026-08-10T09:30:00-04:00
956,482,TT,CATALYST,2969,2026-08-10T20:25:59+02:00,2026-08-10,2026-08-10,2026-08-10T09:30:00-04:00
957,485,TTWO,CATALYST,2971,2026-08-10T21:09:13+02:00,2026-08-10,2026-08-10,2026-08-10T09:30:00-04:00
959,487,UNP,CATALYST,3003,2026-08-11T17:05:00+02:00,2026-08-11,2026-08-11,2026-08-11T09:30:00-04:00
961,489,URI,CATALYST,3010,2026-08-11T18:08:00+02:00,2026-08-11,2026-08-11,2026-08-11T09:30:00-04:00
962,491,V,CATALYST,3015,2026-08-11T20:20:54+02:00,2026-08-11,2026-08-11,2026-08-11T09:30:00-04:00
963,582,VAL,CATALYST,3027,2026-08-10T17:09:22+02:00,2026-08-10,2026-08-10,2026-08-10T09:30:00-04:00
964,174,VLO,CATALYST,3030,2026-08-11T18:59:43+02:00,2026-08-11,2026-08-11,2026-08-11T09:30:00-04:00
968,496,VZ,CATALYST,3052,2026-08-11T19:21:00+02:00,2026-08-11,2026-08-11,2026-08-11T09:30:00-04:00
969,179,WAB,CATALYST,3057,2026-08-11T19:09:00+02:00,2026-08-11,2026-08-11,2026-08-11T09:30:00-04:00
970,180,WAT,CATALYST,3058,2026-08-10T20:21:22+02:00,2026-08-10,2026-08-10,2026-08-10T09:30:00-04:00
971,497,WBD,CATALYST,3061,2026-08-11T21:46:00+02:00,2026-08-11,2026-08-11,2026-08-11T09:30:00-04:00
972,499,WFC,CATALYST,3065,2026-08-11T20:38:00+02:00,2026-08-11,2026-08-11,2026-08-11T09:30:00-04:00
974,185,WST,CATALYST,3073,2026-08-11T18:21:00+02:00,2026-08-11,2026-08-11,2026-08-11T09:30:00-04:00
977,586,XENE,CATALYST,3076,2026-08-10T16:31:00+02:00,2026-08-10,2026-08-10,2026-08-10T09:30:00-04:00
979,506,YUMC,CATALYST,3086,2026-08-10T16:17:10+02:00,2026-08-10,2026-08-10,2026-08-10T09:30:00-04:00
983,9,AMG,CATALYST,3090,2026-08-11T17:00:26+02:00,2026-08-11,2026-08-11,2026-08-11T09:30:00-04:00
984,13,APH,CATALYST,3091,2026-08-11T20:14:19+02:00,2026-08-11,2026-08-11,2026-08-11T09:30:00-04:00
988,24,BEN,CATALYST,3100,2026-08-11T19:33:00+02:00,2026-08-11,2026-08-11,2026-08-11T09:30:00-04:00
990,39,CNR,CATALYST,3104,2026-08-11T19:57:00+02:00,2026-08-11,2026-08-11,2026-08-11T09:30:00-04:00
992,44,CPAY,CATALYST,3108,2026-08-11T17:57:22+02:00,2026-08-11,2026-08-11,2026-08-11T09:30:00-04:00
993,47,CRDO,CATALYST,3109,2026-08-11T15:30:32+02:00,2026-08-11,2026-08-11,2026-08-11T09:30:00-04:00
1000,82,GOLD,CATALYST,3133,2026-08-11T16:37:03+02:00,2026-08-11,2026-08-11,2026-08-11T09:30:00-04:00
1006,130,NVT,CATALYST,3166,2026-08-11T16:52:00+02:00,2026-08-11,2026-08-11,2026-08-11T09:30:00-04:00
1007,136,OPY,CATALYST,3167,2026-08-11T18:22:15+02:00,2026-08-11,2026-08-11,2026-08-11T09:30:00-04:00
1013,164,TEX,CATALYST,3174,2026-08-11T16:51:00+02:00,2026-08-11,2026-08-11,2026-08-11T09:30:00-04:00
1014,171,UAL,CATALYST,3177,2026-08-11T20:44:00+02:00,2026-08-11,2026-08-11,2026-08-11T09:30:00-04:00
1028,2,AEIS,CATALYST,3699,2026-08-12T18:00:05+02:00,2026-08-12,2026-08-12,2026-08-12T09:30:00-04:00
1030,6,AIR,CATALYST,3701,2026-08-12T15:40:03+02:00,2026-08-12,2026-08-12,2026-08-12T09:30:00-04:00
1032,633,ALKS,CATALYST,3703,2026-08-12T17:22:00+02:00,2026-08-12,2026-08-12,2026-08-12T09:30:00-04:00
1033,8,ALSN,CATALYST,3519,2026-08-12T17:09:51+02:00,2026-08-12,2026-08-12,2026-08-12T09:30:00-04:00
1036,10,AMZN,CATALYST,3714,2026-08-13T17:00:54+02:00,2026-08-13,2026-08-13,2026-08-13T09:30:00-04:00
1039,511,AR,CATALYST,3571,2026-08-12T18:53:22+02:00,2026-08-12,2026-08-12,2026-08-12T09:30:00-04:00
1045,19,AVGO,CATALYST,3757,2026-08-13T16:10:40+02:00,2026-08-13,2026-08-13,2026-08-13T09:30:00-04:00
1052,24,BEN,CATALYST,3100,2026-08-11T19:33:00+02:00,2026-08-11,2026-08-11,2026-08-11T09:30:00-04:00
1056,28,BUSE,CATALYST,153,2026-08-07T17:45:03+02:00,2026-08-07,2026-08-07,2026-08-07T09:30:00-04:00
1058,31,CBOE,CATALYST,3792,2026-08-12T20:11:00+02:00,2026-08-12,2026-08-12,2026-08-12T09:30:00-04:00
1059,32,CCEP,CATALYST,3606,2026-08-12T17:40:04+02:00,2026-08-12,2026-08-12,2026-08-12T09:30:00-04:00
1060,33,CCK,CATALYST,3607,2026-08-12T15:40:03+02:00,2026-08-12,2026-08-12,2026-08-12T09:30:00-04:00
1065,40,CNS,CATALYST,3613,2026-08-12T16:13:22+02:00,2026-08-12,2026-08-12,2026-08-12T09:30:00-04:00
1066,41,COHR,CATALYST,3797,2026-08-13T16:22:55+02:00,2026-08-13,2026-08-13,2026-08-13T09:30:00-04:00
1069,46,CR,CATALYST,1490,2026-08-10T15:55:05+02:00,2026-08-10,2026-08-10,2026-08-10T09:30:00-04:00
1070,48,CSCO,CATALYST,3831,2026-08-13T17:05:17+02:00,2026-08-13,2026-08-13,2026-08-13T09:30:00-04:00
1078,53,DAL,CATALYST,3866,2026-08-12T20:10:00+02:00,2026-08-12,2026-08-12,2026-08-12T09:30:00-04:00
1082,56,DHT,CATALYST,1553,2026-08-10T17:33:22+02:00,2026-08-10,2026-08-10,2026-08-10T09:30:00-04:00
1084,58,DLR,CATALYST,3285,2026-08-12T20:31:00+02:00,2026-08-12,2026-08-12,2026-08-12T09:30:00-04:00
1085,519,DVN,CATALYST,3869,2026-08-13T16:50:27+02:00,2026-08-13,2026-08-13,2026-08-13T09:30:00-04:00
1087,291,ECPG,CATALYST,3297,2026-08-11T19:11:30+02:00,2026-08-11,2026-08-11,2026-08-11T09:30:00-04:00
1088,61,EME,CATALYST,3873,2026-08-11T19:34:46+02:00,2026-08-11,2026-08-11,2026-08-11T09:30:00-04:00
1090,637,EQIX,CATALYST,3874,2026-08-12T20:31:00+02:00,2026-08-12,2026-08-12,2026-08-12T09:30:00-04:00
1094,521,FANG,CATALYST,3884,2026-08-13T16:11:00+02:00,2026-08-13,2026-08-13,2026-08-13T09:30:00-04:00
1105,75,FSUN,CATALYST,334,2026-08-06T18:31:00+02:00,2026-08-06,2026-08-06,2026-08-06T09:30:00-04:00
1106,523,FTI,CATALYST,3316,2026-08-12T18:53:22+02:00,2026-08-12,2026-08-12,2026-08-12T09:30:00-04:00
1110,641,GBTG,CATALYST,3897,2026-08-12T21:13:18+02:00,2026-08-12,2026-08-12,2026-08-12T09:30:00-04:00
1113,79,GEO,CATALYST,3902,2026-08-12T18:20:02+02:00,2026-08-12,2026-08-12,2026-08-12T09:30:00-04:00
1116,81,GLNG,CATALYST,3911,2026-08-13T15:38:47+02:00,2026-08-13,2026-08-13,2026-08-13T09:30:00-04:00
1122,591,HBAN,CATALYST,3348,2026-08-11T16:05:00+02:00,2026-08-11,2026-08-11,2026-08-11T09:30:00-04:00
1123,88,HCI,CATALYST,3349,2026-08-11T15:55:03+02:00,2026-08-11,2026-08-11,2026-08-11T09:30:00-04:00
1129,93,HUM,CATALYST,3921,2026-08-13T16:17:00+02:00,2026-08-13,2026-08-13,2026-08-13T09:30:00-04:00
1132,96,INCY,CATALYST,3928,2026-08-12T18:38:49+02:00,2026-08-12,2026-08-12,2026-08-12T09:30:00-04:00
1134,97,INSW,CATALYST,3930,2026-08-12T20:10:00+02:00,2026-08-12,2026-08-12,2026-08-12T09:30:00-04:00
1135,100,ITT,CATALYST,3931,2026-08-12T18:01:00+02:00,2026-08-12,2026-08-12,2026-08-12T09:30:00-04:00
1139,103,JPM,CATALYST,3940,2026-08-13T16:06:00+02:00,2026-08-13,2026-08-13,2026-08-13T09:30:00-04:00
1140,646,KEY,CATALYST,3949,2026-08-12T17:01:22+02:00,2026-08-12,2026-08-12,2026-08-12T09:30:00-04:00
1141,104,KEYS,CATALYST,3418,2026-08-12T17:17:00+02:00,2026-08-12,2026-08-12,2026-08-12T09:30:00-04:00
1146,111,LLY,CATALYST,3958,2026-08-13T16:30:00+02:00,2026-08-13,2026-08-13,2026-08-13T09:30:00-04:00
1147,369,LNC,CATALYST,3965,2026-08-11T19:02:00+02:00,2026-08-11,2026-08-11,2026-08-11T09:30:00-04:00
1150,370,LTH,CATALYST,3490,2026-08-11T15:55:02+02:00,2026-08-11,2026-08-11,2026-08-11T09:30:00-04:00
1151,372,LYFT,CATALYST,3968,2026-08-12T21:40:27+02:00,2026-08-12,2026-08-12,2026-08-12T09:30:00-04:00
1152,115,MET,CATALYST,3975,2026-08-13T15:45:59+02:00,2026-08-13,2026-08-13,2026-08-13T09:30:00-04:00
1156,649,MPWR,CATALYST,3978,2026-08-12T18:06:00+02:00,2026-08-12,2026-08-12,2026-08-12T09:30:00-04:00
1157,121,MS,CATALYST,3983,2026-08-13T16:08:00+02:00,2026-08-13,2026-08-13,2026-08-13T09:30:00-04:00
1163,128,NVDA,CATALYST,4009,2026-08-13T17:08:00+02:00,2026-08-13,2026-08-13,2026-08-13T09:30:00-04:00
1166,131,NWBI,CATALYST,4054,2026-08-12T16:05:22+02:00,2026-08-12,2026-08-12,2026-08-12T09:30:00-04:00
1170,136,OPY,CATALYST,3167,2026-08-11T18:22:15+02:00,2026-08-11,2026-08-11,2026-08-11T09:30:00-04:00
1171,137,ORI,CATALYST,658,2026-08-06T19:00:00+02:00,2026-08-06,2026-08-06,2026-08-06T09:30:00-04:00
1182,655,RDVT,CATALYST,4074,2026-08-11T15:49:00+02:00,2026-08-11,2026-08-11,2026-08-11T09:30:00-04:00
1183,147,RELY,CATALYST,4077,2026-08-13T16:35:00+02:00,2026-08-13,2026-08-13,2026-08-13T09:30:00-04:00
1185,149,RL,CATALYST,3255,2026-08-12T18:45:01+02:00,2026-08-12,2026-08-12,2026-08-12T09:30:00-04:00
1194,157,SLDE,CATALYST,4088,2026-08-12T17:35:00+02:00,2026-08-12,2026-08-12,2026-08-12T09:30:00-04:00
1195,535,SM,CATALYST,4089,2026-08-12T18:21:22+02:00,2026-08-12,2026-08-12,2026-08-12T09:30:00-04:00
1198,627,SUN,CATALYST,4091,2026-08-12T15:40:04+02:00,2026-08-12,2026-08-12,2026-08-12T09:30:00-04:00
1199,160,SXI,CATALYST,2939,2026-08-10T21:33:22+02:00,2026-08-10,2026-08-10,2026-08-10T09:30:00-04:00
1204,164,TEX,CATALYST,3282,2026-08-12T16:24:00+02:00,2026-08-12,2026-08-12,2026-08-12T09:30:00-04:00
1208,168,TNK,CATALYST,3284,2026-08-12T20:18:00+02:00,2026-08-12,2026-08-12,2026-08-12T09:30:00-04:00
1212,171,UAL,CATALYST,4115,2026-08-12T20:28:00+02:00,2026-08-12,2026-08-12,2026-08-12T09:30:00-04:00
1214,173,VIK,CATALYST,4117,2026-08-12T16:00:04+02:00,2026-08-12,2026-08-12,2026-08-12T09:30:00-04:00
1215,175,VRTX,CATALYST,4119,2026-08-13T15:35:27+02:00,2026-08-13,2026-08-13,2026-08-13T09:30:00-04:00
1216,179,WAB,CATALYST,4125,2026-08-12T18:45:02+02:00,2026-08-12,2026-08-12,2026-08-12T09:30:00-04:00
1217,181,WCC,CATALYST,3494,2026-08-11T17:00:00+02:00,2026-08-11,2026-08-11,2026-08-11T09:30:00-04:00
1221,185,WST,CATALYST,3495,2026-08-12T17:41:00+02:00,2026-08-12,2026-08-12,2026-08-12T09:30:00-04:00
1225,189,ZWS,CATALYST,3509,2026-08-11T18:45:03+02:00,2026-08-11,2026-08-11,2026-08-11T09:30:00-04:00
1226,2,AEIS,CATALYST,4545,2026-08-12T18:00:05+02:00,2026-08-12,2026-08-12,2026-08-12T09:30:00-04:00
1228,6,AIR,CATALYST,4550,2026-08-12T15:40:03+02:00,2026-08-12,2026-08-12,2026-08-12T09:30:00-04:00
1230,8,ALSN,CATALYST,4556,2026-08-13T20:21:00+02:00,2026-08-13,2026-08-13,2026-08-13T09:30:00-04:00
1236,13,APH,CATALYST,4614,2026-08-13T19:57:00+02:00,2026-08-13,2026-08-13,2026-08-13T09:30:00-04:00
1237,511,AR,CATALYST,4621,2026-08-12T18:53:22+02:00,2026-08-12,2026-08-12,2026-08-12T09:30:00-04:00
1241,19,AVGO,CATALYST,4622,2026-08-13T19:33:00+02:00,2026-08-13,2026-08-13,2026-08-13T09:30:00-04:00
1245,635,AXP,CATALYST,4649,2026-08-13T18:53:00+02:00,2026-08-13,2026-08-13,2026-08-13T09:30:00-04:00
1247,24,BEN,CATALYST,4662,2026-08-13T16:14:00+02:00,2026-08-13,2026-08-13,2026-08-13T09:30:00-04:00
1250,27,BURL,CATALYST,1475,2026-08-10T18:10:01+02:00,2026-08-10,2026-08-10,2026-08-10T09:30:00-04:00
1251,28,BUSE,CATALYST,153,2026-08-07T17:45:03+02:00,2026-08-07,2026-08-07,2026-08-07T09:30:00-04:00
1254,31,CBOE,CATALYST,4665,2026-08-12T20:11:00+02:00,2026-08-12,2026-08-12,2026-08-12T09:30:00-04:00
1255,32,CCEP,CATALYST,4666,2026-08-12T17:40:04+02:00,2026-08-12,2026-08-12,2026-08-12T09:30:00-04:00
1256,33,CCK,CATALYST,4667,2026-08-12T15:40:03+02:00,2026-08-12,2026-08-12,2026-08-12T09:30:00-04:00
1257,35,CHRD,CATALYST,4670,2026-08-13T18:11:09+02:00,2026-08-13,2026-08-13,2026-08-13T09:30:00-04:00
1258,662,CIEN,CATALYST,4675,2026-08-13T19:40:24+02:00,2026-08-13,2026-08-13,2026-08-13T09:30:00-04:00
1260,39,CNR,CATALYST,4681,2026-08-12T18:20:01+02:00,2026-08-12,2026-08-12,2026-08-12T09:30:00-04:00
1261,40,CNS,CATALYST,4683,2026-08-12T16:13:22+02:00,2026-08-12,2026-08-12,2026-08-12T09:30:00-04:00
1264,43,COP,CATALYST,4685,2026-08-13T18:11:09+02:00,2026-08-13,2026-08-13,2026-08-13T09:30:00-04:00
1265,46,CR,CATALYST,1490,2026-08-10T15:55:05+02:00,2026-08-10,2026-08-10,2026-08-10T09:30:00-04:00
1272,53,DAL,CATALYST,4700,2026-08-13T19:32:00+02:00,2026-08-13,2026-08-13,2026-08-13T09:30:00-04:00
1276,56,DHT,CATALYST,1553,2026-08-10T17:33:22+02:00,2026-08-10,2026-08-10,2026-08-10T09:30:00-04:00
1277,664,DLO,CATALYST,4138,2026-08-13T21:19:17+02:00,2026-08-13,2026-08-13,2026-08-13T09:30:00-04:00
1278,58,DLR,CATALYST,4142,2026-08-12T20:31:00+02:00,2026-08-12,2026-08-12,2026-08-12T09:30:00-04:00
1279,519,DVN,CATALYST,4147,2026-08-13T16:58:10+02:00,2026-08-13,2026-08-13,2026-08-13T09:30:00-04:00
1281,61,EME,CATALYST,4152,2026-08-13T17:23:00+02:00,2026-08-13,2026-08-13,2026-08-13T09:30:00-04:00
1283,637,EQIX,CATALYST,4156,2026-08-12T20:31:00+02:00,2026-08-12,2026-08-12,2026-08-12T09:30:00-04:00
1288,67,FAF,CATALYST,4165,2026-08-12T19:49:00+02:00,2026-08-12,2026-08-12,2026-08-12T09:30:00-04:00
1289,521,FANG,CATALYST,4167,2026-08-13T16:12:00+02:00,2026-08-13,2026-08-13,2026-08-13T09:30:00-04:00
1296,72,FN,CATALYST,4175,2026-08-13T16:00:06+02:00,2026-08-13,2026-08-13,2026-08-13T09:30:00-04:00
1297,638,FORM,CATALYST,4178,2026-08-13T17:48:00+02:00,2026-08-13,2026-08-13,2026-08-13T09:30:00-04:00
1299,75,FSUN,CATALYST,334,2026-08-06T18:31:00+02:00,2026-08-06,2026-08-06,2026-08-06T09:30:00-04:00
1300,523,FTI,CATALYST,4182,2026-08-12T18:53:22+02:00,2026-08-12,2026-08-12,2026-08-12T09:30:00-04:00
1301,76,FTNT,CATALYST,4183,2026-08-13T19:40:24+02:00,2026-08-13,2026-08-13,2026-08-13T09:30:00-04:00
1303,77,GD,CATALYST,4188,2026-08-13T15:54:59+02:00,2026-08-13,2026-08-13,2026-08-13T09:30:00-04:00
1304,642,GEV,CATALYST,4193,2026-08-13T20:15:40+02:00,2026-08-13,2026-08-13,2026-08-13T09:30:00-04:00
1306,81,GLNG,CATALYST,4202,2026-08-13T18:04:42+02:00,2026-08-13,2026-08-13,2026-08-13T09:30:00-04:00
1307,524,GMED,CATALYST,4209,2026-08-13T16:00:00+02:00,2026-08-13,2026-08-13,2026-08-13T09:30:00-04:00
1311,88,HCI,CATALYST,3349,2026-08-11T15:55:03+02:00,2026-08-11,2026-08-11,2026-08-11T09:30:00-04:00
1312,89,HEI,CATALYST,4217,2026-08-13T18:45:03+02:00,2026-08-13,2026-08-13,2026-08-13T09:30:00-04:00
1317,93,HUM,CATALYST,4220,2026-08-13T16:17:00+02:00,2026-08-13,2026-08-13,2026-08-13T09:30:00-04:00
1318,94,HWM,CATALYST,4222,2026-08-13T18:00:02+02:00,2026-08-13,2026-08-13,2026-08-13T09:30:00-04:00
1321,96,INCY,CATALYST,4228,2026-08-12T18:38:49+02:00,2026-08-12,2026-08-12,2026-08-12T09:30:00-04:00
1323,97,INSW,CATALYST,4230,2026-08-12T20:10:00+02:00,2026-08-12,2026-08-12,2026-08-12T09:30:00-04:00
1325,100,ITT,CATALYST,4231,2026-08-12T18:01:00+02:00,2026-08-12,2026-08-12,2026-08-12T09:30:00-04:00
1330,646,KEY,CATALYST,4385,2026-08-12T17:01:22+02:00,2026-08-12,2026-08-12,2026-08-12T09:30:00-04:00
1331,104,KEYS,CATALYST,4389,2026-08-12T17:17:00+02:00,2026-08-12,2026-08-12,2026-08-12T09:30:00-04:00
1332,665,KMI,CATALYST,4392,2026-08-13T16:40:00+02:00,2026-08-13,2026-08-13,2026-08-13T09:30:00-04:00
1333,666,KTB,CATALYST,4398,2026-08-13T18:17:44+02:00,2026-08-13,2026-08-13,2026-08-13T09:30:00-04:00
1336,111,LLY,CATALYST,4415,2026-08-13T20:38:32+02:00,2026-08-13,2026-08-13,2026-08-13T09:30:00-04:00
1337,529,LNG,CATALYST,4442,2026-08-13T16:40:00+02:00,2026-08-13,2026-08-13,2026-08-13T09:30:00-04:00
1342,115,MET,CATALYST,4448,2026-08-13T15:45:59+02:00,2026-08-13,2026-08-13,2026-08-13T09:30:00-04:00
1346,121,MS,CATALYST,4450,2026-08-13T20:35:49+02:00,2026-08-13,2026-08-13,2026-08-13T09:30:00-04:00
1347,565,MSGE,CATALYST,4467,2026-08-13T20:16:13+02:00,2026-08-13,2026-08-13,2026-08-13T09:30:00-04:00
1352,127,NPK,CATALYST,589,2026-08-07T20:06:00+02:00,2026-08-07,2026-08-07,2026-08-07T09:30:00-04:00
1357,131,NWBI,CATALYST,4529,2026-08-12T16:05:22+02:00,2026-08-12,2026-08-12,2026-08-12T09:30:00-04:00
1360,530,OKE,CATALYST,4530,2026-08-12T15:38:34+02:00,2026-08-12,2026-08-12,2026-08-12T09:30:00-04:00
1363,137,ORI,CATALYST,658,2026-08-06T19:00:00+02:00,2026-08-06,2026-08-06,2026-08-06T09:30:00-04:00
1366,573,PH,CATALYST,4535,2026-08-13T20:44:00+02:00,2026-08-13,2026-08-13,2026-08-13T09:30:00-04:00
1376,597,ROST,CATALYST,4233,2026-08-13T19:17:00+02:00,2026-08-13,2026-08-13,2026-08-13T09:30:00-04:00
1378,534,RRC,CATALYST,4244,2026-08-13T16:40:00+02:00,2026-08-13,2026-08-13,2026-08-13T09:30:00-04:00
1383,157,SLDE,CATALYST,4270,2026-08-12T17:35:00+02:00,2026-08-12,2026-08-12,2026-08-12T09:30:00-04:00
1384,535,SM,CATALYST,4271,2026-08-13T20:52:56+02:00,2026-08-13,2026-08-13,2026-08-13T09:30:00-04:00
1388,627,SUN,CATALYST,4289,2026-08-12T15:40:04+02:00,2026-08-12,2026-08-12,2026-08-12T09:30:00-04:00
1389,160,SXI,CATALYST,2939,2026-08-10T21:33:22+02:00,2026-08-10,2026-08-10,2026-08-10T09:30:00-04:00
1390,657,TER,CATALYST,4290,2026-08-13T19:40:24+02:00,2026-08-13,2026-08-13,2026-08-13T09:30:00-04:00
1395,171,UAL,CATALYST,4301,2026-08-13T19:32:00+02:00,2026-08-13,2026-08-13,2026-08-13T09:30:00-04:00
1397,173,VIK,CATALYST,4306,2026-08-12T16:00:04+02:00,2026-08-12,2026-08-12,2026-08-12T09:30:00-04:00
1398,175,VRTX,CATALYST,4307,2026-08-13T15:35:27+02:00,2026-08-13,2026-08-13,2026-08-13T09:30:00-04:00
1400,179,WAB,CATALYST,4314,2026-08-12T18:45:02+02:00,2026-08-12,2026-08-12,2026-08-12T09:30:00-04:00
1402,181,WCC,CATALYST,4316,2026-08-13T16:00:00+02:00,2026-08-13,2026-08-13,2026-08-13T09:30:00-04:00
1410,189,ZWS,CATALYST,3509,2026-08-11T18:45:03+02:00,2026-08-11,2026-08-11,2026-08-11T09:30:00-04:00
1414,674,ADSK,CATALYST,4956,2026-08-12T19:22:29+02:00,2026-08-12,2026-08-12,2026-08-12T09:30:00-04:00
1415,195,ADUS,CATALYST,4957,2026-08-12T16:44:00+02:00,2026-08-12,2026-08-12,2026-08-12T09:30:00-04:00
1419,536,AJG,CATALYST,4968,2026-08-13T20:00:00+02:00,2026-08-13,2026-08-13,2026-08-13T09:30:00-04:00
1425,201,AMCR,CATALYST,4980,2026-08-13T18:50:56+02:00,2026-08-13,2026-08-13,2026-08-13T09:30:00-04:00
1430,206,APA,CATALYST,5005,2026-08-12T18:53:22+02:00,2026-08-12,2026-08-12,2026-08-12T09:30:00-04:00
1437,538,ASH,CATALYST,5009,2026-08-13T16:28:00+02:00,2026-08-13,2026-08-13,2026-08-13T09:30:00-04:00
1443,539,AWI,CATALYST,5015,2026-08-12T16:50:00+02:00,2026-08-12,2026-08-12,2026-08-12T09:30:00-04:00
1444,217,AWK,CATALYST,5016,2026-08-13T18:46:00+02:00,2026-08-13,2026-08-13,2026-08-13T09:30:00-04:00
1449,219,BA,CATALYST,5019,2026-08-13T21:25:00+02:00,2026-08-13,2026-08-13,2026-08-13T09:30:00-04:00
1451,679,BBY,CATALYST,5039,2026-08-13T21:11:49+02:00,2026-08-13,2026-08-13,2026-08-13T09:30:00-04:00
1454,680,BCO,CATALYST,5041,2026-08-12T18:17:45+02:00,2026-08-12,2026-08-12,2026-08-12T09:30:00-04:00
1456,24,BEN,CATALYST,5043,2026-08-13T19:29:00+02:00,2026-08-13,2026-08-13,2026-08-13T09:30:00-04:00
1458,229,BIIB,CATALYST,5044,2026-08-13T15:52:01+02:00,2026-08-13,2026-08-13,2026-08-13T09:30:00-04:00
1461,488,URBN,CATALYST,5045,2026-08-13T20:13:00+02:00,2026-08-13,2026-08-13,2026-08-13T09:30:00-04:00
1462,489,URI,CATALYST,5048,2026-08-12T16:50:00+02:00,2026-08-12,2026-08-12,2026-08-12T09:30:00-04:00
1465,582,VAL,CATALYST,5068,2026-08-12T18:45:22+02:00,2026-08-12,2026-08-12,2026-08-12T09:30:00-04:00
1470,494,VRSN,CATALYST,5073,2026-08-13T17:25:01+02:00,2026-08-13,2026-08-13,2026-08-13T09:30:00-04:00
1473,496,VZ,CATALYST,5074,2026-08-13T19:51:00+02:00,2026-08-13,2026-08-13,2026-08-13T09:30:00-04:00
1478,499,WFC,CATALYST,5089,2026-08-13T18:05:00+02:00,2026-08-13,2026-08-13,2026-08-13T09:30:00-04:00
1482,501,WSM,CATALYST,5100,2026-08-13T19:17:00+02:00,2026-08-13,2026-08-13,2026-08-13T09:30:00-04:00
1486,730,WTW,CATALYST,5104,2026-08-13T20:00:00+02:00,2026-08-13,2026-08-13,2026-08-13T09:30:00-04:00
1489,731,XPO,CATALYST,5108,2026-08-13T16:02:44+02:00,2026-08-13,2026-08-13,2026-08-13T09:30:00-04:00
1490,732,XYZ,CATALYST,5109,2026-08-13T18:22:21+02:00,2026-08-13,2026-08-13,2026-08-13T09:30:00-04:00
1491,507,ZBH,CATALYST,5116,2026-08-13T19:49:00+02:00,2026-08-13,2026-08-13,2026-08-13T09:30:00-04:00
1497,448,SDRL,CATALYST,5347,2026-08-12T18:45:22+02:00,2026-08-12,2026-08-12,2026-08-12T09:30:00-04:00
1498,449,SE,CATALYST,5348,2026-08-13T16:44:46+02:00,2026-08-13,2026-08-13,2026-08-13T09:30:00-04:00
1501,452,SHW,CATALYST,5359,2026-08-13T15:55:02+02:00,2026-08-13,2026-08-13,2026-08-13T09:30:00-04:00
1503,457,SKYW,CATALYST,5360,2026-08-12T20:28:00+02:00,2026-08-12,2026-08-12,2026-08-12T09:30:00-04:00
1504,458,SLB,CATALYST,5361,2026-08-13T15:30:04+02:00,2026-08-13,2026-08-13,2026-08-13T09:30:00-04:00
1505,459,SLG,CATALYST,5362,2026-08-12T19:37:23+02:00,2026-08-12,2026-08-12,2026-08-12T09:30:00-04:00
1506,460,SLM,CATALYST,5363,2026-08-12T17:08:00+02:00,2026-08-12,2026-08-12,2026-08-12T09:30:00-04:00
1508,461,SMA,CATALYST,5364,2026-08-13T16:58:43+02:00,2026-08-13,2026-08-13,2026-08-13T09:30:00-04:00
1522,472,SYF,CATALYST,5375,2026-08-13T16:05:00+02:00,2026-08-13,2026-08-13,2026-08-13T09:30:00-04:00
1524,723,TALO,CATALYST,5380,2026-08-13T21:01:00+02:00,2026-08-13,2026-08-13,2026-08-13T09:30:00-04:00
1526,629,TDW,CATALYST,5386,2026-08-12T18:21:22+02:00,2026-08-12,2026-08-12,2026-08-12T09:30:00-04:00
1527,475,TDY,CATALYST,5387,2026-08-13T17:09:00+02:00,2026-08-13,2026-08-13,2026-08-13T09:30:00-04:00
1529,477,THG,CATALYST,5395,2026-08-12T17:35:00+02:00,2026-08-12,2026-08-12,2026-08-12T09:30:00-04:00
1533,168,TNK,CATALYST,5401,2026-08-12T20:18:00+02:00,2026-08-12,2026-08-12,2026-08-12T09:30:00-04:00
1534,630,TOST,CATALYST,5402,2026-08-13T15:35:00+02:00,2026-08-13,2026-08-13,2026-08-13T09:30:00-04:00
1536,480,TRU,CATALYST,5406,2026-08-13T16:47:00+02:00,2026-08-13,2026-08-13,2026-08-13T09:30:00-04:00
1537,482,TT,CATALYST,5409,2026-08-13T15:48:00+02:00,2026-08-13,2026-08-13,2026-08-13T09:30:00-04:00
1544,487,UNP,CATALYST,5411,2026-08-13T20:16:28+02:00,2026-08-13,2026-08-13,2026-08-13T09:30:00-04:00
1546,234,BKR,CATALYST,4706,2026-08-12T21:00:00+02:00,2026-08-12,2026-08-12,2026-08-12T09:30:00-04:00
1550,602,BN,CATALYST,4724,2026-08-13T19:17:02+02:00,2026-08-13,2026-08-13,2026-08-13T09:30:00-04:00
1553,242,BRO,CATALYST,4730,2026-08-13T20:00:00+02:00,2026-08-13,2026-08-13,2026-08-13T09:30:00-04:00
1555,243,BWA,CATALYST,4735,2026-08-12T16:37:32+02:00,2026-08-12,2026-08-12,2026-08-12T09:30:00-04:00
1561,249,CART,CATALYST,4751,2026-08-12T15:35:00+02:00,2026-08-12,2026-08-12,2026-08-12T09:30:00-04:00
1564,250,CBRE,CATALYST,4753,2026-08-12T17:46:09+02:00,2026-08-12,2026-08-12,2026-08-12T09:30:00-04:00
1565,251,CBRL,CATALYST,4755,2026-08-12T16:28:09+02:00,2026-08-12,2026-08-12,2026-08-12T09:30:00-04:00
1571,255,CHD,CATALYST,4759,2026-08-13T21:12:58+02:00,2026-08-13,2026-08-13,2026-08-13T09:30:00-04:00
1572,605,CHE,CATALYST,4762,2026-08-13T15:33:00+02:00,2026-08-13,2026-08-13,2026-08-13T09:30:00-04:00
1575,257,CL,CATALYST,4768,2026-08-12T17:40:02+02:00,2026-08-12,2026-08-12,2026-08-12T09:30:00-04:00
1577,258,CLH,CATALYST,4770,2026-08-13T15:48:00+02:00,2026-08-13,2026-08-13,2026-08-13T09:30:00-04:00
1578,687,CLMT,CATALYST,4775,2026-08-13T21:18:48+02:00,2026-08-13,2026-08-13,2026-08-13T09:30:00-04:00
1580,260,CNC,CATALYST,4779,2026-08-13T20:16:00+02:00,2026-08-13,2026-08-13,2026-08-13T09:30:00-04:00
1587,264,CON,CATALYST,4792,2026-08-12T17:12:12+02:00,2026-08-12,2026-08-12,2026-08-12T09:30:00-04:00
1588,265,COO,CATALYST,4793,2026-08-13T16:00:00+02:00,2026-08-13,2026-08-13,2026-08-13T09:30:00-04:00
1596,562,LYV,CATALYST,5420,2026-08-13T20:30:23+02:00,2026-08-13,2026-08-13,2026-08-13T09:30:00-04:00
1598,564,MATX,CATALYST,5423,2026-08-13T16:37:00+02:00,2026-08-13,2026-08-13,2026-08-13T09:30:00-04:00
1602,377,MD,CATALYST,5429,2026-08-13T17:53:00+02:00,2026-08-13,2026-08-13,2026-08-13T09:30:00-04:00
1603,378,MDLZ,CATALYST,5430,2026-08-13T16:00:00+02:00,2026-08-13,2026-08-13,2026-08-13T09:30:00-04:00
1604,708,MDT,CATALYST,5431,2026-08-13T15:30:03+02:00,2026-08-13,2026-08-13,2026-08-13T09:30:00-04:00
1609,383,MMM,CATALYST,5440,2026-08-12T18:01:00+02:00,2026-08-12,2026-08-12,2026-08-12T09:30:00-04:00
1614,387,MRSH,CATALYST,5460,2026-08-13T18:29:00+02:00,2026-08-13,2026-08-13,2026-08-13T09:30:00-04:00
1619,566,MSI,CATALYST,5474,2026-08-12T18:45:02+02:00,2026-08-12,2026-08-12,2026-08-12T09:30:00-04:00
1622,389,MTG,CATALYST,5477,2026-08-13T15:33:00+02:00,2026-08-13,2026-08-13,2026-08-13T09:30:00-04:00
1623,393,NDAQ,CATALYST,5478,2026-08-12T20:11:00+02:00,2026-08-12,2026-08-12,2026-08-12T09:30:00-04:00
1624,568,NE,CATALYST,5481,2026-08-13T16:13:00+02:00,2026-08-13,2026-08-13,2026-08-13T09:30:00-04:00
1629,398,NMIH,CATALYST,5483,2026-08-12T19:49:00+02:00,2026-08-12,2026-08-12,2026-08-12T09:30:00-04:00
1631,570,NOV,CATALYST,5485,2026-08-13T16:15:00+02:00,2026-08-13,2026-08-13,2026-08-13T09:30:00-04:00
1632,712,NOVT,CATALYST,5488,2026-08-13T15:53:16+02:00,2026-08-13,2026-08-13,2026-08-13T09:30:00-04:00
1633,713,NTRA,CATALYST,5490,2026-08-12T16:55:00+02:00,2026-08-12,2026-08-12,2026-08-12T09:30:00-04:00
1642,622,OII,CATALYST,5497,2026-08-13T16:15:00+02:00,2026-08-13,2026-08-13,2026-08-13T09:30:00-04:00
1649,696,FAST,CATALYST,5241,2026-08-13T17:30:02+02:00,2026-08-13,2026-08-13,2026-08-13T09:30:00-04:00
1650,306,FCNCA,CATALYST,5242,2026-08-12T16:16:42+02:00,2026-08-12,2026-08-12,2026-08-12T09:30:00-04:00
1651,307,FDS,CATALYST,5244,2026-08-13T16:47:00+02:00,2026-08-13,2026-08-13,2026-08-13T09:30:00-04:00
1652,551,FDX,CATALYST,5255,2026-08-13T21:47:00+02:00,2026-08-13,2026-08-13,2026-08-13T09:30:00-04:00
1653,309,FERG,CATALYST,5265,2026-08-13T19:20:13+02:00,2026-08-13,2026-08-13,2026-08-13T09:30:00-04:00
1656,310,FLS,CATALYST,5266,2026-08-13T16:01:00+02:00,2026-08-13,2026-08-13,2026-08-13T09:30:00-04:00
1664,313,FTV,CATALYST,5269,2026-08-12T17:12:33+02:00,2026-08-12,2026-08-12,2026-08-12T09:30:00-04:00
1666,698,GEHC,CATALYST,5276,2026-08-13T21:13:08+02:00,2026-08-13,2026-08-13,2026-08-13T09:30:00-04:00
1668,553,GFF,CATALYST,5281,2026-08-13T18:00:04+02:00,2026-08-13,2026-08-13,2026-08-13T09:30:00-04:00
1672,320,GM,CATALYST,5300,2026-08-13T19:25:00+02:00,2026-08-13,2026-08-13,2026-08-13T09:30:00-04:00
1673,524,GMED,CATALYST,5315,2026-08-13T17:53:00+02:00,2026-08-13,2026-08-13,2026-08-13T09:30:00-04:00
1676,85,HAS,CATALYST,5317,2026-08-13T19:01:00+02:00,2026-08-13,2026-08-13,2026-08-13T09:30:00-04:00
1688,94,HWM,CATALYST,5320,2026-08-13T18:45:03+02:00,2026-08-13,2026-08-13,2026-08-13T09:30:00-04:00
1689,645,IBKR,CATALYST,5321,2026-08-13T20:04:00+02:00,2026-08-13,2026-08-13,2026-08-13T09:30:00-04:00
1702,409,OXY,CATALYST,4883,2026-08-13T16:11:00+02:00,2026-08-13,2026-08-13,2026-08-13T09:30:00-04:00
1703,410,PAG,CATALYST,4886,2026-08-13T21:19:19+02:00,2026-08-13,2026-08-13,2026-08-13T09:30:00-04:00
1704,716,PCG,CATALYST,4888,2026-08-12T19:34:00+02:00,2026-08-12,2026-08-12,2026-08-12T09:30:00-04:00
1706,624,PFE,CATALYST,4890,2026-08-13T20:59:00+02:00,2026-08-13,2026-08-13,2026-08-13T09:30:00-04:00
1710,419,PJT,CATALYST,4909,2026-08-12T16:37:22+02:00,2026-08-12,2026-08-12,2026-08-12T09:30:00-04:00
1714,718,PRMB,CATALYST,4910,2026-08-13T16:37:00+02:00,2026-08-13,2026-08-13,2026-08-13T09:30:00-04:00
1719,719,QSR,CATALYST,4916,2026-08-12T19:43:38+02:00,2026-08-12,2026-08-12,2026-08-12T09:30:00-04:00
1737,440,RVTY,CATALYST,4935,2026-08-13T16:00:00+02:00,2026-08-13,2026-08-13,2026-08-13T09:30:00-04:00
1738,721,RYAN,CATALYST,4937,2026-08-13T18:29:00+02:00,2026-08-13,2026-08-13,2026-08-13T09:30:00-04:00
1739,441,RYN,CATALYST,4939,2026-08-13T16:16:11+02:00,2026-08-13,2026-08-13,2026-08-13T09:30:00-04:00
1744,445,SBLK,CATALYST,4945,2026-08-13T15:40:03+02:00,2026-08-13,2026-08-13,2026-08-13T09:30:00-04:00
1751,691,CVLT,CATALYST,5142,2026-08-13T16:45:00+02:00,2026-08-13,2026-08-13,2026-08-13T09:30:00-04:00
1753,692,CWK,CATALYST,5143,2026-08-13T21:00:00+02:00,2026-08-13,2026-08-13,2026-08-13T09:30:00-04:00
1755,53,DAL,CATALYST,5148,2026-08-13T19:29:00+02:00,2026-08-13,2026-08-13,2026-08-13T09:30:00-04:00
1757,544,DAR,CATALYST,5149,2026-08-13T16:37:00+02:00,2026-08-13,2026-08-13,2026-08-13T09:30:00-04:00
1760,276,DCO,CATALYST,5163,2026-08-13T15:54:38+02:00,2026-08-13,2026-08-13,2026-08-13T09:30:00-04:00
1766,518,DINO,CATALYST,5175,2026-08-13T16:20:00+02:00,2026-08-13,2026-08-13,2026-08-13T09:30:00-04:00
1767,282,DIS,CATALYST,5182,2026-08-13T18:09:51+02:00,2026-08-13,2026-08-13,2026-08-13T09:30:00-04:00
1774,286,DT,CATALYST,5196,2026-08-13T15:50:00+02:00,2026-08-13,2026-08-13,2026-08-13T09:30:00-04:00
1777,610,EAT,CATALYST,5204,2026-08-13T16:52:00+02:00,2026-08-13,2026-08-13,2026-08-13T09:30:00-04:00
1781,549,ELV,CATALYST,5218,2026-08-13T16:17:00+02:00,2026-08-13,2026-08-13,2026-08-13T09:30:00-04:00
1784,295,EMR,CATALYST,5221,2026-08-13T20:44:00+02:00,2026-08-13,2026-08-13,2026-08-13T09:30:00-04:00
1786,296,ENVA,CATALYST,5229,2026-08-13T17:13:33+02:00,2026-08-13,2026-08-13,2026-08-13T09:30:00-04:00
1794,302,EXPD,CATALYST,5237,2026-08-13T19:29:00+02:00,2026-08-13,2026-08-13,2026-08-13T09:30:00-04:00
1801,347,IRDM,CATALYST,4805,2026-08-13T20:58:07+02:00,2026-08-13,2026-08-13,2026-08-13T09:30:00-04:00
1805,350,ITRI,CATALYST,4815,2026-08-12T16:24:17+02:00,2026-08-12,2026-08-12,2026-08-12T09:30:00-04:00
1807,351,ITW,CATALYST,4817,2026-08-12T16:00:00+02:00,2026-08-12,2026-08-12,2026-08-12T09:30:00-04:00
1808,352,IVZ,CATALYST,4818,2026-08-13T16:06:00+02:00,2026-08-13,2026-08-13,2026-08-13T09:30:00-04:00
1810,701,JBHT,CATALYST,4830,2026-08-12T20:10:00+02:00,2026-08-12,2026-08-12,2026-08-12T09:30:00-04:00
1813,355,JEF,CATALYST,4832,2026-08-12T19:23:42+02:00,2026-08-12,2026-08-12,2026-08-12T09:30:00-04:00
1816,358,JXN,CATALYST,4837,2026-08-12T16:16:42+02:00,2026-08-12,2026-08-12,2026-08-12T09:30:00-04:00
1817,359,KAI,CATALYST,4838,2026-08-13T17:17:00+02:00,2026-08-13,2026-08-13,2026-08-13T09:30:00-04:00
1818,702,KDP,CATALYST,4841,2026-08-13T21:35:14+02:00,2026-08-13,2026-08-13,2026-08-13T09:30:00-04:00
1819,104,KEYS,CATALYST,4846,2026-08-13T17:10:00+02:00,2026-08-13,2026-08-13,2026-08-13T09:30:00-04:00
1825,363,KNSL,CATALYST,4855,2026-08-13T17:09:00+02:00,2026-08-13,2026-08-13,2026-08-13T09:30:00-04:00
1829,560,KYMR,CATALYST,4857,2026-08-12T19:14:04+02:00,2026-08-12,2026-08-12,2026-08-12T09:30:00-04:00
1832,109,LFST,CATALYST,4859,2026-08-13T18:00:02+02:00,2026-08-13,2026-08-13,2026-08-13T09:30:00-04:00
1834,704,LINE,CATALYST,4863,2026-08-12T19:14:13+02:00,2026-08-12,2026-08-12,2026-08-12T09:30:00-04:00
1838,368,LMT,CATALYST,4864,2026-08-13T20:43:00+02:00,2026-08-13,2026-08-13,2026-08-13T09:30:00-04:00
1843,371,LW,CATALYST,4878,2026-08-12T17:36:00+02:00,2026-08-12,2026-08-12,2026-08-12T09:30:00-04:00
1860,19,AVGO,CATALYST,5524,2026-08-12T20:07:57+02:00,2026-08-12,2026-08-12,2026-08-12T09:30:00-04:00
1861,20,AVT,CATALYST,5525,2026-08-12T18:58:35+02:00,2026-08-12,2026-08-12,2026-08-12T09:30:00-04:00
1901,64,ET,CATALYST,5532,2026-08-12T21:38:55+02:00,2026-08-12,2026-08-12,2026-08-12T09:30:00-04:00
1939,103,JPM,CATALYST,5502,2026-08-12T20:24:22+02:00,2026-08-12,2026-08-12,2026-08-12T09:30:00-04:00
1956,130,NVT,CATALYST,5516,2026-08-13T16:34:00+02:00,2026-08-13,2026-08-13,2026-08-13T09:30:00-04:00
1963,142,PRI,CATALYST,5517,2026-08-13T17:45:06+02:00,2026-08-13,2026-08-13,2026-08-13T09:30:00-04:00
1967,533,RPRX,CATALYST,5537,2026-08-13T15:35:01+02:00,2026-08-13,2026-08-13,2026-08-13T09:30:00-04:00
1970,670,STX,CATALYST,5539,2026-08-13T21:00:00+02:00,2026-08-13,2026-08-13,2026-08-13T09:30:00-04:00
1974,170,TXRH,CATALYST,5543,2026-08-13T18:00:02+02:00,2026-08-13,2026-08-13,2026-08-13T09:30:00-04:00
1980,187,XOM,CATALYST,5545,2026-08-13T18:32:00+02:00,2026-08-13,2026-08-13,2026-08-13T09:30:00-04:00
1981,188,XPEL,CATALYST,5546,2026-08-12T20:14:15+02:00,2026-08-12,2026-08-12,2026-08-12T09:30:00-04:00
1996,61,EME,CATALYST,5554,2026-08-14T16:54:00+02:00,2026-08-14,2026-08-14,2026-08-14T09:30:00-04:00
2002,66,EW,CATALYST,5560,2026-08-14T17:37:00+02:00,2026-08-14,2026-08-14,2026-08-14T09:30:00-04:00
2003,67,FAF,CATALYST,5561,2026-08-14T17:22:00+02:00,2026-08-14,2026-08-14,2026-08-14T09:30:00-04:00
2004,521,FANG,CATALYST,5562,2026-08-14T15:51:00+02:00,2026-08-14,2026-08-14,2026-08-14T09:30:00-04:00
2007,522,FFIV,CATALYST,5565,2026-08-14T20:29:00+02:00,2026-08-14,2026-08-14,2026-08-14T09:30:00-04:00
2011,72,FN,CATALYST,5566,2026-08-14T21:00:54+02:00,2026-08-14,2026-08-14,2026-08-14T09:30:00-04:00
2012,638,FORM,CATALYST,5570,2026-08-14T21:49:00+02:00,2026-08-14,2026-08-14,2026-08-14T09:30:00-04:00
2020,2,AEIS,CATALYST,5597,2026-08-14T18:13:00+02:00,2026-08-14,2026-08-14,2026-08-14T09:30:00-04:00
2021,4,AGNC,CATALYST,5598,2026-08-14T18:49:00+02:00,2026-08-14,2026-08-14,2026-08-14T09:30:00-04:00
2023,7,AIZ,CATALYST,5600,2026-08-14T20:05:00+02:00,2026-08-14,2026-08-14,2026-08-14T09:30:00-04:00
2028,10,AMZN,CATALYST,5604,2026-08-14T21:27:54+02:00,2026-08-14,2026-08-14,2026-08-14T09:30:00-04:00
2030,13,APH,CATALYST,5641,2026-08-14T16:01:00+02:00,2026-08-14,2026-08-14,2026-08-14T09:30:00-04:00
2035,19,AVGO,CATALYST,5646,2026-08-14T21:56:40+02:00,2026-08-14,2026-08-14,2026-08-14T09:30:00-04:00
2036,20,AVT,CATALYST,5667,2026-08-13T21:41:00+02:00,2026-08-13,2026-08-13,2026-08-13T09:30:00-04:00
2038,22,AX,CATALYST,5669,2026-08-13T21:29:18+02:00,2026-08-13,2026-08-13,2026-08-13T09:30:00-04:00
2039,635,AXP,CATALYST,5673,2026-08-14T19:33:54+02:00,2026-08-14,2026-08-14,2026-08-14T09:30:00-04:00
2048,31,CBOE,CATALYST,5678,2026-08-14T16:51:00+02:00,2026-08-14,2026-08-14,2026-08-14T09:30:00-04:00
2049,32,CCEP,CATALYST,5679,2026-08-14T17:04:06+02:00,2026-08-14,2026-08-14,2026-08-14T09:30:00-04:00
2052,662,CIEN,CATALYST,5680,2026-08-14T15:43:00+02:00,2026-08-14,2026-08-14,2026-08-14T09:30:00-04:00
2058,43,COP,CATALYST,5687,2026-08-14T21:00:54+02:00,2026-08-14,2026-08-14,2026-08-14T09:30:00-04:00
2064,516,CVX,CATALYST,5693,2026-08-14T21:00:54+02:00,2026-08-14,2026-08-14,2026-08-14T09:30:00-04:00
2066,53,DAL,CATALYST,5705,2026-08-14T17:30:05+02:00,2026-08-14,2026-08-14,2026-08-14T09:30:00-04:00
2069,663,DGX,CATALYST,5709,2026-08-14T18:00:02+02:00,2026-08-14,2026-08-14,2026-08-14T09:30:00-04:00
2071,102,JNJ,CATALYST,5767,2026-08-14T21:08:30+02:00,2026-08-14,2026-08-14,2026-08-14T09:30:00-04:00
2073,103,JPM,CATALYST,5774,2026-08-14T21:56:59+02:00,2026-08-14,2026-08-14,2026-08-14T09:30:00-04:00
2074,646,KEY,CATALYST,5805,2026-08-14T16:15:00+02:00,2026-08-14,2026-08-14,2026-08-14T09:30:00-04:00
2076,665,KMI,CATALYST,5808,2026-08-14T16:34:00+02:00,2026-08-14,2026-08-14,2026-08-14T09:30:00-04:00
2077,666,KTB,CATALYST,5810,2026-08-14T17:00:00+02:00,2026-08-14,2026-08-14,2026-08-14T09:30:00-04:00
2078,108,LECO,CATALYST,5811,2026-08-14T17:09:00+02:00,2026-08-14,2026-08-14,2026-08-14T09:30:00-04:00
2080,111,LLY,CATALYST,5812,2026-08-14T18:08:39+02:00,2026-08-14,2026-08-14,2026-08-14T09:30:00-04:00
2081,529,LNG,CATALYST,5818,2026-08-14T17:13:00+02:00,2026-08-14,2026-08-14,2026-08-14T09:30:00-04:00
2085,379,MEDP,CATALYST,5822,2026-08-14T17:30:00+02:00,2026-08-14,2026-08-14,2026-08-14T09:30:00-04:00
2088,117,MITK,CATALYST,5823,2026-08-14T19:33:54+02:00,2026-08-14,2026-08-14,2026-08-14T09:30:00-04:00
2091,121,MS,CATALYST,5824,2026-08-14T18:42:09+02:00,2026-08-14,2026-08-14,2026-08-14T09:30:00-04:00
2096,126,NLY,CATALYST,5831,2026-08-14T18:49:00+02:00,2026-08-14,2026-08-14,2026-08-14T09:30:00-04:00
2098,128,NVDA,CATALYST,5839,2026-08-14T21:49:00+02:00,2026-08-14,2026-08-14,2026-08-14T09:30:00-04:00
2101,130,NVT,CATALYST,5516,2026-08-13T16:34:00+02:00,2026-08-13,2026-08-13,2026-08-13T09:30:00-04:00
2107,136,OPY,CATALYST,5886,2026-08-14T17:00:16+02:00,2026-08-14,2026-08-14,2026-08-14T09:30:00-04:00
2109,651,OSCR,CATALYST,5889,2026-08-14T18:57:12+02:00,2026-08-14,2026-08-14,2026-08-14T09:30:00-04:00
2115,142,PRI,CATALYST,5517,2026-08-13T17:45:06+02:00,2026-08-13,2026-08-13,2026-08-13T09:30:00-04:00
2121,597,ROST,CATALYST,5714,2026-08-14T19:07:00+02:00,2026-08-14,2026-08-14,2026-08-14T09:30:00-04:00
2122,533,RPRX,CATALYST,5537,2026-08-13T15:35:01+02:00,2026-08-13,2026-08-13,2026-08-13T09:30:00-04:00
2123,534,RRC,CATALYST,5720,2026-08-14T16:34:00+02:00,2026-08-14,2026-08-14,2026-08-14T09:30:00-04:00
2124,668,RTX,CATALYST,5723,2026-08-14T19:22:02+02:00,2026-08-14,2026-08-14,2026-08-14T09:30:00-04:00
2128,157,SLDE,CATALYST,5729,2026-08-14T16:50:00+02:00,2026-08-14,2026-08-14,2026-08-14T09:30:00-04:00
2132,670,STX,CATALYST,5731,2026-08-14T21:49:00+02:00,2026-08-14,2026-08-14,2026-08-14T09:30:00-04:00
2133,627,SUN,CATALYST,5742,2026-08-14T15:30:04+02:00,2026-08-14,2026-08-14,2026-08-14T09:30:00-04:00
2135,657,TER,CATALYST,5743,2026-08-14T18:11:43+02:00,2026-08-14,2026-08-14,2026-08-14T09:30:00-04:00
2139,170,TXRH,CATALYST,5745,2026-08-14T18:31:00+02:00,2026-08-14,2026-08-14,2026-08-14T09:30:00-04:00
2140,171,UAL,CATALYST,5749,2026-08-14T17:30:05+02:00,2026-08-14,2026-08-14,2026-08-14T09:30:00-04:00
2142,173,VIK,CATALYST,5752,2026-08-14T16:26:00+02:00,2026-08-14,2026-08-14,2026-08-14T09:30:00-04:00
2143,175,VRTX,CATALYST,5756,2026-08-14T19:07:00+02:00,2026-08-14,2026-08-14,2026-08-14T09:30:00-04:00
2144,671,VSXY,CATALYST,5757,2026-08-14T18:29:00+02:00,2026-08-14,2026-08-14,2026-08-14T09:30:00-04:00
2149,183,WES,CATALYST,5759,2026-08-14T18:00:04+02:00,2026-08-14,2026-08-14,2026-08-14T09:30:00-04:00
2153,187,XOM,CATALYST,5762,2026-08-14T20:20:50+02:00,2026-08-14,2026-08-14,2026-08-14T09:30:00-04:00
2154,188,XPEL,CATALYST,5546,2026-08-12T20:14:15+02:00,2026-08-12,2026-08-12,2026-08-12T09:30:00-04:00
2155,189,ZWS,CATALYST,5766,2026-08-13T16:20:00+02:00,2026-08-13,2026-08-13,2026-08-13T09:30:00-04:00
2158,77,GD,CATALYST,5578,2026-08-14T21:00:54+02:00,2026-08-14,2026-08-14,2026-08-14T09:30:00-04:00
2159,642,GEV,CATALYST,5580,2026-08-14T19:00:13+02:00,2026-08-14,2026-08-14,2026-08-14T09:30:00-04:00
2161,81,GLNG,CATALYST,5584,2026-08-14T17:48:00+02:00,2026-08-14,2026-08-14,2026-08-14T09:30:00-04:00
2162,524,GMED,CATALYST,5586,2026-08-14T17:05:00+02:00,2026-08-14,2026-08-14,2026-08-14T09:30:00-04:00
2167,89,HEI,CATALYST,5587,2026-08-14T15:40:01+02:00,2026-08-14,2026-08-14,2026-08-14T09:30:00-04:00
2172,93,HUM,CATALYST,5590,2026-08-14T19:36:00+02:00,2026-08-14,2026-08-14,2026-08-14T09:30:00-04:00
2173,94,HWM,CATALYST,5592,2026-08-14T16:03:25+02:00,2026-08-14,2026-08-14,2026-08-14T09:30:00-04:00
2179,99,ITIC,CATALYST,5596,2026-08-14T19:45:00+02:00,2026-08-14,2026-08-14,2026-08-14T09:30:00-04:00
2181,668,RTX,CATALYST,6001,2026-08-14T21:31:22+02:00,2026-08-14,2026-08-14,2026-08-14T09:30:00-04:00
2182,535,SM,CATALYST,6004,2026-08-14T19:49:00+02:00,2026-08-14,2026-08-14,2026-08-14T09:30:00-04:00
2183,129,NVST,CATALYST,5934,2026-08-14T17:32:00+02:00,2026-08-14,2026-08-14,2026-08-14T09:30:00-04:00
2184,667,OCFC,CATALYST,5937,2026-08-14T18:45:00+02:00,2026-08-14,2026-08-14,2026-08-14T09:30:00-04:00
2185,69,FHI,CATALYST,5950,2026-08-14T17:45:02+02:00,2026-08-14,2026-08-14,2026-08-14T09:30:00-04:00
2187,202,AME,CATALYST,5958,2026-08-13T16:32:46+02:00,2026-08-13,2026-08-13,2026-08-13T09:30:00-04:00
2188,12,APG,CATALYST,5967,2026-08-13T18:42:42+02:00,2026-08-13,2026-08-13,2026-08-13T09:30:00-04:00
2190,21,AWR,CATALYST,5985,2026-08-14T20:18:00+02:00,2026-08-14,2026-08-14,2026-08-14T09:30:00-04:00
2193,275,CXW,CATALYST,5996,2026-08-14T16:29:00+02:00,2026-08-14,2026-08-14,2026-08-14T09:30:00-04:00
2194,1,A,CATALYST,6142,2026-08-14T20:48:25+02:00,2026-08-14,2026-08-14,2026-08-14T09:30:00-04:00
2196,6,AIR,CATALYST,6144,2026-08-14T17:11:56+02:00,2026-08-14,2026-08-14,2026-08-14T09:30:00-04:00
2197,197,AIT,CATALYST,6145,2026-08-14T18:26:00+02:00,2026-08-14,2026-08-14,2026-08-14T09:30:00-04:00
2198,734,AMD,CATALYST,6153,2026-08-14T21:57:00+02:00,2026-08-14,2026-08-14,2026-08-14T09:30:00-04:00
2200,736,BAP,CATALYST,6197,2026-08-14T18:04:31+02:00,2026-08-14,2026-08-14,2026-08-14T09:30:00-04:00
2205,49,CTS,CATALYST,6207,2026-08-13T17:40:02+02:00,2026-08-13,2026-08-13,2026-08-13T09:30:00-04:00
2206,185,WST,CATALYST,6110,2026-08-14T21:23:00+02:00,2026-08-14,2026-08-14,2026-08-14T09:30:00-04:00
2207,135,ONTO,CATALYST,6116,2026-08-14T18:11:43+02:00,2026-08-14,2026-08-14,2026-08-14T09:30:00-04:00
2209,744,PENG,CATALYST,6119,2026-08-14T21:49:00+02:00,2026-08-14,2026-08-14,2026-08-14T09:30:00-04:00
2210,745,PNFP,CATALYST,6121,2026-08-14T16:30:00+02:00,2026-08-14,2026-08-14,2026-08-14T09:30:00-04:00
2212,654,PWR,CATALYST,6125,2026-08-14T18:20:02+02:00,2026-08-14,2026-08-14,2026-08-14T09:30:00-04:00
2220,517,DDOG,CATALYST,6081,2026-08-14T19:10:00+02:00,2026-08-14,2026-08-14,2026-08-14T09:30:00-04:00
2221,56,DHT,CATALYST,6092,2026-08-14T17:57:00+02:00,2026-08-14,2026-08-14,2026-08-14T09:30:00-04:00
2224,78,GE,CATALYST,6097,2026-08-14T20:21:00+02:00,2026-08-14,2026-08-14,2026-08-14T09:30:00-04:00
2225,79,GEO,CATALYST,6105,2026-08-14T19:37:40+02:00,2026-08-14,2026-08-14,2026-08-14T09:30:00-04:00
2228,665,KMI,CATALYST,6014,2026-08-14T17:57:00+02:00,2026-08-14,2026-08-14,2026-08-14T09:30:00-04:00
2229,105,KN,CATALYST,6015,2026-08-13T20:01:00+02:00,2026-08-13,2026-08-13,2026-08-13T09:30:00-04:00
2231,107,LB,CATALYST,6019,2026-08-13T17:24:12+02:00,2026-08-13,2026-08-13,2026-08-13T09:30:00-04:00
2234,739,LTC,CATALYST,6026,2026-08-14T17:06:00+02:00,2026-08-14,2026-08-14,2026-08-14T09:30:00-04:00
2235,648,MGY,CATALYST,6027,2026-08-13T16:12:00+02:00,2026-08-13,2026-08-13,2026-08-13T09:30:00-04:00
2237,649,MPWR,CATALYST,6028,2026-08-14T17:25:00+02:00,2026-08-14,2026-08-14,2026-08-14T09:30:00-04:00
2238,121,MS,CATALYST,6032,2026-08-14T22:00:00+02:00,2026-08-14,2026-08-14,2026-08-14T09:30:00-04:00
2239,741,MU,CATALYST,6034,2026-08-14T21:57:00+02:00,2026-08-14,2026-08-14,2026-08-14T09:30:00-04:00
2241,742,OCC,EARNINGS,7149,2025-12-23T22:00:00+01:00,2025-12-23,2025-12-23,2025-12-23T09:30:00-05:00
2247,674,ADSK,CATALYST,6209,2026-08-14T21:44:18+02:00,2026-08-14,2026-08-14,2026-08-14T09:30:00-04:00
2248,195,ADUS,CATALYST,4957,2026-08-12T16:44:00+02:00,2026-08-12,2026-08-12,2026-08-12T09:30:00-04:00
2251,536,AJG,CATALYST,6213,2026-08-14T20:00:00+02:00,2026-08-14,2026-08-14,2026-08-14T09:30:00-04:00
2252,676,ALGN,CATALYST,6216,2026-08-14T17:32:00+02:00,2026-08-14,2026-08-14,2026-08-14T09:30:00-04:00
2254,677,ALLE,CATALYST,6221,2026-08-14T18:29:00+02:00,2026-08-14,2026-08-14,2026-08-14T09:30:00-04:00
2259,204,AMRX,CATALYST,6229,2026-08-14T17:02:00+02:00,2026-08-14,2026-08-14,2026-08-14T09:30:00-04:00
2261,678,ANF,CATALYST,6232,2026-08-14T18:53:00+02:00,2026-08-14,2026-08-14,2026-08-14T09:30:00-04:00
2264,208,APD,CATALYST,6235,2026-08-14T18:00:05+02:00,2026-08-14,2026-08-14,2026-08-14T09:30:00-04:00
2265,209,APO,CATALYST,6241,2026-08-14T21:12:01+02:00,2026-08-14,2026-08-14,2026-08-14T09:30:00-04:00
2266,600,APPF,CATALYST,6249,2026-08-14T18:45:02+02:00,2026-08-14,2026-08-14,2026-08-14T09:30:00-04:00
2269,538,ASH,CATALYST,5009,2026-08-13T16:28:00+02:00,2026-08-13,2026-08-13,2026-08-13T09:30:00-04:00
2273,539,AWI,CATALYST,5015,2026-08-12T16:50:00+02:00,2026-08-12,2026-08-12,2026-08-12T09:30:00-04:00
2274,217,AWK,CATALYST,6259,2026-08-14T20:42:00+02:00,2026-08-14,2026-08-14,2026-08-14T09:30:00-04:00
2275,540,AXTA,CATALYST,6261,2026-08-14T15:40:03+02:00,2026-08-14,2026-08-14,2026-08-14T09:30:00-04:00
2277,219,BA,CATALYST,6266,2026-08-14T21:31:22+02:00,2026-08-14,2026-08-14,2026-08-14T09:30:00-04:00
2278,221,BAM,CATALYST,6280,2026-08-14T21:12:01+02:00,2026-08-14,2026-08-14,2026-08-14T09:30:00-04:00
2279,223,BAX,CATALYST,6636,2026-08-14T21:23:00+02:00,2026-08-14,2026-08-14,2026-08-14T09:30:00-04:00
2280,679,BBY,CATALYST,5039,2026-08-13T21:11:49+02:00,2026-08-13,2026-08-13,2026-08-13T09:30:00-04:00
2285,229,BIIB,CATALYST,6642,2026-08-14T19:29:00+02:00,2026-08-14,2026-08-14,2026-08-14T09:30:00-04:00
2286,232,BJRI,CATALYST,6645,2026-08-14T17:40:02+02:00,2026-08-14,2026-08-14,2026-08-14T09:30:00-04:00
2287,233,BKH,CATALYST,6652,2026-08-14T16:14:16+02:00,2026-08-14,2026-08-14,2026-08-14T09:30:00-04:00
2288,749,BKNG,CATALYST,6653,2026-08-14T19:36:00+02:00,2026-08-14,2026-08-14,2026-08-14T09:30:00-04:00
2289,234,BKR,CATALYST,6660,2026-08-14T19:07:38+02:00,2026-08-14,2026-08-14,2026-08-14T09:30:00-04:00
2291,235,BLK,CATALYST,6663,2026-08-14T21:12:01+02:00,2026-08-14,2026-08-14,2026-08-14T09:30:00-04:00
2292,236,BLTE,CATALYST,6689,2026-08-14T17:11:52+02:00,2026-08-14,2026-08-14,2026-08-14T09:30:00-04:00
2293,237,BMRN,CATALYST,6691,2026-08-14T15:40:02+02:00,2026-08-14,2026-08-14,2026-08-14T09:30:00-04:00
2294,238,BMY,CATALYST,6696,2026-08-14T21:25:00+02:00,2026-08-14,2026-08-14,2026-08-14T09:30:00-04:00
2295,603,BOW,CATALYST,6700,2026-08-14T20:53:00+02:00,2026-08-14,2026-08-14,2026-08-14T09:30:00-04:00
2297,242,BRO,CATALYST,6702,2026-08-14T20:00:00+02:00,2026-08-14,2026-08-14,2026-08-14T09:30:00-04:00
2298,243,BWA,CATALYST,4735,2026-08-12T16:37:32+02:00,2026-08-12,2026-08-12,2026-08-12T09:30:00-04:00
2299,244,BX,CATALYST,6706,2026-08-14T21:12:01+02:00,2026-08-14,2026-08-14,2026-08-14T09:30:00-04:00
2301,684,C,CATALYST,6717,2026-08-14T18:44:00+02:00,2026-08-14,2026-08-14,2026-08-14T09:30:00-04:00
2302,247,CAH,CATALYST,6728,2026-08-14T20:29:48+02:00,2026-08-14,2026-08-14,2026-08-14T09:30:00-04:00
2305,250,CBRE,CATALYST,6742,2026-08-14T20:50:00+02:00,2026-08-14,2026-08-14,2026-08-14T09:30:00-04:00
2306,251,CBRL,CATALYST,4755,2026-08-12T16:28:09+02:00,2026-08-12,2026-08-12,2026-08-12T09:30:00-04:00
2308,255,CHD,CATALYST,6744,2026-08-14T18:04:00+02:00,2026-08-14,2026-08-14,2026-08-14T09:30:00-04:00
2309,605,CHE,CATALYST,6748,2026-08-14T17:33:00+02:00,2026-08-14,2026-08-14,2026-08-14T09:30:00-04:00
2310,256,CHEF,CATALYST,6749,2026-08-13T18:03:00+02:00,2026-08-13,2026-08-13,2026-08-13T09:30:00-04:00
2312,258,CLH,CATALYST,6750,2026-08-14T19:01:00+02:00,2026-08-14,2026-08-14,2026-08-14T09:30:00-04:00
2313,687,CLMT,CATALYST,4775,2026-08-13T21:18:48+02:00,2026-08-13,2026-08-13,2026-08-13T09:30:00-04:00
2314,259,CLX,CATALYST,6757,2026-08-13T17:07:56+02:00,2026-08-13,2026-08-13,2026-08-13T09:30:00-04:00
2317,688,CNMD,CATALYST,6763,2026-08-14T21:23:00+02:00,2026-08-14,2026-08-14,2026-08-14T09:30:00-04:00
2318,265,COO,CATALYST,6764,2026-08-14T17:05:00+02:00,2026-08-14,2026-08-14,2026-08-14T09:30:00-04:00
2319,690,CORT,CATALYST,6766,2026-08-14T17:04:04+02:00,2026-08-14,2026-08-14,2026-08-14T09:30:00-04:00
2320,44,CPAY,CATALYST,6767,2026-08-14T18:04:32+02:00,2026-08-14,2026-08-14,2026-08-14T09:30:00-04:00
2325,269,CRWD,CATALYST,6306,2026-08-14T21:44:18+02:00,2026-08-14,2026-08-14,2026-08-14T09:30:00-04:00
2326,270,CSL,CATALYST,6315,2026-08-14T18:37:00+02:00,2026-08-14,2026-08-14,2026-08-14T09:30:00-04:00
2329,273,CWT,CATALYST,6320,2026-08-14T20:18:00+02:00,2026-08-14,2026-08-14,2026-08-14T09:30:00-04:00
2330,608,DAN,CATALYST,6322,2026-08-13T19:15:08+02:00,2026-08-13,2026-08-13,2026-08-13T09:30:00-04:00
2331,544,DAR,CATALYST,6324,2026-08-14T19:37:40+02:00,2026-08-14,2026-08-14,2026-08-14T09:30:00-04:00
2332,545,DASH,CATALYST,6327,2026-08-14T17:00:33+02:00,2026-08-14,2026-08-14,2026-08-14T09:30:00-04:00
2335,276,DCO,CATALYST,5163,2026-08-13T15:54:38+02:00,2026-08-13,2026-08-13,2026-08-13T09:30:00-04:00
2338,282,DIS,CATALYST,6341,2026-08-14T20:23:58+02:00,2026-08-14,2026-08-14,2026-08-14T09:30:00-04:00
2339,283,DLTR,CATALYST,6348,2026-08-14T16:07:00+02:00,2026-08-14,2026-08-14,2026-08-14T09:30:00-04:00
2341,285,DRI,CATALYST,6350,2026-08-14T18:31:00+02:00,2026-08-14,2026-08-14,2026-08-14T09:30:00-04:00
2345,610,EAT,CATALYST,6361,2026-08-14T18:31:00+02:00,2026-08-14,2026-08-14,2026-08-14T09:30:00-04:00
2348,549,ELV,CATALYST,6367,2026-08-14T17:30:03+02:00,2026-08-14,2026-08-14,2026-08-14T09:30:00-04:00
2350,295,EMR,CATALYST,5221,2026-08-13T20:44:00+02:00,2026-08-13,2026-08-13,2026-08-13T09:30:00-04:00
2352,296,ENVA,CATALYST,6371,2026-08-14T18:45:02+02:00,2026-08-14,2026-08-14,2026-08-14T09:30:00-04:00
2355,301,EXLS,CATALYST,6372,2026-08-14T18:45:03+02:00,2026-08-14,2026-08-14,2026-08-14T09:30:00-04:00
2356,302,EXPD,CATALYST,6374,2026-08-14T19:45:00+02:00,2026-08-14,2026-08-14,2026-08-14T09:30:00-04:00
2358,751,F,CATALYST,6583,2026-08-14T20:48:25+02:00,2026-08-14,2026-08-14,2026-08-14T09:30:00-04:00
2359,696,FAST,CATALYST,6597,2026-08-14T16:28:00+02:00,2026-08-14,2026-08-14,2026-08-14T09:30:00-04:00
2360,306,FCNCA,CATALYST,6598,2026-08-13T21:49:00+02:00,2026-08-13,2026-08-13,2026-08-13T09:30:00-04:00
2362,551,FDX,CATALYST,5255,2026-08-13T21:47:00+02:00,2026-08-13,2026-08-13,2026-08-13T09:30:00-04:00
2363,309,FERG,CATALYST,5265,2026-08-13T19:20:13+02:00,2026-08-13,2026-08-13,2026-08-13T09:30:00-04:00
2364,310,FLS,CATALYST,6609,2026-08-14T18:41:00+02:00,2026-08-14,2026-08-14,2026-08-14T09:30:00-04:00
2365,312,FSS,CATALYST,6610,2026-08-13T17:40:02+02:00,2026-08-13,2026-08-13,2026-08-13T09:30:00-04:00
2367,313,FTV,CATALYST,5269,2026-08-12T17:12:33+02:00,2026-08-12,2026-08-12,2026-08-12T09:30:00-04:00
2368,314,FUL,CATALYST,6612,2026-08-14T17:11:10+02:00,2026-08-14,2026-08-14,2026-08-14T09:30:00-04:00
2373,753,GHC,CATALYST,6619,2026-08-14T19:10:04+02:00,2026-08-14,2026-08-14,2026-08-14T09:30:00-04:00
2374,317,GILD,CATALYST,6622,2026-08-14T19:07:00+02:00,2026-08-14,2026-08-14,2026-08-14T09:30:00-04:00
2375,318,GL,CATALYST,6623,2026-08-14T20:21:00+02:00,2026-08-14,2026-08-14,2026-08-14T09:30:00-04:00
2376,319,GLBE,CATALYST,6624,2026-08-14T17:33:00+02:00,2026-08-14,2026-08-14,2026-08-14T09:30:00-04:00
2377,320,GM,CATALYST,6626,2026-08-14T18:35:00+02:00,2026-08-14,2026-08-14,2026-08-14T09:30:00-04:00
2379,321,GPC,CATALYST,6631,2026-08-13T15:55:01+02:00,2026-08-13,2026-08-13,2026-08-13T09:30:00-04:00
2381,85,HAS,CATALYST,5317,2026-08-13T19:01:00+02:00,2026-08-13,2026-08-13,2026-08-13T09:30:00-04:00
2388,755,HXL,CATALYST,6635,2026-08-13T16:21:00+02:00,2026-08-13,2026-08-13,2026-08-13T09:30:00-04:00
2389,699,ICE,CATALYST,6770,2026-08-14T18:31:14+02:00,2026-08-14,2026-08-14,2026-08-14T09:30:00-04:00
2390,557,ICFI,CATALYST,6779,2026-08-14T18:04:33+02:00,2026-08-14,2026-08-14,2026-08-14T09:30:00-04:00
2391,612,ICUI,CATALYST,6780,2026-08-14T20:13:00+02:00,2026-08-14,2026-08-14,2026-08-14T09:30:00-04:00
2401,350,ITRI,CATALYST,6785,2026-08-14T18:45:00+02:00,2026-08-14,2026-08-14,2026-08-14T09:30:00-04:00
2402,351,ITW,CATALYST,4817,2026-08-12T16:00:00+02:00,2026-08-12,2026-08-12,2026-08-12T09:30:00-04:00
2404,353,J,CATALYST,6789,2026-08-13T18:45:00+02:00,2026-08-13,2026-08-13,2026-08-13T09:30:00-04:00
2407,356,JLL,CATALYST,6794,2026-08-14T20:50:00+02:00,2026-08-14,2026-08-14,2026-08-14T09:30:00-04:00
2408,358,JXN,CATALYST,4837,2026-08-12T16:16:42+02:00,2026-08-12,2026-08-12,2026-08-12T09:30:00-04:00
2409,359,KAI,CATALYST,4838,2026-08-13T17:17:00+02:00,2026-08-13,2026-08-13,2026-08-13T09:30:00-04:00
2411,361,KFY,CATALYST,6800,2026-08-14T17:45:04+02:00,2026-08-14,2026-08-14,2026-08-14T09:30:00-04:00
2412,614,KKR,CATALYST,6803,2026-08-14T21:12:01+02:00,2026-08-14,2026-08-14,2026-08-14T09:30:00-04:00
2413,703,KMB,CATALYST,6812,2026-08-14T18:04:00+02:00,2026-08-14,2026-08-14,2026-08-14T09:30:00-04:00
2416,363,KNSL,CATALYST,6821,2026-08-13T20:29:00+02:00,2026-08-13,2026-08-13,2026-08-13T09:30:00-04:00
2419,560,KYMR,CATALYST,4857,2026-08-12T19:14:04+02:00,2026-08-12,2026-08-12,2026-08-12T09:30:00-04:00
2421,109,LFST,CATALYST,6822,2026-08-14T17:25:00+02:00,2026-08-14,2026-08-14,2026-08-14T09:30:00-04:00
2422,615,LFUS,CATALYST,6823,2026-08-13T17:40:02+02:00,2026-08-13,2026-08-13,2026-08-13T09:30:00-04:00
2425,705,LKNCY,CATALYST,6825,2026-08-14T18:20:02+02:00,2026-08-14,2026-08-14,2026-08-14T09:30:00-04:00
2426,368,LMT,CATALYST,6827,2026-08-14T21:31:22+02:00,2026-08-14,2026-08-14,2026-08-14T09:30:00-04:00
2428,371,LW,CATALYST,4878,2026-08-12T17:36:00+02:00,2026-08-12,2026-08-12,2026-08-12T09:30:00-04:00
2431,562,LYV,CATALYST,5420,2026-08-13T20:30:23+02:00,2026-08-13,2026-08-13,2026-08-13T09:30:00-04:00
2433,564,MATX,CATALYST,5423,2026-08-13T16:37:00+02:00,2026-08-13,2026-08-13,2026-08-13T09:30:00-04:00
2435,376,MCK,CATALYST,6381,2026-08-14T17:36:00+02:00,2026-08-14,2026-08-14,2026-08-14T09:30:00-04:00
2436,707,MCO,CATALYST,6383,2026-08-14T15:45:41+02:00,2026-08-14,2026-08-14,2026-08-14T09:30:00-04:00
2437,377,MD,CATALYST,5429,2026-08-13T17:53:00+02:00,2026-08-13,2026-08-13,2026-08-13T09:30:00-04:00
2438,378,MDLZ,CATALYST,5430,2026-08-13T16:00:00+02:00,2026-08-13,2026-08-13,2026-08-13T09:30:00-04:00
2440,383,MMM,CATALYST,6384,2026-08-14T18:37:00+02:00,2026-08-14,2026-08-14,2026-08-14T09:30:00-04:00
2441,758,MMYT,CATALYST,6387,2026-08-14T17:29:38+02:00,2026-08-14,2026-08-14,2026-08-14T09:30:00-04:00
2442,759,MOH,CATALYST,6388,2026-08-13T16:05:22+02:00,2026-08-13,2026-08-13,2026-08-13T09:30:00-04:00
2443,384,MORN,CATALYST,6392,2026-08-13T18:13:00+02:00,2026-08-13,2026-08-13,2026-08-13T09:30:00-04:00
2444,386,MRK,CATALYST,6393,2026-08-14T21:25:00+02:00,2026-08-14,2026-08-14,2026-08-14T09:30:00-04:00
2446,387,MRSH,CATALYST,5460,2026-08-13T18:29:00+02:00,2026-08-13,2026-08-13,2026-08-13T09:30:00-04:00
2448,620,MSGS,CATALYST,6397,2026-08-14T20:48:22+02:00,2026-08-14,2026-08-14,2026-08-14T09:30:00-04:00
2449,566,MSI,CATALYST,6402,2026-08-14T17:04:29+02:00,2026-08-14,2026-08-14,2026-08-14T09:30:00-04:00
2453,389,MTG,CATALYST,5477,2026-08-13T15:33:00+02:00,2026-08-13,2026-08-13,2026-08-13T09:30:00-04:00
2454,393,NDAQ,CATALYST,6406,2026-08-14T16:51:00+02:00,2026-08-14,2026-08-14,2026-08-14T09:30:00-04:00
2455,568,NE,CATALYST,5481,2026-08-13T16:13:00+02:00,2026-08-13,2026-08-13,2026-08-13T09:30:00-04:00
2459,397,NKTR,CATALYST,6407,2026-08-14T17:02:00+02:00,2026-08-14,2026-08-14,2026-08-14T09:30:00-04:00
2461,570,NOV,CATALYST,5485,2026-08-13T16:15:00+02:00,2026-08-13,2026-08-13,2026-08-13T09:30:00-04:00
2465,761,NU,CATALYST,6415,2026-08-14T19:53:49+02:00,2026-08-14,2026-08-14,2026-08-14T09:30:00-04:00
2470,622,OII,CATALYST,5497,2026-08-13T16:15:00+02:00,2026-08-13,2026-08-13,2026-08-13T09:30:00-04:00
2474,571,OVV,CATALYST,6484,2026-08-13T19:43:03+02:00,2026-08-13,2026-08-13,2026-08-13T09:30:00-04:00
2475,762,OWL,CATALYST,6485,2026-08-14T20:14:15+02:00,2026-08-14,2026-08-14,2026-08-14T09:30:00-04:00
2476,409,OXY,CATALYST,6487,2026-08-14T16:37:00+02:00,2026-08-14,2026-08-14,2026-08-14T09:30:00-04:00
2477,410,PAG,CATALYST,4886,2026-08-13T21:19:19+02:00,2026-08-13,2026-08-13,2026-08-13T09:30:00-04:00
2478,411,PANW,CATALYST,6492,2026-08-14T17:11:10+02:00,2026-08-14,2026-08-14,2026-08-14T09:30:00-04:00
2481,716,PCG,CATALYST,4888,2026-08-12T19:34:00+02:00,2026-08-12,2026-08-12,2026-08-12T09:30:00-04:00
2484,624,PFE,CATALYST,6507,2026-08-14T21:51:28+02:00,2026-08-14,2026-08-14,2026-08-14T09:30:00-04:00
2486,419,PJT,CATALYST,6520,2026-08-13T18:45:04+02:00,2026-08-13,2026-08-13,2026-08-13T09:30:00-04:00
2487,717,PK,CATALYST,6521,2026-08-14T17:06:00+02:00,2026-08-14,2026-08-14,2026-08-14T09:30:00-04:00
2488,763,PM,CATALYST,6522,2026-08-14T18:22:00+02:00,2026-08-14,2026-08-14,2026-08-14T09:30:00-04:00
2492,719,QSR,CATALYST,6526,2026-08-14T15:36:00+02:00,2026-08-14,2026-08-14,2026-08-14T09:30:00-04:00
2494,575,RAL,CATALYST,6527,2026-08-14T16:24:00+02:00,2026-08-14,2026-08-14,2026-08-14T09:30:00-04:00
2496,626,RITM,CATALYST,6529,2026-08-14T18:49:00+02:00,2026-08-14,2026-08-14,2026-08-14T09:30:00-04:00
2498,433,RLI,CATALYST,6533,2026-08-14T16:49:00+02:00,2026-08-14,2026-08-14,2026-08-14T09:30:00-04:00
2502,436,ROP,CATALYST,6539,2026-08-14T18:32:00+02:00,2026-08-14,2026-08-14,2026-08-14T09:30:00-04:00
2506,440,RVTY,CATALYST,4935,2026-08-13T16:00:00+02:00,2026-08-13,2026-08-13,2026-08-13T09:30:00-04:00
2513,448,SDRL,CATALYST,5347,2026-08-12T18:45:22+02:00,2026-08-12,2026-08-12,2026-08-12T09:30:00-04:00
2514,449,SE,CATALYST,6544,2026-08-14T20:39:46+02:00,2026-08-14,2026-08-14,2026-08-14T09:30:00-04:00
2515,452,SHW,CATALYST,6547,2026-08-13T17:43:28+02:00,2026-08-13,2026-08-13,2026-08-13T09:30:00-04:00
2516,455,SJM,CATALYST,6549,2026-08-14T18:10:01+02:00,2026-08-14,2026-08-14,2026-08-14T09:30:00-04:00
2518,457,SKYW,CATALYST,5360,2026-08-12T20:28:00+02:00,2026-08-12,2026-08-12,2026-08-12T09:30:00-04:00
2520,459,SLG,CATALYST,5362,2026-08-12T19:37:23+02:00,2026-08-12,2026-08-12,2026-08-12T09:30:00-04:00
2521,460,SLM,CATALYST,6555,2026-08-13T17:52:00+02:00,2026-08-13,2026-08-13,2026-08-13T09:30:00-04:00
2522,461,SMA,CATALYST,5364,2026-08-13T16:58:43+02:00,2026-08-13,2026-08-13,2026-08-13T09:30:00-04:00
2523,463,SOLV,CATALYST,6556,2026-08-14T17:35:00+02:00,2026-08-14,2026-08-14,2026-08-14T09:30:00-04:00
2525,466,SSNC,CATALYST,6559,2026-08-13T18:22:21+02:00,2026-08-13,2026-08-13,2026-08-13T09:30:00-04:00
2527,469,STT,CATALYST,6561,2026-08-14T18:02:39+02:00,2026-08-14,2026-08-14,2026-08-14T09:30:00-04:00
2532,628,TAL,CATALYST,6566,2026-08-13T19:11:46+02:00,2026-08-13,2026-08-13,2026-08-13T09:30:00-04:00
2533,723,TALO,CATALYST,5380,2026-08-13T21:01:00+02:00,2026-08-13,2026-08-13,2026-08-13T09:30:00-04:00
2536,475,TDY,CATALYST,6572,2026-08-14T21:35:43+02:00,2026-08-14,2026-08-14,2026-08-14T09:30:00-04:00
2537,724,TFX,CATALYST,6573,2026-08-14T21:10:37+02:00,2026-08-14,2026-08-14,2026-08-14T09:30:00-04:00
2538,477,THG,CATALYST,6575,2026-08-14T21:42:00+02:00,2026-08-14,2026-08-14,2026-08-14T09:30:00-04:00
2543,168,TNK,CATALYST,6430,2026-08-14T19:37:40+02:00,2026-08-14,2026-08-14,2026-08-14T09:30:00-04:00
2544,630,TOST,CATALYST,6432,2026-08-14T16:42:00+02:00,2026-08-14,2026-08-14,2026-08-14T09:30:00-04:00
2545,767,TRGP,CATALYST,6434,2026-08-14T15:51:00+02:00,2026-08-14,2026-08-14,2026-08-14T09:30:00-04:00
2547,482,TT,CATALYST,6437,2026-08-14T17:04:15+02:00,2026-08-14,2026-08-14,2026-08-14T09:30:00-04:00
2553,487,UNP,CATALYST,5411,2026-08-13T20:16:28+02:00,2026-08-13,2026-08-13,2026-08-13T09:30:00-04:00
2554,488,URBN,CATALYST,6439,2026-08-14T16:22:00+02:00,2026-08-14,2026-08-14,2026-08-14T09:30:00-04:00
2555,489,URI,CATALYST,5048,2026-08-12T16:50:00+02:00,2026-08-12,2026-08-12,2026-08-12T09:30:00-04:00
2556,769,USFD,CATALYST,6440,2026-08-14T18:45:02+02:00,2026-08-14,2026-08-14,2026-08-14T09:30:00-04:00
2558,582,VAL,CATALYST,6445,2026-08-13T17:43:28+02:00,2026-08-13,2026-08-13,2026-08-13T09:30:00-04:00
2563,496,VZ,CATALYST,6446,2026-08-14T17:24:00+02:00,2026-08-14,2026-08-14,2026-08-14T09:30:00-04:00
2565,499,WFC,CATALYST,6456,2026-08-14T20:59:56+02:00,2026-08-14,2026-08-14,2026-08-14T09:30:00-04:00
2568,501,WSM,CATALYST,6467,2026-08-14T19:17:00+02:00,2026-08-14,2026-08-14,2026-08-14T09:30:00-04:00
2571,730,WTW,CATALYST,6469,2026-08-14T20:00:00+02:00,2026-08-14,2026-08-14,2026-08-14T09:30:00-04:00
2572,731,XPO,CATALYST,5108,2026-08-13T16:02:44+02:00,2026-08-13,2026-08-13,2026-08-13T09:30:00-04:00
2573,732,XYZ,CATALYST,6473,2026-08-14T20:39:46+02:00,2026-08-14,2026-08-14,2026-08-14T09:30:00-04:00
2574,507,ZBH,CATALYST,6477,2026-08-14T21:23:00+02:00,2026-08-14,2026-08-14,2026-08-14T09:30:00-04:00
2578,649,MPWR,CATALYST,6883,2026-08-14T19:10:00+02:00,2026-08-14,2026-08-14,2026-08-14T09:30:00-04:00
2579,623,OKTA,CATALYST,6943,2026-08-14T21:44:18+02:00,2026-08-14,2026-08-14,2026-08-14T09:30:00-04:00
2581,288,DXCM,CATALYST,6994,2026-08-14T18:42:02+02:00,2026-08-14,2026-08-14,2026-08-14T09:30:00-04:00
2582,571,OVV,CATALYST,7104,2026-08-14T19:31:47+02:00,2026-08-14,2026-08-14,2026-08-14T09:30:00-04:00
2583,411,PANW,CATALYST,7105,2026-08-14T20:27:26+02:00,2026-08-14,2026-08-14,2026-08-14T09:30:00-04:00
2586,7,AIZ,CATALYST,7600,2026-08-18T16:45:33+02:00,2026-08-18,2026-08-18,2026-08-18T09:30:00-04:00
2587,10,AMZN,CATALYST,7601,2026-08-18T19:45:00+02:00,2026-08-18,2026-08-18,2026-08-18T09:30:00-04:00
2588,103,JPM,CATALYST,7650,2026-08-18T19:30:31+02:00,2026-08-18,2026-08-18,2026-08-18T09:30:00-04:00
2590,8,ALSN,CATALYST,7668,2026-08-18T18:05:33+02:00,2026-08-18,2026-08-18,2026-08-18T09:30:00-04:00
2592,772,ARW,CATALYST,7669,2026-08-18T17:12:23+02:00,2026-08-18,2026-08-18,2026-08-18T09:30:00-04:00
2594,23,AYI,CATALYST,7672,2026-08-18T17:40:03+02:00,2026-08-18,2026-08-18,2026-08-18T09:30:00-04:00
2595,24,BEN,CATALYST,7676,2026-08-18T17:17:33+02:00,2026-08-18,2026-08-18,2026-08-18T09:30:00-04:00
2599,516,CVX,CATALYST,7680,2026-08-18T17:00:00+02:00,2026-08-18,2026-08-18,2026-08-18T09:30:00-04:00
2604,65,ETN,CATALYST,7691,2026-08-18T18:26:00+02:00,2026-08-18,2026-08-18,2026-08-18T09:30:00-04:00
2605,521,FANG,CATALYST,7693,2026-08-18T16:27:00+02:00,2026-08-18,2026-08-18,2026-08-18T09:30:00-04:00
2606,776,FCFS,CATALYST,7697,2026-08-18T15:40:04+02:00,2026-08-18,2026-08-18,2026-08-18T09:30:00-04:00
2608,78,GE,CATALYST,7698,2026-08-18T18:44:00+02:00,2026-08-18,2026-08-18,2026-08-18T09:30:00-04:00
2609,645,IBKR,CATALYST,7702,2026-08-18T16:00:00+02:00,2026-08-18,2026-08-18,2026-08-18T09:30:00-04:00
2612,593,JBL,CATALYST,7704,2026-08-18T16:19:00+02:00,2026-08-18,2026-08-18,2026-08-18T09:30:00-04:00
2613,102,JNJ,CATALYST,7707,2026-08-18T17:13:05+02:00,2026-08-18,2026-08-18,2026-08-18T09:30:00-04:00
2614,104,KEYS,CATALYST,7714,2026-08-18T16:00:00+02:00,2026-08-18,2026-08-18,2026-08-18T09:30:00-04:00
2615,779,KGS,CATALYST,7432,2026-08-17T18:10:11+02:00,2026-08-17,2026-08-17,2026-08-17T09:30:00-04:00
2618,738,LOAR,CATALYST,7715,2026-08-18T15:40:03+02:00,2026-08-18,2026-08-18,2026-08-18T09:30:00-04:00
2619,648,MGY,CATALYST,7470,2026-08-17T16:35:00+02:00,2026-08-17,2026-08-17,2026-08-17T09:30:00-04:00
2622,121,MS,CATALYST,7716,2026-08-18T18:36:44+02:00,2026-08-18,2026-08-18,2026-08-18T09:30:00-04:00
2629,785,SNX,CATALYST,7722,2026-08-17T15:55:02+02:00,2026-08-17,2026-08-17,2026-08-17T09:30:00-04:00
2630,669,STNG,CATALYST,7364,2026-08-17T15:50:20+02:00,2026-08-17,2026-08-17,2026-08-17T09:30:00-04:00
2632,179,WAB,CATALYST,7375,2026-08-17T18:22:20+02:00,2026-08-17,2026-08-17,2026-08-17T09:30:00-04:00
2634,187,XOM,CATALYST,7725,2026-08-18T18:09:36+02:00,2026-08-18,2026-08-18,2026-08-18T09:30:00-04:00
2635,10,AMZN,CATALYST,7732,2026-08-18T19:53:10+02:00,2026-08-18,2026-08-18,2026-08-18T09:30:00-04:00
2640,645,IBKR,CATALYST,7734,2026-08-18T16:36:00+02:00,2026-08-18,2026-08-18,2026-08-18T09:30:00-04:00
2649,1,A,CATALYST,7735,2026-08-18T17:40:03+02:00,2026-08-18,2026-08-18,2026-08-18T09:30:00-04:00
2654,197,AIT,CATALYST,7740,2026-08-19T16:28:00+02:00,2026-08-19,2026-08-19,2026-08-19T09:30:00-04:00
2656,202,AME,CATALYST,7741,2026-08-19T15:40:03+02:00,2026-08-19,2026-08-19,2026-08-19T09:30:00-04:00
2658,203,AMP,CATALYST,7742,2026-08-19T17:40:02+02:00,2026-08-19,2026-08-19,2026-08-19T09:30:00-04:00
2660,11,ANET,CATALYST,7794,2026-08-19T18:22:00+02:00,2026-08-19,2026-08-19,2026-08-19T09:30:00-04:00
2663,634,ARMK,CATALYST,7802,2026-08-19T18:00:00+02:00,2026-08-19,2026-08-19,2026-08-19T09:30:00-04:00
2670,512,BCPC,CATALYST,7809,2026-08-18T19:19:51+02:00,2026-08-18,2026-08-18,2026-08-18T09:30:00-04:00
2673,26,BRC,CATALYST,7227,2026-08-17T18:06:20+02:00,2026-08-17,2026-08-17,2026-08-17T09:30:00-04:00
2676,513,CASY,CATALYST,7814,2026-08-19T17:30:00+02:00,2026-08-19,2026-08-19,2026-08-19T09:30:00-04:00
2678,31,CBOE,CATALYST,7815,2026-08-18T16:22:10+02:00,2026-08-18,2026-08-18,2026-08-18T09:30:00-04:00
2682,39,CNR,CATALYST,7819,2026-08-19T20:58:14+02:00,2026-08-19,2026-08-19,2026-08-19T09:30:00-04:00
2685,588,COLB,CATALYST,7823,2026-08-18T20:00:00+02:00,2026-08-18,2026-08-18,2026-08-18T09:30:00-04:00
2686,774,COMP,CATALYST,7824,2026-08-19T16:15:00+02:00,2026-08-19,2026-08-19,2026-08-19T09:30:00-04:00
2689,47,CRDO,CATALYST,7848,2026-08-19T18:00:00+02:00,2026-08-19,2026-08-19,2026-08-19T09:30:00-04:00
2693,275,CXW,CATALYST,7864,2026-08-19T21:58:02+02:00,2026-08-19,2026-08-19,2026-08-19T09:30:00-04:00
2695,55,DCOM,CATALYST,7865,2026-08-18T19:49:33+02:00,2026-08-18,2026-08-18,2026-08-18T09:30:00-04:00
2700,519,DVN,CATALYST,7922,2026-08-19T18:41:00+02:00,2026-08-19,2026-08-19,2026-08-19T09:30:00-04:00
2705,61,EME,CATALYST,7924,2026-08-19T16:45:00+02:00,2026-08-19,2026-08-19,2026-08-19T09:30:00-04:00
2706,520,EOG,CATALYST,7929,2026-08-18T16:10:00+02:00,2026-08-18,2026-08-18,2026-08-18T09:30:00-04:00
2708,64,ET,CATALYST,7930,2026-08-19T16:22:25+02:00,2026-08-19,2026-08-19,2026-08-19T09:30:00-04:00
2711,521,FANG,CATALYST,7936,2026-08-18T20:17:09+02:00,2026-08-18,2026-08-18,2026-08-18T09:30:00-04:00
2713,69,FHI,CATALYST,7300,2026-08-17T17:27:00+02:00,2026-08-17,2026-08-17,2026-08-17T09:30:00-04:00
2716,638,FORM,CATALYST,7939,2026-08-19T17:28:29+02:00,2026-08-19,2026-08-19,2026-08-19T09:30:00-04:00
2721,77,GD,CATALYST,7943,2026-08-19T16:15:00+02:00,2026-08-19,2026-08-19,2026-08-19T09:30:00-04:00
2722,78,GE,CATALYST,7948,2026-08-19T21:07:05+02:00,2026-08-19,2026-08-19,2026-08-19T09:30:00-04:00
2723,79,GEO,CATALYST,7953,2026-08-19T21:58:02+02:00,2026-08-19,2026-08-19,2026-08-19T09:30:00-04:00
2726,524,GMED,CATALYST,7955,2026-08-19T18:56:00+02:00,2026-08-19,2026-08-19,2026-08-19T09:30:00-04:00
2727,85,HAS,CATALYST,7962,2026-08-19T15:30:01+02:00,2026-08-19,2026-08-19,2026-08-19T09:30:00-04:00
2733,820,HNGE,CATALYST,7967,2026-08-19T18:55:00+02:00,2026-08-19,2026-08-19,2026-08-19T09:30:00-04:00
2735,94,HWM,CATALYST,7970,2026-08-19T18:00:02+02:00,2026-08-19,2026-08-19,2026-08-19T09:30:00-04:00
2743,102,JNJ,CATALYST,7978,2026-08-19T20:40:00+02:00,2026-08-19,2026-08-19,2026-08-19T09:30:00-04:00
2746,104,KEYS,CATALYST,8016,2026-08-19T19:42:01+02:00,2026-08-19,2026-08-19,2026-08-19T09:30:00-04:00
2748,666,KTB,CATALYST,8039,2026-08-19T17:20:00+02:00,2026-08-19,2026-08-19,2026-08-19T09:30:00-04:00
2751,108,LECO,CATALYST,8041,2026-08-19T19:18:02+02:00,2026-08-19,2026-08-19,2026-08-19T09:30:00-04:00
2753,369,LNC,CATALYST,8082,2026-08-19T16:38:02+02:00,2026-08-19,2026-08-19,2026-08-19T09:30:00-04:00
2758,379,MEDP,CATALYST,8087,2026-08-18T18:45:02+02:00,2026-08-18,2026-08-18,2026-08-18T09:30:00-04:00
2759,115,MET,CATALYST,8090,2026-08-19T17:51:18+02:00,2026-08-19,2026-08-19,2026-08-19T09:30:00-04:00
2762,821,MNST,CATALYST,8096,2026-08-18T17:16:00+02:00,2026-08-18,2026-08-18,2026-08-18T09:30:00-04:00
2765,565,MSGE,CATALYST,8104,2026-08-18T18:00:04+02:00,2026-08-18,2026-08-18,2026-08-18T09:30:00-04:00
2770,126,NLY,CATALYST,8108,2026-08-19T17:47:02+02:00,2026-08-19,2026-08-19,2026-08-19T09:30:00-04:00
2774,130,NVT,CATALYST,8160,2026-08-18T20:34:00+02:00,2026-08-18,2026-08-18,2026-08-18T09:30:00-04:00
2776,667,OCFC,CATALYST,7590,2026-08-17T19:42:20+02:00,2026-08-17,2026-08-17,2026-08-17T09:30:00-04:00
2777,530,OKE,CATALYST,8163,2026-08-19T18:14:26+02:00,2026-08-19,2026-08-19,2026-08-19T09:30:00-04:00
2782,136,OPY,CATALYST,8176,2026-08-18T17:09:40+02:00,2026-08-18,2026-08-18,2026-08-18T09:30:00-04:00
2783,651,OSCR,CATALYST,8177,2026-08-19T21:26:02+02:00,2026-08-19,2026-08-19,2026-08-19T09:30:00-04:00
2789,745,PNFP,CATALYST,8182,2026-08-18T16:13:33+02:00,2026-08-18,2026-08-18,2026-08-18T09:30:00-04:00
2790,531,PNTG,CATALYST,7341,2026-08-17T21:26:20+02:00,2026-08-17,2026-08-17,2026-08-17T09:30:00-04:00
2794,654,PWR,CATALYST,8185,2026-08-19T17:37:00+02:00,2026-08-19,2026-08-19,2026-08-19T09:30:00-04:00
2796,148,RGA,CATALYST,8189,2026-08-18T15:49:33+02:00,2026-08-18,2026-08-18,2026-08-18T09:30:00-04:00
2798,534,RRC,CATALYST,8190,2026-08-19T18:41:00+02:00,2026-08-19,2026-08-19,2026-08-19T09:30:00-04:00
2799,151,SBCF,CATALYST,7870,2026-08-18T18:00:03+02:00,2026-08-18,2026-08-18,2026-08-18T09:30:00-04:00
2802,156,SHOO,CATALYST,7873,2026-08-19T16:41:00+02:00,2026-08-19,2026-08-19,2026-08-19T09:30:00-04:00
2808,627,SUN,CATALYST,7892,2026-08-19T17:16:00+02:00,2026-08-19,2026-08-19,2026-08-19T09:30:00-04:00
2810,161,SXT,CATALYST,7895,2026-08-18T19:19:51+02:00,2026-08-18,2026-08-18,2026-08-18T09:30:00-04:00
2815,814,TPC,CATALYST,7909,2026-08-19T15:55:02+02:00,2026-08-19,2026-08-19,2026-08-19T09:30:00-04:00
2817,170,TXRH,CATALYST,7910,2026-08-19T18:00:00+02:00,2026-08-19,2026-08-19,2026-08-19T09:30:00-04:00
2819,746,VIRT,CATALYST,7911,2026-08-18T19:42:22+02:00,2026-08-18,2026-08-18,2026-08-18T09:30:00-04:00
2821,179,WAB,CATALYST,7915,2026-08-19T17:40:03+02:00,2026-08-19,2026-08-19,2026-08-19T09:30:00-04:00
2823,182,WELL,CATALYST,7918,2026-08-18T16:13:14+02:00,2026-08-18,2026-08-18,2026-08-18T09:30:00-04:00
2824,660,WMB,CATALYST,7382,2026-08-17T17:58:00+02:00,2026-08-17,2026-08-17,2026-08-17T09:30:00-04:00
2825,184,WSBC,CATALYST,7919,2026-08-19T16:06:02+02:00,2026-08-19,2026-08-19,2026-08-19T09:30:00-04:00
2848,20,AVT,CATALYST,8262,2026-08-19T15:42:00+02:00,2026-08-19,2026-08-19,2026-08-19T09:30:00-04:00
2961,135,ONTO,CATALYST,8247,2026-08-19T18:00:04+02:00,2026-08-19,2026-08-19,2026-08-19T09:30:00-04:00
2966,573,PH,CATALYST,8250,2026-08-19T19:58:02+02:00,2026-08-19,2026-08-19,2026-08-19T09:30:00-04:00
2968,420,PKG,CATALYST,8251,2026-08-19T21:34:02+02:00,2026-08-19,2026-08-19,2026-08-19T09:30:00-04:00
2981,155,SHC,CATALYST,8191,2026-08-19T18:06:02+02:00,2026-08-19,2026-08-19,2026-08-19T09:30:00-04:00
2999,746,VIRT,CATALYST,8199,2026-08-19T17:00:00+02:00,2026-08-19,2026-08-19,2026-08-19T09:30:00-04:00
3002,180,WAT,CATALYST,8200,2026-08-19T18:06:02+02:00,2026-08-19,2026-08-19,2026-08-19T09:30:00-04:00
3009,191,AAMI,CATALYST,8335,2026-08-19T15:40:02+02:00,2026-08-19,2026-08-19,2026-08-19T09:30:00-04:00
3010,672,ABBV,CATALYST,8337,2026-08-20T16:48:00+02:00,2026-08-20,2026-08-20,2026-08-20T09:30:00-04:00
3011,789,ADM,CATALYST,8348,2026-08-18T20:59:00+02:00,2026-08-18,2026-08-18,2026-08-18T09:30:00-04:00
3012,194,ADP,CATALYST,8350,2026-08-19T21:50:02+02:00,2026-08-19,2026-08-19,2026-08-19T09:30:00-04:00
3022,201,AMCR,CATALYST,8370,2026-08-19T15:40:19+02:00,2026-08-19,2026-08-19,2026-08-19T09:30:00-04:00
3023,202,AME,CATALYST,8371,2026-08-20T16:10:00+02:00,2026-08-20,2026-08-20,2026-08-20T09:30:00-04:00
3024,204,AMRX,CATALYST,8372,2026-08-19T18:18:00+02:00,2026-08-19,2026-08-19,2026-08-19T09:30:00-04:00
3027,209,APO,CATALYST,8387,2026-08-20T16:11:00+02:00,2026-08-20,2026-08-20,2026-08-20T09:30:00-04:00
3029,634,ARMK,CATALYST,8394,2026-08-20T17:10:20+02:00,2026-08-20,2026-08-20,2026-08-20T09:30:00-04:00
3035,216,AVY,CATALYST,8404,2026-08-19T21:34:02+02:00,2026-08-19,2026-08-19,2026-08-19T09:30:00-04:00
3042,679,BBY,CATALYST,8419,2026-08-19T18:00:00+02:00,2026-08-19,2026-08-19,2026-08-19T09:30:00-04:00
3044,828,BDX,CATALYST,8424,2026-08-20T16:48:00+02:00,2026-08-20,2026-08-20,2026-08-20T09:30:00-04:00
3045,24,BEN,CATALYST,8425,2026-08-20T17:10:00+02:00,2026-08-20,2026-08-20,2026-08-20T09:30:00-04:00
3047,229,BIIB,CATALYST,8428,2026-08-19T18:32:36+02:00,2026-08-19,2026-08-19,2026-08-19T09:30:00-04:00
3055,238,BMY,CATALYST,8663,2026-08-20T16:40:31+02:00,2026-08-20,2026-08-20,2026-08-20T09:30:00-04:00
3058,244,BX,CATALYST,8671,2026-08-20T16:11:00+02:00,2026-08-20,2026-08-20,2026-08-20T09:30:00-04:00
3063,31,CBOE,CATALYST,8709,2026-08-20T17:06:58+02:00,2026-08-20,2026-08-20,2026-08-20T09:30:00-04:00
3064,251,CBRL,CATALYST,8710,2026-08-19T19:02:20+02:00,2026-08-19,2026-08-19,2026-08-19T09:30:00-04:00
3071,259,CLX,CATALYST,8717,2026-08-20T15:47:15+02:00,2026-08-20,2026-08-20,2026-08-20T09:30:00-04:00
3074,264,CON,CATALYST,8728,2026-08-19T18:00:04+02:00,2026-08-19,2026-08-19,2026-08-19T09:30:00-04:00
3075,265,COO,CATALYST,8730,2026-08-19T18:56:00+02:00,2026-08-19,2026-08-19,2026-08-19T09:30:00-04:00
3076,43,COP,CATALYST,8738,2026-08-20T17:00:00+02:00,2026-08-20,2026-08-20,2026-08-20T09:30:00-04:00
3078,266,CRBG,CATALYST,8749,2026-08-18T19:18:11+02:00,2026-08-18,2026-08-18,2026-08-18T09:30:00-04:00
3079,267,CRGY,CATALYST,8750,2026-08-18T16:21:33+02:00,2026-08-18,2026-08-18,2026-08-18T09:30:00-04:00
3080,269,CRWD,CATALYST,8751,2026-08-20T17:00:00+02:00,2026-08-20,2026-08-20,2026-08-20T09:30:00-04:00
3082,516,CVX,CATALYST,8782,2026-08-20T17:00:00+02:00,2026-08-20,2026-08-20,2026-08-20T09:30:00-04:00
3083,608,DAN,CATALYST,8811,2026-08-19T16:50:00+02:00,2026-08-19,2026-08-19,2026-08-19T09:30:00-04:00
3084,544,DAR,CATALYST,8812,2026-08-20T16:53:25+02:00,2026-08-20,2026-08-20,2026-08-20T09:30:00-04:00
3090,56,DHT,CATALYST,8834,2026-08-20T16:36:29+02:00,2026-08-20,2026-08-20,2026-08-20T09:30:00-04:00
3091,518,DINO,CATALYST,8835,2026-08-19T17:13:00+02:00,2026-08-19,2026-08-19,2026-08-19T09:30:00-04:00
3093,283,DLTR,CATALYST,8840,2026-08-20T16:02:37+02:00,2026-08-20,2026-08-20,2026-08-20T09:30:00-04:00
3095,609,DOW,CATALYST,9071,2026-08-19T17:47:55+02:00,2026-08-19,2026-08-19,2026-08-19T09:30:00-04:00
3101,610,EAT,CATALYST,9082,2026-08-19T18:00:00+02:00,2026-08-19,2026-08-19,2026-08-19T09:30:00-04:00
3102,289,ECL,CATALYST,9094,2026-08-19T17:10:39+02:00,2026-08-19,2026-08-19,2026-08-19T09:30:00-04:00
3106,549,ELV,CATALYST,9101,2026-08-19T18:16:00+02:00,2026-08-19,2026-08-19,2026-08-19T09:30:00-04:00
3110,295,EMR,CATALYST,9105,2026-08-18T18:26:00+02:00,2026-08-18,2026-08-18,2026-08-18T09:30:00-04:00
3113,298,EQH,CATALYST,9106,2026-08-18T19:18:11+02:00,2026-08-18,2026-08-18,2026-08-18T09:30:00-04:00
3116,299,ESNT,CATALYST,9107,2026-08-19T18:00:04+02:00,2026-08-19,2026-08-19,2026-08-19T09:30:00-04:00
3122,307,FDS,CATALYST,9127,2026-08-19T17:11:32+02:00,2026-08-19,2026-08-19,2026-08-19T09:30:00-04:00
3123,551,FDX,CATALYST,9134,2026-08-19T20:27:00+02:00,2026-08-19,2026-08-19,2026-08-19T09:30:00-04:00
3127,73,FRO,CATALYST,9152,2026-08-20T16:36:29+02:00,2026-08-20,2026-08-20,2026-08-20T09:30:00-04:00
3131,524,GMED,CATALYST,9005,2026-08-20T16:40:00+02:00,2026-08-20,2026-08-20,2026-08-20T09:30:00-04:00
3134,321,GPC,CATALYST,9007,2026-08-20T16:35:29+02:00,2026-08-20,2026-08-20,2026-08-20T09:30:00-04:00
3135,322,GPN,CATALYST,9011,2026-08-20T16:08:00+02:00,2026-08-20,2026-08-20,2026-08-20T09:30:00-04:00
3144,333,HSIC,CATALYST,9017,2026-08-19T17:33:00+02:00,2026-08-19,2026-08-19,2026-08-19T09:30:00-04:00
3146,699,ICE,CATALYST,9020,2026-08-20T17:06:58+02:00,2026-08-20,2026-08-20,2026-08-20T09:30:00-04:00
3150,833,IDCC,CATALYST,9030,2026-08-20T16:33:00+02:00,2026-08-20,2026-08-20,2026-08-20T09:30:00-04:00
3152,339,IEX,CATALYST,9033,2026-08-20T16:29:00+02:00,2026-08-20,2026-08-20,2026-08-20T09:30:00-04:00
3153,341,IMAX,CATALYST,9037,2026-08-18T18:09:10+02:00,2026-08-18,2026-08-18,2026-08-18T09:30:00-04:00
3157,700,IRM,CATALYST,9040,2026-08-18T15:35:00+02:00,2026-08-18,2026-08-18,2026-08-18T09:30:00-04:00
3164,102,JNJ,CATALYST,9055,2026-08-20T17:12:00+02:00,2026-08-20,2026-08-20,2026-08-20T09:30:00-04:00
3167,104,KEYS,CATALYST,9057,2026-08-20T16:33:43+02:00,2026-08-20,2026-08-20,2026-08-20T09:30:00-04:00
3168,361,KFY,CATALYST,9059,2026-08-19T17:11:00+02:00,2026-08-19,2026-08-19,2026-08-19T09:30:00-04:00
3169,614,KKR,CATALYST,9062,2026-08-20T17:12:17+02:00,2026-08-20,2026-08-20,2026-08-20T09:30:00-04:00
3171,363,KNSL,CATALYST,8477,2026-08-19T17:18:00+02:00,2026-08-19,2026-08-19,2026-08-19T09:30:00-04:00
3177,757,LH,CATALYST,8483,2026-08-19T18:35:00+02:00,2026-08-19,2026-08-19,2026-08-19T09:30:00-04:00
3180,111,LLY,CATALYST,8485,2026-08-20T16:19:00+02:00,2026-08-20,2026-08-20,2026-08-20T09:30:00-04:00
3187,372,LYFT,CATALYST,8503,2026-08-19T18:20:00+02:00,2026-08-19,2026-08-19,2026-08-19T09:30:00-04:00
3189,617,MAN,CATALYST,8511,2026-08-19T17:58:02+02:00,2026-08-19,2026-08-19,2026-08-19T09:30:00-04:00
3192,376,MCK,CATALYST,8515,2026-08-19T17:33:00+02:00,2026-08-19,2026-08-19,2026-08-19T09:30:00-04:00
3195,378,MDLZ,CATALYST,8524,2026-08-20T17:12:05+02:00,2026-08-20,2026-08-20,2026-08-20T09:30:00-04:00
3197,383,MMM,CATALYST,8532,2026-08-19T17:22:00+02:00,2026-08-19,2026-08-19,2026-08-19T09:30:00-04:00
3198,758,MMYT,CATALYST,8535,2026-08-18T16:24:14+02:00,2026-08-18,2026-08-18,2026-08-18T09:30:00-04:00
3201,386,MRK,CATALYST,8538,2026-08-20T17:28:51+02:00,2026-08-20,2026-08-20,2026-08-20T09:30:00-04:00
3203,121,MS,CATALYST,8588,2026-08-20T17:10:00+02:00,2026-08-20,2026-08-20,2026-08-20T09:30:00-04:00
3204,710,MSA,CATALYST,8591,2026-08-19T21:58:02+02:00,2026-08-19,2026-08-19,2026-08-19T09:30:00-04:00
3205,804,MSFT,CATALYST,8593,2026-08-20T17:00:00+02:00,2026-08-20,2026-08-20,2026-08-20T09:30:00-04:00
3207,566,MSI,CATALYST,8643,2026-08-20T16:33:00+02:00,2026-08-20,2026-08-20,2026-08-20T09:30:00-04:00
3211,391,MTN,CATALYST,8654,2026-08-18T17:00:00+02:00,2026-08-18,2026-08-18,2026-08-18T09:30:00-04:00
3222,713,NTRA,CATALYST,9181,2026-08-20T17:20:00+02:00,2026-08-20,2026-08-20,2026-08-20T09:30:00-04:00
3223,128,NVDA,CATALYST,9184,2026-08-20T17:35:00+02:00,2026-08-20,2026-08-20,2026-08-20T09:30:00-04:00
3231,409,OXY,CATALYST,9242,2026-08-20T17:00:00+02:00,2026-08-20,2026-08-20,2026-08-20T09:30:00-04:00
3232,411,PANW,CATALYST,9248,2026-08-20T17:04:16+02:00,2026-08-20,2026-08-20,2026-08-20T09:30:00-04:00
3235,572,PCTY,CATALYST,9270,2026-08-20T15:55:02+02:00,2026-08-20,2026-08-20,2026-08-20T09:30:00-04:00
3237,624,PFE,CATALYST,9271,2026-08-20T17:34:30+02:00,2026-08-20,2026-08-20,2026-08-20T09:30:00-04:00
3240,809,PTEN,CATALYST,9308,2026-08-18T16:10:00+02:00,2026-08-18,2026-08-18,2026-08-18T09:30:00-04:00
3242,810,PYPL,CATALYST,9311,2026-08-20T16:25:00+02:00,2026-08-20,2026-08-20,2026-08-20T09:30:00-04:00
3250,433,RLI,CATALYST,9331,2026-08-19T17:28:00+02:00,2026-08-19,2026-08-19,2026-08-19T09:30:00-04:00
3256,576,SBH,CATALYST,9342,2026-08-18T20:19:00+02:00,2026-08-18,2026-08-18,2026-08-18T09:30:00-04:00
3257,445,SBLK,CATALYST,8849,2026-08-19T15:42:00+02:00,2026-08-19,2026-08-19,2026-08-19T09:30:00-04:00
3263,459,SLG,CATALYST,8862,2026-08-19T17:57:00+02:00,2026-08-19,2026-08-19,2026-08-19T09:30:00-04:00
3268,837,SNOW,CATALYST,8873,2026-08-20T17:00:29+02:00,2026-08-20,2026-08-20,2026-08-20T09:30:00-04:00
3270,838,SPOT,CATALYST,8889,2026-08-20T16:48:00+02:00,2026-08-20,2026-08-20,2026-08-20T09:30:00-04:00
3279,471,SWK,CATALYST,8907,2026-08-20T16:29:00+02:00,2026-08-20,2026-08-20,2026-08-20T09:30:00-04:00
3281,472,SYF,CATALYST,8916,2026-08-18T17:08:00+02:00,2026-08-18,2026-08-18,2026-08-18T09:30:00-04:00
3282,628,TAL,CATALYST,8918,2026-08-19T16:26:00+02:00,2026-08-19,2026-08-19,2026-08-19T09:30:00-04:00
3283,723,TALO,CATALYST,8919,2026-08-19T18:00:05+02:00,2026-08-19,2026-08-19,2026-08-19T09:30:00-04:00
3285,765,TBBB,CATALYST,8921,2026-08-19T18:49:00+02:00,2026-08-19,2026-08-19,2026-08-19T09:30:00-04:00
3286,476,TGT,CATALYST,8922,2026-08-20T17:26:47+02:00,2026-08-20,2026-08-20,2026-08-20T09:30:00-04:00
3290,630,TOST,CATALYST,8979,2026-08-19T18:00:00+02:00,2026-08-19,2026-08-19,2026-08-19T09:30:00-04:00
3294,480,TRU,CATALYST,8998,2026-08-18T17:00:00+02:00,2026-08-18,2026-08-18,2026-08-18T09:30:00-04:00
3296,484,TTEK,CATALYST,8999,2026-08-18T15:57:33+02:00,2026-08-18,2026-08-18,2026-08-18T09:30:00-04:00
3299,842,UGI,CATALYST,9001,2026-08-19T16:44:00+02:00,2026-08-19,2026-08-19,2026-08-19T09:30:00-04:00
3302,769,USFD,CATALYST,8278,2026-08-19T17:06:00+02:00,2026-08-19,2026-08-19,2026-08-19T09:30:00-04:00
3307,493,VOYA,CATALYST,8291,2026-08-18T19:33:33+02:00,2026-08-18,2026-08-18,2026-08-18T09:30:00-04:00
3312,501,WSM,CATALYST,8313,2026-08-19T18:29:00+02:00,2026-08-19,2026-08-19,2026-08-19T09:30:00-04:00
3313,502,WT,CATALYST,8318,2026-08-20T16:43:15+02:00,2026-08-20,2026-08-20,2026-08-20T09:30:00-04:00
3316,507,ZBH,CATALYST,8321,2026-08-20T16:40:00+02:00,2026-08-20,2026-08-20,2026-08-20T09:30:00-04:00
3322,4,AGNC,CATALYST,9382,2026-08-20T17:30:07+02:00,2026-08-20,2026-08-20,2026-08-20T09:30:00-04:00
3324,7,AIZ,CATALYST,9384,2026-08-20T15:40:04+02:00,2026-08-20,2026-08-20,2026-08-20T09:30:00-04:00
3328,10,AMZN,CATALYST,9386,2026-08-20T21:42:47+02:00,2026-08-20,2026-08-20,2026-08-20T09:30:00-04:00
3338,773,BG,CATALYST,9433,2026-08-20T19:58:00+02:00,2026-08-20,2026-08-20,2026-08-20T09:30:00-04:00
3342,33,CCK,CATALYST,9436,2026-08-19T21:34:02+02:00,2026-08-19,2026-08-19,2026-08-19T09:30:00-04:00
3345,256,CHEF,CATALYST,9437,2026-08-20T18:54:00+02:00,2026-08-20,2026-08-20,2026-08-20T09:30:00-04:00
3350,516,CVX,CATALYST,9442,2026-08-20T21:16:26+02:00,2026-08-20,2026-08-20,2026-08-20T09:30:00-04:00
3355,848,DUOT,CATALYST,9449,2026-08-18T16:10:22+02:00,2026-08-18,2026-08-18,2026-08-18T09:30:00-04:00
3361,520,EOG,CATALYST,9453,2026-08-20T15:54:00+02:00,2026-08-20,2026-08-20,2026-08-20T09:30:00-04:00
3364,66,EW,CATALYST,9454,2026-08-20T16:46:00+02:00,2026-08-20,2026-08-20,2026-08-20T09:30:00-04:00
3374,81,GLNG,CATALYST,9456,2026-08-20T18:14:54+02:00,2026-08-20,2026-08-20,2026-08-20T09:30:00-04:00
3375,524,GMED,CATALYST,9457,2026-08-20T21:00:00+02:00,2026-08-20,2026-08-20,2026-08-20T09:30:00-04:00
3377,85,HAS,CATALYST,9462,2026-08-20T17:30:06+02:00,2026-08-20,2026-08-20,2026-08-20T09:30:00-04:00
3379,88,HCI,CATALYST,9465,2026-08-20T17:42:00+02:00,2026-08-20,2026-08-20,2026-08-20T09:30:00-04:00
3388,102,JNJ,CATALYST,9484,2026-08-20T17:40:27+02:00,2026-08-20,2026-08-20,2026-08-20T09:30:00-04:00
3391,106,LAUR,CATALYST,9487,2026-08-20T17:40:03+02:00,2026-08-20,2026-08-20,2026-08-20T09:30:00-04:00
3393,111,LLY,CATALYST,9489,2026-08-20T21:19:22+02:00,2026-08-20,2026-08-20,2026-08-20T09:30:00-04:00
3398,648,MGY,CATALYST,9494,2026-08-20T15:54:00+02:00,2026-08-20,2026-08-20,2026-08-20T09:30:00-04:00
3400,821,MNST,CATALYST,9495,2026-08-20T21:47:15+02:00,2026-08-20,2026-08-20,2026-08-20T09:30:00-04:00
3401,853,MRVL,CATALYST,9496,2026-08-20T21:55:32+02:00,2026-08-20,2026-08-20,2026-08-20T09:30:00-04:00
3402,565,MSGE,CATALYST,9546,2026-08-20T16:00:00+02:00,2026-08-20,2026-08-20,2026-08-20T09:30:00-04:00
3403,741,MU,CATALYST,9548,2026-08-20T19:35:00+02:00,2026-08-20,2026-08-20,2026-08-20T09:30:00-04:00
3405,126,NLY,CATALYST,9596,2026-08-20T17:30:07+02:00,2026-08-20,2026-08-20,2026-08-20T09:30:00-04:00
3406,128,NVDA,CATALYST,9604,2026-08-20T21:55:32+02:00,2026-08-20,2026-08-20,2026-08-20T09:30:00-04:00
3418,147,RELY,CATALYST,9643,2026-08-20T15:55:03+02:00,2026-08-20,2026-08-20,2026-08-20T09:30:00-04:00
3422,534,RRC,CATALYST,9346,2026-08-20T17:30:08+02:00,2026-08-20,2026-08-20,2026-08-20T09:30:00-04:00
3424,153,SCHW,CATALYST,9347,2026-08-20T21:06:00+02:00,2026-08-20,2026-08-20,2026-08-20T09:30:00-04:00
3429,161,SXT,CATALYST,9363,2026-08-20T15:40:03+02:00,2026-08-20,2026-08-20,2026-08-20T09:30:00-04:00
3431,814,TPC,CATALYST,9364,2026-08-20T15:55:15+02:00,2026-08-20,2026-08-20,2026-08-20T09:30:00-04:00
3441,183,WES,CATALYST,9373,2026-08-19T17:16:00+02:00,2026-08-19,2026-08-19,2026-08-19T09:30:00-04:00
3442,185,WST,CATALYST,9375,2026-08-20T18:19:00+02:00,2026-08-20,2026-08-20,2026-08-20T09:30:00-04:00
3446,672,ABBV,CATALYST,9702,2026-08-20T18:30:35+02:00,2026-08-20,2026-08-20,2026-08-20T09:30:00-04:00
3448,858,ADBE,CATALYST,9705,2026-08-20T20:27:51+02:00,2026-08-20,2026-08-20,2026-08-20T09:30:00-04:00
3464,600,APPF,CATALYST,9723,2026-08-20T18:00:00+02:00,2026-08-20,2026-08-20,2026-08-20T09:30:00-04:00
3466,860,ARE,CATALYST,9725,2026-08-19T17:41:55+02:00,2026-08-19,2026-08-19,2026-08-19T09:30:00-04:00
3479,217,AWK,CATALYST,9728,2026-08-20T16:58:00+02:00,2026-08-20,2026-08-20,2026-08-20T09:30:00-04:00
3482,679,BBY,CATALYST,9730,2026-08-20T18:41:14+02:00,2026-08-20,2026-08-20,2026-08-20T09:30:00-04:00
3487,229,BIIB,CATALYST,9732,2026-08-20T18:20:00+02:00,2026-08-20,2026-08-20,2026-08-20T09:30:00-04:00
3492,238,BMY,CATALYST,9738,2026-08-20T19:15:15+02:00,2026-08-20,2026-08-20,2026-08-20T09:30:00-04:00
3494,242,BRO,CATALYST,9741,2026-08-19T17:18:02+02:00,2026-08-19,2026-08-19,2026-08-19T09:30:00-04:00
3501,249,CART,CATALYST,9864,2026-08-20T18:27:15+02:00,2026-08-20,2026-08-20,2026-08-20T09:30:00-04:00
3512,863,CMG,CATALYST,9866,2026-08-20T18:50:00+02:00,2026-08-20,2026-08-20,2026-08-20T09:30:00-04:00
3513,261,CNH,CATALYST,9873,2026-08-20T16:07:00+02:00,2026-08-20,2026-08-20,2026-08-20T09:30:00-04:00
3516,689,COLD,CATALYST,9876,2026-08-20T18:10:22+02:00,2026-08-20,2026-08-20,2026-08-20T09:30:00-04:00
3518,265,COO,CATALYST,9882,2026-08-20T18:23:00+02:00,2026-08-20,2026-08-20,2026-08-20T09:30:00-04:00
3521,864,CRAI,CATALYST,9885,2026-08-19T17:08:00+02:00,2026-08-19,2026-08-19,2026-08-19T09:30:00-04:00
3523,542,CRSP,CATALYST,9909,2026-08-19T20:38:31+02:00,2026-08-19,2026-08-19,2026-08-19T09:30:00-04:00
3530,545,DASH,CATALYST,9921,2026-08-20T17:34:00+02:00,2026-08-20,2026-08-20,2026-08-20T09:30:00-04:00
3538,283,DLTR,CATALYST,9963,2026-08-20T18:41:14+02:00,2026-08-20,2026-08-20,2026-08-20T09:30:00-04:00
3539,284,DNLI,CATALYST,9965,2026-08-20T18:20:00+02:00,2026-08-20,2026-08-20,2026-08-20T09:30:00-04:00
3541,548,DOCU,CATALYST,9968,2026-08-20T16:10:00+02:00,2026-08-20,2026-08-20,2026-08-20T09:30:00-04:00
3546,287,DV,CATALYST,10049,2026-08-20T21:00:00+02:00,2026-08-20,2026-08-20,2026-08-20T09:30:00-04:00
3547,519,DVN,CATALYST,10052,2026-08-20T15:54:00+02:00,2026-08-20,2026-08-20,2026-08-20T09:30:00-04:00
3558,868,EL,CATALYST,10059,2026-08-20T17:43:37+02:00,2026-08-20,2026-08-20,2026-08-20T09:30:00-04:00
3559,549,ELV,CATALYST,10084,2026-08-20T17:47:00+02:00,2026-08-20,2026-08-20,2026-08-20T09:30:00-04:00
3563,637,EQIX,CATALYST,10085,2026-08-20T20:47:00+02:00,2026-08-20,2026-08-20,2026-08-20T09:30:00-04:00
3564,830,ERIE,CATALYST,10087,2026-08-20T17:55:00+02:00,2026-08-20,2026-08-20,2026-08-20T09:30:00-04:00
3565,299,ESNT,CATALYST,10088,2026-08-20T17:40:02+02:00,2026-08-20,2026-08-20,2026-08-20T09:30:00-04:00
3568,550,EXPO,CATALYST,10089,2026-08-20T15:40:04+02:00,2026-08-20,2026-08-20,2026-08-20T09:30:00-04:00
3574,611,FIVE,CATALYST,10090,2026-08-20T19:33:35+02:00,2026-08-20,2026-08-20,2026-08-20T09:30:00-04:00
3576,71,FLYW,CATALYST,10095,2026-08-20T18:22:00+02:00,2026-08-20,2026-08-20,2026-08-20T09:30:00-04:00
3582,698,GEHC,CATALYST,10096,2026-08-20T15:36:00+02:00,2026-08-20,2026-08-20,2026-08-20T09:30:00-04:00
3583,315,GEN,CATALYST,10098,2026-08-20T15:40:04+02:00,2026-08-20,2026-08-20,2026-08-20T09:30:00-04:00
3587,870,GKOS,CATALYST,10100,2026-08-20T17:54:00+02:00,2026-08-20,2026-08-20,2026-08-20T09:30:00-04:00
3590,320,GM,CATALYST,10104,2026-08-20T17:30:04+02:00,2026-08-20,2026-08-20,2026-08-20T09:30:00-04:00
3596,871,GWRE,CATALYST,9742,2026-08-20T16:49:10+02:00,2026-08-20,2026-08-20,2026-08-20T09:30:00-04:00
3602,556,HPQ,CATALYST,9744,2026-08-20T16:40:00+02:00,2026-08-20,2026-08-20,2026-08-20T09:30:00-04:00
3604,331,HRB,CATALYST,9745,2026-08-20T16:34:00+02:00,2026-08-20,2026-08-20,2026-08-20T09:30:00-04:00
3607,872,HURN,CATALYST,9749,2026-08-20T18:10:32+02:00,2026-08-20,2026-08-20,2026-08-20T09:30:00-04:00
3614,340,IFF,CATALYST,9758,2026-08-20T19:23:15+02:00,2026-08-20,2026-08-20,2026-08-20T09:30:00-04:00
3622,350,ITRI,CATALYST,9760,2026-08-20T16:35:15+02:00,2026-08-20,2026-08-20,2026-08-20T09:30:00-04:00
3633,614,KKR,CATALYST,9774,2026-08-20T20:13:29+02:00,2026-08-20,2026-08-20,2026-08-20T09:30:00-04:00
3634,362,KMX,CATALYST,9775,2026-08-20T15:40:02+02:00,2026-08-20,2026-08-20,2026-08-20T09:30:00-04:00
3636,363,KNSL,CATALYST,9776,2026-08-20T16:17:00+02:00,2026-08-20,2026-08-20,2026-08-20T09:30:00-04:00
3659,619,MELI,CATALYST,9656,2026-08-20T19:31:15+02:00,2026-08-20,2026-08-20,2026-08-20T09:30:00-04:00
3667,387,MRSH,CATALYST,9662,2026-08-20T17:30:06+02:00,2026-08-20,2026-08-20,2026-08-20T09:30:00-04:00
3671,835,MTCH,CATALYST,9681,2026-08-20T21:00:00+02:00,2026-08-20,2026-08-20,2026-08-20T09:30:00-04:00
3682,877,NMRK,CATALYST,9685,2026-08-19T19:26:02+02:00,2026-08-19,2026-08-19,2026-08-19T09:30:00-04:00
3684,878,NSC,CATALYST,9686,2026-08-20T21:12:59+02:00,2026-08-20,2026-08-20,2026-08-20T09:30:00-04:00
3691,622,OII,CATALYST,9698,2026-08-20T15:46:00+02:00,2026-08-20,2026-08-20,2026-08-20T09:30:00-04:00
3694,407,OSK,CATALYST,9699,2026-08-20T16:26:00+02:00,2026-08-20,2026-08-20,2026-08-20T09:30:00-04:00
3698,412,PAYX,CATALYST,9777,2026-08-20T18:51:15+02:00,2026-08-20,2026-08-20,2026-08-20T09:30:00-04:00
3700,572,PCTY,CATALYST,9780,2026-08-20T18:51:15+02:00,2026-08-20,2026-08-20,2026-08-20T09:30:00-04:00
3703,879,PGR,CATALYST,9789,2026-08-20T18:33:00+02:00,2026-08-20,2026-08-20,2026-08-20T09:30:00-04:00
3706,763,PM,CATALYST,9819,2026-08-20T18:38:04+02:00,2026-08-20,2026-08-20,2026-08-20T09:30:00-04:00
3709,809,PTEN,CATALYST,9823,2026-08-20T17:55:00+02:00,2026-08-20,2026-08-20,2026-08-20T09:30:00-04:00
3711,574,QGEN,CATALYST,9824,2026-08-20T17:23:00+02:00,2026-08-20,2026-08-20,2026-08-20T09:30:00-04:00
3716,430,RDNT,CATALYST,9825,2026-08-20T16:03:15+02:00,2026-08-20,2026-08-20,2026-08-20T09:30:00-04:00
3718,884,RHI,CATALYST,9826,2026-08-19T17:58:02+02:00,2026-08-19,2026-08-19,2026-08-19T09:30:00-04:00
3720,433,RLI,CATALYST,9830,2026-08-20T17:03:00+02:00,2026-08-20,2026-08-20,2026-08-20T09:30:00-04:00
3721,434,RNR,CATALYST,9832,2026-08-20T17:37:00+02:00,2026-08-20,2026-08-20,2026-08-20T09:30:00-04:00
3726,720,RSG,CATALYST,9833,2026-08-19T17:04:24+02:00,2026-08-19,2026-08-19,2026-08-19T09:30:00-04:00
3729,721,RYAN,CATALYST,4937,2026-08-13T18:29:00+02:00,2026-08-13,2026-08-13,2026-08-13T09:30:00-04:00
3736,449,SE,CATALYST,9834,2026-08-20T19:31:15+02:00,2026-08-20,2026-08-20,2026-08-20T09:30:00-04:00
3738,885,SHOP,CATALYST,9835,2026-08-20T18:40:28+02:00,2026-08-20,2026-08-20,2026-08-20T09:30:00-04:00
3744,837,SNOW,CATALYST,9846,2026-08-20T19:13:00+02:00,2026-08-20,2026-08-20,2026-08-20T09:30:00-04:00
3752,467,STE,CATALYST,9977,2026-08-20T16:46:00+02:00,2026-08-20,2026-08-20,2026-08-20T09:30:00-04:00
3757,471,SWK,CATALYST,9980,2026-08-20T17:40:03+02:00,2026-08-20,2026-08-20,2026-08-20T09:30:00-04:00
3758,722,SWKS,CATALYST,9981,2026-08-20T19:39:15+02:00,2026-08-20,2026-08-20,2026-08-20T09:30:00-04:00
3760,887,T,CATALYST,9982,2026-08-20T21:03:00+02:00,2026-08-20,2026-08-20,2026-08-20T09:30:00-04:00
3762,476,TGT,CATALYST,9989,2026-08-20T21:30:17+02:00,2026-08-20,2026-08-20,2026-08-20T09:30:00-04:00
3763,477,THG,CATALYST,9996,2026-08-20T18:22:00+02:00,2026-08-20,2026-08-20,2026-08-20T09:30:00-04:00
3771,484,TTEK,CATALYST,9998,2026-08-20T16:22:00+02:00,2026-08-20,2026-08-20,2026-08-20T09:30:00-04:00
3776,487,UNP,CATALYST,10025,2026-08-20T21:08:33+02:00,2026-08-20,2026-08-20,2026-08-20T09:30:00-04:00
3778,582,VAL,CATALYST,10028,2026-08-20T17:55:15+02:00,2026-08-20,2026-08-20,2026-08-20T09:30:00-04:00
3784,496,VZ,CATALYST,10041,2026-08-20T17:01:00+02:00,2026-08-20,2026-08-20,2026-08-20T09:30:00-04:00
3790,889,WHD,CATALYST,10043,2026-08-20T18:00:03+02:00,2026-08-20,2026-08-20,2026-08-20T09:30:00-04:00
3792,185,WST,CATALYST,10048,2026-08-20T18:23:00+02:00,2026-08-20,2026-08-20,2026-08-20T09:30:00-04:00
3796,730,WTW,CATALYST,10114,2026-08-20T17:55:00+02:00,2026-08-20,2026-08-20,2026-08-20T09:30:00-04:00
3799,890,ZBRA,CATALYST,10116,2026-08-19T17:10:02+02:00,2026-08-19,2026-08-19,2026-08-19T09:30:00-04:00
3800,508,ZD,CATALYST,10117,2026-08-19T16:39:07+02:00,2026-08-19,2026-08-19,2026-08-19T09:30:00-04:00
3802,632,ZM,CATALYST,10118,2026-08-20T18:47:00+02:00,2026-08-20,2026-08-20,2026-08-20T09:30:00-04:00
3803,838,SPOT,CATALYST,9976,2026-08-20T16:51:00+02:00,2026-08-20,2026-08-20,2026-08-20T09:30:00-04:00
3804,789,ADM,CATALYST,9718,2026-08-20T19:23:15+02:00,2026-08-20,2026-08-20,2026-08-20T09:30:00-04:00
3805,624,PFE,CATALYST,9783,2026-08-20T21:22:00+02:00,2026-08-20,2026-08-20,2026-08-20T09:30:00-04:00
3806,544,DAR,CATALYST,9914,2026-08-20T19:58:00+02:00,2026-08-20,2026-08-20,2026-08-20T09:30:00-04:00
3807,804,MSFT,CATALYST,9664,2026-08-20T21:34:00+02:00,2026-08-20,2026-08-20,2026-08-20T09:30:00-04:00
3808,235,BLK,CATALYST,9735,2026-08-20T21:59:00+02:00,2026-08-20,2026-08-20,2026-08-20T09:30:00-04:00
3813,201,AMCR,CATALYST,10186,2026-08-21T15:38:24+02:00,2026-08-21,2026-08-21,2026-08-21T09:30:00-04:00
3815,203,AMP,CATALYST,10187,2026-08-20T21:31:15+02:00,2026-08-20,2026-08-20,2026-08-20T09:30:00-04:00
3816,11,ANET,CATALYST,10189,2026-08-21T16:15:00+02:00,2026-08-21,2026-08-21,2026-08-21T09:30:00-04:00
3820,845,AUPH,CATALYST,10195,2026-08-20T18:23:00+02:00,2026-08-20,2026-08-20,2026-08-20T09:30:00-04:00
3831,256,CHEF,CATALYST,10201,2026-08-21T18:43:00+02:00,2026-08-21,2026-08-21,2026-08-21T09:30:00-04:00
3835,516,CVX,CATALYST,10206,2026-08-21T21:34:28+02:00,2026-08-21,2026-08-21,2026-08-21T09:30:00-04:00
3837,544,DAR,CATALYST,10226,2026-08-21T18:21:00+02:00,2026-08-21,2026-08-21,2026-08-21T09:30:00-04:00
3845,520,EOG,CATALYST,10232,2026-08-21T18:40:00+02:00,2026-08-21,2026-08-21,2026-08-21T09:30:00-04:00
3846,637,EQIX,CATALYST,10234,2026-08-21T18:42:30+02:00,2026-08-21,2026-08-21,2026-08-21T09:30:00-04:00
3849,66,EW,CATALYST,10238,2026-08-21T18:01:00+02:00,2026-08-21,2026-08-21,2026-08-21T09:30:00-04:00
3851,521,FANG,CATALYST,10240,2026-08-20T16:02:18+02:00,2026-08-20,2026-08-20,2026-08-20T09:30:00-04:00
3854,75,FSUN,CATALYST,10241,2026-08-20T15:35:01+02:00,2026-08-20,2026-08-20,2026-08-20T09:30:00-04:00
3861,81,GLNG,CATALYST,10242,2026-08-21T17:33:53+02:00,2026-08-21,2026-08-21,2026-08-21T09:30:00-04:00
3862,524,GMED,CATALYST,10244,2026-08-21T18:34:00+02:00,2026-08-21,2026-08-21,2026-08-21T09:30:00-04:00
3863,82,GOLD,CATALYST,10255,2026-08-21T20:26:10+02:00,2026-08-21,2026-08-21,2026-08-21T09:30:00-04:00
3865,88,HCI,CATALYST,10256,2026-08-21T15:47:47+02:00,2026-08-21,2026-08-21,2026-08-21T09:30:00-04:00
3867,851,HPE,CATALYST,10257,2026-08-21T18:13:32+02:00,2026-08-21,2026-08-21,2026-08-21T09:30:00-04:00
3869,645,IBKR,CATALYST,10269,2026-08-21T17:17:00+02:00,2026-08-21,2026-08-21,2026-08-21T09:30:00-04:00
3874,100,ITT,CATALYST,10277,2026-08-21T17:40:02+02:00,2026-08-21,2026-08-21,2026-08-21T09:30:00-04:00
3876,102,JNJ,CATALYST,10278,2026-08-21T19:43:23+02:00,2026-08-21,2026-08-21,2026-08-21T09:30:00-04:00
3880,108,LECO,CATALYST,10288,2026-08-20T20:51:15+02:00,2026-08-20,2026-08-20,2026-08-20T09:30:00-04:00
3881,111,LLY,CATALYST,10290,2026-08-21T21:28:02+02:00,2026-08-21,2026-08-21,2026-08-21T09:30:00-04:00
3882,529,LNG,CATALYST,10299,2026-08-21T15:40:00+02:00,2026-08-21,2026-08-21,2026-08-21T09:30:00-04:00
3888,853,MRVL,CATALYST,10302,2026-08-21T21:40:34+02:00,2026-08-21,2026-08-21,2026-08-21T09:30:00-04:00
3889,565,MSGE,CATALYST,10324,2026-08-21T21:00:11+02:00,2026-08-21,2026-08-21,2026-08-21T09:30:00-04:00
3890,741,MU,CATALYST,10326,2026-08-21T21:00:11+02:00,2026-08-21,2026-08-21,2026-08-21T09:30:00-04:00
3893,128,NVDA,CATALYST,10367,2026-08-21T21:54:54+02:00,2026-08-21,2026-08-21,2026-08-21T09:30:00-04:00
3896,136,OPY,CATALYST,10402,2026-08-21T17:02:06+02:00,2026-08-21,2026-08-21,2026-08-21T09:30:00-04:00
3899,411,PANW,CATALYST,10403,2026-08-21T18:37:16+02:00,2026-08-21,2026-08-21,2026-08-21T09:30:00-04:00
3901,420,PKG,CATALYST,10410,2026-08-21T17:30:09+02:00,2026-08-21,2026-08-21,2026-08-21T09:30:00-04:00
3911,156,SHOO,CATALYST,10119,2026-08-21T16:10:19+02:00,2026-08-21,2026-08-21,2026-08-21T09:30:00-04:00
3912,158,SON,CATALYST,10121,2026-08-21T18:15:01+02:00,2026-08-21,2026-08-21,2026-08-21T09:30:00-04:00
3922,170,TXRH,CATALYST,10126,2026-08-21T16:09:00+02:00,2026-08-21,2026-08-21,2026-08-21T09:30:00-04:00
3924,179,WAB,CATALYST,10131,2026-08-21T17:30:14+02:00,2026-08-21,2026-08-21,2026-08-21T09:30:00-04:00
3927,183,WES,CATALYST,10132,2026-08-21T18:52:00+02:00,2026-08-21,2026-08-21,2026-08-21T09:30:00-04:00
3928,185,WST,CATALYST,10134,2026-08-21T17:46:00+02:00,2026-08-21,2026-08-21,2026-08-21T09:30:00-04:00
3930,187,XOM,CATALYST,10141,2026-08-21T21:57:00+02:00,2026-08-21,2026-08-21,2026-08-21T09:30:00-04:00
3933,672,ABBV,CATALYST,10497,2026-08-21T18:11:13+02:00,2026-08-21,2026-08-21,2026-08-21T09:30:00-04:00
3934,673,ACAD,CATALYST,10502,2026-08-20T17:24:00+02:00,2026-08-20,2026-08-20,2026-08-20T09:30:00-04:00
3935,858,ADBE,CATALYST,10503,2026-08-21T20:06:01+02:00,2026-08-21,2026-08-21,2026-08-21T09:30:00-04:00
3936,194,ADP,CATALYST,10505,2026-08-21T17:14:00+02:00,2026-08-21,2026-08-21,2026-08-21T09:30:00-04:00
3937,674,ADSK,CATALYST,10509,2026-08-21T21:00:11+02:00,2026-08-21,2026-08-21,2026-08-21T09:30:00-04:00
3942,536,AJG,CATALYST,10513,2026-08-21T16:51:47+02:00,2026-08-21,2026-08-21,2026-08-21T09:30:00-04:00
3943,198,ALKT,CATALYST,10514,2026-08-21T20:06:01+02:00,2026-08-21,2026-08-21,2026-08-21T09:30:00-04:00
3947,200,ALV,CATALYST,10515,2026-08-21T21:00:11+02:00,2026-08-21,2026-08-21,2026-08-21T09:30:00-04:00
3950,678,ANF,CATALYST,10518,2026-08-21T21:00:11+02:00,2026-08-21,2026-08-21,2026-08-21T09:30:00-04:00
3955,209,APO,CATALYST,10534,2026-08-21T19:19:25+02:00,2026-08-21,2026-08-21,2026-08-21T09:30:00-04:00
3958,210,ARES,CATALYST,10542,2026-08-21T19:00:07+02:00,2026-08-21,2026-08-21,2026-08-21T09:30:00-04:00
3963,790,AVNT,CATALYST,10545,2026-08-21T16:05:00+02:00,2026-08-21,2026-08-21,2026-08-21T09:30:00-04:00
3965,216,AVY,CATALYST,10550,2026-08-20T17:45:02+02:00,2026-08-20,2026-08-20,2026-08-20T09:30:00-04:00
3969,221,BAM,CATALYST,10551,2026-08-21T21:00:11+02:00,2026-08-21,2026-08-21,2026-08-21T09:30:00-04:00
3971,679,BBY,CATALYST,10561,2026-08-21T21:00:11+02:00,2026-08-21,2026-08-21,2026-08-21T09:30:00-04:00
3976,229,BIIB,CATALYST,10566,2026-08-21T19:09:39+02:00,2026-08-21,2026-08-21,2026-08-21T09:30:00-04:00
3977,231,BJ,CATALYST,10570,2026-08-21T20:12:32+02:00,2026-08-21,2026-08-21,2026-08-21T09:30:00-04:00
3978,232,BJRI,CATALYST,10586,2026-08-21T16:09:00+02:00,2026-08-21,2026-08-21,2026-08-21T09:30:00-04:00
3979,749,BKNG,CATALYST,10588,2026-08-21T21:40:09+02:00,2026-08-21,2026-08-21,2026-08-21T09:30:00-04:00
3980,234,BKR,CATALYST,10590,2026-08-21T19:16:00+02:00,2026-08-21,2026-08-21,2026-08-21T09:30:00-04:00
3981,235,BLK,CATALYST,10593,2026-08-21T17:45:02+02:00,2026-08-21,2026-08-21,2026-08-21T09:30:00-04:00
3982,237,BMRN,CATALYST,10869,2026-08-20T17:39:15+02:00,2026-08-20,2026-08-20,2026-08-20T09:30:00-04:00
3983,238,BMY,CATALYST,10870,2026-08-21T21:28:02+02:00,2026-08-21,2026-08-21,2026-08-21T09:30:00-04:00
3984,240,BOX,CATALYST,10877,2026-08-21T21:00:11+02:00,2026-08-21,2026-08-21,2026-08-21T09:30:00-04:00
3989,244,BX,CATALYST,10879,2026-08-21T19:19:25+02:00,2026-08-21,2026-08-21,2026-08-21T09:30:00-04:00
3992,792,CAKE,CATALYST,10882,2026-08-21T16:09:00+02:00,2026-08-21,2026-08-21,2026-08-21T09:30:00-04:00
3997,251,CBRL,CATALYST,10887,2026-08-21T18:51:47+02:00,2026-08-21,2026-08-21,2026-08-21T09:30:00-04:00
4008,259,CLX,CATALYST,10891,2026-08-21T20:21:00+02:00,2026-08-21,2026-08-21,2026-08-21T09:30:00-04:00
4013,263,COF,CATALYST,10898,2026-08-20T18:33:00+02:00,2026-08-20,2026-08-20,2026-08-20T09:30:00-04:00
4017,265,COO,CATALYST,10903,2026-08-21T17:46:00+02:00,2026-08-21,2026-08-21,2026-08-21T09:30:00-04:00
4018,44,CPAY,CATALYST,10912,2026-08-21T15:57:00+02:00,2026-08-21,2026-08-21,2026-08-21T09:30:00-04:00
4019,865,CRM,CATALYST,10914,2026-08-21T21:00:11+02:00,2026-08-21,2026-08-21,2026-08-21T09:30:00-04:00
4020,543,CSW,CATALYST,10926,2026-08-21T17:10:19+02:00,2026-08-21,2026-08-21,2026-08-21T09:30:00-04:00
4023,692,CWK,CATALYST,10928,2026-08-21T19:35:00+02:00,2026-08-21,2026-08-21,2026-08-21T09:30:00-04:00
4029,278,DDS,CATALYST,10935,2026-08-20T19:50:00+02:00,2026-08-20,2026-08-20,2026-08-20T09:30:00-04:00
4030,279,DE,CATALYST,10937,2026-08-21T18:26:01+02:00,2026-08-21,2026-08-21,2026-08-21T09:30:00-04:00
4031,281,DHR,CATALYST,10948,2026-08-21T16:31:00+02:00,2026-08-21,2026-08-21,2026-08-21T09:30:00-04:00
4033,518,DINO,CATALYST,10747,2026-08-21T18:28:00+02:00,2026-08-21,2026-08-21,2026-08-21T09:30:00-04:00
4034,282,DIS,CATALYST,10749,2026-08-21T19:30:07+02:00,2026-08-21,2026-08-21,2026-08-21T09:30:00-04:00
4035,664,DLO,CATALYST,10754,2026-08-20T15:55:02+02:00,2026-08-20,2026-08-20,2026-08-20T09:30:00-04:00
4036,283,DLTR,CATALYST,10755,2026-08-21T18:41:00+02:00,2026-08-21,2026-08-21,2026-08-21T09:30:00-04:00
4040,548,DOCU,CATALYST,10762,2026-08-21T20:06:01+02:00,2026-08-21,2026-08-21,2026-08-21T09:30:00-04:00
4042,866,DRH,CATALYST,10765,2026-08-20T17:40:02+02:00,2026-08-20,2026-08-20,2026-08-20T09:30:00-04:00
4043,285,DRI,CATALYST,10766,2026-08-20T18:50:00+02:00,2026-08-20,2026-08-20,2026-08-20T09:30:00-04:00
4054,694,EHC,CATALYST,10778,2026-08-21T18:34:00+02:00,2026-08-21,2026-08-21,2026-08-21T09:30:00-04:00
4055,549,ELV,CATALYST,10779,2026-08-21T18:32:00+02:00,2026-08-21,2026-08-21,2026-08-21T09:30:00-04:00
4058,295,EMR,CATALYST,10782,2026-08-21T17:39:47+02:00,2026-08-21,2026-08-21,2026-08-21T09:30:00-04:00
4061,299,ESNT,CATALYST,10786,2026-08-21T21:39:47+02:00,2026-08-21,2026-08-21,2026-08-21T09:30:00-04:00
4062,302,EXPD,CATALYST,10787,2026-08-21T21:11:00+02:00,2026-08-21,2026-08-21,2026-08-21T09:30:00-04:00
4063,303,EXPE,CATALYST,10790,2026-08-21T16:48:22+02:00,2026-08-21,2026-08-21,2026-08-21T09:30:00-04:00
4067,696,FAST,CATALYST,10794,2026-08-21T18:16:00+02:00,2026-08-21,2026-08-21,2026-08-21T09:30:00-04:00
4069,307,FDS,CATALYST,10795,2026-08-21T17:31:47+02:00,2026-08-21,2026-08-21,2026-08-21T09:30:00-04:00
4072,611,FIVE,CATALYST,10804,2026-08-21T18:17:00+02:00,2026-08-21,2026-08-21,2026-08-21T09:30:00-04:00
4074,71,FLYW,CATALYST,10813,2026-08-21T17:47:47+02:00,2026-08-21,2026-08-21,2026-08-21T09:30:00-04:00
4075,73,FRO,CATALYST,10814,2026-08-21T21:39:26+02:00,2026-08-21,2026-08-21,2026-08-21T09:30:00-04:00
4076,869,FRSH,CATALYST,10816,2026-08-21T20:06:01+02:00,2026-08-21,2026-08-21,2026-08-21T09:30:00-04:00
4077,552,FTDR,CATALYST,10817,2026-08-21T15:55:02+02:00,2026-08-21,2026-08-21,2026-08-21T09:30:00-04:00
4082,553,GFF,CATALYST,10820,2026-08-21T20:12:15+02:00,2026-08-21,2026-08-21,2026-08-21T09:30:00-04:00
4084,317,GILD,CATALYST,10824,2026-08-21T16:28:46+02:00,2026-08-21,2026-08-21,2026-08-21T09:30:00-04:00
4088,320,GM,CATALYST,10825,2026-08-21T17:30:13+02:00,2026-08-21,2026-08-21,2026-08-21T09:30:00-04:00
4090,321,GPC,CATALYST,10828,2026-08-20T17:30:05+02:00,2026-08-20,2026-08-20,2026-08-20T09:30:00-04:00
4094,796,HAL,CATALYST,10830,2026-08-21T18:28:00+02:00,2026-08-21,2026-08-21,2026-08-21T09:30:00-04:00
4097,797,HNI,CATALYST,10839,2026-08-20T18:43:15+02:00,2026-08-20,2026-08-20,2026-08-20T09:30:00-04:00
4099,329,HP,CATALYST,10840,2026-08-20T16:26:55+02:00,2026-08-20,2026-08-20,2026-08-20T09:30:00-04:00
4100,556,HPQ,CATALYST,10841,2026-08-21T21:00:11+02:00,2026-08-21,2026-08-21,2026-08-21T09:30:00-04:00
4102,331,HRB,CATALYST,10848,2026-08-21T17:15:47+02:00,2026-08-21,2026-08-21,2026-08-21T09:30:00-04:00
4106,645,IBKR,CATALYST,10852,2026-08-21T21:11:09+02:00,2026-08-21,2026-08-21,2026-08-21T09:30:00-04:00
4111,339,IEX,CATALYST,10854,2026-08-21T15:40:02+02:00,2026-08-21,2026-08-21,2026-08-21T09:30:00-04:00
4120,347,IRDM,CATALYST,10856,2026-08-21T17:30:05+02:00,2026-08-21,2026-08-21,2026-08-21T09:30:00-04:00
4123,350,ITRI,CATALYST,10858,2026-08-21T15:30:03+02:00,2026-08-21,2026-08-21,2026-08-21T09:30:00-04:00
4124,352,IVZ,CATALYST,10859,2026-08-21T17:45:02+02:00,2026-08-21,2026-08-21,2026-08-21T09:30:00-04:00
4133,702,KDP,CATALYST,10413,2026-08-21T18:21:00+02:00,2026-08-21,2026-08-21,2026-08-21T09:30:00-04:00
4139,558,KNSA,CATALYST,10416,2026-08-21T18:09:12+02:00,2026-08-21,2026-08-21,2026-08-21T09:30:00-04:00
4152,802,LPLA,CATALYST,10420,2026-08-21T17:17:00+02:00,2026-08-21,2026-08-21,2026-08-21T09:30:00-04:00
4159,706,MC,CATALYST,10426,2026-08-21T18:27:47+02:00,2026-08-21,2026-08-21,2026-08-21T09:30:00-04:00
4161,707,MCO,CATALYST,10433,2026-08-21T17:39:47+02:00,2026-08-21,2026-08-21,2026-08-21T09:30:00-04:00
4162,377,MD,CATALYST,10436,2026-08-21T19:07:47+02:00,2026-08-21,2026-08-21,2026-08-21T09:30:00-04:00
4165,379,MEDP,CATALYST,10438,2026-08-21T17:30:07+02:00,2026-08-21,2026-08-21,2026-08-21T09:30:00-04:00
4167,803,MGNI,CATALYST,10441,2026-08-21T16:01:00+02:00,2026-08-21,2026-08-21,2026-08-21T09:30:00-04:00
4171,383,MMM,CATALYST,10443,2026-08-21T21:00:11+02:00,2026-08-21,2026-08-21,2026-08-21T09:30:00-04:00
4176,804,MSFT,CATALYST,10454,2026-08-21T21:07:21+02:00,2026-08-21,2026-08-21,2026-08-21T09:30:00-04:00
4178,566,MSI,CATALYST,10493,2026-08-21T16:22:00+02:00,2026-08-21,2026-08-21,2026-08-21T09:30:00-04:00
4184,393,NDAQ,CATALYST,10950,2026-08-21T16:23:00+02:00,2026-08-21,2026-08-21,2026-08-21T09:30:00-04:00
4194,807,NSIT,CATALYST,10951,2026-08-21T16:39:00+02:00,2026-08-21,2026-08-21,2026-08-21T09:30:00-04:00
4195,400,NTAP,CATALYST,10952,2026-08-20T18:11:55+02:00,2026-08-20,2026-08-20,2026-08-20T09:30:00-04:00
4197,622,OII,CATALYST,10953,2026-08-21T20:51:47+02:00,2026-08-21,2026-08-21,2026-08-21T09:30:00-04:00
4204,412,PAYX,CATALYST,10964,2026-08-21T20:06:01+02:00,2026-08-21,2026-08-21,2026-08-21T09:30:00-04:00
4205,413,PCAR,CATALYST,10965,2026-08-20T20:55:19+02:00,2026-08-20,2026-08-20,2026-08-20T09:30:00-04:00
4208,879,PGR,CATALYST,10968,2026-08-21T17:30:04+02:00,2026-08-21,2026-08-21,2026-08-21T09:30:00-04:00
4209,419,PJT,CATALYST,10969,2026-08-21T18:27:47+02:00,2026-08-21,2026-08-21,2026-08-21T09:30:00-04:00
4212,880,PLTR,CATALYST,10971,2026-08-21T21:40:32+02:00,2026-08-21,2026-08-21,2026-08-21T09:30:00-04:00
4214,882,PTC,CATALYST,10986,2026-08-21T20:06:01+02:00,2026-08-21,2026-08-21,2026-08-21T09:30:00-04:00
4215,809,PTEN,CATALYST,10987,2026-08-21T18:51:47+02:00,2026-08-21,2026-08-21,2026-08-21T09:30:00-04:00
4217,810,PYPL,CATALYST,10989,2026-08-21T21:07:47+02:00,2026-08-21,2026-08-21,2026-08-21T09:30:00-04:00
4221,719,QSR,CATALYST,10997,2026-08-21T21:00:11+02:00,2026-08-21,2026-08-21,2026-08-21T09:30:00-04:00
4230,433,RLI,CATALYST,11001,2026-08-21T18:36:00+02:00,2026-08-21,2026-08-21,2026-08-21T09:30:00-04:00
4232,434,RNR,CATALYST,10663,2026-08-21T17:30:11+02:00,2026-08-21,2026-08-21,2026-08-21T09:30:00-04:00
4241,576,SBH,CATALYST,10668,2026-08-21T17:29:00+02:00,2026-08-21,2026-08-21,2026-08-21T09:30:00-04:00
4243,446,SBUX,CATALYST,10670,2026-08-21T18:51:00+02:00,2026-08-21,2026-08-21,2026-08-21T09:30:00-04:00
4248,885,SHOP,CATALYST,10686,2026-08-21T20:30:00+02:00,2026-08-21,2026-08-21,2026-08-21T09:30:00-04:00
4249,455,SJM,CATALYST,10687,2026-08-21T17:10:25+02:00,2026-08-21,2026-08-21,2026-08-21T09:30:00-04:00
4251,458,SLB,CATALYST,10692,2026-08-21T16:22:57+02:00,2026-08-21,2026-08-21,2026-08-21T09:30:00-04:00
4254,837,SNOW,CATALYST,10698,2026-08-21T19:27:17+02:00,2026-08-21,2026-08-21,2026-08-21T09:30:00-04:00
4257,838,SPOT,CATALYST,10700,2026-08-21T19:30:07+02:00,2026-08-21,2026-08-21,2026-08-21T09:30:00-04:00
4259,813,SRRK,CATALYST,10702,2026-08-21T15:35:15+02:00,2026-08-21,2026-08-21,2026-08-21T09:30:00-04:00
4260,466,SSNC,CATALYST,10705,2026-08-21T20:06:01+02:00,2026-08-21,2026-08-21,2026-08-21T09:30:00-04:00
4261,467,STE,CATALYST,10707,2026-08-21T18:01:00+02:00,2026-08-21,2026-08-21,2026-08-21T09:30:00-04:00
4266,471,SWK,CATALYST,10711,2026-08-21T19:09:22+02:00,2026-08-21,2026-08-21,2026-08-21T09:30:00-04:00
4269,472,SYF,CATALYST,10716,2026-08-21T17:30:06+02:00,2026-08-21,2026-08-21,2026-08-21T09:30:00-04:00
4271,887,T,CATALYST,10726,2026-08-21T17:30:12+02:00,2026-08-21,2026-08-21,2026-08-21T09:30:00-04:00
4274,629,TDW,CATALYST,5386,2026-08-12T18:21:22+02:00,2026-08-12,2026-08-12,2026-08-12T09:30:00-04:00
4275,724,TFX,CATALYST,10734,2026-08-21T17:43:00+02:00,2026-08-21,2026-08-21,2026-08-21T09:30:00-04:00
4277,477,THG,CATALYST,10741,2026-08-21T15:40:02+02:00,2026-08-21,2026-08-21,2026-08-21T09:30:00-04:00
4280,767,TRGP,CATALYST,10744,2026-08-21T18:52:00+02:00,2026-08-21,2026-08-21,2026-08-21T09:30:00-04:00
4284,768,TVTX,CATALYST,10599,2026-08-21T18:09:12+02:00,2026-08-21,2026-08-21,2026-08-21T09:30:00-04:00
4286,581,UBER,CATALYST,10606,2026-08-21T20:22:20+02:00,2026-08-21,2026-08-21,2026-08-21T09:30:00-04:00
4287,631,UFPT,CATALYST,10623,2026-08-20T19:55:00+02:00,2026-08-20,2026-08-20,2026-08-20T09:30:00-04:00
4297,175,VRTX,CATALYST,10629,2026-08-20T17:39:15+02:00,2026-08-20,2026-08-20,2026-08-20T09:30:00-04:00
4299,496,VZ,CATALYST,10633,2026-08-21T17:25:00+02:00,2026-08-21,2026-08-21,2026-08-21T09:30:00-04:00
4304,498,WEX,CATALYST,10639,2026-08-21T17:30:14+02:00,2026-08-21,2026-08-21,2026-08-21T09:30:00-04:00
4310,730,WTW,CATALYST,10640,2026-08-21T15:47:00+02:00,2026-08-21,2026-08-21,2026-08-21T09:30:00-04:00
4312,732,XYZ,CATALYST,10646,2026-08-21T15:56:00+02:00,2026-08-21,2026-08-21,2026-08-21T09:30:00-04:00
4316,509,ZIM,CATALYST,10647,2026-08-20T16:38:00+02:00,2026-08-20,2026-08-20,2026-08-20T09:30:00-04:00
4317,632,ZM,CATALYST,10650,2026-08-21T18:10:28+02:00,2026-08-21,2026-08-21,2026-08-21T09:30:00-04:00
4318,908,ZS,CATALYST,10655,2026-08-21T16:15:00+02:00,2026-08-21,2026-08-21,2026-08-21T09:30:00-04:00
4321,672,ABBV,CATALYST,11442,2026-08-25T15:34:44+02:00,2026-08-25,2026-08-25,2026-08-25T09:30:00-04:00
4322,673,ACAD,CATALYST,11454,2026-08-24T16:04:00+02:00,2026-08-24,2026-08-24,2026-08-24T09:30:00-04:00
4333,199,ALL,CATALYST,11480,2026-08-24T17:45:36+02:00,2026-08-24,2026-08-24,2026-08-24T09:30:00-04:00
4339,203,AMP,CATALYST,11484,2026-08-24T15:40:03+02:00,2026-08-24,2026-08-24,2026-08-24T09:30:00-04:00
4341,10,AMZN,CATALYST,11486,2026-08-25T16:24:00+02:00,2026-08-25,2026-08-25,2026-08-25T09:30:00-04:00
4342,678,ANF,CATALYST,11535,2026-08-24T15:35:02+02:00,2026-08-24,2026-08-24,2026-08-24T09:30:00-04:00
4348,209,APO,CATALYST,11543,2026-08-24T20:15:52+02:00,2026-08-24,2026-08-24,2026-08-24T09:30:00-04:00
4351,210,ARES,CATALYST,11550,2026-08-25T15:53:00+02:00,2026-08-25,2026-08-25,2026-08-25T09:30:00-04:00
4356,790,AVNT,CATALYST,11556,2026-08-24T18:52:00+02:00,2026-08-24,2026-08-24,2026-08-24T09:30:00-04:00
4359,216,AVY,CATALYST,11562,2026-08-24T17:29:36+02:00,2026-08-24,2026-08-24,2026-08-24T09:30:00-04:00
4364,221,BAM,CATALYST,11566,2026-08-24T17:40:03+02:00,2026-08-24,2026-08-24,2026-08-24T09:30:00-04:00
4366,679,BBY,CATALYST,11568,2026-08-24T21:38:18+02:00,2026-08-24,2026-08-24,2026-08-24T09:30:00-04:00
4372,231,BJ,CATALYST,11729,2026-08-24T18:55:00+02:00,2026-08-24,2026-08-24,2026-08-24T09:30:00-04:00
4374,749,BKNG,CATALYST,11733,2026-08-25T15:56:28+02:00,2026-08-25,2026-08-25,2026-08-25T09:30:00-04:00
4375,238,BMY,CATALYST,11736,2026-08-24T21:04:00+02:00,2026-08-24,2026-08-24,2026-08-24T09:30:00-04:00
4376,240,BOX,CATALYST,11741,2026-08-25T16:00:00+02:00,2026-08-25,2026-08-25,2026-08-25T09:30:00-04:00
4377,242,BRO,CATALYST,11744,2026-08-24T16:35:00+02:00,2026-08-24,2026-08-24,2026-08-24T09:30:00-04:00
4379,244,BX,CATALYST,11745,2026-08-24T19:21:16+02:00,2026-08-24,2026-08-24,2026-08-24T09:30:00-04:00
4383,792,CAKE,CATALYST,11746,2026-08-25T16:18:00+02:00,2026-08-25,2026-08-25,2026-08-25T09:30:00-04:00
4387,513,CASY,CATALYST,11752,2026-08-24T20:15:51+02:00,2026-08-24,2026-08-24,2026-08-24T09:30:00-04:00
4390,251,CBRL,CATALYST,11756,2026-08-24T15:35:02+02:00,2026-08-24,2026-08-24,2026-08-24T09:30:00-04:00
4398,256,CHEF,CATALYST,11760,2026-08-24T19:01:00+02:00,2026-08-24,2026-08-24,2026-08-24T09:30:00-04:00
4401,257,CL,CATALYST,11766,2026-08-24T20:25:36+02:00,2026-08-24,2026-08-24,2026-08-24T09:30:00-04:00
4409,606,CNK,CATALYST,11794,2026-08-24T17:42:00+02:00,2026-08-24,2026-08-24,2026-08-24T09:30:00-04:00
4410,39,CNR,CATALYST,11796,2026-08-24T16:00:00+02:00,2026-08-24,2026-08-24,2026-08-24T09:30:00-04:00
4414,265,COO,CATALYST,11800,2026-08-24T18:27:00+02:00,2026-08-24,2026-08-24,2026-08-24T09:30:00-04:00
4416,541,COR,CATALYST,11807,2026-08-24T20:49:00+02:00,2026-08-24,2026-08-24,2026-08-24T09:30:00-04:00
4419,865,CRM,CATALYST,11574,2026-08-25T16:15:00+02:00,2026-08-25,2026-08-25,2026-08-25T09:30:00-04:00
4423,692,CWK,CATALYST,11628,2026-08-24T21:23:00+02:00,2026-08-24,2026-08-24,2026-08-24T09:30:00-04:00
4429,278,DDS,CATALYST,11637,2026-08-24T15:40:02+02:00,2026-08-24,2026-08-24,2026-08-24T09:30:00-04:00
4430,279,DE,CATALYST,11638,2026-08-25T15:50:00+02:00,2026-08-25,2026-08-25,2026-08-25T09:30:00-04:00
4432,281,DHR,CATALYST,11652,2026-08-25T16:04:00+02:00,2026-08-25,2026-08-25,2026-08-25T09:30:00-04:00
4433,56,DHT,CATALYST,11662,2026-08-24T17:05:36+02:00,2026-08-24,2026-08-24,2026-08-24T09:30:00-04:00
4436,664,DLO,CATALYST,11674,2026-08-24T18:19:00+02:00,2026-08-24,2026-08-24,2026-08-24T09:30:00-04:00
4440,548,DOCU,CATALYST,11687,2026-08-24T17:06:11+02:00,2026-08-24,2026-08-24,2026-08-24T09:30:00-04:00
4441,609,DOW,CATALYST,11688,2026-08-24T20:15:00+02:00,2026-08-24,2026-08-24,2026-08-24T09:30:00-04:00
4443,285,DRI,CATALYST,11691,2026-08-24T15:54:42+02:00,2026-08-24,2026-08-24,2026-08-24T09:30:00-04:00
4445,287,DV,CATALYST,11695,2026-08-24T18:00:04+02:00,2026-08-24,2026-08-24,2026-08-24T09:30:00-04:00
4446,519,DVN,CATALYST,11696,2026-08-24T19:29:36+02:00,2026-08-24,2026-08-24,2026-08-24T09:30:00-04:00
4447,288,DXCM,CATALYST,11698,2026-08-25T16:24:00+02:00,2026-08-25,2026-08-25,2026-08-25T09:30:00-04:00
4450,290,ECO,CATALYST,11702,2026-08-24T15:40:01+02:00,2026-08-24,2026-08-24,2026-08-24T09:30:00-04:00
4456,549,ELV,CATALYST,11709,2026-08-24T18:49:36+02:00,2026-08-24,2026-08-24,2026-08-24T09:30:00-04:00
4458,295,EMR,CATALYST,11710,2026-08-24T20:15:00+02:00,2026-08-24,2026-08-24,2026-08-24T09:30:00-04:00
4459,520,EOG,CATALYST,11713,2026-08-24T16:11:00+02:00,2026-08-24,2026-08-24,2026-08-24T09:30:00-04:00
4462,917,ESTC,CATALYST,11714,2026-08-24T19:15:00+02:00,2026-08-24,2026-08-24,2026-08-24T09:30:00-04:00
4466,302,EXPD,CATALYST,11720,2026-08-24T18:29:00+02:00,2026-08-24,2026-08-24,2026-08-24T09:30:00-04:00
4467,303,EXPE,CATALYST,11722,2026-08-25T15:56:28+02:00,2026-08-25,2026-08-25,2026-08-25T09:30:00-04:00
4469,521,FANG,CATALYST,11809,2026-08-24T18:04:00+02:00,2026-08-24,2026-08-24,2026-08-24T09:30:00-04:00
4473,551,FDX,CATALYST,11816,2026-08-24T20:37:45+02:00,2026-08-24,2026-08-24,2026-08-24T09:30:00-04:00
4474,69,FHI,CATALYST,11819,2026-08-24T18:00:03+02:00,2026-08-24,2026-08-24,2026-08-24T09:30:00-04:00
4480,523,FTI,CATALYST,11825,2026-08-24T16:15:00+02:00,2026-08-24,2026-08-24,2026-08-24T09:30:00-04:00
4481,698,GEHC,CATALYST,11827,2026-08-24T20:50:00+02:00,2026-08-24,2026-08-24,2026-08-24T09:30:00-04:00
4483,79,GEO,CATALYST,11829,2026-08-25T16:01:00+02:00,2026-08-25,2026-08-25,2026-08-25T09:30:00-04:00
4487,920,GIS,CATALYST,11838,2026-08-24T19:05:00+02:00,2026-08-24,2026-08-24,2026-08-24T09:30:00-04:00
4490,320,GM,CATALYST,11840,2026-08-25T15:34:44+02:00,2026-08-25,2026-08-25,2026-08-25T09:30:00-04:00
4492,322,GPN,CATALYST,11855,2026-08-25T15:38:20+02:00,2026-08-25,2026-08-25,2026-08-25T09:30:00-04:00
4493,796,HAL,CATALYST,11857,2026-08-25T15:57:45+02:00,2026-08-25,2026-08-25,2026-08-25T09:30:00-04:00
4501,331,HRB,CATALYST,11866,2026-08-24T18:40:00+02:00,2026-08-24,2026-08-24,2026-08-24T09:30:00-04:00
4506,645,IBKR,CATALYST,11873,2026-08-25T15:39:00+02:00,2026-08-25,2026-08-25,2026-08-25T09:30:00-04:00
4508,612,ICUI,CATALYST,11879,2026-08-24T20:33:36+02:00,2026-08-24,2026-08-24,2026-08-24T09:30:00-04:00
4509,833,IDCC,CATALYST,11880,2026-08-24T16:03:00+02:00,2026-08-24,2026-08-24,2026-08-24T09:30:00-04:00
4510,339,IEX,CATALYST,11882,2026-08-24T18:57:36+02:00,2026-08-24,2026-08-24,2026-08-24T09:30:00-04:00
4513,342,IMVT,CATALYST,11886,2026-08-24T19:16:35+02:00,2026-08-24,2026-08-24,2026-08-24T09:30:00-04:00
4514,96,INCY,CATALYST,11887,2026-08-24T17:27:00+02:00,2026-08-24,2026-08-24,2026-08-24T09:30:00-04:00
4527,702,KDP,CATALYST,11355,2026-08-24T21:40:58+02:00,2026-08-24,2026-08-24,2026-08-24T09:30:00-04:00
4529,902,KHC,CATALYST,11357,2026-08-24T21:40:58+02:00,2026-08-24,2026-08-24,2026-08-24T09:30:00-04:00
4530,614,KKR,CATALYST,11359,2026-08-25T15:53:00+02:00,2026-08-25,2026-08-25,2026-08-25T09:30:00-04:00
4531,703,KMB,CATALYST,11363,2026-08-24T17:50:00+02:00,2026-08-24,2026-08-24,2026-08-24T09:30:00-04:00
4533,558,KNSA,CATALYST,11368,2026-08-24T18:56:37+02:00,2026-08-24,2026-08-24,2026-08-24T09:30:00-04:00
4537,922,KVUE,CATALYST,11370,2026-08-24T19:00:00+02:00,2026-08-24,2026-08-24,2026-08-24T09:30:00-04:00
4542,616,LIND,CATALYST,11372,2026-08-24T16:25:36+02:00,2026-08-24,2026-08-24,2026-08-24T09:30:00-04:00
4543,705,LKNCY,CATALYST,11373,2026-08-24T21:40:58+02:00,2026-08-24,2026-08-24,2026-08-24T09:30:00-04:00
4545,529,LNG,CATALYST,11393,2026-08-24T17:08:07+02:00,2026-08-24,2026-08-24,2026-08-24T09:30:00-04:00
4551,372,LYFT,CATALYST,11405,2026-08-24T17:06:11+02:00,2026-08-24,2026-08-24,2026-08-24T09:30:00-04:00
4559,708,MDT,CATALYST,11423,2026-08-25T15:36:00+02:00,2026-08-25,2026-08-25,2026-08-25T09:30:00-04:00
4560,379,MEDP,CATALYST,11431,2026-08-24T18:32:00+02:00,2026-08-24,2026-08-24,2026-08-24T09:30:00-04:00
4561,619,MELI,CATALYST,11432,2026-08-24T17:39:00+02:00,2026-08-24,2026-08-24,2026-08-24T09:30:00-04:00
4567,383,MMM,CATALYST,11435,2026-08-25T16:01:00+02:00,2026-08-25,2026-08-25,2026-08-25T09:30:00-04:00
4568,874,MMSI,CATALYST,11437,2026-08-24T20:33:36+02:00,2026-08-24,2026-08-24,2026-08-24T09:30:00-04:00
4573,804,MSFT,CATALYST,11120,2026-08-25T16:05:00+02:00,2026-08-25,2026-08-25,2026-08-25T09:30:00-04:00
4576,835,MTCH,CATALYST,11173,2026-08-24T16:54:00+02:00,2026-08-24,2026-08-24,2026-08-24T09:30:00-04:00
4581,806,NCNO,CATALYST,11174,2026-08-25T16:00:00+02:00,2026-08-25,2026-08-25,2026-08-25T09:30:00-04:00
4588,877,NMRK,CATALYST,11180,2026-08-24T15:40:03+02:00,2026-08-24,2026-08-24,2026-08-24T09:30:00-04:00
4593,713,NTRA,CATALYST,11183,2026-08-24T16:20:00+02:00,2026-08-24,2026-08-24,2026-08-24T09:30:00-04:00
4600,571,OVV,CATALYST,11192,2026-08-24T16:52:00+02:00,2026-08-24,2026-08-24,2026-08-24T09:30:00-04:00
4602,409,OXY,CATALYST,11193,2026-08-24T19:29:36+02:00,2026-08-24,2026-08-24,2026-08-24T09:30:00-04:00
4603,412,PAYX,CATALYST,11195,2026-08-24T17:00:00+02:00,2026-08-24,2026-08-24,2026-08-24T09:30:00-04:00
4609,879,PGR,CATALYST,11208,2026-08-24T16:36:31+02:00,2026-08-24,2026-08-24,2026-08-24T09:30:00-04:00
4610,419,PJT,CATALYST,11213,2026-08-24T16:25:36+02:00,2026-08-24,2026-08-24,2026-08-24T09:30:00-04:00
4617,425,PTGX,CATALYST,11250,2026-08-24T16:38:00+02:00,2026-08-24,2026-08-24,2026-08-24T09:30:00-04:00
4618,810,PYPL,CATALYST,11251,2026-08-25T16:00:00+02:00,2026-08-25,2026-08-25,2026-08-25T09:30:00-04:00
4631,434,RNR,CATALYST,11261,2026-08-24T18:20:00+02:00,2026-08-24,2026-08-24,2026-08-24T09:30:00-04:00
4637,440,RVTY,CATALYST,11266,2026-08-24T17:30:00+02:00,2026-08-24,2026-08-24,2026-08-24T09:30:00-04:00
4639,443,SAIC,CATALYST,11267,2026-08-24T16:59:00+02:00,2026-08-24,2026-08-24,2026-08-24T09:30:00-04:00
4641,446,SBUX,CATALYST,11270,2026-08-25T16:15:52+02:00,2026-08-25,2026-08-25,2026-08-25T09:30:00-04:00
4644,449,SE,CATALYST,11280,2026-08-24T19:13:36+02:00,2026-08-24,2026-08-24,2026-08-24T09:30:00-04:00
4645,926,SFM,CATALYST,11283,2026-08-24T16:33:36+02:00,2026-08-24,2026-08-24,2026-08-24T09:30:00-04:00
4649,455,SJM,CATALYST,11291,2026-08-24T21:40:58+02:00,2026-08-24,2026-08-24,2026-08-24T09:30:00-04:00
4663,627,SUN,CATALYST,11310,2026-08-25T16:26:37+02:00,2026-08-25,2026-08-25,2026-08-25T09:30:00-04:00
4671,724,TFX,CATALYST,11003,2026-08-25T15:36:00+02:00,2026-08-25,2026-08-25,2026-08-25T09:30:00-04:00
4676,481,TRV,CATALYST,11011,2026-08-25T15:38:00+02:00,2026-08-25,2026-08-25,2026-08-25T09:30:00-04:00
4678,484,TTEK,CATALYST,11015,2026-08-24T16:05:00+02:00,2026-08-24,2026-08-24,2026-08-24T09:30:00-04:00
4679,768,TVTX,CATALYST,11016,2026-08-24T18:56:37+02:00,2026-08-24,2026-08-24,2026-08-24T09:30:00-04:00
4681,581,UBER,CATALYST,11017,2026-08-25T16:00:00+02:00,2026-08-25,2026-08-25,2026-08-25T09:30:00-04:00
4685,488,URBN,CATALYST,11033,2026-08-24T15:30:02+02:00,2026-08-24,2026-08-24,2026-08-24T09:30:00-04:00
4697,494,VRSN,CATALYST,5073,2026-08-13T17:25:01+02:00,2026-08-13,2026-08-13,2026-08-13T09:30:00-04:00
4698,175,VRTX,CATALYST,11054,2026-08-24T17:20:00+02:00,2026-08-24,2026-08-24,2026-08-24T09:30:00-04:00
4701,180,WAT,CATALYST,11056,2026-08-24T16:26:53+02:00,2026-08-24,2026-08-24,2026-08-24T09:30:00-04:00
4705,185,WST,CATALYST,11059,2026-08-24T20:47:00+02:00,2026-08-24,2026-08-24,2026-08-24T09:30:00-04:00
4708,187,XOM,CATALYST,11063,2026-08-25T15:42:19+02:00,2026-08-25,2026-08-25,2026-08-25T09:30:00-04:00
4715,509,ZIM,CATALYST,11105,2026-08-24T21:49:00+02:00,2026-08-24,2026-08-24,2026-08-24T09:30:00-04:00
4716,632,ZM,CATALYST,11107,2026-08-25T16:00:00+02:00,2026-08-25,2026-08-25,2026-08-25T09:30:00-04:00
4718,4,AGNC,CATALYST,11888,2026-08-24T17:36:00+02:00,2026-08-24,2026-08-24,2026-08-24T09:30:00-04:00
4720,201,AMCR,CATALYST,11889,2026-08-25T16:39:32+02:00,2026-08-25,2026-08-25,2026-08-25T09:30:00-04:00
4721,661,AMN,CATALYST,11890,2026-08-24T20:23:00+02:00,2026-08-24,2026-08-24,2026-08-24T09:30:00-04:00
4722,10,AMZN,CATALYST,11891,2026-08-25T18:04:32+02:00,2026-08-25,2026-08-25,2026-08-25T09:30:00-04:00
4723,11,ANET,CATALYST,11905,2026-08-24T20:52:00+02:00,2026-08-24,2026-08-24,2026-08-24T09:30:00-04:00
4726,24,BEN,CATALYST,11910,2026-08-25T16:03:00+02:00,2026-08-25,2026-08-25,2026-08-25T09:30:00-04:00
4729,40,CNS,CATALYST,11912,2026-08-24T17:40:03+02:00,2026-08-24,2026-08-24,2026-08-24T09:30:00-04:00
4732,516,CVX,CATALYST,11914,2026-08-25T18:04:00+02:00,2026-08-25,2026-08-25,2026-08-25T09:30:00-04:00
4737,520,EOG,CATALYST,11952,2026-08-25T17:17:00+02:00,2026-08-25,2026-08-25,2026-08-25T09:30:00-04:00
4738,64,ET,CATALYST,11953,2026-08-25T15:43:13+02:00,2026-08-25,2026-08-25,2026-08-25T09:30:00-04:00
4739,892,EVER,CATALYST,11955,2026-08-24T21:21:36+02:00,2026-08-24,2026-08-24,2026-08-24T09:30:00-04:00
4741,75,FSUN,CATALYST,11956,2026-08-24T20:41:36+02:00,2026-08-24,2026-08-24,2026-08-24T09:30:00-04:00
4742,641,GBTG,CATALYST,11958,2026-08-24T16:57:36+02:00,2026-08-24,2026-08-24,2026-08-24T09:30:00-04:00
4746,832,GRMN,CATALYST,11962,2026-08-25T16:50:00+02:00,2026-08-25,2026-08-25,2026-08-25T09:30:00-04:00
4747,85,HAS,CATALYST,11965,2026-08-25T18:08:00+02:00,2026-08-25,2026-08-25,2026-08-25T09:30:00-04:00
4751,851,HPE,CATALYST,11966,2026-08-25T16:54:00+02:00,2026-08-25,2026-08-25,2026-08-25T09:30:00-04:00
4752,645,IBKR,CATALYST,11977,2026-08-25T18:09:51+02:00,2026-08-25,2026-08-25,2026-08-25T09:30:00-04:00
4753,101,JAZZ,CATALYST,11980,2026-08-25T18:23:03+02:00,2026-08-25,2026-08-25,2026-08-25T09:30:00-04:00
4754,102,JNJ,CATALYST,11981,2026-08-25T18:10:00+02:00,2026-08-25,2026-08-25,2026-08-25T09:30:00-04:00
4756,103,JPM,CATALYST,11984,2026-08-25T17:52:32+02:00,2026-08-25,2026-08-25,2026-08-25T09:30:00-04:00
4758,111,LLY,CATALYST,12023,2026-08-25T17:14:00+02:00,2026-08-25,2026-08-25,2026-08-25T09:30:00-04:00
4759,529,LNG,CATALYST,12025,2026-08-25T16:14:56+02:00,2026-08-25,2026-08-25,2026-08-25T09:30:00-04:00
4761,821,MNST,CATALYST,12027,2026-08-25T17:06:29+02:00,2026-08-25,2026-08-25,2026-08-25T09:30:00-04:00
4765,136,OPY,CATALYST,12030,2026-08-24T17:57:37+02:00,2026-08-24,2026-08-24,2026-08-24T09:30:00-04:00
4767,743,PAA,CATALYST,12035,2026-08-25T17:54:00+02:00,2026-08-25,2026-08-25,2026-08-25T09:30:00-04:00
4768,138,PEN,CATALYST,12037,2026-08-24T20:33:36+02:00,2026-08-24,2026-08-24,2026-08-24T09:30:00-04:00
4769,573,PH,CATALYST,12038,2026-08-24T18:57:36+02:00,2026-08-24,2026-08-24,2026-08-24T09:30:00-04:00
4774,597,ROST,CATALYST,12043,2026-08-25T17:51:00+02:00,2026-08-25,2026-08-25,2026-08-25T09:30:00-04:00
4782,895,TGTX,CATALYST,12053,2026-08-24T18:56:37+02:00,2026-08-24,2026-08-24,2026-08-24T09:30:00-04:00
4785,491,V,CATALYST,12054,2026-08-25T17:10:10+02:00,2026-08-25,2026-08-25,2026-08-25T09:30:00-04:00
4789,187,XOM,CATALYST,12094,2026-08-25T18:04:00+02:00,2026-08-25,2026-08-25,2026-08-25T09:30:00-04:00
4793,7,AIZ,CATALYST,12097,2026-08-25T17:14:00+02:00,2026-08-25,2026-08-25,2026-08-25T09:30:00-04:00
4795,9,AMG,CATALYST,12098,2026-08-24T16:37:00+02:00,2026-08-24,2026-08-24,2026-08-24T09:30:00-04:00
4796,661,AMN,CATALYST,12100,2026-08-25T16:35:00+02:00,2026-08-25,2026-08-25,2026-08-25T09:30:00-04:00
4812,256,CHEF,CATALYST,12127,2026-08-25T17:45:00+02:00,2026-08-25,2026-08-25,2026-08-25T09:30:00-04:00
4819,847,CTRN,CATALYST,12130,2026-08-25T20:30:05+02:00,2026-08-25,2026-08-25,2026-08-25T09:30:00-04:00
4821,516,CVX,CATALYST,12135,2026-08-25T21:42:23+02:00,2026-08-25,2026-08-25,2026-08-25T09:30:00-04:00
4826,58,DLR,CATALYST,12141,2026-08-25T16:12:00+02:00,2026-08-25,2026-08-25,2026-08-25T09:30:00-04:00
4828,849,DXPE,CATALYST,12145,2026-08-25T20:22:44+02:00,2026-08-25,2026-08-25,2026-08-25T09:30:00-04:00
4833,637,EQIX,CATALYST,12146,2026-08-24T15:56:37+02:00,2026-08-24,2026-08-24,2026-08-24T09:30:00-04:00
4834,64,ET,CATALYST,12148,2026-08-25T17:54:00+02:00,2026-08-25,2026-08-25,2026-08-25T09:30:00-04:00
4838,67,FAF,CATALYST,12149,2026-08-24T18:20:00+02:00,2026-08-24,2026-08-24,2026-08-24T09:30:00-04:00
4851,88,HCI,CATALYST,12174,2026-08-25T19:50:44+02:00,2026-08-25,2026-08-25,2026-08-25T09:30:00-04:00
4863,102,JNJ,CATALYST,12178,2026-08-25T19:21:14+02:00,2026-08-25,2026-08-25,2026-08-25T09:30:00-04:00
4865,103,JPM,CATALYST,12181,2026-08-25T21:53:21+02:00,2026-08-25,2026-08-25,2026-08-25T09:30:00-04:00
4869,111,LLY,CATALYST,12184,2026-08-25T21:37:58+02:00,2026-08-25,2026-08-25,2026-08-25T09:30:00-04:00
4872,370,LTH,CATALYST,12189,2026-08-25T18:12:00+02:00,2026-08-25,2026-08-25,2026-08-25T09:30:00-04:00
4876,821,MNST,CATALYST,12191,2026-08-25T17:45:00+02:00,2026-08-25,2026-08-25,2026-08-25T09:30:00-04:00
4877,853,MRVL,CATALYST,12192,2026-08-25T21:42:44+02:00,2026-08-25,2026-08-25,2026-08-25T09:30:00-04:00
4879,129,NVST,CATALYST,12242,2026-08-25T18:30:44+02:00,2026-08-25,2026-08-25,2026-08-25T09:30:00-04:00
4890,148,RGA,CATALYST,12248,2026-08-25T20:17:00+02:00,2026-08-25,2026-08-25,2026-08-25T09:30:00-04:00
4904,170,TXRH,CATALYST,12255,2026-08-25T18:56:05+02:00,2026-08-25,2026-08-25,2026-08-25T09:30:00-04:00
4906,671,VSXY,CATALYST,12257,2026-08-25T17:00:00+02:00,2026-08-25,2026-08-25,2026-08-25T09:30:00-04:00
4914,187,XOM,CATALYST,12260,2026-08-25T21:49:26+02:00,2026-08-25,2026-08-25,2026-08-25T09:30:00-04:00
4916,10,AMZN,CATALYST,12105,2026-08-25T21:56:46+02:00,2026-08-25,2026-08-25,2026-08-25T09:30:00-04:00
4918,168,TNK,CATALYST,12489,2026-08-25T18:33:00+02:00,2026-08-25,2026-08-25,2026-08-25T09:30:00-04:00
4921,480,TRU,CATALYST,12492,2026-08-25T18:38:44+02:00,2026-08-25,2026-08-25,2026-08-25T09:30:00-04:00
4926,940,U,CATALYST,12495,2026-08-25T17:09:09+02:00,2026-08-25,2026-08-25,2026-08-25T09:30:00-04:00
4927,581,UBER,CATALYST,12500,2026-08-25T19:00:25+02:00,2026-08-25,2026-08-25,2026-08-25T09:30:00-04:00
4930,769,USFD,CATALYST,12504,2026-08-25T16:00:00+02:00,2026-08-25,2026-08-25,2026-08-25T09:30:00-04:00
4934,817,VEEV,CATALYST,12506,2026-08-25T20:59:39+02:00,2026-08-25,2026-08-25,2026-08-25T09:30:00-04:00
4935,174,VLO,CATALYST,12508,2026-08-25T21:06:51+02:00,2026-08-25,2026-08-25,2026-08-25T09:30:00-04:00
4939,844,VNOM,CATALYST,12512,2026-08-25T19:10:44+02:00,2026-08-25,2026-08-25,2026-08-25T09:30:00-04:00
4940,493,VOYA,CATALYST,12513,2026-08-25T20:17:00+02:00,2026-08-25,2026-08-25,2026-08-25T09:30:00-04:00
4945,179,WAB,CATALYST,12516,2026-08-24T16:33:19+02:00,2026-08-24,2026-08-24,2026-08-24T09:30:00-04:00
4948,942,WK,CATALYST,12517,2026-08-24T16:54:00+02:00,2026-08-24,2026-08-24,2026-08-24T09:30:00-04:00
4950,730,WTW,CATALYST,12518,2026-08-25T18:00:04+02:00,2026-08-25,2026-08-25,2026-08-25T09:30:00-04:00
4953,929,YUM,CATALYST,12526,2026-08-25T18:51:24+02:00,2026-08-25,2026-08-25,2026-08-25T09:30:00-04:00
4954,506,YUMC,CATALYST,12527,2026-08-25T18:45:02+02:00,2026-08-25,2026-08-25,2026-08-25T09:30:00-04:00
4955,507,ZBH,CATALYST,12529,2026-08-25T17:08:39+02:00,2026-08-25,2026-08-25,2026-08-25T09:30:00-04:00
4959,433,RLI,CATALYST,12364,2026-08-25T21:34:44+02:00,2026-08-25,2026-08-25,2026-08-25T09:30:00-04:00
4967,721,RYAN,CATALYST,12369,2026-08-25T18:21:11+02:00,2026-08-25,2026-08-25,2026-08-25T09:30:00-04:00
4974,449,SE,CATALYST,12372,2026-08-25T16:44:11+02:00,2026-08-25,2026-08-25,2026-08-25T09:30:00-04:00
4983,837,SNOW,CATALYST,12384,2026-08-25T16:47:58+02:00,2026-08-25,2026-08-25,2026-08-25T09:30:00-04:00
4985,464,SPB,CATALYST,12387,2026-08-24T20:25:36+02:00,2026-08-24,2026-08-24,2026-08-24T09:30:00-04:00
4986,886,SPGI,CATALYST,12388,2026-08-25T19:23:05+02:00,2026-08-25,2026-08-25,2026-08-25T09:30:00-04:00
4996,472,SYF,CATALYST,12393,2026-08-25T17:00:00+02:00,2026-08-25,2026-08-25,2026-08-25T09:30:00-04:00
5002,476,TGT,CATALYST,12394,2026-08-25T19:48:00+02:00,2026-08-25,2026-08-25,2026-08-25T09:30:00-04:00
5004,477,THG,CATALYST,12419,2026-08-25T18:05:00+02:00,2026-08-25,2026-08-25,2026-08-25T09:30:00-04:00
5008,923,NAVN,CATALYST,12265,2026-08-25T18:55:47+02:00,2026-08-25,2026-08-25,2026-08-25T09:30:00-04:00
5015,621,NOG,CATALYST,12269,2026-08-25T19:10:44+02:00,2026-08-25,2026-08-25,2026-08-25T09:30:00-04:00
5016,903,NOMD,CATALYST,12271,2026-08-25T19:09:54+02:00,2026-08-25,2026-08-25,2026-08-25T09:30:00-04:00
5022,761,NU,CATALYST,12278,2026-08-25T15:39:00+02:00,2026-08-25,2026-08-25,2026-08-25T09:30:00-04:00
5024,407,OSK,CATALYST,12283,2026-08-25T17:16:58+02:00,2026-08-25,2026-08-25,2026-08-25T09:30:00-04:00
5029,716,PCG,CATALYST,12287,2026-08-25T18:00:00+02:00,2026-08-25,2026-08-25,2026-08-25T09:30:00-04:00
5034,417,PHM,CATALYST,12290,2026-08-25T19:02:44+02:00,2026-08-25,2026-08-25,2026-08-25T09:30:00-04:00
5035,418,PINS,CATALYST,12299,2026-08-25T19:23:05+02:00,2026-08-25,2026-08-25,2026-08-25T09:30:00-04:00
5038,880,PLTR,CATALYST,12304,2026-08-25T17:52:32+02:00,2026-08-25,2026-08-25,2026-08-25T09:30:00-04:00
5039,763,PM,CATALYST,12309,2026-08-25T17:20:00+02:00,2026-08-25,2026-08-25,2026-08-25T09:30:00-04:00
5040,532,PR,CATALYST,12311,2026-08-24T18:04:00+02:00,2026-08-24,2026-08-24,2026-08-24T09:30:00-04:00
5041,145,PSX,CATALYST,12312,2026-08-25T15:57:00+02:00,2026-08-25,2026-08-25,2026-08-25T09:30:00-04:00
5044,574,QGEN,CATALYST,12316,2026-08-25T21:25:49+02:00,2026-08-25,2026-08-25,2026-08-25T09:30:00-04:00
5046,904,RCUS,CATALYST,12319,2026-08-24T19:12:26+02:00,2026-08-24,2026-08-24,2026-08-24T09:30:00-04:00
5051,279,DE,CATALYST,12602,2026-08-25T17:16:58+02:00,2026-08-25,2026-08-25,2026-08-25T09:30:00-04:00
5053,518,DINO,CATALYST,12604,2026-08-25T17:20:00+02:00,2026-08-25,2026-08-25,2026-08-25T09:30:00-04:00
5056,283,DLTR,CATALYST,12605,2026-08-25T17:51:00+02:00,2026-08-25,2026-08-25,2026-08-25T09:30:00-04:00
5062,285,DRI,CATALYST,12608,2026-08-24T17:11:43+02:00,2026-08-24,2026-08-24,2026-08-24T09:30:00-04:00
5063,286,DT,CATALYST,12611,2026-08-25T18:06:43+02:00,2026-08-25,2026-08-25,2026-08-25T09:30:00-04:00
5068,289,ECL,CATALYST,12621,2026-08-25T15:45:00+02:00,2026-08-25,2026-08-25,2026-08-25T09:30:00-04:00
5071,867,EFX,CATALYST,12622,2026-08-25T18:38:44+02:00,2026-08-25,2026-08-25,2026-08-25T09:30:00-04:00
5073,694,EHC,CATALYST,12623,2026-08-25T16:20:00+02:00,2026-08-25,2026-08-25,2026-08-25T09:30:00-04:00
5075,549,ELV,CATALYST,12625,2026-08-25T20:20:30+02:00,2026-08-25,2026-08-25,2026-08-25T09:30:00-04:00
5077,695,ENR,CATALYST,12628,2026-08-24T20:25:36+02:00,2026-08-24,2026-08-24,2026-08-24T09:30:00-04:00
5081,302,EXPD,CATALYST,12632,2026-08-25T18:33:00+02:00,2026-08-25,2026-08-25,2026-08-25T09:30:00-04:00
5082,303,EXPE,CATALYST,12634,2026-08-25T18:19:01+02:00,2026-08-25,2026-08-25,2026-08-25T09:30:00-04:00
5085,696,FAST,CATALYST,12638,2026-08-25T20:22:44+02:00,2026-08-25,2026-08-25,2026-08-25T09:30:00-04:00
5090,1,A,CATALYST,12530,2026-08-25T21:50:44+02:00,2026-08-25,2026-08-25,2026-08-25T09:30:00-04:00
5092,672,ABBV,CATALYST,12533,2026-08-25T18:53:00+02:00,2026-08-25,2026-08-25,2026-08-25T09:30:00-04:00
5094,858,ADBE,CATALYST,12538,2026-08-25T19:39:30+02:00,2026-08-25,2026-08-25,2026-08-25T09:30:00-04:00
5095,194,ADP,CATALYST,12541,2026-08-25T18:38:44+02:00,2026-08-25,2026-08-25,2026-08-25T09:30:00-04:00
5098,599,AFRM,CATALYST,12547,2026-08-25T20:02:03+02:00,2026-08-25,2026-08-25,2026-08-25T09:30:00-04:00
5105,910,AMT,CATALYST,12557,2026-08-25T17:40:02+02:00,2026-08-25,2026-08-25,2026-08-25T09:30:00-04:00
5109,208,APD,CATALYST,12561,2026-08-25T17:40:03+02:00,2026-08-25,2026-08-25,2026-08-25T09:30:00-04:00
5111,209,APO,CATALYST,12564,2026-08-25T19:58:50+02:00,2026-08-25,2026-08-25,2026-08-25T09:30:00-04:00
5116,538,ASH,CATALYST,12567,2026-08-25T17:07:00+02:00,2026-08-25,2026-08-25,2026-08-25T09:30:00-04:00
5118,790,AVNT,CATALYST,12569,2026-08-25T17:07:00+02:00,2026-08-25,2026-08-25,2026-08-25T09:30:00-04:00
5119,215,AVTR,CATALYST,12574,2026-08-25T17:43:00+02:00,2026-08-25,2026-08-25,2026-08-25T09:30:00-04:00
5127,229,BIIB,CATALYST,12576,2026-08-25T20:59:39+02:00,2026-08-25,2026-08-25,2026-08-25T09:30:00-04:00
5130,238,BMY,CATALYST,12578,2026-08-25T20:16:00+02:00,2026-08-25,2026-08-25,2026-08-25T09:30:00-04:00
5131,240,BOX,CATALYST,12581,2026-08-25T17:19:00+02:00,2026-08-25,2026-08-25,2026-08-25T09:30:00-04:00
5132,242,BRO,CATALYST,12321,2026-08-25T17:44:58+02:00,2026-08-25,2026-08-25,2026-08-25T09:30:00-04:00
5136,245,BXP,CATALYST,12322,2026-08-25T17:02:07+02:00,2026-08-25,2026-08-25,2026-08-25T09:30:00-04:00
5144,251,CBRL,CATALYST,12335,2026-08-25T15:40:03+02:00,2026-08-25,2026-08-25,2026-08-25T09:30:00-04:00
5147,255,CHD,CATALYST,12336,2026-08-25T20:38:00+02:00,2026-08-25,2026-08-25,2026-08-25T09:30:00-04:00
5148,605,CHE,CATALYST,12340,2026-08-25T17:40:03+02:00,2026-08-25,2026-08-25,2026-08-25T09:30:00-04:00
5153,259,CLX,CATALYST,12341,2026-08-25T20:38:00+02:00,2026-08-25,2026-08-25,2026-08-25T09:30:00-04:00
5154,914,CMCSA,CATALYST,12345,2026-08-25T16:00:00+02:00,2026-08-25,2026-08-25,2026-08-25T09:30:00-04:00
5155,863,CMG,CATALYST,12346,2026-08-25T16:48:00+02:00,2026-08-25,2026-08-25,2026-08-25T09:30:00-04:00
5160,43,COP,CATALYST,12348,2026-08-25T21:10:02+02:00,2026-08-25,2026-08-25,2026-08-25T09:30:00-04:00
5163,267,CRGY,CATALYST,12350,2026-08-24T18:04:00+02:00,2026-08-24,2026-08-24,2026-08-24T09:30:00-04:00
5173,278,DDS,CATALYST,12363,2026-08-25T16:00:00+02:00,2026-08-25,2026-08-25,2026-08-25T09:30:00-04:00
5187,327,HOG,CATALYST,12584,2026-08-25T19:06:55+02:00,2026-08-25,2026-08-25,2026-08-25T09:30:00-04:00
5189,556,HPQ,CATALYST,12585,2026-08-25T21:25:38+02:00,2026-08-25,2026-08-25,2026-08-25T09:30:00-04:00
5193,333,HSIC,CATALYST,12589,2026-08-25T17:40:03+02:00,2026-08-25,2026-08-25,2026-08-25T09:30:00-04:00
5200,340,IFF,CATALYST,12591,2026-08-25T19:42:44+02:00,2026-08-25,2026-08-25,2026-08-25T09:30:00-04:00
5212,357,JOYY,CATALYST,12597,2026-08-25T16:00:00+02:00,2026-08-25,2026-08-25,2026-08-25T09:30:00-04:00
5217,614,KKR,CATALYST,12420,2026-08-25T21:25:49+02:00,2026-08-25,2026-08-25,2026-08-25T09:30:00-04:00
5237,376,MCK,CATALYST,12427,2026-08-25T21:57:15+02:00,2026-08-25,2026-08-25,2026-08-25T09:30:00-04:00
5238,707,MCO,CATALYST,12432,2026-08-25T21:58:48+02:00,2026-08-25,2026-08-25,2026-08-25T09:30:00-04:00
5247,758,MMYT,CATALYST,12439,2026-08-25T15:30:06+02:00,2026-08-25,2026-08-25,2026-08-25T09:30:00-04:00
5248,384,MORN,CATALYST,12440,2026-08-25T18:36:00+02:00,2026-08-25,2026-08-25,2026-08-25T09:30:00-04:00
5249,120,MPC,CATALYST,12443,2026-08-25T16:35:00+02:00,2026-08-25,2026-08-25,2026-08-25T09:30:00-04:00
5255,551,FDX,CATALYST,12641,2026-08-25T19:03:18+02:00,2026-08-25,2026-08-25,2026-08-25T09:30:00-04:00
5256,804,MSFT,CATALYST,12456,2026-08-25T21:58:38+02:00,2026-08-25,2026-08-25,2026-08-25T09:30:00-04:00
5257,732,XYZ,CATALYST,12522,2026-08-25T18:16:26+02:00,2026-08-25,2026-08-25,2026-08-25T09:30:00-04:00
5258,393,NDAQ,CATALYST,12268,2026-08-25T19:55:00+02:00,2026-08-25,2026-08-25,2026-08-25T09:30:00-04:00
5259,372,LYFT,CATALYST,12426,2026-08-25T19:00:25+02:00,2026-08-25,2026-08-25,2026-08-25T09:30:00-04:00
5260,674,ADSK,CATALYST,12543,2026-08-25T17:30:22+02:00,2026-08-25,2026-08-25,2026-08-25T09:30:00-04:00
5262,808,NTNX,CATALYST,12273,2026-08-25T21:07:35+02:00,2026-08-25,2026-08-25,2026-08-25T09:30:00-04:00
5263,455,SJM,CATALYST,12375,2026-08-25T17:11:59+02:00,2026-08-25,2026-08-25,2026-08-25T09:30:00-04:00
5264,865,CRM,CATALYST,12354,2026-08-25T21:07:51+02:00,2026-08-25,2026-08-25,2026-08-25T09:30:00-04:00
5265,708,MDT,CATALYST,12438,2026-08-25T17:08:39+02:00,2026-08-25,2026-08-25,2026-08-25T09:30:00-04:00
5266,378,MDLZ,CATALYST,12435,2026-08-25T17:40:00+02:00,2026-08-25,2026-08-25,2026-08-25T09:30:00-04:00
5269,7,AIZ,CATALYST,12761,2026-08-26T18:19:00+02:00,2026-08-26,2026-08-26,2026-08-26T09:30:00-04:00
5270,8,ALSN,CATALYST,7668,2026-08-18T18:05:33+02:00,2026-08-18,2026-08-18,2026-08-18T09:30:00-04:00
5271,201,AMCR,CATALYST,11889,2026-08-25T16:39:32+02:00,2026-08-25,2026-08-25,2026-08-25T09:30:00-04:00
5275,203,AMP,CATALYST,12768,2026-08-25T20:14:44+02:00,2026-08-25,2026-08-25,2026-08-25T09:30:00-04:00
5277,13,APH,CATALYST,12818,2026-08-26T19:13:00+02:00,2026-08-26,2026-08-26,2026-08-26T09:30:00-04:00
5279,634,ARMK,CATALYST,12821,2026-08-26T21:04:03+02:00,2026-08-26,2026-08-26,2026-08-26T09:30:00-04:00
5280,845,AUPH,CATALYST,10195,2026-08-20T18:23:00+02:00,2026-08-20,2026-08-20,2026-08-20T09:30:00-04:00
5283,512,BCPC,CATALYST,7809,2026-08-18T19:19:51+02:00,2026-08-18,2026-08-18,2026-08-18T09:30:00-04:00
5284,24,BEN,CATALYST,12822,2026-08-26T19:46:00+02:00,2026-08-26,2026-08-26,2026-08-26T09:30:00-04:00
5289,32,CCEP,CATALYST,5679,2026-08-14T17:04:06+02:00,2026-08-14,2026-08-14,2026-08-14T09:30:00-04:00
5290,33,CCK,CATALYST,9436,2026-08-19T21:34:02+02:00,2026-08-19,2026-08-19,2026-08-19T09:30:00-04:00
5292,256,CHEF,CATALYST,12829,2026-08-26T19:10:00+02:00,2026-08-26,2026-08-26,2026-08-26T09:30:00-04:00
5296,264,CON,CATALYST,12831,2026-08-26T17:40:04+02:00,2026-08-26,2026-08-26,2026-08-26T09:30:00-04:00
5297,44,CPAY,CATALYST,12832,2026-08-26T16:11:13+02:00,2026-08-26,2026-08-26,2026-08-26T09:30:00-04:00
5298,543,CSW,CATALYST,12834,2026-08-26T19:31:13+02:00,2026-08-26,2026-08-26,2026-08-26T09:30:00-04:00
5302,944,DAVE,CATALYST,12852,2026-08-25T16:10:00+02:00,2026-08-25,2026-08-25,2026-08-25T09:30:00-04:00
5306,519,DVN,CATALYST,12854,2026-08-25T16:02:08+02:00,2026-08-25,2026-08-25,2026-08-25T09:30:00-04:00
5308,290,ECO,CATALYST,12856,2026-08-25T21:11:00+02:00,2026-08-25,2026-08-25,2026-08-25T09:30:00-04:00
5311,850,EIX,CATALYST,12858,2026-08-26T18:52:00+02:00,2026-08-26,2026-08-26,2026-08-26T09:30:00-04:00
5312,520,EOG,CATALYST,11952,2026-08-25T17:17:00+02:00,2026-08-25,2026-08-25,2026-08-25T09:30:00-04:00
5315,892,EVER,CATALYST,11955,2026-08-24T21:21:36+02:00,2026-08-24,2026-08-24,2026-08-24T09:30:00-04:00
5316,66,EW,CATALYST,12862,2026-08-26T15:53:00+02:00,2026-08-26,2026-08-26,2026-08-26T09:30:00-04:00
5317,918,EXEL,CATALYST,12642,2026-08-26T18:40:37+02:00,2026-08-26,2026-08-26,2026-08-26T09:30:00-04:00
5320,776,FCFS,CATALYST,12644,2026-08-26T18:03:13+02:00,2026-08-26,2026-08-26,2026-08-26T09:30:00-04:00
5321,69,FHI,CATALYST,12645,2026-08-26T19:46:00+02:00,2026-08-26,2026-08-26,2026-08-26T09:30:00-04:00
5322,71,FLYW,CATALYST,10813,2026-08-21T17:47:47+02:00,2026-08-21,2026-08-21,2026-08-21T09:30:00-04:00
5323,73,FRO,CATALYST,10814,2026-08-21T21:39:26+02:00,2026-08-21,2026-08-21,2026-08-21T09:30:00-04:00
5324,552,FTDR,CATALYST,10817,2026-08-21T15:55:02+02:00,2026-08-21,2026-08-21,2026-08-21T09:30:00-04:00
5325,523,FTI,CATALYST,11825,2026-08-24T16:15:00+02:00,2026-08-24,2026-08-24,2026-08-24T09:30:00-04:00
5326,76,FTNT,CATALYST,12646,2026-08-26T19:22:00+02:00,2026-08-26,2026-08-26,2026-08-26T09:30:00-04:00
5328,79,GEO,CATALYST,12648,2026-08-26T16:58:00+02:00,2026-08-26,2026-08-26,2026-08-26T09:30:00-04:00
5333,85,HAS,CATALYST,11965,2026-08-25T18:08:00+02:00,2026-08-25,2026-08-25,2026-08-25T09:30:00-04:00
5335,88,HCI,CATALYST,12174,2026-08-25T19:50:44+02:00,2026-08-25,2026-08-25,2026-08-25T09:30:00-04:00
5337,820,HNGE,CATALYST,7967,2026-08-19T18:55:00+02:00,2026-08-19,2026-08-19,2026-08-19T09:30:00-04:00
5338,93,HUM,CATALYST,12653,2026-08-26T18:23:00+02:00,2026-08-26,2026-08-26,2026-08-26T09:30:00-04:00
5339,645,IBKR,CATALYST,12654,2026-08-26T19:45:00+02:00,2026-08-26,2026-08-26,2026-08-26T09:30:00-04:00
5340,96,INCY,CATALYST,11887,2026-08-24T17:27:00+02:00,2026-08-24,2026-08-24,2026-08-24T09:30:00-04:00
5342,778,IOT,CATALYST,12659,2026-08-26T19:10:51+02:00,2026-08-26,2026-08-26,2026-08-26T09:30:00-04:00
5343,99,ITIC,CATALYST,5596,2026-08-14T19:45:00+02:00,2026-08-14,2026-08-14,2026-08-14T09:30:00-04:00
5344,100,ITT,CATALYST,10277,2026-08-21T17:40:02+02:00,2026-08-21,2026-08-21,2026-08-21T09:30:00-04:00
5347,103,JPM,CATALYST,12674,2026-08-26T19:59:00+02:00,2026-08-26,2026-08-26,2026-08-26T09:30:00-04:00
5350,106,LAUR,CATALYST,9487,2026-08-20T17:40:03+02:00,2026-08-20,2026-08-20,2026-08-20T09:30:00-04:00
5351,108,LECO,CATALYST,12690,2026-08-26T16:35:13+02:00,2026-08-26,2026-08-26,2026-08-26T09:30:00-04:00
5352,109,LFST,CATALYST,12691,2026-08-26T15:37:00+02:00,2026-08-26,2026-08-26,2026-08-26T09:30:00-04:00
5356,379,MEDP,CATALYST,12694,2026-08-26T17:40:04+02:00,2026-08-26,2026-08-26,2026-08-26T09:30:00-04:00
5358,821,MNST,CATALYST,12191,2026-08-25T17:45:00+02:00,2026-08-25,2026-08-25,2026-08-25T09:30:00-04:00
5359,853,MRVL,CATALYST,12697,2026-08-26T20:08:04+02:00,2026-08-26,2026-08-26,2026-08-26T09:30:00-04:00
5360,129,NVST,CATALYST,12710,2026-08-26T16:17:00+02:00,2026-08-26,2026-08-26,2026-08-26T09:30:00-04:00
5364,136,OPY,CATALYST,12030,2026-08-24T17:57:37+02:00,2026-08-24,2026-08-24,2026-08-24T09:30:00-04:00
5366,743,PAA,CATALYST,12035,2026-08-25T17:54:00+02:00,2026-08-25,2026-08-25,2026-08-25T09:30:00-04:00
5367,946,PARR,CATALYST,12863,2026-08-26T18:34:00+02:00,2026-08-26,2026-08-26,2026-08-26T09:30:00-04:00
5368,573,PH,CATALYST,12867,2026-08-26T20:19:17+02:00,2026-08-26,2026-08-26,2026-08-26T09:30:00-04:00
5370,425,PTGX,CATALYST,11250,2026-08-24T16:38:00+02:00,2026-08-24,2026-08-24,2026-08-24T09:30:00-04:00
5373,148,RGA,CATALYST,12872,2026-08-26T18:17:00+02:00,2026-08-26,2026-08-26,2026-08-26T09:30:00-04:00
5375,533,RPRX,CATALYST,5537,2026-08-13T15:35:01+02:00,2026-08-13,2026-08-13,2026-08-13T09:30:00-04:00
5377,153,SCHW,CATALYST,12875,2026-08-26T18:39:17+02:00,2026-08-26,2026-08-26,2026-08-26T09:30:00-04:00
5379,155,SHC,CATALYST,12882,2026-08-26T20:03:13+02:00,2026-08-26,2026-08-26,2026-08-26T09:30:00-04:00
5380,947,SMTC,CATALYST,12883,2026-08-26T18:15:33+02:00,2026-08-26,2026-08-26,2026-08-26T09:30:00-04:00
5381,158,SON,CATALYST,12903,2026-08-25T19:00:00+02:00,2026-08-25,2026-08-25,2026-08-25T09:30:00-04:00
5383,895,TGTX,CATALYST,12905,2026-08-26T18:40:37+02:00,2026-08-26,2026-08-26,2026-08-26T09:30:00-04:00
5388,170,TXRH,CATALYST,12255,2026-08-25T18:56:05+02:00,2026-08-25,2026-08-25,2026-08-25T09:30:00-04:00
5390,175,VRTX,CATALYST,12908,2026-08-26T22:00:00+02:00,2026-08-26,2026-08-26,2026-08-26T09:30:00-04:00
5394,179,WAB,CATALYST,12916,2026-08-26T20:53:58+02:00,2026-08-26,2026-08-26,2026-08-26T09:30:00-04:00
5395,182,WELL,CATALYST,7918,2026-08-18T16:13:14+02:00,2026-08-18,2026-08-18,2026-08-18T09:30:00-04:00
5396,183,WES,CATALYST,10132,2026-08-21T18:52:00+02:00,2026-08-21,2026-08-21,2026-08-21T09:30:00-04:00
5397,660,WMB,CATALYST,7382,2026-08-17T17:58:00+02:00,2026-08-17,2026-08-17,2026-08-17T09:30:00-04:00
5398,185,WST,CATALYST,12917,2026-08-26T17:27:00+02:00,2026-08-26,2026-08-26,2026-08-26T09:30:00-04:00
5402,188,XPEL,CATALYST,5546,2026-08-12T20:14:15+02:00,2026-08-12,2026-08-12,2026-08-12T09:30:00-04:00
5404,672,ABBV,CATALYST,12938,2026-08-26T15:33:18+02:00,2026-08-26,2026-08-26,2026-08-26T09:30:00-04:00
5407,673,ACAD,CATALYST,11454,2026-08-24T16:04:00+02:00,2026-08-24,2026-08-24,2026-08-24T09:30:00-04:00
5408,858,ADBE,CATALYST,12959,2026-08-26T17:49:00+02:00,2026-08-26,2026-08-26,2026-08-26T09:30:00-04:00
5409,194,ADP,CATALYST,12541,2026-08-25T18:38:44+02:00,2026-08-25,2026-08-25,2026-08-25T09:30:00-04:00
5413,536,AJG,CATALYST,12965,2026-08-26T18:51:13+02:00,2026-08-26,2026-08-26,2026-08-26T09:30:00-04:00
5415,199,ALL,CATALYST,11480,2026-08-24T17:45:36+02:00,2026-08-24,2026-08-24,2026-08-24T09:30:00-04:00
5417,748,AM,CATALYST,12969,2026-08-25T16:35:00+02:00,2026-08-25,2026-08-25,2026-08-25T09:30:00-04:00
5420,206,APA,CATALYST,12973,2026-08-25T17:12:45+02:00,2026-08-25,2026-08-25,2026-08-25T09:30:00-04:00
5421,207,APAM,CATALYST,12976,2026-08-26T16:27:13+02:00,2026-08-26,2026-08-26,2026-08-26T09:30:00-04:00
5422,208,APD,CATALYST,12561,2026-08-25T17:40:03+02:00,2026-08-25,2026-08-25,2026-08-25T09:30:00-04:00
5423,209,APO,CATALYST,12978,2026-08-26T19:09:16+02:00,2026-08-26,2026-08-26,2026-08-26T09:30:00-04:00
5424,600,APPF,CATALYST,9723,2026-08-20T18:00:00+02:00,2026-08-20,2026-08-20,2026-08-20T09:30:00-04:00
5426,210,ARES,CATALYST,12983,2026-08-26T16:27:13+02:00,2026-08-26,2026-08-26,2026-08-26T09:30:00-04:00
5427,601,ARWR,CATALYST,12984,2026-08-26T18:40:37+02:00,2026-08-26,2026-08-26,2026-08-26T09:30:00-04:00
5428,538,ASH,CATALYST,12567,2026-08-25T17:07:00+02:00,2026-08-25,2026-08-25,2026-08-25T09:30:00-04:00
5432,215,AVTR,CATALYST,12986,2026-08-26T20:03:13+02:00,2026-08-26,2026-08-26,2026-08-26T09:30:00-04:00
5433,216,AVY,CATALYST,11562,2026-08-24T17:29:36+02:00,2026-08-24,2026-08-24,2026-08-24T09:30:00-04:00
5435,217,AWK,CATALYST,12988,2026-08-26T20:40:00+02:00,2026-08-26,2026-08-26,2026-08-26T09:30:00-04:00
5436,540,AXTA,CATALYST,12990,2026-08-26T17:40:04+02:00,2026-08-26,2026-08-26,2026-08-26T09:30:00-04:00
5437,221,BAM,CATALYST,12991,2026-08-26T19:49:58+02:00,2026-08-26,2026-08-26,2026-08-26T09:30:00-04:00
5438,223,BAX,CATALYST,12994,2026-08-26T20:19:11+02:00,2026-08-26,2026-08-26,2026-08-26T09:30:00-04:00
5440,229,BIIB,CATALYST,12576,2026-08-25T20:59:39+02:00,2026-08-25,2026-08-25,2026-08-25T09:30:00-04:00
5441,232,BJRI,CATALYST,13001,2026-08-26T17:34:00+02:00,2026-08-26,2026-08-26,2026-08-26T09:30:00-04:00
5442,233,BKH,CATALYST,6652,2026-08-14T16:14:16+02:00,2026-08-14,2026-08-14,2026-08-14T09:30:00-04:00
5443,749,BKNG,CATALYST,13368,2026-08-26T17:35:01+02:00,2026-08-26,2026-08-26,2026-08-26T09:30:00-04:00
5444,237,BMRN,CATALYST,13373,2026-08-26T18:40:37+02:00,2026-08-26,2026-08-26,2026-08-26T09:30:00-04:00
5445,238,BMY,CATALYST,13374,2026-08-26T15:41:00+02:00,2026-08-26,2026-08-26,2026-08-26T09:30:00-04:00
5446,948,BNTX,CATALYST,13377,2026-08-26T18:40:37+02:00,2026-08-26,2026-08-26,2026-08-26T09:30:00-04:00
5449,242,BRO,CATALYST,13388,2026-08-26T18:51:13+02:00,2026-08-26,2026-08-26,2026-08-26T09:30:00-04:00
5451,896,BWIN,CATALYST,13391,2026-08-26T18:51:13+02:00,2026-08-26,2026-08-26,2026-08-26T09:30:00-04:00
5453,245,BXP,CATALYST,12322,2026-08-25T17:02:07+02:00,2026-08-25,2026-08-25,2026-08-25T09:30:00-04:00
5457,792,CAKE,CATALYST,11746,2026-08-25T16:18:00+02:00,2026-08-25,2026-08-25,2026-08-25T09:30:00-04:00
5461,251,CBRL,CATALYST,13402,2026-08-26T17:34:00+02:00,2026-08-26,2026-08-26,2026-08-26T09:30:00-04:00
5465,255,CHD,CATALYST,13408,2026-08-26T17:47:13+02:00,2026-08-26,2026-08-26,2026-08-26T09:30:00-04:00
5466,605,CHE,CATALYST,12340,2026-08-25T17:40:03+02:00,2026-08-25,2026-08-25,2026-08-25T09:30:00-04:00
5469,914,CMCSA,CATALYST,13410,2026-08-26T19:43:53+02:00,2026-08-26,2026-08-26,2026-08-26T09:30:00-04:00
5470,915,CME,CATALYST,13414,2026-08-26T19:10:48+02:00,2026-08-26,2026-08-26,2026-08-26T09:30:00-04:00
5471,863,CMG,CATALYST,13422,2026-08-26T16:35:01+02:00,2026-08-26,2026-08-26,2026-08-26T09:30:00-04:00
5472,261,CNH,CATALYST,9873,2026-08-20T16:07:00+02:00,2026-08-20,2026-08-20,2026-08-20T09:30:00-04:00
5473,606,CNK,CATALYST,13426,2026-08-26T16:59:00+02:00,2026-08-26,2026-08-26,2026-08-26T09:30:00-04:00
5478,541,COR,CATALYST,13433,2026-08-26T17:40:00+02:00,2026-08-26,2026-08-26,2026-08-26T09:30:00-04:00
5479,690,CORT,CATALYST,13434,2026-08-26T18:40:37+02:00,2026-08-26,2026-08-26,2026-08-26T09:30:00-04:00
5480,266,CRBG,CATALYST,8749,2026-08-18T19:18:11+02:00,2026-08-18,2026-08-18,2026-08-18T09:30:00-04:00
5481,267,CRGY,CATALYST,13436,2026-08-26T16:32:37+02:00,2026-08-26,2026-08-26,2026-08-26T09:30:00-04:00
5483,271,CTAS,CATALYST,13481,2026-08-26T18:26:00+02:00,2026-08-26,2026-08-26,2026-08-26T09:30:00-04:00
5487,692,CWK,CATALYST,11628,2026-08-24T21:23:00+02:00,2026-08-24,2026-08-24,2026-08-24T09:30:00-04:00
5489,273,CWT,CATALYST,6320,2026-08-14T20:18:00+02:00,2026-08-14,2026-08-14,2026-08-14T09:30:00-04:00
5490,608,DAN,CATALYST,8811,2026-08-19T16:50:00+02:00,2026-08-19,2026-08-19,2026-08-19T09:30:00-04:00
5493,278,DDS,CATALYST,12363,2026-08-25T16:00:00+02:00,2026-08-25,2026-08-25,2026-08-25T09:30:00-04:00
5494,279,DE,CATALYST,13202,2026-08-26T19:29:50+02:00,2026-08-26,2026-08-26,2026-08-26T09:30:00-04:00
5495,281,DHR,CATALYST,13205,2026-08-26T20:03:13+02:00,2026-08-26,2026-08-26,2026-08-26T09:30:00-04:00
5496,518,DINO,CATALYST,13207,2026-08-26T17:03:00+02:00,2026-08-26,2026-08-26,2026-08-26T09:30:00-04:00
5497,282,DIS,CATALYST,13212,2026-08-26T16:47:00+02:00,2026-08-26,2026-08-26,2026-08-26T09:30:00-04:00
5499,664,DLO,CATALYST,11674,2026-08-24T18:19:00+02:00,2026-08-24,2026-08-24,2026-08-24T09:30:00-04:00
5503,285,DRI,CATALYST,13228,2026-08-26T17:34:00+02:00,2026-08-26,2026-08-26,2026-08-26T09:30:00-04:00
5505,519,DVN,CATALYST,13231,2026-08-25T17:12:45+02:00,2026-08-25,2026-08-25,2026-08-25T09:30:00-04:00
5506,288,DXCM,CATALYST,13232,2026-08-26T15:36:32+02:00,2026-08-26,2026-08-26,2026-08-26T09:30:00-04:00
5508,610,EAT,CATALYST,13233,2026-08-26T17:34:00+02:00,2026-08-26,2026-08-26,2026-08-26T09:30:00-04:00
5509,289,ECL,CATALYST,12621,2026-08-25T15:45:00+02:00,2026-08-25,2026-08-25,2026-08-25T09:30:00-04:00
5511,867,EFX,CATALYST,12622,2026-08-25T18:38:44+02:00,2026-08-25,2026-08-25,2026-08-25T09:30:00-04:00
5512,293,EG,CATALYST,13236,2026-08-26T16:48:00+02:00,2026-08-26,2026-08-26,2026-08-26T09:30:00-04:00
5513,694,EHC,CATALYST,12623,2026-08-25T16:20:00+02:00,2026-08-25,2026-08-25,2026-08-25T09:30:00-04:00
5515,549,ELV,CATALYST,13238,2026-08-26T16:12:59+02:00,2026-08-26,2026-08-26,2026-08-26T09:30:00-04:00
5518,295,EMR,CATALYST,13240,2026-08-26T18:29:00+02:00,2026-08-26,2026-08-26,2026-08-26T09:30:00-04:00
5519,695,ENR,CATALYST,13242,2026-08-26T17:47:13+02:00,2026-08-26,2026-08-26,2026-08-26T09:30:00-04:00
5522,302,EXPD,CATALYST,12632,2026-08-25T18:33:00+02:00,2026-08-25,2026-08-25,2026-08-25T09:30:00-04:00
5524,550,EXPO,CATALYST,10089,2026-08-20T15:40:04+02:00,2026-08-20,2026-08-20,2026-08-20T09:30:00-04:00
5525,696,FAST,CATALYST,12638,2026-08-25T20:22:44+02:00,2026-08-25,2026-08-25,2026-08-25T09:30:00-04:00
5528,611,FIVE,CATALYST,13259,2026-08-26T19:31:28+02:00,2026-08-26,2026-08-26,2026-08-26T09:30:00-04:00
5533,315,GEN,CATALYST,10098,2026-08-20T15:40:04+02:00,2026-08-20,2026-08-20,2026-08-20T09:30:00-04:00
5534,553,GFF,CATALYST,13271,2026-08-26T17:52:00+02:00,2026-08-26,2026-08-26,2026-08-26T09:30:00-04:00
5537,870,GKOS,CATALYST,10100,2026-08-20T17:54:00+02:00,2026-08-20,2026-08-20,2026-08-20T09:30:00-04:00
5538,320,GM,CATALYST,13277,2026-08-26T16:23:38+02:00,2026-08-26,2026-08-26,2026-08-26T09:30:00-04:00
5539,321,GPC,CATALYST,13281,2026-08-25T16:09:58+02:00,2026-08-25,2026-08-25,2026-08-25T09:30:00-04:00
5540,322,GPN,CATALYST,13282,2026-08-25T15:51:25+02:00,2026-08-25,2026-08-25,2026-08-25T09:30:00-04:00
5546,327,HOG,CATALYST,12584,2026-08-25T19:06:55+02:00,2026-08-25,2026-08-25,2026-08-25T09:30:00-04:00
5547,329,HP,CATALYST,13287,2026-08-26T16:32:37+02:00,2026-08-26,2026-08-26,2026-08-26T09:30:00-04:00
5550,331,HRB,CATALYST,11866,2026-08-24T18:40:00+02:00,2026-08-24,2026-08-24,2026-08-24T09:30:00-04:00
5551,332,HRMY,CATALYST,13303,2026-08-26T15:41:09+02:00,2026-08-26,2026-08-26,2026-08-26T09:30:00-04:00
5552,333,HSIC,CATALYST,12589,2026-08-25T17:40:03+02:00,2026-08-25,2026-08-25,2026-08-25T09:30:00-04:00
5556,612,ICUI,CATALYST,11879,2026-08-24T20:33:36+02:00,2026-08-24,2026-08-24,2026-08-24T09:30:00-04:00
5557,833,IDCC,CATALYST,13305,2026-08-26T17:05:00+02:00,2026-08-26,2026-08-26,2026-08-26T09:30:00-04:00
5558,339,IEX,CATALYST,11882,2026-08-24T18:57:36+02:00,2026-08-24,2026-08-24,2026-08-24T09:30:00-04:00
5559,340,IFF,CATALYST,12591,2026-08-25T19:42:44+02:00,2026-08-25,2026-08-25,2026-08-25T09:30:00-04:00
5561,342,IMVT,CATALYST,11886,2026-08-24T19:16:35+02:00,2026-08-24,2026-08-24,2026-08-24T09:30:00-04:00
5565,350,ITRI,CATALYST,10858,2026-08-21T15:30:03+02:00,2026-08-21,2026-08-21,2026-08-21T09:30:00-04:00
5568,356,JLL,CATALYST,13487,2026-08-26T16:03:13+02:00,2026-08-26,2026-08-26,2026-08-26T09:30:00-04:00
5571,358,JXN,CATALYST,4837,2026-08-12T16:16:42+02:00,2026-08-12,2026-08-12,2026-08-12T09:30:00-04:00
5572,702,KDP,CATALYST,11355,2026-08-24T21:40:58+02:00,2026-08-24,2026-08-24,2026-08-24T09:30:00-04:00
5573,801,KEX,CATALYST,13497,2026-08-25T21:11:00+02:00,2026-08-25,2026-08-25,2026-08-25T09:30:00-04:00
5575,614,KKR,CATALYST,13499,2026-08-26T22:00:00+02:00,2026-08-26,2026-08-26,2026-08-26T09:30:00-04:00
5576,703,KMB,CATALYST,13501,2026-08-26T19:05:00+02:00,2026-08-26,2026-08-26,2026-08-26T09:30:00-04:00
5578,558,KNSA,CATALYST,11368,2026-08-24T18:56:37+02:00,2026-08-24,2026-08-24,2026-08-24T09:30:00-04:00
5579,363,KNSL,CATALYST,13506,2026-08-26T17:30:02+02:00,2026-08-26,2026-08-26,2026-08-26T09:30:00-04:00
5582,560,KYMR,CATALYST,4857,2026-08-12T19:14:04+02:00,2026-08-12,2026-08-12,2026-08-12T09:30:00-04:00
5583,366,LAD,CATALYST,13507,2026-08-26T19:10:08+02:00,2026-08-26,2026-08-26,2026-08-26T09:30:00-04:00
5584,108,LECO,CATALYST,13509,2026-08-26T17:23:13+02:00,2026-08-26,2026-08-26,2026-08-26T09:30:00-04:00
5585,705,LKNCY,CATALYST,11373,2026-08-24T21:40:58+02:00,2026-08-24,2026-08-24,2026-08-24T09:30:00-04:00
5587,802,LPLA,CATALYST,13510,2026-08-25T18:42:00+02:00,2026-08-25,2026-08-25,2026-08-25T09:30:00-04:00
5589,372,LYFT,CATALYST,13512,2026-08-26T17:39:13+02:00,2026-08-26,2026-08-26,2026-08-26T09:30:00-04:00
5593,377,MD,CATALYST,10436,2026-08-21T19:07:47+02:00,2026-08-21,2026-08-21,2026-08-21T09:30:00-04:00
5595,378,MDLZ,CATALYST,13520,2026-08-26T18:05:00+02:00,2026-08-26,2026-08-26,2026-08-26T09:30:00-04:00
5597,619,MELI,CATALYST,13532,2026-08-26T16:17:00+02:00,2026-08-26,2026-08-26,2026-08-26T09:30:00-04:00
5600,382,MHO,CATALYST,13534,2026-08-26T18:46:00+02:00,2026-08-26,2026-08-26,2026-08-26T09:30:00-04:00
5601,874,MMSI,CATALYST,11437,2026-08-24T20:33:36+02:00,2026-08-24,2026-08-24,2026-08-24T09:30:00-04:00
5603,120,MPC,CATALYST,13003,2026-08-26T15:30:02+02:00,2026-08-26,2026-08-26,2026-08-26T09:30:00-04:00
5604,387,MRSH,CATALYST,13008,2026-08-26T18:51:13+02:00,2026-08-26,2026-08-26,2026-08-26T09:30:00-04:00
5611,567,MTDR,CATALYST,13059,2026-08-26T16:09:00+02:00,2026-08-26,2026-08-26,2026-08-26T09:30:00-04:00
5612,923,NAVN,CATALYST,12265,2026-08-25T18:55:47+02:00,2026-08-25,2026-08-25,2026-08-25T09:30:00-04:00
5613,806,NCNO,CATALYST,13060,2026-08-26T18:49:42+02:00,2026-08-26,2026-08-26,2026-08-26T09:30:00-04:00
5614,568,NE,CATALYST,13068,2026-08-26T16:43:13+02:00,2026-08-26,2026-08-26,2026-08-26T09:30:00-04:00
5617,397,NKTR,CATALYST,6407,2026-08-14T17:02:00+02:00,2026-08-14,2026-08-14,2026-08-14T09:30:00-04:00
5618,621,NOG,CATALYST,13069,2026-08-26T16:32:37+02:00,2026-08-26,2026-08-26,2026-08-26T09:30:00-04:00
5619,903,NOMD,CATALYST,12271,2026-08-25T19:09:54+02:00,2026-08-25,2026-08-25,2026-08-25T09:30:00-04:00
5621,807,NSIT,CATALYST,13072,2026-08-26T19:45:01+02:00,2026-08-26,2026-08-26,2026-08-26T09:30:00-04:00
5624,402,NTRS,CATALYST,13087,2026-08-26T21:20:00+02:00,2026-08-26,2026-08-26,2026-08-26T09:30:00-04:00
5625,761,NU,CATALYST,12278,2026-08-25T15:39:00+02:00,2026-08-25,2026-08-25,2026-08-25T09:30:00-04:00
5628,407,OSK,CATALYST,12283,2026-08-25T17:16:58+02:00,2026-08-25,2026-08-25,2026-08-25T09:30:00-04:00
5629,571,OVV,CATALYST,11192,2026-08-24T16:52:00+02:00,2026-08-24,2026-08-24,2026-08-24T09:30:00-04:00
5630,762,OWL,CATALYST,6485,2026-08-14T20:14:15+02:00,2026-08-14,2026-08-14,2026-08-14T09:30:00-04:00
5631,409,OXY,CATALYST,13090,2026-08-26T20:48:00+02:00,2026-08-26,2026-08-26,2026-08-26T09:30:00-04:00
5632,412,PAYX,CATALYST,13094,2026-08-26T19:42:00+02:00,2026-08-26,2026-08-26,2026-08-26T09:30:00-04:00
5633,716,PCG,CATALYST,13095,2026-08-26T20:21:48+02:00,2026-08-26,2026-08-26,2026-08-26T09:30:00-04:00
5638,879,PGR,CATALYST,13111,2026-08-26T19:49:00+02:00,2026-08-26,2026-08-26,2026-08-26T09:30:00-04:00
5641,717,PK,CATALYST,6521,2026-08-14T17:06:00+02:00,2026-08-14,2026-08-14,2026-08-14T09:30:00-04:00
5642,880,PLTR,CATALYST,13113,2026-08-26T21:45:30+02:00,2026-08-26,2026-08-26,2026-08-26T09:30:00-04:00
5644,532,PR,CATALYST,12311,2026-08-24T18:04:00+02:00,2026-08-24,2026-08-24,2026-08-24T09:30:00-04:00
5647,810,PYPL,CATALYST,13309,2026-08-26T21:30:23+02:00,2026-08-26,2026-08-26,2026-08-26T09:30:00-04:00
5648,574,QGEN,CATALYST,12316,2026-08-25T21:25:49+02:00,2026-08-25,2026-08-25,2026-08-25T09:30:00-04:00
5653,904,RCUS,CATALYST,12319,2026-08-24T19:12:26+02:00,2026-08-24,2026-08-24,2026-08-24T09:30:00-04:00
5654,430,RDNT,CATALYST,9825,2026-08-20T16:03:15+02:00,2026-08-20,2026-08-20,2026-08-20T09:30:00-04:00
5655,953,REGN,CATALYST,13318,2026-08-25T20:59:39+02:00,2026-08-25,2026-08-25,2026-08-25T09:30:00-04:00
5660,433,RLI,CATALYST,13326,2026-08-26T21:59:34+02:00,2026-08-26,2026-08-26,2026-08-26T09:30:00-04:00
5661,906,RMD,CATALYST,13328,2026-08-25T16:51:43+02:00,2026-08-25,2026-08-25,2026-08-25T09:30:00-04:00
5664,436,ROP,CATALYST,13329,2026-08-26T20:52:00+02:00,2026-08-26,2026-08-26,2026-08-26T09:30:00-04:00
5666,440,RVTY,CATALYST,11266,2026-08-24T17:30:00+02:00,2026-08-24,2026-08-24,2026-08-24T09:30:00-04:00
5667,721,RYAN,CATALYST,13335,2026-08-26T18:51:13+02:00,2026-08-26,2026-08-26,2026-08-26T09:30:00-04:00
5668,442,RYTM,CATALYST,13336,2026-08-26T18:40:37+02:00,2026-08-26,2026-08-26,2026-08-26T09:30:00-04:00
5672,446,SBUX,CATALYST,13341,2026-08-26T17:01:00+02:00,2026-08-26,2026-08-26,2026-08-26T09:30:00-04:00
5675,448,SDRL,CATALYST,5347,2026-08-12T18:45:22+02:00,2026-08-12,2026-08-12,2026-08-12T09:30:00-04:00
5676,449,SE,CATALYST,12372,2026-08-25T16:44:11+02:00,2026-08-25,2026-08-25,2026-08-25T09:30:00-04:00
5677,926,SFM,CATALYST,11283,2026-08-24T16:33:36+02:00,2026-08-24,2026-08-24,2026-08-24T09:30:00-04:00
5678,885,SHOP,CATALYST,13350,2026-08-26T19:11:21+02:00,2026-08-26,2026-08-26,2026-08-26T09:30:00-04:00
5685,464,SPB,CATALYST,13357,2026-08-26T17:47:13+02:00,2026-08-26,2026-08-26,2026-08-26T09:30:00-04:00
5687,838,SPOT,CATALYST,10700,2026-08-21T19:30:07+02:00,2026-08-21,2026-08-21,2026-08-21T09:30:00-04:00
5689,813,SRRK,CATALYST,10702,2026-08-21T15:35:15+02:00,2026-08-21,2026-08-21,2026-08-21T09:30:00-04:00
5691,467,STE,CATALYST,10707,2026-08-21T18:01:00+02:00,2026-08-21,2026-08-21,2026-08-21T09:30:00-04:00
5694,470,SW,CATALYST,13131,2026-08-26T18:50:00+02:00,2026-08-26,2026-08-26,2026-08-26T09:30:00-04:00
5695,471,SWK,CATALYST,13133,2026-08-26T17:23:13+02:00,2026-08-26,2026-08-26,2026-08-26T09:30:00-04:00
5696,161,SXT,CATALYST,9363,2026-08-20T15:40:03+02:00,2026-08-20,2026-08-20,2026-08-20T09:30:00-04:00
5698,628,TAL,CATALYST,8918,2026-08-19T16:26:00+02:00,2026-08-19,2026-08-19,2026-08-19T09:30:00-04:00
5700,840,TARS,CATALYST,13135,2026-08-26T16:42:03+02:00,2026-08-26,2026-08-26,2026-08-26T09:30:00-04:00
5701,765,TBBB,CATALYST,13136,2026-08-26T19:05:00+02:00,2026-08-26,2026-08-26,2026-08-26T09:30:00-04:00
5702,629,TDW,CATALYST,5386,2026-08-12T18:21:22+02:00,2026-08-12,2026-08-12,2026-08-12T09:30:00-04:00
5703,724,TFX,CATALYST,13137,2026-08-26T17:40:02+02:00,2026-08-26,2026-08-26,2026-08-26T09:30:00-04:00
5706,477,THG,CATALYST,12419,2026-08-25T18:05:00+02:00,2026-08-25,2026-08-25,2026-08-25T09:30:00-04:00
5708,815,TPG,CATALYST,13155,2026-08-26T16:27:13+02:00,2026-08-26,2026-08-26,2026-08-26T09:30:00-04:00
5710,480,TRU,CATALYST,12492,2026-08-25T18:38:44+02:00,2026-08-25,2026-08-25,2026-08-25T09:30:00-04:00
5713,768,TVTX,CATALYST,11016,2026-08-24T18:56:37+02:00,2026-08-24,2026-08-24,2026-08-24T09:30:00-04:00
5714,940,U,CATALYST,12495,2026-08-25T17:09:09+02:00,2026-08-25,2026-08-25,2026-08-25T09:30:00-04:00
5720,769,USFD,CATALYST,13172,2026-08-26T15:37:00+02:00,2026-08-26,2026-08-26,2026-08-26T09:30:00-04:00
5723,174,VLO,CATALYST,13180,2026-08-26T21:00:00+02:00,2026-08-26,2026-08-26,2026-08-26T09:30:00-04:00
5725,844,VNOM,CATALYST,12512,2026-08-25T19:10:44+02:00,2026-08-25,2026-08-25,2026-08-25T09:30:00-04:00
5726,493,VOYA,CATALYST,13188,2026-08-26T18:17:00+02:00,2026-08-26,2026-08-26,2026-08-26T09:30:00-04:00
5730,180,WAT,CATALYST,13190,2026-08-26T20:03:13+02:00,2026-08-26,2026-08-26,2026-08-26T09:30:00-04:00
5733,730,WTW,CATALYST,12518,2026-08-25T18:00:04+02:00,2026-08-25,2026-08-25,2026-08-25T09:30:00-04:00
5735,732,XYZ,CATALYST,13362,2026-08-26T19:44:00+02:00,2026-08-26,2026-08-26,2026-08-26T09:30:00-04:00
5736,507,ZBH,CATALYST,12529,2026-08-25T17:08:39+02:00,2026-08-25,2026-08-25,2026-08-25T09:30:00-04:00
5738,508,ZD,CATALYST,10117,2026-08-19T16:39:07+02:00,2026-08-19,2026-08-19,2026-08-19T09:30:00-04:00
5743,4,AGNC,CATALYST,11888,2026-08-24T17:36:00+02:00,2026-08-24,2026-08-24,2026-08-24T09:30:00-04:00
5745,7,AIZ,CATALYST,13626,2026-08-27T19:15:00+02:00,2026-08-27,2026-08-27,2026-08-27T09:30:00-04:00
5746,8,ALSN,CATALYST,13629,2026-08-26T16:51:13+02:00,2026-08-26,2026-08-26,2026-08-26T09:30:00-04:00
5749,661,AMN,CATALYST,13630,2026-08-27T21:05:07+02:00,2026-08-27,2026-08-27,2026-08-27T09:30:00-04:00
5750,13,APH,CATALYST,13631,2026-08-27T15:30:04+02:00,2026-08-27,2026-08-27,2026-08-27T09:30:00-04:00
5751,511,AR,CATALYST,13632,2026-08-27T15:45:07+02:00,2026-08-27,2026-08-27,2026-08-27T09:30:00-04:00
5756,20,AVT,CATALYST,13633,2026-08-27T16:31:00+02:00,2026-08-27,2026-08-27,2026-08-27T09:30:00-04:00
5761,249,CART,CATALYST,13639,2026-08-27T21:37:32+02:00,2026-08-27,2026-08-27,2026-08-27T09:30:00-04:00
5763,514,CF,CATALYST,13642,2026-08-27T17:51:00+02:00,2026-08-27,2026-08-27,2026-08-27T09:30:00-04:00
5764,256,CHEF,CATALYST,13643,2026-08-27T18:29:00+02:00,2026-08-27,2026-08-27,2026-08-27T09:30:00-04:00
5769,47,CRDO,CATALYST,13651,2026-08-27T17:32:15+02:00,2026-08-27,2026-08-27,2026-08-27T09:30:00-04:00
5773,944,DAVE,CATALYST,13676,2026-08-27T18:19:00+02:00,2026-08-27,2026-08-27,2026-08-27T09:30:00-04:00
5776,56,DHT,CATALYST,13679,2026-08-27T17:53:07+02:00,2026-08-27,2026-08-27,2026-08-27T09:30:00-04:00
5777,58,DLR,CATALYST,13680,2026-08-27T17:30:05+02:00,2026-08-27,2026-08-27,2026-08-27T09:30:00-04:00
5782,520,EOG,CATALYST,13683,2026-08-27T17:15:00+02:00,2026-08-27,2026-08-27,2026-08-27T09:30:00-04:00
5785,66,EW,CATALYST,13685,2026-08-27T17:30:14+02:00,2026-08-27,2026-08-27,2026-08-27T09:30:00-04:00
5787,303,EXPE,CATALYST,13686,2026-08-27T19:08:16+02:00,2026-08-27,2026-08-27,2026-08-27T09:30:00-04:00
5789,67,FAF,CATALYST,13688,2026-08-27T16:31:00+02:00,2026-08-27,2026-08-27,2026-08-27T09:30:00-04:00
5790,521,FANG,CATALYST,13689,2026-08-27T19:21:07+02:00,2026-08-27,2026-08-27,2026-08-27T09:30:00-04:00
5791,776,FCFS,CATALYST,13692,2026-08-26T19:15:13+02:00,2026-08-26,2026-08-26,2026-08-26T09:30:00-04:00
5792,522,FFIV,CATALYST,13693,2026-08-27T16:15:11+02:00,2026-08-27,2026-08-27,2026-08-27T09:30:00-04:00
5795,552,FTDR,CATALYST,13698,2026-08-27T18:45:03+02:00,2026-08-27,2026-08-27,2026-08-27T09:30:00-04:00
5805,88,HCI,CATALYST,13711,2026-08-27T15:30:06+02:00,2026-08-27,2026-08-27,2026-08-27T09:30:00-04:00
5808,93,HUM,CATALYST,13722,2026-08-27T15:37:07+02:00,2026-08-27,2026-08-27,2026-08-27T09:30:00-04:00
5809,645,IBKR,CATALYST,13724,2026-08-27T19:47:00+02:00,2026-08-27,2026-08-27,2026-08-27T09:30:00-04:00
5815,100,ITT,CATALYST,13729,2026-08-27T17:13:07+02:00,2026-08-27,2026-08-27,2026-08-27T09:30:00-04:00
5832,648,MGY,CATALYST,9494,2026-08-20T15:54:00+02:00,2026-08-20,2026-08-20,2026-08-20T09:30:00-04:00
5833,116,MIAX,CATALYST,13760,2026-08-27T16:43:18+02:00,2026-08-27,2026-08-27,2026-08-27T09:30:00-04:00
5834,117,MITK,CATALYST,5823,2026-08-14T19:33:54+02:00,2026-08-14,2026-08-14,2026-08-14T09:30:00-04:00
5837,129,NVST,CATALYST,13842,2026-08-27T16:33:07+02:00,2026-08-27,2026-08-27,2026-08-27T09:30:00-04:00
5840,136,OPY,CATALYST,13538,2026-08-27T17:45:12+02:00,2026-08-27,2026-08-27,2026-08-27T09:30:00-04:00
5842,946,PARR,CATALYST,13540,2026-08-27T18:49:00+02:00,2026-08-27,2026-08-27,2026-08-27T09:30:00-04:00
5844,855,PLPC,CATALYST,13544,2026-08-27T19:01:11+02:00,2026-08-27,2026-08-27,2026-08-27T09:30:00-04:00
5848,147,RELY,CATALYST,13545,2026-08-27T16:05:00+02:00,2026-08-27,2026-08-27,2026-08-27T09:30:00-04:00
5850,856,RHP,CATALYST,13547,2026-08-27T17:45:03+02:00,2026-08-27,2026-08-27,2026-08-27T09:30:00-04:00
5854,153,SCHW,CATALYST,13548,2026-08-27T18:06:00+02:00,2026-08-27,2026-08-27,2026-08-27T09:30:00-04:00
5857,947,SMTC,CATALYST,13554,2026-08-27T21:41:00+02:00,2026-08-27,2026-08-27,2026-08-27T09:30:00-04:00
5859,930,SPNT,CATALYST,13565,2026-08-26T15:40:03+02:00,2026-08-26,2026-08-26,2026-08-26T09:30:00-04:00
5862,163,TENB,CATALYST,13567,2026-08-27T18:05:50+02:00,2026-08-27,2026-08-27,2026-08-27T09:30:00-04:00
5864,814,TPC,CATALYST,13571,2026-08-27T15:30:05+02:00,2026-08-27,2026-08-27,2026-08-27T09:30:00-04:00
5872,179,WAB,CATALYST,13583,2026-08-27T19:01:00+02:00,2026-08-27,2026-08-27,2026-08-27T09:30:00-04:00
5874,182,WELL,CATALYST,13587,2026-08-27T17:30:07+02:00,2026-08-27,2026-08-27,2026-08-27T09:30:00-04:00
5880,788,ABNB,CATALYST,13853,2026-08-27T19:08:16+02:00,2026-08-27,2026-08-27,2026-08-27T09:30:00-04:00
5883,957,ACIW,CATALYST,13860,2026-08-27T16:01:00+02:00,2026-08-27,2026-08-27,2026-08-27T09:30:00-04:00
5884,858,ADBE,CATALYST,13864,2026-08-27T19:00:35+02:00,2026-08-27,2026-08-27,2026-08-27T09:30:00-04:00
5888,195,ADUS,CATALYST,13888,2026-08-27T19:45:07+02:00,2026-08-27,2026-08-27,2026-08-27T09:30:00-04:00
5895,959,AMGN,CATALYST,13900,2026-08-27T21:10:38+02:00,2026-08-27,2026-08-27,2026-08-27T09:30:00-04:00
5896,203,AMP,CATALYST,13909,2026-08-27T17:30:15+02:00,2026-08-27,2026-08-27,2026-08-27T09:30:00-04:00
5897,204,AMRX,CATALYST,13910,2026-08-27T16:57:00+02:00,2026-08-27,2026-08-27,2026-08-27T09:30:00-04:00
5898,11,ANET,CATALYST,13915,2026-08-27T17:53:06+02:00,2026-08-27,2026-08-27,2026-08-27T09:30:00-04:00
5902,209,APO,CATALYST,13926,2026-08-27T20:45:00+02:00,2026-08-27,2026-08-27,2026-08-27T09:30:00-04:00
5906,538,ASH,CATALYST,13931,2026-08-27T17:30:05+02:00,2026-08-27,2026-08-27,2026-08-27T09:30:00-04:00
5907,212,ATHM,CATALYST,13932,2026-08-27T21:41:47+02:00,2026-08-27,2026-08-27,2026-08-27T09:30:00-04:00
5908,790,AVNT,CATALYST,13934,2026-08-27T17:51:00+02:00,2026-08-27,2026-08-27,2026-08-27T09:30:00-04:00
5911,217,AWK,CATALYST,13940,2026-08-27T21:47:00+02:00,2026-08-27,2026-08-27,2026-08-27T09:30:00-04:00
5913,221,BAM,CATALYST,13943,2026-08-27T20:45:00+02:00,2026-08-27,2026-08-27,2026-08-27T09:30:00-04:00
5915,828,BDX,CATALYST,13946,2026-08-27T18:29:13+02:00,2026-08-27,2026-08-27,2026-08-27T09:30:00-04:00
5916,228,BFH,CATALYST,13949,2026-08-26T19:15:13+02:00,2026-08-26,2026-08-26,2026-08-26T09:30:00-04:00
5917,229,BIIB,CATALYST,13951,2026-08-27T16:29:00+02:00,2026-08-27,2026-08-27,2026-08-27T09:30:00-04:00
5922,240,BOX,CATALYST,13964,2026-08-26T22:00:00+02:00,2026-08-26,2026-08-26,2026-08-26T09:30:00-04:00
5927,244,BX,CATALYST,13966,2026-08-27T20:45:00+02:00,2026-08-27,2026-08-27,2026-08-27T09:30:00-04:00
5928,245,BXP,CATALYST,13968,2026-08-27T17:30:07+02:00,2026-08-27,2026-08-27,2026-08-27T09:30:00-04:00
5929,897,CACC,CATALYST,13969,2026-08-27T16:09:13+02:00,2026-08-27,2026-08-27,2026-08-27T09:30:00-04:00
5930,861,CACI,CATALYST,13972,2026-08-27T19:01:11+02:00,2026-08-27,2026-08-27,2026-08-27T09:30:00-04:00
5932,247,CAH,CATALYST,13975,2026-08-27T16:59:00+02:00,2026-08-27,2026-08-27,2026-08-27T09:30:00-04:00
5933,792,CAKE,CATALYST,13977,2026-08-27T19:08:16+02:00,2026-08-27,2026-08-27,2026-08-27T09:30:00-04:00
5936,750,CGON,CATALYST,13980,2026-08-26T16:41:00+02:00,2026-08-26,2026-08-26,2026-08-26T09:30:00-04:00
5938,35,CHRD,CATALYST,13982,2026-08-27T19:21:07+02:00,2026-08-27,2026-08-27,2026-08-27T09:30:00-04:00
5940,915,CME,CATALYST,13983,2026-08-27T18:12:58+02:00,2026-08-27,2026-08-27,2026-08-27T09:30:00-04:00
5942,261,CNH,CATALYST,13991,2026-08-27T17:16:00+02:00,2026-08-27,2026-08-27,2026-08-27T09:30:00-04:00
5946,271,CTAS,CATALYST,13992,2026-08-27T19:33:00+02:00,2026-08-27,2026-08-27,2026-08-27T09:30:00-04:00
5947,691,CVLT,CATALYST,13995,2026-08-27T17:30:10+02:00,2026-08-27,2026-08-27,2026-08-27T09:30:00-04:00
5954,279,DE,CATALYST,14008,2026-08-27T17:29:07+02:00,2026-08-27,2026-08-27,2026-08-27T09:30:00-04:00
5957,518,DINO,CATALYST,14046,2026-08-27T17:30:10+02:00,2026-08-27,2026-08-27,2026-08-27T09:30:00-04:00
5958,282,DIS,CATALYST,14050,2026-08-27T20:53:42+02:00,2026-08-27,2026-08-27,2026-08-27T09:30:00-04:00
5964,548,DOCU,CATALYST,14057,2026-08-27T17:59:00+02:00,2026-08-27,2026-08-27,2026-08-27T09:30:00-04:00
5965,866,DRH,CATALYST,10765,2026-08-20T17:40:02+02:00,2026-08-20,2026-08-20,2026-08-20T09:30:00-04:00
5966,286,DT,CATALYST,14061,2026-08-27T16:50:57+02:00,2026-08-27,2026-08-27,2026-08-27T09:30:00-04:00
5969,610,EAT,CATALYST,14066,2026-08-27T19:08:16+02:00,2026-08-27,2026-08-27,2026-08-27T09:30:00-04:00
5970,289,ECL,CATALYST,14069,2026-08-27T17:30:11+02:00,2026-08-27,2026-08-27,2026-08-27T09:30:00-04:00
5975,694,EHC,CATALYST,14071,2026-08-27T18:09:07+02:00,2026-08-27,2026-08-27,2026-08-27T09:30:00-04:00
5976,549,ELV,CATALYST,14072,2026-08-27T21:36:11+02:00,2026-08-27,2026-08-27,2026-08-27T09:30:00-04:00
5980,298,EQH,CATALYST,9106,2026-08-18T19:18:11+02:00,2026-08-18,2026-08-18,2026-08-18T09:30:00-04:00
5986,696,FAST,CATALYST,14089,2026-08-27T18:33:07+02:00,2026-08-27,2026-08-27,2026-08-27T09:30:00-04:00
5988,551,FDX,CATALYST,14099,2026-08-27T21:07:20+02:00,2026-08-27,2026-08-27,2026-08-27T09:30:00-04:00
5989,611,FIVE,CATALYST,14104,2026-08-27T18:41:43+02:00,2026-08-27,2026-08-27,2026-08-27T09:30:00-04:00
5996,315,GEN,CATALYST,14111,2026-08-27T16:50:57+02:00,2026-08-27,2026-08-27,2026-08-27T09:30:00-04:00
6000,920,GIS,CATALYST,14120,2026-08-27T16:37:00+02:00,2026-08-27,2026-08-27,2026-08-27T09:30:00-04:00
6002,320,GM,CATALYST,14125,2026-08-27T17:03:00+02:00,2026-08-27,2026-08-27,2026-08-27T09:30:00-04:00
6008,327,HOG,CATALYST,14131,2026-08-27T21:09:05+02:00,2026-08-27,2026-08-27,2026-08-27T09:30:00-04:00
6010,331,HRB,CATALYST,14135,2026-08-27T19:08:16+02:00,2026-08-27,2026-08-27,2026-08-27T09:30:00-04:00
6013,872,HURN,CATALYST,14137,2026-08-27T19:01:11+02:00,2026-08-27,2026-08-27,2026-08-27T09:30:00-04:00
6016,833,IDCC,CATALYST,14138,2026-08-27T15:55:05+02:00,2026-08-27,2026-08-27,2026-08-27T09:30:00-04:00
6019,341,IMAX,CATALYST,14139,2026-08-27T16:17:07+02:00,2026-08-27,2026-08-27,2026-08-27T09:30:00-04:00
6022,350,ITRI,CATALYST,14140,2026-08-27T17:30:15+02:00,2026-08-27,2026-08-27,2026-08-27T09:30:00-04:00
6023,352,IVZ,CATALYST,14141,2026-08-27T17:30:15+02:00,2026-08-27,2026-08-27,2026-08-27T09:30:00-04:00
6031,614,KKR,CATALYST,14150,2026-08-27T20:45:00+02:00,2026-08-27,2026-08-27,2026-08-27T09:30:00-04:00
6034,363,KNSL,CATALYST,14159,2026-08-27T18:41:00+02:00,2026-08-27,2026-08-27,2026-08-27T09:30:00-04:00
6037,366,LAD,CATALYST,14161,2026-08-26T20:19:27+02:00,2026-08-26,2026-08-26,2026-08-26T09:30:00-04:00
6038,705,LKNCY,CATALYST,14162,2026-08-26T18:45:02+02:00,2026-08-26,2026-08-26,2026-08-26T09:30:00-04:00
6041,371,LW,CATALYST,14166,2026-08-27T17:30:18+02:00,2026-08-27,2026-08-27,2026-08-27T09:30:00-04:00
6044,706,MC,CATALYST,14168,2026-08-27T18:28:00+02:00,2026-08-27,2026-08-27,2026-08-27T09:30:00-04:00
6046,707,MCO,CATALYST,14173,2026-08-27T17:40:02+02:00,2026-08-27,2026-08-27,2026-08-27T09:30:00-04:00
6049,708,MDT,CATALYST,14176,2026-08-27T18:29:13+02:00,2026-08-27,2026-08-27,2026-08-27T09:30:00-04:00
6052,874,MMSI,CATALYST,14181,2026-08-27T16:48:00+02:00,2026-08-27,2026-08-27,2026-08-27T09:30:00-04:00
6056,387,MRSH,CATALYST,14200,2026-08-27T17:03:00+02:00,2026-08-27,2026-08-27,2026-08-27T09:30:00-04:00
6061,567,MTDR,CATALYST,14202,2026-08-27T19:21:07+02:00,2026-08-27,2026-08-27,2026-08-27T09:30:00-04:00
6063,393,NDAQ,CATALYST,14205,2026-08-27T17:30:22+02:00,2026-08-27,2026-08-27,2026-08-27T09:30:00-04:00
6065,568,NE,CATALYST,14213,2026-08-27T17:30:18+02:00,2026-08-27,2026-08-27,2026-08-27T09:30:00-04:00
6067,397,NKTR,CATALYST,14214,2026-08-27T15:56:59+02:00,2026-08-27,2026-08-27,2026-08-27T09:30:00-04:00
6070,570,NOV,CATALYST,14216,2026-08-27T17:30:18+02:00,2026-08-27,2026-08-27,2026-08-27T09:30:00-04:00
6075,405,OMF,CATALYST,14226,2026-08-26T18:03:13+02:00,2026-08-26,2026-08-26,2026-08-26T09:30:00-04:00
6076,407,OSK,CATALYST,14227,2026-08-27T17:30:19+02:00,2026-08-27,2026-08-27,2026-08-27T09:30:00-04:00
6077,571,OVV,CATALYST,14228,2026-08-27T17:03:00+02:00,2026-08-27,2026-08-27,2026-08-27T09:30:00-04:00
6081,716,PCG,CATALYST,14231,2026-08-27T20:45:00+02:00,2026-08-27,2026-08-27,2026-08-27T09:30:00-04:00
6092,145,PSX,CATALYST,14276,2026-08-27T17:04:00+02:00,2026-08-27,2026-08-27,2026-08-27T09:30:00-04:00
6097,427,QRVO,CATALYST,14283,2026-08-27T17:30:20+02:00,2026-08-27,2026-08-27,2026-08-27T09:30:00-04:00
6099,428,QTWO,CATALYST,14284,2026-08-27T15:34:33+02:00,2026-08-27,2026-08-27,2026-08-27T09:30:00-04:00
6102,430,RDNT,CATALYST,14286,2026-08-26T20:23:38+02:00,2026-08-26,2026-08-26,2026-08-26T09:30:00-04:00
6105,884,RHI,CATALYST,14291,2026-08-27T17:50:00+02:00,2026-08-27,2026-08-27,2026-08-27T09:30:00-04:00
6106,432,RJF,CATALYST,14292,2026-08-27T16:31:45+02:00,2026-08-27,2026-08-27,2026-08-27T09:30:00-04:00
6110,435,ROIV,CATALYST,14296,2026-08-26T17:11:00+02:00,2026-08-26,2026-08-26,2026-08-26T09:30:00-04:00
6111,436,ROP,CATALYST,14297,2026-08-27T17:30:10+02:00,2026-08-27,2026-08-27,2026-08-27T09:30:00-04:00
6116,445,SBLK,CATALYST,14299,2026-08-27T15:40:04+02:00,2026-08-27,2026-08-27,2026-08-27T09:30:00-04:00
6123,459,SLG,CATALYST,14308,2026-08-27T17:30:12+02:00,2026-08-27,2026-08-27,2026-08-27T09:30:00-04:00
6126,837,SNOW,CATALYST,14309,2026-08-27T21:30:02+02:00,2026-08-27,2026-08-27,2026-08-27T09:30:00-04:00
6132,469,STT,CATALYST,14329,2026-08-27T16:09:07+02:00,2026-08-27,2026-08-27,2026-08-27T09:30:00-04:00
6136,722,SWKS,CATALYST,14330,2026-08-27T17:30:22+02:00,2026-08-27,2026-08-27,2026-08-27T09:30:00-04:00
6144,724,TFX,CATALYST,14335,2026-08-27T17:02:00+02:00,2026-08-27,2026-08-27,2026-08-27T09:30:00-04:00
6146,580,THC,CATALYST,14361,2026-08-27T19:58:22+02:00,2026-08-27,2026-08-27,2026-08-27T09:30:00-04:00
6148,168,TNK,CATALYST,14363,2026-08-27T18:00:06+02:00,2026-08-27,2026-08-27,2026-08-27T09:30:00-04:00
6149,630,TOST,CATALYST,14365,2026-08-27T16:35:00+02:00,2026-08-27,2026-08-27,2026-08-27T09:30:00-04:00
6151,767,TRGP,CATALYST,14371,2026-08-27T17:52:38+02:00,2026-08-27,2026-08-27,2026-08-27T09:30:00-04:00
6152,480,TRU,CATALYST,14372,2026-08-27T17:30:23+02:00,2026-08-27,2026-08-27,2026-08-27T09:30:00-04:00
6153,483,TTC,CATALYST,14374,2026-08-27T19:33:00+02:00,2026-08-27,2026-08-27,2026-08-27T09:30:00-04:00
6156,940,U,CATALYST,14375,2026-08-27T16:50:57+02:00,2026-08-27,2026-08-27,2026-08-27T09:30:00-04:00
6159,486,UNM,CATALYST,14386,2026-08-27T17:30:24+02:00,2026-08-27,2026-08-27,2026-08-27T09:30:00-04:00
6164,492,VLTO,CATALYST,14402,2026-08-27T17:30:24+02:00,2026-08-27,2026-08-27,2026-08-27T09:30:00-04:00
6169,180,WAT,CATALYST,14404,2026-08-27T20:52:28+02:00,2026-08-27,2026-08-27,2026-08-27T09:30:00-04:00
6170,498,WEX,CATALYST,14405,2026-08-27T17:30:20+02:00,2026-08-27,2026-08-27,2026-08-27T09:30:00-04:00
6171,584,WFRD,CATALYST,14407,2026-08-27T18:53:17+02:00,2026-08-27,2026-08-27,2026-08-27T09:30:00-04:00
6172,889,WHD,CATALYST,14408,2026-08-26T16:32:37+02:00,2026-08-26,2026-08-26,2026-08-26T09:30:00-04:00
6174,730,WTW,CATALYST,14409,2026-08-27T22:00:00+02:00,2026-08-27,2026-08-27,2026-08-27T09:30:00-04:00
6175,732,XYZ,CATALYST,14410,2026-08-27T19:04:00+02:00,2026-08-27,2026-08-27,2026-08-27T09:30:00-04:00
6181,943,AAPL,CATALYST,14445,2026-08-28T19:45:51+02:00,2026-08-28,2026-08-28,2026-08-28T09:30:00-04:00
6189,661,AMN,CATALYST,14485,2026-08-28T17:39:08+02:00,2026-08-28,2026-08-28,2026-08-28T09:30:00-04:00
6190,10,AMZN,CATALYST,14487,2026-08-28T20:36:59+02:00,2026-08-28,2026-08-28,2026-08-28T09:30:00-04:00
6191,11,ANET,CATALYST,14536,2026-08-28T16:44:00+02:00,2026-08-28,2026-08-28,2026-08-28T09:30:00-04:00
6192,511,AR,CATALYST,14543,2026-08-28T17:30:10+02:00,2026-08-28,2026-08-28,2026-08-28T09:30:00-04:00
6200,249,CART,CATALYST,14545,2026-08-28T16:19:02+02:00,2026-08-28,2026-08-28,2026-08-28T09:30:00-04:00
6203,33,CCK,CATALYST,14548,2026-08-28T15:40:03+02:00,2026-08-28,2026-08-28,2026-08-28T09:30:00-04:00
6208,43,COP,CATALYST,14549,2026-08-28T19:50:00+02:00,2026-08-28,2026-08-28,2026-08-28T09:30:00-04:00
6211,516,CVX,CATALYST,14558,2026-08-28T20:14:03+02:00,2026-08-28,2026-08-28,2026-08-28T09:30:00-04:00
6213,544,DAR,CATALYST,14579,2026-08-27T18:29:00+02:00,2026-08-27,2026-08-27,2026-08-27T09:30:00-04:00
6216,55,DCOM,CATALYST,14585,2026-08-28T16:32:52+02:00,2026-08-28,2026-08-28,2026-08-28T09:30:00-04:00
6218,663,DGX,CATALYST,14586,2026-08-27T17:30:09+02:00,2026-08-27,2026-08-27,2026-08-27T09:30:00-04:00
6219,56,DHT,CATALYST,14587,2026-08-28T21:46:58+02:00,2026-08-28,2026-08-28,2026-08-28T09:30:00-04:00
6220,519,DVN,CATALYST,14589,2026-08-28T19:50:00+02:00,2026-08-28,2026-08-28,2026-08-28T09:30:00-04:00
6224,64,ET,CATALYST,14590,2026-08-28T19:56:00+02:00,2026-08-28,2026-08-28,2026-08-28T09:30:00-04:00
6225,66,EW,CATALYST,14592,2026-08-28T18:41:37+02:00,2026-08-28,2026-08-28,2026-08-28T09:30:00-04:00
6227,67,FAF,CATALYST,14593,2026-08-28T17:45:04+02:00,2026-08-28,2026-08-28,2026-08-28T09:30:00-04:00
6228,776,FCFS,CATALYST,14594,2026-08-28T18:00:05+02:00,2026-08-28,2026-08-28,2026-08-28T09:30:00-04:00
6233,76,FTNT,CATALYST,14595,2026-08-28T19:30:00+02:00,2026-08-28,2026-08-28,2026-08-28T09:30:00-04:00
6236,319,GLBE,CATALYST,14604,2026-08-26T15:55:04+02:00,2026-08-26,2026-08-26,2026-08-26T09:30:00-04:00
6243,820,HNGE,CATALYST,14605,2026-08-27T19:12:12+02:00,2026-08-27,2026-08-27,2026-08-27T09:30:00-04:00
6244,93,HUM,CATALYST,14606,2026-08-28T17:39:00+02:00,2026-08-28,2026-08-28,2026-08-28T09:30:00-04:00
6245,645,IBKR,CATALYST,14609,2026-08-28T17:30:26+02:00,2026-08-28,2026-08-28,2026-08-28T09:30:00-04:00
6246,341,IMAX,CATALYST,14616,2026-08-28T19:21:04+02:00,2026-08-28,2026-08-28,2026-08-28T09:30:00-04:00
6247,96,INCY,CATALYST,14617,2026-08-28T17:30:29+02:00,2026-08-28,2026-08-28,2026-08-28T09:30:00-04:00
6253,102,JNJ,CATALYST,14620,2026-08-28T19:41:33+02:00,2026-08-28,2026-08-28,2026-08-28T09:30:00-04:00
6255,103,JPM,CATALYST,14632,2026-08-28T18:36:50+02:00,2026-08-28,2026-08-28,2026-08-28T09:30:00-04:00
6259,109,LFST,CATALYST,14645,2026-08-28T17:42:00+02:00,2026-08-28,2026-08-28,2026-08-28T09:30:00-04:00
6262,379,MEDP,CATALYST,14646,2026-08-28T17:30:31+02:00,2026-08-28,2026-08-28,2026-08-28T09:30:00-04:00
6268,128,NVDA,CATALYST,14654,2026-08-28T21:22:38+02:00,2026-08-28,2026-08-28,2026-08-28T09:30:00-04:00
6270,133,OMC,CATALYST,14699,2026-08-27T17:30:19+02:00,2026-08-27,2026-08-27,2026-08-27T09:30:00-04:00
6271,136,OPY,CATALYST,14700,2026-08-28T17:32:28+02:00,2026-08-28,2026-08-28,2026-08-28T09:30:00-04:00
6272,651,OSCR,CATALYST,14701,2026-08-28T21:46:58+02:00,2026-08-28,2026-08-28,2026-08-28T09:30:00-04:00
6274,411,PANW,CATALYST,14703,2026-08-28T18:31:10+02:00,2026-08-28,2026-08-28,2026-08-28T09:30:00-04:00
6275,946,PARR,CATALYST,14741,2026-08-28T18:49:00+02:00,2026-08-28,2026-08-28,2026-08-28T09:30:00-04:00
6279,953,REGN,CATALYST,14744,2026-08-28T17:45:00+02:00,2026-08-28,2026-08-28,2026-08-28T09:30:00-04:00
6281,148,RGA,CATALYST,14416,2026-08-28T18:20:00+02:00,2026-08-28,2026-08-28,2026-08-28T09:30:00-04:00
6285,534,RRC,CATALYST,14418,2026-08-28T17:30:10+02:00,2026-08-28,2026-08-28,2026-08-28T09:30:00-04:00
6286,153,SCHW,CATALYST,14420,2026-08-28T20:20:00+02:00,2026-08-28,2026-08-28,2026-08-28T09:30:00-04:00
6290,627,SUN,CATALYST,14428,2026-08-28T15:40:04+02:00,2026-08-28,2026-08-28,2026-08-28T09:30:00-04:00
6293,163,TENB,CATALYST,14429,2026-08-28T17:30:31+02:00,2026-08-28,2026-08-28,2026-08-28T09:30:00-04:00
6296,746,VIRT,CATALYST,14432,2026-08-28T18:30:43+02:00,2026-08-28,2026-08-28,2026-08-28T09:30:00-04:00
6297,175,VRTX,CATALYST,14433,2026-08-28T17:51:01+02:00,2026-08-28,2026-08-28,2026-08-28T09:30:00-04:00
6298,671,VSXY,CATALYST,14434,2026-08-28T20:14:43+02:00,2026-08-28,2026-08-28,2026-08-28T09:30:00-04:00
6300,182,WELL,CATALYST,14436,2026-08-28T17:30:18+02:00,2026-08-28,2026-08-28,2026-08-28T09:30:00-04:00
6302,660,WMB,CATALYST,14437,2026-08-28T17:38:00+02:00,2026-08-28,2026-08-28,2026-08-28T09:30:00-04:00
6303,186,WTM,CATALYST,14439,2026-08-27T16:23:08+02:00,2026-08-27,2026-08-27,2026-08-27T09:30:00-04:00
6306,191,AAMI,CATALYST,8335,2026-08-19T15:40:02+02:00,2026-08-19,2026-08-19,2026-08-19T09:30:00-04:00
6309,193,ABT,CATALYST,14977,2026-08-28T17:51:01+02:00,2026-08-28,2026-08-28,2026-08-28T09:30:00-04:00
6311,858,ADBE,CATALYST,14981,2026-08-28T20:54:00+02:00,2026-08-28,2026-08-28,2026-08-28T09:30:00-04:00
6313,194,ADP,CATALYST,14994,2026-08-28T17:30:07+02:00,2026-08-28,2026-08-28,2026-08-28T09:30:00-04:00
6314,674,ADSK,CATALYST,14997,2026-08-28T20:01:44+02:00,2026-08-28,2026-08-28,2026-08-28T09:30:00-04:00
6319,199,ALL,CATALYST,15013,2026-08-28T21:00:00+02:00,2026-08-28,2026-08-28,2026-08-28T09:30:00-04:00
6323,959,AMGN,CATALYST,15018,2026-08-28T17:51:01+02:00,2026-08-28,2026-08-28,2026-08-28T09:30:00-04:00
6328,209,APO,CATALYST,15021,2026-08-28T18:42:36+02:00,2026-08-28,2026-08-28,2026-08-28T09:30:00-04:00
6330,860,ARE,CATALYST,15023,2026-08-27T17:11:00+02:00,2026-08-27,2026-08-27,2026-08-27T09:30:00-04:00
6334,790,AVNT,CATALYST,15024,2026-08-28T16:41:00+02:00,2026-08-28,2026-08-28,2026-08-28T09:30:00-04:00
6336,215,AVTR,CATALYST,15026,2026-08-28T17:30:23+02:00,2026-08-28,2026-08-28,2026-08-28T09:30:00-04:00
6338,217,AWK,CATALYST,15028,2026-08-28T17:30:09+02:00,2026-08-28,2026-08-28,2026-08-28T09:30:00-04:00
6348,229,BIIB,CATALYST,15031,2026-08-28T17:30:24+02:00,2026-08-28,2026-08-28,2026-08-28T09:30:00-04:00
6349,230,BILL,CATALYST,15032,2026-08-28T18:20:01+02:00,2026-08-28,2026-08-28,2026-08-28T09:30:00-04:00
6351,234,BKR,CATALYST,15035,2026-08-28T19:24:00+02:00,2026-08-28,2026-08-28,2026-08-28T09:30:00-04:00
6353,238,BMY,CATALYST,15038,2026-08-28T18:57:11+02:00,2026-08-28,2026-08-28,2026-08-28T09:30:00-04:00
6356,242,BRO,CATALYST,14747,2026-08-28T17:30:08+02:00,2026-08-28,2026-08-28,2026-08-28T09:30:00-04:00
6362,792,CAKE,CATALYST,14749,2026-08-28T17:30:30+02:00,2026-08-28,2026-08-28,2026-08-28T09:30:00-04:00
6366,250,CBRE,CATALYST,14751,2026-08-28T17:30:25+02:00,2026-08-28,2026-08-28,2026-08-28T09:30:00-04:00
6370,256,CHEF,CATALYST,14754,2026-08-28T17:30:19+02:00,2026-08-28,2026-08-28,2026-08-28T09:30:00-04:00
6373,914,CMCSA,CATALYST,14756,2026-08-28T19:21:04+02:00,2026-08-28,2026-08-28,2026-08-28T09:30:00-04:00
6374,863,CMG,CATALYST,14771,2026-08-28T18:40:15+02:00,2026-08-28,2026-08-28,2026-08-28T09:30:00-04:00
6375,261,CNH,CATALYST,14774,2026-08-28T16:24:58+02:00,2026-08-28,2026-08-28,2026-08-28T09:30:00-04:00
6383,916,CTVA,CATALYST,14779,2026-08-28T18:42:07+02:00,2026-08-28,2026-08-28,2026-08-28T09:30:00-04:00
6392,279,DE,CATALYST,14781,2026-08-28T20:22:00+02:00,2026-08-28,2026-08-28,2026-08-28T09:30:00-04:00
6393,281,DHR,CATALYST,14784,2026-08-28T21:17:09+02:00,2026-08-28,2026-08-28,2026-08-28T09:30:00-04:00
6396,282,DIS,CATALYST,14787,2026-08-28T21:54:35+02:00,2026-08-28,2026-08-28,2026-08-28T09:30:00-04:00
6399,548,DOCU,CATALYST,14794,2026-08-28T17:51:00+02:00,2026-08-28,2026-08-28,2026-08-28T09:30:00-04:00
6407,293,EG,CATALYST,15134,2026-08-28T17:30:00+02:00,2026-08-28,2026-08-28,2026-08-28T09:30:00-04:00
6409,868,EL,CATALYST,15135,2026-08-28T19:01:00+02:00,2026-08-28,2026-08-28,2026-08-28T09:30:00-04:00
6410,966,ELF,CATALYST,15143,2026-08-28T17:02:11+02:00,2026-08-28,2026-08-28,2026-08-28T09:30:00-04:00
6414,830,ERIE,CATALYST,15147,2026-08-28T18:30:43+02:00,2026-08-28,2026-08-28,2026-08-28T09:30:00-04:00
6421,307,FDS,CATALYST,15149,2026-08-28T19:37:23+02:00,2026-08-28,2026-08-28,2026-08-28T09:30:00-04:00
6424,611,FIVE,CATALYST,15163,2026-08-28T17:45:00+02:00,2026-08-28,2026-08-28,2026-08-28T09:30:00-04:00
6426,310,FLS,CATALYST,15167,2026-08-28T15:40:03+02:00,2026-08-28,2026-08-28,2026-08-28T09:30:00-04:00
6429,73,FRO,CATALYST,15172,2026-08-28T19:13:24+02:00,2026-08-28,2026-08-28,2026-08-28T09:30:00-04:00
6438,317,GILD,CATALYST,15181,2026-08-28T17:51:01+02:00,2026-08-28,2026-08-28,2026-08-28T09:30:00-04:00
6440,870,GKOS,CATALYST,15186,2026-08-28T17:30:26+02:00,2026-08-28,2026-08-28,2026-08-28T09:30:00-04:00
6441,320,GM,CATALYST,15188,2026-08-28T17:26:48+02:00,2026-08-28,2026-08-28,2026-08-28T09:30:00-04:00
6444,321,GPC,CATALYST,15193,2026-08-28T17:30:28+02:00,2026-08-28,2026-08-28,2026-08-28T09:30:00-04:00
6446,968,GTLB,CATALYST,15194,2026-08-28T17:51:00+02:00,2026-08-28,2026-08-28,2026-08-28T09:30:00-04:00
6448,796,HAL,CATALYST,15198,2026-08-28T16:25:11+02:00,2026-08-28,2026-08-28,2026-08-28T09:30:00-04:00
6449,969,HALO,CATALYST,15199,2026-08-28T18:00:03+02:00,2026-08-28,2026-08-28,2026-08-28T09:30:00-04:00
6455,331,HRB,CATALYST,14858,2026-08-28T17:29:00+02:00,2026-08-28,2026-08-28,2026-08-28T09:30:00-04:00
6461,799,ICLR,CATALYST,14860,2026-08-28T17:30:24+02:00,2026-08-28,2026-08-28,2026-08-28T09:30:00-04:00
6462,833,IDCC,CATALYST,14861,2026-08-28T16:07:00+02:00,2026-08-28,2026-08-28,2026-08-28T09:30:00-04:00
6465,800,ILMN,CATALYST,14864,2026-08-28T17:28:52+02:00,2026-08-28,2026-08-28,2026-08-28T09:30:00-04:00
6470,970,IT,CATALYST,14869,2026-08-28T21:04:52+02:00,2026-08-28,2026-08-28,2026-08-28T09:30:00-04:00
6472,352,IVZ,CATALYST,14878,2026-08-28T17:51:01+02:00,2026-08-28,2026-08-28,2026-08-28T09:30:00-04:00
6481,902,KHC,CATALYST,11357,2026-08-24T21:40:58+02:00,2026-08-24,2026-08-24,2026-08-24T09:30:00-04:00
6482,614,KKR,CATALYST,14882,2026-08-28T19:51:15+02:00,2026-08-28,2026-08-28,2026-08-28T09:30:00-04:00
6490,366,LAD,CATALYST,14886,2026-08-28T17:30:13+02:00,2026-08-28,2026-08-28,2026-08-28T09:30:00-04:00
6498,802,LPLA,CATALYST,14891,2026-08-28T16:51:04+02:00,2026-08-28,2026-08-28,2026-08-28T09:30:00-04:00
6500,371,LW,CATALYST,14892,2026-08-28T17:30:19+02:00,2026-08-28,2026-08-28,2026-08-28T09:30:00-04:00
6511,619,MELI,CATALYST,14894,2026-08-28T17:59:28+02:00,2026-08-28,2026-08-28,2026-08-28T09:30:00-04:00
6512,803,MGNI,CATALYST,14897,2026-08-28T18:37:15+02:00,2026-08-28,2026-08-28,2026-08-28T09:30:00-04:00
6515,386,MRK,CATALYST,14900,2026-08-28T20:08:53+02:00,2026-08-28,2026-08-28,2026-08-28T09:30:00-04:00
6519,566,MSI,CATALYST,14909,2026-08-28T18:41:58+02:00,2026-08-28,2026-08-28,2026-08-28T09:30:00-04:00
6520,835,MTCH,CATALYST,14911,2026-08-28T21:00:00+02:00,2026-08-28,2026-08-28,2026-08-28T09:30:00-04:00
6524,568,NE,CATALYST,14914,2026-08-28T17:32:00+02:00,2026-08-28,2026-08-28,2026-08-28T09:30:00-04:00
6526,877,NMRK,CATALYST,11180,2026-08-24T15:40:03+02:00,2026-08-24,2026-08-24,2026-08-24T09:30:00-04:00
6531,807,NSIT,CATALYST,14918,2026-08-28T17:52:52+02:00,2026-08-28,2026-08-28,2026-08-28T09:30:00-04:00
6532,808,NTNX,CATALYST,14919,2026-08-28T15:41:00+02:00,2026-08-28,2026-08-28,2026-08-28T09:30:00-04:00
6533,713,NTRA,CATALYST,14929,2026-08-28T17:22:00+02:00,2026-08-28,2026-08-28,2026-08-28T09:30:00-04:00
6541,762,OWL,CATALYST,14941,2026-08-28T20:30:00+02:00,2026-08-28,2026-08-28,2026-08-28T09:30:00-04:00
6550,880,PLTR,CATALYST,14950,2026-08-28T21:22:38+02:00,2026-08-28,2026-08-28,2026-08-28T09:30:00-04:00
6554,882,PTC,CATALYST,14971,2026-08-28T17:30:18+02:00,2026-08-28,2026-08-28,2026-08-28T09:30:00-04:00
6555,809,PTEN,CATALYST,15043,2026-08-28T17:30:28+02:00,2026-08-28,2026-08-28,2026-08-28T09:30:00-04:00
6556,719,QSR,CATALYST,15044,2026-08-28T16:18:59+02:00,2026-08-28,2026-08-28,2026-08-28T09:30:00-04:00
6557,428,QTWO,CATALYST,15045,2026-08-27T21:29:07+02:00,2026-08-27,2026-08-27,2026-08-27T09:30:00-04:00
6558,952,QURE,CATALYST,15046,2026-08-28T17:30:29+02:00,2026-08-28,2026-08-28,2026-08-28T09:30:00-04:00
6562,625,RGEN,CATALYST,15047,2026-08-28T17:30:32+02:00,2026-08-28,2026-08-28,2026-08-28T09:30:00-04:00
6563,884,RHI,CATALYST,15052,2026-08-28T17:39:08+02:00,2026-08-28,2026-08-28,2026-08-28T09:30:00-04:00
6565,432,RJF,CATALYST,15054,2026-08-28T17:30:15+02:00,2026-08-28,2026-08-28,2026-08-28T09:30:00-04:00
6566,433,RLI,CATALYST,15055,2026-08-28T17:14:00+02:00,2026-08-28,2026-08-28,2026-08-28T09:30:00-04:00
6570,439,RVMD,CATALYST,15056,2026-08-28T18:18:43+02:00,2026-08-28,2026-08-28,2026-08-28T09:30:00-04:00
6573,443,SAIC,CATALYST,15064,2026-08-28T17:07:35+02:00,2026-08-28,2026-08-28,2026-08-28T09:30:00-04:00
6574,445,SBLK,CATALYST,15067,2026-08-28T17:40:00+02:00,2026-08-28,2026-08-28,2026-08-28T09:30:00-04:00
6575,446,SBUX,CATALYST,15068,2026-08-28T20:14:43+02:00,2026-08-28,2026-08-28,2026-08-28T09:30:00-04:00
6576,153,SCHW,CATALYST,15075,2026-08-28T21:12:00+02:00,2026-08-28,2026-08-28,2026-08-28T09:30:00-04:00
6577,448,SDRL,CATALYST,15076,2026-08-28T17:32:00+02:00,2026-08-28,2026-08-28,2026-08-28T09:30:00-04:00
6578,449,SE,CATALYST,15079,2026-08-28T16:25:00+02:00,2026-08-28,2026-08-28,2026-08-28T09:30:00-04:00
6580,885,SHOP,CATALYST,15080,2026-08-28T21:06:06+02:00,2026-08-28,2026-08-28,2026-08-28T09:30:00-04:00
6582,459,SLG,CATALYST,15088,2026-08-28T17:30:21+02:00,2026-08-28,2026-08-28,2026-08-28T09:30:00-04:00
6584,837,SNOW,CATALYST,15091,2026-08-28T18:29:00+02:00,2026-08-28,2026-08-28,2026-08-28T09:30:00-04:00
6585,463,SOLV,CATALYST,15096,2026-08-28T18:32:52+02:00,2026-08-28,2026-08-28,2026-08-28T09:30:00-04:00
6587,886,SPGI,CATALYST,15099,2026-08-28T19:07:15+02:00,2026-08-28,2026-08-28,2026-08-28T09:30:00-04:00
6588,838,SPOT,CATALYST,15100,2026-08-28T19:09:05+02:00,2026-08-28,2026-08-28,2026-08-28T09:30:00-04:00
6595,887,T,CATALYST,15105,2026-08-28T18:00:00+02:00,2026-08-28,2026-08-28,2026-08-28T09:30:00-04:00
6597,723,TALO,CATALYST,15107,2026-08-28T15:40:04+02:00,2026-08-28,2026-08-28,2026-08-28T09:30:00-04:00
6602,476,TGT,CATALYST,15112,2026-08-28T20:38:23+02:00,2026-08-28,2026-08-28,2026-08-28T09:30:00-04:00
6604,726,TMO,CATALYST,15131,2026-08-28T17:30:26+02:00,2026-08-28,2026-08-28,2026-08-28T09:30:00-04:00
6607,630,TOST,CATALYST,14799,2026-08-28T18:30:43+02:00,2026-08-28,2026-08-28,2026-08-28T09:30:00-04:00
6608,815,TPG,CATALYST,14801,2026-08-28T18:30:43+02:00,2026-08-28,2026-08-28,2026-08-28T09:30:00-04:00
6610,480,TRU,CATALYST,14804,2026-08-28T17:30:32+02:00,2026-08-28,2026-08-28,2026-08-28T09:30:00-04:00
6612,484,TTEK,CATALYST,14806,2026-08-28T17:30:31+02:00,2026-08-28,2026-08-28,2026-08-28T09:30:00-04:00
6614,972,TW,CATALYST,14807,2026-08-28T17:09:06+02:00,2026-08-28,2026-08-28,2026-08-28T09:30:00-04:00
6616,581,UBER,CATALYST,14813,2026-08-28T21:23:00+02:00,2026-08-28,2026-08-28,2026-08-28T09:30:00-04:00
6617,842,UGI,CATALYST,14827,2026-08-28T19:51:15+02:00,2026-08-28,2026-08-28,2026-08-28T09:30:00-04:00
6619,488,URBN,CATALYST,14829,2026-08-28T21:46:58+02:00,2026-08-28,2026-08-28,2026-08-28T09:30:00-04:00
6624,174,VLO,CATALYST,14836,2026-08-28T18:49:00+02:00,2026-08-28,2026-08-28,2026-08-28T09:30:00-04:00
6625,492,VLTO,CATALYST,14838,2026-08-28T16:08:52+02:00,2026-08-28,2026-08-28,2026-08-28T09:30:00-04:00
6627,493,VOYA,CATALYST,14840,2026-08-28T18:20:00+02:00,2026-08-28,2026-08-28,2026-08-28T09:30:00-04:00
6631,973,WAY,CATALYST,14842,2026-08-27T18:00:46+02:00,2026-08-27,2026-08-27,2026-08-27T09:30:00-04:00
6633,499,WFC,CATALYST,14845,2026-08-28T18:08:00+02:00,2026-08-28,2026-08-28,2026-08-28T09:30:00-04:00
6635,889,WHD,CATALYST,14849,2026-08-28T17:30:22+02:00,2026-08-28,2026-08-28,2026-08-28T09:30:00-04:00
6637,502,WT,CATALYST,8318,2026-08-20T16:43:15+02:00,2026-08-20,2026-08-20,2026-08-20T09:30:00-04:00
6640,732,XYZ,CATALYST,14850,2026-08-28T19:34:40+02:00,2026-08-28,2026-08-28,2026-08-28T09:30:00-04:00
6644,509,ZIM,CATALYST,14856,2026-08-28T18:06:08+02:00,2026-08-28,2026-08-28,2026-08-28T09:30:00-04:00
6655,10,AMZN,CATALYST,15232,2026-08-28T21:20:52+02:00,2026-08-28,2026-08-28,2026-08-28T09:30:00-04:00
6662,24,BEN,CATALYST,15240,2026-08-28T20:16:52+02:00,2026-08-28,2026-08-28,2026-08-28T09:30:00-04:00
6663,773,BG,CATALYST,15241,2026-08-28T18:57:00+02:00,2026-08-28,2026-08-28,2026-08-28T09:30:00-04:00
6694,69,FHI,CATALYST,15292,2026-08-28T20:16:52+02:00,2026-08-28,2026-08-28,2026-08-28T09:30:00-04:00
6708,820,HNGE,CATALYST,15296,2026-08-28T21:42:44+02:00,2026-08-28,2026-08-28,2026-08-28T09:30:00-04:00
6735,133,OMC,CATALYST,15367,2026-08-28T17:00:00+02:00,2026-08-28,2026-08-28,2026-08-28T09:30:00-04:00
6754,669,STNG,CATALYST,15381,2026-08-28T17:44:52+02:00,2026-08-28,2026-08-28,2026-08-28T09:30:00-04:00
6776,674,ADSK,CATALYST,15480,2026-08-28T21:36:52+02:00,2026-08-28,2026-08-28,2026-08-28T09:30:00-04:00
6782,959,AMGN,CATALYST,15487,2026-08-28T20:00:52+02:00,2026-08-28,2026-08-28,2026-08-28T09:30:00-04:00
6801,229,BIIB,CATALYST,15488,2026-08-28T20:00:52+02:00,2026-08-28,2026-08-28,2026-08-28T09:30:00-04:00
6806,238,BMY,CATALYST,15496,2026-08-28T21:42:44+02:00,2026-08-28,2026-08-28,2026-08-28T09:30:00-04:00
6847,293,EG,CATALYST,15439,2026-08-28T17:30:12+02:00,2026-08-28,2026-08-28,2026-08-28T09:30:00-04:00
6859,307,FDS,CATALYST,15444,2026-08-28T21:25:20+02:00,2026-08-28,2026-08-28,2026-08-28T09:30:00-04:00
6880,969,HALO,CATALYST,15457,2026-08-28T20:00:52+02:00,2026-08-28,2026-08-28,2026-08-28T09:30:00-04:00
6883,329,HP,CATALYST,15458,2026-08-28T19:12:52+02:00,2026-08-28,2026-08-28,2026-08-28T09:30:00-04:00
6905,614,KKR,CATALYST,15506,2026-08-28T20:00:41+02:00,2026-08-28,2026-08-28,2026-08-28T09:30:00-04:00
6929,803,MGNI,CATALYST,15515,2026-08-28T20:18:00+02:00,2026-08-28,2026-08-28,2026-08-28T09:30:00-04:00
6940,394,NDSN,CATALYST,15519,2026-08-28T18:00:02+02:00,2026-08-28,2026-08-28,2026-08-28T09:30:00-04:00
6953,622,OII,CATALYST,15530,2026-08-28T17:30:05+02:00,2026-08-28,2026-08-28,2026-08-28T09:30:00-04:00
7003,723,TALO,CATALYST,15430,2026-08-28T21:06:18+02:00,2026-08-28,2026-08-28,2026-08-28T09:30:00-04:00
7012,168,TNK,CATALYST,15386,2026-08-28T15:35:02+02:00,2026-08-28,2026-08-28,2026-08-28T09:30:00-04:00
7030,492,VLTO,CATALYST,15401,2026-08-28T17:30:05+02:00,2026-08-28,2026-08-28,2026-08-28T09:30:00-04:00
7032,493,VOYA,CATALYST,15402,2026-08-28T20:16:52+02:00,2026-08-28,2026-08-28,2026-08-28T09:30:00-04:00
7033,494,VRSN,CATALYST,15403,2026-08-28T17:30:18+02:00,2026-08-28,2026-08-28,2026-08-28T09:30:00-04:00
7054,959,AMGN,CATALYST,15786,2026-08-31T17:29:00+02:00,2026-08-31,2026-08-31,2026-08-31T09:30:00-04:00
7060,16,ASND,CATALYST,15845,2026-08-31T17:12:32+02:00,2026-08-31,2026-08-31,2026-08-31T09:30:00-04:00
7069,514,CF,CATALYST,15851,2026-08-31T17:38:30+02:00,2026-08-31,2026-08-31,2026-08-31T09:30:00-04:00
7070,256,CHEF,CATALYST,15852,2026-08-31T17:34:00+02:00,2026-08-31,2026-08-31,2026-08-31T09:30:00-04:00
7076,516,CVX,CATALYST,15854,2026-08-31T19:59:36+02:00,2026-08-31,2026-08-31,2026-08-31T09:30:00-04:00
7078,544,DAR,CATALYST,15888,2026-08-31T17:34:00+02:00,2026-08-31,2026-08-31,2026-08-31T09:30:00-04:00
7087,64,ET,CATALYST,15891,2026-08-31T19:19:00+02:00,2026-08-31,2026-08-31,2026-08-31T09:30:00-04:00
7090,918,EXEL,CATALYST,15894,2026-08-31T21:56:17+02:00,2026-08-31,2026-08-31,2026-08-31T09:30:00-04:00
7094,521,FANG,CATALYST,15895,2026-08-31T16:17:00+02:00,2026-08-31,2026-08-31,2026-08-31T09:30:00-04:00
7098,73,FRO,CATALYST,15574,2026-08-31T19:20:12+02:00,2026-08-31,2026-08-31,2026-08-31T09:30:00-04:00
7099,523,FTI,CATALYST,15577,2026-08-31T17:26:00+02:00,2026-08-31,2026-08-31,2026-08-31T09:30:00-04:00
7100,76,FTNT,CATALYST,15578,2026-08-31T19:33:31+02:00,2026-08-31,2026-08-31,2026-08-31T09:30:00-04:00
7106,85,HAS,CATALYST,15582,2026-08-31T16:44:00+02:00,2026-08-31,2026-08-31,2026-08-31T09:30:00-04:00
7110,645,IBKR,CATALYST,15584,2026-08-31T17:04:00+02:00,2026-08-31,2026-08-31,2026-08-31T09:30:00-04:00
7118,665,KMI,CATALYST,15620,2026-08-31T18:55:00+02:00,2026-08-31,2026-08-31,2026-08-31T09:30:00-04:00
7121,109,LFST,CATALYST,15622,2026-08-31T17:01:00+02:00,2026-08-31,2026-08-31,2026-08-31T09:30:00-04:00
7135,425,PTGX,CATALYST,15728,2026-08-31T18:38:13+02:00,2026-08-31,2026-08-31,2026-08-31T09:30:00-04:00
7138,148,RGA,CATALYST,15732,2026-08-31T16:17:00+02:00,2026-08-31,2026-08-31,2026-08-31T09:30:00-04:00
7142,153,SCHW,CATALYST,15733,2026-08-31T17:04:00+02:00,2026-08-31,2026-08-31,2026-08-31T09:30:00-04:00
7152,746,VIRT,CATALYST,15543,2026-08-31T19:40:44+02:00,2026-08-31,2026-08-31,2026-08-31T09:30:00-04:00
7153,175,VRTX,CATALYST,15544,2026-08-31T18:33:00+02:00,2026-08-31,2026-08-31,2026-08-31T09:30:00-04:00
7155,183,WES,CATALYST,15545,2026-08-31T19:16:00+02:00,2026-08-31,2026-08-31,2026-08-31T09:30:00-04:00
7156,660,WMB,CATALYST,15546,2026-08-31T19:16:00+02:00,2026-08-31,2026-08-31,2026-08-31T09:30:00-04:00
7157,187,XOM,CATALYST,15548,2026-08-31T19:59:36+02:00,2026-08-31,2026-08-31,2026-08-31T09:30:00-04:00
7163,858,ADBE,CATALYST,16153,2026-08-31T20:36:28+02:00,2026-08-31,2026-08-31,2026-08-31T09:30:00-04:00
7165,194,ADP,CATALYST,16159,2026-08-31T16:44:00+02:00,2026-08-31,2026-08-31,2026-08-31T09:30:00-04:00
7167,974,AGCO,CATALYST,16164,2026-08-31T19:10:12+02:00,2026-08-31,2026-08-31,2026-08-31T09:30:00-04:00
7173,206,APA,CATALYST,16177,2026-08-31T16:22:24+02:00,2026-08-31,2026-08-31,2026-08-31T09:30:00-04:00
7182,217,AWK,CATALYST,16201,2026-08-31T19:00:00+02:00,2026-08-31,2026-08-31,2026-08-31T09:30:00-04:00
7185,828,BDX,CATALYST,16205,2026-08-31T17:58:26+02:00,2026-08-31,2026-08-31,2026-08-31T09:30:00-04:00
7186,773,BG,CATALYST,16208,2026-08-31T16:57:00+02:00,2026-08-31,2026-08-31,2026-08-31T09:30:00-04:00
7188,230,BILL,CATALYST,16211,2026-08-31T16:19:01+02:00,2026-08-31,2026-08-31,2026-08-31T09:30:00-04:00
7191,238,BMY,CATALYST,16219,2026-08-31T18:54:24+02:00,2026-08-31,2026-08-31,2026-08-31T09:30:00-04:00
7200,792,CAKE,CATALYST,16226,2026-08-31T18:02:00+02:00,2026-08-31,2026-08-31,2026-08-31T09:30:00-04:00
7204,863,CMG,CATALYST,15898,2026-08-31T20:12:39+02:00,2026-08-31,2026-08-31,2026-08-31T09:30:00-04:00
7205,261,CNH,CATALYST,15902,2026-08-31T17:30:00+02:00,2026-08-31,2026-08-31,2026-08-31T09:30:00-04:00
7206,43,COP,CATALYST,15905,2026-08-31T18:34:30+02:00,2026-08-31,2026-08-31,2026-08-31T09:30:00-04:00
7211,916,CTVA,CATALYST,15915,2026-08-31T17:40:02+02:00,2026-08-31,2026-08-31,2026-08-31T09:30:00-04:00
7213,545,DASH,CATALYST,15916,2026-08-31T16:55:00+02:00,2026-08-31,2026-08-31,2026-08-31T09:30:00-04:00
7216,279,DE,CATALYST,15918,2026-08-31T19:10:12+02:00,2026-08-31,2026-08-31,2026-08-31T09:30:00-04:00
7217,280,DG,CATALYST,15926,2026-08-31T18:11:00+02:00,2026-08-31,2026-08-31,2026-08-31T09:30:00-04:00
7219,518,DINO,CATALYST,15931,2026-08-31T17:13:00+02:00,2026-08-31,2026-08-31,2026-08-31T09:30:00-04:00
7220,282,DIS,CATALYST,15933,2026-08-31T21:53:00+02:00,2026-08-31,2026-08-31,2026-08-31T09:30:00-04:00
7222,794,DLB,CATALYST,15940,2026-08-31T17:17:00+02:00,2026-08-31,2026-08-31,2026-08-31T09:30:00-04:00
7223,664,DLO,CATALYST,15942,2026-08-31T15:40:04+02:00,2026-08-31,2026-08-31,2026-08-31T09:30:00-04:00
7231,868,EL,CATALYST,15950,2026-08-31T18:00:00+02:00,2026-08-31,2026-08-31,2026-08-31T09:30:00-04:00
7233,830,ERIE,CATALYST,15952,2026-08-31T17:46:22+02:00,2026-08-31,2026-08-31,2026-08-31T09:30:00-04:00
7234,302,EXPD,CATALYST,15953,2026-08-31T19:58:00+02:00,2026-08-31,2026-08-31,2026-08-31T09:30:00-04:00
7236,307,FDS,CATALYST,16087,2026-08-31T18:56:11+02:00,2026-08-31,2026-08-31,2026-08-31T09:30:00-04:00
7237,551,FDX,CATALYST,16089,2026-08-31T19:02:05+02:00,2026-08-31,2026-08-31,2026-08-31T09:30:00-04:00
7238,611,FIVE,CATALYST,16092,2026-08-31T19:14:00+02:00,2026-08-31,2026-08-31,2026-08-31T09:30:00-04:00
7241,967,G,CATALYST,16097,2026-08-31T17:40:03+02:00,2026-08-31,2026-08-31,2026-08-31T09:30:00-04:00
7242,977,GDDY,CATALYST,16099,2026-08-31T16:30:00+02:00,2026-08-31,2026-08-31,2026-08-31T09:30:00-04:00
7244,317,GILD,CATALYST,16101,2026-08-31T17:39:03+02:00,2026-08-31,2026-08-31,2026-08-31T09:30:00-04:00
7247,320,GM,CATALYST,16105,2026-08-31T17:38:00+02:00,2026-08-31,2026-08-31,2026-08-31T09:30:00-04:00
7251,554,HAE,CATALYST,16110,2026-08-31T17:40:03+02:00,2026-08-31,2026-08-31,2026-08-31T09:30:00-04:00
7252,796,HAL,CATALYST,16111,2026-08-31T21:44:00+02:00,2026-08-31,2026-08-31,2026-08-31T09:30:00-04:00
7253,969,HALO,CATALYST,16122,2026-08-31T15:40:02+02:00,2026-08-31,2026-08-31,2026-08-31T09:30:00-04:00
7255,978,HLNE,CATALYST,16123,2026-08-31T15:34:24+02:00,2026-08-31,2026-08-31,2026-08-31T09:30:00-04:00
7256,797,HNI,CATALYST,16124,2026-08-31T17:45:04+02:00,2026-08-31,2026-08-31,2026-08-31T09:30:00-04:00
7259,331,HRB,CATALYST,16126,2026-08-31T16:41:00+02:00,2026-08-31,2026-08-31,2026-08-31T09:30:00-04:00
7261,333,HSIC,CATALYST,16128,2026-08-31T17:01:11+02:00,2026-08-31,2026-08-31,2026-08-31T09:30:00-04:00
7264,699,ICE,CATALYST,16131,2026-08-31T19:57:00+02:00,2026-08-31,2026-08-31,2026-08-31T09:30:00-04:00
7268,800,ILMN,CATALYST,16139,2026-08-31T16:13:00+02:00,2026-08-31,2026-08-31,2026-08-31T09:30:00-04:00
7270,970,IT,CATALYST,16141,2026-08-31T21:11:00+02:00,2026-08-31,2026-08-31,2026-08-31T09:30:00-04:00
7272,353,J,CATALYST,16231,2026-08-31T15:38:00+02:00,2026-08-31,2026-08-31,2026-08-31T09:30:00-04:00
7280,614,KKR,CATALYST,16236,2026-08-31T19:10:12+02:00,2026-08-31,2026-08-31,2026-08-31T09:30:00-04:00
7281,362,KMX,CATALYST,16244,2026-08-31T18:10:02+02:00,2026-08-31,2026-08-31,2026-08-31T09:30:00-04:00
7284,365,KWR,CATALYST,16245,2026-08-31T16:00:00+02:00,2026-08-31,2026-08-31,2026-08-31T09:30:00-04:00
7286,107,LB,CATALYST,6019,2026-08-13T17:24:12+02:00,2026-08-13,2026-08-13,2026-08-13T09:30:00-04:00
7292,938,LRN,CATALYST,16250,2026-08-31T16:38:24+02:00,2026-08-31,2026-08-31,2026-08-31T09:30:00-04:00
7295,564,MATX,CATALYST,16251,2026-08-31T15:40:04+02:00,2026-08-31,2026-08-31,2026-08-31T09:30:00-04:00
7301,803,MGNI,CATALYST,16266,2026-08-31T15:57:00+02:00,2026-08-31,2026-08-31,2026-08-31T09:30:00-04:00
7305,386,MRK,CATALYST,16272,2026-08-31T19:14:00+02:00,2026-08-31,2026-08-31,2026-08-31T09:30:00-04:00
7306,387,MRSH,CATALYST,16282,2026-08-31T18:01:00+02:00,2026-08-31,2026-08-31,2026-08-31T09:30:00-04:00
7310,835,MTCH,CATALYST,16334,2026-08-31T17:19:00+02:00,2026-08-31,2026-08-31,2026-08-31T09:30:00-04:00
7314,394,NDSN,CATALYST,16335,2026-08-31T17:46:00+02:00,2026-08-31,2026-08-31,2026-08-31T09:30:00-04:00
7317,570,NOV,CATALYST,16338,2026-08-31T17:26:00+02:00,2026-08-31,2026-08-31,2026-08-31T09:30:00-04:00
7319,713,NTRA,CATALYST,15989,2026-08-31T15:34:24+02:00,2026-08-31,2026-08-31,2026-08-31T09:30:00-04:00
7326,762,OWL,CATALYST,15994,2026-08-31T18:11:00+02:00,2026-08-31,2026-08-31,2026-08-31T09:30:00-04:00
7327,409,OXY,CATALYST,15997,2026-08-31T19:10:12+02:00,2026-08-31,2026-08-31,2026-08-31T09:30:00-04:00
7329,924,PCOR,CATALYST,16005,2026-08-31T16:30:24+02:00,2026-08-31,2026-08-31,2026-08-31T09:30:00-04:00
7337,882,PTC,CATALYST,16038,2026-08-31T16:30:24+02:00,2026-08-31,2026-08-31,2026-08-31T09:30:00-04:00
7339,574,QGEN,CATALYST,16040,2026-08-31T19:12:00+02:00,2026-08-31,2026-08-31,2026-08-31T09:30:00-04:00
7345,147,RELY,CATALYST,16041,2026-08-31T19:30:17+02:00,2026-08-31,2026-08-31,2026-08-31T09:30:00-04:00
7346,625,RGEN,CATALYST,16042,2026-08-31T17:36:00+02:00,2026-08-31,2026-08-31,2026-08-31T09:30:00-04:00
7350,436,ROP,CATALYST,16043,2026-08-31T16:47:40+02:00,2026-08-31,2026-08-31,2026-08-31T09:30:00-04:00
7355,885,SHOP,CATALYST,16059,2026-08-31T21:43:00+02:00,2026-08-31,2026-08-31,2026-08-31T09:30:00-04:00
7360,886,SPGI,CATALYST,16083,2026-08-31T15:30:15+02:00,2026-08-31,2026-08-31,2026-08-31T09:30:00-04:00
7361,838,SPOT,CATALYST,16085,2026-08-31T17:40:03+02:00,2026-08-31,2026-08-31,2026-08-31T09:30:00-04:00
7366,887,T,CATALYST,15954,2026-08-31T18:53:05+02:00,2026-08-31,2026-08-31,2026-08-31T09:30:00-04:00
7374,580,THC,CATALYST,15970,2026-08-31T15:40:03+02:00,2026-08-31,2026-08-31,2026-08-31T09:30:00-04:00
7375,726,TMO,CATALYST,15971,2026-08-31T17:39:03+02:00,2026-08-31,2026-08-31,2026-08-31T09:30:00-04:00
7377,168,TNK,CATALYST,15973,2026-08-31T15:40:03+02:00,2026-08-31,2026-08-31,2026-08-31T09:30:00-04:00
7380,480,TRU,CATALYST,15974,2026-08-31T16:22:00+02:00,2026-08-31,2026-08-31,2026-08-31T09:30:00-04:00
7383,979,TYL,CATALYST,15976,2026-08-31T15:42:23+02:00,2026-08-31,2026-08-31,2026-08-31T09:30:00-04:00
7387,888,VCTR,CATALYST,15977,2026-08-31T18:11:00+02:00,2026-08-31,2026-08-31,2026-08-31T09:30:00-04:00
7399,503,WTRG,CATALYST,15981,2026-08-31T19:00:00+02:00,2026-08-31,2026-08-31,2026-08-31T09:30:00-04:00
7403,732,XYZ,CATALYST,15986,2026-08-31T19:22:00+02:00,2026-08-31,2026-08-31,2026-08-31T09:30:00-04:00
7406,508,ZD,CATALYST,16229,2026-08-31T16:38:24+02:00,2026-08-31,2026-08-31,2026-08-31T09:30:00-04:00
7412,5,AHR,CATALYST,16389,2026-09-01T17:24:27+02:00,2026-09-01,2026-09-01,2026-09-01T09:30:00-04:00
7413,13,APH,CATALYST,16390,2026-09-01T19:07:00+02:00,2026-09-01,2026-09-01,2026-09-01T09:30:00-04:00
7420,249,CART,CATALYST,16394,2026-09-01T19:55:08+02:00,2026-09-01,2026-09-01,2026-09-01T09:30:00-04:00
7427,690,CORT,CATALYST,16399,2026-09-01T21:22:20+02:00,2026-09-01,2026-09-01,2026-09-01T09:30:00-04:00
7434,519,DVN,CATALYST,16406,2026-08-31T16:01:09+02:00,2026-08-31,2026-08-31,2026-08-31T09:30:00-04:00
7438,66,EW,CATALYST,16410,2026-09-01T17:02:00+02:00,2026-09-01,2026-09-01,2026-09-01T09:30:00-04:00
7440,893,EZPW,CATALYST,16412,2026-09-01T20:11:31+02:00,2026-09-01,2026-09-01,2026-09-01T09:30:00-04:00
7441,67,FAF,CATALYST,16413,2026-08-31T15:40:03+02:00,2026-08-31,2026-08-31,2026-08-31T09:30:00-04:00
7443,523,FTI,CATALYST,16416,2026-09-01T17:33:00+02:00,2026-09-01,2026-09-01,2026-09-01T09:30:00-04:00
7444,76,FTNT,CATALYST,16417,2026-09-01T17:54:00+02:00,2026-09-01,2026-09-01,2026-09-01T09:30:00-04:00
7449,88,HCI,CATALYST,16424,2026-09-01T18:54:00+02:00,2026-09-01,2026-09-01,2026-09-01T09:30:00-04:00
7467,530,OKE,CATALYST,16496,2026-09-01T17:44:01+02:00,2026-09-01,2026-09-01,2026-09-01T09:30:00-04:00
7473,946,PARR,CATALYST,16530,2026-09-01T19:25:00+02:00,2026-09-01,2026-09-01,2026-09-01T09:30:00-04:00
7478,147,RELY,CATALYST,16542,2026-09-01T16:00:00+02:00,2026-09-01,2026-09-01,2026-09-01T09:30:00-04:00
7480,596,ROKU,CATALYST,16545,2026-09-01T16:50:00+02:00,2026-09-01,2026-09-01,2026-09-01T09:30:00-04:00
7481,533,RPRX,CATALYST,16547,2026-09-01T19:54:45+02:00,2026-09-01,2026-09-01,2026-09-01T09:30:00-04:00
7483,153,SCHW,CATALYST,16549,2026-09-01T15:57:00+02:00,2026-09-01,2026-09-01,2026-09-01T09:30:00-04:00
7484,784,SEIC,CATALYST,16553,2026-08-31T18:11:00+02:00,2026-08-31,2026-08-31,2026-08-31T09:30:00-04:00
7485,157,SLDE,CATALYST,5729,2026-08-14T16:50:00+02:00,2026-08-14,2026-08-14,2026-08-14T09:30:00-04:00
7496,175,VRTX,CATALYST,16561,2026-09-01T19:26:32+02:00,2026-09-01,2026-09-01,2026-09-01T09:30:00-04:00
7500,187,XOM,CATALYST,16568,2026-09-01T20:30:00+02:00,2026-09-01,2026-09-01,2026-09-01T09:30:00-04:00
7501,943,AAPL,CATALYST,16345,2026-09-01T21:38:40+02:00,2026-09-01,2026-09-01,2026-09-01T09:30:00-04:00
7504,103,JPM,CATALYST,16433,2026-09-01T21:33:00+02:00,2026-09-01,2026-09-01,2026-09-01T09:30:00-04:00
7505,128,NVDA,CATALYST,16482,2026-09-01T21:51:19+02:00,2026-09-01,2026-09-01,2026-09-01T09:30:00-04:00
7506,411,PANW,CATALYST,16510,2026-09-01T18:26:00+02:00,2026-09-01,2026-09-01,2026-09-01T09:30:00-04:00
7508,672,ABBV,CATALYST,16757,2026-09-01T17:37:00+02:00,2026-09-01,2026-09-01,2026-09-01T09:30:00-04:00
7509,788,ABNB,CATALYST,16764,2026-09-01T19:55:08+02:00,2026-09-01,2026-09-01,2026-09-01T09:30:00-04:00
7511,789,ADM,CATALYST,16783,2026-09-01T18:39:22+02:00,2026-09-01,2026-09-01,2026-09-01T09:30:00-04:00
7512,194,ADP,CATALYST,16785,2026-09-01T16:45:00+02:00,2026-09-01,2026-09-01,2026-09-01T09:30:00-04:00
7516,984,AMPL,CATALYST,16792,2026-08-31T17:40:01+02:00,2026-08-31,2026-08-31,2026-08-31T09:30:00-04:00
7519,600,APPF,CATALYST,16796,2026-09-01T15:55:01+02:00,2026-09-01,2026-09-01,2026-09-01T09:30:00-04:00
7524,217,AWK,CATALYST,16802,2026-09-01T16:53:00+02:00,2026-09-01,2026-09-01,2026-09-01T09:30:00-04:00
7532,238,BMY,CATALYST,16814,2026-09-01T21:22:20+02:00,2026-09-01,2026-09-01,2026-09-01T09:30:00-04:00
7534,949,BR,CATALYST,16819,2026-09-01T17:23:00+02:00,2026-09-01,2026-09-01,2026-09-01T09:30:00-04:00
7538,861,CACI,CATALYST,16821,2026-09-01T18:10:20+02:00,2026-09-01,2026-09-01,2026-09-01T09:30:00-04:00
7541,792,CAKE,CATALYST,16825,2026-08-31T20:52:47+02:00,2026-08-31,2026-08-31,2026-08-31T09:30:00-04:00
7543,976,CDW,CATALYST,16826,2026-09-01T17:05:00+02:00,2026-09-01,2026-09-01,2026-09-01T09:30:00-04:00
7545,256,CHEF,CATALYST,16828,2026-09-01T16:22:00+02:00,2026-09-01,2026-09-01,2026-09-01T09:30:00-04:00
7549,687,CLMT,CATALYST,16829,2026-08-31T15:42:24+02:00,2026-08-31,2026-08-31,2026-08-31T09:30:00-04:00
7554,43,COP,CATALYST,16835,2026-09-01T21:56:00+02:00,2026-09-01,2026-09-01,2026-09-01T09:30:00-04:00
7557,965,CRL,CATALYST,16845,2026-09-01T16:59:00+02:00,2026-09-01,2026-09-01,2026-09-01T09:30:00-04:00
7561,545,DASH,CATALYST,16852,2026-09-01T19:55:08+02:00,2026-09-01,2026-09-01,2026-09-01T09:30:00-04:00
7564,279,DE,CATALYST,16857,2026-09-01T18:50:20+02:00,2026-09-01,2026-09-01,2026-09-01T09:30:00-04:00
7565,280,DG,CATALYST,16861,2026-09-01T18:00:00+02:00,2026-09-01,2026-09-01,2026-09-01T09:30:00-04:00
7566,282,DIS,CATALYST,16864,2026-09-01T18:10:26+02:00,2026-09-01,2026-09-01,2026-09-01T09:30:00-04:00
7568,283,DLTR,CATALYST,16868,2026-09-01T17:54:00+02:00,2026-09-01,2026-09-01,2026-09-01T09:30:00-04:00
7571,286,DT,CATALYST,16872,2026-08-31T17:40:03+02:00,2026-08-31,2026-08-31,2026-08-31T09:30:00-04:00
7572,519,DVN,CATALYST,16873,2026-08-31T17:11:13+02:00,2026-08-31,2026-08-31,2026-08-31T09:30:00-04:00
7573,288,DXCM,CATALYST,16874,2026-09-01T16:18:20+02:00,2026-09-01,2026-09-01,2026-09-01T09:30:00-04:00
7578,868,EL,CATALYST,16879,2026-09-01T19:26:32+02:00,2026-09-01,2026-09-01,2026-09-01T09:30:00-04:00
7580,549,ELV,CATALYST,16887,2026-09-01T17:54:00+02:00,2026-09-01,2026-09-01,2026-09-01T09:30:00-04:00
7588,611,FIVE,CATALYST,16895,2026-09-01T17:51:00+02:00,2026-09-01,2026-09-01,2026-09-01T09:30:00-04:00
7593,977,GDDY,CATALYST,16992,2026-09-01T19:51:00+02:00,2026-09-01,2026-09-01,2026-09-01T09:30:00-04:00
7594,315,GEN,CATALYST,16995,2026-09-01T17:40:03+02:00,2026-09-01,2026-09-01,2026-09-01T09:30:00-04:00
7599,831,GO,CATALYST,17006,2026-09-01T17:54:00+02:00,2026-09-01,2026-09-01,2026-09-01T09:30:00-04:00
7604,796,HAL,CATALYST,17020,2026-09-01T20:30:00+02:00,2026-09-01,2026-09-01,2026-09-01T09:30:00-04:00
7608,331,HRB,CATALYST,17025,2026-09-01T17:19:00+02:00,2026-09-01,2026-09-01,2026-09-01T09:30:00-04:00
7611,699,ICE,CATALYST,17028,2026-09-01T20:12:27+02:00,2026-09-01,2026-09-01,2026-09-01T09:30:00-04:00
7617,970,IT,CATALYST,17035,2026-09-01T18:39:00+02:00,2026-09-01,2026-09-01,2026-09-01T09:30:00-04:00
7622,702,KDP,CATALYST,17041,2026-09-01T21:51:00+02:00,2026-09-01,2026-09-01,2026-09-01T09:30:00-04:00
7624,361,KFY,CATALYST,17048,2026-09-01T19:45:00+02:00,2026-09-01,2026-09-01,2026-09-01T09:30:00-04:00
7626,362,KMX,CATALYST,17053,2026-09-01T16:50:20+02:00,2026-09-01,2026-09-01,2026-09-01T09:30:00-04:00
7638,617,MAN,CATALYST,8511,2026-08-19T17:58:02+02:00,2026-08-19,2026-08-19,2026-08-19T09:30:00-04:00
7644,619,MELI,CATALYST,16619,2026-09-01T18:00:00+02:00,2026-09-01,2026-09-01,2026-09-01T09:30:00-04:00
7648,386,MRK,CATALYST,16620,2026-09-01T20:32:00+02:00,2026-09-01,2026-09-01,2026-09-01T09:30:00-04:00
7652,835,MTCH,CATALYST,16678,2026-09-01T21:00:00+02:00,2026-09-01,2026-09-01,2026-09-01T09:30:00-04:00
7656,393,NDAQ,CATALYST,16679,2026-08-31T19:57:00+02:00,2026-08-31,2026-08-31,2026-08-31T09:30:00-04:00
7660,807,NSIT,CATALYST,16681,2026-08-31T19:20:12+02:00,2026-08-31,2026-08-31,2026-08-31T09:30:00-04:00
7661,808,NTNX,CATALYST,16683,2026-09-01T19:59:00+02:00,2026-09-01,2026-09-01,2026-09-01T09:30:00-04:00
7664,622,OII,CATALYST,16685,2026-09-01T17:33:00+02:00,2026-09-01,2026-09-01,2026-09-01T09:30:00-04:00
7667,409,OXY,CATALYST,16690,2026-09-01T18:23:18+02:00,2026-09-01,2026-09-01,2026-09-01T09:30:00-04:00
7669,924,PCOR,CATALYST,16697,2026-09-01T18:42:20+02:00,2026-09-01,2026-09-01,2026-09-01T09:30:00-04:00
7670,572,PCTY,CATALYST,16700,2026-09-01T15:46:20+02:00,2026-09-01,2026-09-01,2026-09-01T09:30:00-04:00
7672,624,PFE,CATALYST,16701,2026-09-01T21:00:36+02:00,2026-09-01,2026-09-01,2026-09-01T09:30:00-04:00
7680,882,PTC,CATALYST,16755,2026-09-01T18:42:20+02:00,2026-09-01,2026-09-01,2026-09-01T09:30:00-04:00
7683,427,QRVO,CATALYST,16900,2026-09-01T19:11:50+02:00,2026-09-01,2026-09-01,2026-09-01T09:30:00-04:00
7690,884,RHI,CATALYST,16901,2026-09-01T19:45:00+02:00,2026-09-01,2026-09-01,2026-09-01T09:30:00-04:00
7692,436,ROP,CATALYST,16904,2026-09-01T16:16:00+02:00,2026-09-01,2026-09-01,2026-09-01T09:30:00-04:00
7694,440,RVTY,CATALYST,16906,2026-08-31T16:34:20+02:00,2026-08-31,2026-08-31,2026-08-31T09:30:00-04:00
7695,443,SAIC,CATALYST,16907,2026-09-01T19:07:24+02:00,2026-09-01,2026-09-01,2026-09-01T09:30:00-04:00
7710,722,SWKS,CATALYST,16969,2026-09-01T19:11:50+02:00,2026-09-01,2026-09-01,2026-09-01T09:30:00-04:00
7711,887,T,CATALYST,16970,2026-09-01T17:06:20+02:00,2026-09-01,2026-09-01,2026-09-01T09:30:00-04:00
7717,724,TFX,CATALYST,16982,2026-09-01T16:43:00+02:00,2026-09-01,2026-09-01,2026-09-01T09:30:00-04:00
7718,476,TGT,CATALYST,16984,2026-09-01T20:59:52+02:00,2026-09-01,2026-09-01,2026-09-01T09:30:00-04:00
7727,842,UGI,CATALYST,17060,2026-09-01T19:15:27+02:00,2026-09-01,2026-09-01,2026-09-01T09:30:00-04:00
7734,493,VOYA,CATALYST,17063,2026-08-31T17:10:24+02:00,2026-08-31,2026-08-31,2026-08-31T09:30:00-04:00
7740,502,WT,CATALYST,17068,2026-08-31T17:10:24+02:00,2026-08-31,2026-08-31,2026-08-31T09:30:00-04:00
7746,943,AAPL,CATALYST,17070,2026-09-02T21:46:10+02:00,2026-09-02,2026-09-02,2026-09-02T09:30:00-04:00
7751,7,AIZ,CATALYST,17121,2026-09-01T18:49:00+02:00,2026-09-01,2026-09-01,2026-09-01T09:30:00-04:00
7752,8,ALSN,CATALYST,17123,2026-09-02T17:30:03+02:00,2026-09-02,2026-09-02,2026-09-02T09:30:00-04:00
7753,511,AR,CATALYST,17124,2026-09-02T19:32:23+02:00,2026-09-02,2026-09-02,2026-09-02T09:30:00-04:00
7761,773,BG,CATALYST,17127,2026-09-01T21:38:20+02:00,2026-09-01,2026-09-01,2026-09-01T09:30:00-04:00
7764,249,CART,CATALYST,17128,2026-09-02T21:22:00+02:00,2026-09-02,2026-09-02,2026-09-02T09:30:00-04:00
7766,256,CHEF,CATALYST,17131,2026-09-02T17:30:08+02:00,2026-09-02,2026-09-02,2026-09-02T09:30:00-04:00
7771,44,CPAY,CATALYST,17134,2026-09-02T16:21:00+02:00,2026-09-02,2026-09-02,2026-09-02T09:30:00-04:00
7773,544,DAR,CATALYST,17136,2026-09-02T17:10:00+02:00,2026-09-02,2026-09-02,2026-09-02T09:30:00-04:00
7776,663,DGX,CATALYST,17139,2026-09-01T20:18:20+02:00,2026-09-01,2026-09-01,2026-09-01T09:30:00-04:00
7777,56,DHT,CATALYST,17140,2026-09-02T21:24:23+02:00,2026-09-02,2026-09-02,2026-09-02T09:30:00-04:00
7782,892,EVER,CATALYST,17144,2026-09-02T17:30:05+02:00,2026-09-02,2026-09-02,2026-09-02T09:30:00-04:00
7784,918,EXEL,CATALYST,17147,2026-09-02T19:29:13+02:00,2026-09-02,2026-09-02,2026-09-02T09:30:00-04:00
7786,67,FAF,CATALYST,17149,2026-09-02T18:20:00+02:00,2026-09-02,2026-09-02,2026-09-02T09:30:00-04:00
7787,521,FANG,CATALYST,17151,2026-09-02T17:30:06+02:00,2026-09-02,2026-09-02,2026-09-02T09:30:00-04:00
7788,776,FCFS,CATALYST,17153,2026-09-01T18:52:00+02:00,2026-09-01,2026-09-01,2026-09-01T09:30:00-04:00
7799,93,HUM,CATALYST,17162,2026-09-02T17:00:00+02:00,2026-09-02,2026-09-02,2026-09-02T09:30:00-04:00
7803,102,JNJ,CATALYST,17164,2026-09-02T21:43:54+02:00,2026-09-02,2026-09-02,2026-09-02T09:30:00-04:00
7804,103,JPM,CATALYST,17176,2026-09-02T20:14:16+02:00,2026-09-02,2026-09-02,2026-09-02T09:30:00-04:00
7806,894,KRYS,CATALYST,17220,2026-09-02T17:30:08+02:00,2026-09-02,2026-09-02,2026-09-02T09:30:00-04:00
7808,647,LIVN,CATALYST,7443,2026-08-17T19:17:00+02:00,2026-08-17,2026-08-17,2026-08-17T09:30:00-04:00
7810,372,LYFT,CATALYST,17222,2026-09-02T21:22:00+02:00,2026-09-02,2026-09-02,2026-09-02T09:30:00-04:00
7812,115,MET,CATALYST,17229,2026-09-02T20:36:23+02:00,2026-09-02,2026-09-02,2026-09-02T09:30:00-04:00
7815,741,MU,CATALYST,17232,2026-09-02T19:27:00+02:00,2026-09-02,2026-09-02,2026-09-02T09:30:00-04:00
7817,127,NPK,CATALYST,17279,2026-09-01T19:42:00+02:00,2026-09-01,2026-09-01,2026-09-01T09:30:00-04:00
7818,128,NVDA,CATALYST,17286,2026-09-02T21:43:00+02:00,2026-09-02,2026-09-02,2026-09-02T09:30:00-04:00
7819,129,NVST,CATALYST,17329,2026-09-02T16:11:28+02:00,2026-09-02,2026-09-02,2026-09-02T09:30:00-04:00
7821,530,OKE,CATALYST,17333,2026-09-02T17:30:09+02:00,2026-09-02,2026-09-02,2026-09-02T09:30:00-04:00
7822,136,OPY,CATALYST,17336,2026-09-02T19:10:50+02:00,2026-09-02,2026-09-02,2026-09-02T09:30:00-04:00
7823,982,OSBC,CATALYST,17337,2026-09-02T17:00:00+02:00,2026-09-02,2026-09-02,2026-09-02T09:30:00-04:00
7826,946,PARR,CATALYST,17338,2026-09-02T18:29:00+02:00,2026-09-02,2026-09-02,2026-09-02T09:30:00-04:00
7830,655,RDVT,CATALYST,17344,2026-08-31T17:30:03+02:00,2026-08-31,2026-08-31,2026-08-31T09:30:00-04:00
7831,147,RELY,CATALYST,17345,2026-09-02T21:24:23+02:00,2026-09-02,2026-09-02,2026-09-02T09:30:00-04:00
7833,596,ROKU,CATALYST,17347,2026-09-02T15:40:01+02:00,2026-09-02,2026-09-02,2026-09-02T09:30:00-04:00
7835,534,RRC,CATALYST,17349,2026-09-02T17:30:11+02:00,2026-09-02,2026-09-02,2026-09-02T09:30:00-04:00
7836,153,SCHW,CATALYST,17350,2026-09-02T16:16:00+02:00,2026-09-02,2026-09-02,2026-09-02T09:30:00-04:00
7837,784,SEIC,CATALYST,17354,2026-09-02T17:08:23+02:00,2026-09-02,2026-09-02,2026-09-02T09:30:00-04:00
7839,947,SMTC,CATALYST,17356,2026-09-02T20:20:23+02:00,2026-09-02,2026-09-02,2026-09-02T09:30:00-04:00
7842,627,SUN,CATALYST,17364,2026-09-02T15:30:04+02:00,2026-09-02,2026-09-02,2026-09-02T09:30:00-04:00
7844,628,TAL,CATALYST,17365,2026-09-02T15:55:02+02:00,2026-09-02,2026-09-02,2026-09-02T09:30:00-04:00
7845,895,TGTX,CATALYST,17366,2026-09-02T18:21:03+02:00,2026-09-02,2026-09-02,2026-09-02T09:30:00-04:00
7846,166,TIGO,CATALYST,17369,2026-08-31T19:39:21+02:00,2026-08-31,2026-08-31,2026-08-31T09:30:00-04:00
7848,786,TWLO,CATALYST,17372,2026-09-02T16:47:00+02:00,2026-09-02,2026-09-02,2026-09-02T09:30:00-04:00
7849,488,URBN,CATALYST,17374,2026-09-02T19:47:00+02:00,2026-09-02,2026-09-02,2026-09-02T09:30:00-04:00
7852,175,VRTX,CATALYST,17377,2026-09-02T19:53:51+02:00,2026-09-02,2026-09-02,2026-09-02T09:30:00-04:00
7853,182,WELL,CATALYST,17381,2026-09-02T17:30:07+02:00,2026-09-02,2026-09-02,2026-09-02T09:30:00-04:00
7855,660,WMB,CATALYST,17384,2026-09-02T17:30:12+02:00,2026-09-02,2026-09-02,2026-09-02T09:30:00-04:00
7856,187,XOM,CATALYST,17385,2026-09-02T20:31:00+02:00,2026-09-02,2026-09-02,2026-09-02T09:30:00-04:00
7862,730,WTW,CATALYST,17628,2026-09-02T17:34:00+02:00,2026-09-02,2026-09-02,2026-09-02T09:30:00-04:00
7864,732,XYZ,CATALYST,17631,2026-09-02T18:30:00+02:00,2026-09-02,2026-09-02,2026-09-02T09:30:00-04:00
7866,890,ZBRA,CATALYST,17640,2026-09-02T20:03:00+02:00,2026-09-02,2026-09-02,2026-09-02T09:30:00-04:00
7867,508,ZD,CATALYST,17643,2026-09-02T15:32:23+02:00,2026-09-02,2026-09-02,2026-09-02T09:30:00-04:00
7872,535,SM,CATALYST,17646,2026-09-02T17:29:00+02:00,2026-09-02,2026-09-02,2026-09-02T09:30:00-04:00
7873,463,SOLV,CATALYST,17647,2026-09-02T19:54:00+02:00,2026-09-02,2026-09-02,2026-09-02T09:30:00-04:00
7875,886,SPGI,CATALYST,17649,2026-09-02T16:21:05+02:00,2026-09-02,2026-09-02,2026-09-02T09:30:00-04:00
7876,838,SPOT,CATALYST,17652,2026-09-02T15:33:32+02:00,2026-09-02,2026-09-02,2026-09-02T09:30:00-04:00
7879,466,SSNC,CATALYST,17657,2026-09-02T21:32:23+02:00,2026-09-02,2026-09-02,2026-09-02T09:30:00-04:00
7886,887,T,CATALYST,17665,2026-09-02T19:46:45+02:00,2026-09-02,2026-09-02,2026-09-02T09:30:00-04:00
7892,476,TGT,CATALYST,17680,2026-09-02T17:40:04+02:00,2026-09-02,2026-09-02,2026-09-02T09:30:00-04:00
7894,726,TMO,CATALYST,17685,2026-09-02T19:55:00+02:00,2026-09-02,2026-09-02,2026-09-02T09:30:00-04:00
7899,484,TTEK,CATALYST,17710,2026-09-02T17:30:10+02:00,2026-09-02,2026-09-02,2026-09-02T09:30:00-04:00
7901,979,TYL,CATALYST,17711,2026-09-02T18:47:25+02:00,2026-09-02,2026-09-02,2026-09-02T09:30:00-04:00
7906,844,VNOM,CATALYST,17713,2026-09-02T19:40:23+02:00,2026-09-02,2026-09-02,2026-09-02T09:30:00-04:00
7907,493,VOYA,CATALYST,17715,2026-09-01T21:30:20+02:00,2026-09-01,2026-09-01,2026-09-01T09:30:00-04:00
7908,494,VRSN,CATALYST,17716,2026-09-01T17:50:56+02:00,2026-09-01,2026-09-01,2026-09-01T09:30:00-04:00
7914,498,WEX,CATALYST,17719,2026-09-02T19:41:00+02:00,2026-09-02,2026-09-02,2026-09-02T09:30:00-04:00
7915,499,WFC,CATALYST,17720,2026-09-02T20:14:16+02:00,2026-09-02,2026-09-02,2026-09-02T09:30:00-04:00
7918,942,WK,CATALYST,17726,2026-09-02T19:07:03+02:00,2026-09-02,2026-09-02,2026-09-02T09:30:00-04:00
7922,966,ELF,CATALYST,17729,2026-09-02T18:01:00+02:00,2026-09-02,2026-09-02,2026-09-02T09:30:00-04:00
7923,549,ELV,CATALYST,17730,2026-09-02T15:46:00+02:00,2026-09-02,2026-09-02,2026-09-02T09:30:00-04:00
7930,301,EXLS,CATALYST,17739,2026-09-02T19:48:23+02:00,2026-09-02,2026-09-02,2026-09-02T09:30:00-04:00
7936,307,FDS,CATALYST,17743,2026-09-02T20:17:00+02:00,2026-09-02,2026-09-02,2026-09-02T09:30:00-04:00
7949,317,GILD,CATALYST,17762,2026-09-02T18:32:14+02:00,2026-09-02,2026-09-02,2026-09-02T09:30:00-04:00
7951,870,GKOS,CATALYST,17766,2026-09-02T17:29:00+02:00,2026-09-02,2026-09-02,2026-09-02T09:30:00-04:00
7955,321,GPC,CATALYST,17769,2026-09-02T17:48:23+02:00,2026-09-02,2026-09-02,2026-09-02T09:30:00-04:00
7964,327,HOG,CATALYST,17775,2026-09-02T17:50:46+02:00,2026-09-02,2026-09-02,2026-09-02T09:30:00-04:00
7965,331,HRB,CATALYST,17779,2026-09-02T17:30:08+02:00,2026-09-02,2026-09-02,2026-09-02T09:30:00-04:00
7966,333,HSIC,CATALYST,17785,2026-09-02T15:40:03+02:00,2026-09-02,2026-09-02,2026-09-02T09:30:00-04:00
7971,672,ABBV,CATALYST,17471,2026-09-02T18:32:14+02:00,2026-09-02,2026-09-02,2026-09-02T09:30:00-04:00
7972,788,ABNB,CATALYST,17476,2026-09-02T16:20:23+02:00,2026-09-02,2026-09-02,2026-09-02T09:30:00-04:00
7975,789,ADM,CATALYST,17488,2026-09-02T18:20:02+02:00,2026-09-02,2026-09-02,2026-09-02T09:30:00-04:00
7976,194,ADP,CATALYST,17491,2026-09-02T20:50:28+02:00,2026-09-02,2026-09-02,2026-09-02T09:30:00-04:00
7981,536,AJG,CATALYST,17507,2026-09-02T17:34:00+02:00,2026-09-02,2026-09-02,2026-09-02T09:30:00-04:00
7982,198,ALKT,CATALYST,17508,2026-09-02T16:00:00+02:00,2026-09-02,2026-09-02,2026-09-02T09:30:00-04:00
7993,600,APPF,CATALYST,17517,2026-09-02T17:30:05+02:00,2026-09-02,2026-09-02,2026-09-02T09:30:00-04:00
7995,860,ARE,CATALYST,17519,2026-09-02T17:30:03+02:00,2026-09-02,2026-09-02,2026-09-02T09:30:00-04:00
7999,790,AVNT,CATALYST,17520,2026-09-02T15:54:00+02:00,2026-09-02,2026-09-02,2026-09-02T09:30:00-04:00
8001,217,AWK,CATALYST,17527,2026-09-02T21:55:00+02:00,2026-09-02,2026-09-02,2026-09-02T09:30:00-04:00
8009,229,BIIB,CATALYST,17530,2026-09-02T18:47:11+02:00,2026-09-02,2026-09-02,2026-09-02T09:30:00-04:00
8011,234,BKR,CATALYST,17537,2026-09-02T18:29:00+02:00,2026-09-02,2026-09-02,2026-09-02T09:30:00-04:00
8014,238,BMY,CATALYST,17555,2026-09-02T20:30:00+02:00,2026-09-02,2026-09-02,2026-09-02T09:30:00-04:00
8017,949,BR,CATALYST,17558,2026-09-02T21:02:00+02:00,2026-09-02,2026-09-02,2026-09-02T09:30:00-04:00
8024,247,CAH,CATALYST,17564,2026-09-02T17:36:00+02:00,2026-09-02,2026-09-02,2026-09-02T09:30:00-04:00
8025,792,CAKE,CATALYST,17571,2026-09-02T16:32:00+02:00,2026-09-02,2026-09-02,2026-09-02T09:30:00-04:00
8030,987,CHYM,CATALYST,17572,2026-09-02T15:54:48+02:00,2026-09-02,2026-09-02,2026-09-02T09:30:00-04:00
8032,258,CLH,CATALYST,17574,2026-09-02T17:53:00+02:00,2026-09-02,2026-09-02,2026-09-02T09:30:00-04:00
8034,863,CMG,CATALYST,17575,2026-09-02T18:24:00+02:00,2026-09-02,2026-09-02,2026-09-02T09:30:00-04:00
8035,260,CNC,CATALYST,17578,2026-09-02T19:58:00+02:00,2026-09-02,2026-09-02,2026-09-02T09:30:00-04:00
8037,263,COF,CATALYST,17588,2026-09-02T19:30:00+02:00,2026-09-02,2026-09-02,2026-09-02T09:30:00-04:00
8042,266,CRBG,CATALYST,17595,2026-09-02T16:10:59+02:00,2026-09-02,2026-09-02,2026-09-02T09:30:00-04:00
8052,280,DG,CATALYST,17606,2026-09-02T16:02:00+02:00,2026-09-02,2026-09-02,2026-09-02T09:30:00-04:00
8056,282,DIS,CATALYST,17609,2026-09-02T17:43:35+02:00,2026-09-02,2026-09-02,2026-09-02T09:30:00-04:00
8057,794,DLB,CATALYST,17613,2026-09-01T18:42:20+02:00,2026-09-01,2026-09-01,2026-09-01T09:30:00-04:00
8061,548,DOCU,CATALYST,17616,2026-09-02T19:27:00+02:00,2026-09-02,2026-09-02,2026-09-02T09:30:00-04:00
8062,285,DRI,CATALYST,17620,2026-09-02T16:32:00+02:00,2026-09-02,2026-09-02,2026-09-02T09:30:00-04:00
8063,286,DT,CATALYST,17621,2026-09-02T17:30:00+02:00,2026-09-02,2026-09-02,2026-09-02T09:30:00-04:00
8066,610,EAT,CATALYST,17622,2026-09-02T18:45:03+02:00,2026-09-02,2026-09-02,2026-09-02T09:30:00-04:00
8069,872,HURN,CATALYST,17790,2026-09-02T15:40:23+02:00,2026-09-02,2026-09-02,2026-09-02T09:30:00-04:00
8070,699,ICE,CATALYST,17791,2026-09-02T19:32:19+02:00,2026-09-02,2026-09-02,2026-09-02T09:30:00-04:00
8074,341,IMAX,CATALYST,17801,2026-09-02T17:15:22+02:00,2026-09-02,2026-09-02,2026-09-02T09:30:00-04:00
8087,902,KHC,CATALYST,17806,2026-09-02T20:36:23+02:00,2026-09-02,2026-09-02,2026-09-02T09:30:00-04:00
8090,363,KNSL,CATALYST,17809,2026-09-01T18:52:00+02:00,2026-09-01,2026-09-01,2026-09-01T09:30:00-04:00
8093,560,KYMR,CATALYST,17810,2026-09-02T16:59:13+02:00,2026-09-02,2026-09-02,2026-09-02T09:30:00-04:00
8100,369,LNC,CATALYST,17811,2026-09-01T20:28:00+02:00,2026-09-01,2026-09-01,2026-09-01T09:30:00-04:00
8102,561,LYB,CATALYST,17813,2026-09-02T17:30:04+02:00,2026-09-02,2026-09-02,2026-09-02T09:30:00-04:00
8105,834,MANH,CATALYST,17815,2026-09-01T18:00:03+02:00,2026-09-01,2026-09-01,2026-09-01T09:30:00-04:00
8109,708,MDT,CATALYST,17818,2026-09-02T20:12:29+02:00,2026-09-02,2026-09-02,2026-09-02T09:30:00-04:00
8110,619,MELI,CATALYST,17831,2026-09-02T19:40:00+02:00,2026-09-02,2026-09-02,2026-09-02T09:30:00-04:00
8111,803,MGNI,CATALYST,17833,2026-09-02T18:21:26+02:00,2026-09-02,2026-09-02,2026-09-02T09:30:00-04:00
8113,874,MMSI,CATALYST,17834,2026-09-02T17:31:00+02:00,2026-09-02,2026-09-02,2026-09-02T09:30:00-04:00
8116,386,MRK,CATALYST,17837,2026-09-02T16:10:00+02:00,2026-09-02,2026-09-02,2026-09-02T09:30:00-04:00
8120,835,MTCH,CATALYST,17400,2026-09-02T16:47:00+02:00,2026-09-02,2026-09-02,2026-09-02T09:30:00-04:00
8121,567,MTDR,CATALYST,17402,2026-09-02T15:54:48+02:00,2026-09-02,2026-09-02,2026-09-02T09:30:00-04:00
8132,761,NU,CATALYST,17408,2026-09-02T16:11:29+02:00,2026-09-02,2026-09-02,2026-09-02T09:30:00-04:00
8135,622,OII,CATALYST,17420,2026-09-02T17:07:35+02:00,2026-09-02,2026-09-02,2026-09-02T09:30:00-04:00
8138,409,OXY,CATALYST,17424,2026-09-02T19:32:23+02:00,2026-09-02,2026-09-02,2026-09-02T09:30:00-04:00
8139,996,PATH,CATALYST,17427,2026-09-02T16:28:42+02:00,2026-09-02,2026-09-02,2026-09-02T09:30:00-04:00
8143,879,PGR,CATALYST,17433,2026-09-02T18:20:00+02:00,2026-09-02,2026-09-02,2026-09-02T09:30:00-04:00
8150,427,QRVO,CATALYST,17446,2026-09-02T17:12:00+02:00,2026-09-02,2026-09-02,2026-09-02T09:30:00-04:00
8155,625,RGEN,CATALYST,17449,2026-09-02T20:29:00+02:00,2026-09-02,2026-09-02,2026-09-02T09:30:00-04:00
8168,998,SIRI,CATALYST,17465,2026-09-02T15:54:48+02:00,2026-09-02,2026-09-02,2026-09-02T09:30:00-04:00
8169,629,TDW,CATALYST,17677,2026-09-02T19:08:23+02:00,2026-09-02,2026-09-02,2026-09-02T09:30:00-04:00
8170,128,NVDA,CATALYST,17417,2026-09-02T21:59:00+02:00,2026-09-02,2026-09-02,2026-09-02T09:30:00-04:00
8171,959,AMGN,CATALYST,17513,2026-09-02T18:32:14+02:00,2026-09-02,2026-09-02,2026-09-02T09:30:00-04:00
8173,804,MSFT,CATALYST,17846,2026-09-02T21:35:14+02:00,2026-09-02,2026-09-02,2026-09-02T09:30:00-04:00
8174,545,DASH,CATALYST,17600,2026-09-02T21:25:35+02:00,2026-09-02,2026-09-02,2026-09-02T09:30:00-04:00
8175,611,FIVE,CATALYST,17758,2026-09-02T17:03:22+02:00,2026-09-02,2026-09-02,2026-09-02T09:30:00-04:00
8178,943,AAPL,CATALYST,18103,2026-09-03T20:29:23+02:00,2026-09-03,2026-09-03,2026-09-03T09:30:00-04:00
8180,771,AES,CATALYST,18126,2026-09-03T17:30:05+02:00,2026-09-03,2026-09-03,2026-09-03T09:30:00-04:00
8183,7,AIZ,CATALYST,18128,2026-09-03T17:30:06+02:00,2026-09-03,2026-09-03,2026-09-03T09:30:00-04:00
8185,9,AMG,CATALYST,18129,2026-09-03T17:30:06+02:00,2026-09-03,2026-09-03,2026-09-03T09:30:00-04:00
8186,203,AMP,CATALYST,18134,2026-09-02T15:59:00+02:00,2026-09-02,2026-09-02,2026-09-02T09:30:00-04:00
8187,11,ANET,CATALYST,18137,2026-09-03T18:27:32+02:00,2026-09-03,2026-09-03,2026-09-03T09:30:00-04:00
8188,13,APH,CATALYST,18144,2026-09-03T18:53:00+02:00,2026-09-03,2026-09-03,2026-09-03T09:30:00-04:00
8189,511,AR,CATALYST,18151,2026-09-03T15:59:18+02:00,2026-09-03,2026-09-03,2026-09-03T09:30:00-04:00
8193,16,ASND,CATALYST,18159,2026-09-03T18:28:00+02:00,2026-09-03,2026-09-03,2026-09-03T09:30:00-04:00
8195,20,AVT,CATALYST,18160,2026-09-03T15:37:00+02:00,2026-09-03,2026-09-03,2026-09-03T09:30:00-04:00
8198,999,BE,CATALYST,18168,2026-09-03T20:52:00+02:00,2026-09-03,2026-09-03,2026-09-03T09:30:00-04:00
8204,29,CB,CATALYST,18183,2026-09-03T18:42:00+02:00,2026-09-03,2026-09-03,2026-09-03T09:30:00-04:00
8207,256,CHEF,CATALYST,18184,2026-09-03T17:30:25+02:00,2026-09-03,2026-09-03,2026-09-03T09:30:00-04:00
8212,690,CORT,CATALYST,18189,2026-09-02T21:56:23+02:00,2026-09-02,2026-09-02,2026-09-02T09:30:00-04:00
8214,847,CTRN,CATALYST,18191,2026-09-01T16:18:54+02:00,2026-09-01,2026-09-01,2026-09-01T09:30:00-04:00
8217,544,DAR,CATALYST,18193,2026-09-03T17:10:00+02:00,2026-09-03,2026-09-03,2026-09-03T09:30:00-04:00
8218,944,DAVE,CATALYST,18195,2026-09-02T16:28:42+02:00,2026-09-02,2026-09-02,2026-09-02T09:30:00-04:00
8219,54,DBRG,CATALYST,18196,2026-09-03T19:07:42+02:00,2026-09-03,2026-09-03,2026-09-03T09:30:00-04:00
8220,55,DCOM,CATALYST,18197,2026-09-03T16:31:18+02:00,2026-09-03,2026-09-03,2026-09-03T09:30:00-04:00
8221,663,DGX,CATALYST,18198,2026-09-03T17:30:11+02:00,2026-09-03,2026-09-03,2026-09-03T09:30:00-04:00
8222,56,DHT,CATALYST,18199,2026-09-03T16:20:01+02:00,2026-09-03,2026-09-03,2026-09-03T09:30:00-04:00
8224,519,DVN,CATALYST,18200,2026-09-03T17:30:11+02:00,2026-09-03,2026-09-03,2026-09-03T09:30:00-04:00
8228,520,EOG,CATALYST,17892,2026-09-03T17:30:12+02:00,2026-09-03,2026-09-03,2026-09-03T09:30:00-04:00
8229,64,ET,CATALYST,17893,2026-09-03T17:30:13+02:00,2026-09-03,2026-09-03,2026-09-03T09:30:00-04:00
8234,776,FCFS,CATALYST,17894,2026-09-03T15:40:05+02:00,2026-09-03,2026-09-03,2026-09-03T09:30:00-04:00
8235,611,FIVE,CATALYST,17895,2026-09-03T19:29:00+02:00,2026-09-03,2026-09-03,2026-09-03T09:30:00-04:00
8236,71,FLYW,CATALYST,17905,2026-09-03T16:55:55+02:00,2026-09-03,2026-09-03,2026-09-03T09:30:00-04:00
8244,85,HAS,CATALYST,17907,2026-09-03T17:30:18+02:00,2026-09-03,2026-09-03,2026-09-03T09:30:00-04:00
8248,851,HPE,CATALYST,17911,2026-09-03T21:06:00+02:00,2026-09-03,2026-09-03,2026-09-03T09:30:00-04:00
8249,93,HUM,CATALYST,17960,2026-09-03T19:35:45+02:00,2026-09-03,2026-09-03,2026-09-03T09:30:00-04:00
8250,645,IBKR,CATALYST,17968,2026-09-03T16:03:10+02:00,2026-09-03,2026-09-03,2026-09-03T09:30:00-04:00
8251,96,INCY,CATALYST,17979,2026-09-03T17:30:05+02:00,2026-09-03,2026-09-03,2026-09-03T09:30:00-04:00
8254,102,JNJ,CATALYST,17983,2026-09-03T18:07:49+02:00,2026-09-03,2026-09-03,2026-09-03T09:30:00-04:00
8255,103,JPM,CATALYST,17989,2026-09-03T21:00:00+02:00,2026-09-03,2026-09-03,2026-09-03T09:30:00-04:00
8257,894,KRYS,CATALYST,17999,2026-09-03T17:30:06+02:00,2026-09-03,2026-09-03,2026-09-03T09:30:00-04:00
8260,529,LNG,CATALYST,18002,2026-09-02T16:56:00+02:00,2026-09-02,2026-09-02,2026-09-02T09:30:00-04:00
8263,115,MET,CATALYST,18005,2026-09-03T17:02:00+02:00,2026-09-03,2026-09-03,2026-09-03T09:30:00-04:00
8266,121,MS,CATALYST,18006,2026-09-03T17:21:37+02:00,2026-09-03,2026-09-03,2026-09-03T09:30:00-04:00
8267,741,MU,CATALYST,18028,2026-09-03T19:47:45+02:00,2026-09-03,2026-09-03,2026-09-03T09:30:00-04:00
8271,128,NVDA,CATALYST,18056,2026-09-03T21:53:01+02:00,2026-09-03,2026-09-03,2026-09-03T09:30:00-04:00
8272,129,NVST,CATALYST,18100,2026-09-03T15:31:57+02:00,2026-09-03,2026-09-03,2026-09-03T09:30:00-04:00
8274,530,OKE,CATALYST,18102,2026-09-03T17:30:13+02:00,2026-09-03,2026-09-03,2026-09-03T09:30:00-04:00
8279,925,PLMR,CATALYST,18209,2026-09-02T18:45:03+02:00,2026-09-02,2026-09-02,2026-09-02T09:30:00-04:00
8280,141,PLUS,CATALYST,18210,2026-09-03T15:44:45+02:00,2026-09-03,2026-09-03,2026-09-03T09:30:00-04:00
8281,144,PRU,CATALYST,18213,2026-09-03T17:30:22+02:00,2026-09-03,2026-09-03,2026-09-03T09:30:00-04:00
8286,596,ROKU,CATALYST,18228,2026-09-03T16:50:40+02:00,2026-09-03,2026-09-03,2026-09-03T09:30:00-04:00
8288,534,RRC,CATALYST,18230,2026-09-03T17:30:11+02:00,2026-09-03,2026-09-03,2026-09-03T09:30:00-04:00
8289,151,SBCF,CATALYST,7870,2026-08-18T18:00:03+02:00,2026-08-18,2026-08-18,2026-08-18T09:30:00-04:00
8294,785,SNX,CATALYST,18235,2026-09-02T17:22:00+02:00,2026-09-02,2026-09-02,2026-09-02T09:30:00-04:00
8306,175,VRTX,CATALYST,18250,2026-09-03T17:30:00+02:00,2026-09-03,2026-09-03,2026-09-03T09:30:00-04:00
8307,182,WELL,CATALYST,18253,2026-09-03T18:31:00+02:00,2026-09-03,2026-09-03,2026-09-03T09:30:00-04:00
8308,183,WES,CATALYST,18256,2026-09-02T21:49:00+02:00,2026-09-02,2026-09-02,2026-09-02T09:30:00-04:00
8311,187,XOM,CATALYST,18257,2026-09-03T17:52:12+02:00,2026-09-03,2026-09-03,2026-09-03T09:30:00-04:00
8318,788,ABNB,CATALYST,18751,2026-09-03T17:35:21+02:00,2026-09-03,2026-09-03,2026-09-03T09:30:00-04:00
8320,789,ADM,CATALYST,18758,2026-09-03T17:30:05+02:00,2026-09-03,2026-09-03,2026-09-03T09:30:00-04:00
8321,194,ADP,CATALYST,18761,2026-09-03T17:30:20+02:00,2026-09-03,2026-09-03,2026-09-03T09:30:00-04:00
8324,536,AJG,CATALYST,18768,2026-09-03T17:17:00+02:00,2026-09-03,2026-09-03,2026-09-03T09:30:00-04:00
8327,199,ALL,CATALYST,18771,2026-09-03T20:16:00+02:00,2026-09-03,2026-09-03,2026-09-03T09:30:00-04:00
8330,748,AM,CATALYST,18780,2026-09-03T17:17:00+02:00,2026-09-03,2026-09-03,2026-09-03T09:30:00-04:00
8332,959,AMGN,CATALYST,18781,2026-09-03T17:30:06+02:00,2026-09-03,2026-09-03,2026-09-03T09:30:00-04:00
8339,600,APPF,CATALYST,18792,2026-09-03T17:30:07+02:00,2026-09-03,2026-09-03,2026-09-03T09:30:00-04:00
8341,860,ARE,CATALYST,18794,2026-09-03T17:30:23+02:00,2026-09-03,2026-09-03,2026-09-03T09:30:00-04:00
8342,210,ARES,CATALYST,18795,2026-09-03T20:41:00+02:00,2026-09-03,2026-09-03,2026-09-03T09:30:00-04:00
8345,217,AWK,CATALYST,18801,2026-09-03T20:23:00+02:00,2026-09-03,2026-09-03,2026-09-03T09:30:00-04:00
8357,237,BMRN,CATALYST,18807,2026-09-03T18:28:00+02:00,2026-09-03,2026-09-03,2026-09-03T09:30:00-04:00
8358,238,BMY,CATALYST,18809,2026-09-03T18:07:49+02:00,2026-09-03,2026-09-03,2026-09-03T09:30:00-04:00
8361,949,BR,CATALYST,18817,2026-09-03T17:30:09+02:00,2026-09-03,2026-09-03,2026-09-03T09:30:00-04:00
8364,684,C,CATALYST,18391,2026-09-03T16:51:00+02:00,2026-09-03,2026-09-03,2026-09-03T09:30:00-04:00
8366,247,CAH,CATALYST,18408,2026-09-03T21:22:00+02:00,2026-09-03,2026-09-03,2026-09-03T09:30:00-04:00
8374,1003,CI,CATALYST,18411,2026-09-03T19:35:45+02:00,2026-09-03,2026-09-03,2026-09-03T09:30:00-04:00
8376,258,CLH,CATALYST,18415,2026-09-03T19:52:00+02:00,2026-09-03,2026-09-03,2026-09-03T09:30:00-04:00
8378,915,CME,CATALYST,18417,2026-09-03T19:31:04+02:00,2026-09-03,2026-09-03,2026-09-03T09:30:00-04:00
8379,863,CMG,CATALYST,18426,2026-09-03T17:40:02+02:00,2026-09-03,2026-09-03,2026-09-03T09:30:00-04:00
8380,260,CNC,CATALYST,18428,2026-09-03T19:35:45+02:00,2026-09-03,2026-09-03,2026-09-03T09:30:00-04:00
8385,43,COP,CATALYST,18436,2026-09-03T17:52:12+02:00,2026-09-03,2026-09-03,2026-09-03T09:30:00-04:00
8386,541,COR,CATALYST,18462,2026-09-03T21:22:00+02:00,2026-09-03,2026-09-03,2026-09-03T09:30:00-04:00
8391,916,CTVA,CATALYST,18469,2026-09-03T17:30:05+02:00,2026-09-03,2026-09-03,2026-09-03T09:30:00-04:00
8396,545,DASH,CATALYST,18471,2026-09-03T16:06:21+02:00,2026-09-03,2026-09-03,2026-09-03T09:30:00-04:00
8400,280,DG,CATALYST,18485,2026-09-03T17:40:02+02:00,2026-09-03,2026-09-03,2026-09-03T09:30:00-04:00
8402,281,DHR,CATALYST,18488,2026-09-03T17:30:18+02:00,2026-09-03,2026-09-03,2026-09-03T09:30:00-04:00
8404,282,DIS,CATALYST,18492,2026-09-03T16:26:00+02:00,2026-09-03,2026-09-03,2026-09-03T09:30:00-04:00
8417,867,EFX,CATALYST,18326,2026-09-03T17:30:15+02:00,2026-09-03,2026-09-03,2026-09-03T09:30:00-04:00
8419,868,EL,CATALYST,18330,2026-09-03T18:00:00+02:00,2026-09-03,2026-09-03,2026-09-03T09:30:00-04:00
8420,966,ELF,CATALYST,18335,2026-09-03T21:52:00+02:00,2026-09-03,2026-09-03,2026-09-03T09:30:00-04:00
8421,549,ELV,CATALYST,18337,2026-09-03T19:35:45+02:00,2026-09-03,2026-09-03,2026-09-03T09:30:00-04:00
8426,301,EXLS,CATALYST,18340,2026-09-03T17:40:02+02:00,2026-09-03,2026-09-03,2026-09-03T09:30:00-04:00
8427,302,EXPD,CATALYST,18342,2026-09-03T20:02:00+02:00,2026-09-03,2026-09-03,2026-09-03T09:30:00-04:00
8429,751,F,CATALYST,18346,2026-09-03T17:42:28+02:00,2026-09-03,2026-09-03,2026-09-03T09:30:00-04:00
8433,306,FCNCA,CATALYST,6598,2026-08-13T21:49:00+02:00,2026-08-13,2026-08-13,2026-08-13T09:30:00-04:00
8434,307,FDS,CATALYST,18363,2026-09-03T17:04:27+02:00,2026-09-03,2026-09-03,2026-09-03T09:30:00-04:00
8436,961,FLR,CATALYST,18369,2026-09-03T16:51:00+02:00,2026-09-03,2026-09-03,2026-09-03T09:30:00-04:00
8440,869,FRSH,CATALYST,18373,2026-09-03T16:37:00+02:00,2026-09-03,2026-09-03,2026-09-03T09:30:00-04:00
8448,317,GILD,CATALYST,18381,2026-09-03T17:30:13+02:00,2026-09-03,2026-09-03,2026-09-03T09:30:00-04:00
8451,320,GM,CATALYST,18382,2026-09-03T16:11:00+02:00,2026-09-03,2026-09-03,2026-09-03T09:30:00-04:00
8463,329,HP,CATALYST,18390,2026-09-02T21:00:23+02:00,2026-09-02,2026-09-02,2026-09-02T09:30:00-04:00
8465,331,HRB,CATALYST,18269,2026-09-03T18:16:56+02:00,2026-09-03,2026-09-03,2026-09-03T09:30:00-04:00
8467,333,HSIC,CATALYST,18273,2026-09-03T18:45:02+02:00,2026-09-03,2026-09-03,2026-09-03T09:30:00-04:00
8474,340,IFF,CATALYST,18280,2026-09-03T17:30:15+02:00,2026-09-03,2026-09-03,2026-09-03T09:30:00-04:00
8475,800,ILMN,CATALYST,18281,2026-09-03T19:51:00+02:00,2026-09-03,2026-09-03,2026-09-03T09:30:00-04:00
8481,970,IT,CATALYST,18283,2026-09-03T17:30:15+02:00,2026-09-03,2026-09-03,2026-09-03T09:30:00-04:00
8483,352,IVZ,CATALYST,18286,2026-09-03T19:30:00+02:00,2026-09-03,2026-09-03,2026-09-03T09:30:00-04:00
8484,353,J,CATALYST,18297,2026-09-03T17:30:16+02:00,2026-09-03,2026-09-03,2026-09-03T09:30:00-04:00
8485,355,JEF,CATALYST,18298,2026-09-03T16:25:22+02:00,2026-09-03,2026-09-03,2026-09-03T09:30:00-04:00
8496,363,KNSL,CATALYST,18312,2026-09-03T17:30:24+02:00,2026-09-03,2026-09-03,2026-09-03T09:30:00-04:00
8497,559,KNTK,CATALYST,18313,2026-09-03T16:35:00+02:00,2026-09-03,2026-09-03,2026-09-03T09:30:00-04:00
8504,369,LNC,CATALYST,18314,2026-09-03T17:22:00+02:00,2026-09-03,2026-09-03,2026-09-03T09:30:00-04:00
8509,372,LYFT,CATALYST,18317,2026-09-03T18:59:17+02:00,2026-09-03,2026-09-03,2026-09-03T09:30:00-04:00
8511,564,MATX,CATALYST,18320,2026-09-03T19:17:48+02:00,2026-09-03,2026-09-03,2026-09-03T09:30:00-04:00
8513,376,MCK,CATALYST,18323,2026-09-03T21:22:00+02:00,2026-09-03,2026-09-03,2026-09-03T09:30:00-04:00
8514,707,MCO,CATALYST,18586,2026-09-03T17:30:26+02:00,2026-09-03,2026-09-03,2026-09-03T09:30:00-04:00
8516,708,MDT,CATALYST,18587,2026-09-03T18:25:00+02:00,2026-09-03,2026-09-03,2026-09-03T09:30:00-04:00
8518,803,MGNI,CATALYST,18589,2026-09-03T21:42:40+02:00,2026-09-03,2026-09-03,2026-09-03T09:30:00-04:00
8519,648,MGY,CATALYST,18591,2026-09-03T17:28:58+02:00,2026-09-03,2026-09-03,2026-09-03T09:30:00-04:00
8522,989,MOS,CATALYST,18592,2026-09-03T17:30:19+02:00,2026-09-03,2026-09-03,2026-09-03T09:30:00-04:00
8525,121,MS,CATALYST,18604,2026-09-03T21:19:00+02:00,2026-09-03,2026-09-03,2026-09-03T09:30:00-04:00
8527,835,MTCH,CATALYST,18650,2026-09-03T17:30:20+02:00,2026-09-03,2026-09-03,2026-09-03T09:30:00-04:00
8530,393,NDAQ,CATALYST,18652,2026-09-02T21:24:23+02:00,2026-09-02,2026-09-02,2026-09-02T09:30:00-04:00
8536,808,NTNX,CATALYST,18655,2026-09-03T17:40:02+02:00,2026-09-03,2026-09-03,2026-09-03T09:30:00-04:00
8538,761,NU,CATALYST,18656,2026-09-03T18:18:35+02:00,2026-09-03,2026-09-03,2026-09-03T09:30:00-04:00
8544,405,OMF,CATALYST,18664,2026-09-03T18:55:18+02:00,2026-09-03,2026-09-03,2026-09-03T09:30:00-04:00
8547,762,OWL,CATALYST,18665,2026-09-03T20:41:00+02:00,2026-09-03,2026-09-03,2026-09-03T09:30:00-04:00
8552,572,PCTY,CATALYST,18671,2026-09-03T17:30:21+02:00,2026-09-03,2026-09-03,2026-09-03T09:30:00-04:00
8555,415,PFG,CATALYST,18724,2026-09-03T17:17:00+02:00,2026-09-03,2026-09-03,2026-09-03T09:30:00-04:00
8558,925,PLMR,CATALYST,18732,2026-09-03T17:30:22+02:00,2026-09-03,2026-09-03,2026-09-03T09:30:00-04:00
8564,1006,PSKY,CATALYST,18542,2026-09-02T20:53:00+02:00,2026-09-02,2026-09-02,2026-09-02T09:30:00-04:00
8577,433,RLI,CATALYST,18549,2026-09-03T17:30:22+02:00,2026-09-03,2026-09-03,2026-09-03T09:30:00-04:00
8579,436,ROP,CATALYST,18551,2026-09-03T17:30:17+02:00,2026-09-03,2026-09-03,2026-09-03T09:30:00-04:00
8583,440,RVTY,CATALYST,18553,2026-09-03T21:52:00+02:00,2026-09-03,2026-09-03,2026-09-03T09:30:00-04:00
8585,445,SBLK,CATALYST,18555,2026-09-03T19:17:48+02:00,2026-09-03,2026-09-03,2026-09-03T09:30:00-04:00
8595,458,SLB,CATALYST,18562,2026-09-03T17:30:07+02:00,2026-09-03,2026-09-03,2026-09-03T09:30:00-04:00
8600,886,SPGI,CATALYST,18568,2026-09-03T16:51:00+02:00,2026-09-03,2026-09-03,2026-09-03T09:30:00-04:00
8601,838,SPOT,CATALYST,18573,2026-09-03T17:35:21+02:00,2026-09-03,2026-09-03,2026-09-03T09:30:00-04:00
8617,476,TGT,CATALYST,18502,2026-09-03T21:46:02+02:00,2026-09-03,2026-09-03,2026-09-03T09:30:00-04:00
8622,727,TNET,CATALYST,18515,2026-09-03T19:25:00+02:00,2026-09-03,2026-09-03,2026-09-03T09:30:00-04:00
8623,168,TNK,CATALYST,18517,2026-09-03T16:20:01+02:00,2026-09-03,2026-09-03,2026-09-03T09:30:00-04:00
8626,480,TRU,CATALYST,18519,2026-09-03T17:19:18+02:00,2026-09-03,2026-09-03,2026-09-03T09:30:00-04:00
8641,180,WAT,CATALYST,18527,2026-09-03T17:30:27+02:00,2026-09-03,2026-09-03,2026-09-03T09:30:00-04:00
8644,499,WFC,CATALYST,18528,2026-09-03T16:51:00+02:00,2026-09-03,2026-09-03,2026-09-03T09:30:00-04:00
8651,503,WTRG,CATALYST,18533,2026-09-03T18:30:00+02:00,2026-09-03,2026-09-03,2026-09-03T09:30:00-04:00
8655,732,XYZ,CATALYST,18536,2026-09-03T16:00:00+02:00,2026-09-03,2026-09-03,2026-09-03T09:30:00-04:00
8657,890,ZBRA,CATALYST,18539,2026-09-03T20:55:18+02:00,2026-09-03,2026-09-03,2026-09-03T09:30:00-04:00
8660,887,T,CATALYST,18579,2026-09-03T17:30:24+02:00,2026-09-03,2026-09-03,2026-09-03T09:30:00-04:00
8661,871,GWRE,CATALYST,18387,2026-09-03T18:16:00+02:00,2026-09-03,2026-09-03,2026-09-03T09:30:00-04:00
8662,386,MRK,CATALYST,18595,2026-09-03T19:39:00+02:00,2026-09-03,2026-09-03,2026-09-03T09:30:00-04:00
8664,804,MSFT,CATALYST,18608,2026-09-03T21:33:00+02:00,2026-09-03,2026-09-03,2026-09-03T09:30:00-04:00
8665,879,PGR,CATALYST,18728,2026-09-03T18:42:00+02:00,2026-09-03,2026-09-03,2026-09-03T09:30:00-04:00
8666,286,DT,CATALYST,18499,2026-09-03T17:39:00+02:00,2026-09-03,2026-09-03,2026-09-03T09:30:00-04:00
8667,546,DBX,CATALYST,18475,2026-09-03T17:33:19+02:00,2026-09-03,2026-09-03,2026-09-03T09:30:00-04:00
8668,858,ADBE,CATALYST,18754,2026-09-03T21:26:06+02:00,2026-09-03,2026-09-03,2026-09-03T09:30:00-04:00
8669,672,ABBV,CATALYST,18741,2026-09-03T21:52:00+02:00,2026-09-03,2026-09-03,2026-09-03T09:30:00-04:00
