candidate_id,candidate_version,config_hash,git_commit,decision_date,decision_date_coverage,input_signature,danger_variant,evaluation_scope,selection,coverage,candidate_count,independent_dates,rank_correlation_5d,rank_correlation_10d,rank_correlation_vs_v4,candidate_turnover_vs_v4,N,N_1d,mean_return_1d,median_return_1d,mean_MFE_1d,median_MFE_1d,mean_MAE_1d,median_MAE_1d,hit_rate_1d,N_3d,mean_return_3d,median_return_3d,mean_MFE_3d,median_MFE_3d,mean_MAE_3d,median_MAE_3d,hit_rate_3d,N_5d,mean_return_5d,median_return_5d,mean_MFE_5d,median_MFE_5d,mean_MAE_5d,median_MAE_5d,hit_rate_5d,N_10d,mean_return_10d,median_return_10d,mean_MFE_10d,median_MFE_10d,mean_MAE_10d,median_MAE_10d,hit_rate_10d,target_before_stop_rate_10d,mean_time_to_target,mean_time_to_MFE_5d,mean_time_to_MFE_10d,bootstrap_clusters_1d,mean_return_1d_ci_low,mean_return_1d_ci_high,bootstrap_clusters_3d,mean_return_3d_ci_low,mean_return_3d_ci_high,bootstrap_clusters_5d,mean_return_5d_ci_low,mean_return_5d_ci_high,bootstrap_clusters_10d,mean_return_10d_ci_low,mean_return_10d_ci_high,paired_dates_5d,paired_mean_delta_5d,paired_delta_5d_ci_low,paired_delta_5d_ci_high,paired_dates_10d,paired_mean_delta_10d,paired_delta_10d_ci_low,paired_delta_10d_ci_high
M0_V4,5.1.0-research.1,20af962b672513fa396da2a3b528968497958561156be292b66c8b949e1e100b,6b3ec7b19ecd8cc7d7a47be6d39a817fb444c9ae,MULTIPLE,2026-07-17;2026-07-31;2026-08-03;2026-08-04;2026-08-05;2026-08-06;2026-08-07;2026-08-10;2026-08-20;2026-08-21,dabf07013fef71adfd6428325b19feb613a852fc7deb138e12dec6601733d6fd,NO_DANGER_EXCLUSION,all,ALL_ELIGIBLE,1.0,5848,10,-0.09270862211718496,-0.05698997368876966,0.9999999999999999,0.0,5848,4984,0.22385097493081108,0.09651385752231785,1.7194404187923427,1.332458114528634,-1.241134852491841,-1.0497424433345115,0.5244783306581059,4268,0.7302323370630908,0.3047972435727519,3.2357115630158693,2.205151249349735,-2.2176758271205066,-1.8782249742002155,0.5433458294283037,3954,1.202737790743089,0.7280657510193134,4.2454714562661255,3.025153363116506,-2.632854894366562,-2.2514816398851223,0.5872534142640364,2587,2.665580682798213,1.9768983147131047,6.336219745957669,4.881706097967342,-3.0906655721678598,-2.625,0.6872825666795516,0.6161825726141079,4.270428015564202,3.0758725341426403,6.073830691921144,8,-0.02635503019746477,0.6097981036345851,7,0.4095412278512354,1.3077377356311268,7,0.8858322007869626,1.5309899327422722,6,2.159215314436884,3.2424664293977075,7,0.0,0.0,0.0,6,0.0,0.0,0.0
M0_V4,5.1.0-research.1,20af962b672513fa396da2a3b528968497958561156be292b66c8b949e1e100b,6b3ec7b19ecd8cc7d7a47be6d39a817fb444c9ae,MULTIPLE,2026-07-17;2026-07-31;2026-08-03;2026-08-04;2026-08-05;2026-08-06;2026-08-07;2026-08-10;2026-08-20;2026-08-21,dabf07013fef71adfd6428325b19feb613a852fc7deb138e12dec6601733d6fd,NO_DANGER_EXCLUSION,all,TOP_10_PCT,1.0,5848,9,-0.09270862211718496,-0.05698997368876966,0.9999999999999999,0.0,593,506,-0.0006302201050021635,-0.16218512668064175,1.550322605111766,1.1375522989625964,-1.3395671790276555,-1.1014052411697617,0.4644268774703557,418,0.06319989300991413,-0.1090878576822995,2.5912641050363434,1.7248999109146679,-2.4432927775711244,-1.8509511456982208,0.47129186602870815,368,0.4132687551842576,0.0189933523266905,3.5578055280819147,2.46631651061886,-2.926061329254741,-2.464819765563031,0.5054347826086957,214,3.0252910806782576,2.50248121366794,5.993547857055259,5.044288132667541,-3.4339986828165534,-2.8535139712108304,0.7616822429906542,0.5897435897435898,4.988888888888889,2.8967391304347827,6.359813084112149,8,-0.38885697697386146,0.4984758927578094,7,-0.41300416655545297,0.7004682058907635,7,-0.4020797030041153,1.0958213510634265,6,1.8419875588383396,3.9640071904899568,7,0.0,0.0,0.0,6,0.0,0.0,0.0
M0_V4,5.1.0-research.1,20af962b672513fa396da2a3b528968497958561156be292b66c8b949e1e100b,6b3ec7b19ecd8cc7d7a47be6d39a817fb444c9ae,MULTIPLE,2026-07-17;2026-07-31;2026-08-03;2026-08-04;2026-08-05;2026-08-06;2026-08-07;2026-08-10;2026-08-20;2026-08-21,dabf07013fef71adfd6428325b19feb613a852fc7deb138e12dec6601733d6fd,NO_DANGER_EXCLUSION,all,TOP_20_PCT,1.0,5848,9,-0.09270862211718496,-0.05698997368876966,0.9999999999999999,0.0,1178,1007,-0.04444018939922407,-0.2049705354855158,1.4642026717583319,1.1558441558441546,-1.2742849200332313,-1.0388349514563022,0.4568023833167825,845,0.19147564989568605,-0.0189000189000143,2.554672916734947,1.7062116768861602,-2.3268088521136856,-1.940584571154769,0.4970414201183432,764,0.6422306861413385,0.5437680324107408,3.560825764878349,2.5446259020129203,-2.8100432696929887,-2.351113412739514,0.5523560209424084,448,2.5557689473016985,2.0860602094240788,5.618720467674051,4.595353586928774,-3.357684302254945,-2.707952468007313,0.6919642857142857,0.5914893617021276,5.093567251461988,3.074607329842932,6.520089285714286,8,-0.322413035559416,0.37029591124091726,7,-0.123601973485795,0.5761715998640741,7,-0.027897825697769975,1.2490209634413705,6,1.9216683892782636,3.115801328363043,7,0.0,0.0,0.0,6,0.0,0.0,0.0
M1A_V4_FILTER_EXTREME,5.1.0-research.1,20af962b672513fa396da2a3b528968497958561156be292b66c8b949e1e100b,6b3ec7b19ecd8cc7d7a47be6d39a817fb444c9ae,MULTIPLE,2026-07-31;2026-08-03;2026-08-04;2026-08-05;2026-08-06;2026-08-07;2026-08-10;2026-08-20;2026-08-21,74aafddf4f94538fcd48359ee139f2a6619b11d31e79af4110e382a4f273a4a9,NO_DANGER_EXCLUSION,all,ALL_ELIGIBLE,0.9690492476060192,5667,9,-0.08800823470186113,-0.0644217402002225,0.9994895863614188,0.03095075239398085,5667,4860,0.22096933330790813,0.0895415472779381,1.727448331706007,1.3335933437337522,-1.2396838864717483,-1.0439103520627768,0.5228395061728395,4170,0.7304118417626869,0.300947300023946,3.248372232594885,2.2132443351484232,-2.2169383314150912,-1.8710620023755287,0.5429256594724221,3860,1.1994923423793815,0.7123180945491026,4.2530751778852265,3.0196199503344627,-2.637559991072489,-2.243088158581119,0.5865284974093264,2522,2.7181960575085187,2.0297926237934805,6.360562695054126,4.878847366729211,-3.0837402787011983,-2.623550945698594,0.690325138778747,0.6195883605393896,4.267267267267267,3.0681347150259066,6.100317208564631,8,-0.027810664831424033,0.6091292966422506,7,0.4078646569027916,1.30622989794735,7,0.8686436963134062,1.5345626724171753,6,2.1957695840723948,3.2890256069535777,7,-0.0004607470505160035,-0.02967042089302145,0.027570797447646588,6,0.04237876672931936,0.0030558655912435433,0.08634317652606185
M1A_V4_FILTER_EXTREME,5.1.0-research.1,20af962b672513fa396da2a3b528968497958561156be292b66c8b949e1e100b,6b3ec7b19ecd8cc7d7a47be6d39a817fb444c9ae,MULTIPLE,2026-07-31;2026-08-03;2026-08-04;2026-08-05;2026-08-06;2026-08-07;2026-08-10;2026-08-20;2026-08-21,74aafddf4f94538fcd48359ee139f2a6619b11d31e79af4110e382a4f273a4a9,NO_DANGER_EXCLUSION,all,TOP_10_PCT,0.9690492476060192,5667,9,-0.08800823470186113,-0.0644217402002225,0.9994895863614188,0.03865546218487395,574,491,-0.023138007254654452,-0.1693848908677298,1.5161059229380824,1.1410459587955613,-1.3578087269916759,-1.1014052411697617,0.4623217922606925,405,0.016114199783916424,-0.1530566309534409,2.5556585548165662,1.7547265033580617,-2.468818700575427,-1.8509511456982208,0.4666666666666667,355,0.4148840999059783,0.0189933523266905,3.535747060731586,2.46631651061886,-2.915663053354575,-2.464819765563031,0.5014084507042254,206,3.033274756337771,2.50248121366794,5.9937885228200685,5.044288132667541,-3.4155387794675196,-2.8535139712108304,0.7572815533980582,0.5752212389380531,5.162790697674419,2.907042253521127,6.441747572815534,8,-0.43170883413134314,0.4852120208160116,7,-0.4362285941575168,0.684987727444158,7,-0.35820950092973314,1.0839998026280044,6,1.8247423313003175,4.026386575887899,7,-0.005469257359209794,-0.10655974814460199,0.07416411215515267,6,-0.03077460848372393,-0.2193727601622201,0.12683531625754374
M1A_V4_FILTER_EXTREME,5.1.0-research.1,20af962b672513fa396da2a3b528968497958561156be292b66c8b949e1e100b,6b3ec7b19ecd8cc7d7a47be6d39a817fb444c9ae,MULTIPLE,2026-07-31;2026-08-03;2026-08-04;2026-08-05;2026-08-06;2026-08-07;2026-08-10;2026-08-20;2026-08-21,74aafddf4f94538fcd48359ee139f2a6619b11d31e79af4110e382a4f273a4a9,NO_DANGER_EXCLUSION,all,TOP_20_PCT,0.9690492476060192,5667,9,-0.08800823470186113,-0.0644217402002225,0.9994895863614188,0.032230703986429174,1142,983,-0.04711470908874406,-0.2067777139574844,1.4585245568954135,1.1494252873563315,-1.2813259168412046,-1.0553745928338798,0.4526958290946083,829,0.2128114583472287,0.0,2.565157534778174,1.695073318471274,-2.3215363372958264,-1.940584571154769,0.49819059107358266,748,0.6624054642277022,0.5437680324107408,3.5810296456449424,2.5446259020129203,-2.7918208709579653,-2.351113412739514,0.553475935828877,440,2.5942561367626773,2.1343751105179276,5.636314710897515,4.53579021970234,-3.3555014606656224,-2.71050521251004,0.7,0.591304347826087,5.095238095238095,3.084224598930481,6.552272727272728,8,-0.3136687650536666,0.3432038237634383,7,-0.1116455006509439,0.6010549812095849,7,-0.018256339428648627,1.2712096039911285,6,1.9531108429898694,3.164160300946256,7,0.02992494645174829,-0.0045370722156561,0.06517146350854626,6,0.029852205560132128,-0.004046765684925309,0.06277941270207084
M1B_V4_FILTER_EXTENDED_EXTREME,5.1.0-research.1,20af962b672513fa396da2a3b528968497958561156be292b66c8b949e1e100b,6b3ec7b19ecd8cc7d7a47be6d39a817fb444c9ae,MULTIPLE,2026-07-31;2026-08-03;2026-08-04;2026-08-05;2026-08-06;2026-08-07;2026-08-10;2026-08-20;2026-08-21,2490042292f1860f6fde4ba1ce25f12c3a866919357b29fd780c4210701809cc,NO_DANGER_EXCLUSION,all,ALL_ELIGIBLE,0.7077633378932968,4139,9,-0.0825799376109048,-0.08845948129990779,0.9885547374071896,0.2922366621067031,4139,3516,0.21845425240833072,0.0967117988394772,1.7024900228178306,1.3020692427093916,-1.1806974946287834,-0.9889768392463139,0.5295790671217292,2963,0.8526029328390166,0.3262786596119893,3.3235268129965907,2.2218240458699023,-2.1111401252060698,-1.766449318316532,0.5430307121160985,2699,1.358785084976142,0.8098821989528604,4.382675465495868,3.044634939402901,-2.546124474220392,-2.1802434107369595,0.5939236754353464,1749,3.145740269435714,2.3353062274832803,6.5812350159475175,5.171766792890531,-2.909351933403583,-2.435658033612076,0.7335620354488279,0.6703967446592065,4.299600532623169,3.090774360874398,6.175528873642081,8,-0.09398215179192754,0.6652807090540509,7,0.40808103353193315,1.5435817122642757,7,1.0892789143105384,1.704715442161298,6,2.731630642442942,3.563865598626465,7,0.13800250545798104,-0.041784642153669914,0.3064972291819665,6,0.34109530140322813,0.1341411988566494,0.5400515812963046
M1B_V4_FILTER_EXTENDED_EXTREME,5.1.0-research.1,20af962b672513fa396da2a3b528968497958561156be292b66c8b949e1e100b,6b3ec7b19ecd8cc7d7a47be6d39a817fb444c9ae,MULTIPLE,2026-07-31;2026-08-03;2026-08-04;2026-08-05;2026-08-06;2026-08-07;2026-08-10;2026-08-20;2026-08-21,2490042292f1860f6fde4ba1ce25f12c3a866919357b29fd780c4210701809cc,NO_DANGER_EXCLUSION,all,TOP_10_PCT,0.7077633378932968,4139,9,-0.0825799376109048,-0.08845948129990779,0.9885547374071896,0.3010033444816054,423,363,0.11962653277498522,-0.1504176645832022,1.5463522225179844,1.1340586391296317,-1.2029849176882035,-1.0142630744849446,0.465564738292011,292,0.20323490414260506,0.046067027525054,2.647762359887691,1.9506751575689596,-2.2125590441112823,-1.7187481835547858,0.5034246575342466,255,0.6565833505515996,0.0783085356303781,3.7340038291193265,2.564102564102555,-2.639917803556238,-2.1420518602029315,0.5372549019607843,153,2.8018866634763038,2.150593626327857,5.811361481118007,4.893644786637097,-3.3745714359155667,-3.0063885757234177,0.7450980392156863,0.5116279069767442,5.098360655737705,2.815686274509804,6.241830065359477,8,-0.407718272487589,0.6180509833329675,7,-0.29560860229346325,0.8432040543707313,7,0.09836595206173794,1.0908464123486201,6,1.1453410829521673,3.9244565844536394,7,-0.14660679159152146,-1.0986962114556906,0.559707217718778,6,-0.9368649253096143,-2.1437829049560744,-0.21130484868727098
M1B_V4_FILTER_EXTENDED_EXTREME,5.1.0-research.1,20af962b672513fa396da2a3b528968497958561156be292b66c8b949e1e100b,6b3ec7b19ecd8cc7d7a47be6d39a817fb444c9ae,MULTIPLE,2026-07-31;2026-08-03;2026-08-04;2026-08-05;2026-08-06;2026-08-07;2026-08-10;2026-08-20;2026-08-21,2490042292f1860f6fde4ba1ce25f12c3a866919357b29fd780c4210701809cc,NO_DANGER_EXCLUSION,all,TOP_20_PCT,0.7077633378932968,4139,9,-0.0825799376109048,-0.08845948129990779,0.9885547374071896,0.2964527027027027,839,715,-0.03820958151620058,-0.1549853624935537,1.430095573169685,1.162638798171134,-1.2746973840975202,-0.992655959970934,0.46573426573426574,592,0.2342947610148051,0.046067027525054,2.5432527978341577,1.7959235116050132,-2.3041336509210413,-1.7618627847509671,0.5067567567567568,530,0.7119340002752447,0.8098821989528604,3.6293136688561756,2.6891807379612054,-2.797661728088678,-2.3054417788180293,0.5660377358490566,324,2.643473950716017,2.307884577998731,5.670112027660519,4.893644786637097,-3.48561649462773,-2.8535139712108304,0.7067901234567902,0.5449438202247191,5.26984126984127,3.086792452830189,6.320987654320987,8,-0.4015877905918174,0.43376991162898026,7,-0.16950586149094915,0.6997672068484101,7,0.12081503756682016,1.2432354458632087,6,1.8706714563087394,3.2661186909442335,7,0.07809017940620398,-0.1396646303386228,0.2952655317557404,6,-0.1315618097494904,-0.7147811326142608,0.32439756287688815
M1C_V4_EXTENSION_SECONDARY,5.1.0-research.1,20af962b672513fa396da2a3b528968497958561156be292b66c8b949e1e100b,6b3ec7b19ecd8cc7d7a47be6d39a817fb444c9ae,MULTIPLE,2026-07-17;2026-07-31;2026-08-03;2026-08-04;2026-08-05;2026-08-06;2026-08-07;2026-08-10;2026-08-20;2026-08-21,dabf07013fef71adfd6428325b19feb613a852fc7deb138e12dec6601733d6fd,NO_DANGER_EXCLUSION,all,ALL_ELIGIBLE,1.0,5848,10,-0.06735641621736095,-0.019512965929824804,0.9690414436778502,0.0,5848,4984,0.2238509749308111,0.09651385752231785,1.7194404187923427,1.332458114528634,-1.241134852491841,-1.0497424433345115,0.5244783306581059,4268,0.7302323370630908,0.3047972435727519,3.235711563015869,2.205151249349735,-2.2176758271205066,-1.8782249742002155,0.5433458294283037,3954,1.202737790743089,0.7280657510193134,4.2454714562661255,3.025153363116506,-2.632854894366562,-2.2514816398851223,0.5872534142640364,2587,2.665580682798213,1.9768983147131047,6.33621974595767,4.881706097967342,-3.0906655721678598,-2.625,0.6872825666795516,0.6161825726141079,4.270428015564202,3.0758725341426403,6.073830691921144,8,-0.02635503019746477,0.6097981036345851,7,0.4095412278512354,1.3077377356311268,7,0.8858322007869626,1.5309899327422722,6,2.159215314436884,3.2424664293977075,7,0.0,0.0,0.0,6,0.0,0.0,0.0
M1C_V4_EXTENSION_SECONDARY,5.1.0-research.1,20af962b672513fa396da2a3b528968497958561156be292b66c8b949e1e100b,6b3ec7b19ecd8cc7d7a47be6d39a817fb444c9ae,MULTIPLE,2026-07-17;2026-07-31;2026-08-03;2026-08-04;2026-08-05;2026-08-06;2026-08-07;2026-08-10;2026-08-20;2026-08-21,dabf07013fef71adfd6428325b19feb613a852fc7deb138e12dec6601733d6fd,NO_DANGER_EXCLUSION,all,TOP_10_PCT,1.0,5848,9,-0.06735641621736095,-0.019512965929824804,0.9690414436778502,0.40591397849462363,593,494,0.0574239091948994,-0.0217509516041269,1.5636646590685506,1.1659479590476862,-1.2528738731426847,-1.10086693270951,0.48582995951417,399,0.4492810544880709,0.1721349955662088,2.7386753349779864,1.8705035971223083,-2.1387596712581307,-1.7397964766385887,0.5137844611528822,352,0.7575394188194849,0.31968590291728827,3.6641772221542612,2.6388400259672817,-2.549896037825888,-2.248184124926611,0.5482954545454546,194,2.7948297800713267,2.2130205863533647,5.827150461343712,4.893644786637097,-3.028802230869144,-2.827640952278859,0.7422680412371134,0.62,4.7594936708860756,2.940340909090909,6.402061855670103,8,-0.4660245401582749,0.5735540562734209,7,-0.02438157763140282,1.1681082618186631,7,0.31743067029351074,1.1118808111189487,6,2.2328316112831885,3.2757746754381665,7,0.4748950681091709,-0.06952735094238709,0.9335835562931384,6,-0.35676371688679454,-0.9682947911019306,0.3315238431469302
M1C_V4_EXTENSION_SECONDARY,5.1.0-research.1,20af962b672513fa396da2a3b528968497958561156be292b66c8b949e1e100b,6b3ec7b19ecd8cc7d7a47be6d39a817fb444c9ae,MULTIPLE,2026-07-17;2026-07-31;2026-08-03;2026-08-04;2026-08-05;2026-08-06;2026-08-07;2026-08-10;2026-08-20;2026-08-21,dabf07013fef71adfd6428325b19feb613a852fc7deb138e12dec6601733d6fd,NO_DANGER_EXCLUSION,all,TOP_20_PCT,1.0,5848,9,-0.06735641621736095,-0.019512965929824804,0.9690414436778502,0.2417910447761194,1178,990,-0.009544068124065039,-0.09761473677014071,1.4847365627208717,1.1558441558441546,-1.2400870977456708,-0.9951542710652794,0.4797979797979798,823,0.3173020146199878,0.1419446415897862,2.6345757161218493,1.850699844479009,-2.2667253359985895,-1.8267223382045887,0.5139732685297691,737,0.8949613479563276,0.9398018796037632,3.7611336742943045,2.764384442301515,-2.7313783561300458,-2.277480827329781,0.5712347354138398,426,2.8211811977028645,2.307884577998731,5.939551062925438,4.893644786637097,-3.365690246900411,-2.7092288402586764,0.7065727699530516,0.5932203389830508,4.9655172413793105,3.078697421981004,6.408450704225352,8,-0.3133594406168566,0.37860160714250535,7,0.05055549749995022,0.6366381018585201,7,0.3691657696476839,1.3374236143817484,6,2.2496450718433643,3.361141017329554,7,0.22535551291857642,0.04998853200027725,0.36664564525045334,6,0.21407940828442695,0.09668384383298913,0.348794485317149
M2_V4_TRIGGER,5.1.0-research.1,20af962b672513fa396da2a3b528968497958561156be292b66c8b949e1e100b,6b3ec7b19ecd8cc7d7a47be6d39a817fb444c9ae,MULTIPLE,2026-07-31;2026-08-03;2026-08-04;2026-08-05;2026-08-06;2026-08-07;2026-08-10;2026-08-20;2026-08-21,8cefdac5501b7b7bb44ddec0fb4ee99a4afbeb8b4f6798b62cd43bb93fae5bb6,NO_DANGER_EXCLUSION,all,ALL_ELIGIBLE,0.7301641586867305,4270,9,-0.07245055049589334,-0.0287492179021273,0.9566931106277516,0.2698358413132695,4270,3605,0.27827831598556735,0.1493980138852269,1.7740709269176922,1.3896864591707914,-1.2051197282025172,-1.0058675607711565,0.5370319001386963,3038,0.8566594235731253,0.4167667756044935,3.338012798092554,2.2540032490136808,-2.1662420702453113,-1.8736988202637028,0.5523370638578012,2801,1.3184792617302779,0.8024812918471902,4.366046403879779,3.080808080808084,-2.55969746658906,-2.208365809301116,0.5947875758657623,1757,3.0737980363807043,2.235395825614428,6.697661075767867,5.235880398671089,-2.9800832276122313,-2.5403380714560275,0.7103016505406944,0.6354679802955665,4.148448043184885,3.1013923598714745,6.223107569721115,8,-0.0003611706323210553,0.7079900600151479,7,0.456923291704607,1.5621571566349608,7,0.988731170336542,1.693185034607386,6,2.443692032897248,3.679953864049588,7,0.16866650368805466,0.03160430298642226,0.30379236640282864,6,0.41184955083425107,0.2245937926196839,0.5608945772838002
M2_V4_TRIGGER,5.1.0-research.1,20af962b672513fa396da2a3b528968497958561156be292b66c8b949e1e100b,6b3ec7b19ecd8cc7d7a47be6d39a817fb444c9ae,MULTIPLE,2026-07-31;2026-08-03;2026-08-04;2026-08-05;2026-08-06;2026-08-07;2026-08-10;2026-08-20;2026-08-21,8cefdac5501b7b7bb44ddec0fb4ee99a4afbeb8b4f6798b62cd43bb93fae5bb6,NO_DANGER_EXCLUSION,all,TOP_10_PCT,0.7301641586867305,4270,8,-0.07245055049589334,-0.0287492179021273,0.9566931106277516,0.5541490857946554,435,362,0.06835854516201512,-0.2580149419997235,1.5421827808866375,1.1578098791597657,-1.3040248147128521,-1.1281598513011137,0.4530386740331492,300,-0.04337961626095157,-0.170739171753953,2.4572202820880755,1.6241362424506356,-2.421924681328395,-2.277480827329781,0.46,262,0.39249765289050326,0.0783085356303781,3.418038272714658,2.536242545288159,-2.8282076993739245,-2.5447770807455026,0.5152671755725191,149,2.629172809647407,1.97388711833042,5.567957749714902,5.277198577210829,-3.780919645313345,-3.483386923901388,0.7651006711409396,0.4659090909090909,5.295081967213115,2.8702290076335877,6.74496644295302,7,-0.618505373995375,0.674903203593636,6,-0.38055114484021624,0.3870556388961289,6,-0.22126580397698628,1.024994811133568,5,1.2873893945441262,3.3874746938208533,6,0.044505750447449866,-0.5764277861982164,0.7166125012526445,5,-0.11537808724426438,-1.3627552020899447,0.9483801120450306
M2_V4_TRIGGER,5.1.0-research.1,20af962b672513fa396da2a3b528968497958561156be292b66c8b949e1e100b,6b3ec7b19ecd8cc7d7a47be6d39a817fb444c9ae,MULTIPLE,2026-07-31;2026-08-03;2026-08-04;2026-08-05;2026-08-06;2026-08-07;2026-08-10;2026-08-20;2026-08-21,8cefdac5501b7b7bb44ddec0fb4ee99a4afbeb8b4f6798b62cd43bb93fae5bb6,NO_DANGER_EXCLUSION,all,TOP_20_PCT,0.7301641586867305,4270,9,-0.07245055049589334,-0.0287492179021273,0.9566931106277516,0.5235336712527154,861,721,0.08383903966126881,-0.063748406289843,1.4966851511305677,1.1429466103021646,-1.244097616574563,-1.0229065781598543,0.4840499306518724,585,0.20803419782474633,0.1419446415897862,2.522173282768856,1.7776287103806745,-2.2395039848173575,-1.954863177340993,0.5145299145299145,535,0.6804322031551491,0.7123180945491026,3.4713544211754144,2.5117475945401813,-2.6555030650595715,-2.3054417788180293,0.5588785046728972,306,2.845922634857658,2.0860602094240788,5.904067714517961,5.1667051667051656,-3.4364799772414303,-2.819179297835228,0.7124183006535948,0.5515151515151515,5.330508474576271,3.0261682242990653,6.745098039215686,8,-0.32556786850522473,0.5466142494171128,7,-0.3219799190124423,0.832632344307732,7,0.02107326879240283,1.142283641882796,6,1.82101747768551,3.7716239275005234,7,-0.2644279348618307,-1.0691733828958125,0.3733823002758443,6,0.258050789528075,-0.21619554490970033,0.7319752817107316
M3_V4_EXTENSION_TRIGGER,5.1.0-research.1,20af962b672513fa396da2a3b528968497958561156be292b66c8b949e1e100b,6b3ec7b19ecd8cc7d7a47be6d39a817fb444c9ae,MULTIPLE,2026-07-31;2026-08-03;2026-08-04;2026-08-05;2026-08-06;2026-08-07;2026-08-10;2026-08-20;2026-08-21,0c7e261ff8800cc074849b9ee1035b83886fe84acf8c56a2cc726096b1a9e2a1,NO_DANGER_EXCLUSION,all,ALL_ELIGIBLE,0.7216142270861833,4220,9,-0.06455724748546816,-0.020694715039544412,0.950657605712476,0.27838577291381666,4220,3574,0.2795059490945993,0.1480541455160855,1.7797714106103566,1.3902053712480322,-1.2040102836602653,-1.0036095981463489,0.5363738108561835,3013,0.8698055149174515,0.4333172845450095,3.3501082832336224,2.2540032490136808,-2.158180485356256,-1.8531609775802813,0.5536010620643876,2780,1.322256977659562,0.8041627727499168,4.374229252379494,3.082239839801704,-2.556046567844542,-2.194174757281553,0.5938848920863309,1750,3.088546424269335,2.2466039707419005,6.702510144854484,5.226997170955139,-2.974567412337472,-2.522827245336962,0.7102857142857143,0.6343873517786561,4.144986449864499,3.0989208633093526,6.228,8,0.0007781589843263422,0.7078911067780698,7,0.4775329867665026,1.566413410193811,7,0.9921334294071121,1.692232465186563,6,2.4505276123899,3.689723704888485,7,0.17114270403715867,0.03509240809061152,0.3080537775093675,6,0.4235940118169938,0.22795662512539774,0.5773375022303745
M3_V4_EXTENSION_TRIGGER,5.1.0-research.1,20af962b672513fa396da2a3b528968497958561156be292b66c8b949e1e100b,6b3ec7b19ecd8cc7d7a47be6d39a817fb444c9ae,MULTIPLE,2026-07-31;2026-08-03;2026-08-04;2026-08-05;2026-08-06;2026-08-07;2026-08-10;2026-08-20;2026-08-21,0c7e261ff8800cc074849b9ee1035b83886fe84acf8c56a2cc726096b1a9e2a1,NO_DANGER_EXCLUSION,all,TOP_10_PCT,0.7216142270861833,4220,8,-0.06455724748546816,-0.020694715039544412,0.950657605712476,0.5658263305322129,431,359,0.05692998199795479,-0.1133401337413686,1.5938917499554306,1.2461576804851715,-1.2710843259167088,-1.1229863692688968,0.479108635097493,289,0.20550922904950011,-0.0404040404040517,2.56376191129532,1.7547265033580617,-2.2752221236479384,-2.1302264961781003,0.4844290657439446,253,0.4896620387507071,0.2823631624674361,3.4515944203341355,2.501359434475248,-2.7313141285047804,-2.555448408871741,0.5335968379446641,133,2.968322808023751,2.466666666666661,5.985338172993242,5.387948391669206,-3.548497297690229,-3.264876250658244,0.7293233082706767,0.5064935064935064,5.4035087719298245,2.9288537549407114,6.842105263157895,7,-0.5905310451552507,0.626435914740069,6,-0.3107356663405592,0.8690948836192386,6,0.010515762644834392,0.9990786756592283,5,2.1886924861880273,3.539196747010234,6,0.16806046625625762,-0.4317562930836409,0.7694593876597556,5,0.2954030076273842,-0.5469250713477402,1.103886279934993
M3_V4_EXTENSION_TRIGGER,5.1.0-research.1,20af962b672513fa396da2a3b528968497958561156be292b66c8b949e1e100b,6b3ec7b19ecd8cc7d7a47be6d39a817fb444c9ae,MULTIPLE,2026-07-31;2026-08-03;2026-08-04;2026-08-05;2026-08-06;2026-08-07;2026-08-10;2026-08-20;2026-08-21,0c7e261ff8800cc074849b9ee1035b83886fe84acf8c56a2cc726096b1a9e2a1,NO_DANGER_EXCLUSION,all,TOP_20_PCT,0.7216142270861833,4220,9,-0.06455724748546816,-0.020694715039544412,0.950657605712476,0.5325144508670521,853,704,0.03066323190101787,-0.0801389074395642,1.4494132184447692,1.141996284548863,-1.2444620212601267,-0.9921724800878828,0.48011363636363635,566,0.2034208485600604,0.11456427521318036,2.502096888822203,1.8807845808055168,-2.2450498069608478,-2.025126562383417,0.5106007067137809,515,0.7041131967160287,0.7123180945491026,3.5083588599911706,2.553940995156312,-2.656471410198512,-2.322969618158177,0.5650485436893203,288,2.783281429122004,1.97388711833042,5.879711973420626,5.221951871957997,-3.517437538900271,-2.945351312987932,0.7152777777777778,0.5490196078431373,5.324324324324325,3.0407766990291263,6.774305555555555,8,-0.39629759800654507,0.5036020500647106,7,-0.25636461182797976,0.7662779899048129,7,0.020738759741339045,1.222844367885791,6,1.7754601753300663,3.679391039391061,7,-0.39072230776301803,-1.5693085531167594,0.3780576863009718,6,0.2817341767625265,-0.22645602308249127,0.768860492627525
M4_TS_GATE_6.0_V4,5.1.0-research.1,20af962b672513fa396da2a3b528968497958561156be292b66c8b949e1e100b,6b3ec7b19ecd8cc7d7a47be6d39a817fb444c9ae,MULTIPLE,2026-07-17;2026-07-31;2026-08-03;2026-08-04;2026-08-05;2026-08-06;2026-08-07;2026-08-10;2026-08-20;2026-08-21,0633b88a346b5a6350e6be2849b8dff7611fc15765171afe773765590c412885,NO_DANGER_EXCLUSION,all,ALL_ELIGIBLE,0.7706908344733242,4507,10,-0.0436969098706238,0.026947840563202204,0.9979280087706964,0.2293091655266758,4507,3850,0.11947131003028498,0.0,1.6222234466320402,1.283749376545562,-1.2939161129262953,-1.0753183694668378,0.49896103896103894,3297,0.4918377945243966,0.1851470890763318,2.9576236031307492,2.061855670103108,-2.3261694314441765,-1.991409605622807,0.5250227479526842,3051,0.906459534522778,0.4244996967859293,3.9344391027255012,2.8383987146873846,-2.7646669013181997,-2.353663528448624,0.565060635857096,1975,2.2900057917923284,1.5252820727120753,5.9329080959228735,4.488982653539608,-3.341394005455507,-2.808580258134874,0.6481012658227848,0.5728597449908925,4.487738419618529,3.0367092756473286,6.037974683544304,8,-0.1397740021079059,0.5257938599927862,7,0.14083642871699276,1.0714712538236562,7,0.5427789606077846,1.2173094730642715,6,1.7385481337875484,2.926847177936775,7,-0.22744785463864023,-0.3773918846391017,-0.08325806556591009,6,-0.39938415989680065,-0.46388390269814267,-0.3264517874238776
M4_TS_GATE_6.0_V4,5.1.0-research.1,20af962b672513fa396da2a3b528968497958561156be292b66c8b949e1e100b,6b3ec7b19ecd8cc7d7a47be6d39a817fb444c9ae,MULTIPLE,2026-07-17;2026-07-31;2026-08-03;2026-08-04;2026-08-05;2026-08-06;2026-08-07;2026-08-10;2026-08-20;2026-08-21,0633b88a346b5a6350e6be2849b8dff7611fc15765171afe773765590c412885,NO_DANGER_EXCLUSION,all,TOP_10_PCT,0.7706908344733242,4507,8,-0.0436969098706238,0.026947840563202204,0.9979280087706964,0.22765598650927488,458,391,-0.02860009751755519,-0.2547121752419778,1.4555804533085546,1.0666666666666602,-1.342004633979755,-1.1333333333333306,0.4424552429667519,318,0.056691401605248645,-0.10939856405782761,2.499293387756408,1.7363510144259742,-2.390640887433964,-1.8509511456982208,0.4716981132075472,279,0.3486994665778412,-0.0850701829008926,3.482137565446489,2.46631651061886,-2.8936297525124592,-2.39606540838202,0.4946236559139785,160,2.5782893688443056,2.1343751105179276,5.6427235985398045,4.83030913978495,-3.5080947277894694,-3.010111283909139,0.725,0.5222222222222223,5.107692307692307,2.838709677419355,6.3875,7,-0.6656205389994642,0.536500534355326,6,-0.39358407236493553,0.7599873173644354,6,-0.16434291460117523,0.7213058341741306,5,1.270481840110762,3.705308231659187,6,-0.0643709064977489,-0.423181588053849,0.3144305182096996,5,-0.4970287444236291,-0.7138309092672523,-0.24181321720763593
M4_TS_GATE_6.0_V4,5.1.0-research.1,20af962b672513fa396da2a3b528968497958561156be292b66c8b949e1e100b,6b3ec7b19ecd8cc7d7a47be6d39a817fb444c9ae,MULTIPLE,2026-07-17;2026-07-31;2026-08-03;2026-08-04;2026-08-05;2026-08-06;2026-08-07;2026-08-10;2026-08-20;2026-08-21,0633b88a346b5a6350e6be2849b8dff7611fc15765171afe773765590c412885,NO_DANGER_EXCLUSION,all,TOP_20_PCT,0.7706908344733242,4507,9,-0.0436969098706238,0.026947840563202204,0.9979280087706964,0.22750424448217318,910,775,-0.03730916144711679,-0.1858962637898531,1.4818184774330292,1.1614963945216106,-1.2981499958443932,-1.0388349514563022,0.4593548387096774,644,0.2124027748479425,-0.032884468209382,2.5363970690320987,1.7006424976787171,-2.3369482120994975,-1.8509511456982208,0.4906832298136646,579,0.6260054637529682,0.4454781991642287,3.5585572248417376,2.525802377738096,-2.8336038325580595,-2.3548740416210467,0.5474956822107081,342,2.723245627767937,2.307884577998731,5.694757882443314,4.978292329956613,-3.384460409778301,-2.8535139712108304,0.7134502923976608,0.5775401069518716,4.971014492753623,3.070811744386874,6.450292397660819,8,-0.3290125646884228,0.37898998032861014,7,-0.14021708269078814,0.6378490850788421,7,-0.129758925493822,1.2229484662927588,6,1.878708783714475,3.4147053263066915,7,-0.03784678541413108,-0.21194569220356982,0.13278047074278843,6,-0.010615380037877617,-0.41402502990654255,0.3131659627963137
M4_TS_GATE_6.5_V4,5.1.0-research.1,20af962b672513fa396da2a3b528968497958561156be292b66c8b949e1e100b,6b3ec7b19ecd8cc7d7a47be6d39a817fb444c9ae,MULTIPLE,2026-07-17;2026-07-31;2026-08-03;2026-08-04;2026-08-05;2026-08-06;2026-08-07;2026-08-10;2026-08-20;2026-08-21,2752039d98aaa240b9f2649e23ae8a4fc12c2a557798ac007ddc653435192d06,NO_DANGER_EXCLUSION,all,ALL_ELIGIBLE,0.6479138166894665,3789,10,-0.02391985801821676,0.05290430811473065,0.9949764087555981,0.35208618331053354,3789,3252,0.07332086063178413,-0.0356238125395758,1.6025133393632918,1.273977766923362,-1.3406705963944159,-1.1014052411697617,0.48769987699877,2800,0.4006579354369116,0.0580460796570703,2.939676681556058,2.034179313863027,-2.4260763887759467,-2.0920502092050097,0.5078571428571429,2588,0.8030982004075089,0.3481118413724005,3.901244247582962,2.813607174656696,-2.8753476366519326,-2.455853116594564,0.5533230293663061,1666,2.147633488290733,1.2924946196117726,5.873975363802908,4.418475236505293,-3.4681100623582353,-2.9725459213904903,0.631452581032413,0.5504291845493562,4.45320197044335,2.9802936630602783,5.970588235294118,8,-0.1860032742173622,0.4899300565549084,7,0.030248470467770697,0.9364661387237095,7,0.3953273847761967,1.117129732754382,6,1.6274885029860282,2.7472289242721484,7,-0.2657942134768553,-0.5850979948605992,0.03986176986591616,6,-0.5011700904588613,-0.7347418528738481,-0.2544843170693489
M4_TS_GATE_6.5_V4,5.1.0-research.1,20af962b672513fa396da2a3b528968497958561156be292b66c8b949e1e100b,6b3ec7b19ecd8cc7d7a47be6d39a817fb444c9ae,MULTIPLE,2026-07-17;2026-07-31;2026-08-03;2026-08-04;2026-08-05;2026-08-06;2026-08-07;2026-08-10;2026-08-20;2026-08-21,2752039d98aaa240b9f2649e23ae8a4fc12c2a557798ac007ddc653435192d06,NO_DANGER_EXCLUSION,all,TOP_10_PCT,0.6479138166894665,3789,8,-0.02391985801821676,0.05290430811473065,0.9949764087555981,0.3440134907251265,389,330,0.029470398682381365,-0.2582024933493354,1.4915074286961687,1.0511792917679452,-1.3249768038702985,-1.1460931706330555,0.43333333333333335,266,0.004152436693957003,-0.1641736592484566,2.505991789323456,1.6604406541444572,-2.352996016290246,-1.838836741951405,0.46616541353383456,231,0.17936900200946648,0.0189933523266905,3.3181254440951684,2.3622047244094446,-2.8637656543197254,-2.39606540838202,0.5151515151515151,134,2.3405803052995835,2.1181565947079983,5.330757347449421,4.53579021970234,-3.604222399081029,-3.0540012135104155,0.7238805970149254,0.4583333333333333,5.34,2.7186147186147185,6.537313432835821,7,-0.5255449764992216,0.5621311511339366,6,-0.4148888288368791,0.5680464071523,6,-0.5334765073680247,0.7607006625757998,5,1.055349401471533,3.410673174670487,6,-0.25048292932961264,-0.7468701123740337,0.4223978361691509,5,-0.6807550073758636,-1.0593808982679054,-0.3507267395682255
M4_TS_GATE_6.5_V4,5.1.0-research.1,20af962b672513fa396da2a3b528968497958561156be292b66c8b949e1e100b,6b3ec7b19ecd8cc7d7a47be6d39a817fb444c9ae,MULTIPLE,2026-07-17;2026-07-31;2026-08-03;2026-08-04;2026-08-05;2026-08-06;2026-08-07;2026-08-10;2026-08-20;2026-08-21,2752039d98aaa240b9f2649e23ae8a4fc12c2a557798ac007ddc653435192d06,NO_DANGER_EXCLUSION,all,TOP_20_PCT,0.6479138166894665,3789,9,-0.02391985801821676,0.05290430811473065,0.9949764087555981,0.34889643463497455,767,659,-0.07564407005938609,-0.2123442808607101,1.4673486144371373,1.0965435041716098,-1.31809941704002,-1.0388349514563022,0.44916540212443096,551,0.17093898496098536,-0.0385802469135887,2.5206342327519673,1.7776287103806745,-2.3710832540764444,-1.8267223382045887,0.4882032667876588,491,0.6668965348820234,0.4811344644213733,3.6071738361248187,2.6502057613168706,-2.836722446178815,-2.351113412739514,0.5498981670061099,291,2.8766531823025687,2.50248121366794,5.927361541648676,5.049479827454961,-3.371891063055305,-2.84913591779542,0.7353951890034365,0.58125,4.966666666666667,3.0835030549898166,6.494845360824742,8,-0.44561684112099403,0.37327726196228034,7,-0.16452430999314663,0.6470596291859301,7,-0.0021522425449841546,1.197362212865833,6,1.8545196957370917,3.6194010117014894,7,-0.02122846220969817,-0.21412461274708192,0.19488753325989588,6,0.08964154556046844,-0.4765226444381703,0.5934971542857141
M4_TS_GATE_7.0_V4,5.1.0-research.1,20af962b672513fa396da2a3b528968497958561156be292b66c8b949e1e100b,6b3ec7b19ecd8cc7d7a47be6d39a817fb444c9ae,MULTIPLE,2026-07-17;2026-07-31;2026-08-03;2026-08-04;2026-08-05;2026-08-06;2026-08-07;2026-08-10;2026-08-20;2026-08-21,0d62e26a6594b13df9d7b7791e8ffe38007b6b07dd8e7f26c4d401c2e2effab4,NO_DANGER_EXCLUSION,all,ALL_ELIGIBLE,0.49127906976744184,2873,10,-0.030480393264796835,0.05479116949394689,0.9878886579989781,0.5087209302325582,2873,2472,0.0508650890572053,-0.07394435589597176,1.5885633457917339,1.2838801711840375,-1.349410969556678,-1.0972416525825757,0.4801779935275081,2130,0.2898748351759915,0.0228258388495827,2.835260085286288,2.0175892395240425,-2.4756136063590315,-2.085747392815762,0.5023474178403756,1982,0.645925182612421,0.2794271742927012,3.7543681993667155,2.721970187945555,-2.9298087691369443,-2.4676055483232204,0.5464177598385469,1314,1.7564585181046064,1.0739191073918963,5.542687029145506,4.181471900849942,-3.6155594563154123,-3.1191515907673217,0.5981735159817352,0.5243243243243243,4.61822125813449,2.979313824419778,5.937595129375952,8,-0.22917631898027965,0.4821063669192467,7,-0.13927362676777524,0.7522606373180496,7,0.057802997679232596,1.1290746236486235,6,1.1132379447065663,2.2792875376820194,7,-0.37701996997951515,-0.9022315431200866,0.06390252218542518,6,-0.9635578197427815,-1.1693592636673487,-0.7415114130687072
M4_TS_GATE_7.0_V4,5.1.0-research.1,20af962b672513fa396da2a3b528968497958561156be292b66c8b949e1e100b,6b3ec7b19ecd8cc7d7a47be6d39a817fb444c9ae,MULTIPLE,2026-07-17;2026-07-31;2026-08-03;2026-08-04;2026-08-05;2026-08-06;2026-08-07;2026-08-10;2026-08-20;2026-08-21,0d62e26a6594b13df9d7b7791e8ffe38007b6b07dd8e7f26c4d401c2e2effab4,NO_DANGER_EXCLUSION,all,TOP_10_PCT,0.49127906976744184,2873,8,-0.030480393264796835,0.05479116949394689,0.9878886579989781,0.4957841483979764,299,256,0.11566545634479344,-0.22837997393784776,1.534727490234459,1.0525234443784837,-1.2944944087626862,-1.117718430027942,0.44140625,205,-0.1138043517131332,-0.3722700198543927,2.4849172200676244,1.6289279112754018,-2.386461539199565,-1.8267223382045887,0.45365853658536587,179,0.32943686649673526,0.0581751649776585,3.268671697652505,2.46631651061886,-2.775266052319751,-2.322969618158177,0.5251396648044693,108,2.340509741840237,2.046021856519209,5.114865820175648,4.194510126452156,-3.3324650881561686,-3.0063885757234177,0.7314814814814815,0.43103448275862066,5.722222222222222,2.804469273743017,6.5,7,-0.44475290774513065,0.5999308905174869,6,-0.42875806766648467,0.2811598281885194,6,-0.20048823571062688,0.7345284900821409,5,0.7927356967393447,3.481155059762606,6,-0.11581386449242946,-0.5706319498575931,0.418725369150224,5,-0.7857114013599733,-1.2041314834922399,-0.4993719665808697
M4_TS_GATE_7.0_V4,5.1.0-research.1,20af962b672513fa396da2a3b528968497958561156be292b66c8b949e1e100b,6b3ec7b19ecd8cc7d7a47be6d39a817fb444c9ae,MULTIPLE,2026-07-17;2026-07-31;2026-08-03;2026-08-04;2026-08-05;2026-08-06;2026-08-07;2026-08-10;2026-08-20;2026-08-21,0d62e26a6594b13df9d7b7791e8ffe38007b6b07dd8e7f26c4d401c2e2effab4,NO_DANGER_EXCLUSION,all,TOP_20_PCT,0.49127906976744184,2873,9,-0.030480393264796835,0.05479116949394689,0.9878886579989781,0.5033955857385399,585,499,0.021822201076461753,-0.1301659616010475,1.5716948802930064,1.0827574949670904,-1.3035327347012537,-1.0388349514563022,0.4729458917835671,415,0.07976963456943671,-0.0679611650485356,2.5774782192681798,1.7885413546703033,-2.415323968254096,-1.7613386173491952,0.4795180722891566,367,0.39605868208724776,0.0789525626686105,3.476461008885892,2.5446259020129203,-2.8793334170822042,-2.243088158581119,0.5340599455040872,224,2.5311499108623,2.50248121366794,5.571816909408137,5.044288132667541,-3.42717203224106,-3.0063885757234177,0.7410714285714286,0.5772357723577236,4.752688172043011,2.9863760217983653,6.486607142857143,8,-0.42028976515118477,0.5297644402636184,7,-0.41317161011434067,0.6904620705854588,7,-0.49384915736662305,1.0927160193730732,6,1.4841460940966165,3.2017725281477367,7,-0.5080248053896764,-1.0427262100883388,-0.06373712155243597,6,-0.3453125834157007,-0.9859907180395961,0.16724485909754594
V5_BASELINE,5.1.0-research.1,20af962b672513fa396da2a3b528968497958561156be292b66c8b949e1e100b,6b3ec7b19ecd8cc7d7a47be6d39a817fb444c9ae,MULTIPLE,2026-07-17;2026-07-31;2026-08-03;2026-08-04;2026-08-05;2026-08-06;2026-08-07;2026-08-10;2026-08-20;2026-08-21,dabf07013fef71adfd6428325b19feb613a852fc7deb138e12dec6601733d6fd,NO_DANGER_EXCLUSION,all,ALL_ELIGIBLE,1.0,5848,10,-0.09013937260335271,-0.024674256407345555,0.7303337555321052,0.0,5848,4984,0.22385097493081108,0.09651385752231785,1.7194404187923424,1.332458114528634,-1.241134852491841,-1.0497424433345115,0.5244783306581059,4268,0.7302323370630908,0.3047972435727519,3.2357115630158693,2.205151249349735,-2.2176758271205066,-1.8782249742002155,0.5433458294283037,3954,1.202737790743089,0.7280657510193134,4.2454714562661255,3.025153363116506,-2.632854894366562,-2.2514816398851223,0.5872534142640364,2587,2.6655806827982125,1.9768983147131047,6.336219745957669,4.881706097967342,-3.0906655721678598,-2.625,0.6872825666795516,0.6161825726141079,4.270428015564202,3.0758725341426403,6.073830691921144,8,-0.02635503019746477,0.6097981036345851,7,0.4095412278512354,1.3077377356311268,7,0.8858322007869626,1.5309899327422722,6,2.159215314436884,3.2424664293977075,7,0.0,0.0,0.0,6,0.0,0.0,0.0
V5_BASELINE,5.1.0-research.1,20af962b672513fa396da2a3b528968497958561156be292b66c8b949e1e100b,6b3ec7b19ecd8cc7d7a47be6d39a817fb444c9ae,MULTIPLE,2026-07-17;2026-07-31;2026-08-03;2026-08-04;2026-08-05;2026-08-06;2026-08-07;2026-08-10;2026-08-20;2026-08-21,dabf07013fef71adfd6428325b19feb613a852fc7deb138e12dec6601733d6fd,NO_DANGER_EXCLUSION,all,TOP_10_PCT,1.0,5848,10,-0.09013937260335271,-0.024674256407345555,0.7303337555321052,0.6492027334851936,593,505,0.03396496759626238,-0.299921611397036,1.4868278864697593,1.1304347826087024,-1.2344712281261705,-0.9948580371115568,0.43366336633663366,418,-0.14325985306637778,-0.1976466692658052,2.301466499663236,1.617660629288764,-2.3307713580120013,-2.2996382889219125,0.46411483253588515,379,0.0496022196231301,-0.1075076151227372,3.0232387459814585,2.237878159966855,-2.76203685212281,-2.7319329832458106,0.48284960422163586,208,1.6772730521903318,1.1853959222380084,4.83633354336612,4.138274887817839,-3.485984365623069,-3.097834676782052,0.6298076923076923,0.49107142857142855,5.720588235294118,2.8047493403693933,6.423076923076923,8,-0.32438062758484093,0.5341986778477498,7,-0.6151098519397566,0.36337618949981204,7,-0.6919055117531343,0.6298461800144906,6,0.014335150278999006,3.0745667143813553,7,-0.9104314815136838,-2.105680309123712,-0.09283259891396099,6,-1.1292602580985645,-1.984824488392763,-0.33989944612695805
V5_BASELINE,5.1.0-research.1,20af962b672513fa396da2a3b528968497958561156be292b66c8b949e1e100b,6b3ec7b19ecd8cc7d7a47be6d39a817fb444c9ae,MULTIPLE,2026-07-17;2026-07-31;2026-08-03;2026-08-04;2026-08-05;2026-08-06;2026-08-07;2026-08-10;2026-08-20;2026-08-21,dabf07013fef71adfd6428325b19feb613a852fc7deb138e12dec6601733d6fd,NO_DANGER_EXCLUSION,all,TOP_20_PCT,1.0,5848,10,-0.09013937260335271,-0.024674256407345555,0.7303337555321052,0.5411764705882353,1178,996,0.010324168332081492,-0.15508056450832525,1.4834967380321078,1.1103091375110008,-1.269101330337522,-1.00189293375062,0.4608433734939759,827,0.1515726743674933,0.0621632822213058,2.5080841117418298,1.7933587874580548,-2.3444808452219017,-2.0289855072463725,0.5042321644498187,746,0.47558439635528355,0.1171829225421028,3.3827500575197686,2.5117475945401813,-2.7957333847791586,-2.4506168835369935,0.5241286863270778,426,2.48252046517978,1.9339957416607545,5.755948135890136,4.626899733374357,-3.4600023261144153,-2.8930077656822983,0.6666666666666666,0.5458333333333333,4.735483870967742,2.985254691689008,6.44131455399061,8,-0.3519018698737045,0.5329707635536272,7,-0.2978561927608696,0.8116543757397738,7,-0.23975173879963443,1.0549743250536163,6,1.2381972837589672,3.6977292241171513,7,-0.6867058993299707,-1.9405461302114946,0.10378172665192816,6,0.3739481613631847,-0.7082934742280464,1.7567649463469421
M0_V4,5.1.0-research.1,20af962b672513fa396da2a3b528968497958561156be292b66c8b949e1e100b,6b3ec7b19ecd8cc7d7a47be6d39a817fb444c9ae,MULTIPLE,2026-07-31;2026-08-03;2026-08-04;2026-08-05;2026-08-06;2026-08-07;2026-08-10;2026-08-20;2026-08-21,bfbe8e205b6a32027b3312bb94cc65be11996afeaadbf691dfa61da1e6480004,EXCLUDE_DANGER,all,ALL_ELIGIBLE,0.667749658002736,3905,9,-0.09363267334953707,-0.02829136724053693,1.0,0.0,3905,3369,0.1444544665425071,0.0726216412491043,1.6150554882332158,1.282730214769057,-1.3172799597068952,-1.1212997109538492,0.5135054912436925,2864,0.604072453607824,0.2419784155253346,3.1018655765978513,2.1457022784559077,-2.2855978115275044,-1.9649621212121329,0.5356145251396648,2658,1.0069528113530244,0.5757196495619343,4.081705952475769,2.916768009852788,-2.691196041316218,-2.2901845115996915,0.571482317531979,1678,2.4726035058954334,1.815125003891782,6.185594385036524,4.806698899852546,-3.2060578249084157,-2.7193624354038777,0.6740166865315852,0.5819148936170213,4.325508607198748,3.053423626787058,6.061382598331347,8,-0.11640168687854906,0.5795443164502354,7,0.24368308461183474,1.2551991268237432,7,0.5177410830609216,1.5369170601952848,6,1.6974375492879303,3.474757586743179,7,0.0,0.0,0.0,6,0.0,0.0,0.0
M0_V4,5.1.0-research.1,20af962b672513fa396da2a3b528968497958561156be292b66c8b949e1e100b,6b3ec7b19ecd8cc7d7a47be6d39a817fb444c9ae,MULTIPLE,2026-07-31;2026-08-03;2026-08-04;2026-08-05;2026-08-06;2026-08-07;2026-08-10;2026-08-20;2026-08-21,bfbe8e205b6a32027b3312bb94cc65be11996afeaadbf691dfa61da1e6480004,EXCLUDE_DANGER,all,TOP_10_PCT,0.667749658002736,3905,8,-0.09363267334953707,-0.02829136724053693,1.0,0.0,399,340,0.0296660507943247,-0.23483838058207523,1.5488960121359645,1.081981461999304,-1.3706799880807068,-1.1626839901918595,0.4470588235294118,273,-0.045662412460028834,-0.3722700198543927,2.5408138180606987,1.695073318471274,-2.5099713188322097,-2.2421016872381405,0.42857142857142855,240,0.10812546851724593,-0.3693116958856657,3.403821097835615,2.362000759230387,-3.0541107411279986,-2.5447770807455026,0.4583333333333333,132,2.6354868175042405,2.466666666666661,5.787738593523868,5.387948391669206,-3.6441274926472396,-3.1368737010933456,0.7196969696969697,0.47297297297297297,5.269230769230769,2.779166666666667,6.878787878787879,7,-0.550367932585951,0.6087975679072879,6,-0.4752567087043708,0.6242356920429517,6,-0.5593945960108897,0.6346389277117144,5,1.0320144463517393,3.8654482747176666,6,0.0,0.0,0.0,5,0.0,0.0,0.0
M0_V4,5.1.0-research.1,20af962b672513fa396da2a3b528968497958561156be292b66c8b949e1e100b,6b3ec7b19ecd8cc7d7a47be6d39a817fb444c9ae,MULTIPLE,2026-07-31;2026-08-03;2026-08-04;2026-08-05;2026-08-06;2026-08-07;2026-08-10;2026-08-20;2026-08-21,bfbe8e205b6a32027b3312bb94cc65be11996afeaadbf691dfa61da1e6480004,EXCLUDE_DANGER,all,TOP_20_PCT,0.667749658002736,3905,9,-0.09363267334953707,-0.02829136724053693,1.0,0.0,791,681,-0.06871197562202519,-0.2499569039820626,1.472266426589016,1.0938724337878236,-1.3413499903415183,-1.10086693270951,0.44640234948604995,564,0.11577134584341167,-0.16107577117240865,2.5285225961361477,1.6885001314156156,-2.4367273523394166,-2.2171074044948447,0.4645390070921986,507,0.4949446616337555,0.0783085356303781,3.580561822092828,2.523659305993675,-2.9525937853128137,-2.523444160272803,0.5108481262327417,279,2.8319171107439285,2.466666666666661,5.936718743293474,5.412054120541199,-3.5170519580448585,-3.056835637480793,0.7060931899641577,0.5625,5.0085470085470085,3.009861932938856,6.741935483870968,8,-0.38794976803493264,0.3674026295998404,7,-0.27598723206507225,0.6175046609627723,7,-0.3506137828131133,1.161729422258688,6,1.8670942062798426,3.734035689671081,7,0.0,0.0,0.0,6,0.0,0.0,0.0
M1A_V4_FILTER_EXTREME,5.1.0-research.1,20af962b672513fa396da2a3b528968497958561156be292b66c8b949e1e100b,6b3ec7b19ecd8cc7d7a47be6d39a817fb444c9ae,MULTIPLE,2026-07-31;2026-08-03;2026-08-04;2026-08-05;2026-08-06;2026-08-07;2026-08-10;2026-08-20;2026-08-21,48d274353cb097ee2be88da74758083c8ea5cd197ec4b7780086ce4496b25d2d,EXCLUDE_DANGER,all,ALL_ELIGIBLE,0.6412448700410397,3750,9,-0.08386324217186522,-0.03513493113995634,0.9992724569525065,0.03969270166453265,3750,3254,0.13909820105742976,0.0672954072495679,1.6253884906314475,1.2818634033064935,-1.3173884038700885,-1.1156474098243052,0.5116779348494161,2773,0.6004796994207211,0.2364326167042518,3.1165956967711654,2.1469492185327343,-2.285602725355362,-1.9454679439940947,0.5351604760187523,2571,0.996569325040429,0.5715918833952394,4.085077143492734,2.9082774049217,-2.698376979543479,-2.285061411025413,0.5698171917541812,1618,2.5376496005214664,1.9753927165217624,6.211412060056705,4.770639116593223,-3.199512835108559,-2.7122765622512595,0.6779975278121138,0.585635359116022,4.317512274959084,3.039673278879813,6.093943139678616,8,-0.12146606341033536,0.5729588315292048,7,0.2238236451837484,1.2592676233362807,7,0.4626897792341241,1.5323821572056593,6,1.6975212528179824,3.5344645426521213,7,-0.007642304754872534,-0.052220786057115075,0.03004598478960885,6,0.03914563268244897,-0.023250922591227338,0.10195089726295646
M1A_V4_FILTER_EXTREME,5.1.0-research.1,20af962b672513fa396da2a3b528968497958561156be292b66c8b949e1e100b,6b3ec7b19ecd8cc7d7a47be6d39a817fb444c9ae,MULTIPLE,2026-07-31;2026-08-03;2026-08-04;2026-08-05;2026-08-06;2026-08-07;2026-08-10;2026-08-20;2026-08-21,48d274353cb097ee2be88da74758083c8ea5cd197ec4b7780086ce4496b25d2d,EXCLUDE_DANGER,all,TOP_10_PCT,0.6412448700410397,3750,8,-0.08386324217186522,-0.03513493113995634,0.9992724569525065,0.04488778054862843,385,333,0.03551581457869461,-0.2499569039820626,1.5454345831942133,1.0812054290315176,-1.3792603910562236,-1.159740439044599,0.4444444444444444,268,-0.05445554296728344,-0.4277805737292417,2.540075697582879,1.6393558061361224,-2.517462880936272,-2.24259492290963,0.4253731343283582,235,0.1709816064699849,-0.3565551289083757,3.422884651751542,2.30970128951522,-3.0387739223243755,-2.537665764076924,0.4595744680851064,129,2.6989151358922663,2.50248121366794,5.847831197064967,5.387948391669206,-3.6234567816804755,-3.056835637480793,0.7286821705426356,0.4861111111111111,5.269230769230769,2.7872340425531914,6.945736434108527,7,-0.5420831659329233,0.5740509051297934,6,-0.49591108227238045,0.6262903270113868,6,-0.559616067696695,0.6972337179198944,5,1.0690551855050408,3.8654482747176666,6,0.06661782559505633,-0.009813919354631459,0.15490978264951707,5,0.027139066460989448,0.0,0.07675936841195152
M1A_V4_FILTER_EXTREME,5.1.0-research.1,20af962b672513fa396da2a3b528968497958561156be292b66c8b949e1e100b,6b3ec7b19ecd8cc7d7a47be6d39a817fb444c9ae,MULTIPLE,2026-07-31;2026-08-03;2026-08-04;2026-08-05;2026-08-06;2026-08-07;2026-08-10;2026-08-20;2026-08-21,48d274353cb097ee2be88da74758083c8ea5cd197ec4b7780086ce4496b25d2d,EXCLUDE_DANGER,all,TOP_20_PCT,0.6412448700410397,3750,9,-0.08386324217186522,-0.03513493113995634,0.9992724569525065,0.03909205548549811,764,664,-0.06545094141384579,-0.2375947289168456,1.4848672313979105,1.0965435041716098,-1.338520831785112,-1.100967943576392,0.44879518072289154,552,0.10830616854527976,-0.1674564155012048,2.542838574892813,1.695073318471274,-2.436296034544138,-2.1932870370370336,0.4601449275362319,495,0.4901718624477027,0.0783085356303781,3.590807247155786,2.501359434475248,-2.9515250782362585,-2.499087924115284,0.5050505050505051,276,2.8630233384579826,2.4845739401673006,5.9629085762005705,5.436532521281534,-3.5423927041294414,-3.0725705638528944,0.7137681159420289,0.5625,5.0085470085470085,2.997979797979798,6.739130434782608,8,-0.3755258697668421,0.36650748251605836,7,-0.2815733001371881,0.6156866164542317,7,-0.3468752523523626,1.162197728525261,6,1.8670942062798426,3.7550420240986226,7,0.007522867075520682,-0.0309830278606487,0.05600166281687472,6,0.025665706906367713,0.0,0.07699712071910314
M1B_V4_FILTER_EXTENDED_EXTREME,5.1.0-research.1,20af962b672513fa396da2a3b528968497958561156be292b66c8b949e1e100b,6b3ec7b19ecd8cc7d7a47be6d39a817fb444c9ae,MULTIPLE,2026-07-31;2026-08-03;2026-08-04;2026-08-05;2026-08-06;2026-08-07;2026-08-10;2026-08-20;2026-08-21,c90d2e95acd6580c654ac6e539c99945c346a1c523fdac217256a65b92f5c65a,EXCLUDE_DANGER,all,ALL_ELIGIBLE,0.44579343365253077,2607,9,-0.08868562683737663,-0.05662702611403853,0.9854383635953308,0.3323943661971831,2607,2235,0.1549375315392346,0.0822207431188992,1.5995436822460023,1.2509064539521386,-1.2365127402160019,-1.0058675607711565,0.5217002237136465,1860,0.7647803655888583,0.29172996661734896,3.1951917380426806,2.151554557276269,-2.120421569796974,-1.7950091741518348,0.5370967741935484,1691,1.2162225116157677,0.8024812918471902,4.24547326398185,2.996167240607784,-2.523909945034577,-2.175670534525387,0.5824955647545831,1044,3.1115599993512735,2.3296458350507088,6.544218480682239,5.227069965109099,-2.931270867646919,-2.4281733259324865,0.7289272030651341,0.6604414261460102,4.342342342342342,3.0804257835600235,6.25095785440613,8,-0.20613689956207512,0.6890778206780223,7,0.19355144057923507,1.5730998784252448,7,0.6830924353154655,1.938513854035888,6,2.221728398709577,4.064101833637336,7,0.17160920377811223,-0.09187155620969321,0.3979073190905275,6,0.4358814194407707,0.24983164060255417,0.6170422363467032
M1B_V4_FILTER_EXTENDED_EXTREME,5.1.0-research.1,20af962b672513fa396da2a3b528968497958561156be292b66c8b949e1e100b,6b3ec7b19ecd8cc7d7a47be6d39a817fb444c9ae,MULTIPLE,2026-07-31;2026-08-03;2026-08-04;2026-08-05;2026-08-06;2026-08-07;2026-08-10;2026-08-20;2026-08-21,c90d2e95acd6580c654ac6e539c99945c346a1c523fdac217256a65b92f5c65a,EXCLUDE_DANGER,all,TOP_10_PCT,0.44579343365253077,2607,8,-0.08868562683737663,-0.05662702611403853,0.9854383635953308,0.3266832917705736,272,231,0.11842831615096347,-0.2499569039820626,1.6083219702542932,1.0666666666666602,-1.3010129852570225,-1.1656275413391204,0.42857142857142855,183,-0.2807395310444231,-0.4277805737292417,2.5366761742746515,1.695073318471274,-2.5137423793206155,-1.9781718963165047,0.40437158469945356,156,-0.027492771011775146,-0.39093493090536224,3.361849944429348,2.3622047244094446,-3.0651568060713217,-2.611290567913455,0.44871794871794873,89,2.718754491094256,2.466666666666661,5.704818123331631,5.277198577210829,-3.9036074266319436,-3.725769908534027,0.7303370786516854,0.4117647058823529,6.125,2.6025641025641026,6.876404494382022,7,-0.5757813707895135,0.6959316520851352,6,-0.7335705871479697,0.30722346332589134,6,-0.4503290087552158,0.3091246755329768,5,0.7512371264788645,4.148062788682897,6,-0.13715372999485678,-0.4208720750327834,0.11005362636100309,5,-0.030907049550005783,-0.29973380913964104,0.18507705740951894
M1B_V4_FILTER_EXTENDED_EXTREME,5.1.0-research.1,20af962b672513fa396da2a3b528968497958561156be292b66c8b949e1e100b,6b3ec7b19ecd8cc7d7a47be6d39a817fb444c9ae,MULTIPLE,2026-07-31;2026-08-03;2026-08-04;2026-08-05;2026-08-06;2026-08-07;2026-08-10;2026-08-20;2026-08-21,c90d2e95acd6580c654ac6e539c99945c346a1c523fdac217256a65b92f5c65a,EXCLUDE_DANGER,all,TOP_20_PCT,0.44579343365253077,2607,9,-0.08868562683737663,-0.05662702611403853,0.9854383635953308,0.33626097867001253,535,460,-0.03556438681715613,-0.1504176645832022,1.4999369245377114,1.0870813395708612,-1.3175717316997317,-1.0229065781598543,0.46304347826086956,370,0.02189999475805781,-0.10939856405782761,2.489016760008019,1.7248999109146679,-2.467604480975681,-1.8941393875396064,0.46216216216216216,329,0.5123446803672302,0.129288053783827,3.619798282566434,2.546682712838222,-3.0053681118896014,-2.499087924115284,0.5288753799392097,186,3.0469450025213694,2.50248121366794,6.176126222619288,5.436532521281534,-3.7293168262543683,-3.1693329308783658,0.7258064516129032,0.5221238938053098,5.2,2.9908814589665655,6.446236559139785,8,-0.5140807537204812,0.44840531132480077,7,-0.3743294464713688,0.5691306431006732,7,-0.24589695992283753,1.157568792753811,6,1.8635061685834202,4.051040598178969,7,0.030158695746791912,-0.20526432617015966,0.2843067588268241,6,0.021201269094352326,-0.10683676159555223,0.1546034805851973
M1C_V4_EXTENSION_SECONDARY,5.1.0-research.1,20af962b672513fa396da2a3b528968497958561156be292b66c8b949e1e100b,6b3ec7b19ecd8cc7d7a47be6d39a817fb444c9ae,MULTIPLE,2026-07-31;2026-08-03;2026-08-04;2026-08-05;2026-08-06;2026-08-07;2026-08-10;2026-08-20;2026-08-21,bfbe8e205b6a32027b3312bb94cc65be11996afeaadbf691dfa61da1e6480004,EXCLUDE_DANGER,all,ALL_ELIGIBLE,0.667749658002736,3905,9,-0.055820307518775696,0.010632293432826739,0.9617744256870812,0.0,3905,3369,0.1444544665425071,0.0726216412491043,1.6150554882332158,1.282730214769057,-1.3172799597068956,-1.1212997109538492,0.5135054912436925,2864,0.6040724536078241,0.2419784155253346,3.1018655765978513,2.1457022784559077,-2.285597811527505,-1.9649621212121329,0.5356145251396648,2658,1.0069528113530244,0.5757196495619343,4.081705952475769,2.916768009852788,-2.691196041316218,-2.2901845115996915,0.571482317531979,1678,2.472603505895433,1.815125003891782,6.185594385036524,4.806698899852546,-3.206057824908415,-2.7193624354038777,0.6740166865315852,0.5819148936170213,4.325508607198748,3.053423626787058,6.061382598331347,8,-0.11640168687854906,0.5795443164502354,7,0.24368308461183472,1.2551991268237432,7,0.5177410830609216,1.5369170601952848,6,1.6974375492879303,3.474757586743179,7,7.93016446160826e-18,0.0,2.3790493384824782e-17,6,0.0,0.0,0.0
M1C_V4_EXTENSION_SECONDARY,5.1.0-research.1,20af962b672513fa396da2a3b528968497958561156be292b66c8b949e1e100b,6b3ec7b19ecd8cc7d7a47be6d39a817fb444c9ae,MULTIPLE,2026-07-31;2026-08-03;2026-08-04;2026-08-05;2026-08-06;2026-08-07;2026-08-10;2026-08-20;2026-08-21,bfbe8e205b6a32027b3312bb94cc65be11996afeaadbf691dfa61da1e6480004,EXCLUDE_DANGER,all,TOP_10_PCT,0.667749658002736,3905,9,-0.055820307518775696,0.010632293432826739,0.9617744256870812,0.31645569620253167,399,338,0.02597123115457329,-0.14977542623438864,1.5343133903779838,1.062034239677745,-1.3087582339375579,-1.1460931706330555,0.45857988165680474,270,0.23987609717407588,-0.1090878576822995,2.6295669542635762,1.6724285097340585,-2.309175019255538,-2.1782139595055927,0.4703703703703704,233,0.45096610721944563,0.0783085356303781,3.535699941331058,2.525802377738096,-2.728365033743559,-2.555448408871741,0.5150214592274678,121,2.8127724882109315,2.307884577998731,6.139816927490756,5.387948391669206,-3.2203867658512344,-3.0725705638528944,0.7603305785123967,0.5588235294117647,5.037735849056604,2.9055793991416308,6.68595041322314,8,-0.635452107274267,0.7322242434820445,7,-0.357576065606971,1.302890769612405,7,-0.11588187665331823,0.97642138849366,6,2.099848676862439,3.5075011127827733,6,0.2893514771057991,-0.021586023241001135,0.5618755699553293,5,0.1714783582579192,-0.6197361948770483,1.1178740654935388
M1C_V4_EXTENSION_SECONDARY,5.1.0-research.1,20af962b672513fa396da2a3b528968497958561156be292b66c8b949e1e100b,6b3ec7b19ecd8cc7d7a47be6d39a817fb444c9ae,MULTIPLE,2026-07-31;2026-08-03;2026-08-04;2026-08-05;2026-08-06;2026-08-07;2026-08-10;2026-08-20;2026-08-21,bfbe8e205b6a32027b3312bb94cc65be11996afeaadbf691dfa61da1e6480004,EXCLUDE_DANGER,all,TOP_20_PCT,0.667749658002736,3905,9,-0.055820307518775696,0.010632293432826739,0.9617744256870812,0.32946145723336856,791,661,-0.05209173302226051,-0.0977517106549363,1.459287292840674,1.1304347826087024,-1.3071447730771022,-1.0235026535253988,0.4795763993948563,535,0.1126641647906501,-0.0679611650485356,2.4812869923010945,1.790743870259992,-2.4099045360991043,-2.053504144687257,0.4785046728971963,475,0.569035496030795,0.4170281843880241,3.5342230065566667,2.546682712838222,-2.8979506751392643,-2.464819765563031,0.5347368421052632,256,2.8507511853776677,2.3151857872453996,6.0288822834581115,5.412054120541199,-3.631903571386178,-3.1737656106134327,0.71484375,0.564625850340136,4.962962962962963,3.0168421052631578,6.50390625,8,-0.48392769441613137,0.44580070089677415,7,-0.1684380405908703,0.5775706193418219,7,0.004245293607121166,1.0353230907312627,6,1.921503849316039,3.7593143101183397,7,0.10043659802735896,-0.22930711095521056,0.41494384069061835,6,0.058336294912907594,-0.07665698519982075,0.21187167735762383
M2_V4_TRIGGER,5.1.0-research.1,20af962b672513fa396da2a3b528968497958561156be292b66c8b949e1e100b,6b3ec7b19ecd8cc7d7a47be6d39a817fb444c9ae,MULTIPLE,2026-07-31;2026-08-03;2026-08-04;2026-08-05;2026-08-06;2026-08-07;2026-08-10;2026-08-20;2026-08-21,8d594970b0013c1cd32923d1cb0ffda40905e34a80bd54c314458e60f9bcd349,EXCLUDE_DANGER,all,ALL_ELIGIBLE,0.5085499316005472,2974,9,-0.06204288910867335,-0.003203961839350913,0.9375896376728263,0.2384122919334187,2974,2549,0.1863111869366502,0.0963159162051585,1.6378554380782486,1.293819389806794,-1.2695933996294926,-1.0499637943519269,0.523342487249902,2145,0.6864711428269904,0.3047972435727519,3.123560778338414,2.151554557276269,-2.206728732525299,-1.9280575539568408,0.5435897435897435,1973,1.124763782101723,0.7470176103010706,4.126474006588752,2.9344035791828205,-2.5834330985426313,-2.239484340137188,0.5843892549417131,1219,2.7140550562206935,2.0720433535224902,6.29834178942814,4.984337571402242,-3.069893970360509,-2.613023641642476,0.6964725184577523,0.5968436154949784,4.1954261954261955,3.0598073998986317,6.164889253486464,8,-0.11768427158509867,0.6729428929798656,7,0.21964826245137045,1.4910043151966412,7,0.629446220933862,1.7648438479151727,6,1.738299695002241,3.7471605381798034,7,-0.0003323286617126775,-0.3190035714374573,0.23270932019485435,6,0.10620027879201673,-0.00014141681624520435,0.19979944856760193
M2_V4_TRIGGER,5.1.0-research.1,20af962b672513fa396da2a3b528968497958561156be292b66c8b949e1e100b,6b3ec7b19ecd8cc7d7a47be6d39a817fb444c9ae,MULTIPLE,2026-07-31;2026-08-03;2026-08-04;2026-08-05;2026-08-06;2026-08-07;2026-08-10;2026-08-20;2026-08-21,8d594970b0013c1cd32923d1cb0ffda40905e34a80bd54c314458e60f9bcd349,EXCLUDE_DANGER,all,TOP_10_PCT,0.5085499316005472,2974,8,-0.06204288910867335,-0.003203961839350913,0.9375896376728263,0.4263392857142857,306,262,0.02146570109255219,-0.3668529428386413,1.5319373861371481,1.0527032681536652,-1.3729811613568905,-1.1992219060113718,0.41603053435114506,213,-0.15117559439129652,-0.3290428723507266,2.3424725722540654,1.6126436411626477,-2.464007346542045,-2.3054417788180293,0.4131455399061033,184,0.3354019629412119,0.0682418503040183,3.2669001847725694,2.4142606175141523,-2.7951876840563936,-2.7610619469026543,0.5108695652173914,100,2.109540552738821,1.6257759385161163,5.263216617031689,4.231268964181767,-3.7590805883528144,-3.620631720430112,0.7,0.35714285714285715,5.4324324324324325,2.858695652173913,6.73,7,-0.7354981995646102,0.7869641645982606,6,-0.6438309696670234,0.5118937503026032,6,-0.32402986215420754,0.8302248993408811,5,0.5406704365033851,3.1313900405253436,6,0.26721418328877405,-0.03607708468630456,0.5117755016722986,5,-0.46631886802504735,-0.8143572862469316,-0.11837932192397398
M2_V4_TRIGGER,5.1.0-research.1,20af962b672513fa396da2a3b528968497958561156be292b66c8b949e1e100b,6b3ec7b19ecd8cc7d7a47be6d39a817fb444c9ae,MULTIPLE,2026-07-31;2026-08-03;2026-08-04;2026-08-05;2026-08-06;2026-08-07;2026-08-10;2026-08-20;2026-08-21,8d594970b0013c1cd32923d1cb0ffda40905e34a80bd54c314458e60f9bcd349,EXCLUDE_DANGER,all,TOP_20_PCT,0.5085499316005472,2974,8,-0.06204288910867335,-0.003203961839350913,0.9375896376728263,0.5498960498960499,604,508,0.014371082696064063,-0.19823670780960145,1.477440027719588,1.141996284548863,-1.3143952350137775,-1.090385616711076,0.4625984251968504,413,0.07247902388908055,-0.0271886895051753,2.4373351394522134,1.6501157320988336,-2.3625485992915083,-2.271782795401023,0.4939467312348668,368,0.41920443295502213,0.1815887652605985,3.3633658669824764,2.477219270563236,-2.772009640892492,-2.537665764076924,0.529891304347826,199,2.3612039193528807,1.560366686171255,5.445498523517497,4.37547217325609,-3.7381263913859017,-3.1693329308783658,0.7035175879396985,0.47706422018348627,5.208333333333333,2.907608695652174,6.522613065326633,7,-0.47419090971877836,0.5274602983666361,6,-0.31130410202536135,0.5450384403198173,6,-0.24456835786026848,0.9401840169865147,5,0.988293444506149,3.3382172991092083,6,-0.002698518044715973,-0.44127546467568357,0.41088081145873695,5,-0.17441247204553587,-1.1132492826504645,0.9389616351983271
M3_V4_EXTENSION_TRIGGER,5.1.0-research.1,20af962b672513fa396da2a3b528968497958561156be292b66c8b949e1e100b,6b3ec7b19ecd8cc7d7a47be6d39a817fb444c9ae,MULTIPLE,2026-07-31;2026-08-03;2026-08-04;2026-08-05;2026-08-06;2026-08-07;2026-08-10;2026-08-20;2026-08-21,69b40ef788b205cd4d0bb074a75920cebe14962d4f31c656464783950e569a90,EXCLUDE_DANGER,all,ALL_ELIGIBLE,0.5008549931600548,2929,9,-0.044426123342467136,0.011209777115489653,0.9295236379057092,0.2499359795134443,2929,2521,0.18615413416891224,0.084340280593631,1.6431192625588869,1.293819389806794,-1.269447546706935,-1.043478260869568,0.5224117413724713,2122,0.699838619746256,0.3099342069490474,3.135136792853349,2.1506072106109215,-2.197176710303112,-1.907898588356249,0.5452403393025448,1954,1.125238754238732,0.7470176103010706,4.1311789086328154,2.9255094275809634,-2.579676845782532,-2.22944728286113,0.582906857727738,1213,2.7258856978288004,2.08526413345691,6.296806722388819,4.9163226154376405,-3.0660887791326745,-2.585487906588824,0.6957955482275351,0.5951008645533141,4.190376569037657,3.054759467758444,6.167353668590272,8,-0.11902662839735807,0.6736788829466455,7,0.23625605876074096,1.501403430310944,7,0.6230826019851667,1.7623874101524046,6,1.744315589985729,3.7597035879143332,7,-0.0021430299716991446,-0.32234459402829135,0.23063538292678776,6,0.11388770266120318,0.003826814855564988,0.2092185921680571
M3_V4_EXTENSION_TRIGGER,5.1.0-research.1,20af962b672513fa396da2a3b528968497958561156be292b66c8b949e1e100b,6b3ec7b19ecd8cc7d7a47be6d39a817fb444c9ae,MULTIPLE,2026-07-31;2026-08-03;2026-08-04;2026-08-05;2026-08-06;2026-08-07;2026-08-10;2026-08-20;2026-08-21,69b40ef788b205cd4d0bb074a75920cebe14962d4f31c656464783950e569a90,EXCLUDE_DANGER,all,TOP_10_PCT,0.5008549931600548,2929,8,-0.044426123342467136,0.011209777115489653,0.9295236379057092,0.42437923250564336,299,256,0.11768715191934226,-0.2580149419997235,1.63531852970209,1.081981461999304,-1.290630323267873,-1.1460931706330555,0.46484375,208,0.01126654580031595,-0.2626552053486164,2.5200380899661026,1.7959235116050132,-2.293134710744113,-1.9665175368287489,0.4375,185,0.3860008344783381,-0.0850701829008926,3.416773153887975,2.46631651061886,-2.6317617674444582,-2.420688618252897,0.4918918918918919,97,2.4915898104584464,1.97388711833042,5.639877225385489,4.83030913978495,-3.419911652148027,-3.534447052326384,0.7422680412371134,0.42592592592592593,5.2631578947368425,2.843243243243243,6.494845360824742,7,-0.687877825982287,0.8309547022768025,6,-0.49122409087808305,0.6513948427595649,6,-0.20920943536910103,0.8602293337336809,5,0.91804634924969,3.5784038459372347,6,0.3152319060867899,-0.0267195528947165,0.5857340174386952,5,-0.21070943427545244,-0.4218287085594257,-0.015500358559817662
M3_V4_EXTENSION_TRIGGER,5.1.0-research.1,20af962b672513fa396da2a3b528968497958561156be292b66c8b949e1e100b,6b3ec7b19ecd8cc7d7a47be6d39a817fb444c9ae,MULTIPLE,2026-07-31;2026-08-03;2026-08-04;2026-08-05;2026-08-06;2026-08-07;2026-08-10;2026-08-20;2026-08-21,69b40ef788b205cd4d0bb074a75920cebe14962d4f31c656464783950e569a90,EXCLUDE_DANGER,all,TOP_20_PCT,0.5008549931600548,2929,8,-0.044426123342467136,0.011209777115489653,0.9295236379057092,0.556830031282586,593,486,0.02482558136440587,-0.0581540250893186,1.4953301194761064,1.1614963945216106,-1.3114350000358521,-1.0989291761407838,0.4794238683127572,385,0.1046943616884203,-0.0405943005602038,2.4546989828511334,1.6990716412681683,-2.3651391151109706,-2.271782795401023,0.4857142857142857,340,0.41067503195727983,0.1815887652605985,3.3648238881753034,2.525802377738096,-2.79035108378123,-2.557568243223629,0.5323529411764706,181,2.522025271792443,1.6173157386546455,5.718676766021639,5.277198577210829,-3.7882100167649937,-3.302456705598056,0.7237569060773481,0.5306122448979592,5.140845070422535,2.8941176470588235,6.629834254143646,7,-0.5159357792949646,0.560032252178086,6,-0.16684377538395503,0.5170717197184699,6,-0.24384427910429418,1.2134675878160128,5,1.7281883632374317,3.1737753439103615,6,0.08319483183467258,-0.7073446151659829,0.6606944241803209,5,0.22174015327214752,-0.8542311731234606,1.6123375022880204
M4_TS_GATE_6.0_V4,5.1.0-research.1,20af962b672513fa396da2a3b528968497958561156be292b66c8b949e1e100b,6b3ec7b19ecd8cc7d7a47be6d39a817fb444c9ae,MULTIPLE,2026-07-31;2026-08-03;2026-08-04;2026-08-05;2026-08-06;2026-08-07;2026-08-10;2026-08-20;2026-08-21,a6d0ea4b6def02f8a76aba4a7502006bfffca2222908e633cd570d53585b1720,EXCLUDE_DANGER,all,ALL_ELIGIBLE,0.5155608755129959,3015,9,-0.05313967542125431,0.05850076728371058,0.9981224445670319,0.22791293213828426,3015,2596,0.07558037342248397,-0.0217509516041269,1.5487844464774436,1.246992503160771,-1.3397303876301403,-1.1207558540314855,0.49345146379044685,2206,0.41780686684185414,0.19067527545726382,2.880598517618723,2.0534800529765302,-2.3654287012151816,-2.049671202118253,0.5262919310970081,2048,0.7128326337982747,0.3549572938273404,3.7902494903925916,2.6908171418285276,-2.7920129446238753,-2.3781649264267237,0.55126953125,1261,2.123295335511338,1.3513513513513598,5.857007953203678,4.418475236505293,-3.429093095064192,-2.8946728289953705,0.6336241078509119,0.5454545454545454,4.547461368653422,3.01025390625,6.0761300555114985,8,-0.19371143989923867,0.5300464313361568,7,0.02461874869669647,1.0798024400215462,7,0.1656547754478855,1.2285257993351062,6,1.246184007006273,3.180158307970461,7,-0.1358585804439832,-0.4126075333951576,0.20623855724810455,6,-0.2301646524270088,-0.4143193810013706,0.00991522627944282
M4_TS_GATE_6.0_V4,5.1.0-research.1,20af962b672513fa396da2a3b528968497958561156be292b66c8b949e1e100b,6b3ec7b19ecd8cc7d7a47be6d39a817fb444c9ae,MULTIPLE,2026-07-31;2026-08-03;2026-08-04;2026-08-05;2026-08-06;2026-08-07;2026-08-10;2026-08-20;2026-08-21,a6d0ea4b6def02f8a76aba4a7502006bfffca2222908e633cd570d53585b1720,EXCLUDE_DANGER,all,TOP_10_PCT,0.5155608755129959,3015,8,-0.05313967542125431,0.05850076728371058,0.9981224445670319,0.22556390977443608,309,264,0.05243380108623053,-0.2701399558533768,1.5564002259884677,1.0511792917679452,-1.3656095756478999,-1.1574757974304406,0.42803030303030304,208,-0.2249226109651543,-0.4277805737292417,2.524337939205416,1.6289279112754018,-2.5479070540263566,-2.0541991962473025,0.4182692307692308,175,0.2882725966768661,-0.0850701829008926,3.4538552117390413,2.3622047244094446,-2.8916645422690337,-2.464819765563031,0.49142857142857144,94,2.7855692095541746,2.4845739401673006,5.8079595632256416,5.332573484440017,-3.590168603399979,-3.483386923901388,0.7553191489361702,0.37037037037037035,5.828571428571428,2.645714285714286,6.904255319148936,7,-0.6492219336313793,0.6867488212446164,6,-0.6179121011519151,0.27380554481075015,6,-0.2779565306172541,0.6759594030708697,5,0.9291454505790081,4.408131171603673,6,0.14143680280452708,-0.11136405238243781,0.3673278056712716,5,0.13608360535655534,-0.11248494709336884,0.48780462389433643
M4_TS_GATE_6.0_V4,5.1.0-research.1,20af962b672513fa396da2a3b528968497958561156be292b66c8b949e1e100b,6b3ec7b19ecd8cc7d7a47be6d39a817fb444c9ae,MULTIPLE,2026-07-31;2026-08-03;2026-08-04;2026-08-05;2026-08-06;2026-08-07;2026-08-10;2026-08-20;2026-08-21,a6d0ea4b6def02f8a76aba4a7502006bfffca2222908e633cd570d53585b1720,EXCLUDE_DANGER,all,TOP_20_PCT,0.5155608755129959,3015,9,-0.05313967542125431,0.05850076728371058,0.9981224445670319,0.22629582806573956,612,525,-0.046725024547423166,-0.2368104351876843,1.5271302907359903,1.0827574949670904,-1.369623129961718,-1.1460931706330555,0.44952380952380955,428,0.03004096911760614,-0.1798561151079125,2.546149901224337,1.730469090122111,-2.540193053274138,-2.2421016872381405,0.4462616822429907,384,0.4506681700285991,0.0682418503040183,3.628085680797785,2.501359434475248,-3.065195006234308,-2.5447770807455026,0.5052083333333334,211,3.1583890304207283,2.726766833611572,6.331301248115052,5.721231766612633,-3.7484629654185153,-3.1693329308783658,0.7345971563981043,0.5354330708661418,4.869565217391305,2.9817708333333335,6.559241706161138,8,-0.4520657664511758,0.45689587422281414,7,-0.3818290172877758,0.6118790137229719,7,-0.46126680784428215,1.1910537820150495,6,2.1499175781504984,4.096008159446564,7,0.017793748507622793,-0.16021709526696992,0.23325171587124888,6,0.6846092330850616,0.16235988629470793,1.5559439696666841
M4_TS_GATE_6.5_V4,5.1.0-research.1,20af962b672513fa396da2a3b528968497958561156be292b66c8b949e1e100b,6b3ec7b19ecd8cc7d7a47be6d39a817fb444c9ae,MULTIPLE,2026-07-31;2026-08-03;2026-08-04;2026-08-05;2026-08-06;2026-08-07;2026-08-10;2026-08-20;2026-08-21,adf30bb42274d8292ed7f14bb0c8a78741ef578a2409edb308993977ac88b3be,EXCLUDE_DANGER,all,ALL_ELIGIBLE,0.436046511627907,2550,9,-0.02052114148511195,0.08788415359829377,0.9956269151420403,0.34699103713188223,2550,2210,0.025379135206507683,-0.07495941896278885,1.5391120919389594,1.2461576804851715,-1.39032119298683,-1.1357796260402286,0.481447963800905,1890,0.30183603067125,0.0580460796570703,2.840202905155785,1.998845810817884,-2.4663409331807635,-2.1162734127949334,0.5063492063492063,1753,0.5846417722314066,0.2120890774125028,3.7540662021419107,2.6588673225206083,-2.9052610382362105,-2.518129389596302,0.5385054192812322,1061,2.0218970594411343,1.2650948821161467,5.814019251156503,4.418475236505293,-3.544388843428044,-3.022703714849373,0.6239396795475967,0.5210084033613446,4.574866310160428,2.9606389047347403,6.054665409990575,8,-0.23004533075106903,0.4825657530111016,7,-0.12624658865591457,0.9120690994086961,7,0.055659763521177345,1.042078333044427,6,1.1358572628719206,3.0738454735745826,7,-0.26927319759236706,-0.6609928308871387,0.0770435582394816,6,-0.30462972008359285,-0.5999309804847069,0.13396896339057995
M4_TS_GATE_6.5_V4,5.1.0-research.1,20af962b672513fa396da2a3b528968497958561156be292b66c8b949e1e100b,6b3ec7b19ecd8cc7d7a47be6d39a817fb444c9ae,MULTIPLE,2026-07-31;2026-08-03;2026-08-04;2026-08-05;2026-08-06;2026-08-07;2026-08-10;2026-08-20;2026-08-21,adf30bb42274d8292ed7f14bb0c8a78741ef578a2409edb308993977ac88b3be,EXCLUDE_DANGER,all,TOP_10_PCT,0.436046511627907,2550,8,-0.02052114148511195,0.08788415359829377,0.9956269151420403,0.3408521303258145,263,222,0.09883655922661333,-0.2709764831123618,1.5586777762684527,1.0511792917679452,-1.3605899532767682,-1.182046879315457,0.42342342342342343,177,-0.31898917488588374,-0.6786739754633397,2.4711935250379513,1.6126436411626477,-2.5684002688091354,-2.1302264961781003,0.3954802259887006,150,0.10117242525969593,-0.3471634208297991,3.2069567490918,2.2568796408428566,-3.0175697111127096,-2.715877342657741,0.4666666666666667,84,2.704283282629579,2.466666666666661,5.525808549976923,4.630976382488483,-3.6898868256062953,-3.620631720430112,0.75,0.36,6.290322580645161,2.6133333333333333,7.083333333333333,7,-0.593522435272309,0.6977485218190043,6,-0.6945508128783038,0.14228773541506334,6,-0.46317881504061253,0.6259135011801968,5,0.9443040697188885,4.161525191453358,6,-0.02450443800686809,-0.33359297569252844,0.3069930276382636,5,0.08301677343891453,-0.10349882162715777,0.2599099483570758
M4_TS_GATE_6.5_V4,5.1.0-research.1,20af962b672513fa396da2a3b528968497958561156be292b66c8b949e1e100b,6b3ec7b19ecd8cc7d7a47be6d39a817fb444c9ae,MULTIPLE,2026-07-31;2026-08-03;2026-08-04;2026-08-05;2026-08-06;2026-08-07;2026-08-10;2026-08-20;2026-08-21,adf30bb42274d8292ed7f14bb0c8a78741ef578a2409edb308993977ac88b3be,EXCLUDE_DANGER,all,TOP_20_PCT,0.436046511627907,2550,8,-0.02052114148511195,0.08788415359829377,0.9956269151420403,0.3438685208596713,519,440,-0.043140639214722075,-0.19633698887366874,1.56486165507897,1.0827574949670904,-1.4043711826579517,-1.139713251983193,0.45227272727272727,358,-0.09028068390571135,-0.3276890637180674,2.5202105002052297,1.6451986791293116,-2.5717192271951466,-2.2244150807570695,0.4301675977653631,320,0.2370920000996445,-0.1125089495755293,3.5303785559991114,2.477219270563236,-3.1449063349883595,-2.697684848614052,0.48125,176,3.140754967434624,2.726766833611572,6.261020712592554,5.591121344317251,-3.713859201806113,-3.0725705638528944,0.7556818181818182,0.5576923076923077,5.025316455696203,2.8375,6.5625,7,-0.5321911549060859,0.5004005326192962,6,-0.5656009112051251,0.5725904998549405,6,-0.673991353365754,1.095162236725737,5,1.7534479986605869,4.269256674938637,6,-0.25502952939103846,-0.40762248399970885,-0.05968653582923633,5,0.354654970443554,0.021458893639665848,0.6754646102913152
M4_TS_GATE_7.0_V4,5.1.0-research.1,20af962b672513fa396da2a3b528968497958561156be292b66c8b949e1e100b,6b3ec7b19ecd8cc7d7a47be6d39a817fb444c9ae,MULTIPLE,2026-07-31;2026-08-03;2026-08-04;2026-08-05;2026-08-06;2026-08-07;2026-08-10;2026-08-20;2026-08-21,6a8c8bfe96dd13bfd69f0a91978ba88d617ee56ad2c05b09bc143b08e13982be,EXCLUDE_DANGER,all,ALL_ELIGIBLE,0.3325923392612859,1945,9,-0.002745725440440118,0.11785435377378861,0.9895040959514604,0.5019206145966709,1945,1697,0.013304717028256311,-0.1209607741489593,1.5435502444329694,1.2733580383190055,-1.410214261316585,-1.1460931706330555,0.46906305244549207,1447,0.20612858949229398,0.0372612948299933,2.7571940998739923,1.9777777777777887,-2.527829329700463,-2.1499387323159147,0.502418797512094,1352,0.40956259566313225,0.1302648719061938,3.584656619856744,2.5423289031339946,-2.966563023598468,-2.5473016586828265,0.5310650887573964,859,1.5512116416718915,1.0079840319361155,5.401514731430758,4.159212880143115,-3.7235455111809874,-3.2217648111687813,0.5844004656577415,0.48218029350104824,4.682310469314079,2.955621301775148,5.9965075669383,8,-0.24682964512730116,0.4793719573892261,7,-0.17043899353303815,0.6532755576884326,7,-0.2219156657474045,0.9355750185687143,6,0.7252703747261575,2.347928198824675,7,-0.6513890393019537,-1.1775969645486126,-0.15081840698572124,6,-1.0739585152964735,-1.447485979256046,-0.7637222364796548
M4_TS_GATE_7.0_V4,5.1.0-research.1,20af962b672513fa396da2a3b528968497958561156be292b66c8b949e1e100b,6b3ec7b19ecd8cc7d7a47be6d39a817fb444c9ae,MULTIPLE,2026-07-31;2026-08-03;2026-08-04;2026-08-05;2026-08-06;2026-08-07;2026-08-10;2026-08-20;2026-08-21,6a8c8bfe96dd13bfd69f0a91978ba88d617ee56ad2c05b09bc143b08e13982be,EXCLUDE_DANGER,all,TOP_10_PCT,0.3325923392612859,1945,8,-0.002745725440440118,0.11785435377378861,0.9895040959514604,0.48370927318295737,206,172,0.019788303801300162,-0.2854490472546989,1.5000962600433176,1.0467512745417018,-1.3640568127078958,-1.1571841851494735,0.4186046511627907,132,-0.6790405617950761,-0.826633450345382,2.1117568114894536,1.498729889923811,-2.627922040716647,-2.0541991962473025,0.3560606060606061,112,-0.014249727775881103,-0.2954867925957338,2.8253197296911057,2.074932795698925,-3.0403694323160644,-2.785936057732652,0.48214285714285715,63,2.343292795092803,1.97388711833042,4.919710086867483,4.194510126452156,-3.9106905246413772,-3.725769908534027,0.7301587301587301,0.375,6.260869565217392,2.625,7.428571428571429,7,-0.6844634827235228,0.6632745108181743,6,-1.3634627720202652,-0.05221461310668041,6,-0.9336406502266531,0.8384292144787566,5,0.3221315233833231,3.879958789638647,6,-0.15429111685752592,-0.6652073778880607,0.2943004397456931,5,-0.3512364762472724,-0.7021600340783961,-0.04900231172841024
M4_TS_GATE_7.0_V4,5.1.0-research.1,20af962b672513fa396da2a3b528968497958561156be292b66c8b949e1e100b,6b3ec7b19ecd8cc7d7a47be6d39a817fb444c9ae,MULTIPLE,2026-07-31;2026-08-03;2026-08-04;2026-08-05;2026-08-06;2026-08-07;2026-08-10;2026-08-20;2026-08-21,6a8c8bfe96dd13bfd69f0a91978ba88d617ee56ad2c05b09bc143b08e13982be,EXCLUDE_DANGER,all,TOP_20_PCT,0.3325923392612859,1945,8,-0.002745725440440118,0.11785435377378861,0.9895040959514604,0.49304677623261695,401,337,0.10046867896406264,-0.1858962637898531,1.6757365199678944,1.1494252873563315,-1.3428391431837283,-1.1460931706330555,0.4599406528189911,270,-0.08038306027457226,-0.4277805737292417,2.6561911073180604,1.6724285097340585,-2.5734824785331907,-2.2421016872381405,0.4185185185185185,238,-0.045364991839849385,-0.3820682628629557,3.445635361318683,2.362000759230387,-3.167911743062697,-2.611290567913455,0.4411764705882353,139,2.561629655763224,2.466666666666661,5.797916874367753,5.412054120541199,-3.746597867529361,-3.534447052326384,0.7266187050359713,0.5316455696202531,4.839285714285714,2.7016806722689077,6.474820143884892,7,-0.3778516455013209,0.5927314268764403,6,-0.5197869889901113,0.5143100438717416,6,-0.6636103492680665,0.6290150020237932,5,0.9759107073288172,3.717372730997815,6,-0.5304309428044199,-0.9959543275136882,-0.1676824127264058,5,-0.28790177925815386,-0.791103460161246,0.33192999152754954
M0_V4,5.1.0-research.1,20af962b672513fa396da2a3b528968497958561156be292b66c8b949e1e100b,6b3ec7b19ecd8cc7d7a47be6d39a817fb444c9ae,MULTIPLE,2026-07-31;2026-08-03;2026-08-04,9ac8b67fc47e8c7dac33a8041973b40a8070367de5ce4d1279f5e6d261c13768,NO_DANGER_EXCLUSION,calibration,ALL_ELIGIBLE,1.0,1176,3,-0.1515906726169557,-0.038390892216161585,1.0,0.0,1176,1176,0.5113582329753568,0.4170159332198109,2.067099105581801,1.624661528848148,-1.1181474332534935,-0.9085503795184413,0.5935374149659864,1176,1.4711519998675882,0.9552238805970116,4.266813270321972,2.9461756373937664,-2.1795814776487967,-1.6078979983723152,0.6113945578231292,1176,1.7635547937080402,1.1650147800382538,5.472021875250468,3.8018469934744665,-2.7264161857134,-2.0061983428625254,0.6343537414965986,1176,3.067912120034384,2.2466039707419005,6.866105969423111,5.381017424048817,-3.1846269830518943,-2.435936012690809,0.7219387755102041,0.6875,3.8223844282238444,3.04421768707483,5.871598639455782,3,-0.10973214782826998,1.8005084447005213,3,0.9489787893969248,2.8925416418042773,3,1.5993903756690449,2.1219439065000456,3,1.9777522454565857,4.47372825224141,3,0.0,0.0,0.0,3,0.0,0.0,0.0
M0_V4,5.1.0-research.1,20af962b672513fa396da2a3b528968497958561156be292b66c8b949e1e100b,6b3ec7b19ecd8cc7d7a47be6d39a817fb444c9ae,MULTIPLE,2026-07-31;2026-08-03;2026-08-04,9ac8b67fc47e8c7dac33a8041973b40a8070367de5ce4d1279f5e6d261c13768,NO_DANGER_EXCLUSION,calibration,TOP_10_PCT,1.0,1176,3,-0.1515906726169557,-0.038390892216161585,1.0,0.0,109,109,0.1778544275814625,-0.0581540250893186,1.726690623670143,1.6002032004064135,-1.6022114750114438,-1.261092947220921,0.4954128440366973,109,0.7210621811934225,0.6401795142555455,3.644457022035993,2.700999369766821,-2.760121269836019,-2.243088158581119,0.5412844036697247,109,0.6413648000897697,0.0783085356303781,4.880253992348105,3.4128817038747705,-3.5910016480588736,-2.84913591779542,0.5412844036697247,109,3.860856872934598,3.223619007876466,6.75648955233494,5.461010922021869,-3.9903742975020133,-3.0540012135104155,0.7798165137614679,0.5686274509803921,5.052631578947368,2.7981651376146788,6.348623853211009,3,-0.571377468995789,0.5843215134073897,3,-0.044370608912190496,1.2035293093268054,3,-0.6209074404627793,1.3340089407233513,3,2.6032473791751953,5.278429936676249,3,0.0,0.0,0.0,3,0.0,0.0,0.0
M0_V4,5.1.0-research.1,20af962b672513fa396da2a3b528968497958561156be292b66c8b949e1e100b,6b3ec7b19ecd8cc7d7a47be6d39a817fb444c9ae,MULTIPLE,2026-07-31;2026-08-03;2026-08-04,9ac8b67fc47e8c7dac33a8041973b40a8070367de5ce4d1279f5e6d261c13768,NO_DANGER_EXCLUSION,calibration,TOP_20_PCT,1.0,1176,3,-0.1515906726169557,-0.038390892216161585,1.0,0.0,224,224,-0.10494127262293593,-0.29964574969901786,1.4721911086705544,1.4207090443225434,-1.581277488265052,-1.2075317232910332,0.4419642857142857,224,0.30850147808664324,0.0657703475030025,3.1756999358952136,2.1455602462160934,-2.765821471316943,-2.187499999999998,0.5,224,0.29126092713941454,0.30449038959512453,4.198332945569197,3.076923076923088,-3.467522737175983,-2.401079268151546,0.5401785714285714,224,2.7978444531300255,2.2570585549246847,5.874017901510882,4.875451819888488,-3.8887663165326782,-2.975336030275355,0.6964285714285714,0.5319148936170213,5.0476190476190474,2.8526785714285716,6.232142857142857,3,-0.7022633652307936,0.316585383731181,3,0.10389385395792593,0.46320246694316486,3,-0.13105863427533318,0.9533576209819365,3,1.9983968410247297,4.020501103373488,3,0.0,0.0,0.0,3,0.0,0.0,0.0
M1A_V4_FILTER_EXTREME,5.1.0-research.1,20af962b672513fa396da2a3b528968497958561156be292b66c8b949e1e100b,6b3ec7b19ecd8cc7d7a47be6d39a817fb444c9ae,MULTIPLE,2026-07-31;2026-08-03;2026-08-04,5bfab40b55f0372eee190e8729c154a2597afab8f2f451ad5fb694291f2cbad8,NO_DANGER_EXCLUSION,calibration,ALL_ELIGIBLE,0.9889455782312925,1163,3,-0.15265235343388076,-0.04350977712025492,0.999991465462563,0.011054421768707483,1163,1163,0.5168634131704671,0.4281468795648058,2.0708794409903826,1.623563218390811,-1.1136809030496508,-0.9074152842761918,0.5950128976784179,1163,1.4919885701701534,0.977881975506656,4.2879012988623995,2.9548693586698427,-2.170418383218303,-1.5719151165837109,0.6147893379191746,1163,1.7626941477853122,1.127364930758712,5.489832957837989,3.833390548117621,-2.7220622452709353,-1.9813144329896888,0.6345657781599312,1163,3.1008863074429667,2.300347222222232,6.88206752455902,5.385455112543536,-3.182562930458475,-2.406093127921072,0.7222699914015477,0.6869244935543278,3.824390243902439,3.0395528804815135,5.868443680137576,3,-0.10606472399519737,1.8005084447005213,3,0.9883658312782855,2.8925416418042773,3,1.58815710659022,2.1219439065000456,3,2.03462616337622,4.47372825224141,3,-0.002296408695718751,-0.011233269078824826,0.004344042991668573,3,0.01935720736516437,0.0,0.056873917919634254
M1A_V4_FILTER_EXTREME,5.1.0-research.1,20af962b672513fa396da2a3b528968497958561156be292b66c8b949e1e100b,6b3ec7b19ecd8cc7d7a47be6d39a817fb444c9ae,MULTIPLE,2026-07-31;2026-08-03;2026-08-04,5bfab40b55f0372eee190e8729c154a2597afab8f2f451ad5fb694291f2cbad8,NO_DANGER_EXCLUSION,calibration,TOP_10_PCT,0.9889455782312925,1163,3,-0.15265235343388076,-0.04350977712025492,0.999991465462563,0.009174311926605505,108,108,0.18322660647078381,0.01569376109430975,1.735566413332265,1.6002032004064135,-1.605701295152471,-1.261092947220921,0.5,108,0.7675325000972902,0.6401795142555455,3.6710899079792805,2.8889612233449546,-2.745206789464469,-2.243088158581119,0.5462962962962963,108,0.7336644132039337,0.0783085356303781,4.918329442831321,3.4128817038747705,-3.5365359300286947,-2.8175359877640362,0.5462962962962963,108,3.9570582827892506,3.223619007876466,6.811937554299514,5.461010922021869,-3.9314783755364036,-3.0339176028026382,0.7870370370370371,0.5686274509803921,5.052631578947368,2.814814814814815,6.398148148148148,3,-0.5760729294549707,0.5843215134073897,3,0.06878192137721278,1.2035293093268054,3,-0.3790717189134135,1.3340089407233513,3,2.8569180116902824,5.278429936676249,3,0.08061190718312194,0.0,0.24183572154936583,3,0.08455687750502916,0.0,0.2536706325150875
M1A_V4_FILTER_EXTREME,5.1.0-research.1,20af962b672513fa396da2a3b528968497958561156be292b66c8b949e1e100b,6b3ec7b19ecd8cc7d7a47be6d39a817fb444c9ae,MULTIPLE,2026-07-31;2026-08-03;2026-08-04,5bfab40b55f0372eee190e8729c154a2597afab8f2f451ad5fb694291f2cbad8,NO_DANGER_EXCLUSION,calibration,TOP_20_PCT,0.9889455782312925,1163,3,-0.15265235343388076,-0.04350977712025492,0.999991465462563,0.008928571428571428,222,222,-0.09992979028858365,-0.29964574969901786,1.4756555389117156,1.4207090443225434,-1.5867131725535333,-1.2075317232910332,0.44144144144144143,222,0.31274817912867214,0.0657703475030025,3.179980079393374,2.1455602462160934,-2.7809823985445696,-2.187499999999998,0.5,222,0.2836629515928938,0.30449038959512453,4.201487404167001,3.076923076923088,-3.4859686684786624,-2.462111258758687,0.5405405405405406,222,2.7933888687897253,2.2570585549246847,5.871709721737656,4.7354027034086315,-3.9008851385344157,-2.975336030275355,0.6981981981981982,0.5319148936170213,5.0476190476190474,2.8468468468468466,6.2342342342342345,3,-0.7031755330862326,0.316585383731181,3,0.10968514094592459,0.46320246694316486,3,-0.15918518643263438,0.9533576209819365,3,1.9696408971607617,4.020501103373488,3,-0.009375517385767066,-0.0281265521573012,0.0,3,-0.00958531462132258,-0.028755943863967737,0.0
M1B_V4_FILTER_EXTENDED_EXTREME,5.1.0-research.1,20af962b672513fa396da2a3b528968497958561156be292b66c8b949e1e100b,6b3ec7b19ecd8cc7d7a47be6d39a817fb444c9ae,MULTIPLE,2026-07-31;2026-08-03;2026-08-04,4e29062fdf241a4dd7efaa84752e82d1d6767ef3d25e01aa89a964f7edad89d2,NO_DANGER_EXCLUSION,calibration,ALL_ELIGIBLE,0.7678571428571429,903,3,-0.1326434357484642,-0.04473735523918702,0.9974743541408972,0.23214285714285715,903,903,0.6752485733780031,0.5366788639135756,2.119561793999398,1.624661528848148,-1.0005657726373924,-0.7980725794308086,0.6212624584717608,903,1.8987443155347938,1.1650147800382538,4.523279677445162,3.180492021755565,-1.9390930120023058,-1.4111365369946616,0.6345514950166113,903,2.0453230289683146,1.204230614473767,5.78844432480613,4.188096987509193,-2.5302343070014266,-1.8746041798606727,0.64562569213732,903,3.4354736956654794,2.3797678275290224,7.089331642515404,5.549722513874311,-2.9630952934491384,-2.272306267366453,0.7486157253599114,0.7086092715231788,3.7045454545454546,3.044296788482835,5.736434108527132,3,0.010316783518011234,1.7928668790405327,3,1.412948620268671,3.046470060643006,3,1.923248819415115,2.196587379158602,3,2.595524411893771,4.3729175170863614,3,0.21647092535403925,0.07464347265855631,0.32385844374606987,3,0.20160680262760336,-0.10081073515504801,0.6177721664371851
M1B_V4_FILTER_EXTENDED_EXTREME,5.1.0-research.1,20af962b672513fa396da2a3b528968497958561156be292b66c8b949e1e100b,6b3ec7b19ecd8cc7d7a47be6d39a817fb444c9ae,MULTIPLE,2026-07-31;2026-08-03;2026-08-04,4e29062fdf241a4dd7efaa84752e82d1d6767ef3d25e01aa89a964f7edad89d2,NO_DANGER_EXCLUSION,calibration,TOP_10_PCT,0.7678571428571429,903,3,-0.1326434357484642,-0.04473735523918702,0.9974743541408972,0.22018348623853212,85,85,0.3097873833542276,-0.0581540250893186,1.65993961813083,1.6002032004064135,-1.5236874783088397,-1.1460931706330555,0.49411764705882355,85,0.9134827479625469,0.6401795142555455,3.615124470414247,3.076923076923088,-2.508723756184098,-2.2421016872381405,0.5764705882352941,85,0.935353542860434,0.0783085356303781,5.014839271391373,3.616762302208332,-3.290774905340321,-2.537665764076924,0.5764705882352941,85,3.81874783702752,2.50248121366794,6.661533558311052,5.461010922021869,-3.7448674639001416,-3.013833992094861,0.7529411764705882,0.5348837209302325,5.266666666666667,2.835294117647059,6.117647058823529,3,-0.3338003707749117,4.175910217930312,3,-1.1092261516377322,1.0977610937309483,3,-1.7356126843272814,1.2226260281762185,3,1.500717734568724,4.500577691156463,3,-0.5811795508834521,-2.617292307168695,0.9851365670654714,3,-1.345557046591285,-3.7777122021075247,-0.05234129413575787
M1B_V4_FILTER_EXTENDED_EXTREME,5.1.0-research.1,20af962b672513fa396da2a3b528968497958561156be292b66c8b949e1e100b,6b3ec7b19ecd8cc7d7a47be6d39a817fb444c9ae,MULTIPLE,2026-07-31;2026-08-03;2026-08-04,4e29062fdf241a4dd7efaa84752e82d1d6767ef3d25e01aa89a964f7edad89d2,NO_DANGER_EXCLUSION,calibration,TOP_20_PCT,0.7678571428571429,903,3,-0.1326434357484642,-0.04473735523918702,0.9974743541408972,0.22321428571428573,174,174,-0.014094607072670315,-0.26213773668335993,1.4659304656571623,1.4434947768281026,-1.5996068846052047,-1.1460931706330555,0.4482758620689655,174,0.661370047402966,0.18091143639321625,3.2948254486580013,2.437891862460395,-2.6813995524988323,-2.2421016872381405,0.5229885057471264,174,0.6840685652773085,0.8438985754709472,4.499696647731323,3.2316082617776742,-3.386479705609805,-2.537665764076924,0.5804597701149425,174,3.256933680797965,2.4845739401673006,6.200114621966133,5.031999877599159,-3.7758079324146143,-2.975336030275355,0.7298850574712644,0.5185185185185185,5.181818181818182,2.9367816091954024,6.241379310344827,3,-0.7702680563985218,0.4145805558892458,3,0.2990653779818891,0.9083142807257222,3,0.13571003773282816,0.9906183439803777,3,2.5635597996409873,4.020501103373488,3,0.23289696347660763,0.0,0.43192221842166156,3,0.2888017515566193,0.0,0.5651629586162579
M1C_V4_EXTENSION_SECONDARY,5.1.0-research.1,20af962b672513fa396da2a3b528968497958561156be292b66c8b949e1e100b,6b3ec7b19ecd8cc7d7a47be6d39a817fb444c9ae,MULTIPLE,2026-07-31;2026-08-03;2026-08-04,9ac8b67fc47e8c7dac33a8041973b40a8070367de5ce4d1279f5e6d261c13768,NO_DANGER_EXCLUSION,calibration,ALL_ELIGIBLE,1.0,1176,3,-0.1274819667232158,-0.024666402996018886,0.9648691708018297,0.0,1176,1176,0.5113582329753568,0.4170159332198109,2.067099105581801,1.624661528848148,-1.1181474332534935,-0.9085503795184413,0.5935374149659864,1176,1.4711519998675882,0.9552238805970116,4.266813270321972,2.9461756373937664,-2.1795814776487967,-1.6078979983723152,0.6113945578231292,1176,1.7635547937080402,1.1650147800382538,5.472021875250468,3.8018469934744665,-2.7264161857134006,-2.0061983428625254,0.6343537414965986,1176,3.067912120034384,2.2466039707419005,6.86610596942311,5.381017424048817,-3.1846269830518943,-2.435936012690809,0.7219387755102041,0.6875,3.8223844282238444,3.04421768707483,5.871598639455782,3,-0.10973214782827,1.8005084447005213,3,0.9489787893969248,2.8925416418042773,3,1.5993903756690449,2.1219439065000456,3,1.9777522454565857,4.47372825224141,3,0.0,0.0,0.0,3,0.0,0.0,0.0
M1C_V4_EXTENSION_SECONDARY,5.1.0-research.1,20af962b672513fa396da2a3b528968497958561156be292b66c8b949e1e100b,6b3ec7b19ecd8cc7d7a47be6d39a817fb444c9ae,MULTIPLE,2026-07-31;2026-08-03;2026-08-04,9ac8b67fc47e8c7dac33a8041973b40a8070367de5ce4d1279f5e6d261c13768,NO_DANGER_EXCLUSION,calibration,TOP_10_PCT,1.0,1176,3,-0.1274819667232158,-0.024666402996018886,0.9648691708018297,0.524822695035461,99,99,0.27346143653212274,0.1108186729464,1.8014455851796443,1.6002032004064135,-1.2231451715905677,-0.9905713323605458,0.5555555555555556,99,1.4937719306525952,1.0826210826210936,3.9419055900657387,3.076923076923088,-2.1294077610531086,-1.891694406105382,0.5959595959595959,99,0.6281939723116287,0.0783085356303781,4.744663499058135,3.083865034201305,-2.835868484521123,-2.39606540838202,0.5555555555555556,99,3.1395765894186636,2.307884577998731,6.2618731262901886,5.014326647564471,-3.259394156926103,-2.975336030275355,0.7070707070707071,0.6666666666666666,4.787878787878788,2.919191919191919,5.878787878787879,3,-0.5138588210070056,1.7155681825992397,3,0.9674904557427175,1.8552462508798409,3,0.4920947126400492,2.1462007648833614,3,2.5761969214612748,3.6268312276907824,3,0.5294167662592244,-0.8419142280833021,1.2645211420419473,3,-0.8872906470934111,-1.6515987089854665,-0.027050457713920117
M1C_V4_EXTENSION_SECONDARY,5.1.0-research.1,20af962b672513fa396da2a3b528968497958561156be292b66c8b949e1e100b,6b3ec7b19ecd8cc7d7a47be6d39a817fb444c9ae,MULTIPLE,2026-07-31;2026-08-03;2026-08-04,9ac8b67fc47e8c7dac33a8041973b40a8070367de5ce4d1279f5e6d261c13768,NO_DANGER_EXCLUSION,calibration,TOP_20_PCT,1.0,1176,3,-0.1274819667232158,-0.024666402996018886,0.9648691708018297,0.20164609053497942,213,213,0.029291672146550506,-0.2582024933493354,1.5817009143643974,1.5247067431916284,-1.4806707489103859,-1.1333333333333306,0.4694835680751174,213,0.613978980500259,0.1721349955662088,3.4494956321900143,2.461721224920788,-2.700476973815922,-2.053504144687257,0.5211267605633803,213,0.7466109407194652,0.8779149519890339,4.610775932696484,3.2258064516129004,-3.354855807493896,-2.379201680672272,0.568075117370892,213,3.044877282615648,2.307884577998731,6.2152366519393425,5.014326647564471,-3.750073604852009,-2.84913591779542,0.7089201877934272,0.5773195876288659,4.898550724637682,2.8826291079812205,6.046948356807512,3,-0.4497910185011509,0.3413150007557051,3,0.3406122996155133,0.6602790463279071,3,0.4157478529131724,0.9581887602695481,3,2.187231105092597,4.020501103373488,3,0.3154330406331125,0.0,0.5468064871885056,3,0.1477015495144228,0.0,0.23245834433955656
M2_V4_TRIGGER,5.1.0-research.1,20af962b672513fa396da2a3b528968497958561156be292b66c8b949e1e100b,6b3ec7b19ecd8cc7d7a47be6d39a817fb444c9ae,MULTIPLE,2026-07-31;2026-08-03;2026-08-04,b2373055e31a05a6f63fbb49ebd0b4ac35bd79c13e3ff62a9b46999b646860bc,NO_DANGER_EXCLUSION,calibration,ALL_ELIGIBLE,0.7270408163265306,855,3,-0.12800678113623515,-0.016198564504814945,0.9512061284807316,0.2729591836734694,855,855,0.623584883965353,0.4963898916967579,2.101868646732866,1.6272023341936892,-1.1135736266000245,-0.8961480089614837,0.6140350877192983,855,1.8370693075381277,1.2202954399486154,4.4741387206041034,2.979196121995553,-2.0883144130759366,-1.5300775518759302,0.6292397660818714,855,2.0935646084137707,1.2731044888721232,5.780228779126642,4.03349616189812,-2.640344379600986,-1.9559902200488977,0.6502923976608187,855,3.495700195756023,2.5447201384881657,7.224935846191646,5.751708428246016,-3.051130717831319,-2.3054417788180293,0.7473684210526316,0.7061611374407583,3.8575757575757574,3.1029239766081873,6.057309941520468,3,-0.051751080322838254,1.9351812095039513,3,1.2972519578247137,3.466469651380026,3,1.9099279985826083,2.7026016442619096,3,2.4658819016519686,5.086519283319458,3,0.39857557391321646,0.30453136106422196,0.580657737761864,3,0.45691384054020595,0.3425904416299193,0.6127910310780473
M2_V4_TRIGGER,5.1.0-research.1,20af962b672513fa396da2a3b528968497958561156be292b66c8b949e1e100b,6b3ec7b19ecd8cc7d7a47be6d39a817fb444c9ae,MULTIPLE,2026-07-31;2026-08-03;2026-08-04,b2373055e31a05a6f63fbb49ebd0b4ac35bd79c13e3ff62a9b46999b646860bc,NO_DANGER_EXCLUSION,calibration,TOP_10_PCT,0.7270408163265306,855,2,-0.12800678113623515,-0.016198564504814945,0.9512061284807316,0.6428571428571429,81,81,0.1325646365486096,-0.2660729800173844,1.2947358025728177,1.4851044908848363,-1.574031789011975,-1.1333333333333306,0.4567901234567901,81,-0.29835506080239865,-0.1798561151079125,2.751269210413946,1.5797788309636518,-3.1058489039564243,-2.518129389596302,0.3950617283950617,81,-0.5080506875730083,0.0783085356303781,3.4946173159316514,2.3622047244094446,-3.623380417950996,-2.734139982619166,0.5308641975308642,81,2.307750038820419,1.593418037908756,5.227774427270429,4.268027801911378,-4.262961081948813,-3.439705736156684,0.691358024691358,0.4,6.173913043478261,2.740740740740741,6.345679012345679,2,-0.5984669371042858,0.5625832092856069,2,-0.9099252229792353,0.06139209341927014,2,-1.342094405684726,-0.017436735742586487,2,0.5378237237172745,3.34888316535168,2,-1.036316320843942,-1.3514456764659377,-0.7211869652219466,2,-1.570302834004314,-2.0654236554579204,-1.0751820125507074
M2_V4_TRIGGER,5.1.0-research.1,20af962b672513fa396da2a3b528968497958561156be292b66c8b949e1e100b,6b3ec7b19ecd8cc7d7a47be6d39a817fb444c9ae,MULTIPLE,2026-07-31;2026-08-03;2026-08-04,b2373055e31a05a6f63fbb49ebd0b4ac35bd79c13e3ff62a9b46999b646860bc,NO_DANGER_EXCLUSION,calibration,TOP_20_PCT,0.7270408163265306,855,3,-0.12800678113623515,-0.016198564504814945,0.9512061284807316,0.47035573122529645,163,163,0.09083901119366303,-0.0978212538906175,1.561636312292239,1.537097250960695,-1.6163651062764373,-1.2501166153559118,0.48466257668711654,163,0.1517806304635417,-0.1071352046282503,2.9900775232212764,2.030900787095513,-2.8740635492706077,-2.3054417788180293,0.48466257668711654,163,0.4704633534603389,0.8098821989528604,4.153850860437754,2.5466985230234496,-3.533703962217077,-2.537665764076924,0.558282208588957,163,3.145145996900816,2.0860602094240788,6.310079636587455,5.412054120541199,-4.022753225985814,-2.84913591779542,0.6932515337423313,0.5205479452054794,5.163265306122449,2.914110429447853,6.52760736196319,3,-1.8548854642662873,0.5372952022425567,3,-1.6943071986087317,1.0715466085266252,3,-1.4021908443669906,1.2565595747079839,3,1.3775994604885204,4.295998111171595,3,-0.6742992563060531,-2.355548465348927,0.6978634491492676,3,0.12753978356315154,-0.620797380536209,0.6672655940422073
M3_V4_EXTENSION_TRIGGER,5.1.0-research.1,20af962b672513fa396da2a3b528968497958561156be292b66c8b949e1e100b,6b3ec7b19ecd8cc7d7a47be6d39a817fb444c9ae,MULTIPLE,2026-07-31;2026-08-03;2026-08-04,7a371af121476548ee1896d4f8026959e684dfc155225ae7dc71e3263650cad6,NO_DANGER_EXCLUSION,calibration,ALL_ELIGIBLE,0.7236394557823129,851,3,-0.11655041179596239,-0.012761465637049144,0.9417762465251979,0.2763605442176871,851,851,0.6300907036668036,0.5029337803855949,2.1046748314683494,1.6272023341936892,-1.1117462537565803,-0.8805353938097338,0.6157461809635723,851,1.860040100508583,1.2456701305622264,4.4880954109747035,3.040936697033403,-2.0726448934426505,-1.527119536598209,0.6321974148061105,851,2.100334999925157,1.2461059190031154,5.798471373624348,4.080382306089936,-2.627202916779459,-1.935357588510178,0.6498237367802585,851,3.5233498241800016,2.5954579485899743,7.237291573079212,5.751708428246016,-3.0394944878380845,-2.3054417788180293,0.7485311398354877,0.7061611374407583,3.8575757575757574,3.0987074030552293,6.0622796709753235,3,-0.042973653979860985,1.9351812095039513,3,1.3493217095115702,3.466469651380026,3,1.9254916417307977,2.7026016442619096,3,2.525976516551007,5.086519283319458,3,0.40376345496261296,0.30453136106422196,0.580657737761864,3,0.47694537883988536,0.3626219799295987,0.6127910310780473
M3_V4_EXTENSION_TRIGGER,5.1.0-research.1,20af962b672513fa396da2a3b528968497958561156be292b66c8b949e1e100b,6b3ec7b19ecd8cc7d7a47be6d39a817fb444c9ae,MULTIPLE,2026-07-31;2026-08-03;2026-08-04,7a371af121476548ee1896d4f8026959e684dfc155225ae7dc71e3263650cad6,NO_DANGER_EXCLUSION,calibration,TOP_10_PCT,0.7236394557823129,851,2,-0.11655041179596239,-0.012761465637049144,0.9417762465251979,0.6971830985915493,76,76,0.03447062360804185,-0.0581540250893186,1.553425414099638,1.5797788309636518,-1.5204848269045281,-1.139713251983193,0.4868421052631579,76,0.8649357020176904,-0.0155338845851394,3.2917232536832235,2.133604267208544,-2.5188142757723626,-2.271782795401023,0.5,76,-0.12752518047249706,-0.0033808236352572546,3.9890458079791626,2.4397139149339164,-3.2992672250601536,-2.785936057732652,0.5,76,2.869189691348625,1.6257759385161163,5.969619604083559,5.461010922021869,-3.7605588287987346,-3.2408940076820714,0.6578947368421053,0.5833333333333334,5.615384615384615,2.8815789473684212,6.315789473684211,2,-0.7097473522359343,0.5198301730715046,2,0.14955059630235248,1.331491205745085,2,-0.6480896002929879,0.21197335419304045,2,1.9670153753676312,3.457564245249273,2,-0.5746088731802597,-1.1220355865303109,-0.027182159830208552,2,-0.8013664682303392,-0.9665009326531147,-0.6362320038075637
M3_V4_EXTENSION_TRIGGER,5.1.0-research.1,20af962b672513fa396da2a3b528968497958561156be292b66c8b949e1e100b,6b3ec7b19ecd8cc7d7a47be6d39a817fb444c9ae,MULTIPLE,2026-07-31;2026-08-03;2026-08-04,7a371af121476548ee1896d4f8026959e684dfc155225ae7dc71e3263650cad6,NO_DANGER_EXCLUSION,calibration,TOP_20_PCT,0.7236394557823129,851,3,-0.11655041179596239,-0.012761465637049144,0.9417762465251979,0.5,157,157,0.03750770685734689,-0.2660729800173844,1.522258616223143,1.537097250960695,-1.5385684014352952,-1.1460931706330555,0.46496815286624205,157,0.20926816638219586,-0.1071352046282503,2.9812442575406903,2.06595152959872,-2.801129994301461,-2.3054417788180293,0.4840764331210191,157,0.41650127948801957,0.8098821989528604,4.192393544238612,2.809873949579833,-3.502848157716525,-2.559688077575517,0.5477707006369427,157,3.0317300169604318,2.0860602094240788,6.189351843284419,5.461010922021869,-4.008879983027953,-3.0540012135104155,0.6815286624203821,0.5277777777777778,5.163265306122449,2.929936305732484,6.401273885350318,3,-3.514672631514648,0.41474076192175946,3,-2.867983794461282,0.9802826633041019,3,-2.742338416937651,1.2004087030743495,3,1.3647403006482302,4.345051707733127,3,-1.151067078776186,-3.6956960379195873,0.6417125775156334,3,0.16476810110061516,-0.6336565403764993,0.6437903609990169
M4_TS_GATE_6.0_V4,5.1.0-research.1,20af962b672513fa396da2a3b528968497958561156be292b66c8b949e1e100b,6b3ec7b19ecd8cc7d7a47be6d39a817fb444c9ae,MULTIPLE,2026-07-31;2026-08-03;2026-08-04,24d3f2307d76546b2b26ed79245bfdf5e9f8ed20e49f544d8ec87e4c5f3ac2a0,NO_DANGER_EXCLUSION,calibration,ALL_ELIGIBLE,0.7559523809523809,889,3,-0.08846533515263831,0.02043724071976781,0.9975136193268308,0.24404761904761904,889,889,0.42476144661258297,0.2794725447746504,1.985907771351579,1.605554350184435,-1.2060401750761105,-0.9300162752848172,0.5736782902137233,889,1.1607635366375146,0.7772020725388407,4.008390671091235,2.721970187945555,-2.3353928390238714,-1.700811751063014,0.5815523059617548,889,1.2285658279276017,0.7921539041870984,5.053724526786324,3.5072281583909515,-2.961266435617694,-2.2352941176470686,0.5973003374578177,889,2.7977087640145757,2.052814442194961,6.55347998465879,5.120137299771166,-3.461978472053037,-2.653704676826074,0.6872890888638921,0.6332518337408313,3.993150684931507,2.9617547806524183,5.833520809898762,3,-0.24331011098370162,1.788110104423613,3,0.431040119868467,2.5156160569519392,3,0.9612972245286343,1.4712625642643924,3,1.7330204515554986,4.061997170950914,3,-0.5821385642239933,-0.6506813422356532,-0.4576411992959162,3,-0.32754248303312644,-0.4117310812904966,-0.24473179390108735
M4_TS_GATE_6.0_V4,5.1.0-research.1,20af962b672513fa396da2a3b528968497958561156be292b66c8b949e1e100b,6b3ec7b19ecd8cc7d7a47be6d39a817fb444c9ae,MULTIPLE,2026-07-31;2026-08-03;2026-08-04,24d3f2307d76546b2b26ed79245bfdf5e9f8ed20e49f544d8ec87e4c5f3ac2a0,NO_DANGER_EXCLUSION,calibration,TOP_10_PCT,0.7559523809523809,889,2,-0.08846533515263831,0.02043724071976781,0.9975136193268308,0.23853211009174313,83,83,0.19495874400310692,-0.0581540250893186,1.5366867427253879,1.564689397477825,-1.5466365341293795,-1.387195762747484,0.4819277108433735,83,0.7587362751153129,0.6401795142555455,3.461288292701276,2.461721224920788,-2.5546543103723147,-2.243088158581119,0.5542168674698795,83,0.4012242782220648,0.0189933523266905,4.710016590110389,3.076923076923088,-3.458415876928662,-2.537665764076924,0.5301204819277109,83,3.445060772512807,2.50248121366794,6.358185656958263,5.461010922021869,-3.9332975054815833,-3.0540012135104155,0.7349397590361446,0.5365853658536586,5.107142857142857,2.7951807228915664,6.240963855421687,2,-0.5628708288405441,0.5807628901780566,2,0.1957095533514637,1.0453680607405453,2,-0.5008594505085904,0.8604669037576713,2,1.8689760069672674,4.2474311986087185,2,-0.1767470235057455,-0.47354203696568,0.12004798995418897,2,-0.4554526757507983,-0.7342713722079275,-0.17663397929366909
M4_TS_GATE_6.0_V4,5.1.0-research.1,20af962b672513fa396da2a3b528968497958561156be292b66c8b949e1e100b,6b3ec7b19ecd8cc7d7a47be6d39a817fb444c9ae,MULTIPLE,2026-07-31;2026-08-03;2026-08-04,24d3f2307d76546b2b26ed79245bfdf5e9f8ed20e49f544d8ec87e4c5f3ac2a0,NO_DANGER_EXCLUSION,calibration,TOP_20_PCT,0.7559523809523809,889,3,-0.08846533515263831,0.02043724071976781,0.9975136193268308,0.23214285714285715,172,172,-0.14457301009803897,-0.3912648703182142,1.4230957873542638,1.3864887416857985,-1.7160253008977995,-1.2843465078707206,0.43023255813953487,172,0.43963093574060863,0.1721349955662088,3.0939967258201793,2.125320630267513,-2.778348376591361,-2.243088158581119,0.5116279069767442,172,0.4514828542338141,0.1803358490489071,4.230704384802266,3.067605619302072,-3.5249862355111348,-2.73483787626152,0.5465116279069767,172,3.1814382241637973,2.400222843482835,6.0055977602896045,5.014326647564471,-3.907150394817176,-3.0540012135104155,0.7151162790697675,0.5131578947368421,5.235294117647059,2.9127906976744184,6.436046511627907,3,-0.8159586640389048,0.3232184680809318,3,-0.16303720173052305,0.9140324496226884,3,-0.5455270055596998,1.1533518572963182,3,2.0941272226331935,4.020501103373488,3,0.06006245348441178,-0.41446837128436664,0.594655731737602,3,0.23601083850711824,0.0,0.44011154981141515
M4_TS_GATE_6.5_V4,5.1.0-research.1,20af962b672513fa396da2a3b528968497958561156be292b66c8b949e1e100b,6b3ec7b19ecd8cc7d7a47be6d39a817fb444c9ae,MULTIPLE,2026-07-31;2026-08-03;2026-08-04,d789ea3b5e603d6cb6969896b5c482103bdb4b22a50deea4d0809dd64be4ffc1,NO_DANGER_EXCLUSION,calibration,ALL_ELIGIBLE,0.6454081632653061,759,3,-0.045986218148478926,0.054253582209270304,0.9930812814189393,0.35459183673469385,759,759,0.3083339851751572,0.1689760054072397,1.891293768981557,1.6002032004064135,-1.3018624642831131,-1.0075566750629703,0.546772068511199,759,0.9098938644255835,0.6401795142555455,3.8561522299706548,2.6567944250871056,-2.5144227313164014,-1.8941393875396064,0.5533596837944664,759,0.8655683719807052,0.4992511233150143,4.789637885130266,3.317341446290678,-3.1633899935639476,-2.338435374149661,0.5757575757575758,759,2.603030924726565,1.8455473929403388,6.367070008000763,4.893644786637097,-3.6657834104321307,-2.877749214510139,0.6693017127799736,0.6041055718475073,4.1645569620253164,2.903820816864295,5.877470355731226,3,-0.4438118059945694,1.7988373775068036,3,0.13739556955593024,2.9142189105279286,3,0.5117831630094468,1.8786070151978218,3,1.508232663437703,4.4752591961627965,3,-0.7171738236953088,-1.0876072126595981,-0.2433368913022238,3,-0.33919544803927154,-0.5229049980198396,0.0015309439213861964
M4_TS_GATE_6.5_V4,5.1.0-research.1,20af962b672513fa396da2a3b528968497958561156be292b66c8b949e1e100b,6b3ec7b19ecd8cc7d7a47be6d39a817fb444c9ae,MULTIPLE,2026-07-31;2026-08-03;2026-08-04,d789ea3b5e603d6cb6969896b5c482103bdb4b22a50deea4d0809dd64be4ffc1,NO_DANGER_EXCLUSION,calibration,TOP_10_PCT,0.6454081632653061,759,2,-0.045986218148478926,0.054253582209270304,0.9930812814189393,0.3486238532110092,71,71,0.1360135425346834,-0.2582024933493354,1.4952202916097754,1.4717983683257607,-1.634759385969299,-1.387195762747484,0.4647887323943662,71,0.3728648948465122,-0.1090878576822995,3.275229896970761,2.133604267208544,-2.7202272451214013,-2.271782795401023,0.49295774647887325,71,-0.546561083894634,0.0189933523266905,3.970221752770475,2.3622047244094446,-3.7279831826233516,-2.785936057732652,0.5070422535211268,71,2.9295373683840205,2.50248121366794,5.67516941214591,5.412054120541199,-4.207473907247861,-3.725769908534027,0.704225352112676,0.47058823529411764,5.636363636363637,2.619718309859155,6.338028169014085,2,-0.5735614975370349,0.49834973320960346,2,-0.28288934469389154,0.7077181235479949,2,-1.7511106383598163,0.06852805030035271,2,1.2528573899567956,3.7857143786447307,2,-1.1978420441600177,-1.2654808904229986,-1.1302031978970368,2,-0.9943703942380281,-1.3503899892183993,-0.6383507992576569
M4_TS_GATE_6.5_V4,5.1.0-research.1,20af962b672513fa396da2a3b528968497958561156be292b66c8b949e1e100b,6b3ec7b19ecd8cc7d7a47be6d39a817fb444c9ae,MULTIPLE,2026-07-31;2026-08-03;2026-08-04,d789ea3b5e603d6cb6969896b5c482103bdb4b22a50deea4d0809dd64be4ffc1,NO_DANGER_EXCLUSION,calibration,TOP_20_PCT,0.6454081632653061,759,3,-0.045986218148478926,0.054253582209270304,0.9930812814189393,0.33035714285714285,150,150,-0.017403858238934002,-0.26213773668335993,1.54659980820677,1.4434947768281026,-1.6320822481798625,-1.3241443549842025,0.44666666666666666,150,0.7176989633535831,0.4531250000000097,3.3882753420503597,2.4140625000000027,-2.6954926463604036,-2.243088158581119,0.5466666666666666,150,0.8355710905424223,0.9398018796037632,4.651295149411753,3.237410071942448,-3.423111568385328,-2.661800910904788,0.5933333333333334,150,3.5823788363044735,2.50248121366794,6.418036174580457,5.412054120541199,-3.77628948341768,-2.994585011185108,0.74,0.5230769230769231,5.1521739130434785,2.993333333333333,6.506666666666667,3,-0.67257075932055,0.42005026538846907,3,0.3406122996155133,1.0040465900944722,3,0.022060418329481937,1.4079741501352012,3,2.872952544862496,4.043472489405815,3,0.3341323590604334,0.0,0.8492780245764852,3,0.5376487437078308,0.0,0.8745557038377663
M4_TS_GATE_7.0_V4,5.1.0-research.1,20af962b672513fa396da2a3b528968497958561156be292b66c8b949e1e100b,6b3ec7b19ecd8cc7d7a47be6d39a817fb444c9ae,MULTIPLE,2026-07-31;2026-08-03;2026-08-04,7607b0aeeb81238a60a7ed4f2ab7025605d1c99899677f8b46e4513d1e20e663,NO_DANGER_EXCLUSION,calibration,ALL_ELIGIBLE,0.49744897959183676,585,3,-0.06745405479034526,0.04611257739577953,0.9904999517441031,0.5025510204081632,585,585,0.15714032573856596,0.1248559354590783,1.733657127709893,1.564689397477825,-1.4133861632034557,-1.0553745928338798,0.5333333333333333,585,0.46441312906322485,0.1896878772202237,3.4544180892485516,2.5906735751295207,-2.6648420237444927,-2.053504144687257,0.5162393162393163,585,0.26393684334819933,0.2226179875334022,4.24343533281086,3.075644222776397,-3.339286590108558,-2.4694009018681573,0.5435897435897435,585,2.119255882833134,1.5092879256966008,5.815711680409708,4.53579021970234,-3.858984137353223,-3.1191515907673217,0.6444444444444445,0.5543071161048689,4.426136363636363,2.825641025641026,6.042735042735043,3,-0.6348283014731789,0.9465045781614208,3,-0.27231977152132264,2.5218502192981482,3,0.015786815373011305,1.9268705570652618,3,1.2239008657982107,3.485707488068659,3,-1.089660821095254,-1.5836035602960334,-0.1950733494347836,3,-0.9470359480239828,-1.0621640548847984,-0.7538513796583747
M4_TS_GATE_7.0_V4,5.1.0-research.1,20af962b672513fa396da2a3b528968497958561156be292b66c8b949e1e100b,6b3ec7b19ecd8cc7d7a47be6d39a817fb444c9ae,MULTIPLE,2026-07-31;2026-08-03;2026-08-04,7607b0aeeb81238a60a7ed4f2ab7025605d1c99899677f8b46e4513d1e20e663,NO_DANGER_EXCLUSION,calibration,TOP_10_PCT,0.49744897959183676,585,2,-0.06745405479034526,0.04611257739577953,0.9904999517441031,0.47706422018348627,57,57,0.14442717731455232,-0.2582024933493354,1.4015177131615433,1.2461576804851715,-1.6661315256332454,-1.1460931706330555,0.40350877192982454,57,0.2277002475062579,0.1721349955662088,2.9924194460312643,2.133604267208544,-2.706848835514942,-2.2421016872381405,0.5087719298245614,57,-0.054035787056387084,0.0783085356303781,3.522507369927797,2.3622047244094446,-3.185506800071454,-2.39606540838202,0.5789473684210527,57,3.096129164686246,3.223619007876466,5.329125073696946,4.431643625192017,-3.7075545252907633,-3.0540012135104155,0.7192982456140351,0.39285714285714285,6.375,2.6666666666666665,6.526315789473684,2,-0.5990793568449146,0.4875840392343063,2,0.16268440864258274,0.3685678983775544,2,-0.6101779608465596,0.2026452162313849,2,1.0605381009612187,4.0356327325593355,2,-0.5603171224378733,-1.1313637244919663,0.010729479616219728,2,-0.9655708617785141,-1.5427092782139762,-0.3884324453430521
M4_TS_GATE_7.0_V4,5.1.0-research.1,20af962b672513fa396da2a3b528968497958561156be292b66c8b949e1e100b,6b3ec7b19ecd8cc7d7a47be6d39a817fb444c9ae,MULTIPLE,2026-07-31;2026-08-03;2026-08-04,7607b0aeeb81238a60a7ed4f2ab7025605d1c99899677f8b46e4513d1e20e663,NO_DANGER_EXCLUSION,calibration,TOP_20_PCT,0.49744897959183676,585,3,-0.06745405479034526,0.04611257739577953,0.9904999517441031,0.5044642857142857,111,111,0.1361395855840941,0.0895415472779381,1.551576532375302,1.4717983683257607,-1.6315764472344683,-1.4528703047484104,0.5135135135135135,111,0.6007349798672819,0.1896878772202237,3.3330592297279735,2.133604267208544,-2.7061512690824348,-2.243088158581119,0.5405405405405406,111,-0.1384721463641949,0.0783085356303781,3.9520169355821477,3.076923076923088,-3.480577494957904,-2.537665764076924,0.5585585585585585,111,2.9111427133233834,2.50248121366794,5.746382699130363,5.412054120541199,-3.929297639166309,-3.0540012135104155,0.7297297297297297,0.5,5.0588235294117645,2.8378378378378377,6.576576576576577,3,-2.5160338569875873,0.5845105076084451,3,-1.6030228441500036,1.144622564643643,3,-1.0086813840996411,0.31136320964872877,3,2.4921572152542253,3.1467432555515247,3,-0.9806635883421594,-1.9620390050815777,-0.24733291590998738,3,-0.38659307498635,-1.5124531758350954,0.4937603742294958
V5_BASELINE,5.1.0-research.1,20af962b672513fa396da2a3b528968497958561156be292b66c8b949e1e100b,6b3ec7b19ecd8cc7d7a47be6d39a817fb444c9ae,MULTIPLE,2026-07-31;2026-08-03;2026-08-04,9ac8b67fc47e8c7dac33a8041973b40a8070367de5ce4d1279f5e6d261c13768,NO_DANGER_EXCLUSION,calibration,ALL_ELIGIBLE,1.0,1176,3,-0.06015447093018196,0.031386935116328035,0.726888927180485,0.0,1176,1176,0.5113582329753568,0.4170159332198109,2.067099105581801,1.624661528848148,-1.1181474332534935,-0.9085503795184413,0.5935374149659864,1176,1.4711519998675882,0.9552238805970116,4.266813270321972,2.9461756373937664,-2.1795814776487967,-1.6078979983723152,0.6113945578231292,1176,1.7635547937080402,1.1650147800382538,5.472021875250468,3.8018469934744665,-2.7264161857134,-2.0061983428625254,0.6343537414965986,1176,3.067912120034384,2.2466039707419005,6.866105969423112,5.381017424048817,-3.1846269830518943,-2.435936012690809,0.7219387755102041,0.6875,3.8223844282238444,3.04421768707483,5.871598639455782,3,-0.10973214782827,1.8005084447005213,3,0.9489787893969248,2.8925416418042773,3,1.5993903756690449,2.1219439065000456,3,1.9777522454565857,4.47372825224141,3,0.0,0.0,0.0,3,0.0,0.0,0.0
V5_BASELINE,5.1.0-research.1,20af962b672513fa396da2a3b528968497958561156be292b66c8b949e1e100b,6b3ec7b19ecd8cc7d7a47be6d39a817fb444c9ae,MULTIPLE,2026-07-31;2026-08-03;2026-08-04,9ac8b67fc47e8c7dac33a8041973b40a8070367de5ce4d1279f5e6d261c13768,NO_DANGER_EXCLUSION,calibration,TOP_10_PCT,1.0,1176,3,-0.06015447093018196,0.031386935116328035,0.726888927180485,0.6455696202531646,105,105,-0.04313851403983207,-0.3781611912077598,1.1685261663672915,1.2461576804851715,-1.5439837048040237,-1.0956198716290833,0.41904761904761906,105,-0.4069855009611985,-0.6786739754633397,2.406742042057004,1.891065564488725,-2.9939651459490597,-2.788938785157169,0.41904761904761906,105,-0.08359496348214836,0.0783085356303781,3.308567003546838,2.353992848629316,-3.4249840743191022,-2.836590662323568,0.5333333333333333,105,2.065534734760939,1.593418037908756,4.943856287555281,4.138274887817839,-3.915027115786672,-3.1893925819745594,0.6,0.4166666666666667,6.533333333333333,2.7333333333333334,6.685714285714286,3,-5.267740531127552,0.6037343223844658,3,-3.3957335655202314,0.44223310488654505,3,-3.221593382673049,1.0512384272463768,3,-0.6427460205301838,5.39834566826296,3,-1.7426010535081566,-4.103273005514463,-0.28277051347697424,3,-1.192616650839217,-3.2459933997053785,0.11991573158671187
V5_BASELINE,5.1.0-research.1,20af962b672513fa396da2a3b528968497958561156be292b66c8b949e1e100b,6b3ec7b19ecd8cc7d7a47be6d39a817fb444c9ae,MULTIPLE,2026-07-31;2026-08-03;2026-08-04,9ac8b67fc47e8c7dac33a8041973b40a8070367de5ce4d1279f5e6d261c13768,NO_DANGER_EXCLUSION,calibration,TOP_20_PCT,1.0,1176,3,-0.06015447093018196,0.031386935116328035,0.726888927180485,0.5718954248366013,213,213,0.21709545785454323,0.1108186729464,1.6161042812657258,1.5386225664643094,-1.4398386848786973,-1.035396099205388,0.5211267605633803,213,0.5092830753472875,0.4837136727130708,3.222468752470027,2.3155627355950337,-2.5794196526945212,-2.187499999999998,0.5258215962441315,213,0.38867509587608856,0.521739130434784,4.188199006704192,2.60869565217392,-3.3284035216279975,-2.537665764076924,0.5446009389671361,213,3.1650633328251576,2.466666666666661,6.256575589435951,5.3124268663702345,-3.8190071637678327,-3.0540012135104155,0.6948356807511737,0.5757575757575758,5.0144927536231885,2.859154929577465,6.52112676056338,3,-1.2785741854970611,0.7709067438046465,3,-0.5410451180279213,2.368021457440051,3,-3.3622562409612087,1.3141538841780729,3,0.8759618730442812,7.536537304523471,3,-1.4130023910193559,-4.315613861943145,0.7554577586193568,3,1.2169036643032567,-1.1224349679804484,3.5160362011499835
M0_V4,5.1.0-research.1,20af962b672513fa396da2a3b528968497958561156be292b66c8b949e1e100b,6b3ec7b19ecd8cc7d7a47be6d39a817fb444c9ae,MULTIPLE,2026-07-31;2026-08-03;2026-08-04,18ae1ab701ed55df1d98a37242ae8404ab6da56d9930c3422c734a7f4eec65e9,EXCLUDE_DANGER,calibration,ALL_ELIGIBLE,0.6181972789115646,727,3,-0.20131141852923845,-0.02971005615803231,1.0,0.0,727,727,0.4441354991041032,0.3365384615384714,2.016485799389684,1.6291291291291363,-1.2677498321403526,-0.994999489743842,0.5612104539202201,727,1.4986271251727141,1.074976187236376,4.371255407234053,3.044634939402901,-2.3268238087815836,-1.7621445094570751,0.6148555708390646,727,1.923797882408233,1.2953367875647714,5.64797603231059,3.7223340040241526,-2.7832679375997746,-2.018606284009128,0.6547455295735901,727,3.2298467811517386,2.307884577998731,7.138931654659661,5.752609720507351,-3.2289539185699736,-2.473658029213588,0.7097661623108665,0.6953846153846154,3.6772908366533863,3.0591471801925723,6.031636863823934,3,-0.17021457688101885,1.0117334999962397,3,0.9528398691267157,2.3626473122186438,3,1.432908967270107,2.353232844937982,3,1.7090238788925116,4.489033534630649,3,0.0,0.0,0.0,3,0.0,0.0,0.0
M0_V4,5.1.0-research.1,20af962b672513fa396da2a3b528968497958561156be292b66c8b949e1e100b,6b3ec7b19ecd8cc7d7a47be6d39a817fb444c9ae,MULTIPLE,2026-07-31;2026-08-03;2026-08-04,18ae1ab701ed55df1d98a37242ae8404ab6da56d9930c3422c734a7f4eec65e9,EXCLUDE_DANGER,calibration,TOP_10_PCT,0.6181972789115646,727,2,-0.20131141852923845,-0.02971005615803231,1.0,0.0,66,66,0.27950650940296873,0.1108186729464,1.5737734758371733,1.612432364627281,-1.7377307432214075,-1.6631510627940993,0.5151515151515151,66,0.5474072970031575,-0.4158653032083903,3.453981034176884,2.133604267208544,-2.8804564252206966,-2.3339241018915216,0.45454545454545453,66,-0.5173651552899221,-0.0850701829008926,4.217846380156889,2.3622047244094446,-3.8787902641169847,-2.8175359877640362,0.4696969696969697,66,2.9627379182025546,2.4845739401673006,6.01980123180249,5.461010922021869,-4.282310177786748,-3.725769908534027,0.6818181818181818,0.4375,5.2,2.606060606060606,6.787878787878788,2,-0.46873892671074335,0.7070753300393758,2,-0.39655313446837526,1.0868132578440335,2,-1.6337683904087372,0.12057955049225798,2,1.021712930898845,4.071895053804674,2,0.0,0.0,0.0,2,0.0,0.0,0.0
M0_V4,5.1.0-research.1,20af962b672513fa396da2a3b528968497958561156be292b66c8b949e1e100b,6b3ec7b19ecd8cc7d7a47be6d39a817fb444c9ae,MULTIPLE,2026-07-31;2026-08-03;2026-08-04,18ae1ab701ed55df1d98a37242ae8404ab6da56d9930c3422c734a7f4eec65e9,EXCLUDE_DANGER,calibration,TOP_20_PCT,0.6181972789115646,727,3,-0.20131141852923845,-0.02971005615803231,1.0,0.0,142,142,-0.168124861704056,-0.40117044623262377,1.3579659325292996,1.4784514296052986,-1.8448135258081404,-1.4375000000000029,0.43661971830985913,142,0.3523713969002881,-0.1081115311552749,3.1096219920533508,2.095636079933117,-2.9886107214624884,-2.288612287109526,0.4788732394366197,142,0.3442193624636627,0.1803358490489071,4.304151122844758,3.0523157347240764,-3.730011313917017,-2.785936057732652,0.528169014084507,142,3.304128719367778,2.466666666666661,6.276336209376599,5.461010922021869,-4.1239360140682715,-3.454227868078341,0.676056338028169,0.5074626865671642,5.108695652173913,2.936619718309859,6.76056338028169,3,-1.8423724063085605,0.4333739262621619,3,-0.3648047514008973,1.065531525242136,3,-0.9804732973167054,2.297842773636545,3,1.8479692852619254,5.28039278777587,3,0.0,0.0,0.0,3,0.0,0.0,0.0
M1A_V4_FILTER_EXTREME,5.1.0-research.1,20af962b672513fa396da2a3b528968497958561156be292b66c8b949e1e100b,6b3ec7b19ecd8cc7d7a47be6d39a817fb444c9ae,MULTIPLE,2026-07-31;2026-08-03;2026-08-04,881d642353f54dc09d5fdce35090d7d7953d3722013e703edf9fa5dafd0742a0,EXCLUDE_DANGER,calibration,ALL_ELIGIBLE,0.6096938775510204,717,3,-0.19851608754275635,-0.030045004389391755,0.9999946037879754,0.013755158184319119,717,717,0.4448471969431177,0.34720308624967,2.017133571652765,1.624661528848148,-1.268894405377638,-0.9918699186991842,0.5634588563458857,717,1.5189666946534741,1.1650147800382538,4.395556141078959,3.0463433077670965,-2.320029836013033,-1.7545753927549534,0.6192468619246861,717,1.9157577631766851,1.2953367875647714,5.663475755166272,3.7223340040241526,-2.7810617591582236,-2.011455066139367,0.6541143654114365,717,3.2647884201636863,2.3337790202990094,7.147372975154345,5.752609720507351,-3.2295612840824237,-2.444870565675928,0.708507670850767,0.6944444444444444,3.68,3.0488145048814506,6.015341701534171,3,-0.17757776164239333,1.0117334999962397,3,0.9936818498125135,2.3626473122186438,3,1.432908967270107,2.353991518557893,3,1.75202631339582,4.4860832924583205,3,-0.009840421774730398,-0.030279938944102414,0.000758673619911221,3,0.013321017717137082,-0.002026254234597976,0.04300243450330821
M1A_V4_FILTER_EXTREME,5.1.0-research.1,20af962b672513fa396da2a3b528968497958561156be292b66c8b949e1e100b,6b3ec7b19ecd8cc7d7a47be6d39a817fb444c9ae,MULTIPLE,2026-07-31;2026-08-03;2026-08-04,881d642353f54dc09d5fdce35090d7d7953d3722013e703edf9fa5dafd0742a0,EXCLUDE_DANGER,calibration,TOP_10_PCT,0.6096938775510204,717,2,-0.19851608754275635,-0.030045004389391755,0.9999946037879754,0.015151515151515152,65,65,0.27862909475473024,0.1108186729464,1.584117032270171,1.624661528848148,-1.7372831096851689,-1.6631510627940993,0.5076923076923077,65,0.5397416696197742,-0.6786739754633397,3.4791976063003154,2.133604267208544,-2.897589186792139,-2.39606540838202,0.4461538461538462,65,-0.5170036133002999,-0.0850701829008926,4.254814726833859,2.3622047244094446,-3.9112820078252937,-2.84913591779542,0.47692307692307695,65,2.995929448305079,2.50248121366794,6.069883972646788,5.461010922021869,-4.314722937918379,-3.725769908534027,0.676923076923077,0.4375,5.2,2.6,6.769230769230769,2,-0.5037509870694049,0.7070753300393758,2,-0.4592586219201773,1.0868132578440335,2,-1.6812859123997526,0.12057955049225798,2,1.0311226904362527,4.071895053804674,2,-0.023758760995507666,-0.04751752199101533,0.0,2,0.004704879768703818,0.0,0.009409759537407636
M1A_V4_FILTER_EXTREME,5.1.0-research.1,20af962b672513fa396da2a3b528968497958561156be292b66c8b949e1e100b,6b3ec7b19ecd8cc7d7a47be6d39a817fb444c9ae,MULTIPLE,2026-07-31;2026-08-03;2026-08-04,881d642353f54dc09d5fdce35090d7d7953d3722013e703edf9fa5dafd0742a0,EXCLUDE_DANGER,calibration,TOP_20_PCT,0.6096938775510204,717,3,-0.19851608754275635,-0.030045004389391755,0.9999946037879754,0.0,142,142,-0.168124861704056,-0.40117044623262377,1.3579659325292996,1.4784514296052986,-1.8448135258081404,-1.4375000000000029,0.43661971830985913,142,0.3523713969002881,-0.1081115311552749,3.1096219920533508,2.095636079933117,-2.9886107214624884,-2.288612287109526,0.4788732394366197,142,0.3442193624636627,0.1803358490489071,4.304151122844758,3.0523157347240764,-3.730011313917017,-2.785936057732652,0.528169014084507,142,3.304128719367778,2.466666666666661,6.276336209376599,5.461010922021869,-4.1239360140682715,-3.454227868078341,0.676056338028169,0.5074626865671642,5.108695652173913,2.936619718309859,6.76056338028169,3,-1.8423724063085605,0.4333739262621619,3,-0.3648047514008973,1.065531525242136,3,-0.9804732973167054,2.297842773636545,3,1.8479692852619254,5.28039278777587,3,0.0,0.0,0.0,3,0.0,0.0,0.0
M1B_V4_FILTER_EXTENDED_EXTREME,5.1.0-research.1,20af962b672513fa396da2a3b528968497958561156be292b66c8b949e1e100b,6b3ec7b19ecd8cc7d7a47be6d39a817fb444c9ae,MULTIPLE,2026-07-31;2026-08-03;2026-08-04,19d6cd2c0e8e6a29ea6e00f648f0520ef676c06f85d82cc0b9d4236afe30991d,EXCLUDE_DANGER,calibration,ALL_ELIGIBLE,0.4421768707482993,520,3,-0.23534780930565297,-0.06866459294035515,0.9964627821174771,0.28473177441540576,520,520,0.6699167116071122,0.5467395652753781,2.1123283788959313,1.6898008449004245,-1.1310140378237168,-0.8309999127295353,0.5961538461538461,520,2.182920211935771,1.7144546260715376,4.790748426827961,3.4128817038747705,-1.9739454904594438,-1.4111365369946616,0.6576923076923077,520,2.5262664558824066,1.516793066088851,6.234348715468741,4.694151700544058,-2.4410553710976144,-1.7317826686295223,0.6923076923076923,520,3.9151737474466133,3.111517236992556,7.632466261892339,6.379529241473558,-2.854876436762002,-2.0771302991634766,0.75,0.7320754716981132,3.625,3.0903846153846155,5.969230769230769,3,-0.06718140159183421,1.146926997402704,3,1.6391164192024883,2.5527370556466753,3,1.4318404394181317,2.8944404914514785,3,2.5896664220602044,4.758192379359459,3,0.39024666832722926,-0.0010685278519753094,0.6306008863201666,3,0.4218121555512618,0.10938512748769114,0.8806425431676933
M1B_V4_FILTER_EXTENDED_EXTREME,5.1.0-research.1,20af962b672513fa396da2a3b528968497958561156be292b66c8b949e1e100b,6b3ec7b19ecd8cc7d7a47be6d39a817fb444c9ae,MULTIPLE,2026-07-31;2026-08-03;2026-08-04,19d6cd2c0e8e6a29ea6e00f648f0520ef676c06f85d82cc0b9d4236afe30991d,EXCLUDE_DANGER,calibration,TOP_10_PCT,0.4421768707482993,520,2,-0.23534780930565297,-0.06866459294035515,0.9964627821174771,0.24242424242424243,50,50,0.268924526062165,-0.0581540250893186,1.5289111805184683,1.6002032004064135,-1.8253372157143466,-1.7047372961029372,0.48,50,0.3721375125019602,-0.4158653032083903,3.425251568253006,2.133604267208544,-3.034431922288285,-2.3804237867861233,0.44,50,-0.2287797517960851,0.0783085356303781,4.207294748587762,2.3622047244094446,-3.875150782129869,-3.0446930434481487,0.52,50,3.263829991843405,2.50248121366794,6.14773470941736,5.461010922021869,-4.321218932107945,-3.762096760404865,0.66,0.4074074074074074,5.5,2.66,6.86,2,-0.46502570187416103,0.6143128686204362,2,0.06946259706730945,0.514572766824149,2,-0.5733934833933766,-0.0666085839855951,2,0.9433132180624969,4.355837885387362,2,0.4365933862687537,-0.1871881344778531,1.0603749070153605,2,0.10277155937316979,-0.07839971283634817,0.28394283158268774
M1B_V4_FILTER_EXTENDED_EXTREME,5.1.0-research.1,20af962b672513fa396da2a3b528968497958561156be292b66c8b949e1e100b,6b3ec7b19ecd8cc7d7a47be6d39a817fb444c9ae,MULTIPLE,2026-07-31;2026-08-03;2026-08-04,19d6cd2c0e8e6a29ea6e00f648f0520ef676c06f85d82cc0b9d4236afe30991d,EXCLUDE_DANGER,calibration,TOP_20_PCT,0.4421768707482993,520,3,-0.23534780930565297,-0.06866459294035515,0.9964627821174771,0.31690140845070425,97,97,0.16152990795724442,-0.2660729800173844,1.5483395266351319,1.6002032004064135,-1.7459777334597648,-1.4570387829440756,0.4639175257731959,97,0.7521760701468405,0.1896878772202237,3.533695764627073,2.4140625000000027,-2.945221117774292,-2.3054417788180293,0.5154639175257731,97,0.9316175072624947,0.9398018796037632,5.070403389213794,3.616762302208332,-3.6998340143799338,-2.84913591779542,0.5876288659793815,97,3.7734461884369814,2.50248121366794,6.941385658860469,5.790297339593131,-4.087224822074836,-3.725769908534027,0.7010309278350515,0.5094339622641509,4.972222222222222,3.051546391752577,6.43298969072165,3,-1.8423724063085605,0.4245658243965043,3,0.2924476530894682,1.065531525242136,3,-0.3485434318507937,2.297842773636545,3,1.9452009735232931,5.28039278777587,3,0.2745685560827978,0.0,0.6319298654659118,3,0.1188712460980561,0.0,0.20533192944232295
M1C_V4_EXTENSION_SECONDARY,5.1.0-research.1,20af962b672513fa396da2a3b528968497958561156be292b66c8b949e1e100b,6b3ec7b19ecd8cc7d7a47be6d39a817fb444c9ae,MULTIPLE,2026-07-31;2026-08-03;2026-08-04,18ae1ab701ed55df1d98a37242ae8404ab6da56d9930c3422c734a7f4eec65e9,EXCLUDE_DANGER,calibration,ALL_ELIGIBLE,0.6181972789115646,727,3,-0.1376488361185928,-0.0018093275253840133,0.9495655679823541,0.0,727,727,0.44413549910410327,0.3365384615384714,2.016485799389684,1.6291291291291363,-1.2677498321403526,-0.994999489743842,0.5612104539202201,727,1.4986271251727141,1.074976187236376,4.371255407234053,3.044634939402901,-2.3268238087815836,-1.7621445094570751,0.6148555708390646,727,1.9237978824082334,1.2953367875647714,5.64797603231059,3.7223340040241526,-2.7832679375997746,-2.018606284009128,0.6547455295735901,727,3.2298467811517386,2.307884577998731,7.138931654659661,5.752609720507351,-3.228953918569974,-2.473658029213588,0.7097661623108665,0.6953846153846154,3.6772908366533863,3.0591471801925723,6.031636863823934,3,-0.17021457688101885,1.0117334999962395,3,0.9528398691267157,2.3626473122186438,3,1.432908967270107,2.353232844937982,3,1.7090238788925116,4.489033534630649,3,0.0,0.0,0.0,3,0.0,0.0,0.0
M1C_V4_EXTENSION_SECONDARY,5.1.0-research.1,20af962b672513fa396da2a3b528968497958561156be292b66c8b949e1e100b,6b3ec7b19ecd8cc7d7a47be6d39a817fb444c9ae,MULTIPLE,2026-07-31;2026-08-03;2026-08-04,18ae1ab701ed55df1d98a37242ae8404ab6da56d9930c3422c734a7f4eec65e9,EXCLUDE_DANGER,calibration,TOP_10_PCT,0.6181972789115646,727,3,-0.1376488361185928,-0.0018093275253840133,0.9495655679823541,0.5,63,63,0.3753099733233149,0.1108186729464,1.787357083728099,1.6002032004064135,-1.3838192640511657,-1.1333333333333306,0.5396825396825397,63,1.8889281195747671,1.522536988186718,4.2478461677310095,3.199443575030436,-2.235326323178523,-2.271782795401023,0.6031746031746031,63,0.6865439877993482,0.2823631624674361,5.0770493301004525,3.616762302208332,-2.9534346277265144,-2.559688077575517,0.5714285714285714,63,3.3672343307256036,2.307884577998731,6.943031147962976,6.338788734734568,-3.3826827353465894,-3.0540012135104155,0.6825396825396826,0.65625,4.4,3.142857142857143,6.396825396825397,3,-0.5561928576723205,1.0282270071926312,3,0.7462863837892998,6.402640264026416,3,-0.25174763030048875,8.910891089108919,3,2.469226618740847,10.825082508250825,2,1.0713342132892913,0.760647666470334,1.3820207601082486,2,0.4760722663338053,-0.4953691551743913,1.4475136878420019
M1C_V4_EXTENSION_SECONDARY,5.1.0-research.1,20af962b672513fa396da2a3b528968497958561156be292b66c8b949e1e100b,6b3ec7b19ecd8cc7d7a47be6d39a817fb444c9ae,MULTIPLE,2026-07-31;2026-08-03;2026-08-04,18ae1ab701ed55df1d98a37242ae8404ab6da56d9930c3422c734a7f4eec65e9,EXCLUDE_DANGER,calibration,TOP_20_PCT,0.6181972789115646,727,3,-0.1376488361185928,-0.0018093275253840133,0.9495655679823541,0.34146341463414637,130,130,0.007291538059569164,-0.19415371284209335,1.5009788424722332,1.5797788309636518,-1.7062453822393768,-1.2253108997805406,0.47692307692307695,130,0.7187450656307244,-0.0155338845851394,3.4673125480797946,2.133604267208544,-2.832543545114767,-2.288612287109526,0.5,130,0.4284660949426573,0.0783085356303781,4.6174217776750215,3.045489123584999,-3.6674287423881715,-2.6728120676540845,0.5230769230769231,130,3.462121831801093,2.50248121366794,6.543456775033928,5.752609720507351,-4.002598568913526,-3.2408940076820714,0.7,0.5873015873015873,5.170212765957447,2.9615384615384617,6.315384615384615,3,-1.8423724063085605,0.3854524742944608,3,0.5136156062269877,1.065531525242136,3,0.0062021900572951545,2.297842773636545,3,2.182538866601524,5.28039278777587,3,0.08743292398958724,-0.7243767154052388,0.9866754873740006,3,0.08671891200822501,-0.04960856354328236,0.3345695813395986
M2_V4_TRIGGER,5.1.0-research.1,20af962b672513fa396da2a3b528968497958561156be292b66c8b949e1e100b,6b3ec7b19ecd8cc7d7a47be6d39a817fb444c9ae,MULTIPLE,2026-07-31;2026-08-03;2026-08-04,7573ed3f80b0acfffd938ba14c9e1720c0c60daa7dd983b28339c297d8c42b64,EXCLUDE_DANGER,calibration,ALL_ELIGIBLE,0.48299319727891155,568,3,-0.20190137915555267,-0.009262245176770047,0.9340196868625134,0.218707015130674,568,568,0.5542475371757121,0.4281468795648058,2.0520729655159413,1.6498137307078276,-1.203751539225455,-0.9310511117792963,0.5774647887323944,568,1.8218807245832598,1.4157014157014205,4.4786202234185,3.1865601637340424,-2.147006307343859,-1.6301626607277018,0.6373239436619719,568,2.1416673145861074,1.2963790791238328,5.7991856196259794,3.780545424403181,-2.617096795674432,-1.8916540766413417,0.6672535211267606,568,3.4688890543554285,2.523600676078053,7.242950570631922,5.923428846616896,-3.045491056348476,-2.3054417788180293,0.7306338028169014,0.6931407942238267,3.7069767441860466,3.0598591549295775,6.107394366197183,3,-0.06377707828336036,0.9851125826024815,3,1.1073399576615404,2.3445526040863673,3,0.6261247922240847,2.744721722345094,3,1.8069629427586726,4.63161136475691,3,-0.14948238868514604,-0.8067841750460222,0.39148887740711213,3,0.06719606723438336,-0.04397719225838781,0.1310639080189715
M2_V4_TRIGGER,5.1.0-research.1,20af962b672513fa396da2a3b528968497958561156be292b66c8b949e1e100b,6b3ec7b19ecd8cc7d7a47be6d39a817fb444c9ae,MULTIPLE,2026-07-31;2026-08-03;2026-08-04,7573ed3f80b0acfffd938ba14c9e1720c0c60daa7dd983b28339c297d8c42b64,EXCLUDE_DANGER,calibration,TOP_10_PCT,0.48299319727891155,568,2,-0.20190137915555267,-0.009262245176770047,0.9340196868625134,0.5697674418604651,57,57,0.0110015877260732,-0.5481642208644999,1.2386535639996872,1.2461576804851715,-1.7415553517042484,-1.261092947220921,0.38596491228070173,57,0.07774616752815075,-0.1798561151079125,2.720310952907162,1.564689397477825,-3.0184070457814745,-2.576151716035924,0.40350877192982454,57,-0.11508798016773028,0.2823631624674361,3.5396977373435026,2.3622047244094446,-3.4163725589286638,-2.785936057732652,0.5789473684210527,57,2.0801158804879645,1.560366686171255,5.145389549836245,3.364120542034632,-4.006067257729938,-3.2169117647058987,0.6140350877192983,0.37037037037037035,6.1875,2.912280701754386,6.578947368421052,2,-1.221636186932654,0.7300402896103309,2,-1.1398220202430305,0.7879942770613398,2,-1.4408685484833053,0.6582840180163552,2,0.15992962101970118,3.2002245318444515,2,0.36530215472476457,0.19289984192543197,0.5377044675240972,2,-0.8667269159196832,-0.8716705219602225,-0.8617833098791439
M2_V4_TRIGGER,5.1.0-research.1,20af962b672513fa396da2a3b528968497958561156be292b66c8b949e1e100b,6b3ec7b19ecd8cc7d7a47be6d39a817fb444c9ae,MULTIPLE,2026-07-31;2026-08-03;2026-08-04,7573ed3f80b0acfffd938ba14c9e1720c0c60daa7dd983b28339c297d8c42b64,EXCLUDE_DANGER,calibration,TOP_20_PCT,0.48299319727891155,568,2,-0.20190137915555267,-0.009262245176770047,0.9340196868625134,0.543859649122807,107,107,0.10068919360512686,-0.0581540250893186,1.398619882705415,1.4717983683257607,-1.547794227810743,-1.1333333333333306,0.48598130841121495,107,-0.14384106021455165,-0.1798561151079125,2.7321024255531,1.814903846153837,-2.967149595232066,-2.489064778171224,0.4205607476635514,107,-0.23957572640659736,0.0783085356303781,3.698343265749878,2.246928028086592,-3.6989460849987785,-2.6694848911852143,0.514018691588785,107,2.404433172361121,1.560366686171255,5.430508531137086,4.37547217325609,-4.218108143233056,-3.0540012135104155,0.6542056074766355,0.44,5.8,2.8130841121495327,6.327102803738318,2,-0.5134533737307029,0.46734147261159237,2,-1.0138975977567821,0.3755956786166306,2,-1.2317768214078602,0.3527831362807235,2,0.46477660555679734,3.562437092841314,2,-0.6126979374598274,-0.9740923508285,-0.25130352409115475,2,-1.1095685910488113,-1.383192679705128,-0.8359445023924947
M3_V4_EXTENSION_TRIGGER,5.1.0-research.1,20af962b672513fa396da2a3b528968497958561156be292b66c8b949e1e100b,6b3ec7b19ecd8cc7d7a47be6d39a817fb444c9ae,MULTIPLE,2026-07-31;2026-08-03;2026-08-04,eaea4ec9419a3a5274a1796927911f751a04902f8999522e253e88d7f33725e4,EXCLUDE_DANGER,calibration,ALL_ELIGIBLE,0.4804421768707483,565,3,-0.168799274334886,0.010018913081163575,0.9143763852070212,0.22283356258596973,565,565,0.5558194085808549,0.4281468795648058,2.050095048866456,1.6291291291291363,-1.2085035578975498,-0.9307320565598688,0.5787610619469027,565,1.8421367036033576,1.4157014157014205,4.489526628492389,3.188348750246006,-2.1331557853705774,-1.6292226513626715,0.6407079646017699,565,2.141580236485873,1.2953367875647714,5.814312627118805,3.781250000000002,-2.6057423293914015,-1.889168765743077,0.6654867256637168,565,3.493184356216875,2.6416997667234154,7.246648803343384,5.923428846616896,-3.0357702016866446,-2.3054417788180293,0.7309734513274336,0.6931407942238267,3.7069767441860466,3.049557522123894,6.106194690265487,3,-0.06797693264193205,0.9851125826024815,3,1.1470511893530182,2.3445526040863673,3,0.6261247922240847,2.7447217223450937,3,1.8449675828322682,4.63161136475691,3,-0.1526118832555051,-0.8067841750460222,0.3914888774071117,3,0.07986428059224855,-0.04397719225838781,0.1437321213768367
M3_V4_EXTENSION_TRIGGER,5.1.0-research.1,20af962b672513fa396da2a3b528968497958561156be292b66c8b949e1e100b,6b3ec7b19ecd8cc7d7a47be6d39a817fb444c9ae,MULTIPLE,2026-07-31;2026-08-03;2026-08-04,eaea4ec9419a3a5274a1796927911f751a04902f8999522e253e88d7f33725e4,EXCLUDE_DANGER,calibration,TOP_10_PCT,0.4804421768707483,565,2,-0.168799274334886,0.010018913081163575,0.9143763852070212,0.5714285714285714,54,54,0.3935466045494625,0.2731790000090717,1.744812400872259,1.5686502256835544,-1.3895317746325144,-1.0430956019948145,0.5185185185185185,54,0.7725615821926086,0.2215596860764335,3.3885576097077497,2.169787387170996,-2.3839975528611896,-2.243088158581119,0.5,54,0.15180167347600287,0.0783085356303781,4.173226318240238,2.3622047244094446,-2.898471423213913,-2.3054417788180293,0.5370370370370371,54,2.7647548431185407,1.6257759385161163,5.815437657405363,4.864519361966623,-3.4105408354385847,-2.927884573428652,0.6851851851851852,0.52,5.764705882352941,2.9074074074074074,6.148148148148148,2,-0.42668376666211644,0.8388145203500339,2,-0.3159781213633151,1.3634831355515389,2,-1.1894672288471229,0.8799190775942711,2,0.8150177955014538,3.8231835261106735,2,0.6018203443318138,0.44430116156161437,0.7593395271020131,2,-0.22770333154569594,-0.24871152769400062,-0.20669513539739126
M3_V4_EXTENSION_TRIGGER,5.1.0-research.1,20af962b672513fa396da2a3b528968497958561156be292b66c8b949e1e100b,6b3ec7b19ecd8cc7d7a47be6d39a817fb444c9ae,MULTIPLE,2026-07-31;2026-08-03;2026-08-04,eaea4ec9419a3a5274a1796927911f751a04902f8999522e253e88d7f33725e4,EXCLUDE_DANGER,calibration,TOP_20_PCT,0.4804421768707483,565,2,-0.168799274334886,0.010018913081163575,0.9143763852070212,0.5739644970414202,99,99,0.04915672929441176,0.1108186729464,1.444183455430196,1.564689397477825,-1.5503135336072698,-1.1333333333333306,0.5050505050505051,99,0.1683539100223911,-0.1579778830963607,3.027514543231136,1.9543270528532108,-2.8854317218776964,-2.489064778171224,0.43434343434343436,99,-0.6216784494246199,-0.0850701829008926,3.677766935690236,2.3622047244094446,-3.7336835859370585,-2.785936057732652,0.48484848484848486,99,2.350688069053019,1.593418037908756,5.538564331857424,5.412054120541199,-4.261229640341919,-3.264876250658244,0.6363636363636364,0.5106382978723404,5.612903225806452,2.7373737373737375,6.161616161616162,2,-0.5272195779862077,0.4399203274507639,2,-0.30998341774914673,0.4926504034268238,2,-0.8163847195374562,-0.48967419850066335,2,1.370792542513887,3.015024019249041,2,-0.8262305539153187,-1.8165496856098868,0.16408857777924923,2,-0.930267159366403,-1.3833575759847676,-0.47717674274803845
M4_TS_GATE_6.0_V4,5.1.0-research.1,20af962b672513fa396da2a3b528968497958561156be292b66c8b949e1e100b,6b3ec7b19ecd8cc7d7a47be6d39a817fb444c9ae,MULTIPLE,2026-07-31;2026-08-03;2026-08-04,573fa38c35cb08b40c1335c135cd1b03384539e5cd53fa94c3dc624fea38c5be,EXCLUDE_DANGER,calibration,ALL_ELIGIBLE,0.4532312925170068,533,3,-0.13182525944187334,0.023489537031551863,0.9976403977335355,0.2668500687757909,533,533,0.35130262266976614,0.2356728171523769,1.901186638206471,1.6119746689694736,-1.3613283303688724,-1.0088532015647522,0.5459662288930581,533,1.191987691234945,0.7991182143841424,4.178540091032337,2.7956003666361084,-2.5235458461103923,-1.840358854614721,0.5834896810506567,533,1.2869982939151154,0.9478118417973302,5.235599578667766,3.4151467387225187,-3.0587957677405555,-2.2421016872381405,0.6191369606003753,533,2.974509287622153,2.141057934508805,6.857046572174034,5.461010922021869,-3.5455926075010185,-2.787839586028462,0.6697936210131332,0.6422413793103449,3.912280701754386,2.9681050656660415,6.050656660412758,3,-0.24925207256179144,0.8431276516220954,3,0.4954950748335947,2.3696161005683987,3,0.7256823624925097,1.770576599870509,3,1.454562242711225,4.806769370273423,3,-0.6400303816967323,-0.7457527782050514,-0.582656245067473,3,-0.06826542100323378,-0.308289356003467,0.3848685890861425
M4_TS_GATE_6.0_V4,5.1.0-research.1,20af962b672513fa396da2a3b528968497958561156be292b66c8b949e1e100b,6b3ec7b19ecd8cc7d7a47be6d39a817fb444c9ae,MULTIPLE,2026-07-31;2026-08-03;2026-08-04,573fa38c35cb08b40c1335c135cd1b03384539e5cd53fa94c3dc624fea38c5be,EXCLUDE_DANGER,calibration,TOP_10_PCT,0.4532312925170068,533,2,-0.13182525944187334,0.023489537031551863,0.9976403977335355,0.25757575757575757,49,49,0.28263394325436786,-0.2660729800173844,1.4975889847357118,1.6002032004064135,-1.7464260048729299,-1.387195762747484,0.4489795918367347,49,0.015907079695837906,-0.6786739754633397,3.27574263556818,2.133604267208544,-3.0569668962196825,-2.489064778171224,0.3877551020408163,49,0.0831735363440446,0.0783085356303781,4.073745880807726,2.3622047244094446,-3.429589943046432,-2.785936057732652,0.5306122448979592,49,3.4038952705784307,2.50248121366794,6.076777904190825,5.461010922021869,-3.9165717909419393,-3.725769908534027,0.6938775510204082,0.3333333333333333,6.3076923076923075,2.5918367346938775,7.061224489795919,2,-0.37250657193286674,0.6630381133630849,2,-0.13754598296187115,0.10500885801321737,2,-0.6528307345627766,0.5105308549351021,2,0.8399154418139833,4.892657751796498,2,0.6854444801444024,0.3899513044428441,0.9809376558459606,2,0.3194826044534809,-0.18179748908486182,0.8207626979918237
M4_TS_GATE_6.0_V4,5.1.0-research.1,20af962b672513fa396da2a3b528968497958561156be292b66c8b949e1e100b,6b3ec7b19ecd8cc7d7a47be6d39a817fb444c9ae,MULTIPLE,2026-07-31;2026-08-03;2026-08-04,573fa38c35cb08b40c1335c135cd1b03384539e5cd53fa94c3dc624fea38c5be,EXCLUDE_DANGER,calibration,TOP_20_PCT,0.4532312925170068,533,3,-0.13182525944187334,0.023489537031551863,0.9976403977335355,0.2887323943661972,101,101,-0.016476887287778786,-0.4000000000000003,1.566048240670525,1.6002032004064135,-1.899483505992662,-1.5827338129496438,0.43564356435643564,101,0.5456309655922759,-0.1071352046282503,3.492869424517749,2.133604267208544,-3.1574500422284264,-2.576151716035924,0.4752475247524752,101,0.5569925829304906,0.0783085356303781,4.92911169937007,3.237410071942448,-3.999000980987299,-3.0540012135104155,0.5247524752475248,101,3.9408557632617147,2.50248121366794,7.032610365933937,6.338788734734568,-4.379743471423272,-4.096368812053052,0.7128712871287128,0.52,4.942857142857143,2.900990099009901,6.732673267326732,3,-2.881395018039029,0.5126039815435296,3,-0.28904579345109993,1.503453349253092,3,-1.1391510209886435,2.844648853217935,3,2.3510782009221542,8.111714088256893,3,0.21599479429395618,-0.1586777236719381,0.5468060795813892,3,1.2332819829897292,0.4113134604387007,2.8313213004810223
M4_TS_GATE_6.5_V4,5.1.0-research.1,20af962b672513fa396da2a3b528968497958561156be292b66c8b949e1e100b,6b3ec7b19ecd8cc7d7a47be6d39a817fb444c9ae,MULTIPLE,2026-07-31;2026-08-03;2026-08-04,fee5cf0c70e8d2f90cd06b3d5619f5a5fc3ca0d5ecb65a32ad0c744755886560,EXCLUDE_DANGER,calibration,ALL_ELIGIBLE,0.3843537414965986,452,3,-0.07045138194702222,0.05291795123461792,0.9944020186116224,0.3782668500687758,452,452,0.23541620424284684,0.11783730420273915,1.8175241201650023,1.6108163083278004,-1.4750712600486695,-1.1101290928817398,0.5176991150442478,452,0.8719703408831047,0.5028284098051561,3.9758245892423902,2.568686049076485,-2.749332484124169,-2.1682485673352403,0.5464601769911505,452,0.8960424764867433,0.8098821989528604,4.9406305146869025,3.317341446290678,-3.326294349288699,-2.4778335674045584,0.5995575221238938,452,2.82179618214652,2.0860602094240788,6.6878959287916055,5.371700048588246,-3.800368128070487,-3.0641999593357063,0.6570796460176991,0.59375,4.198529411764706,2.913716814159292,6.185840707964601,3,-0.5633050117584503,0.7446093993615017,3,0.11716496667793116,2.265674211225348,3,0.29975272280369897,1.400645250997174,3,1.2220057199605707,5.124390368563572,3,-0.9455464397634078,-1.171682417893862,-0.7123693074555529,3,-0.07173272303160827,-0.4870181589319409,0.7024895873762915
M4_TS_GATE_6.5_V4,5.1.0-research.1,20af962b672513fa396da2a3b528968497958561156be292b66c8b949e1e100b,6b3ec7b19ecd8cc7d7a47be6d39a817fb444c9ae,MULTIPLE,2026-07-31;2026-08-03;2026-08-04,fee5cf0c70e8d2f90cd06b3d5619f5a5fc3ca0d5ecb65a32ad0c744755886560,EXCLUDE_DANGER,calibration,TOP_10_PCT,0.3843537414965986,452,2,-0.07045138194702222,0.05291795123461792,0.9944020186116224,0.3333333333333333,44,44,0.12346958050102658,-0.4000000000000003,1.408151639914729,1.2461576804851715,-1.8581374405306996,-1.5667596460796296,0.38636363636363635,44,-0.26087233243552477,-0.7526537129043609,3.059109861509937,1.891065564488725,-3.213908699544058,-2.8057682947109033,0.36363636363636365,44,-0.38592255363828437,0.0783085356303781,3.480768630025285,1.891065564488725,-3.6277707065578073,-3.0446930434481487,0.5227272727272727,44,3.0649134348130547,2.50248121366794,5.644027576841622,5.412054120541199,-4.108081899376365,-3.762096760404865,0.6590909090909091,0.30434782608695654,6.5,2.477272727272727,7.113636363636363,2,-0.46017299827194147,0.49094824120993247,2,-0.4128867152476801,-0.019437724439748626,2,-0.5540062293326878,-0.28009209116403017,2,0.7955917596907613,4.4937456006307945,2,0.3395452597098807,-0.40067164165628816,1.0797621610760495,2,0.09786468780901836,-0.22612117120808373,0.42185054682612044
M4_TS_GATE_6.5_V4,5.1.0-research.1,20af962b672513fa396da2a3b528968497958561156be292b66c8b949e1e100b,6b3ec7b19ecd8cc7d7a47be6d39a817fb444c9ae,MULTIPLE,2026-07-31;2026-08-03;2026-08-04,fee5cf0c70e8d2f90cd06b3d5619f5a5fc3ca0d5ecb65a32ad0c744755886560,EXCLUDE_DANGER,calibration,TOP_20_PCT,0.3843537414965986,452,2,-0.07045138194702222,0.05291795123461792,0.9944020186116224,0.4154929577464789,83,83,0.18814963918542124,-0.0581540250893186,1.7094426150848918,1.624661528848148,-1.810817311575634,-1.6631510627940993,0.4939759036144578,83,0.3829513299133345,-0.1530566309534409,3.4227949195017784,2.133604267208544,-3.0306963197745054,-2.489064778171224,0.46987951807228917,83,0.042969092221240415,-0.0850701829008926,4.599358468018586,2.3622047244094446,-3.993277413380425,-2.84913591779542,0.4819277108433735,83,3.6545519369537547,2.50248121366794,6.768412912551467,5.751708428246016,-4.370156858654992,-3.798423612275703,0.7108433734939759,0.5,5.037037037037037,2.6626506024096384,6.650602409638554,2,-0.5039490117080849,0.6449347487751353,2,-0.524754697555772,0.982037308042945,2,-1.459392486445212,1.034527734141099,2,2.076058641696091,4.6963575118238134,2,-0.38563347104831547,-0.4789191891285065,-0.29234775296812443,2,0.2630326365120853,0.22808935643416572,0.2979759165900049
M4_TS_GATE_7.0_V4,5.1.0-research.1,20af962b672513fa396da2a3b528968497958561156be292b66c8b949e1e100b,6b3ec7b19ecd8cc7d7a47be6d39a817fb444c9ae,MULTIPLE,2026-07-31;2026-08-03;2026-08-04,22d2aaf21f41b0866f6355926be9217b49607b49f59fe1cbe6208c9dd7776141,EXCLUDE_DANGER,calibration,ALL_ELIGIBLE,0.30017006802721086,353,3,-0.086539024225555,0.06245908582785594,0.9899230401513596,0.5144429160935351,353,353,0.11056058765916359,0.0963159162051585,1.661889496896673,1.6002032004064135,-1.6199988133554948,-1.1460931706330555,0.509915014164306,353,0.3944760563267974,0.1271823332177124,3.4648821944443973,2.373649819976009,-2.930482489555417,-2.271782795401023,0.5042492917847026,353,0.08254770722253976,0.4992511233150143,4.144799421000601,2.9658441716299944,-3.5038516442060588,-2.665869695158407,0.5552407932011332,353,2.204030634161148,1.5633814167136828,5.957870455734052,4.875451819888488,-4.020507978935386,-3.34029227557412,0.6175637393767706,0.4930555555555556,4.43956043956044,2.810198300283286,6.396600566572238,3,-2.5160338569875873,0.6109992536143765,3,-1.6030228441500036,0.7700769106096599,3,-1.0086813840996411,0.21869124991809646,3,1.0661270555723052,3.111235370946301,3,-2.0351577150295723,-2.441590351369748,-1.5293411986990835,3,-1.3101503952201956,-1.9138528536488877,-0.6428968233202064
M4_TS_GATE_7.0_V4,5.1.0-research.1,20af962b672513fa396da2a3b528968497958561156be292b66c8b949e1e100b,6b3ec7b19ecd8cc7d7a47be6d39a817fb444c9ae,MULTIPLE,2026-07-31;2026-08-03;2026-08-04,22d2aaf21f41b0866f6355926be9217b49607b49f59fe1cbe6208c9dd7776141,EXCLUDE_DANGER,calibration,TOP_10_PCT,0.30017006802721086,353,2,-0.086539024225555,0.06245908582785594,0.9899230401513596,0.5151515151515151,32,32,-0.3082331648812522,-0.6301325273192271,1.0257674994011818,1.333434933536537,-2.211632632735525,-2.0474951749601344,0.375,32,-1.340001806981685,-0.7526537129043609,2.101857139380075,1.8343471374346998,-3.6900886513500035,-3.0461102554333377,0.3125,32,-0.9589979727903921,0.0783085356303781,2.2992513197876505,1.8343471374346998,-4.041283976338203,-3.1368737010933456,0.59375,32,2.7508101758655092,3.782287822878216,5.005703493170516,5.412054120541199,-4.579895207784009,-4.800000000000004,0.625,0.3333333333333333,6.5,2.5,7.8125,2,-0.5377005712330988,-0.18803595203028492,2,-1.9516219369481416,-0.1723633770457225,2,-1.1237708953149381,-0.8726883467061057,2,0.17697600776614666,4.099009025822318,2,-0.2416352010522823,-0.9932678971983637,0.5099974950937991,2,-0.40881147555752717,-0.8447369231326984,0.027113972017644095
M4_TS_GATE_7.0_V4,5.1.0-research.1,20af962b672513fa396da2a3b528968497958561156be292b66c8b949e1e100b,6b3ec7b19ecd8cc7d7a47be6d39a817fb444c9ae,MULTIPLE,2026-07-31;2026-08-03;2026-08-04,22d2aaf21f41b0866f6355926be9217b49607b49f59fe1cbe6208c9dd7776141,EXCLUDE_DANGER,calibration,TOP_20_PCT,0.30017006802721086,353,2,-0.086539024225555,0.06245908582785594,0.9899230401513596,0.528169014084507,67,67,0.27270658392880676,0.1108186729464,1.5899318218615508,1.6002032004064135,-1.868496905176098,-1.7484795829713295,0.5074626865671642,67,0.5552254017356046,-0.1090878576822995,3.4968317761216903,2.133604267208544,-2.9711776358909234,-2.489064778171224,0.47761194029850745,67,-0.8082592734093635,-0.1844709039074299,4.057596874647032,2.3622047244094446,-4.030021505137525,-3.0540012135104155,0.43283582089552236,67,2.817922685326051,2.466666666666661,5.933283204469592,5.461010922021869,-4.47211073252842,-4.096368812053052,0.6716417910447762,0.41935483870967744,5.055555555555555,2.5671641791044775,6.611940298507463,2,-0.3364301661036927,0.6589884254128309,2,-0.1237874634837928,0.985818926021076,2,-1.4474376527222328,-0.4029266426255929,2,1.4263720132986255,3.700369452953199,2,-1.0983832425701718,-1.7298021297348163,-0.4669643554055274,2,-0.5598047071219546,-0.6980121422806094,-0.4215972719632999
M0_V4,5.1.0-research.1,20af962b672513fa396da2a3b528968497958561156be292b66c8b949e1e100b,6b3ec7b19ecd8cc7d7a47be6d39a817fb444c9ae,MULTIPLE,2026-08-05,d7bbf5589e872aff53293ab95490518cf771454ae18e77671ef5d4a4ed32a078,NO_DANGER_EXCLUSION,validation,ALL_ELIGIBLE,1.0,540,1,-0.14200743494423795,-0.1333171770379414,1.0,0.0,540,540,0.16643416983356213,-0.29838952895693827,2.1442769926891607,1.2375276881929742,-1.4022152749216223,-1.3726542216785376,0.4185185185185185,540,1.0853692966866266,0.24387111178543197,3.7765617012273527,2.2339362641715876,-2.1194831266571907,-2.089530950099683,0.5333333333333333,540,1.8997602307089652,1.212742959230828,4.681773938618431,2.947102300239224,-2.4644150972296983,-2.378860964638385,0.674074074074074,540,2.0760853208510928,1.6276347636679511,6.18548745680029,4.5307740808509305,-3.0203203802995815,-2.8663084112034776,0.5925925925925926,0.5371428571428571,4.103448275862069,3.0481481481481483,6.007407407407407,1,,,1,,,1,,,1,,,1,0.0,,,1,0.0,,
M0_V4,5.1.0-research.1,20af962b672513fa396da2a3b528968497958561156be292b66c8b949e1e100b,6b3ec7b19ecd8cc7d7a47be6d39a817fb444c9ae,MULTIPLE,2026-08-05,d7bbf5589e872aff53293ab95490518cf771454ae18e77671ef5d4a4ed32a078,NO_DANGER_EXCLUSION,validation,TOP_10_PCT,1.0,540,1,-0.14200743494423795,-0.1333171770379414,1.0,0.0,42,42,0.1380945161511666,-0.1693848908677298,2.3572271792511437,1.2549468860654,-1.1902731967677038,-0.9921724800878828,0.38095238095238093,42,-0.039810384605285014,-0.9568162574089768,3.3246706231283087,1.7547265033580617,-2.205424245559616,-2.1420518602029315,0.42857142857142855,42,0.2831462123085441,0.3570086433671404,3.3636587894859353,2.546682712838222,-2.583237527225215,-2.724676958815276,0.5238095238095238,42,1.1117874184846017,1.5629131290578524,4.811517881682424,4.149026248941579,-3.1387991263720503,-3.0063885757234177,0.6190476190476191,0.5333333333333333,4.7,1.9523809523809523,6.095238095238095,1,,,1,,,1,,,1,,,1,0.0,,,1,0.0,,
M0_V4,5.1.0-research.1,20af962b672513fa396da2a3b528968497958561156be292b66c8b949e1e100b,6b3ec7b19ecd8cc7d7a47be6d39a817fb444c9ae,MULTIPLE,2026-08-05,d7bbf5589e872aff53293ab95490518cf771454ae18e77671ef5d4a4ed32a078,NO_DANGER_EXCLUSION,validation,TOP_20_PCT,1.0,540,1,-0.14200743494423795,-0.1333171770379414,1.0,0.0,84,84,-0.010199695577237449,-0.20309766302770704,2.0289721262816243,1.1867683946488405,-1.3126460804028015,-1.293605969622097,0.40476190476190477,84,0.4838340723807531,-0.12593106338094626,3.1812043935913525,1.697670080309921,-2.069242193525146,-2.130726918930736,0.47619047619047616,84,0.9083620561185364,0.23709578295462158,3.738451986866078,2.120443364006308,-2.570528897990319,-2.4559260167783368,0.5476190476190477,84,1.5645582966360656,1.3851390275533726,5.214100642911289,4.118229711058053,-3.1288137584604514,-2.8622477867459972,0.5714285714285714,0.5517241379310345,4.368421052631579,2.738095238095238,6.4523809523809526,1,,,1,,,1,,,1,,,1,0.0,,,1,0.0,,
M1A_V4_FILTER_EXTREME,5.1.0-research.1,20af962b672513fa396da2a3b528968497958561156be292b66c8b949e1e100b,6b3ec7b19ecd8cc7d7a47be6d39a817fb444c9ae,MULTIPLE,2026-08-05,25b54df8728de7995a3ea313d4c80044ce71022ff91d176d97e14d0cb1862607,NO_DANGER_EXCLUSION,validation,ALL_ELIGIBLE,0.9666666666666667,522,1,-0.13009631414474795,-0.13335493145969585,1.0,0.03333333333333333,522,522,0.1730077396382662,-0.3039233744704384,2.165456063004266,1.2460682313089722,-1.3989830494941178,-1.3835626738852524,0.41762452107279696,522,1.0333331564777937,0.1876040616279439,3.7723529793637947,2.2132443351484232,-2.1258085676521117,-2.072538860103623,0.524904214559387,522,1.8359361617086651,1.1966064494344009,4.65278878548072,2.936769553491158,-2.480014608533171,-2.3795542879512355,0.6666666666666666,522,2.0421364255067807,1.637795275590559,6.136501826174297,4.504934734161115,-3.037158183236934,-2.902155887230517,0.5938697318007663,0.5476190476190477,4.072727272727272,3.0153256704980844,5.988505747126437,1,,,1,,,1,,,1,,,1,-0.06382406900030002,,,1,-0.03394889534431211,,
M1A_V4_FILTER_EXTREME,5.1.0-research.1,20af962b672513fa396da2a3b528968497958561156be292b66c8b949e1e100b,6b3ec7b19ecd8cc7d7a47be6d39a817fb444c9ae,MULTIPLE,2026-08-05,25b54df8728de7995a3ea313d4c80044ce71022ff91d176d97e14d0cb1862607,NO_DANGER_EXCLUSION,validation,TOP_10_PCT,0.9666666666666667,522,1,-0.13009631414474795,-0.13335493145969585,1.0,0.0,42,42,0.1380945161511666,-0.1693848908677298,2.3572271792511437,1.2549468860654,-1.1902731967677038,-0.9921724800878828,0.38095238095238093,42,-0.039810384605285014,-0.9568162574089768,3.3246706231283087,1.7547265033580617,-2.205424245559616,-2.1420518602029315,0.42857142857142855,42,0.2831462123085441,0.3570086433671404,3.3636587894859353,2.546682712838222,-2.583237527225215,-2.724676958815276,0.5238095238095238,42,1.1117874184846017,1.5629131290578524,4.811517881682424,4.149026248941579,-3.1387991263720503,-3.0063885757234177,0.6190476190476191,0.5333333333333333,4.7,1.9523809523809523,6.095238095238095,1,,,1,,,1,,,1,,,1,0.0,,,1,0.0,,
M1A_V4_FILTER_EXTREME,5.1.0-research.1,20af962b672513fa396da2a3b528968497958561156be292b66c8b949e1e100b,6b3ec7b19ecd8cc7d7a47be6d39a817fb444c9ae,MULTIPLE,2026-08-05,25b54df8728de7995a3ea313d4c80044ce71022ff91d176d97e14d0cb1862607,NO_DANGER_EXCLUSION,validation,TOP_20_PCT,0.9666666666666667,522,1,-0.13009631414474795,-0.13335493145969585,1.0,0.023809523809523808,82,82,0.0410802156608308,-0.1693848908677298,2.0322155602735887,1.1778846153846168,-1.2746356777447612,-1.2025554302893648,0.4146341463414634,82,0.5722673057081175,-0.0540540540540535,3.212551053615262,1.6406136572617802,-2.0232603882936293,-2.119401977658541,0.4878048780487805,82,1.0362170934516606,0.3570086433671404,3.783390051604006,2.16473964047601,-2.4099337594665515,-2.447032267993643,0.5609756097560976,82,1.6489619461298979,1.5629131290578524,5.2950301382844644,4.149026248941579,-2.981835323850589,-2.8535139712108304,0.5853658536585366,0.5714285714285714,4.368421052631579,2.7804878048780486,6.585365853658536,1,,,1,,,1,,,1,,,1,0.1278550373331243,,,1,0.08440364949383228,,
M1B_V4_FILTER_EXTENDED_EXTREME,5.1.0-research.1,20af962b672513fa396da2a3b528968497958561156be292b66c8b949e1e100b,6b3ec7b19ecd8cc7d7a47be6d39a817fb444c9ae,MULTIPLE,2026-08-05,299e501e53282565c425274f2fa395aeea3620a4e40b593f4c8ac8205995c1c2,NO_DANGER_EXCLUSION,validation,ALL_ELIGIBLE,0.6148148148148148,332,1,-0.1873733365689213,-0.16559870401584562,1.0,0.3851851851851852,332,332,0.3432509077945991,-0.20309766302770704,2.431829670816127,1.2711783783801667,-1.2808993835569693,-1.2986526579904956,0.4457831325301205,332,1.1689815463363098,0.153736103334201,4.1447423950277855,2.3162232447887843,-2.013692549751406,-2.118728766607047,0.5120481927710844,332,2.089570176263502,1.2695335306373123,4.9274783027464615,2.9311394905360606,-2.370884608785067,-2.3323078494883243,0.6686746987951807,332,2.666478281253135,2.196037996666622,6.554681893368724,4.938984065482033,-2.837260555032973,-2.805263578274758,0.6506024096385542,0.6146788990825688,4.025316455696203,2.963855421686747,6.078313253012048,1,,,1,,,1,,,1,,,1,0.189809945554537,,,1,0.5903929604020419,,
M1B_V4_FILTER_EXTENDED_EXTREME,5.1.0-research.1,20af962b672513fa396da2a3b528968497958561156be292b66c8b949e1e100b,6b3ec7b19ecd8cc7d7a47be6d39a817fb444c9ae,MULTIPLE,2026-08-05,299e501e53282565c425274f2fa395aeea3620a4e40b593f4c8ac8205995c1c2,NO_DANGER_EXCLUSION,validation,TOP_10_PCT,0.6148148148148148,332,1,-0.1873733365689213,-0.16559870401584562,1.0,0.23809523809523808,32,32,0.34186909364790363,-0.1964171040229612,2.6220735032919587,1.2252995299892322,-0.825271214965223,-0.772058274877746,0.4375,32,0.056568395917054634,-1.0367081896099528,3.5162390304723385,3.419689216398225,-1.7828922613291076,-1.980935840011372,0.375,32,0.31093491873244317,0.004922611268670635,3.5162390304723385,3.419689216398225,-2.1450137607610373,-2.442754191907964,0.5,32,0.7368318100891182,1.3851390275533726,4.524979400791148,4.118229711058053,-2.8741883596412583,-2.929951273467124,0.625,0.5454545454545454,3.5714285714285716,1.6875,6.25,1,,,1,,,1,,,1,,,1,0.027788706423899245,,,1,-0.37495560839548325,,
M1B_V4_FILTER_EXTENDED_EXTREME,5.1.0-research.1,20af962b672513fa396da2a3b528968497958561156be292b66c8b949e1e100b,6b3ec7b19ecd8cc7d7a47be6d39a817fb444c9ae,MULTIPLE,2026-08-05,299e501e53282565c425274f2fa395aeea3620a4e40b593f4c8ac8205995c1c2,NO_DANGER_EXCLUSION,validation,TOP_20_PCT,0.6148148148148148,332,1,-0.1873733365689213,-0.16559870401584562,1.0,0.2857142857142857,60,60,0.17782933571086632,-0.11176153929595145,2.286588812060776,1.1867683946488405,-1.0458417729241916,-0.8577716974237426,0.4,60,0.26976538959947455,-0.8918265081044374,3.399112480167868,1.697670080309921,-1.9035064799936565,-1.9205437186701368,0.43333333333333335,60,0.663220929586925,0.233509822233624,3.7258371860524973,2.3553542615392775,-2.390670594608229,-2.29072179041509,0.5333333333333333,60,1.632337361448126,1.8405348618829254,5.133979920304416,4.118229711058053,-2.9324167019143035,-2.7890954650130535,0.6,0.5714285714285714,4.357142857142857,2.4,6.466666666666667,1,,,1,,,1,,,1,,,1,-0.24514112653161146,,,1,0.06777906481205975,,
M1C_V4_EXTENSION_SECONDARY,5.1.0-research.1,20af962b672513fa396da2a3b528968497958561156be292b66c8b949e1e100b,6b3ec7b19ecd8cc7d7a47be6d39a817fb444c9ae,MULTIPLE,2026-08-05,d7bbf5589e872aff53293ab95490518cf771454ae18e77671ef5d4a4ed32a078,NO_DANGER_EXCLUSION,validation,ALL_ELIGIBLE,1.0,540,1,-0.1111653718767671,-0.07247012990576003,0.9681379564725016,0.0,540,540,0.1664341698335621,-0.29838952895693827,2.1442769926891607,1.2375276881929742,-1.4022152749216223,-1.3726542216785376,0.4185185185185185,540,1.0853692966866266,0.24387111178543197,3.7765617012273527,2.2339362641715876,-2.119483126657191,-2.089530950099683,0.5333333333333333,540,1.8997602307089652,1.212742959230828,4.681773938618431,2.947102300239224,-2.4644150972296983,-2.378860964638385,0.674074074074074,540,2.0760853208510928,1.6276347636679511,6.18548745680029,4.5307740808509305,-3.0203203802995815,-2.8663084112034776,0.5925925925925926,0.5371428571428571,4.103448275862069,3.0481481481481483,6.007407407407407,1,,,1,,,1,,,1,,,1,0.0,,,1,0.0,,
M1C_V4_EXTENSION_SECONDARY,5.1.0-research.1,20af962b672513fa396da2a3b528968497958561156be292b66c8b949e1e100b,6b3ec7b19ecd8cc7d7a47be6d39a817fb444c9ae,MULTIPLE,2026-08-05,d7bbf5589e872aff53293ab95490518cf771454ae18e77671ef5d4a4ed32a078,NO_DANGER_EXCLUSION,validation,TOP_10_PCT,1.0,540,1,-0.1111653718767671,-0.07247012990576003,0.9681379564725016,0.4074074074074074,44,44,0.6139469738947312,-0.11176153929595145,2.6376576531205043,1.539865217369929,-1.1182209767079228,-1.0973639551886238,0.4090909090909091,44,1.3464100420490697,0.27909985672853743,4.141366035479744,1.9670447513086886,-1.668427782526861,-1.735138711528561,0.5909090909090909,44,1.6253509295417077,0.5368041509189125,4.308322077099896,2.3630228560487687,-2.128002755394386,-2.2813702392279143,0.5909090909090909,44,2.2047569612490565,2.5542410062370347,5.829222597973905,5.54041856390236,-2.7600649486725843,-2.7890954650130535,0.6818181818181818,0.6,4.2727272727272725,2.090909090909091,6.818181818181818,1,,,1,,,1,,,1,,,1,1.3422047172331637,,,1,1.092969542764455,,
M1C_V4_EXTENSION_SECONDARY,5.1.0-research.1,20af962b672513fa396da2a3b528968497958561156be292b66c8b949e1e100b,6b3ec7b19ecd8cc7d7a47be6d39a817fb444c9ae,MULTIPLE,2026-08-05,d7bbf5589e872aff53293ab95490518cf771454ae18e77671ef5d4a4ed32a078,NO_DANGER_EXCLUSION,validation,TOP_20_PCT,1.0,540,1,-0.1111653718767671,-0.07247012990576003,0.9681379564725016,0.19148936170212766,86,86,0.24251461578499683,-0.0541381877241731,2.2910210367025954,1.2549468860654,-1.1883713333757304,-1.2025554302893648,0.4418604651162791,86,0.8749582715738753,-0.0540540540540535,3.737728070283222,2.1793629992593155,-1.9674245258477983,-2.0212676175204614,0.4883720930232558,86,1.342406420258887,0.4211956521739113,4.2817482715364115,2.3221497359428467,-2.534460686724333,-2.420688618252897,0.5813953488372093,86,2.1045058683511604,2.1181565947079983,5.807573307904982,4.346431435445064,-3.1618397490347423,-3.0063885757234177,0.6046511627906976,0.5483870967741935,4.238095238095238,2.604651162790698,6.348837209302325,1,,,1,,,1,,,1,,,1,0.43404436414035075,,,1,0.5399475717150943,,
M2_V4_TRIGGER,5.1.0-research.1,20af962b672513fa396da2a3b528968497958561156be292b66c8b949e1e100b,6b3ec7b19ecd8cc7d7a47be6d39a817fb444c9ae,MULTIPLE,2026-08-05,f8d3c27575050f3d75176effc69f230a8ee5496882aba34cc2fc1365ae437f3d,NO_DANGER_EXCLUSION,validation,ALL_ELIGIBLE,0.6333333333333333,342,1,-0.07849617203062377,-0.0071207430340557275,0.9555499556003552,0.36666666666666664,342,342,0.3525115851166726,-0.2540346682606165,2.394109425744912,1.2838801711840375,-1.352644044450242,-1.3217631170622246,0.4502923976608187,342,1.273628294113571,0.2671826054910564,4.060381876247028,2.3939564085549314,-2.0507368247908793,-2.0502690552414604,0.5497076023391813,342,2.1442421507234743,1.3522629706856248,4.890615713322291,3.07441815918017,-2.337007228779691,-2.3708588475427783,0.6900584795321637,342,2.044818846196089,1.637795275590559,6.338563587622088,4.658445879819939,-2.9116085443110635,-2.815000000000001,0.5906432748538012,0.5495495495495496,3.6486486486486487,3.0701754385964914,5.9298245614035086,1,,,1,,,1,,,1,,,1,0.2444819200145092,,,1,-0.03126647465500332,,
M2_V4_TRIGGER,5.1.0-research.1,20af962b672513fa396da2a3b528968497958561156be292b66c8b949e1e100b,6b3ec7b19ecd8cc7d7a47be6d39a817fb444c9ae,MULTIPLE,2026-08-05,f8d3c27575050f3d75176effc69f230a8ee5496882aba34cc2fc1365ae437f3d,NO_DANGER_EXCLUSION,validation,TOP_10_PCT,0.6333333333333333,342,1,-0.07849617203062377,-0.0071207430340557275,0.9555499556003552,0.5925925925925926,34,34,0.5118220447269701,0.1984192598961653,2.7484069043752064,1.8403680736147177,-1.2495152472951416,-1.000597371565104,0.5294117647058824,34,0.873304735441097,0.619403900404758,4.012013381265138,4.480896179235838,-2.0908663970835955,-2.420688618252897,0.5882352941176471,34,1.586315245954862,1.2694592181373698,4.519930498491313,5.247331228386698,-2.47404371330066,-3.1693329308783658,0.5882352941176471,34,2.7525542854144924,2.900580116023188,6.2540585555311585,5.861172234446888,-3.102955762600484,-3.483386923901388,0.7647058823529411,0.5,3.4444444444444446,2.4705882352941178,6.823529411764706,1,,,1,,,1,,,1,,,1,1.303169033646318,,,1,1.640766866929891,,
M2_V4_TRIGGER,5.1.0-research.1,20af962b672513fa396da2a3b528968497958561156be292b66c8b949e1e100b,6b3ec7b19ecd8cc7d7a47be6d39a817fb444c9ae,MULTIPLE,2026-08-05,f8d3c27575050f3d75176effc69f230a8ee5496882aba34cc2fc1365ae437f3d,NO_DANGER_EXCLUSION,validation,TOP_20_PCT,0.6333333333333333,342,1,-0.07849617203062377,-0.0071207430340557275,0.9555499556003552,0.5769230769230769,64,64,0.20630841631855168,-0.45203996711873917,2.312308582714297,1.225066230325711,-1.2197823846289109,-1.4218558853364316,0.40625,64,0.5399437768820389,0.1896333676611239,3.348889396613507,1.697670080309921,-1.9479709534644116,-2.323445020542991,0.53125,64,1.4085020685781535,1.0647317702510595,3.7694895955374212,2.4344162243905343,-2.2058201625683163,-2.717591085662658,0.625,64,2.1435601538722913,1.7997060728411673,5.585681887805968,5.54041856390236,-2.726079490440873,-2.7890954650130535,0.6875,0.55,4.466666666666667,2.71875,6.96875,1,,,1,,,1,,,1,,,1,0.500140012459617,,,1,0.5790018572362252,,
M3_V4_EXTENSION_TRIGGER,5.1.0-research.1,20af962b672513fa396da2a3b528968497958561156be292b66c8b949e1e100b,6b3ec7b19ecd8cc7d7a47be6d39a817fb444c9ae,MULTIPLE,2026-08-05,f8d3c27575050f3d75176effc69f230a8ee5496882aba34cc2fc1365ae437f3d,NO_DANGER_EXCLUSION,validation,ALL_ELIGIBLE,0.6333333333333333,342,1,-0.07013463892288863,-5.519955840353277e-05,0.9515731874145007,0.36666666666666664,342,342,0.35251158511667263,-0.2540346682606165,2.3941094257449125,1.2838801711840375,-1.352644044450242,-1.3217631170622246,0.4502923976608187,342,1.2736282941135708,0.2671826054910564,4.060381876247028,2.3939564085549314,-2.0507368247908797,-2.0502690552414604,0.5497076023391813,342,2.1442421507234743,1.3522629706856248,4.890615713322291,3.07441815918017,-2.337007228779691,-2.3708588475427783,0.6900584795321637,342,2.0448188461960894,1.637795275590559,6.338563587622088,4.658445879819939,-2.9116085443110635,-2.815000000000001,0.5906432748538012,0.5495495495495496,3.6486486486486487,3.0701754385964914,5.9298245614035086,1,,,1,,,1,,,1,,,1,0.2444819200145092,,,1,-0.03126647465500332,,
M3_V4_EXTENSION_TRIGGER,5.1.0-research.1,20af962b672513fa396da2a3b528968497958561156be292b66c8b949e1e100b,6b3ec7b19ecd8cc7d7a47be6d39a817fb444c9ae,MULTIPLE,2026-08-05,f8d3c27575050f3d75176effc69f230a8ee5496882aba34cc2fc1365ae437f3d,NO_DANGER_EXCLUSION,validation,TOP_10_PCT,0.6333333333333333,342,1,-0.07013463892288863,-5.519955840353277e-05,0.9515731874145007,0.5217391304347826,26,26,0.4654364357408044,-0.2368104351876843,2.7852845403303284,1.7547265033580617,-1.4501190432491957,-1.691564982704219,0.38461538461538464,26,0.7649523825843914,0.2419784155253346,3.998623417982593,5.159298864513295,-2.0738770008930043,-2.226201422833085,0.6153846153846154,26,1.3453218515792054,1.2694592181373698,4.061604302098759,5.159298864513295,-2.53445567498404,-2.8535139712108304,0.6153846153846154,26,2.5723644087617896,3.803939257254552,6.244813096993168,6.378742103817636,-3.266124597830027,-3.483386923901388,0.6923076923076923,0.4,4.714285714285714,2.230769230769231,7.538461538461538,1,,,1,,,1,,,1,,,1,1.0621756392706618,,,1,1.4605769902771881,,
M3_V4_EXTENSION_TRIGGER,5.1.0-research.1,20af962b672513fa396da2a3b528968497958561156be292b66c8b949e1e100b,6b3ec7b19ecd8cc7d7a47be6d39a817fb444c9ae,MULTIPLE,2026-08-05,f8d3c27575050f3d75176effc69f230a8ee5496882aba34cc2fc1365ae437f3d,NO_DANGER_EXCLUSION,validation,TOP_20_PCT,0.6333333333333333,342,1,-0.07013463892288863,-5.519955840353277e-05,0.9515731874145007,0.6346153846153846,58,58,0.054162908923250555,-0.3386960203217493,2.190381148668534,1.2544802867383575,-1.2946087395769126,-1.4062500000000089,0.3793103448275862,58,0.48407565930878255,0.1876040616279439,3.3089867554684624,1.7547265033580617,-2.002285487949575,-2.226201422833085,0.5172413793103449,58,1.4121845156326296,1.0840633015535062,3.697754832786803,2.546682712838222,-2.2673946461339876,-2.71050521251004,0.6551724137931034,58,2.1600979331559067,1.827565783907259,5.69791395958554,5.761908790929859,-2.881134240133344,-2.8535139712108304,0.6896551724137931,0.5263157894736842,4.642857142857143,2.6551724137931036,7.448275862068965,1,,,1,,,1,,,1,,,1,0.5038224595140933,,,1,0.5955396365198402,,
M4_TS_GATE_6.0_V4,5.1.0-research.1,20af962b672513fa396da2a3b528968497958561156be292b66c8b949e1e100b,6b3ec7b19ecd8cc7d7a47be6d39a817fb444c9ae,MULTIPLE,2026-08-05,b9d7676993547263f0d0f9a4ed0c57a2da60029ae8c8a42514414061060a51bf,NO_DANGER_EXCLUSION,validation,ALL_ELIGIBLE,0.7481481481481481,404,1,-0.08650426839610657,-0.05002617017822656,1.0,0.2518518518518518,404,404,-0.06752567102178841,-0.4557311574877987,1.9370408275522117,1.1798513986014059,-1.577233844395037,-1.4029233631835,0.37623762376237624,404,0.7066012655732977,0.0683110371452744,3.299421200964885,2.0581317489997697,-2.320535979191223,-2.1715884882866243,0.504950495049505,404,1.4610452781033587,0.7980533228670317,4.1704197869989335,2.7448753609960574,-2.745918251746781,-2.4514426922941035,0.6435643564356436,404,1.558349636873693,0.6857623336264163,5.6807738232608935,4.084610044389903,-3.3409085439560626,-2.9941968585557923,0.5445544554455446,0.48872180451127817,4.419753086419753,2.9603960396039604,5.955445544554456,1,,,1,,,1,,,1,,,1,-0.438714952605606,,,1,-0.5177356839773997,,
M4_TS_GATE_6.0_V4,5.1.0-research.1,20af962b672513fa396da2a3b528968497958561156be292b66c8b949e1e100b,6b3ec7b19ecd8cc7d7a47be6d39a817fb444c9ae,MULTIPLE,2026-08-05,b9d7676993547263f0d0f9a4ed0c57a2da60029ae8c8a42514414061060a51bf,NO_DANGER_EXCLUSION,validation,TOP_10_PCT,0.7481481481481481,404,1,-0.08650426839610657,-0.05002617017822656,1.0,0.19047619047619047,34,34,0.4755956011585595,-0.0541381877241731,2.636486555522499,1.2549468860654,-0.9816309625497034,-0.9921724800878828,0.47058823529411764,34,0.43531006962043944,-0.9568162574089768,3.8033803825036934,3.4234234234234107,-1.882921359127477,-2.1420518602029315,0.4117647058823529,34,0.7796883214701419,0.3570086433671404,3.8049565756819286,3.4234234234234107,-2.2237415938869405,-2.464819765563031,0.5294117647058824,34,0.9418968073267986,1.5629131290578524,4.9668301175846565,4.149026248941579,-2.9100235693036187,-3.0063885757234177,0.6470588235294118,0.5,3.5,1.8823529411764706,6.235294117647059,1,,,1,,,1,,,1,,,1,0.496542109161598,,,1,-0.16989061115780313,,
M4_TS_GATE_6.0_V4,5.1.0-research.1,20af962b672513fa396da2a3b528968497958561156be292b66c8b949e1e100b,6b3ec7b19ecd8cc7d7a47be6d39a817fb444c9ae,MULTIPLE,2026-08-05,b9d7676993547263f0d0f9a4ed0c57a2da60029ae8c8a42514414061060a51bf,NO_DANGER_EXCLUSION,validation,TOP_20_PCT,0.7481481481481481,404,1,-0.08650426839610657,-0.05002617017822656,1.0,0.2619047619047619,62,62,0.4079814163709846,-0.0278138327461485,2.4153596448517933,1.2549468860654,-0.8962689959753349,-0.8187694517596378,0.45161290322580644,62,0.7403751747646327,-0.0540540540540535,3.7555785084849576,2.545968882602545,-1.7273933793629805,-1.8198198198198123,0.4838709677419355,62,1.1651460097604214,0.4211956521739113,4.117153105768181,2.546682712838222,-2.1988425225383725,-2.1607549625772826,0.5806451612903226,62,1.726676431876751,2.1181565947079983,5.460331969729705,5.277198577210829,-2.723112948963607,-2.724676958815276,0.6129032258064516,0.5909090909090909,4.1875,2.5806451612903225,6.258064516129032,1,,,1,,,1,,,1,,,1,0.25678395364188533,,,1,0.16211813524068508,,
M4_TS_GATE_6.5_V4,5.1.0-research.1,20af962b672513fa396da2a3b528968497958561156be292b66c8b949e1e100b,6b3ec7b19ecd8cc7d7a47be6d39a817fb444c9ae,MULTIPLE,2026-08-05,fed2053bb276804ae12279e8ad594523646865be5efaf06ab0f3197f24c0395a,NO_DANGER_EXCLUSION,validation,ALL_ELIGIBLE,0.6333333333333333,342,1,-0.15784433724530206,-0.045554035567715465,1.0,0.36666666666666664,342,342,0.023321124274608876,-0.4687499999999955,2.0496092606986664,1.2544802867383575,-1.5450033017681348,-1.3995967263669915,0.391812865497076,342,0.7696086990576666,-0.0540540540540535,3.4271764153048805,2.1109271523178874,-2.279099802119959,-2.1903607407097736,0.49707602339181284,342,1.6473184149930702,1.0840633015535062,4.352190479413817,2.9127829560585905,-2.6833157588734617,-2.464819765563031,0.6608187134502924,342,1.4981348703480544,0.8672798948751836,5.805769115112988,4.14461931093153,-3.2810076328983393,-3.078302450687387,0.543859649122807,0.48717948717948717,4.347222222222222,2.953216374269006,5.912280701754386,1,,,1,,,1,,,1,,,1,-0.2524418157158954,,,1,-0.5779504505030384,,
M4_TS_GATE_6.5_V4,5.1.0-research.1,20af962b672513fa396da2a3b528968497958561156be292b66c8b949e1e100b,6b3ec7b19ecd8cc7d7a47be6d39a817fb444c9ae,MULTIPLE,2026-08-05,fed2053bb276804ae12279e8ad594523646865be5efaf06ab0f3197f24c0395a,NO_DANGER_EXCLUSION,validation,TOP_10_PCT,0.6333333333333333,342,1,-0.15784433724530206,-0.045554035567715465,1.0,0.3333333333333333,28,28,0.4668210174544973,-0.1964171040229612,2.571013908561401,1.3471910319184377,-1.1440037272507628,-1.0973639551886238,0.42857142857142855,28,0.44715826920601437,-1.0367081896099528,3.659853515914275,3.3256839850183795,-1.9147866547416517,-2.2813702392279143,0.42857142857142855,28,1.2299113492790972,0.3891021477705259,3.6617674647735607,3.3256839850183795,-2.0506475189572924,-2.442754191907964,0.5714285714285714,28,0.9424876937656685,1.8405348618829254,5.072613908512587,4.713112413076203,-2.8839899176775448,-2.929951273467124,0.6428571428571429,0.4444444444444444,4.0,1.8571428571428572,7.142857142857143,1,,,1,,,1,,,1,,,1,0.9467651369705532,,,1,-0.16929972471893295,,
M4_TS_GATE_6.5_V4,5.1.0-research.1,20af962b672513fa396da2a3b528968497958561156be292b66c8b949e1e100b,6b3ec7b19ecd8cc7d7a47be6d39a817fb444c9ae,MULTIPLE,2026-08-05,fed2053bb276804ae12279e8ad594523646865be5efaf06ab0f3197f24c0395a,NO_DANGER_EXCLUSION,validation,TOP_20_PCT,0.6333333333333333,342,1,-0.15784433724530206,-0.045554035567715465,1.0,0.35714285714285715,54,54,0.45335278331312384,-0.0541381877241731,2.5635646623988744,1.2549468860654,-0.9115789299577456,-0.8967739430878474,0.48148148148148145,54,0.5127446052281668,-0.0540540540540535,3.5391959631175607,3.4159550093730395,-1.7628913397235564,-2.0212676175204614,0.48148148148148145,54,1.1292078646341075,1.0840633015535062,3.9449626009794034,3.4159550093730395,-2.2401206452140645,-2.420688618252897,0.5925925925925926,54,1.4100839556605222,2.1181565947079983,5.2351871331244375,5.277198577210829,-2.842060764443037,-2.8535139712108304,0.6296296296296297,0.6,3.9285714285714284,2.5925925925925926,6.407407407407407,1,,,1,,,1,,,1,,,1,0.22084580851557079,,,1,-0.1544743409755438,,
M4_TS_GATE_7.0_V4,5.1.0-research.1,20af962b672513fa396da2a3b528968497958561156be292b66c8b949e1e100b,6b3ec7b19ecd8cc7d7a47be6d39a817fb444c9ae,MULTIPLE,2026-08-05,a9ecbda752585eb889f5f2292ee3935dcc5871f7d1c20af36a809d23c7d7dbc9,NO_DANGER_EXCLUSION,validation,ALL_ELIGIBLE,0.4962962962962963,268,1,-0.15298694497437626,-0.021977830147508075,1.0,0.5037037037037037,268,268,-0.0857710242389131,-0.5659664458321612,2.021471022690111,1.3490901805734534,-1.5569006055632668,-1.4236329430438177,0.373134328358209,268,0.46719446424429323,-0.19147572296488996,3.076675388579078,1.967648163705249,-2.3681257301464673,-2.237711075867593,0.4701492537313433,268,1.299397732095135,0.7281172644062028,4.002633304824323,2.8010664858194145,-2.774192928927852,-2.484206720347404,0.6268656716417911,268,0.9285219725823902,0.0265048679079227,5.361629089653904,4.041045333420157,-3.485237572520965,-3.204737163635324,0.5,0.4772727272727273,4.591836734693878,2.925373134328358,5.813432835820896,1,,,1,,,1,,,1,,,1,-0.6003624986138303,,,1,-1.1475633482687027,,
M4_TS_GATE_7.0_V4,5.1.0-research.1,20af962b672513fa396da2a3b528968497958561156be292b66c8b949e1e100b,6b3ec7b19ecd8cc7d7a47be6d39a817fb444c9ae,MULTIPLE,2026-08-05,a9ecbda752585eb889f5f2292ee3935dcc5871f7d1c20af36a809d23c7d7dbc9,NO_DANGER_EXCLUSION,validation,TOP_10_PCT,0.4962962962962963,268,1,-0.15298694497437626,-0.021977830147508075,1.0,0.47619047619047616,22,22,0.5745732530178285,-0.0541381877241731,2.7825925166618095,1.498729889923811,-1.1161645123713104,-0.9921724800878828,0.45454545454545453,22,0.14369448034881446,-1.116600121810929,3.5448004142720175,1.498729889923811,-2.0140090367697874,-2.1420518602029315,0.36363636363636365,22,0.830951415175931,-0.3471634208297991,3.5472363491838355,1.498729889923811,-2.18692286395333,-2.464819765563031,0.45454545454545453,22,0.5689752649806796,1.5629131290578524,5.004419441279887,4.149026248941579,-3.130198565091358,-3.0063885757234177,0.6363636363636364,0.42857142857142855,5.0,1.8181818181818181,6.636363636363637,1,,,1,,,1,,,1,,,1,0.547805202867387,,,1,-0.5428121535039219,,
M4_TS_GATE_7.0_V4,5.1.0-research.1,20af962b672513fa396da2a3b528968497958561156be292b66c8b949e1e100b,6b3ec7b19ecd8cc7d7a47be6d39a817fb444c9ae,MULTIPLE,2026-08-05,a9ecbda752585eb889f5f2292ee3935dcc5871f7d1c20af36a809d23c7d7dbc9,NO_DANGER_EXCLUSION,validation,TOP_20_PCT,0.4962962962962963,268,1,-0.15298694497437626,-0.021977830147508075,1.0,0.5238095238095238,40,40,0.7524675380892342,0.3986344524107732,3.122972210815635,1.6849090612134798,-0.757218688886991,-0.6306742801966414,0.55,40,0.23818791503246733,-1.1900935391663314,3.7427915133982657,3.00517311402404,-1.8382494950881498,-2.0816597388616964,0.4,40,0.8985433798970884,0.004922611268670635,3.965521398241603,3.658688860294479,-2.2593996534282326,-2.312787364070157,0.5,40,0.7185546334713899,1.3851390275533726,5.022428456345392,4.713112413076203,-3.0279004129098914,-3.087860753300892,0.6,0.5714285714285714,3.111111111111111,2.3,6.3,1,,,1,,,1,,,1,,,1,-0.009818676221448164,,,1,-0.8460036631646761,,
V5_BASELINE,5.1.0-research.1,20af962b672513fa396da2a3b528968497958561156be292b66c8b949e1e100b,6b3ec7b19ecd8cc7d7a47be6d39a817fb444c9ae,MULTIPLE,2026-08-05,d7bbf5589e872aff53293ab95490518cf771454ae18e77671ef5d4a4ed32a078,NO_DANGER_EXCLUSION,validation,ALL_ELIGIBLE,1.0,540,1,-0.10415567352699551,-0.11766721384685967,0.6219222813115243,0.0,540,540,0.16643416983356213,-0.29838952895693827,2.1442769926891607,1.2375276881929742,-1.4022152749216223,-1.3726542216785376,0.4185185185185185,540,1.0853692966866266,0.24387111178543197,3.7765617012273527,2.2339362641715876,-2.119483126657191,-2.089530950099683,0.5333333333333333,540,1.8997602307089656,1.212742959230828,4.681773938618432,2.947102300239224,-2.4644150972296983,-2.378860964638385,0.674074074074074,540,2.0760853208510928,1.6276347636679511,6.18548745680029,4.5307740808509305,-3.0203203802995815,-2.8663084112034776,0.5925925925925926,0.5371428571428571,4.103448275862069,3.0481481481481483,6.007407407407407,1,,,1,,,1,,,1,,,1,0.0,,,1,0.0,,
V5_BASELINE,5.1.0-research.1,20af962b672513fa396da2a3b528968497958561156be292b66c8b949e1e100b,6b3ec7b19ecd8cc7d7a47be6d39a817fb444c9ae,MULTIPLE,2026-08-05,d7bbf5589e872aff53293ab95490518cf771454ae18e77671ef5d4a4ed32a078,NO_DANGER_EXCLUSION,validation,TOP_10_PCT,1.0,540,1,-0.10415567352699551,-0.11766721384685967,0.6219222813115243,0.71875,40,40,0.2787859714957161,-0.3774397069610358,2.5619092491897275,1.3344419618286252,-0.9651733258065122,-1.033897226167596,0.375,40,0.47400625588077316,-0.0950703240779504,3.2993922843816925,1.7547265033580617,-1.8676044966694654,-2.7309782608695543,0.475,40,0.9854089103532047,0.1171829225421028,3.7294627398240308,2.546682712838222,-2.0793426775137256,-2.7729891304347776,0.525,40,0.7363119318563895,1.1020603737422086,4.988277016977027,5.065000000000008,-2.937707263388024,-3.1693329308783658,0.525,0.6521739130434783,3.3333333333333335,2.6,5.525,1,,,1,,,1,,,1,,,1,0.7022626980446607,,,1,-0.37547548662821195,,
V5_BASELINE,5.1.0-research.1,20af962b672513fa396da2a3b528968497958561156be292b66c8b949e1e100b,6b3ec7b19ecd8cc7d7a47be6d39a817fb444c9ae,MULTIPLE,2026-08-05,d7bbf5589e872aff53293ab95490518cf771454ae18e77671ef5d4a4ed32a078,NO_DANGER_EXCLUSION,validation,TOP_20_PCT,1.0,540,1,-0.10415567352699551,-0.11766721384685967,0.6219222813115243,0.6422764227642277,83,83,0.07105693948704975,-0.4161833936003223,2.1872986010909554,1.2838801711840375,-1.1604018223189954,-1.037735849056609,0.3493975903614458,83,0.5454843514060027,0.1851470890763318,3.103975285526677,1.998845810817884,-2.0144846185088467,-2.464819765563031,0.5180722891566265,83,1.2533214920408169,0.4211956521739113,3.6022466162247,2.546682712838222,-2.257347105242,-2.7309782608695543,0.5783132530120482,83,1.4242609932013963,1.1833928335316823,5.446638993159945,4.658445879819939,-3.0633675874042474,-2.858360159060791,0.5903614457831325,0.509090909090909,3.8125,2.7590361445783134,6.409638554216867,1,,,1,,,1,,,1,,,1,0.3449594359222806,,,1,-0.14029730343466973,,
M0_V4,5.1.0-research.1,20af962b672513fa396da2a3b528968497958561156be292b66c8b949e1e100b,6b3ec7b19ecd8cc7d7a47be6d39a817fb444c9ae,MULTIPLE,2026-08-05,b21804c1d714752faf5375f42d926eba2ea06e7cb2a8baed32245682af55a5be,EXCLUDE_DANGER,validation,ALL_ELIGIBLE,0.6333333333333333,342,1,-0.13960688314493486,-0.11068951448388413,1.0,0.0,342,342,-0.009589369257987635,-0.3775648829372424,1.931651899084814,1.1692811086517318,-1.5274590492583704,-1.384656508954829,0.39766081871345027,342,0.8236019438494151,0.1851470890763318,3.3764249946356775,2.1793629992593155,-2.263133439734652,-2.0502690552414604,0.52046783625731,342,1.437664086881655,1.089657809214306,4.115458276130404,2.8294787538253097,-2.547911881751487,-2.3364274394385265,0.6491228070175439,342,1.4376767618660045,1.0951812027080845,5.524699557525683,4.387520525451572,-3.206510516145619,-2.858360159060791,0.5672514619883041,0.49557522123893805,4.367647058823529,3.0760233918128654,6.035087719298246,1,,,1,,,1,,,1,,,1,0.0,,,1,0.0,,
M0_V4,5.1.0-research.1,20af962b672513fa396da2a3b528968497958561156be292b66c8b949e1e100b,6b3ec7b19ecd8cc7d7a47be6d39a817fb444c9ae,MULTIPLE,2026-08-05,b21804c1d714752faf5375f42d926eba2ea06e7cb2a8baed32245682af55a5be,EXCLUDE_DANGER,validation,TOP_10_PCT,0.6333333333333333,342,1,-0.13960688314493486,-0.11068951448388413,1.0,0.0,28,28,0.4067541862489968,-0.1964171040229612,2.5585864384112686,1.3471910319184377,-1.1880940407886518,-1.341868731396051,0.42857142857142855,28,0.5439575971214639,-0.5054351557315151,3.8211712195093166,4.288030751768179,-1.8917700804285715,-2.1202542190363545,0.42857142857142855,28,0.8298933573783559,0.037016115672056094,3.8230851683686025,4.288030751768179,-2.305623222636491,-2.597899013216293,0.5,28,1.101171905437479,1.8405348618829254,5.212457407995318,4.713112413076203,-3.0772272845338517,-3.1684504475561095,0.6428571428571429,0.4444444444444444,4.0,1.9285714285714286,6.857142857142857,1,,,1,,,1,,,1,,,1,0.0,,,1,0.0,,
M0_V4,5.1.0-research.1,20af962b672513fa396da2a3b528968497958561156be292b66c8b949e1e100b,6b3ec7b19ecd8cc7d7a47be6d39a817fb444c9ae,MULTIPLE,2026-08-05,b21804c1d714752faf5375f42d926eba2ea06e7cb2a8baed32245682af55a5be,EXCLUDE_DANGER,validation,TOP_20_PCT,0.6333333333333333,342,1,-0.13960688314493486,-0.11068951448388413,1.0,0.0,48,48,0.494308767078649,0.0786919449463408,2.605695207188644,1.5140899693680265,-0.9689776156495326,-0.8577716974237426,0.5,48,0.5948440832905324,0.09396218073564055,3.633538064371868,2.984696153012978,-1.8351584450543552,-1.9205437186701368,0.5,48,1.2402538707681567,0.7526294768637087,4.065016554384745,2.9850530681308163,-2.119865987420388,-2.29072179041509,0.5833333333333334,48,1.7323746360990224,2.509368355365593,5.573002729533421,5.832405392520391,-2.724269257175083,-2.5947483621891534,0.6666666666666666,0.6111111111111112,4.6923076923076925,2.625,6.541666666666667,1,,,1,,,1,,,1,,,1,0.0,,,1,0.0,,
M1A_V4_FILTER_EXTREME,5.1.0-research.1,20af962b672513fa396da2a3b528968497958561156be292b66c8b949e1e100b,6b3ec7b19ecd8cc7d7a47be6d39a817fb444c9ae,MULTIPLE,2026-08-05,e4d020d45b327f1830a8f81b2e9e4c434cc3388f576ad749c6251871ab9bd10c,EXCLUDE_DANGER,validation,ALL_ELIGIBLE,0.6,324,1,-0.10998488485818443,-0.09967666862838911,1.0,0.05263157894736842,324,324,-0.008777703411050419,-0.3968741382687824,1.9539612293922417,1.1731322718498416,-1.5292095624216546,-1.3861668586213682,0.3950617283950617,324,0.7252233094664503,0.10765050060476115,3.3474144590448525,2.161137901094634,-2.281305000952994,-2.035768336380961,0.5061728395061729,324,1.309164412168543,1.0647317702510595,4.037297992603644,2.791699158780414,-2.577683137991625,-2.3256984697721137,0.6358024691358025,324,1.3475141772009962,1.0986207882251464,5.409067824890773,4.308143130190512,-3.2439819839805777,-2.8663084112034776,0.5679012345679012,0.5094339622641509,4.338709677419355,3.0246913580246915,6.006172839506172,1,,,1,,,1,,,1,,,1,-0.12849967471311174,,,1,-0.09016258466500826,,
M1A_V4_FILTER_EXTREME,5.1.0-research.1,20af962b672513fa396da2a3b528968497958561156be292b66c8b949e1e100b,6b3ec7b19ecd8cc7d7a47be6d39a817fb444c9ae,MULTIPLE,2026-08-05,e4d020d45b327f1830a8f81b2e9e4c434cc3388f576ad749c6251871ab9bd10c,EXCLUDE_DANGER,validation,TOP_10_PCT,0.6,324,1,-0.10998488485818443,-0.09967666862838911,1.0,0.07142857142857142,26,26,0.5475370793007213,-0.0541381877241731,2.679170703597445,1.498729889923811,-1.139499750093947,-0.9921724800878828,0.46153846153846156,26,0.5899584933657344,-0.9568162574089768,3.851767203823617,5.152638080112948,-1.8973047158600145,-2.420688618252897,0.46153846153846156,26,1.2970577112723247,0.4211956521739113,3.853828379518232,5.152638080112948,-2.043616415784551,-2.464819765563031,0.5384615384615384,26,1.2274574782050185,2.1181565947079983,5.350075406808543,5.277198577210829,-2.8745746362894007,-2.8535139712108304,0.6923076923076923,0.5,4.0,1.9230769230769231,7.230769230769231,1,,,1,,,1,,,1,,,1,0.4671643538939684,,,1,0.1262855727675396,,
M1A_V4_FILTER_EXTREME,5.1.0-research.1,20af962b672513fa396da2a3b528968497958561156be292b66c8b949e1e100b,6b3ec7b19ecd8cc7d7a47be6d39a817fb444c9ae,MULTIPLE,2026-08-05,e4d020d45b327f1830a8f81b2e9e4c434cc3388f576ad749c6251871ab9bd10c,EXCLUDE_DANGER,validation,TOP_20_PCT,0.6,324,1,-0.10998488485818443,-0.09967666862838911,1.0,0.0,48,48,0.494308767078649,0.0786919449463408,2.605695207188644,1.5140899693680265,-0.9689776156495326,-0.8577716974237426,0.5,48,0.5948440832905324,0.09396218073564055,3.633538064371868,2.984696153012978,-1.8351584450543552,-1.9205437186701368,0.5,48,1.2402538707681567,0.7526294768637087,4.065016554384745,2.9850530681308163,-2.119865987420388,-2.29072179041509,0.5833333333333334,48,1.7323746360990224,2.509368355365593,5.573002729533421,5.832405392520391,-2.724269257175083,-2.5947483621891534,0.6666666666666666,0.6111111111111112,4.6923076923076925,2.625,6.541666666666667,1,,,1,,,1,,,1,,,1,0.0,,,1,0.0,,
M1B_V4_FILTER_EXTENDED_EXTREME,5.1.0-research.1,20af962b672513fa396da2a3b528968497958561156be292b66c8b949e1e100b,6b3ec7b19ecd8cc7d7a47be6d39a817fb444c9ae,MULTIPLE,2026-08-05,c4d65bb99023bd7fe315576272bc59115f8a0c507ee3de20b78558c2d95174c9,EXCLUDE_DANGER,validation,ALL_ELIGIBLE,0.34814814814814815,188,1,-0.18859950149911495,-0.08290286457392623,0.9999999999999999,0.4502923976608187,188,188,0.1137894911484686,-0.30454183528355044,2.085825930594025,1.1863178044805078,-1.3580377978201443,-1.2715487767778924,0.425531914893617,188,0.8046816928145688,0.02068940105750535,3.4987772298811977,2.3162232447887843,-2.09156718689989,-1.8482340273067552,0.5,188,1.4869179507866466,1.1610756966985547,4.22361845790616,2.800978901565032,-2.35750165133672,-2.1400784701179116,0.6382978723404256,188,1.7902160571993808,1.6550803079468213,5.735855145900413,4.70573738538993,-3.0396709959801034,-2.7104867792269562,0.6170212765957447,0.5901639344262295,4.35,3.095744680851064,6.170212765957447,1,,,1,,,1,,,1,,,1,0.04925386390499176,,,1,0.35253929533337613,,
M1B_V4_FILTER_EXTENDED_EXTREME,5.1.0-research.1,20af962b672513fa396da2a3b528968497958561156be292b66c8b949e1e100b,6b3ec7b19ecd8cc7d7a47be6d39a817fb444c9ae,MULTIPLE,2026-08-05,c4d65bb99023bd7fe315576272bc59115f8a0c507ee3de20b78558c2d95174c9,EXCLUDE_DANGER,validation,TOP_10_PCT,0.34814814814814815,188,1,-0.18859950149911495,-0.08290286457392623,0.9999999999999999,0.35714285714285715,18,18,0.4763970942681637,-0.0541381877241731,2.9529385243306576,1.498729889923811,-0.8435408090992955,-0.5519440696676092,0.4444444444444444,18,-0.38947699112969925,-1.116600121810929,3.2700207743215546,1.498729889923811,-1.8365178467070384,-1.693480101608802,0.3333333333333333,18,0.05596823981053088,-0.612438248629632,3.2700207743215546,1.498729889923811,-2.0478569688202573,-2.464819765563031,0.3333333333333333,18,0.5331011839559641,1.5629131290578524,4.616284204125863,4.149026248941579,-3.1047120795977934,-2.8535139712108304,0.6666666666666666,0.6,5.666666666666667,1.5555555555555556,6.777777777777778,1,,,1,,,1,,,1,,,1,-0.7739251175678252,,,1,-0.5680707214815149,,
M1B_V4_FILTER_EXTENDED_EXTREME,5.1.0-research.1,20af962b672513fa396da2a3b528968497958561156be292b66c8b949e1e100b,6b3ec7b19ecd8cc7d7a47be6d39a817fb444c9ae,MULTIPLE,2026-08-05,c4d65bb99023bd7fe315576272bc59115f8a0c507ee3de20b78558c2d95174c9,EXCLUDE_DANGER,validation,TOP_20_PCT,0.34814814814814815,188,1,-0.18859950149911495,-0.08290286457392623,0.9999999999999999,0.25,36,36,0.36689112654024203,-0.20309766302770704,2.9016061226311667,1.3471910319184377,-0.9294575200797658,-0.9444732115878651,0.3888888888888889,36,0.037628262475553655,-0.5054351557315151,3.602981543426646,2.589074963390736,-1.9613292154693578,-2.0230106213264487,0.4444444444444444,36,0.386962412409305,0.037016115672056094,3.720507709374977,2.9850530681308163,-2.3234772082907176,-2.5947483621891534,0.5,36,1.593954214755489,1.8405348618829254,5.192307586669893,5.54041856390236,-2.923613700877554,-2.7890954650130535,0.6666666666666666,0.6153846153846154,4.666666666666667,2.0,6.5,1,,,1,,,1,,,1,,,1,-0.853291458358852,,,1,-0.13842042134353383,,
M1C_V4_EXTENSION_SECONDARY,5.1.0-research.1,20af962b672513fa396da2a3b528968497958561156be292b66c8b949e1e100b,6b3ec7b19ecd8cc7d7a47be6d39a817fb444c9ae,MULTIPLE,2026-08-05,b21804c1d714752faf5375f42d926eba2ea06e7cb2a8baed32245682af55a5be,EXCLUDE_DANGER,validation,ALL_ELIGIBLE,0.6333333333333333,342,1,-0.10204238366093071,-0.061439508483932134,0.9667050663594693,0.0,342,342,-0.009589369257987646,-0.3775648829372424,1.931651899084814,1.1692811086517318,-1.5274590492583704,-1.384656508954829,0.39766081871345027,342,0.8236019438494152,0.1851470890763318,3.376424994635677,2.1793629992593155,-2.2631334397346516,-2.0502690552414604,0.52046783625731,342,1.4376640868816553,1.089657809214306,4.115458276130404,2.8294787538253097,-2.5479118817514865,-2.3364274394385265,0.6491228070175439,342,1.4376767618660045,1.0951812027080845,5.524699557525683,4.387520525451572,-3.206510516145619,-2.858360159060791,0.5672514619883041,0.49557522123893805,4.367647058823529,3.0760233918128654,6.035087719298246,1,,,1,,,1,,,1,,,1,0.0,,,1,0.0,,
M1C_V4_EXTENSION_SECONDARY,5.1.0-research.1,20af962b672513fa396da2a3b528968497958561156be292b66c8b949e1e100b,6b3ec7b19ecd8cc7d7a47be6d39a817fb444c9ae,MULTIPLE,2026-08-05,b21804c1d714752faf5375f42d926eba2ea06e7cb2a8baed32245682af55a5be,EXCLUDE_DANGER,validation,TOP_10_PCT,0.6333333333333333,342,1,-0.10204238366093071,-0.061439508483932134,0.9667050663594693,0.2,26,26,0.6567900810065471,-0.0541381877241731,2.6765433359519486,1.498729889923811,-1.1675603946597042,-0.9921724800878828,0.46153846153846156,26,0.705771214292432,0.2419784155253346,3.885995010235057,5.152638080112948,-1.8584757283187479,-2.226201422833085,0.5384615384615384,26,1.3480475304553703,1.0840633015535062,3.8880561859296723,5.152638080112948,-2.043131700241914,-2.464819765563031,0.5384615384615384,26,2.080086027417358,2.990325417766071,5.747034371396661,5.8036385505938926,-2.774800623087901,-2.724676958815276,0.7692307692307693,0.5555555555555556,4.857142857142857,2.076923076923077,7.384615384615385,1,,,1,,,1,,,1,,,1,0.5181541730770142,,,1,0.9789141219798789,,
M1C_V4_EXTENSION_SECONDARY,5.1.0-research.1,20af962b672513fa396da2a3b528968497958561156be292b66c8b949e1e100b,6b3ec7b19ecd8cc7d7a47be6d39a817fb444c9ae,MULTIPLE,2026-08-05,b21804c1d714752faf5375f42d926eba2ea06e7cb2a8baed32245682af55a5be,EXCLUDE_DANGER,validation,TOP_20_PCT,0.6333333333333333,342,1,-0.10204238366093071,-0.061439508483932134,0.9667050663594693,0.25,50,50,0.39261425306651776,-0.2368104351876843,2.6974860825339904,1.215277777777768,-1.1317331003194206,-1.361745769471823,0.4,50,0.6067077629030667,0.1876040616279439,3.7460271356227004,2.1793629992593155,-1.9240829795121308,-2.0212676175204614,0.52,50,1.21072352543205,0.7118055555555447,4.083167562277646,2.546682712838222,-2.1848295343435096,-2.420688618252897,0.6,50,1.5089927623887847,1.5629131290578524,5.418874825797678,5.277198577210829,-2.7581012305901136,-2.724676958815276,0.64,0.5882352941176471,4.083333333333333,2.32,6.4,1,,,1,,,1,,,1,,,1,-0.0295303453361071,,,1,-0.22338187371023777,,
M2_V4_TRIGGER,5.1.0-research.1,20af962b672513fa396da2a3b528968497958561156be292b66c8b949e1e100b,6b3ec7b19ecd8cc7d7a47be6d39a817fb444c9ae,MULTIPLE,2026-08-05,dafa467ca92017e1b1ee0fba3e05af3e506f75485b7cb6985fd5895931667f8a,EXCLUDE_DANGER,validation,ALL_ELIGIBLE,0.4222222222222222,228,1,-0.05187825276928373,0.02099997974929629,0.9322816467872258,0.3333333333333333,228,228,0.2389872401374081,-0.30454183528355044,2.1212492187969993,1.2348790322580627,-1.4164066441149317,-1.281764564507876,0.4298245614035088,228,0.8612710755754671,0.13648456801070846,3.507818052066889,2.1987704980623524,-2.16878648017231,-1.983367780757278,0.5175438596491229,228,1.6577523384224266,1.0917039046071553,4.24140876103481,2.7482793020422447,-2.443378358518444,-2.2679527387751808,0.6578947368421053,228,1.360468069773082,1.1427266036369454,5.569452589411572,4.410911682928765,-3.1250994065625295,-2.8508318473663694,0.5614035087719298,0.4931506849315068,3.7906976744186047,3.06140350877193,5.93859649122807,1,,,1,,,1,,,1,,,1,0.2200882515407716,,,1,-0.07720869209292203,,
M2_V4_TRIGGER,5.1.0-research.1,20af962b672513fa396da2a3b528968497958561156be292b66c8b949e1e100b,6b3ec7b19ecd8cc7d7a47be6d39a817fb444c9ae,MULTIPLE,2026-08-05,dafa467ca92017e1b1ee0fba3e05af3e506f75485b7cb6985fd5895931667f8a,EXCLUDE_DANGER,validation,TOP_10_PCT,0.4222222222222222,228,1,-0.05187825276928373,0.02099997974929629,0.9322816467872258,0.35714285714285715,18,18,0.6774972399733137,-0.3386960203217493,3.007390783257362,2.8670953912111496,-1.3382544988268112,-1.691564982704219,0.4444444444444444,18,0.9131427300664825,0.619403900404758,4.654085228057908,5.277198577210829,-1.9702070168337507,-2.420688618252897,0.5555555555555556,18,1.6573591443069269,1.3522629706856248,4.657062481839019,5.277198577210829,-2.1477097716193647,-2.8535139712108304,0.5555555555555556,18,1.3456978219542035,2.990325417766071,5.7836640662088605,5.8036385505938926,-3.204564882396901,-3.483386923901388,0.6666666666666666,0.3333333333333333,2.0,2.111111111111111,6.555555555555555,1,,,1,,,1,,,1,,,1,0.8274657869285708,,,1,0.2445259165167244,,
M2_V4_TRIGGER,5.1.0-research.1,20af962b672513fa396da2a3b528968497958561156be292b66c8b949e1e100b,6b3ec7b19ecd8cc7d7a47be6d39a817fb444c9ae,MULTIPLE,2026-08-05,dafa467ca92017e1b1ee0fba3e05af3e506f75485b7cb6985fd5895931667f8a,EXCLUDE_DANGER,validation,TOP_20_PCT,0.4222222222222222,228,1,-0.05187825276928373,0.02099997974929629,0.9322816467872258,0.5666666666666667,38,38,0.14833809819821728,-0.3386960203217493,2.3288818892714462,1.5406983561194076,-1.423447119505651,-1.6650694777192163,0.42105263157894735,38,0.6789893760912569,0.1916626736943039,3.507031754048933,1.7547265033580617,-2.219508975317582,-2.7309782608695543,0.5789473684210527,38,1.286585797512093,0.4211956521739113,3.9614839115670897,2.737953006770222,-2.3871669250826533,-2.8535139712108304,0.5263157894736842,38,1.5850722486722217,1.1833928335316823,5.356803639004992,5.277198577210829,-3.1016496371436135,-3.483386923901388,0.6842105263157895,0.5454545454545454,3.125,2.3157894736842106,6.578947368421052,1,,,1,,,1,,,1,,,1,0.046331926743935936,,,1,-0.14730238742680068,,
M3_V4_EXTENSION_TRIGGER,5.1.0-research.1,20af962b672513fa396da2a3b528968497958561156be292b66c8b949e1e100b,6b3ec7b19ecd8cc7d7a47be6d39a817fb444c9ae,MULTIPLE,2026-08-05,dafa467ca92017e1b1ee0fba3e05af3e506f75485b7cb6985fd5895931667f8a,EXCLUDE_DANGER,validation,ALL_ELIGIBLE,0.4222222222222222,228,1,-0.043210951580567425,0.029975091634434296,0.9317551284907151,0.3333333333333333,228,228,0.2389872401374081,-0.30454183528355044,2.121249218796999,1.2348790322580627,-1.4164066441149321,-1.281764564507876,0.4298245614035088,228,0.8612710755754671,0.13648456801070846,3.5078180520668885,2.1987704980623524,-2.16878648017231,-1.983367780757278,0.5175438596491229,228,1.6577523384224266,1.0917039046071553,4.241408761034809,2.7482793020422447,-2.4433783585184448,-2.2679527387751808,0.6578947368421053,228,1.360468069773082,1.1427266036369454,5.569452589411572,4.410911682928765,-3.1250994065625295,-2.8508318473663694,0.5614035087719298,0.4931506849315068,3.7906976744186047,3.06140350877193,5.93859649122807,1,,,1,,,1,,,1,,,1,0.2200882515407716,,,1,-0.07720869209292203,,
M3_V4_EXTENSION_TRIGGER,5.1.0-research.1,20af962b672513fa396da2a3b528968497958561156be292b66c8b949e1e100b,6b3ec7b19ecd8cc7d7a47be6d39a817fb444c9ae,MULTIPLE,2026-08-05,dafa467ca92017e1b1ee0fba3e05af3e506f75485b7cb6985fd5895931667f8a,EXCLUDE_DANGER,validation,TOP_10_PCT,0.4222222222222222,228,1,-0.043210951580567425,0.029975091634434296,0.9317551284907151,0.35714285714285715,18,18,0.6774972399733138,-0.3386960203217493,3.007390783257362,2.8670953912111496,-1.3382544988268112,-1.691564982704219,0.4444444444444444,18,0.9131427300664827,0.619403900404758,4.654085228057908,5.277198577210829,-1.9702070168337507,-2.420688618252897,0.5555555555555556,18,1.657359144306927,1.3522629706856248,4.657062481839019,5.277198577210829,-2.1477097716193647,-2.8535139712108304,0.5555555555555556,18,1.3456978219542033,2.990325417766071,5.7836640662088605,5.8036385505938926,-3.204564882396901,-3.483386923901388,0.6666666666666666,0.3333333333333333,2.0,2.111111111111111,6.555555555555555,1,,,1,,,1,,,1,,,1,0.827465786928571,,,1,0.24452591651672462,,
M3_V4_EXTENSION_TRIGGER,5.1.0-research.1,20af962b672513fa396da2a3b528968497958561156be292b66c8b949e1e100b,6b3ec7b19ecd8cc7d7a47be6d39a817fb444c9ae,MULTIPLE,2026-08-05,dafa467ca92017e1b1ee0fba3e05af3e506f75485b7cb6985fd5895931667f8a,EXCLUDE_DANGER,validation,TOP_20_PCT,0.4222222222222222,228,1,-0.043210951580567425,0.029975091634434296,0.9317551284907151,0.5666666666666667,38,38,0.34878204502125065,-0.2368104351876843,2.663718384080063,1.5406983561194076,-1.4055998568948775,-1.691564982704219,0.42105263157894735,38,0.7650316791732955,0.2419784155253346,3.8253850984130344,1.7547265033580617,-2.1048170008396063,-2.420688618252897,0.5789473684210527,38,1.4707199336938128,1.0454002389486128,4.207191147762187,2.737953006770222,-2.269078447026003,-2.7309782608695543,0.631578947368421,38,2.022501611533136,1.2073649260488928,5.862193478987917,5.8036385505938926,-3.044095355616413,-3.483386923901388,0.6842105263157895,0.5833333333333334,3.6666666666666665,2.263157894736842,6.842105263157895,1,,,1,,,1,,,1,,,1,0.23046606292565586,,,1,0.29012697543411337,,
M4_TS_GATE_6.0_V4,5.1.0-research.1,20af962b672513fa396da2a3b528968497958561156be292b66c8b949e1e100b,6b3ec7b19ecd8cc7d7a47be6d39a817fb444c9ae,MULTIPLE,2026-08-05,c5e42783d77f7b449cb240e88816819e56dc950e0d7225d8f3af6bd90f50c4c3,EXCLUDE_DANGER,validation,ALL_ELIGIBLE,0.48518518518518516,262,1,-0.09783270164949555,0.00814605242086158,1.0,0.23391812865497075,262,262,-0.18403762479495633,-0.4687499999999955,1.7813109252933605,1.0455635491606774,-1.6341454306076986,-1.419102504196745,0.366412213740458,262,0.5933207845336572,0.1531009909809588,2.9968456196190694,1.998845810817884,-2.3805346255001085,-2.182422013995966,0.5114503816793893,262,1.0931611424464913,0.7472423200094891,3.6757933885082075,2.546682712838222,-2.721432379513738,-2.420688618252897,0.6259541984732825,262,0.9100452627287116,0.2511396251899223,5.146371948080849,4.020610330244057,-3.4283646042855507,-2.956893480584244,0.5190839694656488,0.4659090909090909,4.6,3.0,6.076335877862595,1,,,1,,,1,,,1,,,1,-0.3445029444351637,,,1,-0.5276314991372928,,
M4_TS_GATE_6.0_V4,5.1.0-research.1,20af962b672513fa396da2a3b528968497958561156be292b66c8b949e1e100b,6b3ec7b19ecd8cc7d7a47be6d39a817fb444c9ae,MULTIPLE,2026-08-05,c5e42783d77f7b449cb240e88816819e56dc950e0d7225d8f3af6bd90f50c4c3,EXCLUDE_DANGER,validation,TOP_10_PCT,0.48518518518518516,262,1,-0.09783270164949555,0.00814605242086158,1.0,0.21428571428571427,22,22,0.49084184240725964,-0.0541381877241731,2.6548160710604565,1.498729889923811,-1.2228033477227331,-0.9921724800878828,0.45454545454545453,22,0.42216096020874744,-0.9568162574089768,3.9159236556623687,5.152638080112948,-2.039339651137966,-2.420688618252897,0.45454545454545453,22,1.0404282609402749,-0.3471634208297991,3.918359590574187,5.152638080112948,-2.2122534783215086,-2.464819765563031,0.45454545454545453,22,1.1658896978170825,2.1181565947079983,5.398785270364315,5.277198577210829,-3.07695311441222,-2.8535139712108304,0.7272727272727273,0.42857142857142855,4.4,1.9090909090909092,6.909090909090909,1,,,1,,,1,,,1,,,1,0.21053490356191873,,,1,0.06471779237960362,,
M4_TS_GATE_6.0_V4,5.1.0-research.1,20af962b672513fa396da2a3b528968497958561156be292b66c8b949e1e100b,6b3ec7b19ecd8cc7d7a47be6d39a817fb444c9ae,MULTIPLE,2026-08-05,c5e42783d77f7b449cb240e88816819e56dc950e0d7225d8f3af6bd90f50c4c3,EXCLUDE_DANGER,validation,TOP_20_PCT,0.48518518518518516,262,1,-0.09783270164949555,0.00814605242086158,1.0,0.16666666666666666,40,40,0.510998910893537,-0.11176153929595145,2.8060332222316964,1.3471910319184377,-1.0516195868548404,-0.9444732115878651,0.45,40,0.5769627991409649,0.09396218073564055,3.8830586667554856,3.9166434809240647,-1.9803041127054732,-2.0230106213264487,0.5,40,1.2130553204447294,0.7526294768637087,4.245618473008593,4.288030751768179,-2.306237306244697,-2.5947483621891534,0.55,40,1.95789141070384,2.5542410062370347,5.7757368292705,6.091190327205764,-2.846360149572849,-2.7890954650130535,0.7,0.6,4.363636363636363,2.3,6.45,1,,,1,,,1,,,1,,,1,-0.02719855032342733,,,1,0.2255167746048179,,
M4_TS_GATE_6.5_V4,5.1.0-research.1,20af962b672513fa396da2a3b528968497958561156be292b66c8b949e1e100b,6b3ec7b19ecd8cc7d7a47be6d39a817fb444c9ae,MULTIPLE,2026-08-05,ff1c9b698f938a5efe6072f83a42624297ca51af27af0a890c7d7153918ddb84,EXCLUDE_DANGER,validation,ALL_ELIGIBLE,0.4185185185185185,226,1,-0.17440448466298486,0.03864195887949962,0.9999999999999998,0.3391812865497076,226,226,-0.08078988263801536,-0.4687499999999955,1.9118145377562201,1.1614963945216106,-1.59198344751086,-1.42816338189089,0.3893805309734513,226,0.7119181385695916,0.1531009909809588,3.1762774089204497,2.1793629992593155,-2.3047732232295277,-2.182422013995966,0.5132743362831859,226,1.3483406341141932,1.0439613063882858,3.916568676022825,2.742639040348971,-2.5886520464809304,-2.455853116594564,0.6371681415929203,226,0.8921605145372613,0.4668769716088317,5.25061133037887,4.14461931093153,-3.297447829180841,-2.902155887230517,0.5309734513274337,0.4810126582278481,4.595744680851064,3.017699115044248,5.982300884955753,1,,,1,,,1,,,1,,,1,-0.08932345276746179,,,1,-0.5455162473287432,,
M4_TS_GATE_6.5_V4,5.1.0-research.1,20af962b672513fa396da2a3b528968497958561156be292b66c8b949e1e100b,6b3ec7b19ecd8cc7d7a47be6d39a817fb444c9ae,MULTIPLE,2026-08-05,ff1c9b698f938a5efe6072f83a42624297ca51af27af0a890c7d7153918ddb84,EXCLUDE_DANGER,validation,TOP_10_PCT,0.4185185185185185,226,1,-0.17440448466298486,0.03864195887949962,0.9999999999999998,0.35714285714285715,18,18,0.8318249378202729,0.2115220776168547,2.562755556263271,1.498729889923811,-1.120342413967463,-0.5519440696676092,0.5555555555555556,18,0.6209730960488046,-0.9568162574089768,3.4943429866757465,1.498729889923811,-1.8272258875360226,-1.693480101608802,0.4444444444444444,18,1.3440467105713154,-0.3471634208297991,3.4973202404568577,1.498729889923811,-2.0332245964538433,-2.464819765563031,0.4444444444444444,18,1.299853686460011,2.1181565947079983,5.244917479955105,4.149026248941579,-2.9188050268932546,-2.8535139712108304,0.7777777777777778,0.5,5.0,2.0,7.333333333333333,1,,,1,,,1,,,1,,,1,0.5141533531929591,,,1,0.1986817810225323,,
M4_TS_GATE_6.5_V4,5.1.0-research.1,20af962b672513fa396da2a3b528968497958561156be292b66c8b949e1e100b,6b3ec7b19ecd8cc7d7a47be6d39a817fb444c9ae,MULTIPLE,2026-08-05,ff1c9b698f938a5efe6072f83a42624297ca51af27af0a890c7d7153918ddb84,EXCLUDE_DANGER,validation,TOP_20_PCT,0.4185185185185185,226,1,-0.17440448466298486,0.03864195887949962,0.9999999999999998,0.25,36,36,0.1539365096056413,-0.20309766302770704,2.5301564570275183,1.3471910319184377,-1.3120525555077522,-1.341868731396051,0.3888888888888889,36,-0.05154571749845845,-0.5054351557315151,3.538784468033787,2.589074963390736,-2.343924250897344,-2.323445020542991,0.4444444444444444,36,0.26922341708766795,0.037016115672056094,3.5842706621176847,2.9850530681308163,-2.7060722437187037,-2.7278276098424152,0.5,36,1.4399106478593364,1.8405348618829254,5.256737444259569,5.54041856390236,-3.30620873630554,-3.011423451044598,0.6666666666666666,0.5384615384615384,4.888888888888889,2.0,6.555555555555555,1,,,1,,,1,,,1,,,1,-0.971030453680489,,,1,-0.2924639882396862,,
M4_TS_GATE_7.0_V4,5.1.0-research.1,20af962b672513fa396da2a3b528968497958561156be292b66c8b949e1e100b,6b3ec7b19ecd8cc7d7a47be6d39a817fb444c9ae,MULTIPLE,2026-08-05,bb448b32244edef705952648fca7b907e17f84f49e930afeef35345ed79a9aa1,EXCLUDE_DANGER,validation,ALL_ELIGIBLE,0.34074074074074073,184,1,-0.12277484086740749,0.018602715657414115,1.0,0.4619883040935672,184,184,-0.05875401410777739,-0.5659664458321612,2.1077384017755905,1.3231469619807368,-1.5799168656214833,-1.509520238133627,0.3695652173913043,184,0.4483723192400378,-0.2925050145483332,3.1098310139650875,2.130045950874415,-2.4071832924610344,-2.3256984697721137,0.4782608695652174,184,1.0056320543958783,0.39959801508714365,3.6732220625319725,2.5423289031339946,-2.6932692046955298,-2.5642968375658883,0.5869565217391305,184,0.4393200130263089,-0.02461306241365313,4.908939707104556,3.8808087622443366,-3.4981709792375075,-3.204737163635324,0.5,0.4918032786885246,4.515151515151516,2.891304347826087,5.880434782608695,1,,,1,,,1,,,1,,,1,-0.4320320324857767,,,1,-0.9983567488396955,,
M4_TS_GATE_7.0_V4,5.1.0-research.1,20af962b672513fa396da2a3b528968497958561156be292b66c8b949e1e100b,6b3ec7b19ecd8cc7d7a47be6d39a817fb444c9ae,MULTIPLE,2026-08-05,bb448b32244edef705952648fca7b907e17f84f49e930afeef35345ed79a9aa1,EXCLUDE_DANGER,validation,TOP_10_PCT,0.34074074074074073,184,1,-0.12277484086740749,0.018602715657414115,1.0,0.5,14,14,0.34548683210758085,-0.0541381877241731,2.209795862111522,0.954787155909398,-0.9024797812355561,-0.5519440696676092,0.42857142857142855,14,-0.6613899111345167,-1.116600121810929,2.556972397851915,0.954787155909398,-1.81132996153799,-1.693480101608802,0.2857142857142857,14,0.030984197445482784,-0.612438248629632,2.556972397851915,0.954787155909398,-2.076185444432331,-2.464819765563031,0.2857142857142857,14,0.4932076667892811,1.5629131290578524,3.9727750072020176,4.087433173174526,-3.2147888549972885,-2.8535139712108304,0.7142857142857143,0.5,5.5,1.4285714285714286,7.571428571428571,1,,,1,,,1,,,1,,,1,-0.7989091599328734,,,1,-0.6079642386481978,,
M4_TS_GATE_7.0_V4,5.1.0-research.1,20af962b672513fa396da2a3b528968497958561156be292b66c8b949e1e100b,6b3ec7b19ecd8cc7d7a47be6d39a817fb444c9ae,MULTIPLE,2026-08-05,bb448b32244edef705952648fca7b907e17f84f49e930afeef35345ed79a9aa1,EXCLUDE_DANGER,validation,TOP_20_PCT,0.34074074074074073,184,1,-0.12277484086740749,0.018602715657414115,1.0,0.4166666666666667,28,28,0.43600065897450346,0.0786919449463408,2.991154833296195,2.1829126405674804,-1.164183442445984,-0.772058274877746,0.5,28,-0.31484973320982496,-1.1900935391663314,3.688001829441301,3.3256839850183795,-2.4832170356893077,-2.597899013216293,0.35714285714285715,28,0.3624634488825328,-0.4798008347297156,3.6899157783005867,3.3256839850183795,-2.6352382101829055,-2.792246116040192,0.42857142857142855,28,0.663426763958167,1.3851390275533726,5.039551780626789,4.713112413076203,-3.4068422720802665,-3.326359927389877,0.6428571428571429,0.5555555555555556,3.8333333333333335,1.7857142857142858,6.214285714285714,1,,,1,,,1,,,1,,,1,-0.8777904218856241,,,1,-1.0689478721408556,,
M0_V4,5.1.0-research.1,20af962b672513fa396da2a3b528968497958561156be292b66c8b949e1e100b,6b3ec7b19ecd8cc7d7a47be6d39a817fb444c9ae,MULTIPLE,2026-08-06;2026-08-07,0f6a0bed771f8d80855607e8e77ddf409133d0fb73f52b91beaa0195a516e588,NO_DANGER_EXCLUSION,holdout,ALL_ELIGIBLE,1.0,871,2,0.0035915871965006645,-0.03461261057894912,1.0,0.0,871,871,0.4104346326765814,0.1540832049306439,1.6338371041365616,1.000288544772543,-1.3405302932959675,-1.2704174228675202,0.5281285878300803,871,1.13033672065487,0.5904509823882798,3.071062251639032,2.1739130434782705,-2.017215109914607,-1.7587939698492372,0.6234213547646383,871,1.8653632383687702,1.602753195673534,4.155505966075234,3.376948239368871,-2.335333850718613,-2.022700814901046,0.6716417910447762,871,2.4878375430297934,1.6377649325626242,5.714232647621994,4.530070294194233,-3.0074138895148703,-2.623550945698594,0.6991963260619977,0.5960144927536232,4.849350649350649,3.490241102181401,6.388059701492537,2,0.27771591939763046,0.745724013591826,2,0.9585697928071633,1.564274222585919,2,1.5976671768856179,2.541648025273575,2,2.380650303919578,2.530265825177587,2,0.0,0.0,0.0,2,0.0,0.0,0.0
M0_V4,5.1.0-research.1,20af962b672513fa396da2a3b528968497958561156be292b66c8b949e1e100b,6b3ec7b19ecd8cc7d7a47be6d39a817fb444c9ae,MULTIPLE,2026-08-06;2026-08-07,0f6a0bed771f8d80855607e8e77ddf409133d0fb73f52b91beaa0195a516e588,NO_DANGER_EXCLUSION,holdout,TOP_10_PCT,1.0,871,2,0.0035915871965006645,-0.03461261057894912,1.0,0.0,63,63,0.42617285270689903,0.7025119084335785,1.6654587934889111,0.8883152380229298,-1.2867795524605838,-1.1202119971091218,0.6825396825396826,63,1.4669523283237846,1.0767312705429075,2.8787348691931225,2.46631651061886,-1.793856079874747,-1.2687813021702854,0.6825396825396826,63,2.256552613884767,1.9741263440860248,4.001441734655592,3.348068948973637,-2.0383987266795924,-1.5469233413544117,0.7619047619047619,63,2.85529873871306,2.726766833611572,5.461557605946908,4.418475236505293,-2.668180260117411,-1.8267223382045887,0.8253968253968254,0.6666666666666666,5.09375,3.9682539682539684,6.555555555555555,2,0.11151051630783779,1.2128286937045523,2,1.3005943989083872,1.8828471518622782,2,2.099284916749346,2.6497218567233207,2,1.6680246817289197,3.330208361506716,2,0.0,0.0,0.0,2,0.0,0.0,0.0
M0_V4,5.1.0-research.1,20af962b672513fa396da2a3b528968497958561156be292b66c8b949e1e100b,6b3ec7b19ecd8cc7d7a47be6d39a817fb444c9ae,MULTIPLE,2026-08-06;2026-08-07,0f6a0bed771f8d80855607e8e77ddf409133d0fb73f52b91beaa0195a516e588,NO_DANGER_EXCLUSION,holdout,TOP_20_PCT,1.0,871,2,0.0035915871965006645,-0.03461261057894912,1.0,0.0,140,140,0.20622052320217357,0.2637966360676258,1.5279450811987074,0.8393632416787478,-1.2435592303765093,-1.261581787897581,0.5428571428571428,140,1.1328028563327492,0.6598434934646846,2.623860962392124,2.0086738187628184,-1.8141266543553425,-1.5469233413544117,0.6714285714285714,140,2.3206225877176814,1.9331840444847255,4.04332641841504,3.293667658308541,-2.080746735376578,-1.7770060195085868,0.7928571428571428,140,2.7631745283757554,2.1900821576380736,5.453016468392777,4.83030913978495,-2.645275405687268,-2.235297592588825,0.7571428571428571,0.6867469879518072,5.5285714285714285,3.942857142857143,7.021428571428571,2,-0.017211514775074807,0.8765166371339189,2,0.9880054532680904,1.5671950655267257,2,2.050715740057098,3.1303431306994316,2,2.0334784408563777,3.0064065575488814,2,0.0,0.0,0.0,2,0.0,0.0,0.0
M1A_V4_FILTER_EXTREME,5.1.0-research.1,20af962b672513fa396da2a3b528968497958561156be292b66c8b949e1e100b,6b3ec7b19ecd8cc7d7a47be6d39a817fb444c9ae,MULTIPLE,2026-08-06;2026-08-07,ec89c62463574c28664d9a9934ecf66fc46cf81f6a8d98584912ebe34239d087,NO_DANGER_EXCLUSION,holdout,ALL_ELIGIBLE,0.9609644087256027,837,2,0.018358270976009748,-0.05022582476767508,0.9999857103043998,0.03903559127439724,837,837,0.4114988150552389,0.1540832049306439,1.650398642310655,1.000288544772543,-1.3377264247214664,-1.2687813021702854,0.5292712066905615,837,1.1426203780887456,0.5958714620131866,3.0850658543751415,2.1739130434782705,-2.0265636252475003,-1.745820965474154,0.6248506571087217,837,1.8733081894568262,1.597188947452488,4.163685539321694,3.376948239368871,-2.3482062819289213,-2.001326846528084,0.6714456391875747,837,2.6080818009149054,1.7904406040790688,5.775675785664732,4.558495377749439,-2.9754787611846316,-2.613023641642476,0.7060931899641577,0.5962264150943396,4.875338753387534,3.4898446833930703,6.492234169653525,2,0.2938862526450613,0.7092521376126508,2,0.9750910914661768,1.5667451543484137,2,1.6080513505128897,2.5448444905807173,2,2.4839535379266233,2.657112464795277,2,0.006790319467206984,0.0031964653071421267,0.010384173627271842,2,0.11507493681236758,0.10330323400704522,0.12684663961768994
M1A_V4_FILTER_EXTREME,5.1.0-research.1,20af962b672513fa396da2a3b528968497958561156be292b66c8b949e1e100b,6b3ec7b19ecd8cc7d7a47be6d39a817fb444c9ae,MULTIPLE,2026-08-06;2026-08-07,ec89c62463574c28664d9a9934ecf66fc46cf81f6a8d98584912ebe34239d087,NO_DANGER_EXCLUSION,holdout,TOP_10_PCT,0.9609644087256027,837,2,0.018358270976009748,-0.05022582476767508,0.9999857103043998,0.1111111111111111,56,56,0.35614805906226954,0.7025119084335785,1.3997959582865283,0.8638392398508388,-1.392730568677742,-1.0697698203448458,0.6964285714285714,56,1.265200007949473,0.9938486191147009,2.597734539095257,2.4449148727037295,-1.9183689607038765,-1.310283795597539,0.6428571428571429,56,2.1708402183655844,2.3192971546322827,3.757066500182072,3.348068948973637,-2.0025679327592565,-1.449354815189602,0.7321428571428571,56,2.6928077444283667,2.726766833611572,5.302632657248658,4.418475236505293,-2.6280671554419888,-1.5984874527328996,0.8035714285714286,0.625,5.642857142857143,4.107142857142857,6.785714285714286,2,0.005056667723947792,1.1615930156619487,2,1.1487547613182927,1.5323391031621816,2,2.155445497283554,2.206157519671418,2,1.229065542950975,3.3308492168672297,2,-0.19370187825884733,-0.4435643370519027,0.05616058053420803,2,-0.21915914170871553,-0.4389591387779448,0.0006408553605137257
M1A_V4_FILTER_EXTREME,5.1.0-research.1,20af962b672513fa396da2a3b528968497958561156be292b66c8b949e1e100b,6b3ec7b19ecd8cc7d7a47be6d39a817fb444c9ae,MULTIPLE,2026-08-06;2026-08-07,ec89c62463574c28664d9a9934ecf66fc46cf81f6a8d98584912ebe34239d087,NO_DANGER_EXCLUSION,holdout,TOP_20_PCT,0.9609644087256027,837,2,0.018358270976009748,-0.05022582476767508,0.9999857103043998,0.02857142857142857,136,136,0.20008250720481774,0.1622740753175477,1.49254207510571,0.8353194809216813,-1.2867201963354962,-1.2644223170539035,0.5294117647058824,136,1.160921512655646,0.766064966955371,2.6206907763342273,2.0086738187628184,-1.8438913576671039,-1.5593580173212218,0.6691176470588235,136,2.278729005735032,1.9107736927407528,4.031533866710156,3.278242171728696,-2.1183532057771997,-1.8267223382045887,0.7867647058823529,136,2.8391580273647596,2.6286353467561696,5.457841494336916,4.624392188145121,-2.6905415101653336,-2.351113412739514,0.7720588235294118,0.675,5.552238805970149,3.911764705882353,7.051470588235294,2,-0.02767555087219254,0.8833566814358488,2,1.0012224586604108,1.6400186746413525,2,1.9897266161587546,3.1457361744638623,2,2.0667097344747614,3.096640791661426,2,-0.022798040066956404,-0.060989123898343545,0.015393043764430736,2,0.06173276386546411,0.03323129361838362,0.09023423411254461
M1B_V4_FILTER_EXTENDED_EXTREME,5.1.0-research.1,20af962b672513fa396da2a3b528968497958561156be292b66c8b949e1e100b,6b3ec7b19ecd8cc7d7a47be6d39a817fb444c9ae,MULTIPLE,2026-08-06;2026-08-07,732ee46e709efafcdef1a38a6d4d57f7ff421d43c65a8637c6abbe822f02be6a,NO_DANGER_EXCLUSION,holdout,ALL_ELIGIBLE,0.5901262916188289,514,2,-0.015506220847131704,-0.11555046310772965,0.9990302189734814,0.40987370838117104,514,514,0.14973737088769426,0.047436074933004904,1.4124889349620782,0.870100870100865,-1.3975150668083458,-1.2705829225271803,0.5038910505836576,514,0.9599207563037411,0.5628775913895767,2.7751517216496073,2.085326190931691,-2.0618828858546245,-1.6838674633351425,0.6206225680933852,514,1.7059984417699143,1.6353417229315381,3.839312555603253,3.2781664411832834,-2.4085996532203873,-2.0099623753715603,0.6770428015564203,514,2.9462960986013513,2.23358186686452,5.705757161677783,4.677081348828338,-2.8614999557730494,-2.511852530014924,0.7607003891050583,0.6538461538461539,5.348547717842323,3.556420233463035,7.009727626459144,2,-0.022970677463920206,0.5892495766928372,2,0.7428711071853847,1.512274690956662,2,1.4069265480398523,2.467084847193313,2,2.7316210775240903,3.0306534917075916,2,-0.1326519034630138,-0.1907406288457656,-0.07456317808026203,2,0.42567922006725833,0.35097077360451223,0.5003876665300044
M1B_V4_FILTER_EXTENDED_EXTREME,5.1.0-research.1,20af962b672513fa396da2a3b528968497958561156be292b66c8b949e1e100b,6b3ec7b19ecd8cc7d7a47be6d39a817fb444c9ae,MULTIPLE,2026-08-06;2026-08-07,732ee46e709efafcdef1a38a6d4d57f7ff421d43c65a8637c6abbe822f02be6a,NO_DANGER_EXCLUSION,holdout,TOP_10_PCT,0.5901262916188289,514,2,-0.015506220847131704,-0.11555046310772965,0.9990302189734814,0.42857142857142855,36,36,-0.08549718062697863,0.4338890157570274,1.0123766780231214,0.7306889352818313,-1.5830165691380211,-1.3701758392327013,0.6111111111111112,36,0.6986162410258852,0.8331524025438797,1.9284040097641428,1.9426669144427033,-1.9569189975171932,-1.3701758392327013,0.5555555555555556,36,1.6121619074680675,1.9741263440860248,3.0928751295631427,2.827212042684357,-2.0351449283862384,-1.632792875085631,0.6944444444444444,36,2.2365687622689854,1.7956014284925328,4.947461481369421,4.194510126452156,-2.9450463265291487,-2.2487075383087083,0.8333333333333334,0.42857142857142855,6.0588235294117645,3.7777777777777777,6.527777777777778,2,-0.7072008114218654,1.157910080962795,2,0.15711452636612133,1.7816196703454128,2,1.2058464773645612,2.4247927676750796,2,0.8676341922876186,2.921036047259669,2,-0.5591837642165131,-0.893438439384785,-0.22492908904824116,2,-0.604781401844174,-0.8003904894413011,-0.4091723142470469
M1B_V4_FILTER_EXTENDED_EXTREME,5.1.0-research.1,20af962b672513fa396da2a3b528968497958561156be292b66c8b949e1e100b,6b3ec7b19ecd8cc7d7a47be6d39a817fb444c9ae,MULTIPLE,2026-08-06;2026-08-07,732ee46e709efafcdef1a38a6d4d57f7ff421d43c65a8637c6abbe822f02be6a,NO_DANGER_EXCLUSION,holdout,TOP_20_PCT,0.5901262916188289,514,2,-0.015506220847131704,-0.11555046310772965,0.9990302189734814,0.35714285714285715,90,90,-0.28768606511020517,0.2637966360676258,1.1036130651510114,0.7994492442021106,-1.6053916524208243,-1.2687813021702854,0.5555555555555556,90,0.4952898649954265,0.612923626626527,2.037720767243406,1.7831595662240352,-2.3065454032627595,-1.5469233413544117,0.6444444444444445,90,1.9710829721437066,1.944578460102231,3.506118299036877,3.170432977322979,-2.489378920678377,-1.8267223382045887,0.7888888888888889,90,2.131542865402843,2.0157822185572494,5.002861750240401,4.418475236505293,-3.293379576715373,-2.6965725806451624,0.7333333333333333,0.5636363636363636,5.976744186046512,4.066666666666666,6.377777777777778,2,-0.64028199639533,0.681952745923888,2,0.3092650035961683,1.0068582338433867,2,1.8106265572157174,2.4123381131956765,2,0.643783577663964,2.672546242762435,2,-0.4790471001725679,-0.7180050175037551,-0.2400891828413807,2,-0.86177758898943,-1.3896948631924138,-0.3338603147864463
M1C_V4_EXTENSION_SECONDARY,5.1.0-research.1,20af962b672513fa396da2a3b528968497958561156be292b66c8b949e1e100b,6b3ec7b19ecd8cc7d7a47be6d39a817fb444c9ae,MULTIPLE,2026-08-06;2026-08-07,0f6a0bed771f8d80855607e8e77ddf409133d0fb73f52b91beaa0195a516e588,NO_DANGER_EXCLUSION,holdout,ALL_ELIGIBLE,1.0,871,2,0.018120305647057394,0.02032756239924822,0.9641795313768999,0.0,871,871,0.4104346326765814,0.1540832049306439,1.6338371041365616,1.000288544772543,-1.340530293295968,-1.2704174228675202,0.5281285878300803,871,1.13033672065487,0.5904509823882798,3.071062251639032,2.1739130434782705,-2.017215109914607,-1.7587939698492372,0.6234213547646383,871,1.8653632383687702,1.602753195673534,4.155505966075234,3.376948239368871,-2.335333850718613,-2.022700814901046,0.6716417910447762,871,2.4878375430297934,1.6377649325626242,5.714232647621994,4.530070294194233,-3.0074138895148703,-2.623550945698594,0.6991963260619977,0.5960144927536232,4.849350649350649,3.490241102181401,6.388059701492537,2,0.27771591939763046,0.745724013591826,2,0.9585697928071633,1.564274222585919,2,1.5976671768856179,2.541648025273575,2,2.380650303919578,2.530265825177587,2,0.0,0.0,0.0,2,0.0,0.0,0.0
M1C_V4_EXTENSION_SECONDARY,5.1.0-research.1,20af962b672513fa396da2a3b528968497958561156be292b66c8b949e1e100b,6b3ec7b19ecd8cc7d7a47be6d39a817fb444c9ae,MULTIPLE,2026-08-06;2026-08-07,0f6a0bed771f8d80855607e8e77ddf409133d0fb73f52b91beaa0195a516e588,NO_DANGER_EXCLUSION,holdout,TOP_10_PCT,1.0,871,2,0.018120305647057394,0.02032756239924822,0.9641795313768999,0.48,51,51,-0.184152390813846,0.3075740099961477,1.1300177716757491,0.7306889352818313,-1.6268427424504288,-1.3701758392327013,0.5490196078431373,51,0.5532351507306768,-0.1537870049980849,2.202723570123236,2.0967924742151034,-1.9663213560191826,-1.5717926932880322,0.49019607843137253,51,1.6057886924701772,1.726946888237202,3.3944955217046986,2.993241068554875,-2.170751042709634,-1.8267223382045887,0.7254901960784313,51,2.6346978173810043,1.97388711833042,4.981489327198036,4.194510126452156,-2.8130343825752173,-2.215705441511895,0.8627450980392157,0.5714285714285714,5.166666666666667,3.6862745098039214,7.0588235294117645,2,-0.781526790914643,1.2495461694280672,2,0.07579875717483395,1.6990824952646997,2,1.307399525861098,2.3219226923319667,2,1.189824969955812,3.236728170474835,2,-0.5598422776398011,-0.7918853908882482,-0.32779916439135404,2,-0.2858399514024943,-0.4781997117731076,-0.09348019103188099
M1C_V4_EXTENSION_SECONDARY,5.1.0-research.1,20af962b672513fa396da2a3b528968497958561156be292b66c8b949e1e100b,6b3ec7b19ecd8cc7d7a47be6d39a817fb444c9ae,MULTIPLE,2026-08-06;2026-08-07,0f6a0bed771f8d80855607e8e77ddf409133d0fb73f52b91beaa0195a516e588,NO_DANGER_EXCLUSION,holdout,TOP_20_PCT,1.0,871,2,0.018120305647057394,0.02032756239924822,0.9641795313768999,0.23178807947019867,127,127,0.10816354691762088,0.3075740099961477,1.5043742160029185,0.8393632416787478,-1.3520520041184814,-1.2723845428840752,0.5669291338582677,127,0.9618302452381533,0.9109659676864944,2.614055960569822,2.1208769761238644,-1.9265581027691614,-1.5469233413544117,0.6850393700787402,127,2.0517034410292854,1.9089236430542835,4.0173742465499345,3.297952994692954,-2.2272642257209787,-1.7926734216679785,0.7637795275590551,127,2.931313577528248,2.6286353467561696,5.56655150758526,4.83030913978495,-2.8590562907803885,-2.368905243790232,0.7716535433070866,0.6493506493506493,5.523809523809524,3.858267716535433,7.05511811023622,2,-0.16863235690526535,0.8652817544331625,2,0.8386343320488265,1.2988073019030768,2,1.819199872575456,2.687669084152995,2,2.109575149903122,3.2317340779503363,2,-0.33709495701403946,-0.4426740465464367,-0.2315158674816422,2,0.1507121147240995,0.07609670904674415,0.22532752040145487
M2_V4_TRIGGER,5.1.0-research.1,20af962b672513fa396da2a3b528968497958561156be292b66c8b949e1e100b,6b3ec7b19ecd8cc7d7a47be6d39a817fb444c9ae,MULTIPLE,2026-08-06;2026-08-07,285019c4e04906a340578d4a574827b9722b90530c1f64ac286e0aeff73e47de,NO_DANGER_EXCLUSION,holdout,ALL_ELIGIBLE,0.642939150401837,560,2,-0.030715862631082058,-0.061042708849812465,0.9500186771788643,0.35706084959816303,560,560,0.47036566891137327,0.1622740753175477,1.758269608325372,1.1644913256257161,-1.2717457507492944,-1.2723845428840752,0.5214285714285715,560,1.237349018843325,0.6890017494697753,3.143474569791033,2.3326071724070307,-1.9822401547521504,-1.7268445839874302,0.6375,560,1.8721482638550047,1.807714450201514,4.257693138537368,3.536603665171678,-2.2718775038932693,-1.957397812320083,0.6910714285714286,560,3.0580561377686317,2.0648603361532847,6.111931454756302,4.769805060141019,-2.9134274018116595,-2.551549843693696,0.7267857142857143,0.6064690026954178,4.79467680608365,3.544642857142857,6.6553571428571425,2,0.2973622934115689,0.8881055268255348,2,0.9816580578994308,1.8547491440493138,2,1.4929235553173779,2.787837194226348,2,2.9324731213613835,3.110065265775674,2,0.07072277369226643,-0.10474362156824002,0.24618916895277287,2,0.5658111290199461,0.5518228174418054,0.5797994405980869
M2_V4_TRIGGER,5.1.0-research.1,20af962b672513fa396da2a3b528968497958561156be292b66c8b949e1e100b,6b3ec7b19ecd8cc7d7a47be6d39a817fb444c9ae,MULTIPLE,2026-08-06;2026-08-07,285019c4e04906a340578d4a574827b9722b90530c1f64ac286e0aeff73e47de,NO_DANGER_EXCLUSION,holdout,TOP_10_PCT,0.642939150401837,560,2,-0.030715862631082058,-0.061042708849812465,0.9500186771788643,0.6712328767123288,34,34,-0.5083108256125591,-0.10554592219815245,1.1576523064790205,0.6920844630768919,-1.771283429477349,-1.3701758392327013,0.4117647058823529,34,0.4914162913689868,0.11935746655514776,2.0706590824758404,1.69715937742011,-2.260411228824146,-1.4709842662603667,0.5294117647058824,34,1.2988614015679456,1.726946888237202,3.4729697974855034,3.260412416613234,-2.5278430264634597,-2.3695349637466,0.6176470588235294,34,3.2715338173210875,1.97388711833042,5.692293682663427,4.83030913978495,-3.3104906936887697,-3.577539386378248,0.9411764705882353,0.5416666666666666,5.95,3.5588235294117645,7.617647058823529,2,-1.1877845370401652,1.1224260818136955,2,-0.11746916044012297,1.9527413757108505,2,0.48276383954848634,3.2574955504146486,2,2.205443143236876,3.7157382648561748,2,-0.504373691754766,-1.6165210772008598,0.6077736936913278,2,0.4614741824287075,0.3855299033494588,0.5374184615079562
M2_V4_TRIGGER,5.1.0-research.1,20af962b672513fa396da2a3b528968497958561156be292b66c8b949e1e100b,6b3ec7b19ecd8cc7d7a47be6d39a817fb444c9ae,MULTIPLE,2026-08-06;2026-08-07,285019c4e04906a340578d4a574827b9722b90530c1f64ac286e0aeff73e47de,NO_DANGER_EXCLUSION,holdout,TOP_20_PCT,0.642939150401837,560,2,-0.030715862631082058,-0.061042708849812465,0.9500186771788643,0.6727272727272727,79,79,-0.17108496833512618,-0.0977517106549363,1.1371768241853448,0.7676227682396064,-1.4891293269949544,-1.2687813021702854,0.45569620253164556,79,1.0071968661730373,0.8315014814106902,2.362739817453266,2.251407129455907,-1.8945163479365177,-1.5469233413544117,0.7088607594936709,79,1.848440583190969,1.9107736927407528,3.5605740118029905,3.2206119162640823,-2.019749881553612,-1.632792875085631,0.759493670886076,79,2.7975402395415645,1.97388711833042,5.324279734926059,4.418475236505293,-2.8023418963541014,-2.215705441511895,0.7721518987341772,0.5961538461538461,6.205128205128205,3.8354430379746836,7.012658227848101,2,-0.474495424293081,0.48428161653405655,2,0.5663594307836559,1.9594057266141014,2,1.2904576463576223,3.0536837267509975,2,2.770395370089064,2.856173157558965,2,-0.41845874882395495,-0.7602580936994758,-0.07665940394843407,2,0.29334176462138495,-0.23601118745981742,0.8226947167025873
M3_V4_EXTENSION_TRIGGER,5.1.0-research.1,20af962b672513fa396da2a3b528968497958561156be292b66c8b949e1e100b,6b3ec7b19ecd8cc7d7a47be6d39a817fb444c9ae,MULTIPLE,2026-08-06;2026-08-07,fdc61710419b6d413bfeea6d3d46cdcb94e0cc7cb999442f30731fdc7f8b9a04,NO_DANGER_EXCLUSION,holdout,ALL_ELIGIBLE,0.6394948335246843,557,2,-0.023967472321800774,-0.04537623330664197,0.939521643060026,0.3605051664753157,557,557,0.46715376521026136,0.1622740753175477,1.7607938419448386,1.1116946778711556,-1.270963563662986,-1.2723845428840752,0.518850987432675,557,1.2462428923223061,0.7110208227526504,3.1450559516504244,2.2759103641456724,-1.9802254014255252,-1.7268445839874302,0.6409335727109515,557,1.8657675287423328,1.792296936570481,4.2446955489328175,3.5197043769652714,-2.2714227362891273,-1.9437390115256803,0.6894075403949731,557,3.065094249003756,2.0720433535224902,6.10892078606496,4.769805060141019,-2.914027002308767,-2.546277905775796,0.725314183123878,0.6032608695652174,4.792307692307692,3.5368043087971275,6.66427289048474,2,0.2914894168517247,0.8881055268255348,2,0.9923115302784661,1.8547491440493138,2,1.4809852764792832,2.787837194226348,2,2.932473121361383,3.1204374167730924,2,0.06475363427321912,-0.11668190040633464,0.24618916895277287,2,0.5709972045186551,0.551822817441805,0.5901715915955053
M3_V4_EXTENSION_TRIGGER,5.1.0-research.1,20af962b672513fa396da2a3b528968497958561156be292b66c8b949e1e100b,6b3ec7b19ecd8cc7d7a47be6d39a817fb444c9ae,MULTIPLE,2026-08-06;2026-08-07,fdc61710419b6d413bfeea6d3d46cdcb94e0cc7cb999442f30731fdc7f8b9a04,NO_DANGER_EXCLUSION,holdout,TOP_10_PCT,0.6394948335246843,557,2,-0.023967472321800774,-0.04537623330664197,0.939521643060026,0.6571428571428571,31,31,-0.27746266117621415,-0.0977517106549363,1.369822279139663,0.7676227682396064,-1.5772704218492841,-1.3517862890247925,0.4838709677419355,31,0.3539176635131357,-0.170739171753953,2.0835246373639036,2.0967924742151034,-2.1137331695199646,-1.3701758392327013,0.4838709677419355,31,1.2262268233617113,1.9150305761184367,3.2396394499960315,3.1202540383818755,-2.407045463705018,-2.215705441511895,0.6774193548387096,31,3.5434529773179655,2.322486996492068,5.8062498895460735,4.83030913978495,-3.2654332277585834,-3.620631720430112,0.9354838709677419,0.47619047619047616,5.647058823529412,3.5161290322580645,7.548387096774194,2,-1.025418970041238,1.293245587440336,2,-0.15452827501582428,1.421654134423952,2,0.6201676973933417,2.4989509878952876,2,2.647131116529098,3.970272911026949,2,-0.8149440440920188,-1.4791172193560045,-0.15077086882803314,2,0.8095854921602056,0.6400645495202331,0.9791064348001781
M3_V4_EXTENSION_TRIGGER,5.1.0-research.1,20af962b672513fa396da2a3b528968497958561156be292b66c8b949e1e100b,6b3ec7b19ecd8cc7d7a47be6d39a817fb444c9ae,MULTIPLE,2026-08-06;2026-08-07,fdc61710419b6d413bfeea6d3d46cdcb94e0cc7cb999442f30731fdc7f8b9a04,NO_DANGER_EXCLUSION,holdout,TOP_20_PCT,0.6394948335246843,557,2,-0.023967472321800774,-0.04537623330664197,0.939521643060026,0.6932515337423313,73,73,-0.36386524949359295,-0.0977517106549363,1.0638527548233458,0.845751107531223,-1.6379163561807462,-1.3517862890247925,0.4657534246575342,73,0.967835994512503,0.8467974121871169,2.324126279244858,2.0967924742151034,-2.0143579168843253,-1.5469233413544117,0.6986301369863014,73,1.6079072312262968,1.7012858555885302,3.595153394638065,3.1202540383818755,-2.1647804297180513,-1.745820965474154,0.6986301369863014,73,2.7440788876891338,1.97388711833042,5.3582164286784275,4.418475236505293,-2.9660557252076107,-2.945351312987932,0.8082191780821918,0.6046511627906976,6.117647058823529,3.904109589041096,7.041095890410959,2,-0.70051533458643,0.4165508568579839,2,0.4773557854653792,2.1048582973035623,2,0.9736259399842698,3.078286588196451,2,2.6285497993039524,3.01189631985478,2,-0.5645731712879045,-1.0770898000728284,-0.05205654250298064,2,0.30028056037673667,-0.37785675824492904,0.9784178789984024
M4_TS_GATE_6.0_V4,5.1.0-research.1,20af962b672513fa396da2a3b528968497958561156be292b66c8b949e1e100b,6b3ec7b19ecd8cc7d7a47be6d39a817fb444c9ae,MULTIPLE,2026-08-06;2026-08-07,d6bb6d68a0f67dceeda1510df84f30605afb9cf131e9eb4bcaa6d362cdd13207,NO_DANGER_EXCLUSION,holdout,ALL_ELIGIBLE,0.78300803673938,682,2,0.07109630240651749,0.08083718590940263,0.9996674726267284,0.21699196326061998,682,682,0.22340499952932616,-0.0019895951595739004,1.4818899732988704,0.9634269191495015,-1.3992523320579056,-1.2723845428840752,0.5,682,0.775854094791471,0.4536290322580738,2.6985868776876596,2.00533791038241,-2.1582187006497553,-1.8992955909209568,0.6055718475073314,682,1.6305894559472567,1.4428973844677009,3.7809190978138947,3.230460682908254,-2.445143826651793,-2.0915718641995875,0.6510263929618768,682,2.0616203728503204,1.1853959222380084,5.273338942065411,4.1647239960356135,-3.1844974301484266,-2.802101576182148,0.658357771260997,0.5673758865248227,5.042857142857143,3.495601173020528,6.353372434017595,2,0.041098354525905684,0.7168218974190187,2,0.709498908431531,0.9554458491786998,2,1.371613825008834,2.3315126309871177,2,1.889911173589381,2.1250631292037596,2,-0.2180943730816206,-0.22605335187678377,-0.21013539428645744,2,-0.4479709131520123,-0.4907391303301971,-0.4052026959738275
M4_TS_GATE_6.0_V4,5.1.0-research.1,20af962b672513fa396da2a3b528968497958561156be292b66c8b949e1e100b,6b3ec7b19ecd8cc7d7a47be6d39a817fb444c9ae,MULTIPLE,2026-08-06;2026-08-07,d6bb6d68a0f67dceeda1510df84f30605afb9cf131e9eb4bcaa6d362cdd13207,NO_DANGER_EXCLUSION,holdout,TOP_10_PCT,0.78300803673938,682,2,0.07109630240651749,0.08083718590940263,0.9996674726267284,0.31746031746031744,43,43,-0.2209807861981,0.4338890157570274,1.03122126982475,0.7306889352818313,-1.696243759951311,-1.3701758392327013,0.6046511627906976,43,0.5682184515285782,0.893144512391375,1.8448226176950941,2.0967924742151034,-2.329381068754762,-1.5469233413544117,0.5581395348837209,43,1.4428273391624677,1.9741263440860248,2.975769981232057,2.993241068554875,-2.394872545761405,-1.632792875085631,0.6744186046511628,43,2.1991107778468546,1.6173157386546455,4.796142842812896,4.194510126452156,-3.1602479566283863,-1.8267223382045887,0.7674418604651163,0.52,6.333333333333333,3.9302325581395348,6.790697674418604,2,-0.8481446290853345,1.2263203896955182,2,-0.0018759616296182427,1.883820943432109,2,1.0627023415300296,2.3200388721604015,2,0.7796938274054093,2.8141914563714807,2,-0.6831327798911179,-1.0365825752193165,-0.3296829845629192,2,-0.7021738797293728,-0.8883308543235104,-0.5160169051352352
M4_TS_GATE_6.0_V4,5.1.0-research.1,20af962b672513fa396da2a3b528968497958561156be292b66c8b949e1e100b,6b3ec7b19ecd8cc7d7a47be6d39a817fb444c9ae,MULTIPLE,2026-08-06;2026-08-07,d6bb6d68a0f67dceeda1510df84f30605afb9cf131e9eb4bcaa6d362cdd13207,NO_DANGER_EXCLUSION,holdout,TOP_20_PCT,0.78300803673938,682,2,0.07109630240651749,0.08083718590940263,0.9996674726267284,0.22857142857142856,108,108,0.0907192489659268,0.38262171345631035,1.472059366812841,0.8393632416787478,-1.3295397442362242,-1.261581787897581,0.5648148148148148,108,0.9791560890510026,0.869970962289246,2.5579612922238253,2.0086738187628184,-1.973956248461938,-1.5085785663147058,0.6481481481481481,108,2.196285046334242,1.9513375128510144,3.966839840430316,3.348068948973637,-2.2616900958939974,-1.7770060195085868,0.7962962962962963,108,2.5656360311490998,2.5246269150518197,5.334294434282958,4.624392188145121,-2.931690642591494,-2.5204502572745477,0.7685185185185185,0.6417910447761194,5.181818181818182,3.9537037037037037,6.583333333333333,2,-0.11554939553111115,0.7095251824570405,2,0.8475806447213015,1.373882422040106,2,1.991114264370624,2.811797392225095,2,1.0277910388257316,3.078251028590222,2,-0.18907360708040533,-0.31854573847433665,-0.059601475686474004,2,-0.46692146549465274,-1.005687402030646,0.07184447104134062
M4_TS_GATE_6.5_V4,5.1.0-research.1,20af962b672513fa396da2a3b528968497958561156be292b66c8b949e1e100b,6b3ec7b19ecd8cc7d7a47be6d39a817fb444c9ae,MULTIPLE,2026-08-06;2026-08-07,6f418022f3e0405d49b2803f0425f9f197e6f0f51b3ee1a596c56f93c8d89178,NO_DANGER_EXCLUSION,holdout,ALL_ELIGIBLE,0.6486796785304249,565,2,0.10336990078875712,0.110288899110031,0.9979447158334455,0.3513203214695752,565,565,0.21603497020772736,-0.0155908949173722,1.550850958654631,0.9840992825286056,-1.4480267977629946,-1.3121226196005642,0.49557522123893805,565,0.7587621469879235,0.3568445827955457,2.782112276725635,2.0020020020020013,-2.274042763741464,-2.001326846528084,0.5946902654867257,565,1.6420961237665006,1.267576930915015,3.8795749437257365,3.2628166851488505,-2.554374919087899,-2.215705441511895,0.6389380530973451,565,1.9290173344528565,0.9438135968146132,5.252856252485706,4.160044872394142,-3.3158179556099125,-2.9725459213904903,0.6336283185840708,0.5406162464985994,4.8201754385964914,3.4424778761061945,6.130973451327433,2,0.03467797597391191,0.7270205553124642,2,0.6681210923589195,1.0141494428007256,2,1.4065927583034579,2.3056427683481817,2,1.3731171334441583,2.126315247520692,2,-0.21353983775377672,-0.23600525692539343,-0.19107441858216,2,-0.7057418740661575,-1.0075331704754198,-0.40395057765689524
M4_TS_GATE_6.5_V4,5.1.0-research.1,20af962b672513fa396da2a3b528968497958561156be292b66c8b949e1e100b,6b3ec7b19ecd8cc7d7a47be6d39a817fb444c9ae,MULTIPLE,2026-08-06;2026-08-07,6f418022f3e0405d49b2803f0425f9f197e6f0f51b3ee1a596c56f93c8d89178,NO_DANGER_EXCLUSION,holdout,TOP_10_PCT,0.6486796785304249,565,2,0.10336990078875712,0.110288899110031,0.9979447158334455,0.4444444444444444,35,35,-0.0771109103916068,0.4338890157570274,1.0174941511796607,0.7306889352818313,-1.6235734775568496,-1.3701758392327013,0.6,35,0.6775335914013588,0.893144512391375,1.9463215989169345,2.0967924742151034,-2.008158832461141,-1.3701758392327013,0.5428571428571428,35,1.4522011461672646,1.9150305761184367,2.9562791415875984,2.6611830168138395,-2.0886197899264443,-1.632792875085631,0.6857142857142857,35,2.264312923698288,1.6173157386546455,4.838607624500296,4.194510126452156,-2.9566696104939587,-1.8267223382045887,0.8285714285714286,0.45,5.9375,3.6857142857142855,6.457142857142857,2,-0.7072008114218654,1.2976306918562301,2,0.15711452636612133,1.8129933696600593,2,1.2058464773645612,1.9897022417367984,2,0.831462472291638,2.921036047259669,2,-0.7767290271856536,-0.893438439384785,-0.6600196149865223,2,-0.6228672618421642,-0.8365622094372817,-0.4091723142470469
M4_TS_GATE_6.5_V4,5.1.0-research.1,20af962b672513fa396da2a3b528968497958561156be292b66c8b949e1e100b,6b3ec7b19ecd8cc7d7a47be6d39a817fb444c9ae,MULTIPLE,2026-08-06;2026-08-07,6f418022f3e0405d49b2803f0425f9f197e6f0f51b3ee1a596c56f93c8d89178,NO_DANGER_EXCLUSION,holdout,TOP_20_PCT,0.6486796785304249,565,2,0.10336990078875712,0.110288899110031,0.9979447158334455,0.37857142857142856,87,87,-0.10875620223252333,0.4338890157570274,1.2561514476480484,0.8393632416787478,-1.5442085754609165,-1.159740439044599,0.5862068965517241,87,1.122304307245688,0.9109659676864944,2.547028069998878,2.251407129455907,-2.0904783560752165,-1.3701758392327013,0.6781609195402298,87,2.435635956430157,2.3191134311753903,4.0669887532061475,3.3553983108879137,-2.279616477539648,-1.7613386173491952,0.8160919540229885,87,2.5701691609046913,2.726766833611572,5.510996290160648,4.83030913978495,-3.0035125926036534,-2.5233644859813054,0.7931034482758621,0.6363636363636364,5.413043478260869,4.149425287356322,6.528735632183908,2,-0.4471367376903023,0.7794927033441464,2,0.8918438965921509,1.7272628852112237,2,2.334821161105851,2.70027479415646,2,0.920738795983576,3.1985235856365453,2,-0.07298145774710929,-0.4300683365429716,0.284105421048753,2,-0.46031130839256895,-1.1127396448728017,0.19211702808766384
M4_TS_GATE_7.0_V4,5.1.0-research.1,20af962b672513fa396da2a3b528968497958561156be292b66c8b949e1e100b,6b3ec7b19ecd8cc7d7a47be6d39a817fb444c9ae,MULTIPLE,2026-08-06;2026-08-07,3100a0cfb0be02a8137d34b10ef30b56cdd2bb7807a33d69be943ce2dc885f93,NO_DANGER_EXCLUSION,holdout,ALL_ELIGIBLE,0.529276693455798,461,2,0.1046462803703884,0.11082928031441147,0.9983434468268291,0.4707233065442021,461,461,0.17486399961302113,0.0116117045982244,1.5173027199261702,0.9996667777407486,-1.4703174878651302,-1.2704174228675202,0.5032537960954447,461,0.8029105414813605,0.453195811845597,2.78647360435646,2.0086738187628184,-2.309707002181999,-1.9306126349995176,0.6052060737527115,461,1.7473008492196278,1.267576930915015,3.9499320350820817,3.2628166851488505,-2.5454424375811344,-2.1089790007241094,0.6355748373101953,461,1.7773924353145085,0.745484086781989,5.301481187050478,4.04098994586235,-3.3824202512173493,-3.095574387947264,0.596529284164859,0.5252525252525253,4.81283422459893,3.507592190889371,5.876355748373102,2,-0.009322364031635905,0.7042063220203547,2,0.7270753672526044,1.0208570085925757,2,1.5396145342301955,2.3441808469203487,2,1.1078937450204345,2.0103466579606923,2,-0.12775991050432445,-0.19746717835322647,-0.058052642655422426,2,-0.8963378630580192,-1.2727565588991436,-0.5199191672168948
M4_TS_GATE_7.0_V4,5.1.0-research.1,20af962b672513fa396da2a3b528968497958561156be292b66c8b949e1e100b,6b3ec7b19ecd8cc7d7a47be6d39a817fb444c9ae,MULTIPLE,2026-08-06;2026-08-07,3100a0cfb0be02a8137d34b10ef30b56cdd2bb7807a33d69be943ce2dc885f93,NO_DANGER_EXCLUSION,holdout,TOP_10_PCT,0.529276693455798,461,2,0.1046462803703884,0.11082928031441147,0.9983434468268291,0.5396825396825397,29,29,-0.19460226746670475,0.4338890157570274,0.7755362681390815,0.7306889352818313,-1.5687850421798466,-1.3701758392327013,0.6206896551724138,29,0.6868575009376054,1.0767312705429075,1.8514396057931013,2.0967924742151034,-2.0329397808574394,-1.3701758392327013,0.5517241379310345,29,1.7659985011923116,1.9741263440860248,3.063680068221798,3.2206119162640823,-2.110443506671325,-1.632792875085631,0.7241379310344828,29,2.199249444898437,1.6153147078654897,4.777522471382301,4.194510126452156,-2.748663901630442,-1.8267223382045887,0.8275862068965517,0.5,5.333333333333333,4.068965517241379,6.344827586206897,2,-0.5424562597168963,0.7185144621900481,2,0.2039507689547034,1.9544876723927227,2,1.653778087016673,2.060577088403363,2,0.8183072524135706,2.7253226610831485,2,-0.5173257990263154,-0.5891447683199575,-0.4455068297326732,2,-0.7273015648694583,-0.8497174293153491,-0.6048857004235675
M4_TS_GATE_7.0_V4,5.1.0-research.1,20af962b672513fa396da2a3b528968497958561156be292b66c8b949e1e100b,6b3ec7b19ecd8cc7d7a47be6d39a817fb444c9ae,MULTIPLE,2026-08-06;2026-08-07,3100a0cfb0be02a8137d34b10ef30b56cdd2bb7807a33d69be943ce2dc885f93,NO_DANGER_EXCLUSION,holdout,TOP_20_PCT,0.529276693455798,461,2,0.1046462803703884,0.11082928031441147,0.9983434468268291,0.4785714285714286,73,73,-0.10448172881720276,0.4338890157570274,1.338340848802136,0.8393632416787478,-1.5630762884784342,-1.1811023622047112,0.6301369863013698,73,1.1184566238231595,0.9109659676864944,2.6048050665364695,2.423513234788599,-2.1263136021204967,-1.3701758392327013,0.6438356164383562,73,2.385358785359088,2.364552277166632,4.101994394241933,3.594197937614996,-2.3373572562123495,-1.632792875085631,0.7945205479452054,73,2.946555527608273,2.967359050445096,5.607416025344336,4.978292329956613,-2.88244494189235,-1.8267223382045887,0.8356164383561644,0.6666666666666666,5.219512195121951,4.082191780821918,6.4520547945205475,2,-0.5240678487123291,1.0880261908847353,2,0.8686905072848613,1.8283182181951645,2,2.3261059932573898,2.5537614576481253,2,1.5281781522992637,3.445614233735517,2,-0.1505957099255073,-0.5765816730513063,0.27539025320029165,2,-0.03304630618523918,-0.5053002885571141,0.4392076761866357
V5_BASELINE,5.1.0-research.1,20af962b672513fa396da2a3b528968497958561156be292b66c8b949e1e100b,6b3ec7b19ecd8cc7d7a47be6d39a817fb444c9ae,MULTIPLE,2026-08-06;2026-08-07,0f6a0bed771f8d80855607e8e77ddf409133d0fb73f52b91beaa0195a516e588,NO_DANGER_EXCLUSION,holdout,ALL_ELIGIBLE,1.0,871,2,-0.06042388003159587,-0.04250667380500549,0.6050514813369928,0.0,871,871,0.4104346326765814,0.1540832049306439,1.6338371041365616,1.000288544772543,-1.340530293295968,-1.2704174228675202,0.5281285878300803,871,1.13033672065487,0.5904509823882798,3.071062251639032,2.1739130434782705,-2.017215109914607,-1.7587939698492372,0.6234213547646383,871,1.8653632383687702,1.602753195673534,4.155505966075234,3.376948239368871,-2.3353338507186137,-2.022700814901046,0.6716417910447762,871,2.4878375430297934,1.6377649325626242,5.714232647621994,4.530070294194233,-3.0074138895148703,-2.623550945698594,0.6991963260619977,0.5960144927536232,4.849350649350649,3.490241102181401,6.388059701492537,2,0.27771591939763046,0.745724013591826,2,0.9585697928071633,1.564274222585919,2,1.5976671768856179,2.541648025273575,2,2.380650303919578,2.530265825177587,2,0.0,0.0,0.0,2,0.0,0.0,0.0
V5_BASELINE,5.1.0-research.1,20af962b672513fa396da2a3b528968497958561156be292b66c8b949e1e100b,6b3ec7b19ecd8cc7d7a47be6d39a817fb444c9ae,MULTIPLE,2026-08-06;2026-08-07,0f6a0bed771f8d80855607e8e77ddf409133d0fb73f52b91beaa0195a516e588,NO_DANGER_EXCLUSION,holdout,TOP_10_PCT,1.0,871,2,-0.06042388003159587,-0.04250667380500549,0.6050514813369928,0.7272727272727273,63,63,0.18366037239725197,0.2066827419910488,1.1781676836978674,0.7676227682396064,-1.3749158997834092,-1.3517862890247925,0.5079365079365079,63,0.6185233538819607,0.1419446415897862,2.2301458733899433,2.251407129455907,-1.8564394874202415,-1.5717926932880322,0.6031746031746031,63,1.052623018272794,0.1106369527422268,3.2476418048754407,2.8502930207778387,-2.04689027831816,-1.758124667021832,0.6349206349206349,63,1.627605879864045,1.1853959222380084,4.560656922980434,3.2403094495524254,-3.1190255612139204,-3.0725705638528944,0.746031746031746,0.4878048780487805,6.217391304347826,3.619047619047619,6.555555555555555,2,-0.14276712031965932,0.9997291041895302,2,0.450129601804973,1.0395077340744296,2,0.921836459873425,1.3795894142712164,2,-0.17108549669925016,2.3470824304893627,2,-1.2237904496640128,-1.2701324424521043,-1.1774484568759211,2,-1.4111180547227615,-1.8391101784281698,-0.9831259310173532
V5_BASELINE,5.1.0-research.1,20af962b672513fa396da2a3b528968497958561156be292b66c8b949e1e100b,6b3ec7b19ecd8cc7d7a47be6d39a817fb444c9ae,MULTIPLE,2026-08-06;2026-08-07,0f6a0bed771f8d80855607e8e77ddf409133d0fb73f52b91beaa0195a516e588,NO_DANGER_EXCLUSION,holdout,TOP_20_PCT,1.0,871,2,-0.06042388003159587,-0.04250667380500549,0.6050514813369928,0.6010362694300518,130,130,-0.055789118317953,-0.2700143773889385,1.3169728174701114,0.8506882951327399,-1.393361754819519,-1.2666018096120943,0.4461538461538462,130,0.934868433743062,0.8315014814106902,2.7239544769302557,2.370156791546607,-2.1077952050783386,-1.5616640064184506,0.6307692307692307,130,1.7333316966186358,1.7043693833281637,3.7967472461381844,3.2427228181614254,-2.3358410433392955,-1.8177722311650655,0.7230769230769231,130,2.0398581987623965,1.3553389974750418,5.133171299285111,4.193824313543737,-3.1250227329818445,-2.9301926210356823,0.6692307692307692,0.5348837209302325,4.925925925925926,3.792307692307692,6.3307692307692305,2,-0.38717792989423966,0.6146952213829059,2,0.5100372599023755,1.7944105761649163,2,1.047075179244478,3.121804185259374,2,1.4337131424862428,2.339447134623024,2,-0.5060897531263389,-1.0036405608126202,-0.00853894544005751,2,-0.6333623606479961,-0.6669594229258573,-0.5997652983701349
M0_V4,5.1.0-research.1,20af962b672513fa396da2a3b528968497958561156be292b66c8b949e1e100b,6b3ec7b19ecd8cc7d7a47be6d39a817fb444c9ae,MULTIPLE,2026-08-06;2026-08-07,7d3aa78f6f916175c2ec3c71c9a88dc42f545147ae72ad1e842d40d0cfd35036,EXCLUDE_DANGER,holdout,ALL_ELIGIBLE,0.6991963260619977,609,2,0.013374409454822156,0.01954709121118737,0.9999999999999999,0.0,609,609,0.32884048531980387,0.1635896237438761,1.4978071966591293,0.940548072457048,-1.4176418792429584,-1.3487698986975438,0.5254515599343186,609,1.0492401360192445,0.5879758929884016,3.0335525554555343,2.1803370337832417,-2.055728607551237,-1.7795856107792107,0.6223316912972086,609,1.7280889807967448,1.6494501832722277,4.184454820182187,3.2909104601250183,-2.4005989359334627,-2.066194757987383,0.6650246305418719,609,2.1498269629508195,1.5252820727120753,5.418681143645204,4.27409586433638,-3.1784711574288145,-2.749867794817551,0.6912972085385879,0.5372750642673522,4.948412698412699,3.5254515599343184,6.111658456486043,2,0.17271731122298745,0.7386638173239471,2,0.8309625668891952,1.6222187549856237,2,1.4220650513295294,2.531401795648185,2,1.8985765660270655,2.2455413998741545,2,0.0,0.0,0.0,2,0.0,0.0,0.0
M0_V4,5.1.0-research.1,20af962b672513fa396da2a3b528968497958561156be292b66c8b949e1e100b,6b3ec7b19ecd8cc7d7a47be6d39a817fb444c9ae,MULTIPLE,2026-08-06;2026-08-07,7d3aa78f6f916175c2ec3c71c9a88dc42f545147ae72ad1e842d40d0cfd35036,EXCLUDE_DANGER,holdout,TOP_10_PCT,0.6991963260619977,609,2,0.013374409454822156,0.01954709121118737,0.9999999999999999,0.0,38,38,0.22875933916081967,0.568200462095303,1.5649406977047318,1.2428178321225225,-1.4936177742212806,-1.2687813021702854,0.631578947368421,38,0.9943918505252537,0.9020552400389348,2.484766256061274,2.423513234788599,-2.210062623656765,-1.360981064128747,0.5789473684210527,38,2.080974042595532,2.3192971546322827,3.884029807152429,3.348068948973637,-2.2490863239149035,-1.5469233413544117,0.7105263157894737,38,3.197651156761624,2.726766833611572,5.808573832166244,4.418475236505293,-2.9534208770674297,-1.5984874527328996,0.8421052631578947,0.5416666666666666,6.1,4.105263157894737,7.052631578947368,2,-0.217242002045168,1.3234899039391528,2,0.6301625391741665,1.888409251114286,2,2.0197037000532094,2.2313648833812327,2,0.8861396909398235,4.13937805024458,2,0.0,0.0,0.0,2,0.0,0.0,0.0
M0_V4,5.1.0-research.1,20af962b672513fa396da2a3b528968497958561156be292b66c8b949e1e100b,6b3ec7b19ecd8cc7d7a47be6d39a817fb444c9ae,MULTIPLE,2026-08-06;2026-08-07,7d3aa78f6f916175c2ec3c71c9a88dc42f545147ae72ad1e842d40d0cfd35036,EXCLUDE_DANGER,holdout,TOP_20_PCT,0.6991963260619977,609,2,0.013374409454822156,0.01954709121118737,0.9999999999999999,0.0,89,89,7.420838802509778e-05,0.1622740753175477,1.5550547790002383,0.7676227682396064,-1.2615304665779685,-1.159740439044599,0.5056179775280899,89,0.9865686452830406,0.893144512391375,2.681713577635971,2.3489932885906173,-1.9673129493666632,-1.3517862890247925,0.6067415730337079,89,1.948021027300302,1.9107736927407528,4.079424991459522,3.297952994692954,-2.2964597896274355,-1.632792875085631,0.7640449438202247,89,2.67151250802897,2.322486996492068,5.591018613817956,4.418475236505293,-2.9763332354204146,-2.945351312987932,0.7752808988764045,0.5964912280701754,5.088888888888889,3.9101123595505616,6.820224719101123,2,-0.23192505271845787,0.6658112185196722,2,0.8638228774103882,1.3387956313523905,2,1.5977228661481653,2.9532244462586066,2,1.1434382587767082,3.204023231253243,2,0.0,0.0,0.0,2,0.0,0.0,0.0
M1A_V4_FILTER_EXTREME,5.1.0-research.1,20af962b672513fa396da2a3b528968497958561156be292b66c8b949e1e100b,6b3ec7b19ecd8cc7d7a47be6d39a817fb444c9ae,MULTIPLE,2026-08-06;2026-08-07,8c46a0fa9474414e96d3a9164b362ad23374d8da95d68c25f824f2f64e990d93,EXCLUDE_DANGER,holdout,ALL_ELIGIBLE,0.6624569460390356,577,2,0.03440387675992396,-0.004940183996671166,0.9999739033177912,0.052545155993431854,577,577,0.33714420711342885,0.1854140914709479,1.5305968133553007,0.940548072457048,-1.4119648178417852,-1.3137521700370636,0.5285961871750433,577,1.0729041716851901,0.5653883972468021,3.0650856784990927,2.1803370337832417,-2.0643994841378928,-1.775666788454522,0.6256499133448874,577,1.7463027638582922,1.602753195673534,4.207466406826415,3.2909104601250183,-2.4164648360514387,-2.06119847003825,0.6655112651646448,577,2.3023728994337036,1.5502989512203191,5.498891360002549,4.27409586433638,-3.137203056687771,-2.7337342810278886,0.7019064124783362,0.5338753387533876,4.9789029535864975,3.5233968804159446,6.240901213171577,2,0.189940892403484,0.720792846076223,2,0.8473899188637202,1.6606506931011467,2,1.4268997111928792,2.578746969867524,2,2.017523760389957,2.411667533119554,2,0.026089917041344335,0.004834659863349744,0.047345174219338926,2,0.14253666380414542,0.11894719436289147,0.16612613324539938
M1A_V4_FILTER_EXTREME,5.1.0-research.1,20af962b672513fa396da2a3b528968497958561156be292b66c8b949e1e100b,6b3ec7b19ecd8cc7d7a47be6d39a817fb444c9ae,MULTIPLE,2026-08-06;2026-08-07,8c46a0fa9474414e96d3a9164b362ad23374d8da95d68c25f824f2f64e990d93,EXCLUDE_DANGER,holdout,TOP_10_PCT,0.6624569460390356,577,2,0.03440387675992396,-0.004940183996671166,0.9999739033177912,0.0,38,38,0.22875933916081967,0.568200462095303,1.5649406977047318,1.2428178321225225,-1.4936177742212806,-1.2687813021702854,0.631578947368421,38,0.9943918505252537,0.9020552400389348,2.484766256061274,2.423513234788599,-2.210062623656765,-1.360981064128747,0.5789473684210527,38,2.080974042595532,2.3192971546322827,3.884029807152429,3.348068948973637,-2.2490863239149035,-1.5469233413544117,0.7105263157894737,38,3.197651156761624,2.726766833611572,5.808573832166244,4.418475236505293,-2.9534208770674297,-1.5984874527328996,0.8421052631578947,0.5416666666666666,6.1,4.105263157894737,7.052631578947368,2,-0.217242002045168,1.3234899039391528,2,0.6301625391741665,1.888409251114286,2,2.0197037000532094,2.2313648833812327,2,0.8861396909398235,4.13937805024458,2,0.0,0.0,0.0,2,0.0,0.0,0.0
M1A_V4_FILTER_EXTREME,5.1.0-research.1,20af962b672513fa396da2a3b528968497958561156be292b66c8b949e1e100b,6b3ec7b19ecd8cc7d7a47be6d39a817fb444c9ae,MULTIPLE,2026-08-06;2026-08-07,8c46a0fa9474414e96d3a9164b362ad23374d8da95d68c25f824f2f64e990d93,EXCLUDE_DANGER,holdout,TOP_20_PCT,0.6624569460390356,577,2,0.03440387675992396,-0.004940183996671166,0.9999739033177912,0.033707865168539325,86,86,0.01778200387136091,0.1622740753175477,1.5910005361211628,0.8576948238783966,-1.2826247227302359,-1.2199218104729848,0.5232558139534884,86,0.9308211807340807,0.8099788524417506,2.6614425390018,2.251407129455907,-2.013027524685978,-1.3701758392327013,0.5930232558139535,86,1.9493203529244723,1.8096999797233002,4.107911327726173,3.300212916962386,-2.353656231467474,-1.632792875085631,0.7558139534883721,86,2.765746287574716,2.6286353467561696,5.663010398631118,4.83030913978495,-3.0387970697398523,-2.945351312987932,0.8023255813953488,0.5964912280701754,5.088888888888889,3.941860465116279,6.813953488372093,2,-0.21880009036532416,0.6658112185196722,2,0.7818781273337455,1.3387956313523905,2,1.5828156839294707,2.9532244462586066,2,1.1434382587767082,3.3580174726914493,2,-0.007453591109347291,-0.014907182218694581,0.0,2,0.07699712071910314,0.0,0.15399424143820628
M1B_V4_FILTER_EXTENDED_EXTREME,5.1.0-research.1,20af962b672513fa396da2a3b528968497958561156be292b66c8b949e1e100b,6b3ec7b19ecd8cc7d7a47be6d39a817fb444c9ae,MULTIPLE,2026-08-06;2026-08-07,6cdfd7c06d2f2def8297e5a3d9efeefcc1863effe29db5b5ba41544b945006ec,EXCLUDE_DANGER,holdout,ALL_ELIGIBLE,0.3857634902411022,336,2,0.03183834299833274,-0.023047780846533722,0.9991189730560494,0.4482758620689655,336,336,0.09308380992137877,0.0010584272121583506,1.3155965926692421,0.8189122373300384,-1.4509278346231957,-1.3536364428276992,0.5,336,0.8615033097569121,0.5653883972468021,2.7411073828865957,2.1357985336308616,-2.0240290071242515,-1.680458666365403,0.6130952380952381,336,1.4345020091110148,1.582626597836767,3.7810208846741538,3.2045332686455046,-2.4269137657567974,-1.957397812320083,0.6666666666666666,336,2.6071954520744254,2.04297574475012,5.31232401850882,4.409135888852845,-2.9888478912585783,-2.534475602784675,0.7589285714285714,0.6089108910891089,5.385135135135135,3.5476190476190474,6.732142857142857,2,-0.10339917152950842,0.6301372925538037,2,0.5256689346684568,1.779450601665357,2,1.0262875709464114,2.5502881400942643,2,2.4921428548745452,2.6492878656841374,2,-0.1884455679685193,-0.395777480383118,0.018886344446079395,2,0.49865637732873136,0.40374646580998297,0.5935662888474798
M1B_V4_FILTER_EXTENDED_EXTREME,5.1.0-research.1,20af962b672513fa396da2a3b528968497958561156be292b66c8b949e1e100b,6b3ec7b19ecd8cc7d7a47be6d39a817fb444c9ae,MULTIPLE,2026-08-06;2026-08-07,6cdfd7c06d2f2def8297e5a3d9efeefcc1863effe29db5b5ba41544b945006ec,EXCLUDE_DANGER,holdout,TOP_10_PCT,0.3857634902411022,336,2,0.03183834299833274,-0.023047780846533722,0.9991189730560494,0.4473684210526316,21,21,-0.642100814632157,-0.1133401337413686,0.7553779553872719,0.6800408024481452,-1.7732256984351331,-1.3701758392327013,0.47619047619047616,21,0.2672679788373684,-0.170739171753953,1.5006026685116491,1.7885413546703033,-2.414201289942285,-1.3701758392327013,0.38095238095238093,21,1.2817483782840384,1.9741263440860248,2.819167710373725,2.993241068554875,-2.457742963614966,-1.632792875085631,0.6190476190476191,21,3.294372800191008,1.97388711833042,5.583283896732456,4.361120051496603,-3.5940617586707373,-3.620631720430112,0.9523809523809523,0.2857142857142857,7.4,3.6666666666666665,7.0,2,-1.1418045374397479,0.6071584923868206,2,-0.2986913571474293,1.6821663187993625,2,1.0366357848340502,1.8945298619090092,2,1.0356469598368963,4.1978631363326535,2,-0.6599514683456914,-0.9830679152191593,-0.33683502147222355,2,0.10399617749257323,0.05848508608807368,0.14950726889707278
M1B_V4_FILTER_EXTENDED_EXTREME,5.1.0-research.1,20af962b672513fa396da2a3b528968497958561156be292b66c8b949e1e100b,6b3ec7b19ecd8cc7d7a47be6d39a817fb444c9ae,MULTIPLE,2026-08-06;2026-08-07,6cdfd7c06d2f2def8297e5a3d9efeefcc1863effe29db5b5ba41544b945006ec,EXCLUDE_DANGER,holdout,TOP_20_PCT,0.3857634902411022,336,2,0.03183834299833274,-0.023047780846533722,0.9991189730560494,0.4044943820224719,53,53,-0.6123930117904988,0.1622740753175477,1.2100107942301617,0.7676227682396064,-1.7076817547151355,-1.2687813021702854,0.5283018867924528,53,0.39654160293477236,0.7731602926963843,2.029374198901137,2.251407129455907,-2.4788593574141657,-1.3701758392327013,0.5471698113207547,53,1.7593167458880516,1.9741263440860248,3.621694962037377,3.348068948973637,-2.735934829286836,-1.632792875085631,0.7924528301886793,53,2.7042478954601874,2.726766833611572,5.443811233539735,4.418475236505293,-3.6215477115181436,-3.534447052326384,0.8113207547169812,0.47058823529411764,5.884615384615385,4.0754716981132075,6.433962264150943,2,-1.1198008716555015,0.8011003121191518,2,0.13582931449054828,1.1228115493151107,2,1.6010776312212165,2.2001257081742365,2,0.9070966903512755,3.3493790972941553,2,-0.37487198650565945,-0.7530987380843701,0.0033547650730512135,2,-0.045492851192260264,-0.23634156842543275,0.14535586604091222
M1C_V4_EXTENSION_SECONDARY,5.1.0-research.1,20af962b672513fa396da2a3b528968497958561156be292b66c8b949e1e100b,6b3ec7b19ecd8cc7d7a47be6d39a817fb444c9ae,MULTIPLE,2026-08-06;2026-08-07,7d3aa78f6f916175c2ec3c71c9a88dc42f545147ae72ad1e842d40d0cfd35036,EXCLUDE_DANGER,holdout,ALL_ELIGIBLE,0.6991963260619977,609,2,0.015014701301464053,0.0662103279903631,0.9602571973697218,0.0,609,609,0.3288404853198039,0.1635896237438761,1.4978071966591293,0.940548072457048,-1.4176418792429584,-1.3487698986975438,0.5254515599343186,609,1.0492401360192445,0.5879758929884016,3.0335525554555343,2.1803370337832417,-2.055728607551237,-1.7795856107792107,0.6223316912972086,609,1.7280889807967446,1.6494501832722277,4.184454820182187,3.2909104601250183,-2.4005989359334627,-2.066194757987383,0.6650246305418719,609,2.1498269629508195,1.5252820727120753,5.418681143645203,4.27409586433638,-3.1784711574288145,-2.749867794817551,0.6912972085385879,0.5372750642673522,4.948412698412699,3.5254515599343184,6.111658456486043,2,0.17271731122298745,0.7386638173239471,2,0.8309625668891951,1.6222187549856237,2,1.4220650513295294,2.531401795648185,2,1.8985765660270655,2.2455413998741545,2,0.0,0.0,0.0,2,0.0,0.0,0.0
M1C_V4_EXTENSION_SECONDARY,5.1.0-research.1,20af962b672513fa396da2a3b528968497958561156be292b66c8b949e1e100b,6b3ec7b19ecd8cc7d7a47be6d39a817fb444c9ae,MULTIPLE,2026-08-06;2026-08-07,7d3aa78f6f916175c2ec3c71c9a88dc42f545147ae72ad1e842d40d0cfd35036,EXCLUDE_DANGER,holdout,TOP_10_PCT,0.6991963260619977,609,2,0.015014701301464053,0.0662103279903631,0.9602571973697218,0.4090909090909091,32,32,-0.448759094221611,-0.7422492630881794,0.9649614902698447,0.5590819800781799,-1.8077419091496743,-1.6789022317150906,0.46875,32,0.25882403236787344,-0.2992598727415974,1.6830696003326842,1.2084222207480178,-2.2594105098705692,-2.0204342888227647,0.40625,32,1.0195172620546238,1.5716472229198362,2.944243251611213,2.9344035791828205,-2.431342170475572,-2.1517428067492297,0.65625,32,2.3164834851549525,1.6163152232600675,4.877624757762532,4.183869236454429,-3.262905316902464,-3.577539386378248,0.90625,0.3888888888888889,6.357142857142857,3.5625,6.6875,2,-1.3770799980201063,1.3234899039391528,2,-0.5947682250707235,1.888409251114286,2,0.3847399365978285,2.2313648833812327,2,0.8861396909398235,3.0657111868866864,2,-0.8174818817276904,-1.6349637634553809,0.0,2,-0.5368334316789467,-1.0736668633578934,0.0
M1C_V4_EXTENSION_SECONDARY,5.1.0-research.1,20af962b672513fa396da2a3b528968497958561156be292b66c8b949e1e100b,6b3ec7b19ecd8cc7d7a47be6d39a817fb444c9ae,MULTIPLE,2026-08-06;2026-08-07,7d3aa78f6f916175c2ec3c71c9a88dc42f545147ae72ad1e842d40d0cfd35036,EXCLUDE_DANGER,holdout,TOP_20_PCT,0.6991963260619977,609,2,0.015014701301464053,0.0662103279903631,0.9602571973697218,0.35,76,76,-0.4161431743450617,0.1622740753175477,1.2501748863669402,0.7676227682396064,-1.632931861812129,-1.3341466305293759,0.5263157894736842,76,0.3296492852593755,0.35625269751949906,2.2664444853520753,2.206067476782536,-2.4355756872587895,-1.5593580173212218,0.5394736842105263,76,1.5946063925455989,1.7156581357826828,3.7364724939342415,3.2800679190138182,-2.730568224446914,-2.215705441511895,0.7105263157894737,76,2.687721410567126,2.1900821576380736,5.550009770012924,4.418475236505293,-3.572689984034176,-3.302456705598056,0.7894736842105263,0.52,5.27027027027027,3.9078947368421053,6.894736842105263,2,-0.8799327060928169,0.7222493126721554,2,0.04913270111568263,1.0181899917938941,2,1.2538359331991513,2.4310429745777893,2,1.4816003201661958,3.179104077026764,2,-0.43303420231491563,-0.5221814716808173,-0.34388693294901396,2,0.15662145358150414,-0.02491915422647928,0.33816206138948757
M2_V4_TRIGGER,5.1.0-research.1,20af962b672513fa396da2a3b528968497958561156be292b66c8b949e1e100b,6b3ec7b19ecd8cc7d7a47be6d39a817fb444c9ae,MULTIPLE,2026-08-06;2026-08-07,f5b6ffc4c655bd3bf73bd15f3c66179484ba76380c6710c63996099e7492fc0e,EXCLUDE_DANGER,holdout,ALL_ELIGIBLE,0.4856486796785304,423,2,0.03664559116550846,-0.008144909304841425,0.9339375202771738,0.3054187192118227,423,423,0.29710042457824665,0.084039045833606,1.510306493837161,0.9248554913294792,-1.3764666280116014,-1.353578567170466,0.5153664302600472,423,0.9547874578862753,0.5386272699291927,2.9027232420491274,2.1739130434782705,-2.063637002980163,-1.775666788454522,0.624113475177305,423,1.5483651430196343,1.7043693833281637,4.016424329092933,3.2621828433346822,-2.374064235217342,-2.022700814901046,0.6737588652482269,423,2.430064800829502,1.708337656050074,5.422807391981403,4.27409586433638,-3.072905827818603,-2.749867794817551,0.723404255319149,0.5547445255474452,4.972222222222222,3.513002364066194,6.364066193853428,2,0.07600072444612403,0.8553771674118564,2,0.6663478348103345,1.683097506153026,2,1.1239464933269487,2.620022233493666,2,2.093636329776926,2.5633037992661665,2,-0.1047490600785499,-0.2981185580025807,0.0886204378454809,2,0.2564110815709362,0.19505976374986034,0.317762399392012
M2_V4_TRIGGER,5.1.0-research.1,20af962b672513fa396da2a3b528968497958561156be292b66c8b949e1e100b,6b3ec7b19ecd8cc7d7a47be6d39a817fb444c9ae,MULTIPLE,2026-08-06;2026-08-07,f5b6ffc4c655bd3bf73bd15f3c66179484ba76380c6710c63996099e7492fc0e,EXCLUDE_DANGER,holdout,TOP_10_PCT,0.4856486796785304,423,2,0.03664559116550846,-0.008144909304841425,0.9339375202771738,0.4634146341463415,25,25,-0.37987298140176406,0.3209105301442028,0.9853354507754344,0.7041281237056385,-1.7644492984559301,-1.3701758392327013,0.52,25,0.08402342344138962,-0.170739171753953,1.5415396694549564,1.449675548805729,-2.3107289374604076,-1.3701758392327013,0.4,25,0.9423618883904022,1.9741263440860248,2.81058163755474,2.6611830168138395,-2.5308014630348112,-1.632792875085631,0.6,25,2.7265955716356984,1.97388711833042,5.157140166829735,4.194510126452156,-3.595202290461233,-3.853232114101668,0.92,0.35294117647058826,6.615384615384615,3.52,7.2,2,-1.180030179938955,1.6776741005510125,2,-0.5930124325059682,1.8249727673060245,2,0.43570449891936497,2.245195175601641,2,0.6478576730890996,3.534993643292709,2,-0.785084454456718,-1.5839992011338444,0.013830292220408325,2,-0.4213332124012974,-0.6043844069518709,-0.2382820178507239
M2_V4_TRIGGER,5.1.0-research.1,20af962b672513fa396da2a3b528968497958561156be292b66c8b949e1e100b,6b3ec7b19ecd8cc7d7a47be6d39a817fb444c9ae,MULTIPLE,2026-08-06;2026-08-07,f5b6ffc4c655bd3bf73bd15f3c66179484ba76380c6710c63996099e7492fc0e,EXCLUDE_DANGER,holdout,TOP_20_PCT,0.4856486796785304,423,2,0.03664559116550846,-0.008144909304841425,0.9339375202771738,0.6880733944954128,54,54,-0.38532255051469544,-0.3927003927003847,1.172338760668669,0.7676227682396064,-1.6706730612179614,-1.3341466305293759,0.4074074074074074,54,0.8316574242810875,0.5636803234483678,2.364616954038074,2.174099801835505,-2.1137946180817813,-1.5696455468999393,0.6481481481481481,54,1.6291186439188692,1.6195469209973279,3.544955149843622,2.926887596591976,-2.2877569488707703,-1.9306126349995176,0.7222222222222222,54,2.8217126862784982,1.9339957416607545,5.537615834557852,4.277815088974379,-3.2349424879333366,-2.945351312987932,0.8148148148148148,0.4864864864864865,5.8076923076923075,3.574074074074074,6.87037037037037,2,-0.8023024343529445,0.44863721716180266,2,0.07799543262815652,2.3389814075869495,2,0.7017637192245796,3.4838284933074486,2,2.623299359508799,3.2185393398178963,2,-0.18267754993737184,-0.8959591469235857,0.530604047048842,2,0.747188604648372,-0.5807238717444441,2.075101081041188
M3_V4_EXTENSION_TRIGGER,5.1.0-research.1,20af962b672513fa396da2a3b528968497958561156be292b66c8b949e1e100b,6b3ec7b19ecd8cc7d7a47be6d39a817fb444c9ae,MULTIPLE,2026-08-06;2026-08-07,2b6ef4b8e4a5904022cfed2da2eda43db3f8d5474a3d9495881370222add6461,EXCLUDE_DANGER,holdout,ALL_ELIGIBLE,0.48220436280137774,420,2,0.039917804624613584,0.002862989080301051,0.9239336060334064,0.3103448275862069,420,420,0.29160321959129737,0.08271404272146565,1.5118829433194902,0.9170235441540275,-1.376177305213299,-1.350278093861168,0.5119047619047619,420,0.9645641313265643,0.5653883972468021,2.9031008032692593,2.16465912016931,-2.061546462365291,-1.775666788454522,0.6285714285714286,420,1.537590336304719,1.7043693833281637,3.9974637009070584,3.2621828433346822,-2.3741910319755926,-2.022700814901046,0.6714285714285714,420,2.4349130245131856,1.6388210673177528,5.413892357101873,4.27409586433638,-3.0748401439017212,-2.6576019777503124,0.7214285714285714,0.5498154981549815,4.971751412429379,3.5023809523809524,6.373809523809523,2,0.06609364046307374,0.8553771674118564,2,0.6771507813959797,1.683097506153026,2,1.1046175774291402,2.620022233493666,2,2.093636329776926,2.5714237024076896,2,-0.11441351802745414,-0.3174474739003892,0.0886204378454809,2,0.2604710331416977,0.19505976374986034,0.3258823025335351
M3_V4_EXTENSION_TRIGGER,5.1.0-research.1,20af962b672513fa396da2a3b528968497958561156be292b66c8b949e1e100b,6b3ec7b19ecd8cc7d7a47be6d39a817fb444c9ae,MULTIPLE,2026-08-06;2026-08-07,2b6ef4b8e4a5904022cfed2da2eda43db3f8d5474a3d9495881370222add6461,EXCLUDE_DANGER,holdout,TOP_10_PCT,0.48220436280137774,420,2,0.039917804624613584,0.002862989080301051,0.9239336060334064,0.4634146341463415,25,25,-0.37987298140176406,0.3209105301442028,0.9853354507754344,0.7041281237056385,-1.7644492984559301,-1.3701758392327013,0.52,25,0.08402342344138965,-0.170739171753953,1.5415396694549564,1.449675548805729,-2.310728937460408,-1.3701758392327013,0.4,25,0.9423618883904021,1.9741263440860248,2.81058163755474,2.6611830168138395,-2.5308014630348112,-1.632792875085631,0.6,25,2.7265955716356984,1.97388711833042,5.157140166829735,4.194510126452156,-3.595202290461233,-3.853232114101668,0.92,0.35294117647058826,6.615384615384615,3.52,7.2,2,-1.180030179938955,1.6776741005510125,2,-0.5930124325059682,1.8249727673060243,2,0.43570449891936497,2.245195175601641,2,0.6478576730890996,3.534993643292709,2,-0.785084454456718,-1.5839992011338444,0.013830292220408325,2,-0.4213332124012974,-0.6043844069518709,-0.2382820178507239
M3_V4_EXTENSION_TRIGGER,5.1.0-research.1,20af962b672513fa396da2a3b528968497958561156be292b66c8b949e1e100b,6b3ec7b19ecd8cc7d7a47be6d39a817fb444c9ae,MULTIPLE,2026-08-06;2026-08-07,2b6ef4b8e4a5904022cfed2da2eda43db3f8d5474a3d9495881370222add6461,EXCLUDE_DANGER,holdout,TOP_20_PCT,0.48220436280137774,420,2,0.039917804624613584,0.002862989080301051,0.9239336060334064,0.67,44,44,-0.660251671270709,-0.10554592219815245,1.0010126834925266,0.5959385074300827,-2.004337152859307,-2.116935483870974,0.4318181818181818,44,0.8160712266010496,0.1419446415897862,2.3176395126529314,2.053966975432941,-2.4149867591698606,-2.537253322593636,0.5681818181818182,44,1.4174311751955984,1.5046685485453515,3.7731736935065796,3.2621828433346822,-2.646352109189138,-2.8542435127168475,0.6136363636363636,44,3.3389407754528206,1.9339957416607545,5.999983490783885,4.515812744878178,-3.366560343799776,-3.302456705598056,0.9545454545454546,0.5185185185185185,5.681818181818182,3.6363636363636362,7.5,2,-1.1376999544350674,0.36285179265291606,2,0.022699367560897684,2.51615378168709,2,0.22092872017306817,3.981365007386735,2,3.033838732767049,3.9927308669223325,2,-0.17432679242348437,-1.3767941459750972,1.0281405611281285,2,1.3395540548297151,-0.170184498486194,2.8492926081456242
M4_TS_GATE_6.0_V4,5.1.0-research.1,20af962b672513fa396da2a3b528968497958561156be292b66c8b949e1e100b,6b3ec7b19ecd8cc7d7a47be6d39a817fb444c9ae,MULTIPLE,2026-08-06;2026-08-07,c201baaaecbbe0f49a59326418bfb06dcc09f334ecbf1abdb7fd4cbe2941dabc,EXCLUDE_DANGER,holdout,ALL_ELIGIBLE,0.5350172215843858,466,2,0.04563431534681941,0.12777221703305025,0.9997527413280121,0.2348111658456486,466,466,0.1841028363139735,-0.0563131559630669,1.3905945658667747,0.940548072457048,-1.4262890676835622,-1.321424368188484,0.4978540772532189,466,0.7673919308353724,0.477844687438711,2.729168635682596,2.085326190931691,-2.138249268729634,-1.9115572713858553,0.6137339055793991,466,1.6076633089880503,1.5305146355461874,3.904039409110852,3.2045332686455046,-2.433338484877685,-2.085747392815762,0.6523605150214592,466,1.8318242681164518,1.1197353352843775,5.112729089321664,4.084687767322515,-3.2962532333800194,-2.935035778569245,0.6566523605150214,0.5168918918918919,5.115384615384615,3.5579399141630903,6.105150214592275,2,-0.03638287147656404,0.7726434264005265,2,0.6397456365084133,1.1081170786844996,2,1.2976321841056708,2.4352267053276297,2,1.5630376878751981,1.9325201256109632,2,-0.11030397877220688,-0.1244328672238586,-0.09617509032055516,2,-0.3242800762075293,-0.33553887815186734,-0.31302127426319126
M4_TS_GATE_6.0_V4,5.1.0-research.1,20af962b672513fa396da2a3b528968497958561156be292b66c8b949e1e100b,6b3ec7b19ecd8cc7d7a47be6d39a817fb444c9ae,MULTIPLE,2026-08-06;2026-08-07,c201baaaecbbe0f49a59326418bfb06dcc09f334ecbf1abdb7fd4cbe2941dabc,EXCLUDE_DANGER,holdout,TOP_10_PCT,0.5350172215843858,466,2,0.04563431534681941,0.12777221703305025,0.9997527413280121,0.39473684210526316,23,23,-0.2578428989346754,0.3209105301442028,1.1312568219933916,0.7676227682396064,-1.7069863393573412,-1.3701758392327013,0.5217391304347826,23,0.5064615615290624,-0.170739171753953,1.8989782564003468,2.0967924742151034,-2.29222492290735,-1.3701758392327013,0.43478260869565216,23,1.2699118234639264,1.9741263440860248,3.1028854685352854,3.2206119162640823,-2.3319803640867547,-1.632792875085631,0.6521739130434783,23,3.0175245255553698,1.97388711833042,5.6266437256454305,4.361120051496603,-3.3856896715814826,-3.620631720430112,0.9130434782608695,0.375,6.5,3.5217391304347827,6.565217391304348,2,-1.1418045374397479,1.3995851732623357,2,-0.2986913571474293,2.0161232840474845,2,1.0366357848340502,1.7073043958949443,2,0.8043896303479611,4.1978631363326535,2,-0.7535642013527238,-0.9830679152191593,-0.5240604874862884,2,-0.011632487251894363,-0.0817500605918624,0.05848508608807368
M4_TS_GATE_6.0_V4,5.1.0-research.1,20af962b672513fa396da2a3b528968497958561156be292b66c8b949e1e100b,6b3ec7b19ecd8cc7d7a47be6d39a817fb444c9ae,MULTIPLE,2026-08-06;2026-08-07,c201baaaecbbe0f49a59326418bfb06dcc09f334ecbf1abdb7fd4cbe2941dabc,EXCLUDE_DANGER,holdout,TOP_20_PCT,0.5350172215843858,466,2,0.04563431534681941,0.12777221703305025,0.9997527413280121,0.21348314606741572,70,70,-0.15969618161764565,0.1622740753175477,1.3990129760867536,0.8258683479158924,-1.4815149346607943,-1.261581787897581,0.5285714285714286,70,0.7897260758186385,0.8099788524417506,2.5128898088488727,2.251407129455907,-2.359337934916588,-1.3701758392327013,0.5571428571428572,70,2.0884240725181114,1.9741263440860248,4.03680512744142,3.348068948973637,-2.55693868838794,-1.632792875085631,0.7857142857142857,70,2.71539995573124,2.726766833611572,5.636877760316116,4.624392188145121,-3.3531027015234596,-3.085202620317473,0.7857142857142857,0.5106382978723404,5.114285714285714,4.128571428571429,6.371428571428571,2,-0.5080406373674743,0.7753336732897891,2,0.6482845330946805,1.1693849536566312,2,1.9342157790133283,2.502351597188845,2,1.2793582972529807,3.2503958677133356,2,-0.05718996810229926,-0.45087284906976155,0.33649291286516303,2,0.09114633746818246,0.04637263646009249,0.13592003847627243
M4_TS_GATE_6.5_V4,5.1.0-research.1,20af962b672513fa396da2a3b528968497958561156be292b66c8b949e1e100b,6b3ec7b19ecd8cc7d7a47be6d39a817fb444c9ae,MULTIPLE,2026-08-06;2026-08-07,2dbce26fe72200a18bc2405de75928d251e96f8afc25541dc2dd5fb1f26ef1b2,EXCLUDE_DANGER,holdout,ALL_ELIGIBLE,0.4397244546498278,383,2,0.09677586791356206,0.15877922958406754,0.9963465145840823,0.37110016420361247,383,383,0.17465845964815155,-0.056734369681155,1.452092607716135,0.940548072457048,-1.473124299981718,-1.353578567170466,0.4960835509138381,383,0.7450435387491332,0.3542003542003513,2.7975846119788947,2.053966975432941,-2.242791590464594,-2.001326846528084,0.6031331592689295,383,1.5909598636220945,1.2369033760186277,4.018322104931982,3.2206119162640823,-2.5238297899374733,-2.1496771344997057,0.6370757180156658,383,1.7445238366877172,0.9438135968146132,5.115162676233991,4.110535405872207,-3.3880077274005873,-2.990933996102463,0.639686684073107,0.4897959183673469,4.916666666666667,3.5326370757180157,5.942558746736292,2,-0.04201671356692661,0.7796327056546074,2,0.5807098918202159,1.2038760975011593,2,1.2921386714625542,2.4252923011368512,2,1.1026332374737873,1.9744208243494437,2,-0.11801793718915443,-0.1299263798669752,-0.10610949451133367,2,-0.5335319520389945,-0.7959433285532782,-0.2711205755247108
M4_TS_GATE_6.5_V4,5.1.0-research.1,20af962b672513fa396da2a3b528968497958561156be292b66c8b949e1e100b,6b3ec7b19ecd8cc7d7a47be6d39a817fb444c9ae,MULTIPLE,2026-08-06;2026-08-07,2dbce26fe72200a18bc2405de75928d251e96f8afc25541dc2dd5fb1f26ef1b2,EXCLUDE_DANGER,holdout,TOP_10_PCT,0.4397244546498278,383,2,0.09677586791356206,0.15877922958406754,0.9963465145840823,0.42105263157894735,22,22,-0.5198578642175953,0.1037851982014171,0.8194677906291531,0.7238317853438758,-1.74631100133375,-1.3701758392327013,0.5,22,0.3964938080026,-0.170739171753953,1.622085653872788,1.9426669144427033,-2.3581513386814863,-1.3701758392327013,0.4090909090909091,22,1.2718049122704125,1.9741263440860248,2.8807159211047693,3.1069264924094786,-2.3997138453690456,-1.632792875085631,0.6363636363636364,22,3.1321017387650034,1.97388711833042,5.519190462629013,4.277815088974379,-3.4843817861041,-3.620631720430112,0.9090909090909091,0.3333333333333333,7.0,3.6363636363636362,6.818181818181818,2,-1.1418045374397479,0.8128850069727317,2,-0.2986913571474293,1.8861763047526625,2,1.0366357848340502,1.7757387567769027,2,0.8483273154057535,4.1978631363326535,2,-0.7193470209117446,-0.9830679152191593,-0.45562612660433,2,0.01033635527700183,-0.03781237553407002,0.05848508608807368
M4_TS_GATE_6.5_V4,5.1.0-research.1,20af962b672513fa396da2a3b528968497958561156be292b66c8b949e1e100b,6b3ec7b19ecd8cc7d7a47be6d39a817fb444c9ae,MULTIPLE,2026-08-06;2026-08-07,2dbce26fe72200a18bc2405de75928d251e96f8afc25541dc2dd5fb1f26ef1b2,EXCLUDE_DANGER,holdout,TOP_20_PCT,0.4397244546498278,383,2,0.09677586791356206,0.15877922958406754,0.9963465145840823,0.3595505617977528,57,57,-0.04176266591992792,0.4338890157570274,1.5898624166523234,1.0812054290315176,-1.5151078437297987,-1.159740439044599,0.631578947368421,57,1.1758808975186956,0.9109659676864944,2.7776010125543364,2.46631651061886,-2.2225939902378915,-1.2687813021702854,0.5964912280701754,57,2.5055579898469964,2.364552277166632,4.468500042985194,4.173228346456703,-2.4616290781194965,-1.5469233413544117,0.8070175438596491,57,3.466811932954315,3.667664670658688,6.156470625985494,5.387948391669206,-3.015661153377405,-1.8765030654066428,0.8771929824561403,0.631578947368421,5.088235294117647,4.052631578947368,6.43859649122807,2,-0.4573678019966244,1.1219317150948223,2,0.9188021639722718,1.8957013514486827,2,2.4354691679070006,2.7018066912789833,2,1.83894045315037,4.048194604312867,2,0.29316427338960604,-0.25141775497962326,0.8377463017588354,2,0.7698367837166428,0.6955021943736617,0.8441713730596239
M4_TS_GATE_7.0_V4,5.1.0-research.1,20af962b672513fa396da2a3b528968497958561156be292b66c8b949e1e100b,6b3ec7b19ecd8cc7d7a47be6d39a817fb444c9ae,MULTIPLE,2026-08-06;2026-08-07,aa988de3635a8ae49c353d17c62d56c42c3f674029079a89374e20c929d49584,EXCLUDE_DANGER,holdout,ALL_ELIGIBLE,0.36969001148105624,322,2,0.14698187400824483,0.23669756231084876,0.9943138601201165,0.47126436781609193,322,322,0.023733858344160627,-0.06582660380336494,1.2893890528771719,0.9181355666677549,-1.5628464872832666,-1.3192321919717864,0.48757763975155277,322,0.7303458152454065,0.46716652265325065,2.719338590153513,1.982201528705485,-2.361349490636126,-1.9944985234525314,0.6086956521739131,322,1.6923236716099885,1.2369033760186277,4.013000978427868,3.1019876602707668,-2.5745607104940436,-2.1730802488096614,0.6428571428571429,322,1.4709102606845614,0.6540092032319977,5.073068252539322,3.9953712667383456,-3.526778935902409,-3.097834676782052,0.5962732919254659,0.46919431279620855,4.958333333333333,3.6335403726708075,5.624223602484472,2,-0.21886716936306444,0.7001626061866586,2,0.5494624436109112,1.2346912161557049,2,1.361099091939945,2.615855734925287,2,0.9834297743627767,1.6457450342598852,2,0.011743989943758915,-0.06096595938958438,0.08445393927710221,2,-0.757471578639279,-0.9151467916642888,-0.5997963656142693
M4_TS_GATE_7.0_V4,5.1.0-research.1,20af962b672513fa396da2a3b528968497958561156be292b66c8b949e1e100b,6b3ec7b19ecd8cc7d7a47be6d39a817fb444c9ae,MULTIPLE,2026-08-06;2026-08-07,aa988de3635a8ae49c353d17c62d56c42c3f674029079a89374e20c929d49584,EXCLUDE_DANGER,holdout,TOP_10_PCT,0.36969001148105624,322,2,0.14698187400824483,0.23669756231084876,0.9943138601201165,0.5526315789473685,17,17,-0.6330870101887272,0.3209105301442028,0.6837920733191789,0.7676227682396064,-1.651352238720575,-1.3701758392327013,0.5294117647058824,17,0.02386146463768075,-0.4277805737292417,1.4310930074076236,2.0967924742151034,-2.443145616464704,-1.3701758392327013,0.4117647058823529,17,1.5368535318532892,1.9741263440860248,2.9966711399244863,3.2206119162640823,-2.496932389825074,-1.632792875085631,0.7058823529411765,17,3.099800772241199,1.97388711833042,5.5376690347274495,4.194510126452156,-3.2241066137268484,-3.620631720430112,0.9411764705882353,0.36363636363636365,6.285714285714286,4.0588235294117645,6.588235294117647,2,-0.9621525034605227,0.15667017366358227,2,-0.33067940349579833,0.8747595481580305,2,0.9575897796789,1.7782134285926177,2,0.5203510669193046,4.174571482791989,2,-0.7576326875814622,-1.2737751037023326,-0.24149027146059177,2,-0.16529759573655495,-0.3657886240205189,0.03519343254740903
M4_TS_GATE_7.0_V4,5.1.0-research.1,20af962b672513fa396da2a3b528968497958561156be292b66c8b949e1e100b,6b3ec7b19ecd8cc7d7a47be6d39a817fb444c9ae,MULTIPLE,2026-08-06;2026-08-07,aa988de3635a8ae49c353d17c62d56c42c3f674029079a89374e20c929d49584,EXCLUDE_DANGER,holdout,TOP_20_PCT,0.36969001148105624,322,2,0.14698187400824483,0.23669756231084876,0.9943138601201165,0.5056179775280899,44,44,0.48608725900371647,0.7193258875041186,2.0359237047339085,1.564763809871661,-1.1916406194816753,-1.0697698203448458,0.6818181818181818,44,1.583800991508227,0.9938486191147009,3.1706534602225616,2.46631651061886,-1.8674355183947937,-1.2687813021702854,0.6363636363636364,44,2.28022085402268,2.3192971546322827,4.412280637035907,3.962393386647822,-2.144116084836003,-1.5469233413544117,0.75,44,3.379312564623049,3.467673148687256,6.074386840456932,4.83030913978495,-2.8580477474756747,-1.5984874527328996,0.8636363636363636,0.6333333333333333,5.153846153846154,3.8863636363636362,6.431818181818182,2,0.20695304402523762,1.3234899039391528,2,1.4822649049728742,1.888409251114286,2,2.2313648833812327,2.29650617756983,2,0.8861396909398235,4.210370189184124,2,-0.01153812572785462,-0.7218595628773739,0.6987833114216646,2,0.3745241950469979,-0.25729856783688476,1.0063469579308806
