interaction,v4_band_label,extension_state,independent_dates,N,N_1d,mean_return_1d,median_return_1d,mean_MFE_1d,median_MFE_1d,mean_MAE_1d,median_MAE_1d,hit_rate_1d,N_3d,mean_return_3d,median_return_3d,mean_MFE_3d,median_MFE_3d,mean_MAE_3d,median_MAE_3d,hit_rate_3d,N_5d,mean_return_5d,median_return_5d,mean_MFE_5d,median_MFE_5d,mean_MAE_5d,median_MAE_5d,hit_rate_5d,N_10d,mean_return_10d,median_return_10d,mean_MFE_10d,median_MFE_10d,mean_MAE_10d,median_MAE_10d,hit_rate_10d,target_before_stop_rate_10d,mean_time_to_target,mean_time_to_MFE_5d,mean_time_to_MFE_10d,bootstrap_clusters_1d,mean_return_1d_ci_low,mean_return_1d_ci_high,bootstrap_clusters_3d,mean_return_3d_ci_low,mean_return_3d_ci_high,bootstrap_clusters_5d,mean_return_5d_ci_low,mean_return_5d_ci_high,bootstrap_clusters_10d,mean_return_10d_ci_low,mean_return_10d_ci_high,trigger_state_canonical,ts_band_label,setup_type,market_regime
V4_BAND_X_EXTENSION,6_TO_7,EXTENDED,9,363,301,0.5348544128039637,0.5373134328358287,1.9823506225961638,1.5618421316438535,-1.423969232347048,-1.1642487373295096,0.584717607973422,243,1.169871249919532,1.172768878718533,4.073151644945862,2.7602070155261504,-2.5455684444605713,-2.2667829119441985,0.5720164609053497,229,1.4610988218601255,0.7491541807636448,5.3586727406911026,3.937621832358684,-2.9242236221803983,-2.41150601975344,0.6026200873362445,162,2.8079735111824484,2.492526527311756,7.340066768143414,4.9324191968658,-3.2793578529214242,-2.8289480932241595,0.7345679012345679,0.675,4.114754098360656,3.03056768558952,6.339506172839506,8,-0.12162482706831089,1.1707763427271032,7,0.27150061602302344,1.9102157601153082,7,0.5554281237227375,2.1501341232863553,6,2.332144793451563,3.4748862150028446,,,,
V4_BAND_X_EXTENSION,6_TO_7,EXTREME,8,63,44,0.2145948767882423,0.27669992106741365,1.336250861575286,1.289772747900697,-1.2576007080049114,-1.1401974560382777,0.5909090909090909,31,1.5656285219797,0.8554319931565413,2.8382248802765955,2.1109271523178874,-2.1162586719630307,-2.1794221996958907,0.6774193548387096,31,1.5616740249682857,0.7864238410596025,4.347404354982967,2.9030265596046823,-2.366829459040566,-2.407566638005165,0.5806451612903226,20,1.1037541803311173,1.2353304508956109,6.311604767188082,6.69031931069437,-3.143975918818203,-2.2879761884313456,0.7,0.45454545454545453,5.7272727272727275,3.6451612903225805,5.05,7,-0.3672853625622582,0.890199166185293,6,0.05024490971178534,2.654409100929891,6,-0.1690262254085646,3.5673296340829643,5,-0.09121138874529273,2.1161414630405835,,,,
V4_BAND_X_EXTENSION,6_TO_7,HEALTHY,9,186,124,0.770081361820445,0.770811921891057,2.0399368567005447,1.6860020155401334,-0.8979507080917261,-0.6721433905899965,0.7096774193548387,94,1.8170178690047076,1.1723329425556983,4.320706871177488,2.935215073943387,-1.6750850221539406,-1.2245522730751581,0.6170212765957447,83,2.1321139170721195,1.0914433638844256,5.461834710171919,3.424345271262852,-2.228862460632363,-2.099834223613928,0.6385542168674698,36,4.764726768193377,2.3183907912728285,8.992815932294953,6.672339247597103,-2.5335053878512874,-2.232580961727171,0.8055555555555556,0.9444444444444444,3.7777777777777777,3.3012048192771086,5.555555555555555,8,0.328732739576517,1.191983143819438,7,1.0088741782418083,3.0230032526448776,7,1.4095135958856013,3.024533871346132,6,2.763499654101507,6.813203822542396,,,,
V4_BAND_X_EXTENSION,6_TO_7,MODERATE,9,442,346,0.32163894094880013,0.4172002680630671,1.985041767716621,1.5088013411567402,-1.1445988814507868,-0.8613259349777913,0.6069364161849711,257,1.6473445487518714,0.977869274318066,4.003212091770693,2.6567944250871056,-2.0215580274042564,-1.460028721876494,0.5992217898832685,233,2.16540203590091,1.452803938356162,5.099423975033451,3.897273349421893,-2.4220492745152966,-2.060940735627659,0.6137339055793991,144,3.897816855928705,2.768802759260547,7.402692489206897,5.757459831675593,-2.4592396108854384,-1.8072136466174893,0.7986111111111112,0.7741935483870968,3.433734939759036,3.0944206008583692,6.395833333333333,8,-0.21242966049584353,0.881274611960386,7,0.5619116317241774,2.790736368192966,7,0.6416375263238647,3.7125644938058584,6,3.391631339218586,4.466028698593549,,,,
V4_BAND_X_EXTENSION,7_TO_8,EXTENDED,9,893,810,0.2112452609881603,-0.00133113252755445,1.6955948977142872,1.3149891192985153,-1.3253503977336873,-1.1936423481938019,0.49876543209876545,751,0.3105922911878155,0.2586652871184647,2.8206287915151664,2.203355569031751,-2.3861020152475887,-1.9437390115256803,0.5525965379494008,727,0.6666426763311951,0.4530744336569636,3.627781823347693,2.8489595214559182,-2.760761854167961,-2.22944728286113,0.5639614855570839,470,1.632184401331462,0.8549715009499748,5.549913846211004,4.138274887817839,-3.4880103415443937,-3.187819674081116,0.5617021276595745,0.46236559139784944,4.415584415584416,2.9944979367262725,5.95531914893617,8,-0.09857675523400056,0.5215326745348103,7,-0.2085943514541614,0.6963237259558025,7,0.013206185000599687,1.126814345853424,6,0.8664518992448729,2.63819064922054,,,,
V4_BAND_X_EXTENSION,7_TO_8,EXTREME,9,87,68,0.31442191119601454,0.3812913065581957,1.3124787533170097,1.2743953366842864,-1.367274700773802,-1.3980868285504044,0.5441176470588235,61,0.23269525568011554,-0.0510204081632603,2.522255291717875,2.112163146394752,-2.2524786788371793,-2.2578295702840534,0.4918032786885246,57,1.2169402974029395,1.2039401678219486,3.6888217847189075,3.1162722328384573,-2.429751932044916,-2.3364274394385265,0.631578947368421,42,0.5438028281125223,0.1175951785976847,5.033589606740309,4.0850265009875315,-3.4772946775034708,-3.015482274971532,0.5238095238095238,0.48,3.7058823529411766,3.2982456140350878,5.166666666666667,7,0.011577581998584567,0.7313634197826612,6,-0.3470866997008922,1.3542044326156268,6,0.47764257988968123,2.084150673111551,5,-0.6298423876055386,2.891093259548644,,,,
V4_BAND_X_EXTENSION,7_TO_8,HEALTHY,9,576,474,0.4664445663983551,0.271930343049509,1.8322458157977284,1.50934497107168,-1.0854950068959452,-0.7970911020304783,0.6033755274261603,402,1.5991817723724624,1.2046492077186888,3.9300619694153784,2.6731160896130257,-1.7448311177731473,-1.5067746267148963,0.6567164179104478,365,1.9454205347614097,1.4235868806699248,5.039240715006498,3.673094582185477,-2.144365159296675,-1.766449318316532,0.6821917808219178,267,4.287668129351249,3.1132262542137523,7.7555178258946675,7.012727726478674,-2.2952219238176075,-1.9241760335302005,0.8539325842696629,0.8373493975903614,3.832258064516129,3.2904109589041095,6.344569288389513,8,-0.09439788429831143,0.8638143908843189,7,0.8272500238361749,2.2078312005122993,7,1.5441191877256455,2.193327095254358,6,4.01562284139583,4.656685508781592,,,,
V4_BAND_X_EXTENSION,7_TO_8,MODERATE,9,1577,1377,0.24108808276243732,0.1420959147424572,1.73914984749191,1.3605442176870763,-1.1717685921341816,-1.0405105438401785,0.5272331154684096,1168,0.8666386336187527,0.2080979857465248,3.434428458368914,2.2522522522522515,-2.111872707676738,-1.775666788454522,0.5342465753424658,1073,1.3465699653558896,0.4458431681090946,4.486538491140319,2.996167240607784,-2.5345932564680917,-2.1741499564080224,0.5806150978564771,709,2.8886535141003713,1.9894894894894928,6.474566075148445,4.910242872228077,-2.9744335803280286,-2.569334240157184,0.6981664315937941,0.6040609137055838,4.1477272727272725,3.0764212488350418,5.919605077574048,8,-0.12426110138475045,0.7023758603645757,7,0.3211228213884321,1.568591426329266,7,0.6965028592533725,1.9087824740879467,6,2.0884902516032087,3.562962845383073,,,,
V4_BAND_X_EXTENSION,GE_8,EXTENDED,8,217,196,-0.17747730844665008,-0.6249999999999978,1.806790815303876,1.4354611917350324,-1.5389223195473996,-1.2139640250094619,0.37755102040816324,185,-0.18183908079530664,-0.6373322174654805,2.604474731767957,1.6126436411626477,-2.627962678790557,-2.325894963931785,0.43243243243243246,178,0.45794459879034577,0.0955748829207792,3.325137563691341,1.9917561118686256,-3.0138582336874293,-2.6748046949743975,0.5168539325842697,118,0.8183186180621428,0.33501919552327286,5.079325867252107,3.5072281583909515,-3.509400987127606,-2.938386419225841,0.5,0.42105263157894735,3.269230769230769,3.039325842696629,5.3559322033898304,7,-0.7334289517530416,0.2965967851278543,6,-1.8788655019226828,1.0554895044425427,6,-1.6300425107755852,2.0985294123759384,5,-0.6613908123188007,2.3924020775676635,,,,
V4_BAND_X_EXTENSION,GE_8,EXTREME,2,3,2,0.4670967158372563,0.4670967158372563,2.466244994353972,2.466244994353972,-1.0550218093500707,-1.0550218093500707,0.5,2,4.186388207433723,4.186388207433723,4.559162839990982,4.559162839990982,-2.197376818137415,-2.197376818137415,1.0,2,1.7853189549914328,1.7853189549914328,5.47321728043303,5.47321728043303,-2.197376818137415,-2.197376818137415,1.0,0,,,,,,,,,,4.0,,1,,,1,,,1,,,0,,,,,,
V4_BAND_X_EXTENSION,GE_8,HEALTHY,9,309,261,0.029961941273972295,0.0930809804529975,1.448047246530184,1.1304347826087024,-1.2608915842996067,-0.9905713323605458,0.5363984674329502,227,0.7710246231536686,0.4837136727130708,2.8121359808823283,1.9151542144527407,-2.069974917376111,-1.800514432695055,0.5550660792951542,198,0.9097199679917283,0.730085596908403,4.005787984847611,2.9344035791828205,-2.6985644993982683,-2.3589487894888572,0.5707070707070707,113,3.328898565220928,1.6257759385161163,6.50613416307162,5.014326647564471,-3.2595812752851727,-2.975336030275355,0.7256637168141593,0.7090909090909091,4.071428571428571,3.1414141414141414,6.176991150442478,8,-0.37648006541186346,0.5155940042611428,7,0.13657225402385476,1.4718377549712176,7,0.2416211191555407,1.6898987555604286,6,2.901961097422619,3.9113082332664817,,,,
V4_BAND_X_EXTENSION,GE_8,MODERATE,9,948,875,-0.09915350798574124,-0.2729443875810422,1.4108356053764437,1.0366702769611713,-1.3316375868252928,-1.0984677782785113,0.4137142857142857,765,-0.07203211929714672,-0.1728421734903285,2.472904658097786,1.6027759418373977,-2.46916552341185,-2.1607549625772826,0.4522875816993464,701,0.6799052136689736,0.4629198123466072,3.4714321155571617,2.529235790046247,-2.888006068706612,-2.464819765563031,0.5492154065620543,454,2.2379523126209246,2.0495106505469263,5.380240847214708,4.425059430848655,-3.370382414418023,-2.66922282849138,0.6828193832599119,0.5738396624472574,5.549707602339181,2.942938659058488,6.438325991189427,8,-0.2925112726677021,0.28565283394998986,7,-0.2936557388347784,0.2384065345287598,7,-0.037262026551581236,1.4176731300758585,6,1.380032214089008,3.130493243027682,,,,
V4_BAND_X_EXTENSION,LT_6,EXTENDED,7,55,37,0.230041113780627,0.7344104686874076,2.3025288517331335,2.05882352941178,-1.8852422001582532,-1.335291761249835,0.6756756756756757,28,1.2736284172512262,1.00868326134389,3.8645130530345084,3.5627187560792195,-3.3077074994369684,-2.017967774859053,0.75,27,2.293500101865757,2.4404330190453294,4.874858360538133,4.294117647058826,-3.5482876504884535,-1.834048217719264,0.7777777777777778,23,1.5135109315106536,1.5633814167136828,5.819491197397605,5.41176470588236,-4.522013138320125,-3.88235294117647,0.6956521739130435,0.7,2.5714285714285716,3.2962962962962963,5.478260869565218,6,-0.8740093491534237,0.942035306462854,5,-0.805018543630471,3.2113768807932725,5,0.45084586444717545,3.5959768586993026,4,-0.8425706875479844,3.3258814077096064,,,,
V4_BAND_X_EXTENSION,LT_6,EXTREME,7,28,10,1.0005241207042705,0.7045983236094511,2.1316072046263272,1.480780600419318,-1.0533262143105624,-0.64951450958049,0.9,4,-0.07185918946455994,-0.33925646938627874,3.3359678169279823,2.621492406294945,-3.251904068298788,-3.1916738254191612,0.5,4,1.059163344448899,-0.0016998917947765868,3.4362850362431145,2.82212684492521,-3.2660899481219885,-3.1916738254191612,0.5,3,-1.449344341619163,-0.6534175636471962,4.272835679710315,4.717620584008908,-3.144319160773826,-2.7519453406718464,0.3333333333333333,1.0,1.0,2.5,3.3333333333333335,4,-1.0399243690964306,3.8906895309901994,3,-2.5930599916486097,6.611957796014067,3,-3.895937459951304,8.135990621336454,2,-3.4401360903888785,2.5322391559202684,,,,
V4_BAND_X_EXTENSION,LT_6,HEALTHY,6,40,20,0.9647724118789831,1.2580193722235733,2.004254851441284,2.4668933948944316,-0.6911074570497877,-0.5640568520898004,0.8,15,3.319434892968323,3.817826544416048,5.7470445117900315,5.350978135788265,-0.8933798634852671,-0.7011605415860767,0.9333333333333333,12,4.349953049931119,4.801143722774814,6.901356624356172,8.53558137257302,-0.8716250395971071,-0.7011605415860767,1.0,3,6.382978723404253,6.382978723404253,8.728239845261122,8.728239845261122,-0.7011605415860767,-0.7011605415860767,1.0,1.0,3.0,3.5,3.0,3,0.4385964912280826,1.658401322455091,2,2.958529592999571,4.763056092843332,2,4.067184337367862,5.198259187620891,1,,,,,,
V4_BAND_X_EXTENSION,LT_6,MODERATE,8,61,39,1.7404815172926043,1.1461728571940275,3.343022015502512,2.4166971805199555,-0.20019396350476185,-0.6716032374720182,0.8717948717948718,35,3.065163518223131,2.720854141553297,5.857372673466466,4.833210776121399,-1.0863921240646752,-0.6852551984877109,0.6571428571428571,34,3.5873882885423267,3.0757964115708525,6.603768787578836,4.9904979310668836,-1.5022799374523728,-1.1944989346511614,0.7352941176470589,23,7.1685384491454105,2.782863419992676,11.115353021361688,8.864930692360051,-0.9057560696990441,-0.8055657268399852,0.9130434782608695,0.8823529411764706,3.8666666666666667,3.4705882352941178,6.913043478260869,7,0.813175545060703,3.388656611619633,6,1.0323961442394323,4.278351311533744,6,2.180564010476024,4.746166239135208,5,4.263730872001942,12.81325517330399,,,,
V4_BAND_X_TRIGGER,6_TO_7,,7,30,22,0.35137984897264135,0.3360716952949927,1.4519248224293857,1.335863332144216,-0.8333078081412624,-0.6222288432620904,0.7272727272727273,11,1.3352599809526693,1.417819009277088,2.7945184236698006,2.380535620514612,-1.3772986240432137,-0.6133793367835927,0.7272727272727273,11,-0.10587686234856192,0.1916810427448734,3.209103035732876,2.625590757920526,-1.8716548124898473,-1.3225991949396332,0.6363636363636364,1,1.725129384703861,1.725129384703861,4.216982940387193,4.216982940387193,-1.8784742188997616,-1.8784742188997616,1.0,,,3.6363636363636362,9.0,5,0.1451709001211525,0.8127022901985281,2,1.0926409050148054,2.4270458226730574,2,-0.5668611503171032,1.9685524335098736,1,,,APPROACHING,,,
V4_BAND_X_TRIGGER,6_TO_7,,6,33,22,0.09509759513790565,0.1758499413833547,1.3710122578214412,1.7008188207390251,-1.0455423802444337,-0.45126162835987804,0.5454545454545454,13,0.7151333798187246,1.1723329425556983,2.6340749657790568,2.141239448219068,-2.35863946547199,-3.5157603048146857,0.6153846153846154,13,1.7181444436659044,1.0804321728691502,4.958137438224517,3.6976099757533687,-2.7342336304780304,-3.5157603048146857,0.6153846153846154,5,1.7521576374848167,1.2353304508956109,9.87754973330846,8.297302861848888,-3.311825293522112,-3.742059002697762,0.8,1.0,4.0,3.4615384615384617,5.8,5,-1.5925590836257857,1.0810366902093478,4,0.10852825663721423,1.3015642205060522,4,-0.907690319692046,8.018311318958013,2,0.48937478785398375,3.646331911931066,AT_TRIGGER,,,
V4_BAND_X_TRIGGER,6_TO_7,,9,349,284,0.5563786479378277,0.5542081510519048,2.160122216492845,1.7378277153557995,-1.2524478500356824,-1.023714446265972,0.6161971830985915,228,1.8601977688154208,0.9998943527988469,4.618272209117266,3.038944737308491,-2.220859679224411,-2.0346330551078817,0.5833333333333334,214,2.03976073648653,1.1111111111111072,5.357402028681448,4.269795878118532,-2.770585030040325,-2.3000036587745187,0.6401869158878505,151,3.2618425177533084,2.619327910958913,7.232799106149205,5.61704482567793,-3.0188319803870556,-2.585487906588824,0.7483443708609272,0.8271604938271605,3.056338028169014,3.014018691588785,6.1655629139072845,8,0.06172265294948536,1.147299718792994,7,1.0175889186271947,2.8493090735806734,7,1.3639416434194742,3.049474653566107,6,2.574221190761194,4.229491331343667,BEYOND_TRIGGER,,,
V4_BAND_X_TRIGGER,6_TO_7,,9,208,170,0.23991199429005064,0.2400548696845028,1.5790584865603574,1.2285161720618443,-1.5265368134910837,-1.3470908569790718,0.5470588235294118,136,0.9898124031705957,0.8930930641420476,3.5705254784526774,2.3826229345601746,-2.5863739804490726,-2.2667829119441985,0.5735294117647058,125,1.6579020594921487,1.200274348422492,5.323157825494143,3.376948239368871,-2.847691758672467,-2.3965301771668,0.568,85,2.86743487026046,2.5866631383963945,7.483077532505913,5.061214186545482,-3.3700468769178578,-2.518746394924054,0.7647058823529411,0.627906976744186,4.696969696969697,3.08,6.023529411764706,8,-0.31748365718104704,0.7131317492987629,7,-0.19839018139788878,1.922017518632679,7,0.4267183875375716,2.9687742995525213,5,1.5422895012871114,3.4204764671002645,EXTENDED_BEYOND_TRIGGER,,,
V4_BAND_X_TRIGGER,6_TO_7,,9,180,122,0.6922409783849297,0.6010947655238907,2.2343836845849943,1.764705882352935,-0.952803103250783,-0.79553775640272,0.6721311475409836,77,1.9111172491601418,0.9765624999999778,4.120348841885514,2.6386645126548203,-1.8005903607355003,-1.3156593134830308,0.5584415584415584,69,2.915580959462346,1.501624147559988,5.876454966361807,3.7939628911658696,-2.3888459241802193,-2.2352941176470686,0.6666666666666666,32,7.745033411316879,8.79926672777267,10.704318152267504,9.661635254763588,-2.133083291845566,-1.9612997030934332,1.0,0.782608695652174,4.391304347826087,3.3768115942028984,7.375,8,0.4447762610353215,0.9283266741466658,7,1.1632718071902755,3.0088073300481666,7,1.9628365812105895,4.645375931933086,6,6.160524778456252,8.987486198340179,FRESHLY_TRIGGERED,,,
V4_BAND_X_TRIGGER,6_TO_7,,8,77,65,0.6456047394338592,0.5662020905923271,1.9736535873610908,1.4147802929427522,-1.1851816031479738,-0.7952918721170654,0.6153846153846154,62,1.570200535157086,1.2993230078916729,3.6133643266351414,2.728110907469594,-1.846896871736024,-1.148787989037675,0.6774193548387096,51,2.800227424363614,2.1471371504660386,5.392853045378595,4.787567364331369,-1.7417236502632891,-1.415619532368384,0.6274509803921569,34,3.208070669720405,2.554177544556613,6.760399486834951,5.709786135583272,-1.7329197106670187,-1.4603607865923574,0.7941176470588235,0.7,4.2105263157894735,3.411764705882353,5.5,7,0.0993440634930375,1.130717059275887,6,0.5097034605178715,2.3350033965045918,5,0.8537687464423968,4.028552482764578,4,2.0967756071225896,3.560424969010783,INVALIDATED,,,
V4_BAND_X_TRIGGER,6_TO_7,,8,45,38,0.6924599496826208,0.609902641362281,1.874410263690759,1.5819750719079595,-0.925288417922211,-0.7886435331230235,0.7894736842105263,23,1.8473531657443936,1.7802332719459857,3.7300743838034474,3.347802495930541,-1.2807907375590681,-1.3271783035198936,0.6956521739130435,23,2.1104480760444555,0.7491146826477779,4.9885511323083485,3.78505171126986,-1.854880060090285,-1.4193025141930329,0.5652173913043478,8,3.4588695534361458,5.92568456807091,9.095290513499549,8.863562957173997,-2.3353573268552528,-1.1832879131964291,0.75,0.75,3.6666666666666665,2.869565217391304,5.875,7,0.46812840441425296,1.1030165395148248,6,0.5286885591646643,4.68469643365388,6,-0.0645432538901391,7.203305563294349,4,1.6835342380455058,5.5265725586371754,NEAR,,,
V4_BAND_X_TRIGGER,6_TO_7,,9,119,85,0.13540820322269717,0.1713612509371298,1.93453161357005,1.425809569840486,-1.1862690505206672,-0.6722689075630228,0.5411764705882353,71,0.7112715662979173,1.7320581369079102,3.795635051133999,2.634122764620584,-2.3487584207420076,-1.916300921060776,0.5774647887323944,66,0.1305940880826639,0.7491541807636448,4.288250295355783,3.6269833032290366,-2.762337230577765,-2.3708588475427783,0.5606060606060606,46,1.7052185487333535,1.617474251745343,6.045194116521723,4.597482025291377,-2.8886126108746075,-2.6188914835018116,0.6304347826086957,0.5862068965517241,4.318181818181818,3.0606060606060606,6.478260869565218,8,-0.303159394343948,0.7383224278091209,7,-0.33856478453991823,2.2470015372395573,7,-0.9561925452457871,1.4087170870608832,6,0.5114653445933778,3.633434700047099,NOT_APPLICABLE,,,
V4_BAND_X_TRIGGER,6_TO_7,,3,13,7,0.6215076663687099,0.5099841976727637,2.099265619326572,1.529662503035034,-0.7875010070580097,-0.7282483710233878,0.8571428571428571,4,1.6895973484768096,0.2753351081000499,3.1538299969544994,1.860501056928221,-1.9717477948694968,-1.8583245608071175,0.75,4,-0.3890833181248222,-1.641730248908213,3.3742209513431547,1.860501056928221,-2.179326993939079,-2.273482958946282,0.25,0,,,,,,,,,,3.0,,2,0.5250611577699293,0.750103011167084,1,,,1,,,0,,,TOO_FAR_BELOW,,,
V4_BAND_X_TRIGGER,7_TO_8,,8,254,213,0.14069556586090473,0.1629734134416471,1.465082483074262,1.3383254998805103,-1.220774301707864,-0.9579100145138076,0.5539906103286385,176,0.8038157874908148,1.0875216347451921,2.7808545760121763,2.4508924617020256,-1.9853745572529427,-1.371689845684887,0.6193181818181818,158,1.296569483187198,1.1650837629741062,4.0947627637716675,3.164091243561451,-2.2753716873979286,-1.3980868285504044,0.5886075949367089,103,2.2010518999612185,1.9495958155016704,6.145812354313169,4.677081348828338,-2.9127473068322303,-1.9241760335302005,0.7864077669902912,0.6101694915254238,3.65,2.981012658227848,5.368932038834951,7,-0.08474212537021175,0.5439801921501639,6,0.3220583036675795,2.0273591185130178,6,0.8390280759829241,2.28868344116527,5,1.4548389391132108,4.09565008575743,APPROACHING,,,
V4_BAND_X_TRIGGER,7_TO_8,,8,60,51,0.20046551366154972,0.5900060204696134,1.2565978870447805,1.4134187843108048,-1.1601477045380764,-0.4451188669701511,0.5882352941176471,39,-0.5038141449581508,-0.1074755194649945,2.324223011130833,2.2218240458699023,-2.5402491961114535,-2.528752763494546,0.38461538461538464,38,-2.453819670167365,-2.453692566754884,2.7510914087823313,2.2218240458699023,-3.8913366184031033,-3.478213831715038,0.21052631578947367,30,1.1834349154765407,1.5252820727120753,4.014863127989255,4.202056325435843,-5.052472308754605,-5.030541075781436,0.6666666666666666,0.5,3.25,2.6315789473684212,4.966666666666667,6,-1.1807761516765687,1.024074643240411,4,-2.1024889925638424,0.3252943596672452,4,-3.1086886965213165,-2.1520405779514706,4,-1.1297338050211114,2.8151308530084234,AT_TRIGGER,,,
V4_BAND_X_TRIGGER,7_TO_8,,9,1022,895,0.3465653334101594,0.2244983864178706,1.9027270136319299,1.429459291485391,-1.2807854300813843,-1.1504649913785747,0.5340782122905028,791,0.9885381327516075,0.497658079625296,3.5546946559171135,2.502982898051176,-2.2309682410093825,-1.9538188277086976,0.5625790139064475,729,1.390674604125783,0.526241435332353,4.658242608231778,3.312455443527851,-2.5780426794953577,-2.272306267366453,0.5733882030178327,459,3.2034577319251194,2.5447201384881657,7.027901004761091,5.552037154317091,-2.9080618915857586,-2.749867794817551,0.6993464052287581,0.6556776556776557,3.8934010152284264,3.074074074074074,5.823529411764706,8,0.015007031323441524,0.8321081629292557,7,0.4597183899926517,1.9411070848801688,7,0.8790389038449717,1.9953006587526974,6,2.3135727066674536,3.959969363818932,BEYOND_TRIGGER,,,
V4_BAND_X_TRIGGER,7_TO_8,,10,483,441,-0.01849186545555929,-0.1826817683595161,1.5106144171396014,1.1692811086517318,-1.4658056967233704,-1.3137521700370636,0.4331065759637188,419,0.022556727747022196,0.0536193029490483,2.848043345296323,2.1093635160958524,-2.5758558342981615,-2.085747392815762,0.5083532219570406,410,0.2988905825891484,0.1302648719061938,3.527671060421916,2.69245354569585,-3.039901664064114,-2.537793001944566,0.5219512195121951,274,1.3167652267086696,0.5413832433627808,5.4589463181829565,4.164171786020699,-3.6820063670525003,-3.2863597260913426,0.5766423357664233,0.5234899328859061,4.561224489795919,2.975609756097561,5.671532846715328,8,-0.49741374697453167,0.5040632754791463,7,-0.5084877512388409,0.4335862035015918,7,-0.3305876397447175,0.8594250159609234,6,0.2744036356721235,3.045205022795647,EXTENDED_BEYOND_TRIGGER,,,
V4_BAND_X_TRIGGER,7_TO_8,,9,516,429,0.591021944274061,0.231357892863504,2.0327985542680773,1.4772802215920366,-1.0649084723246416,-0.8549715009499637,0.5897435897435898,339,1.6039677234030465,0.7850088630032781,4.082538784003072,2.359739947026229,-1.9191590296896093,-1.7035601346526597,0.6489675516224189,310,2.460942928500447,1.4084507042253502,5.31085452657741,3.2878457622383617,-2.1736100812087376,-1.7830470500373563,0.7419354838709677,228,5.300739642702192,4.001151410477832,8.287018351251856,7.043558850787779,-2.3916251462058495,-2.165206508135176,0.8421052631578947,0.732824427480916,3.963963963963964,3.445161290322581,7.074561403508772,8,0.12121564036905669,0.935278623574107,7,1.0921618587880428,1.930548978696831,7,2.1851266095802253,2.762221583662756,6,4.713722941128304,5.603940750445228,FRESHLY_TRIGGERED,,,
V4_BAND_X_TRIGGER,7_TO_8,,9,232,209,0.08851306203377649,0.0,1.449018325882534,1.2196034418256565,-0.9642605050817763,-0.9829336789803356,0.49760765550239233,191,0.4738475752332453,0.0372960372960307,2.92422091379198,1.9076923076922991,-1.8558926893191885,-1.6990621177110254,0.5026178010471204,177,0.976284447133286,0.3249452127257468,3.676747007949308,2.623120787973044,-2.433651261688904,-2.20588235294118,0.5932203389830508,147,1.7040411658050736,1.2908696881183568,4.738622635606448,3.642936596218016,-3.0027799332942884,-2.632478632478641,0.673469387755102,0.55,4.404255319148936,2.864406779661017,6.319727891156463,8,-0.10952706908990453,0.3117970948443616,7,0.14301328377566394,0.9832469599739805,7,0.4042787647513235,1.61300409594534,6,1.2000323891543023,2.2027678907399078,INVALIDATED,,,
V4_BAND_X_TRIGGER,7_TO_8,,8,258,218,0.3968198312530241,0.3873423466975279,1.634954406182206,1.4550720639955994,-0.943093586536709,-0.9918699186991842,0.573394495412844,192,0.7637881348679189,0.5000229138938606,2.8422214154407075,2.14791189076049,-1.8591593338265266,-1.762265730804907,0.59375,186,1.437179198315059,1.0587522762365853,3.8207660447407616,3.1318944844124674,-2.2148848225308853,-1.888324510053685,0.6505376344086021,110,2.2818263684911666,2.2153066936774546,5.942495962050681,4.868024154199202,-2.6822862608793736,-2.2023673361623417,0.6545454545454545,0.6031746031746031,4.717948717948718,3.2795698924731185,6.463636363636364,7,0.047758742372980424,0.8167326128943152,6,0.2805750221873839,1.211906490611532,6,0.6858597169863802,2.0897378438279715,5,1.0023719182588926,3.8984324612854397,NEAR,,,
V4_BAND_X_TRIGGER,7_TO_8,,9,208,202,0.09788064834896383,0.04960798236978145,1.6986516775042655,1.1700989569403577,-1.2151811818152813,-1.090704853630109,0.5148514851485149,189,0.8616018717555581,0.0,3.459124937332185,2.266458808010552,-1.9650236621723853,-1.5174739423666428,0.4973544973544973,170,1.254444436949668,0.6000670372912076,4.228342044084412,2.721970187945555,-2.2790811537638316,-1.7588238795309683,0.6294117647058823,108,0.8746950824789479,-0.3746700799506508,5.600544179643155,3.9865333817109656,-3.1347151557420894,-2.3412840020842705,0.4444444444444444,0.35714285714285715,3.5,3.0352941176470587,5.2407407407407405,8,-0.5488547522335053,1.0672695892532367,7,-0.7156826631692477,3.5872441145187848,7,0.05620153542451482,3.0610658508343325,6,-0.9773790131185944,3.06210706756142,NOT_APPLICABLE,,,
V4_BAND_X_TRIGGER,7_TO_8,,9,100,71,0.3524387337866365,0.3933910306844979,1.4963446967793257,1.4509354715540157,-1.0310644267639062,-1.1576936045858188,0.704225352112676,46,0.991444308734927,0.1339285714285765,2.9628356901957473,2.270367269837248,-1.5556446058045545,-1.72663560549704,0.5869565217391305,44,1.016763508347536,-0.07956876644817368,4.106616986998275,3.149339654588545,-2.517306592940526,-2.0106854753734638,0.5,29,2.9278033054190433,1.5401785714285854,5.568531743047476,4.650637769499944,-3.1569550127657684,-2.895360650186252,0.6206896551724138,0.631578947368421,6.916666666666667,3.0454545454545454,5.482758620689655,7,-0.11072103246440944,0.6748614728100905,6,0.6530945490392893,1.6756304683870888,6,-0.2744073463581034,2.9451637402794812,5,1.3765521320132375,4.547375709386748,TOO_FAR_BELOW,,,
V4_BAND_X_TRIGGER,GE_8,,8,240,215,0.09784980675915403,0.0967117988394772,1.3280170375972984,1.0159069643095764,-1.2361750845524875,-0.9307558555794126,0.5395348837209303,182,0.4092900295717917,0.6800841558194493,2.535742040856213,2.1357985336308616,-2.0489507816383545,-1.4853977795256268,0.6098901098901099,178,1.0671018852295489,1.9461398186292889,3.479832668164998,3.013623228292284,-2.4093388658431087,-1.5735098036159023,0.702247191011236,119,2.839733229821391,2.392047219633442,5.8838141647169895,5.554373270908708,-3.076375016763324,-2.06119847003825,0.7647058823529411,0.6451612903225806,5.666666666666667,3.5730337078651684,6.65546218487395,7,-0.16453304028413837,0.4285237510937041,6,-0.24413587415245228,1.0236419811443616,6,0.1677312258346332,1.9654826896932152,5,2.1130938578719247,3.2432206461492608,APPROACHING,,,
V4_BAND_X_TRIGGER,GE_8,,7,30,25,0.018509767565429804,-0.7318611987381707,1.5610272547858903,1.167209554831694,-0.7829448101918307,-0.9606986899563296,0.24,21,-0.6449313429310676,-1.3375394321766598,1.592674301250509,1.167209554831694,-2.5664159481069038,-2.4984227129337566,0.38095238095238093,21,-0.4637675742353854,-0.5025125628140725,1.817508390410689,1.695073318471274,-2.9426870033371952,-2.4984227129337566,0.47619047619047616,11,0.4769705456860143,0.4668769716088317,2.432486216763132,3.0427150380339274,-2.822076942689866,-2.4984227129337566,0.6363636363636364,0.0,,2.3333333333333335,6.090909090909091,6,-0.8543654711268511,1.2490137186558734,5,-1.5641374499730967,1.3233473649358314,5,-1.0070787066047402,0.5239809388115709,3,-0.9049324690543759,1.399921484525805,AT_TRIGGER,,,
V4_BAND_X_TRIGGER,GE_8,,9,452,412,-0.19726607449568911,-0.3209137884144675,1.4667296283952995,1.0900614425378707,-1.404555874957723,-1.2370368604623427,0.39563106796116504,371,-0.23546105565042919,-0.8159722222222165,2.548684169359041,1.6535559479852413,-2.6528338542424432,-2.420688618252897,0.40161725067385445,336,0.4989143742094403,-0.3747529759138557,3.650786668827281,2.289183468864886,-3.1701105446665303,-2.870129870129867,0.46726190476190477,196,2.7540536300213048,2.3068413602648996,5.87510053223856,4.948859092115221,-3.538932021761571,-3.0725705638528944,0.6530612244897959,0.5431034482758621,5.190476190476191,2.7916666666666665,6.673469387755102,8,-0.362825218183256,0.16354521361103885,7,-0.8788416027885141,0.4053265267722489,7,-0.5012837297143732,1.5630036539369556,6,1.2557573048582502,4.0016828787879435,BEYOND_TRIGGER,,,
V4_BAND_X_TRIGGER,GE_8,,8,139,129,-0.21409150733844945,-0.5018662362554216,1.868024580448904,1.442349465635595,-1.9337136513428355,-1.4238683127572038,0.3953488372093023,122,-0.08188700848873567,-0.8054242055452132,2.920328576779154,1.998845810817884,-3.0384299878657712,-2.3324415563426846,0.4180327868852459,120,0.4379747342762579,0.1463057790782818,3.772858204514638,2.787998861094265,-3.4391157723536065,-2.5326171616702418,0.525,81,0.42841137825066644,-0.2979775565840392,5.385901179109579,4.173228346456703,-4.087532707463628,-2.96173890936825,0.48148148148148145,0.39473684210526316,3.9444444444444446,2.9583333333333335,5.0,7,-1.0043197464169427,0.20681447470512915,6,-2.24635416832839,1.3373156771968988,6,-1.7889818900917742,2.1687536867706245,5,-1.2172670861359232,1.6659372875992366,EXTENDED_BEYOND_TRIGGER,,,
V4_BAND_X_TRIGGER,GE_8,,8,159,135,-0.18159652767522225,-0.4589261128958188,1.4307402636000712,1.0129362948498866,-1.5487399142535738,-1.261092947220921,0.4222222222222222,124,0.22793665416044778,-0.1798561151079125,2.4923028924042683,1.4588846236659123,-2.476989064671017,-2.571971818172914,0.4596774193548387,110,0.5240791834058008,0.07335065147112685,3.554451066244768,2.446181525968361,-3.0402380849421315,-2.897243615391676,0.5,69,2.991029186354606,1.5874623389118048,6.030439812860349,4.687053443841105,-3.639652047211787,-3.1693329308783658,0.7681159420289855,0.6285714285714286,5.0,2.8363636363636364,6.826086956521739,7,-0.525261264909516,0.45802279778140476,6,-0.5166584665430365,1.326425997710933,6,-0.59151376390255,1.75274675495383,5,1.1010535384268274,4.363293767108131,FRESHLY_TRIGGERED,,,
V4_BAND_X_TRIGGER,GE_8,,8,178,168,-0.04464818986289353,-0.2210053130895617,1.4872887921556495,1.0366702769611713,-1.1943835479161744,-1.0637423811663327,0.4107142857142857,152,0.19875772578150488,0.01141291942479135,2.5211634874822058,1.6538780588967184,-2.257317434323921,-1.8248569422922407,0.5,137,1.1083584685585184,1.0926999435694862,3.475495037032839,2.656879975188664,-2.70802454542936,-2.351113412739514,0.6642335766423357,106,1.45227492570298,1.260080645161299,4.312012887625132,3.43283582089553,-3.1265413169749086,-2.6826759507444953,0.6037735849056604,0.5897435897435898,4.777777777777778,2.9416058394160585,5.216981132075472,8,-0.26218558083058924,0.5049004379881189,7,-0.27697593843897084,1.0882168835243218,7,-0.2689409561893382,2.032452467771522,6,0.525006254130974,2.17251946928662,INVALIDATED,,,
V4_BAND_X_TRIGGER,GE_8,,8,165,143,-0.05911411441462854,-0.3271141264841404,1.414010073344553,1.0353091272714776,-1.038373364196721,-0.924000924000934,0.4195804195804196,113,-0.09185853517390385,-0.3722700198543927,2.290291578608594,1.4734068040249015,-2.109000524777298,-2.200392927308448,0.49557522123893805,99,0.03998842603669893,0.0955748829207792,2.815280300404532,2.30970128951522,-2.2788065734665657,-2.589285714285705,0.5151515151515151,51,0.5609019575198896,0.5101920861448894,4.257055723872373,2.982750359367503,-2.936692726657765,-2.9150339290834326,0.5098039215686274,0.5416666666666666,4.461538461538462,2.898989898989899,5.921568627450981,7,-0.4670698781197295,0.5848749020322715,6,-0.2931346975892519,0.1758905009133987,6,-0.7743641876976325,0.3633897725383224,5,-0.06489590375062639,1.0731739236486777,NEAR,,,
V4_BAND_X_TRIGGER,GE_8,,5,30,30,0.8797815402823307,0.3540637735595098,2.10914212163756,0.8850325379609503,-1.263565939747516,-0.9825054773142106,0.5666666666666667,29,1.221286872241968,0.9992017396570184,3.312583989637946,1.5324336090552837,-1.89080525818365,-2.1607549625772826,0.5172413793103449,26,1.6100807932190548,-0.9281633602744366,4.090428371175827,2.5510239316459793,-2.360940951013487,-2.8997180829641533,0.34615384615384615,10,1.9615952207495162,0.36246476037054,8.088865162944254,3.503826016915035,-3.958115747603622,-3.3990476471617406,0.7,0.5,1.0,3.0384615384615383,5.9,5,-0.7100515713243057,2.4788135242388036,5,-0.11430872229401848,3.082200233646303,5,-1.2278529140945542,4.516570847346078,3,-0.5388311678145632,4.717239941821691,NOT_APPLICABLE,,,
V4_BAND_X_TRIGGER,GE_8,,9,84,77,-0.1470563383949695,0.0,1.2100739844368686,0.954787155909398,-1.1481346953016165,-0.9471191791633692,0.4935064935064935,65,0.7313381524257277,-0.0540540540540535,2.72537945174,2.0175892395240425,-1.9117058374057239,-1.6147635524798254,0.47692307692307695,52,1.655978757904883,1.0100643897746342,4.620371802933875,3.253644228812358,-2.6682287659478923,-1.7328838808041147,0.5961538461538461,42,3.870062219843637,2.532363731163323,6.935757544366855,6.606057527892073,-2.8295585811257804,-1.9537584272768582,0.8571428571428571,0.8076923076923077,5.190476190476191,3.3653846153846154,7.0476190476190474,8,-0.5753422787192655,0.37416569395206406,6,0.035020044228284156,2.1236358952543006,6,0.45715441403609725,3.010581695013026,6,2.6031288719347603,5.249521074661138,TOO_FAR_BELOW,,,
V4_BAND_X_TRIGGER,LT_6,,2,4,1,0.2761341222879743,0.2761341222879743,1.104536489151875,1.104536489151875,-0.8678500986193383,-0.8678500986193383,1.0,1,1.0059171597633032,1.0059171597633032,9.46745562130178,9.46745562130178,-0.8678500986193383,-0.8678500986193383,1.0,1,3.4911242603550274,3.4911242603550274,9.46745562130178,9.46745562130178,-0.8678500986193383,-0.8678500986193383,1.0,0,,,,,,,,,,3.0,,1,,,1,,,1,,,0,,,APPROACHING,,,
V4_BAND_X_TRIGGER,LT_6,,1,3,0,,,,,,,,0,,,,,,,,0,,,,,,,,0,,,,,,,,,,,,0,,,0,,,0,,,0,,,AT_TRIGGER,,,
V4_BAND_X_TRIGGER,LT_6,,7,27,17,2.269937379661894,0.9303992191071586,4.544722407733726,2.6614607144180846,0.0921457210349099,-0.6716032374720182,0.7647058823529411,15,3.0070437225873357,2.705941951984969,6.802217483972506,4.833210776121399,-1.2246386266994957,-0.6716032374720182,0.6666666666666666,15,3.288124988632376,1.0678253185065325,7.6499260987918865,4.881632653061208,-1.5904194452552332,-1.3259858791114243,0.6,9,7.8646118265645715,7.835371103840183,12.477933068967936,10.177372137075944,-0.2525628995487941,-1.3259858791114243,0.7777777777777778,1.0,3.888888888888889,2.933333333333333,6.111111111111111,6,0.22575481700519395,4.030750794836983,5,0.5440202567675787,5.363654399656625,5,1.0352243719562217,5.345754439243302,4,2.97330404676408,15.727883596449445,BEYOND_TRIGGER,,,
V4_BAND_X_TRIGGER,LT_6,,7,36,19,0.3560163331645392,0.1176470588235334,2.0226457820381163,1.792667695246486,-1.701109417386613,-0.7881709223554023,0.7894736842105263,15,0.5310450728993795,0.6056018168054456,3.213754788422833,2.05882352941178,-3.109530574882308,-1.8978933383943848,0.7333333333333333,15,1.928721675215306,0.6056018168054456,3.785623655491572,3.3937455579246656,-3.1438826241597297,-1.8978933383943848,0.6666666666666666,15,0.6828804612090146,0.7570022710068125,4.2792647172559795,3.3937455579246656,-3.7622242062121214,-3.88235294117647,0.6,0.75,1.6666666666666667,3.2666666666666666,4.466666666666667,5,-0.7368192674360479,2.9145655810434015,4,-1.1290127699055494,6.483432736969051,4,0.35708801955195957,6.836317027350024,4,-1.689331447567287,7.588070350030222,EXTENDED_BEYOND_TRIGGER,,,
V4_BAND_X_TRIGGER,LT_6,,6,39,22,0.6239591572218454,1.4040637371931952,2.173019610151212,2.2097215632580824,-1.7697292957085664,-0.6405889165465251,0.6818181818181818,18,3.3005344801795133,3.0119113379058926,5.599178296685072,4.163658116735847,-2.3180058856073558,-1.1419812146434671,0.8888888888888888,14,4.042946527945502,2.947869410724957,6.851589415288245,5.952086384015354,-2.8700972576352615,-1.260803105508257,0.8571428571428571,4,5.839515424636577,1.5633814167136828,12.667226791908126,9.666371182206458,-6.628193209038347,-8.399817336879146,1.0,1.0,2.0,3.7142857142857144,8.5,4,-0.5129475156022645,1.9556483107826925,3,2.7730812479232463,7.879924953095685,3,2.4404330190453294,14.634146341463428,2,1.5633814167136828,18.66791744840526,FRESHLY_TRIGGERED,,,
V4_BAND_X_TRIGGER,LT_6,,6,26,23,1.2908821670437107,1.0221465076660996,2.8274414927813076,2.4166971805199555,-0.31781023663937763,-0.772032046613258,0.9130434782608695,18,3.0049315046435785,3.8083048269171638,5.2166098011979365,5.016477480776271,-1.1017925270838884,-0.629166086571803,0.7222222222222222,18,3.0301616927065416,3.0757964115708525,5.53450264969022,5.089710728670815,-1.645118231313366,-0.8055657268399852,0.8888888888888888,17,4.986200380728556,2.782863419992676,9.144494792348132,6.188209447088977,-2.0331710024502825,-0.8055657268399852,0.8823529411764706,0.6923076923076923,3.3333333333333335,3.388888888888889,6.882352941176471,5,0.7696266486431884,3.861476833715764,4,0.09132314454640628,3.768188913973131,4,2.1396224048171497,3.523761171401241,3,3.143329607744494,15.4565061107117,INVALIDATED,,,
V4_BAND_X_TRIGGER,LT_6,,1,1,0,,,,,,,,0,,,,,,,,0,,,,,,,,0,,,,,,,,,,,,0,,,0,,,0,,,0,,,NEAR,,,
V4_BAND_X_TRIGGER,LT_6,,5,46,24,0.6935091092235312,0.9728910940129509,1.9724967565486111,1.9574197879489552,-1.0021168977906993,-0.7011605415860767,0.7916666666666666,15,1.65805124257539,2.6322431759997267,3.891514835448596,3.9952403274077897,-1.9740726000789388,-1.5477629987908137,0.6,14,3.388843461411324,2.992619255540241,5.440480907531677,4.9906811712496335,-2.0520909852745786,-1.8748251653948278,0.8571428571428571,7,3.619979624613802,6.382978723404253,6.555565227039456,8.728239845261122,-2.3702888320844946,-1.5477629987908137,0.8571428571428571,1.0,3.5,3.5714285714285716,4.428571428571429,4,-0.4403265373345532,1.1409108232375236,3,-2.4842131826295315,4.404617744763495,3,0.6140096542713893,5.6661268776161124,2,-1.1205595186927244,7.175383982093697,NOT_APPLICABLE,,,
V4_BAND_X_TRIGGER,LT_6,,2,2,0,,,,,,,,0,,,,,,,,0,,,,,,,,0,,,,,,,,,,,,0,,,0,,,0,,,0,,,TOO_FAR_BELOW,,,
V4_BAND_X_EXTENSION_X_TRIGGER,6_TO_7,EXTENDED,4,5,2,0.43413097461832967,0.43413097461832967,1.7543879639497773,1.7543879639497773,-1.4668410786907615,-1.4668410786907615,1.0,1,1.4184397163120366,1.4184397163120366,2.7602070155261504,2.7602070155261504,-0.6133793367835927,-0.6133793367835927,1.0,1,0.1916810427448734,0.1916810427448734,3.1435691010159195,3.1435691010159195,-1.3225991949396332,-1.3225991949396332,1.0,1,1.725129384703861,1.725129384703861,4.216982940387193,4.216982940387193,-1.8784742188997616,-1.8784742188997616,1.0,,,4.0,9.0,2,0.0440334654337126,0.8242284838029468,1,,,1,,,1,,,APPROACHING,,,
V4_BAND_X_EXTENSION_X_TRIGGER,6_TO_7,EXTENDED,4,6,5,-1.9004176114396976,-2.4496644295302072,-0.2603829878784003,-0.3355704697986628,-2.6592753451496227,-3.4228187919463027,0.2,3,1.614034288482169,-0.095727090766684,3.247740620662768,0.861543816900201,-4.172558350791796,-3.742059002697762,0.3333333333333333,3,7.210739968270083,11.487250892002445,12.553574171557655,14.82029414324253,-4.172558350791796,-3.742059002697762,0.6666666666666666,2,3.646331911931066,3.646331911931066,14.82029414324253,14.82029414324253,-3.742059002697762,-3.742059002697762,1.0,1.0,4.0,3.6666666666666665,4.0,3,-3.212063248798742,-0.12354886021826439,2,-0.095727090766684,5.033557046979875,2,-1.34228187919464,11.487250892002445,1,,,AT_TRIGGER,,,
V4_BAND_X_EXTENSION_X_TRIGGER,6_TO_7,EXTENDED,9,108,93,0.9129061491666294,1.0000000000000009,2.376268974824903,2.007935553685236,-1.7095830939156182,-1.2785388127853792,0.6989247311827957,77,1.4722853349556102,1.479474890602206,4.948978519955562,3.3884196352062856,-2.8617592406745715,-2.5528054943630973,0.6103896103896104,73,1.1218746747542676,0.6873871202522919,5.305923631891362,4.467574059247403,-3.3692041944946602,-2.6084547181760565,0.6438356164383562,51,1.617841278983807,1.4901498568782534,6.710664234013002,4.944579147904404,-3.957658220793545,-3.577842243403795,0.6274509803921569,0.6666666666666666,3.7058823529411766,2.8219178082191783,5.882352941176471,8,-0.038753234052628704,1.633387996133611,7,1.0508564750108085,2.3272169890114305,7,0.31280031158801164,1.732322030196169,6,0.3144457961708834,3.8824170793299273,BEYOND_TRIGGER,,,
V4_BAND_X_EXTENSION_X_TRIGGER,6_TO_7,EXTENDED,9,151,128,0.23291921922247033,0.16564930991930235,1.6616487132196582,1.205925806551067,-1.6115529184883814,-1.4637003626701839,0.53125,106,0.8122852953978733,0.7965602356662882,3.720364835796482,2.5201799250678674,-2.7750750579086807,-2.3597332671708826,0.5283018867924528,96,1.6700599466944634,1.281543826264997,5.600113722040857,3.376948239368871,-3.0318213141003887,-2.325397628181131,0.5729166666666666,68,3.3131820354764745,2.5866631383963945,7.769411907543101,4.614923023561335,-3.4275513228174304,-2.9566110178976537,0.7941176470588235,0.6875,4.181818181818182,2.9166666666666665,6.264705882352941,8,-0.3643482619773679,0.8739033162893572,7,-1.1021892652748702,2.3505747121891045,7,-0.09179709422939124,3.115285106546376,5,1.7237947311470678,3.794996096467336,EXTENDED_BEYOND_TRIGGER,,,
V4_BAND_X_EXTENSION_X_TRIGGER,6_TO_7,EXTENDED,6,20,16,2.166654663353729,2.051835853131756,3.7438505538866935,2.5269978401727844,0.4592135843896284,0.6217923410975157,0.6875,7,5.106139047769601,7.845503922751962,6.429584065002841,7.948961117337694,0.5849445965163157,-1.6035865160789695,0.8571428571428571,7,6.434905442210789,6.638503319251665,8.486299541933763,9.06112595913442,0.5849445965163157,-1.6035865160789695,1.0,6,8.196980180790012,9.366327474560588,11.636896824864785,13.205365402405178,1.1422300589240098,1.3258663164285922,1.0,1.0,2.6,4.428571428571429,9.166666666666666,5,-0.08061800043181166,5.103961074012695,3,1.4333528359003351,8.048103607770575,3,0.2994011976047872,10.962072155411652,2,7.027632887019434,9.366327474560588,FRESHLY_TRIGGERED,,,
V4_BAND_X_EXTENSION_X_TRIGGER,6_TO_7,EXTENDED,4,6,4,-0.710785087193605,-0.7783421152316838,0.5943149217919774,0.5816977695800807,-1.7850761582603183,-1.8868845204569662,0.0,4,0.16470358993855583,-1.3393996070857503,1.9113764146800716,0.8929233544695436,-3.6153800504475946,-3.82771696358305,0.25,4,0.24988764982005485,0.8611528709037586,3.5156594404866954,3.620233240323389,-3.9342463037691178,-3.846573895454414,0.5,2,2.3824855119124244,2.3824855119124244,7.226157258353005,7.226157258353005,-3.82771696358305,-3.82771696358305,1.0,0.0,6.0,3.25,6.0,2,-1.1447377835014816,-0.2768323908857284,2,-1.509622951992573,1.8390301318696847,2,-1.3461143762559855,1.8458896758960952,1,,,INVALIDATED,,,
V4_BAND_X_EXTENSION_X_TRIGGER,6_TO_7,EXTENDED,5,12,9,0.44937641023651154,0.1433041850671168,2.002809825825777,1.9473762449829124,-1.197812393411166,-0.9811208562509276,0.6666666666666666,5,0.16888128105426264,0.6020514345176142,1.7688777854432303,1.9473762449829124,-1.9093486054205955,-2.0960309201724314,0.6,5,1.428673944481158,0.5864164623094137,3.480582120517744,3.78505171126986,-2.0297055259435237,-2.0960309201724314,0.6,2,7.786256755776844,7.786256755776844,8.465481346849845,8.465481346849845,-2.508259521742129,-2.508259521742129,1.0,,,3.6,10.0,4,-0.8297287076620093,1.3216387952877178,3,-1.996646053872764,1.875360646278157,3,-1.0312903474779236,5.130489466512955,2,5.510675129832676,10.06183838172101,NEAR,,,
V4_BAND_X_EXTENSION_X_TRIGGER,6_TO_7,EXTENDED,8,53,44,0.4328034198174624,0.319614953933045,1.8293743063708723,1.425809569840486,-0.8304881802081557,-0.7518822841819317,0.5227272727272727,40,1.0325941236379625,1.7853627243605064,3.508635479309212,2.9625166123728013,-1.7753752222804606,-1.2623671194098574,0.6,40,0.43394661753805186,0.2419299094491123,4.262969460012748,3.7211493170042464,-2.4252320552767186,-1.7722086187238029,0.525,30,2.2849422114099203,2.3916274110345803,6.115490046839081,4.87903101442444,-2.7053582706604384,-2.432582214611939,0.6666666666666666,0.6111111111111112,4.846153846153846,3.275,6.566666666666666,7,-0.1145175194401635,1.1033784342729265,6,0.13601566952326125,2.2040599147258932,6,-0.6710352908841909,1.8466444310349277,5,0.678461869821075,4.194698798217463,NOT_APPLICABLE,,,
V4_BAND_X_EXTENSION_X_TRIGGER,6_TO_7,EXTENDED,1,2,0,,,,,,,,0,,,,,,,,0,,,,,,,,0,,,,,,,,,,,,0,,,0,,,0,,,0,,,TOO_FAR_BELOW,,,
V4_BAND_X_EXTENSION_X_TRIGGER,6_TO_7,EXTREME,2,2,1,0.2140468227424641,0.2140468227424641,1.0033444816053505,1.0033444816053505,-1.3244147157190578,-1.3244147157190578,1.0,1,6.180602006688973,6.180602006688973,6.314381270903002,6.314381270903002,-2.6755852842809347,-2.6755852842809347,1.0,1,1.979933110367904,1.979933110367904,7.959866220735789,7.959866220735789,-2.6755852842809347,-2.6755852842809347,1.0,0,,,,,,,,,,4.0,,1,,,1,,,1,,,0,,,APPROACHING,,,
V4_BAND_X_EXTENSION_X_TRIGGER,6_TO_7,EXTREME,1,3,2,-0.5147210212065101,-0.5147210212065101,2.141239448219068,2.141239448219068,-1.0088532015647522,-1.0088532015647522,0.0,2,-1.194152769199086,-1.194152769199086,2.141239448219068,2.141239448219068,-3.8912909203211887,-3.8912909203211887,0.0,2,1.8735845171916845,1.8735845171916845,2.9030265596046823,2.9030265596046823,-3.8912909203211887,-3.8912909203211887,1.0,2,1.2353304508956109,1.2353304508956109,8.297302861848888,8.297302861848888,-3.8912909203211887,-3.8912909203211887,1.0,,,5.0,7.0,1,,,1,,,1,,,1,,,AT_TRIGGER,,,
V4_BAND_X_EXTENSION_X_TRIGGER,6_TO_7,EXTREME,2,2,1,2.2162432042605262,2.2162432042605262,2.9845778320204186,2.9845778320204186,-0.324531232663916,-0.324531232663916,1.0,0,,,,,,,,0,,,,,,,,0,,,,,,,,,,,,1,,,0,,,0,,,0,,,BEYOND_TRIGGER,,,
V4_BAND_X_EXTENSION_X_TRIGGER,6_TO_7,EXTREME,7,52,37,0.1815202425222016,0.4466098254161554,1.2692512972789511,1.205991052324462,-1.3558426984522247,-1.3470908569790718,0.5675675675675675,26,1.7501444285160042,1.5793123310986588,2.8657247501379266,2.044453150357517,-2.062056869168785,-2.1794221996958907,0.7307692307692307,26,1.6596865350310341,0.5441173531253729,4.543244155649215,2.935829304588311,-2.3537347752325086,-2.4020484075859825,0.5384615384615384,17,1.0844462093964038,1.5459467943184535,6.337740032357158,6.69031931069437,-3.1400290933195674,-2.1794221996958907,0.6470588235294118,0.45454545454545453,5.7272727272727275,3.6538461538461537,5.0588235294117645,6,-0.3209145350755054,0.9464402608206403,5,0.4229849404180329,3.1257603892424357,5,-0.5163910170126652,4.250791669936935,4,-0.3617047882796425,2.3469191960262212,EXTENDED_BEYOND_TRIGGER,,,
V4_BAND_X_EXTENSION_X_TRIGGER,6_TO_7,EXTREME,1,1,1,0.087432699829737,0.087432699829737,1.8959090699921743,1.8959090699921743,-0.892733882472041,-0.892733882472041,1.0,1,-1.36671114997009,-1.36671114997009,1.8959090699921743,1.8959090699921743,-1.5323731075422289,-1.5323731075422289,0.0,1,-1.0722010031751883,-1.0722010031751883,1.8959090699921743,1.8959090699921743,-1.716441949289027,-1.716441949289027,0.0,1,1.1688371450922608,1.1688371450922608,1.8959090699921743,1.8959090699921743,-1.716441949289027,-1.716441949289027,1.0,,,1.0,1.0,1,,,1,,,1,,,1,,,INVALIDATED,,,
V4_BAND_X_EXTENSION_X_TRIGGER,6_TO_7,EXTREME,1,1,1,1.010716025328784,1.010716025328784,1.3638577691183595,1.3638577691183595,-0.6088650754992653,-0.6088650754992653,1.0,0,,,,,,,,0,,,,,,,,0,,,,,,,,,,,,1,,,0,,,0,,,0,,,NEAR,,,
V4_BAND_X_EXTENSION_X_TRIGGER,6_TO_7,EXTREME,2,2,1,0.2269288956127102,0.2269288956127102,0.302571860816947,0.302571860816947,0.0,0.0,1.0,1,0.605143721633894,0.605143721633894,0.9833585476550556,0.9833585476550556,0.0,0.0,1.0,1,0.605143721633894,0.605143721633894,0.9833585476550556,0.9833585476550556,0.0,0.0,1.0,0,,,,,,,,,,3.0,,1,,,1,,,1,,,0,,,NOT_APPLICABLE,,,
V4_BAND_X_EXTENSION_X_TRIGGER,6_TO_7,HEALTHY,4,14,11,0.5673893440508979,0.3360716952949927,1.5563777253126723,1.4430577223089047,-0.4716489206452674,-0.315070890950464,0.7272727272727273,5,1.4927067876337374,1.417819009277088,3.352809355922033,2.380535620514612,-0.7799423243569925,-0.3085009140767814,0.8,5,0.46399662802612207,0.822685104148424,3.672011487699072,2.625590757920526,-1.0522214887416272,-0.3085009140767814,0.8,0,,,,,,,,,,4.0,,3,0.3360716952949927,0.8774991770120565,2,1.0069705022836521,3.435651929034078,2,-0.3563601710360659,3.745423824274874,0,,,APPROACHING,,,
V4_BAND_X_EXTENSION_X_TRIGGER,6_TO_7,HEALTHY,4,15,8,1.5799388458005215,1.7728061096465186,2.0946157280384763,1.93595865387034,-0.20045968144265514,-0.3944434916823947,1.0,5,1.436177217495609,1.6120734007888826,2.820237791985001,3.56714114217116,-0.6821526131805933,-0.3944434916823947,1.0,5,-0.31305370917417397,1.0804321728691502,2.974585245252021,3.8243868976161934,-1.466692857012175,-0.6859886811867666,0.6,0,,,,,,,,,,3.6,,3,0.17584994138335466,2.2170815995443904,2,1.1723329425556983,1.6120734007888826,2,-2.40328253223916,1.0804321728691502,0,,,AT_TRIGGER,,,
V4_BAND_X_EXTENSION_X_TRIGGER,6_TO_7,HEALTHY,6,17,11,-0.15884786593379777,0.5779967159277533,0.7435575247606003,1.5877683034401624,-0.9487032162923167,-0.7350779182593303,0.5454545454545454,11,-0.001386509332863954,1.038447900309003,2.380848392078178,2.3939564085549314,-1.6552379459642608,-1.8421896898164536,0.5454545454545454,11,0.30497693928144376,0.6502463054187224,2.8479042158508645,2.968596663395484,-2.7592441932954506,-1.8421896898164536,0.5454545454545454,7,0.14180428240163456,0.4906771344455496,3.5228013607127524,3.660688032931514,-3.736229725079408,-2.2595409456723226,0.7142857142857143,,,3.272727272727273,4.857142857142857,5,-1.3719166840013766,0.8928115465382361,5,-1.816431662002761,1.3187334362590666,5,-1.1036439728468521,1.8943023678470068,3,-2.13172596295208,1.8920252496894767,BEYOND_TRIGGER,,,
V4_BAND_X_EXTENSION_X_TRIGGER,6_TO_7,HEALTHY,9,99,66,0.5948370408539327,0.5772801113947512,1.9848101097519122,1.7468328207353778,-0.9869941267407932,-0.7790760404565333,0.6818181818181818,51,2.0013962842350406,1.1072577612501575,4.314350103396372,2.6386645126548203,-1.8413042154979922,-1.233299075025707,0.5686274509803921,44,3.026285870346151,1.5359548627167041,6.159162749094477,3.8600472814811386,-2.457416218502012,-2.163805436337629,0.7045454545454546,17,7.920837668447117,7.057701478302336,11.245385405244663,11.83094362285113,-2.3043243568327245,-2.163805436337629,1.0,0.9166666666666666,3.8333333333333335,3.4545454545454546,6.470588235294118,8,0.09981759589430843,1.2598049650638008,7,1.1477857007538068,3.418127614963486,7,2.431315188629082,3.8953158997023762,6,5.9551838087799265,9.657684844623468,FRESHLY_TRIGGERED,,,
V4_BAND_X_EXTENSION_X_TRIGGER,6_TO_7,HEALTHY,5,13,8,0.9966043349391135,1.5174561391723351,2.6676264462429042,1.9193991247508313,-1.4244601309990736,-0.8155692209280418,0.625,7,-1.2552389530642383,-1.433296582138921,3.2894859743877056,2.526439482961229,-2.5032109454012077,-2.409828319420382,0.14285714285714285,7,-0.02858014860979122,-0.3371445323951949,4.120161463510378,4.850465438700735,-2.8870977189101823,-2.74058906914475,0.14285714285714285,5,1.7276954570528074,-0.4250952799765395,6.295510842656111,6.009967751392553,-3.98132262233094,-4.079382579933855,0.2,1.0,5.0,1.8571428571428572,2.4,3,0.31537555253841054,2.0157530461192508,3,-2.098207950993242,-0.11269316580877792,3,-1.2317318188830584,6.314561812729092,2,-0.89769490727446,12.229256914361876,INVALIDATED,,,
V4_BAND_X_EXTENSION_X_TRIGGER,6_TO_7,HEALTHY,6,9,8,1.678165712900828,1.4251911210135582,2.7120762364078868,2.8246509925579977,-0.7532814209937495,-0.7886435331230235,1.0,7,3.961273828787938,5.022528491916245,5.6188488460699,5.6782334384858135,-0.9050891170490643,-0.7886435331230235,0.8571428571428571,7,4.449700663073072,3.4916288043816524,8.417396601521505,6.182933060807372,-1.6603174876457303,-0.7886435331230235,0.7142857142857143,5,3.3135319049297856,6.340694006309144,10.734691182429804,13.001804941806206,-1.6103388899311977,-0.7886435331230235,0.8,1.0,3.6666666666666665,3.142857142857143,5.2,6,1.0665182905626382,2.215324382531642,5,1.0398133954452675,7.223468318394635,5,-0.15360022609656504,9.998575423755481,4,-2.8146825925605823,6.674341988833714,NEAR,,,
V4_BAND_X_EXTENSION_X_TRIGGER,6_TO_7,HEALTHY,6,14,8,1.8616842702263756,3.0528241481820206,3.3382235639334237,4.253372970500813,-1.1932000821426882,-1.557643198021741,0.625,6,4.7134041945079455,5.614102592686843,9.634560157984831,10.997458670465463,-1.6674904172937228,-2.8012805854104594,0.8333333333333334,2,3.5122225344197844,3.5122225344197844,10.11520089912896,10.11520089912896,1.0396178701882477,1.0396178701882477,1.0,2,5.338578252318071,5.338578252318071,11.37960101152009,11.37960101152009,1.0396178701882477,1.0396178701882477,1.0,1.0,3.0,3.0,9.0,4,-1.3018232083781234,3.9023134909974555,3,0.48734079349027737,6.620169220214955,1,,,1,,,NOT_APPLICABLE,,,
V4_BAND_X_EXTENSION_X_TRIGGER,6_TO_7,HEALTHY,2,5,4,0.7014356497882013,1.1170610643536194,2.5387698598634434,2.3382900883904045,-0.5022978518857246,-0.23124097907583074,0.75,2,3.438315735178321,3.438315735178321,4.447158936980777,4.447158936980777,-2.085171028931876,-2.085171028931876,1.0,2,0.8635636126585687,0.8635636126585687,4.887940845758088,4.887940845758088,-2.085171028931876,-2.085171028931876,0.5,0,,,,,,,,,,3.5,,2,0.28581023522278304,1.1170610643536194,1,,,1,,,0,,,TOO_FAR_BELOW,,,
V4_BAND_X_EXTENSION_X_TRIGGER,6_TO_7,MODERATE,3,9,8,0.05084564010738862,0.35951369034392666,1.288758838187773,1.3161394638913415,-1.110817097363656,-0.757156301227041,0.625,4,-0.09367896767258355,-0.06477395192766575,1.2252668985821225,1.164120869245899,-1.9904021554064653,-1.6504994161226805,0.5,4,-1.4140606947693923,-2.1242030843199364,1.4591601582036429,1.164120869245899,-2.832227753614905,-3.185707479364197,0.25,0,,,,,,,,,,3.0,,2,-0.26462758028742883,0.5766343407654176,1,,,1,,,0,,,APPROACHING,,,
V4_BAND_X_EXTENSION_X_TRIGGER,6_TO_7,MODERATE,4,9,7,-0.002261939108391247,-0.4610562851296351,1.4892542701025373,1.7405611361274609,-0.8691673978512401,-1.007589297277689,0.42857142857142855,3,-0.11264982562765306,0.4676134395566356,2.038694945592097,2.8626645730160494,-2.317097697405046,-3.5157603048146857,0.6666666666666666,3,-0.4927475418886644,-0.0346380325597528,2.038694945592097,2.8626645730160494,-2.6371053393785835,-3.5157603048146857,0.3333333333333333,1,-1.0025365382292706,-1.0025365382292706,3.152554656359463,3.152554656359463,-1.292426621572662,-1.292426621572662,0.0,,,2.0,7.0,3,-1.6039616035829152,0.8178787710870328,2,-1.0748812488895976,1.811813020896236,2,-1.6269096930721594,1.7755767604783257,1,,,AT_TRIGGER,,,
V4_BAND_X_EXTENSION_X_TRIGGER,6_TO_7,MODERATE,9,222,179,0.4058231701835629,0.2519054385738295,2.130268068272988,1.699436162205692,-1.038791592536882,-0.8875739644970349,0.5754189944134078,140,2.219816943578539,0.8699772987040388,4.612181323780703,2.9928662693265995,-1.9128066280401197,-1.7119247013132557,0.5714285714285714,130,2.7019784616843077,1.452803938356162,5.598651251041548,4.291531486692223,-2.435396954648227,-2.060940735627659,0.6461538461538462,93,4.398233171782409,3.0045652404713907,7.7983782749341675,6.691416953946794,-2.449994104327084,-2.1885702054794565,0.8172043010752689,0.8833333333333333,2.8518518518518516,3.1,6.419354838709677,8,-0.16918663554183275,1.0464415969862417,7,1.0394654671125525,3.4994174910369225,7,1.4024156461993869,4.402223448931323,6,3.573521402130522,5.747719452633644,BEYOND_TRIGGER,,,
V4_BAND_X_EXTENSION_X_TRIGGER,6_TO_7,MODERATE,3,5,5,0.8510259991021908,1.038911975821688,1.7573218847646643,2.0211560256894634,-0.613260976847807,-0.300751879699257,0.8,4,0.7521225944025905,0.3819345440641664,4.180987242887752,3.2397940346476917,-0.9938566510913238,-0.9153071203489627,0.75,3,1.2533842143477265,1.2406015037593976,3.219820941322041,2.0428121264804977,-1.236506508125279,-1.5647071607084673,0.6666666666666666,0,,,,,,,,,,3.3333333333333335,,3,-0.12988648424991922,1.3101679113249962,2,0.1879699248120259,0.9401734842661121,1,,,0,,,EXTENDED_BEYOND_TRIGGER,,,
V4_BAND_X_EXTENSION_X_TRIGGER,6_TO_7,MODERATE,8,61,40,0.26319200132355514,0.4612244578954705,2.042393335338899,1.7999447251940364,-1.4611945895484308,-1.1502470045016533,0.65,19,0.4916760186819292,-0.5859141456415085,2.748837741944725,2.077356810762687,-2.57018710325527,-1.740834350949927,0.42105263157894735,18,1.2763427673442056,-1.5094148421159193,4.170451940292846,2.2260015785160125,-3.377703740553378,-2.971941311148135,0.4444444444444444,9,7.111660857088779,8.79926672777267,9.060583114912461,9.165902841429885,-3.9931701807162057,-2.972811472960857,1.0,0.3333333333333333,7.0,2.7777777777777777,7.888888888888889,7,-1.4159283666413873,0.9615394892939229,6,-1.6896288490005216,2.6705959968062043,6,-1.9301402250542807,6.091888884812299,4,2.4392962477258475,8.425762119754323,FRESHLY_TRIGGERED,,,
V4_BAND_X_EXTENSION_X_TRIGGER,6_TO_7,MODERATE,8,57,52,0.7066765583198579,0.5662020905923271,1.9744865932955302,1.4260312614539528,-1.1078477815598535,-0.7128895021271786,0.6538461538461539,50,2.1369400528280975,1.6228362183755118,3.829215434039047,3.106826082170178,-1.6198247224098485,-0.878328269228007,0.8,39,3.6688284637617383,3.840012166375195,5.903482775328121,5.073962144106892,-1.3119178196587429,-0.6533101045296252,0.7435897435897436,26,3.6346968198581777,2.918118466898956,7.001069413554215,5.272212379727215,-1.1400300451757235,-1.393728222996515,0.8846153846153846,0.7647058823529411,3.9375,3.769230769230769,6.230769230769231,7,-0.029695446816066864,1.2420770943010275,6,0.4847253443358337,3.0227317551109483,5,1.4714446753846695,6.032925473064105,4,1.909882966769801,5.772584455159631,INVALIDATED,,,
V4_BAND_X_EXTENSION_X_TRIGGER,6_TO_7,MODERATE,5,23,20,0.39165243336377886,0.5315597839585018,1.5070916963717695,1.2189933358539573,-0.8872765948447133,-0.7518053993160967,0.75,11,1.2650726913940153,0.932684509326842,3.41957999797944,3.3057851239669533,-1.2341654652192855,-1.3347861618087764,0.6363636363636364,11,0.9317301259186537,-0.3620621802439938,3.4919990208957072,3.345498783454981,-1.8992264853489844,-1.4193025141930329,0.45454545454545453,1,-4.469216608713444,-4.469216608713444,2.1579055021476723,2.1579055021476723,-5.614645121701778,-5.614645121701778,0.0,0.0,,2.3636363636363638,1.0,4,-0.09761685250220646,0.877330954113712,3,-0.6006637393424108,4.386385426653883,3,-0.8457887092670148,5.345158197507206,1,,,NEAR,,,
V4_BAND_X_EXTENSION_X_TRIGGER,6_TO_7,MODERATE,8,50,32,-0.7079392579832127,0.1388722011344212,1.7791986656516103,0.9193441379963918,-1.710805897123636,-0.7792204171973016,0.53125,24,-0.8203771927936644,-0.9977290276842521,2.9314145817742236,1.555788287040727,-3.5725790199042424,-2.608468984119966,0.4583333333333333,23,-0.7116627686321617,1.5200478755236446,3.969216554219947,3.447354355959376,-3.7993135107582705,-2.926242650988775,0.5652173913043478,14,-0.05609782894282007,-0.768462015764515,5.132501852270472,3.9859771861998965,-3.8424762657710927,-2.9233247964698506,0.5,0.4444444444444444,3.7142857142857144,2.6956521739130435,5.928571428571429,6,-2.666310573635389,0.3410606479033286,5,-3.7175168148171442,0.7149417107286214,5,-3.4663815801173006,1.5978180599892409,4,-1.8194515291218494,1.9011905510363174,NOT_APPLICABLE,,,
V4_BAND_X_EXTENSION_X_TRIGGER,6_TO_7,MODERATE,3,6,3,0.5149370218093882,0.4278413817691895,1.51325996527741,1.5166340508806275,-1.1677718806210564,-1.1741682974559795,1.0,2,-0.05912103822470205,-0.05912103822470205,1.860501056928221,1.860501056928221,-1.8583245608071175,-1.8583245608071175,0.5,2,-1.641730248908213,-1.641730248908213,1.860501056928221,1.860501056928221,-2.273482958946282,-2.273482958946282,0.0,0,,,,,,,,,,2.5,,2,0.0161869047940133,0.7643120803170755,1,,,1,,,0,,,TOO_FAR_BELOW,,,
V4_BAND_X_EXTENSION_X_TRIGGER,7_TO_8,EXTENDED,8,47,39,-0.24242205344224546,-0.1350160200355388,1.2781651285039648,1.239619689493332,-1.3220712271336639,-1.2157578919906098,0.4358974358974359,32,-0.195961984862143,0.3879167523755167,1.4459774306477278,1.187542012099474,-2.361424804612226,-1.8992955909209568,0.59375,28,-0.4035757829887219,-0.5887198073379618,1.6757181623628414,1.2667660208643738,-2.9445426735311906,-2.4106444038612063,0.32142857142857145,12,0.4084651458258129,0.1878424210800755,2.776156818684472,1.5528396836808067,-5.487638694230643,-5.152224824355978,0.6666666666666666,0.08333333333333333,9.0,2.75,7.75,6,-0.9590229773529981,1.2118200691802556,5,-1.6456903979327386,0.4618945619605375,5,-0.5681010686468307,0.5065094275195682,3,-1.9118300475476637,3.8430832317771384,APPROACHING,,,
V4_BAND_X_EXTENSION_X_TRIGGER,7_TO_8,EXTENDED,4,11,11,-0.8219485657008938,-1.5670706226493911,0.11107173226900503,-0.3813593703513418,-1.9001236766394953,-2.0685332218972063,0.2727272727272727,8,-2.2377656274985016,-2.5775565953533697,0.5319967024364423,0.2925198495612235,-3.2510019380322315,-2.793930706191017,0.0,8,-3.125444385571081,-2.8750709977551137,1.422061653122035,0.2925198495612235,-4.167116020524449,-4.554951943167573,0.0,5,0.5976325585177911,1.5252820727120753,3.4694297707580857,1.901379022147931,-5.671138487174067,-6.3727538654408615,0.6,0.0,5.0,2.75,8.0,4,-1.6626972393961421,1.3339883852059902,2,-2.64690617063949,-1.0103439980755358,2,-3.349361658509814,-2.453692566754884,2,-0.7938417127736352,1.5252820727120753,AT_TRIGGER,,,
V4_BAND_X_EXTENSION_X_TRIGGER,7_TO_8,EXTENDED,9,212,186,0.8138434665753411,0.6215040397762772,2.268180027765555,1.6697818027860634,-1.1985359528654216,-1.177702170425604,0.6290322580645161,167,0.9515122716561513,0.8091484533619964,3.4387010383023187,2.869715542982876,-2.2008969803447958,-2.001326846528084,0.6107784431137725,164,1.2934554398526497,0.6044523072386898,4.381801330780357,3.5009292411269266,-2.4479996449797823,-2.235123037692027,0.6036585365853658,113,2.3059619820483466,0.694444444444442,6.1828794448050175,4.317991631799156,-3.1667359939321083,-3.261634040557959,0.5309734513274337,0.46835443037974683,3.268292682926829,2.8597560975609757,5.734513274336283,8,0.2770810618751643,1.3320011074318905,7,0.15326290714582563,1.840665476404833,7,0.5111327113098798,2.359763975579692,6,1.337720582804936,3.5443275300330006,BEYOND_TRIGGER,,,
V4_BAND_X_EXTENSION_X_TRIGGER,7_TO_8,EXTENDED,9,392,364,-0.09768790291989533,-0.2438719467827699,1.4766593334363827,1.173579833741334,-1.5356237603993597,-1.3271139029933265,0.4175824175824176,349,0.030660197488476808,0.0993432308626252,2.8701099490311424,2.188475873879314,-2.6743034221982724,-2.0758417783589445,0.5214899713467048,340,0.28343709205589135,0.13650153313402574,3.5610146811249908,2.8294787538253097,-3.131243233186919,-2.5855834838327594,0.5352941176470588,217,1.372730344235345,0.8965738072366447,5.605580624047426,4.447151995126419,-3.766071808358818,-3.321916201379438,0.5898617511520737,0.5614035087719298,4.766233766233766,2.9941176470588236,5.774193548387097,8,-0.7656882210990289,0.5226514205854788,7,-0.5399280149132589,0.4936936475318566,7,-0.41138097297760967,0.8988288129102128,6,0.4139393333354846,3.148523103584427,EXTENDED_BEYOND_TRIGGER,,,
V4_BAND_X_EXTENSION_X_TRIGGER,7_TO_8,EXTENDED,9,58,54,0.35152953746119514,-0.06654286391998279,1.9773506536122538,1.008385935677436,-1.2351847521745436,-1.001852979180157,0.5,47,0.7750202208388716,0.465021703959767,3.082628344987863,2.093290001911674,-2.3017200792298538,-1.98491950275117,0.6170212765957447,45,1.6698885751879216,1.5656909462218982,4.160000256471494,2.60944370101317,-2.3869792697060372,-1.98491950275117,0.7111111111111111,37,4.050597076101525,3.135155801949918,6.540530600734226,4.9163226154376405,-2.9754647240027516,-2.4943957611575307,0.7027027027027027,0.4375,4.8,3.2222222222222223,6.972972972972973,8,-1.0545807961422176,1.2468023084536766,7,-2.076253300183988,2.674314760574138,7,-1.8760436432790124,3.7633790577591313,6,0.6468525436205673,7.070968555643936,FRESHLY_TRIGGERED,,,
V4_BAND_X_EXTENSION_X_TRIGGER,7_TO_8,EXTENDED,2,8,8,-0.3847445265657806,-0.46660890687520434,0.927261872661983,1.0594393404784297,-0.7031596772396453,-0.7275136673761395,0.25,8,0.559554416541949,-0.858000460660352,2.285234289792398,1.0641411729941375,-1.8115272817896462,-1.9766695862761865,0.25,6,2.173266578239256,-1.6362960208255894,3.9093610525407905,1.2554718963403877,-1.9687600535612984,-2.055682017159865,0.3333333333333333,4,3.567733947041818,3.567733947041818,5.848137292949195,5.848137292949195,-1.9252990717620153,-1.9252990717620153,0.5,1.0,3.0,2.3333333333333335,7.0,2,-0.5749208546866891,-0.19456819844487216,2,-1.7548145687675265,2.873923401851425,2,-1.663884308784358,9.847568352286483,2,-1.599107474897732,8.734575368981368,INVALIDATED,,,
V4_BAND_X_EXTENSION_X_TRIGGER,7_TO_8,EXTENDED,8,98,84,0.5326479453708448,0.45193270667610586,1.7989240393993506,1.593811165998682,-0.9572902035051347,-1.0077601787964405,0.6547619047619048,78,0.3778635522168997,0.3160016513819919,2.434334236259001,2.25141629224459,-2.0509407654794436,-1.7639202321189984,0.6025641025641025,77,0.9273827597654207,1.0735432460848848,3.3594907762549813,2.877953455320648,-2.501544709261355,-1.9437390115256803,0.6233766233766234,46,1.4710958731495503,1.3998742394378039,5.178451385088197,4.004404443524745,-2.8334887518079075,-2.5737448720453138,0.5652173913043478,0.5,5.071428571428571,2.987012987012987,6.173913043478261,7,-0.1411000477086775,1.1103780379669814,6,-0.3506697867937244,1.2783320309228399,6,-0.6178871040666506,2.589056427909876,5,-1.707378046761581,5.0311938187976795,NEAR,,,
V4_BAND_X_EXTENSION_X_TRIGGER,7_TO_8,EXTENDED,6,57,57,0.04390865719555341,-0.3148562432678692,1.450449269859444,1.1618664671778631,-1.0707893213652058,-1.1239123428939846,0.43859649122807015,57,0.3303010220053984,0.0165713812246171,2.285001755615205,2.1059782608695565,-1.6871783720744242,-1.489868891537549,0.543859649122807,54,1.017212615124992,1.0858868411722233,3.1825640362182916,2.684726607990162,-1.863230042014803,-1.5062944199872752,0.6481481481481481,33,-0.8217962700241079,-1.0108542547021315,4.017580246834517,3.728395956375219,-3.2325616531423487,-2.7046263345195776,0.3333333333333333,0.2,5.0,3.5925925925925926,5.7272727272727275,6,-0.41576150130796563,0.7987303267214609,6,-0.18170587554265677,1.0189714196860211,6,0.4917728435057417,1.5273975594939186,5,-1.9821828291731463,2.016942494624335,NOT_APPLICABLE,,,
V4_BAND_X_EXTENSION_X_TRIGGER,7_TO_8,EXTENDED,4,10,7,1.519743986502845,1.120783749966714,2.1422710826901645,1.770359129994925,-0.7720464853019248,-0.7292544229149045,0.8571428571428571,5,-0.2756280222836116,0.7773607006895222,1.7089896776555726,2.1803370337832417,-2.138341048110568,-1.522775071213689,0.6,5,-0.4129879610769671,0.5111412826451556,1.7089896776555726,2.1803370337832417,-2.547022311347729,-1.522775071213689,0.6,3,-1.3044751484173167,-1.3044751484173167,2.1803370337832417,2.1803370337832417,-5.090115273008012,-5.090115273008012,0.0,0.0,,1.6,2.0,3,0.056033485438461456,3.5818948423714247,2,-1.8551111067433124,0.7773607006895222,2,-1.7991818266601511,0.5111412826451556,1,,,TOO_FAR_BELOW,,,
V4_BAND_X_EXTENSION_X_TRIGGER,7_TO_8,EXTREME,5,14,12,-0.3717675410914935,-0.5990987517714874,0.5876626030186136,0.391049315663694,-1.972452765469486,-2.069337523737053,0.4166666666666667,12,-1.3531696341793096,-3.186816645888335,1.1587491441779534,0.391049315663694,-3.1754130100310327,-3.603252036521143,0.4166666666666667,8,-0.04777301777196952,-0.3616191059450824,2.1296690294428515,2.6381271949781016,-2.938218860294278,-1.93252121399346,0.5,0,,,,,,,,,,2.5,,3,-0.6637999387984224,0.9754063951423864,3,-2.6917098445595866,0.9084247215154448,2,-0.3616191059450824,0.8937652467473691,0,,,APPROACHING,,,
V4_BAND_X_EXTENSION_X_TRIGGER,7_TO_8,EXTREME,2,4,1,0.0,0.0,0.0751314800901514,0.0751314800901514,-0.1502629601803251,-0.1502629601803251,0.0,0,,,,,,,,0,,,,,,,,0,,,,,,,,,,,,1,,,0,,,0,,,0,,,AT_TRIGGER,,,
V4_BAND_X_EXTENSION_X_TRIGGER,7_TO_8,EXTREME,1,1,0,,,,,,,,0,,,,,,,,0,,,,,,,,0,,,,,,,,,,,,0,,,0,,,0,,,0,,,BEYOND_TRIGGER,,,
V4_BAND_X_EXTENSION_X_TRIGGER,7_TO_8,EXTREME,9,56,47,0.3290010344582667,0.2046245140167713,1.4585120603450366,1.0824944437181294,-1.3356442279652132,-1.3083048919226514,0.5106382978723404,43,0.7398007136276912,0.5879758929884016,2.8603739854004724,2.1093635160958524,-1.9774623649285117,-2.1167132147581924,0.5348837209302325,43,1.2339205299110063,1.8201674554058969,3.768473312661595,3.1162722328384573,-2.3424359918008473,-2.3364274394385265,0.6046511627906976,38,0.6151741477849095,0.03162982837513485,4.9566653197769694,3.438448418782558,-3.4419446714279345,-3.228862973760916,0.5,0.4090909090909091,3.4285714285714284,3.2325581395348837,5.184210526315789,7,0.05495996118177016,0.6953495687814469,6,-0.00042095574388625184,1.4354299336075282,6,0.0635726171604958,2.0200366702901262,5,-0.9545894431386918,3.2126463169557096,EXTENDED_BEYOND_TRIGGER,,,
V4_BAND_X_EXTENSION_X_TRIGGER,7_TO_8,EXTREME,2,2,0,,,,,,,,0,,,,,,,,0,,,,,,,,0,,,,,,,,,,,,0,,,0,,,0,,,0,,,FRESHLY_TRIGGERED,,,
V4_BAND_X_EXTENSION_X_TRIGGER,7_TO_8,EXTREME,5,7,6,1.1721720070606085,1.0667091227511527,1.6072502576187864,1.3271368855058197,-0.7477139417872479,-1.1987563167608573,1.0,5,-0.4947806863940848,-0.4139468237541854,2.797472408312358,2.849864671230673,-2.7798179552641367,-2.3563126890622565,0.2,5,2.5265865443870217,3.056838083107793,5.150660078126448,6.670912275115426,-2.7798179552641367,-2.3563126890622565,1.0,4,-0.13422470877515735,1.7513134851138368,5.764370332892039,6.670912275115426,-3.8131197352210684,-2.802101576182148,0.75,1.0,5.0,4.8,5.0,4,1.0047306321778307,1.4353932163927885,3,-3.5906804342070386,1.5684366487819255,3,0.7353864366043128,3.056838083107793,2,-5.79083929044214,1.7513134851138368,NEAR,,,
V4_BAND_X_EXTENSION_X_TRIGGER,7_TO_8,EXTREME,1,1,1,2.139183291770585,2.139183291770585,2.5327306733167188,2.5327306733167188,-0.3662718204488824,-0.3662718204488824,1.0,1,1.0949189526184622,1.0949189526184622,2.9691396508728207,2.9691396508728207,-0.3662718204488824,-0.3662718204488824,1.0,1,4.056265586034913,4.056265586034913,5.427836658354113,5.427836658354113,-0.3662718204488824,-0.3662718204488824,1.0,0,,,,,,,,,,5.0,,1,,,1,,,1,,,0,,,NOT_APPLICABLE,,,
V4_BAND_X_EXTENSION_X_TRIGGER,7_TO_8,EXTREME,2,2,1,1.2066365007541435,1.2066365007541435,1.3951734539969785,1.3951734539969785,-1.527149321266974,-1.527149321266974,1.0,0,,,,,,,,0,,,,,,,,0,,,,,,,,,,,,1,,,0,,,0,,,0,,,TOO_FAR_BELOW,,,
V4_BAND_X_EXTENSION_X_TRIGGER,7_TO_8,HEALTHY,8,92,82,0.38441555936730754,0.35556941573147144,1.7060528411760125,1.5838990868551894,-1.37680865013188,-1.0997250687328153,0.6463414634146342,73,1.5172362279364184,1.9150613946153028,3.094165196393427,2.7796890050915124,-1.6683510834430724,-1.2483281319661257,0.7534246575342466,67,2.4602108352940686,1.8671645772205807,5.417396345586484,4.677081348828338,-1.8277291478714357,-1.2483281319661257,0.835820895522388,51,3.2905770446114677,2.000381024957121,7.946803213667522,7.244534824605986,-2.0153901300185577,-1.2483281319661257,0.9019607843137255,0.8333333333333334,3.676470588235294,3.4776119402985075,5.666666666666667,7,0.1004681898989545,0.77693304797965,6,1.2154386670924107,2.1267432520014258,6,2.1048736852019676,3.1595549454351444,5,2.6858484089074928,5.352580813381586,APPROACHING,,,
V4_BAND_X_EXTENSION_X_TRIGGER,7_TO_8,HEALTHY,5,29,23,1.303192185114662,1.0986386434201023,2.4947891363915393,1.9294377067254675,-0.27313511805851437,0.3618667332168757,0.8260869565217391,20,0.4530169777289254,1.8306786404693964,4.163340623313005,4.046041510074694,-2.006272409854895,-1.0031048483400862,0.55,19,-2.644569458314416,-0.5812653699977632,4.171152387529325,4.112650871703161,-3.8395779096451186,-2.528752763494546,0.3157894736842105,16,2.0978882928061617,2.5954579485899743,4.4682798491693205,4.202056325435843,-4.938388996371768,-6.825555278263041,0.875,0.75,2.3333333333333335,2.3684210526315788,3.9375,3,0.3242482559205035,1.5167310646458685,2,-1.044932263094539,0.8275042879347916,2,-5.460343618189234,-2.1166118033378867,2,-0.028787639596461467,2.5886596618221516,AT_TRIGGER,,,
V4_BAND_X_EXTENSION_X_TRIGGER,7_TO_8,HEALTHY,8,49,45,-0.27496224260887897,-0.1950419764253586,1.4364534371774753,1.5292421629872657,-1.5842358932713747,-1.2129218205836343,0.4222222222222222,38,1.0180740397723336,0.7410965484114573,3.7210955820740694,1.8648297657938406,-2.3090076614538018,-2.289711581856513,0.5526315789473685,35,1.2847756284093075,0.5328596802841812,4.280039651971973,2.6389889332722127,-2.8731483131077247,-2.428035043804766,0.5714285714285714,19,5.445066360152772,4.986540187155497,9.512701618831601,12.561909049977494,-2.3010601344378316,-1.9585772174696148,0.8421052631578947,0.8666666666666667,4.4,2.942857142857143,6.631578947368421,7,-0.807534579679159,0.46973802398795356,6,-1.9234645882246637,3.986087083156657,6,-0.8046982658069968,3.6832500594136306,5,2.6573828078723283,8.803782826707971,BEYOND_TRIGGER,,,
V4_BAND_X_EXTENSION_X_TRIGGER,7_TO_8,HEALTHY,9,244,191,0.7268322014201344,0.2809595850443047,2.1247772070974422,1.549663928304712,-1.0059239059515581,-0.7791458253174177,0.6178010471204188,162,2.2864564103828573,1.285288042230892,4.9010764643822045,2.8089614026543197,-1.7032189582910524,-1.5391143342076918,0.7098765432098766,146,2.7593793057729994,1.907471327668886,5.7867734501455,3.9350791165964956,-1.9125142309749326,-1.696523905564129,0.7465753424657534,111,5.795154359935929,4.243172349946001,8.831972455377304,8.65736505032022,-2.000596087828002,-1.8058071244305365,0.8828828828828829,0.9,3.676470588235294,3.458904109589041,6.7207207207207205,8,-0.25880610394470455,1.2822880685467906,7,1.1705143560782387,3.0160131353399575,7,1.9410001215609285,3.4020249132455005,6,5.545889396883735,6.201770637902212,FRESHLY_TRIGGERED,,,
V4_BAND_X_EXTENSION_X_TRIGGER,7_TO_8,HEALTHY,9,69,57,-0.032432143880616916,-0.0155908949173722,1.1704085234372168,1.2242268041237292,-1.0192143258328514,-0.8347725964306218,0.47368421052631576,51,0.5178911221787411,0.0372960372960307,2.341559329533306,1.942183385204688,-1.6311487164680747,-1.445542641898201,0.5294117647058824,47,0.9667610762358654,0.2665087355641082,3.0790748657806124,2.11655011655012,-2.2821191973872614,-1.580423145551868,0.574468085106383,39,2.3820220220242847,2.4920127795527103,4.788020651313248,3.449928126497359,-2.2710518136199687,-1.9813144329896888,0.7948717948717948,0.7333333333333333,4.454545454545454,3.2127659574468086,7.435897435897436,8,-0.4144803872759364,0.15523190398403286,7,-0.493345374160436,1.176452948492364,7,-0.330982757762046,2.05964470218244,6,1.8064045988913056,3.3724858373406565,INVALIDATED,,,
V4_BAND_X_EXTENSION_X_TRIGGER,7_TO_8,HEALTHY,7,20,17,-0.2450967288984542,-0.8191230207064581,0.8531182453577183,-0.0392003136025165,-1.7124196428855532,-2.2879177377892024,0.47058823529411764,15,0.4006929118439592,-0.7419354838709702,2.6944692510321153,0.6021505376344161,-2.4329286383379287,-2.566991473812408,0.3333333333333333,11,1.6861683744006357,-0.0752688172042992,4.768442822046191,2.5593667546174093,-2.234713094989367,-2.2879177377892024,0.45454545454545453,6,6.0968115315962095,5.3158656604588295,10.093281702764978,10.738411255892768,-2.413538795819949,-2.2023673361623417,1.0,0.6666666666666666,5.0,4.0,6.166666666666667,6,-1.159684369660923,0.8796575785391492,5,-2.1305741618434997,3.889053039077889,4,-1.0925522769759084,4.824740907839983,3,2.195217561740481,7.177587516411438,NEAR,,,
V4_BAND_X_EXTENSION_X_TRIGGER,7_TO_8,HEALTHY,6,31,31,1.0319873613053185,0.8812615955473113,2.5030313398501,1.5681233933162009,-0.552453893761271,-0.7299270072992581,0.7096774193548387,30,2.026487316171602,0.3470437017994765,4.448925985691777,3.177740611220936,-1.2001887638339765,-1.3206160104425102,0.6333333333333333,27,2.3414811103677136,0.2849191624701763,5.493648268125977,3.85634773389878,-1.5902952498562373,-1.5866719555731712,0.7037037037037037,13,1.7296250889621843,0.5977927651747317,8.535606034246513,11.434702636419392,-2.136301054377214,-2.0502690552414604,0.6153846153846154,0.6,3.3,2.740740740740741,4.0,6,-0.7589712501336802,2.6633353479506345,5,-0.44583013931158977,4.417175508013415,5,0.9175366956694071,3.138069290249656,2,1.2833387884551608,2.733769265102987,NOT_APPLICABLE,,,
V4_BAND_X_EXTENSION_X_TRIGGER,7_TO_8,HEALTHY,8,42,28,0.25611597090077803,0.3392176363684163,1.4973183858475458,1.5068493701493768,-0.9853469214440089,-1.0474126832666797,0.7142857142857143,13,1.5955596855767724,0.1339285714285765,3.2356674162181824,1.5848214285714368,-1.5503917421544566,-1.72663560549704,0.8461538461538461,13,1.573003893275481,1.3782866836302032,4.379785072781558,3.995560488346284,-2.516674092563819,-2.300109529025185,0.5384615384615384,12,3.728208297989705,3.576503947799059,6.216514221869239,6.2042939132984305,-2.8678881308481032,-2.3718951616107207,0.75,1.0,7.0,3.5384615384615383,7.583333333333333,6,-0.5447977228464034,1.0617205952473645,5,0.4693272690429612,3.0318903742382965,5,-1.8060358252708921,4.462134988087901,4,-0.25175969417109423,6.3287975790672615,TOO_FAR_BELOW,,,
V4_BAND_X_EXTENSION_X_TRIGGER,7_TO_8,MODERATE,8,101,80,0.1545218779699874,0.13954814648710065,1.4408230583813342,1.2857030345164167,-0.8987050738639273,-0.6887687846032109,0.5375,59,0.9020703912672053,0.2076192987081393,3.447119975094241,2.5024194663348487,-1.9316227646984745,-1.462724127083992,0.5084745762711864,55,0.9401119717224473,-0.3003003003003046,4.000900013453213,2.7027027027026973,-2.383598690186526,-1.8402013211701875,0.43636363636363634,40,1.3496833667727723,0.9243493067380372,4.860445669324977,2.7027027027026973,-3.284410291050139,-2.528947103659202,0.675,0.45454545454545453,2.4,2.5636363636363635,4.275,7,-0.30563368859586276,0.5048520352406959,6,-0.3386276779951588,3.0548433365366385,6,-0.3046347036979079,2.7177408885802565,5,0.10959065144547817,3.460876670054068,APPROACHING,,,
V4_BAND_X_EXTENSION_X_TRIGGER,7_TO_8,MODERATE,4,16,16,-0.6692653023867721,0.09564259178728719,0.33808884795182503,1.0569583088667178,-1.9896126133050809,-0.7257372472531165,0.5,11,-0.9824514716325797,-0.0950703240779504,0.2838101225773517,1.0569583088667178,-2.994204995180992,-2.117647058823535,0.36363636363636365,11,-1.6358884248924845,-1.3333333333333308,1.264825904154102,1.5211251852473184,-3.7801711865331886,-2.807843137254895,0.18181818181818182,9,-0.11681422368792473,-0.7240308545332419,3.511807488797563,4.318222540763306,-4.911583653868834,-4.470588235294115,0.3333333333333333,0.3333333333333333,8.0,3.0,5.111111111111111,4,-1.6482018985304563,0.3514156873278812,3,-3.335193971532236,0.2574491183321536,3,-2.846776444320387,-0.720420474228034,3,-1.9614338205781456,2.7372016580733773,AT_TRIGGER,,,
V4_BAND_X_EXTENSION_X_TRIGGER,7_TO_8,MODERATE,9,760,664,0.2577927553260223,0.08376349323220285,1.8319560050650567,1.3816157696222464,-1.2832600263443656,-1.1228752223003458,0.5150602409638554,586,0.9971745735982862,0.3167526982637447,3.576960353780094,2.451125066754334,-2.234477460384977,-1.8746041798606727,0.5494880546075085,530,1.4277508439198785,0.4581669920641795,4.768758594969753,3.312455443527851,-2.5987943030503042,-2.2700054436581296,0.5641509433962264,327,3.3833551502729784,2.697532045150175,7.175534719157717,5.648535564853563,-2.853942196847756,-2.5222900046926178,0.7492354740061162,0.7206703910614525,4.0212765957446805,3.1490566037735848,5.807339449541284,8,-0.19404252031197888,0.8484129014191529,7,0.23239743472875818,1.8959658970689026,7,0.7363905686522951,2.0274790211556106,6,2.700126050604958,4.0120165087814215,BEYOND_TRIGGER,,,
V4_BAND_X_EXTENSION_X_TRIGGER,7_TO_8,MODERATE,8,35,30,0.39801451258005793,-0.0632326891738588,2.004229791716809,1.2560663787891224,-0.8225994918424779,-1.166290443942808,0.5,27,-1.224465580869142,-1.328482443084722,2.5431743738914863,1.192883137889189,-2.2563266122891266,-2.0696345801444416,0.2962962962962963,27,-0.995631674949093,-1.264552388598961,2.7242885461496344,1.4781672990881844,-3.000453160566584,-2.862887240188028,0.2222222222222222,19,2.080766831751534,0.4484304932735439,4.788790190121797,1.8186347782760184,-3.2020139286452687,-3.1789282470481406,0.5789473684210527,0.38461538461538464,4.571428571428571,2.3333333333333335,5.473684210526316,7,-0.07583824496618374,0.9102188451047019,6,-1.9804054181939796,-0.4948531155406277,6,-1.7014804620840283,-0.48255599551669126,5,-0.7590150894597002,3.2136178464461573,EXTENDED_BEYOND_TRIGGER,,,
V4_BAND_X_EXTENSION_X_TRIGGER,7_TO_8,MODERATE,9,212,184,0.5203308076055541,0.2166847237269786,1.9535934670126738,1.443695861405181,-1.0761646302885775,-0.8663533668577528,0.5869565217391305,130,1.0531782259398696,0.605944592263441,3.4240209871745746,2.025759659872461,-2.0499430469063378,-1.7183414269704822,0.5846153846153846,119,2.3939322967128085,0.9649749821300846,5.162150991399472,2.594771241830074,-2.4132603387865275,-2.0517928286852616,0.7478991596638656,80,5.192930159593191,4.001151410477832,8.3386451163922,5.846987594733055,-2.664152159974045,-2.2508440665249485,0.85,0.5777777777777777,4.303030303030303,3.5126050420168067,7.6125,8,0.10417972502446059,0.9767479358073441,7,0.3395890178415074,1.7953376661183034,7,1.5334871504217185,3.413839573496214,6,3.080467225955603,6.8089904206936955,FRESHLY_TRIGGERED,,,
V4_BAND_X_EXTENSION_X_TRIGGER,7_TO_8,MODERATE,9,155,144,0.1626792942970882,0.0390798472333031,1.5882878423071694,1.2196034418256565,-0.9570135525812609,-1.1273007114392555,0.5208333333333334,132,0.4516363962583217,0.107671812161969,3.188066624316139,2.0717431123730927,-1.9454144004983032,-1.7599057222906112,0.5075757575757576,124,0.9219756216941162,0.3814098036445834,3.8920285112910817,2.6995979322228525,-2.5135815380674753,-2.3623645704355822,0.6129032258064516,104,1.378117853136841,0.9107107503464772,4.677424739049368,3.719599427753928,-3.3186195497695534,-2.833566869064308,0.6346153846153846,0.49206349206349204,4.470588235294118,2.7580645161290325,5.875,8,-0.1489920533633153,0.6353230899302583,7,-0.10548745188426402,1.7904109598774716,7,0.17090019320734334,2.3694649859561365,6,0.9790805572344078,1.928426293736639,INVALIDATED,,,
V4_BAND_X_EXTENSION_X_TRIGGER,7_TO_8,MODERATE,8,133,111,0.35043160496322856,0.0824931255728689,1.6321074731655993,1.3880987598134054,-0.8250865512684085,-0.9347069659548346,0.5045045045045045,94,1.208909304000354,1.0682143506014263,3.206638729035853,2.130462562461344,-1.559491415275606,-1.6607594600493658,0.648936170212766,93,1.7712481026271123,1.0439613063882858,4.019091646419439,3.181066293421564,-1.9448247371657699,-1.7239727995402745,0.6774193548387096,54,2.7275281484198595,3.443760638994364,6.1453448252474026,5.222053700835449,-2.4995795258845073,-1.7801441804825955,0.6851851851851852,0.6551724137931034,4.368421052631579,3.3548387096774195,6.851851851851852,7,-0.06856014664501536,0.769759423623739,6,0.7982389278604921,1.6719215019358236,6,0.8585334501923503,2.992033086153768,5,1.3432815562957103,3.6565563248745465,NEAR,,,
V4_BAND_X_EXTENSION_X_TRIGGER,7_TO_8,MODERATE,9,119,113,-0.14921853084859557,0.0,1.5957993651787923,1.0330578512396604,-1.4773386272727593,-1.1335012594458571,0.49557522123893805,101,0.8131292779180812,-0.4352030947775587,3.832599939248418,2.211016291698975,-2.364835348582876,-1.5941743751230142,0.42574257425742573,88,1.0346570170310314,0.30047098070236083,4.468219882281894,2.721970187945555,-2.7673310261873265,-2.2133548169565254,0.5909090909090909,62,1.5984067687421537,-0.31697294258387626,5.827673303398661,3.764085351234714,-3.291980460637813,-2.3412840020842705,0.46774193548387094,0.375,3.0,2.7613636363636362,5.241935483870968,8,-0.8784072180475941,0.8053298373284541,7,-1.5882161920997118,4.540956538549056,7,-1.2418592921697162,3.959148025059625,6,-1.111881849882929,4.202149285204699,NOT_APPLICABLE,,,
V4_BAND_X_EXTENSION_X_TRIGGER,7_TO_8,MODERATE,8,46,35,0.17163024306729555,0.2473558512453122,1.36927107527922,1.2693473098026375,-1.1052681651835612,-1.1576936045858188,0.6571428571428571,28,0.9372250857402378,0.0,3.060064891067505,2.373649819976009,-1.454030499230312,-1.4002333722286986,0.4642857142857143,26,1.0135955215421215,-0.6485991550071735,4.431115118980229,3.149339654588545,-2.511908281896725,-2.0106854753734638,0.46153846153846156,14,3.148658694751981,2.2875626583103825,5.739159913185445,4.367373069950132,-2.9904779986432857,-2.895360650186252,0.6428571428571429,0.6363636363636364,6.857142857142857,3.076923076923077,4.428571428571429,7,-0.11512648965197664,0.5084239027507877,6,0.6119263116246393,1.6921207435600778,6,-0.4363395101573078,3.515419818749979,5,2.124185116823354,3.555613252207207,TOO_FAR_BELOW,,,
V4_BAND_X_EXTENSION_X_TRIGGER,GE_8,EXTENDED,6,20,18,-0.44616896785234506,-0.0604707414643246,0.9964265181503913,0.6800065295110347,-1.763460592533347,-1.1154855643044637,0.3888888888888889,16,0.0887831193243186,0.6299432358842338,2.022523275928764,1.1181364243368574,-2.433210099793247,-1.513756776107178,0.6875,16,1.6182323792059918,2.2094444800696227,2.5699556826560097,2.247375328083989,-2.433210099793247,-1.513756776107178,0.5625,7,4.372765813935067,4.222936763129681,7.4412848296930845,9.280583741876637,-4.281149664891098,-3.483386923901388,1.0,0.0,3.0,4.25,8.285714285714286,5,-1.6929718790812889,1.8017616313791982,4,-2.700432763231753,5.777404011428359,4,-0.7638270043682738,7.409482060452893,3,3.2783578917143448,4.9574270377467755,APPROACHING,,,
V4_BAND_X_EXTENSION_X_TRIGGER,GE_8,EXTENDED,7,38,32,-0.2719487662080904,-0.8534850640113945,1.7145070827411686,1.519403597047575,-1.2314480416970885,-1.62561773996332,0.375,31,-0.5394828308009925,-0.181760708076506,2.2907828062059403,1.9777777777777887,-2.5753745255422578,-2.8748127747982744,0.41935483870967744,31,0.2692340673421622,0.1106369527422268,3.5402996428652296,1.9777777777777887,-3.329627825118053,-3.4519196900317017,0.5483870967741935,22,2.684800206270152,1.1853959222380084,6.373306778462344,2.8585777421008323,-2.8608393530461758,-3.4519196900317017,0.5454545454545454,0.6363636363636364,3.2857142857142856,3.225806451612903,6.7727272727272725,6,-1.4189905946703676,0.6910316018216376,5,-2.759032411922265,1.5718991403142353,5,-3.6656696090751195,4.34255090567359,4,-2.4983625794945934,5.95707809528347,BEYOND_TRIGGER,,,
V4_BAND_X_EXTENSION_X_TRIGGER,GE_8,EXTENDED,8,115,108,-0.14901422017214563,-0.5843690471315055,1.9599107091683134,1.4397376070692913,-1.7159463064197444,-1.396504455106229,0.39814814814814814,104,0.013702946966800104,-0.8490566037735792,2.886841072790377,1.7191977077363862,-2.757009243176853,-2.35471144534507,0.41346153846153844,102,0.4092217815044095,0.0767872226061783,3.51818787704783,2.125320630267513,-3.2081025215902605,-2.8179622612787893,0.5098039215686274,69,0.09506837219208696,-0.3348588012054843,4.9364821386097955,4.1445035460992985,-3.964274809240085,-2.96173890936825,0.42028985507246375,0.3939393939393939,3.6923076923076925,2.911764705882353,4.942028985507246,7,-1.13634686527609,0.5076466789571109,6,-2.5975684676048902,1.769870036026721,6,-2.1191722783727793,2.1864335447277132,5,-1.3549161281296873,1.3537556608505743,EXTENDED_BEYOND_TRIGGER,,,
V4_BAND_X_EXTENSION_X_TRIGGER,GE_8,EXTENDED,6,18,14,-0.4160383043384119,-0.5481642208644999,1.5707467504593033,1.5488740660237421,-1.3727892009231197,-1.0756219722473093,0.21428571428571427,12,0.046318765989111665,-0.8805164692533896,2.558450869283772,1.5488740660237421,-2.1279449011785885,-2.518129389596302,0.3333333333333333,10,0.42990275100105657,0.16758854800633105,3.51461998527574,1.416337433588366,-2.796441624726095,-3.111913950242229,0.5,7,-0.22258738677519713,0.9193170787415106,2.9961242485337016,2.780791412093886,-2.6068276326050497,-2.518129389596302,0.5714285714285714,1.0,3.0,3.0,4.714285714285714,4,-1.163355007937718,2.4065434862224904,4,-1.6660239764201867,0.815489384671472,4,-1.5659804732540046,1.6236059323838148,2,-0.5490530736084076,0.21270019566908357,FRESHLY_TRIGGERED,,,
V4_BAND_X_EXTENSION_X_TRIGGER,GE_8,EXTENDED,2,7,7,-1.4250525662648286,-0.8925725215173763,1.4997797069071213,0.8288173414089828,-1.7825493143712037,-0.9882052916799556,0.0,7,-3.0199116713523395,-1.753267452980556,1.4997797069071213,0.8288173414089828,-4.495825034039572,-2.422696844118588,0.0,4,0.7707377889493383,0.7707377889493383,2.0851900911557864,2.0851900911557864,-2.201760088821647,-2.201760088821647,0.5,4,-2.2345683646737724,-2.2345683646737724,2.0880608496101627,2.0880608496101627,-2.9508834550951546,-2.9508834550951546,0.0,0.0,,3.0,3.5,2,-2.622899324642692,-0.5266674974814312,2,-5.559918328883306,-1.1149066782041142,1,,,1,,,INVALIDATED,,,
V4_BAND_X_EXTENSION_X_TRIGGER,GE_8,EXTENDED,6,19,17,0.8141934992729991,0.4132456092653891,2.186578045892785,1.0054582016661762,-0.7918265602663921,-0.8601739462869129,0.5294117647058824,15,0.054777194770649164,0.1916626736943039,2.4681230679915616,1.4734068040249015,-1.5780032229958865,-1.9306126349995176,0.6,15,-0.12309572996526856,-0.2156205079060891,2.5775855206320784,1.4734068040249015,-2.0212685077504475,-2.5035936751317767,0.4666666666666667,9,1.202588797856833,0.745484086781989,4.124036522163675,2.857688999330988,-1.9573904415135734,-2.870981602281164,0.7777777777777778,0.4,1.0,2.2666666666666666,4.111111111111111,5,0.29686822985626193,1.3654121455748145,4,-0.39941378118638715,0.42106432511677205,4,-1.8809334656747814,1.4974983411271783,2,0.745484086781989,1.4311411533942555,NEAR,,,
V4_BAND_X_EXTENSION_X_TRIGGER,GE_8,EXTREME,1,1,1,-1.2107010349541092,-1.2107010349541092,2.7533684827182103,2.7533684827182103,-1.4255028314782314,-1.4255028314782314,0.0,1,4.0031243897676205,4.0031243897676205,4.588947471197025,4.588947471197025,-3.71021284905292,-3.71021284905292,1.0,1,2.3042374536223376,2.3042374536223376,5.994922866627617,5.994922866627617,-3.71021284905292,-3.71021284905292,1.0,0,,,,,,,,,,4.0,,1,,,1,,,1,,,0,,,AT_TRIGGER,,,
V4_BAND_X_EXTENSION_X_TRIGGER,GE_8,EXTREME,2,2,1,2.144894466628622,2.144894466628622,2.179121505989734,2.179121505989734,-0.68454078722191,-0.68454078722191,1.0,1,4.369652025099824,4.369652025099824,4.52937820878494,4.52937820878494,-0.68454078722191,-0.68454078722191,1.0,1,1.266400456360528,1.266400456360528,4.951511694238442,4.951511694238442,-0.68454078722191,-0.68454078722191,1.0,0,,,,,,,,,,4.0,,1,,,1,,,1,,,0,,,EXTENDED_BEYOND_TRIGGER,,,
V4_BAND_X_EXTENSION_X_TRIGGER,GE_8,HEALTHY,7,74,62,-0.00893984754012884,0.2339758586157092,1.1829432250216123,1.0478404690751342,-1.1966536131813819,-0.8074425136036512,0.5645161290322581,54,1.0725807855503846,1.046646152948849,2.612067466475572,2.2285681686010195,-1.7384768671273247,-1.1303036858770543,0.6666666666666666,53,1.523548538653894,1.8906249999999905,3.5878467282815474,3.013623228292284,-2.028187292954638,-1.225729471743131,0.7547169811320755,24,3.568513001607219,5.138062633292173,6.262634418222922,6.631809869206883,-3.084360099497857,-3.22612775829757,0.6666666666666666,0.631578947368421,5.769230769230769,3.5849056603773586,6.0,7,-0.6864253002285857,0.702984775461824,6,0.05086107358108499,2.444502342822981,6,0.05638683886384824,3.1534992496809817,4,2.1171391951103775,7.489619642171243,APPROACHING,,,
V4_BAND_X_EXTENSION_X_TRIGGER,GE_8,HEALTHY,2,12,9,1.481041841374357,0.9163464380727238,2.349410639735066,1.537097250960695,0.08532511763160845,0.5616316878510386,0.6666666666666666,5,0.9760100540564576,0.4837136727130708,1.9129973344504498,1.1585722644821494,-1.2177315171873615,-2.3054417788180293,1.0,5,0.47541393332959814,1.127364930758712,2.566010792613116,2.246928028086592,-1.9035133676159721,-2.3054417788180293,0.6,5,1.5865303871091996,1.560366686171255,3.0434829985815166,3.0427150380339274,-2.009927792682482,-2.3054417788180293,1.0,0.0,,3.6,5.4,2,1.275149043219273,3.128184226615028,1,,,1,,,1,,,AT_TRIGGER,,,
V4_BAND_X_EXTENSION_X_TRIGGER,GE_8,HEALTHY,6,42,34,-0.1397377634034449,0.187468755207476,1.364194454653228,1.6669913151192262,-1.6180978794739442,-1.8333558391609106,0.6470588235294118,22,0.20033604369542504,-0.6053029804592547,2.42270068957217,1.6535559479852413,-2.627112102543498,-2.870225937834825,0.4090909090909091,22,-0.7884798543038628,-1.2928349021104235,3.3987495673731716,2.9344035791828205,-4.276471739922131,-3.2827899462659182,0.45454545454545453,12,-1.6262609300786899,-1.191300734173706,3.687712660013896,2.9344035791828205,-5.863174661273632,-4.276758798451686,0.3333333333333333,1.0,2.0,2.6363636363636362,4.25,6,-1.3625404130140712,0.8833465753333515,5,-1.9145293647276258,2.64453265580794,5,-2.3226230227606215,1.9716211061574167,4,-3.0999955139202218,-0.4510952262671255,BEYOND_TRIGGER,,,
V4_BAND_X_EXTENSION_X_TRIGGER,GE_8,HEALTHY,5,82,71,-0.03674344551856611,-0.2368104351876843,1.4770017049098352,0.862912552264028,-1.37612941474168,-0.992655959970934,0.43661971830985913,70,0.34277969725930674,-0.16131024406870195,2.6075790001172083,1.401529534008883,-2.238799929777236,-2.555448408871741,0.4714285714285714,61,0.20408564719728303,-0.0850701829008926,3.5974927776292476,2.202597402597406,-3.000808772085046,-2.785936057732652,0.47540983606557374,31,4.200483300106836,2.50248121366794,7.331814611807119,7.266210492016945,-3.4458618182615464,-2.5233644859813054,0.7741935483870968,0.7142857142857143,4.833333333333333,2.8360655737704916,7.451612903225806,5,-0.7032285318687361,1.2434766288549366,5,-0.4762048858700938,1.9104906736307397,5,-0.838075064462987,1.1075862112306605,5,2.5539509701410172,5.77345331434786,FRESHLY_TRIGGERED,,,
V4_BAND_X_EXTENSION_X_TRIGGER,GE_8,HEALTHY,6,41,36,0.34905309550182356,0.0895415472779381,2.2885490498601833,1.6361591238521433,-1.090450805036322,-0.9242096942356559,0.5277777777777778,34,1.2826850195616675,1.645207439198848,3.6132956255282167,2.4080560420315367,-1.8731471014381766,-1.304971943103228,0.5294117647058824,28,1.724254753728117,-1.0450406965711592,5.279500218415153,4.043608458492864,-2.757662613137494,-2.975336030275355,0.4642857142857143,19,4.284418208656085,4.351719197707737,7.07918717244374,5.014326647564471,-2.9035189977874634,-2.975336030275355,0.7894736842105263,0.6666666666666666,1.5,2.7142857142857144,5.578947368421052,6,-0.3544182701252873,1.4710761490086304,6,0.08745889635404148,2.367792697123274,6,-0.037243962329356034,3.3225348692326593,5,2.037785469791222,6.398373584332954,INVALIDATED,,,
V4_BAND_X_EXTENSION_X_TRIGGER,GE_8,HEALTHY,6,19,12,-1.0295891039461418,-0.344269858170565,0.9363729370356437,0.615373513001366,-1.7567611587419603,-1.419526384863129,0.4166666666666667,8,-2.170678247170996,-2.225396586722783,0.9942627161319566,0.1202917073904297,-3.7864912654673857,-4.1544118603005,0.25,3,-2.742773619227201,-2.894519209082025,0.6812963611068609,0.1202917073904297,-3.9925735986696207,-3.668897075407862,0.0,1,0.5101920861448894,0.5101920861448894,3.764136082571179,3.764136082571179,-4.639926645193137,-4.639926645193137,1.0,,,2.0,10.0,5,-2.429559076956764,0.620317930102289,3,-3.9917789016080154,-0.07507555088512856,2,-2.894519209082025,-2.439282439517554,1,,,NEAR,,,
V4_BAND_X_EXTENSION_X_TRIGGER,GE_8,HEALTHY,2,5,5,-0.6156371925449156,0.684655658477662,0.8667013701897641,0.845751107531223,-2.5862040990875483,-2.49697946033024,0.6,5,1.8535815162297944,1.7720499395892153,2.5975328668096727,2.053966975432941,-2.610368416445586,-2.537253322593636,1.0,5,-1.8910030341296438,-1.7317760773258195,3.322462387550717,3.2621828433346822,-3.46423423699943,-2.8997180829641533,0.0,5,4.867209418193074,0.36246476037054,7.152334101296063,3.503826016915035,-3.7058774105797725,-3.302456705598056,1.0,,,3.6,8.8,2,-2.566076469078782,0.684655658477662,2,1.7720499395892153,1.9758788811906625,2,-2.12984346933538,-1.7317760773258195,2,0.36246476037054,11.624326404926876,NOT_APPLICABLE,,,
V4_BAND_X_EXTENSION_X_TRIGGER,GE_8,HEALTHY,8,34,32,0.1647554064741718,0.3075740099961477,1.0701773511959782,0.8689046759950636,-0.9274751816629356,-0.9471191791633692,0.59375,29,1.6657735423293518,0.3162212979317402,3.728085354775849,2.138040677594444,-1.6680918220115983,-1.4830143128125584,0.6206896551724138,21,3.3952831755548125,2.7800149970838905,6.164682542073672,3.969080642508649,-1.6028151900881422,-1.361745769471823,0.8571428571428571,16,4.102408600743878,2.307884577998731,7.756459477822827,7.990113033576796,-1.7964009874011393,-1.5139350842986454,0.75,1.0,2.6666666666666665,3.9523809523809526,5.3125,7,-0.6560591718276572,1.0306656953442197,6,-0.33242206107363975,3.779458808108932,6,1.1338751746079205,5.095795559939257,5,2.3736389848076107,6.1457403608318755,TOO_FAR_BELOW,,,
V4_BAND_X_EXTENSION_X_TRIGGER,GE_8,MODERATE,8,146,135,0.21942978090406162,0.0967117988394772,1.438855598558312,1.0159069643095764,-1.1840209518217695,-0.9797181161911306,0.5481481481481482,112,0.13527583083175224,0.6204513528570321,2.572259248493658,2.3221497359428467,-2.143749373541188,-1.5327065242703553,0.5714285714285714,109,0.7642600454578666,1.9107736927407528,3.560871994605059,3.293667658308541,-2.5911654128145467,-1.632792875085631,0.6972477064220184,88,2.5190293365071232,2.0860602094240788,5.656609838137727,5.412054120541199,-2.978362919916469,-1.806893598801118,0.7727272727272727,0.6829268292682927,5.8,3.467889908256881,6.704545454545454,7,-0.1686357047568094,0.7166812094716193,6,-0.5211861680517017,0.6700108613005141,6,0.1758533526532977,1.368487450323616,5,1.2666753684059553,3.5659006046106847,APPROACHING,,,
V4_BAND_X_EXTENSION_X_TRIGGER,GE_8,MODERATE,4,17,15,-0.7770620898852906,-0.8602650546384538,1.008507808620897,0.6687697160883355,-1.2610695654668007,-1.3168724279835398,0.0,15,-1.495115524106822,-1.4801360677141329,1.2861484121874274,1.167209554831694,-2.9397242983503498,-2.836590662323568,0.13333333333333333,15,-0.9613617452808947,-0.9364820846905708,1.2895132912620848,1.167209554831694,-3.2379098255298877,-2.836590662323568,0.4,6,-0.44766265549997336,-0.2985884907709235,1.9233222319144778,2.2394136807817544,-3.4988679010293526,-2.836590662323568,0.3333333333333333,0.0,,1.8,6.666666666666667,3,-0.9244477787586357,-0.1164483260553073,3,-1.9035762436452996,-0.844972803709433,3,-1.979621542940313,-0.83564010164032,2,-0.9049324690543759,0.4668769716088317,AT_TRIGGER,,,
V4_BAND_X_EXTENSION_X_TRIGGER,GE_8,MODERATE,9,372,346,-0.19601207577412683,-0.327079128278146,1.4538895051818965,1.0638510826914804,-1.3995819515784997,-1.1842944338161576,0.37283236994219654,318,-0.23597319765024463,-0.8268367587998982,2.582541335437838,1.5790636042402717,-2.6621644131326394,-2.406093127921072,0.39937106918238996,283,0.6241538178143105,-0.3883976530865252,3.682482478144645,2.289183468864886,-3.066630042936423,-2.845330739299601,0.45936395759717313,162,3.087926161155411,3.141078484323012,5.969471625138391,5.171099288605419,-3.4588525590306696,-2.8535139712108304,0.691358024691358,0.5148514851485149,5.5479452054794525,2.756183745583039,6.839506172839506,8,-0.3833426203729939,0.08494220494981261,7,-0.8860921094440123,0.4295936749468666,7,-0.17152000970902076,1.6355664628976994,6,1.7734120762453323,4.28705783964945,BEYOND_TRIGGER,,,
V4_BAND_X_EXTENSION_X_TRIGGER,GE_8,MODERATE,6,22,20,-0.683458156734843,-0.5082213143826009,1.3562846390870509,1.362871137607713,-3.1721159571335713,-2.1903607407097736,0.35,17,-0.9285278556042822,-0.2546410382782915,3.030543328710158,2.3575638506876384,-4.898526849529969,-2.1903607407097736,0.4117647058823529,17,0.5617615260788613,1.3051172393452326,5.2315476110964365,5.167286245353164,-4.987229099588487,-2.399364628182077,0.5882352941176471,12,2.345133663087499,0.9438135968146132,7.970060661983342,8.073057386793469,-4.796265622249002,-4.138276971951671,0.8333333333333334,0.4,4.6,3.176470588235294,5.333333333333333,6,-2.107916587066889,0.333135133702922,5,-1.6999578387034944,-0.26511663931876767,5,-1.8496938328115249,2.3020444235427227,3,-1.830874054257403,3.265678661350097,EXTENDED_BEYOND_TRIGGER,,,
V4_BAND_X_EXTENSION_X_TRIGGER,GE_8,MODERATE,7,59,50,-0.32164420687198075,-0.5350277909494883,1.3258472006196218,1.0094862560768525,-1.8431130232929904,-1.4596423447683193,0.46,42,0.08842240752082633,-0.1798561151079125,2.281276624250463,1.564689397477825,-2.9736978600156325,-2.84913591779542,0.47619047619047616,39,1.0487296970664939,0.2317714858431463,3.4973425127893076,3.237410071942448,-3.1644214871586085,-2.945351312987932,0.5384615384615384,31,2.507230427825235,1.2073649260488928,5.414233044567982,4.054356753527966,-4.066660692363548,-3.617844505439993,0.8064516129032258,0.5263157894736842,5.4,2.7948717948717947,6.67741935483871,6,-0.8501935371180791,0.45205495122267475,5,-1.5941756639965596,1.9498995151754333,5,-1.7517835666438295,3.291441749903515,5,-1.2534638452296254,4.601232745063136,FRESHLY_TRIGGERED,,,
V4_BAND_X_EXTENSION_X_TRIGGER,GE_8,MODERATE,7,130,125,-0.08073151496942368,-0.2582024933493354,1.2558263467106612,0.9441087613293098,-1.1913788949440902,-1.1014052411697617,0.4,111,0.06972311128971558,0.0228258388495827,2.2510481160449194,1.5857284440039532,-2.233824084054603,-1.8267223382045887,0.5225225225225225,105,0.9569811993555466,1.2229539040451431,3.047390986602396,2.5446259020129203,-2.714073992387485,-2.329959990586028,0.7238095238095238,83,0.9816321640812693,0.7014286451080487,3.7857417640167736,3.4159550093730395,-3.186060058084312,-2.668779320843828,0.5903614457831325,0.6551724137931034,5.3478260869565215,3.0,5.216867469879518,7,-0.3467976413642327,0.26309879031794453,6,-0.4328147227118638,0.7962410104420732,6,-0.7083600054182931,2.098401906617401,5,-0.2981368620346285,2.050049423360746,INVALIDATED,,,
V4_BAND_X_EXTENSION_X_TRIGGER,GE_8,MODERATE,8,127,114,-0.08718893510157165,-0.3271141264841404,1.3490801619619828,1.050987896969069,-0.9995193478131481,-0.924000924000934,0.40350877192982454,90,0.0684861509017455,-0.13340887338603724,2.375855562598244,1.4749491396848446,-2.0483897870128587,-2.2893795952703693,0.5,81,0.173254456602393,0.4454781991642287,2.938334294410456,2.435585411633689,-2.263025955073141,-2.537665764076924,0.5432098765432098,41,0.4212806967477557,-0.7004377736085088,4.298277491108458,3.266666666666662,-3.1101192302617244,-3.3783783783783883,0.43902439024390244,0.5789473684210527,5.090909090909091,3.049382716049383,6.219512195121951,7,-0.47677356570294027,0.5532176715391705,6,-0.1343563788230994,0.29663293885120706,6,-0.6464665137041175,0.5466978091392791,5,-0.25682800677150897,1.0752564030795113,NEAR,,,
V4_BAND_X_EXTENSION_X_TRIGGER,GE_8,MODERATE,4,25,25,1.1788652868477798,0.3424080830760401,2.35763027192712,0.8850325379609503,-0.9990383078795101,-0.7313887679581965,0.56,24,1.089558821411171,-0.9068622979215679,3.4615529735605026,1.529450048812242,-1.74089626687908,-2.028733130169791,0.4166666666666667,21,2.44367218068303,-0.5597136348844844,4.273277414896092,2.076147087536606,-2.098252073397785,-2.494543186778919,0.42857142857142855,5,-0.9440189766940412,-2.564770212211953,9.025396224592441,2.239291758885553,-4.210354084627473,-3.495638588725425,0.4,0.5,1.0,2.9047619047619047,3.0,4,-0.5588431922206443,2.594197407830344,4,-0.9563127841118446,3.405872479734858,4,-0.9397862012422101,5.409079697556169,2,-2.564770212211953,-0.5388311678145632,NOT_APPLICABLE,,,
V4_BAND_X_EXTENSION_X_TRIGGER,GE_8,MODERATE,7,50,45,-0.3687891347463588,-0.2067777139574844,1.3095560347415025,0.9909909909909808,-1.3050481272224566,-0.743267942000736,0.4222222222222222,36,-0.021401467218858296,-0.3157965463952195,1.9176441409611213,1.2509064539521386,-2.1079504609176585,-1.6441150303204588,0.3611111111111111,31,0.47774028143235026,-0.3561109991265243,3.574225818355303,2.966123216008953,-3.3899605431432076,-2.670692738412828,0.41935483870967744,26,3.7270798315973344,2.674192031176492,6.430710200701643,6.403803957744492,-3.4653478695717133,-3.32842365449404,0.9230769230769231,0.7058823529411765,7.083333333333333,2.967741935483871,8.115384615384615,7,-1.460874314882521,0.21469394081437315,5,-1.0051428156775806,0.7902528309824991,5,-0.4273194890014127,1.9107515846191412,5,2.4731052313890682,6.570858053136705,TOO_FAR_BELOW,,,
V4_BAND_X_EXTENSION_X_TRIGGER,LT_6,EXTENDED,5,7,5,2.1950151659353256,1.115448968209698,3.3584800842628226,2.6614607144180846,0.33931795560395495,0.3892108287101736,0.8,4,2.2207328113629963,1.5499663364755831,5.530473499776467,5.751528094852354,-0.4651489628787475,-0.312983283010515,1.0,4,2.918098636510491,2.0149975985823243,6.155990903060665,6.007455696248442,-0.4651489628787475,-0.312983283010515,1.0,3,1.067466126483918,-3.288165549745936,7.468660890263212,5.751528094852354,-2.7898501340495763,-3.3728551439722976,0.3333333333333333,1.0,1.6666666666666667,2.5,4.0,4,0.10487937267340544,3.8930910350604813,3,0.3939907209661974,5.389007851534622,3,1.0678253185065325,6.574574030370783,2,-3.288165549745936,9.778729478943626,BEYOND_TRIGGER,,,
V4_BAND_X_EXTENSION_X_TRIGGER,LT_6,EXTENDED,6,18,13,-0.39543542497367307,0.0757002271006834,1.5187195054820744,1.349787890474352,-2.2106470215422696,-2.176470588235302,0.6923076923076923,13,-0.05562455922818352,0.6056018168054456,2.679878167087911,1.349787890474352,-3.503250129675239,-3.88235294117647,0.6923076923076923,13,1.3028221905813178,0.6056018168054456,3.3088600231471834,1.349787890474352,-3.5428871096107253,-3.88235294117647,0.6153846153846154,13,0.6434142558355496,0.7570022710068125,3.8550871764027996,3.123794832240634,-4.190661857957526,-3.88235294117647,0.6153846153846154,0.6666666666666666,2.0,3.1538461538461537,4.461538461538462,4,-4.078793062948158,3.6001539903795248,4,-6.643742954008539,6.465072014248335,4,-1.2463062079279108,7.261770027066311,4,-3.916097985089695,8.540032352721024,EXTENDED_BEYOND_TRIGGER,,,
V4_BAND_X_EXTENSION_X_TRIGGER,LT_6,EXTENDED,4,11,7,-0.06244750354632408,1.3061766659287155,2.224460911743204,2.025411663577525,-3.631085636691245,-0.487656202377329,0.5714285714285714,4,4.614443937786945,5.303946060654896,6.199504542727919,7.118489268541661,-6.416090587339458,-8.399817336879146,1.0,4,3.2084518397765773,2.4404330190453294,8.202765278894747,9.040481371047914,-6.416090587339458,-8.399817336879146,1.0,3,1.5633814167136828,1.5633814167136828,9.666371182206458,9.666371182206458,-8.399817336879146,-8.399817336879146,1.0,,,4.25,8.0,3,-2.064073929664989,2.044679298679612,2,2.545937569183088,5.303946060654896,2,2.4404330190453294,5.51250830197032,1,,,FRESHLY_TRIGGERED,,,
V4_BAND_X_EXTENSION_X_TRIGGER,LT_6,EXTENDED,2,6,6,0.4947603508882182,0.7344104686874076,2.8822395480980685,2.542402569467739,-1.2224541300039284,-1.335291761249835,0.8333333333333334,3,1.125721656146413,0.3549770743972669,4.56024500683064,3.7186946622818073,-2.660927347443628,-1.834048217719264,0.6666666666666666,3,3.7376590944564696,2.8693980180446665,5.129592754854169,4.17098062416803,-4.419085708182305,-1.834048217719264,1.0,3,3.000407903709353,2.757399443460651,6.42260590906735,5.527447508221606,-4.803644205446026,-2.987723709510426,1.0,0.3333333333333333,4.0,3.6666666666666665,8.333333333333334,2,0.32558442419728056,1.3406399843429062,2,-0.6762934005701549,4.729751769579549,2,2.0608057633861088,7.09136575659719,2,1.6301418160950654,5.740940078937928,INVALIDATED,,,
V4_BAND_X_EXTENSION_X_TRIGGER,LT_6,EXTENDED,4,12,6,0.024279387393213076,0.053854312341833355,2.6321916417923363,1.8981629558219915,-1.659969277827224,-1.8593455145469173,0.5,4,1.4167107469904294,1.2880580710035838,3.191825530578485,3.637069304933016,-2.8914545138133243,-2.401843287211536,0.5,3,3.089545028100208,2.430654847011726,5.260730813744015,5.090077209036314,-2.9880062709430226,-2.201887331998842,0.6666666666666666,1,9.552599758162028,9.552599758162028,13.059250302297464,13.059250302297464,-1.5477629987908137,-1.5477629987908137,1.0,1.0,5.0,3.3333333333333335,7.0,3,-0.5041771317730009,0.36609926326086994,2,0.779180095812578,3.329302700523984,2,1.0994525683494238,7.069729947601777,1,,,NOT_APPLICABLE,,,
V4_BAND_X_EXTENSION_X_TRIGGER,LT_6,EXTENDED,1,1,0,,,,,,,,0,,,,,,,,0,,,,,,,,0,,,,,,,,,,,,0,,,0,,,0,,,0,,,TOO_FAR_BELOW,,,
V4_BAND_X_EXTENSION_X_TRIGGER,LT_6,EXTREME,1,1,0,,,,,,,,0,,,,,,,,0,,,,,,,,0,,,,,,,,,,,,0,,,0,,,0,,,0,,,APPROACHING,,,
V4_BAND_X_EXTENSION_X_TRIGGER,LT_6,EXTREME,1,1,1,0.6535947712418277,0.6535947712418277,1.230296039984613,1.230296039984613,-0.7304882737408813,-0.7304882737408813,1.0,1,-2.7553505062155703,-2.7553505062155703,1.230296039984613,1.230296039984613,-4.485454312443937,-4.485454312443937,0.0,1,-3.895937459951304,-3.895937459951304,1.230296039984613,1.230296039984613,-4.485454312443937,-4.485454312443937,0.0,0,,,,,,,,,,1.0,,1,,,1,,,1,,,0,,,BEYOND_TRIGGER,,,
V4_BAND_X_EXTENSION_X_TRIGGER,LT_6,EXTREME,5,18,6,1.9841618091306652,1.0788163923506011,3.1144860479095406,1.963221031420659,-0.5971112750493575,-0.6438829226953935,1.0,2,4.34439768172854,4.34439768172854,6.6839528270998265,6.6839528270998265,-0.5503534687282594,-0.5503534687282594,1.0,2,5.9970683253362305,5.9970683253362305,6.884587265730092,6.884587265730092,-0.5503534687282594,-0.5503534687282594,1.0,2,0.9394107961365361,0.9394107961365361,7.036418732801643,7.036418732801643,-0.9773794698669902,-0.9773794698669902,0.5,1.0,1.0,4.0,4.5,3,0.8034278305347864,7.12778429073857,2,2.076837567443013,6.611957796014067,2,3.858146029336007,8.135990621336454,2,-0.6534175636471962,2.5322391559202684,EXTENDED_BEYOND_TRIGGER,,,
V4_BAND_X_EXTENSION_X_TRIGGER,LT_6,EXTREME,4,8,3,-0.8511081396610387,0.6317119393556503,0.4662865729404701,1.3265950726468745,-2.073368739689533,-0.5685407454200986,0.6666666666666666,1,-6.220881615099749,-6.220881615099749,-1.2543304264723387,-1.2543304264723387,-7.421455023294698,-7.421455023294698,0.0,1,-3.86154581292556,-3.86154581292556,-1.2543304264723387,-1.2543304264723387,-7.478198542587499,-7.478198542587499,0.0,1,-6.226854617130561,-6.226854617130561,-1.2543304264723387,-1.2543304264723387,-7.478198542587499,-7.478198542587499,0.0,,,1.0,1.0,2,-3.8167482976944167,0.6317119393556503,1,,,1,,,1,,,NOT_APPLICABLE,,,
V4_BAND_X_EXTENSION_X_TRIGGER,LT_6,HEALTHY,2,2,1,0.2761341222879743,0.2761341222879743,1.104536489151875,1.104536489151875,-0.8678500986193383,-0.8678500986193383,1.0,1,1.0059171597633032,1.0059171597633032,9.46745562130178,9.46745562130178,-0.8678500986193383,-0.8678500986193383,1.0,1,3.4911242603550274,3.4911242603550274,9.46745562130178,9.46745562130178,-0.8678500986193383,-0.8678500986193383,1.0,0,,,,,,,,,,3.0,,1,,,1,,,1,,,0,,,APPROACHING,,,
V4_BAND_X_EXTENSION_X_TRIGGER,LT_6,HEALTHY,1,3,0,,,,,,,,0,,,,,,,,0,,,,,,,,0,,,,,,,,,,,,0,,,0,,,0,,,0,,,AT_TRIGGER,,,
V4_BAND_X_EXTENSION_X_TRIGGER,LT_6,HEALTHY,3,20,10,0.5396545794709263,0.9895415803999774,1.8142799424874223,2.2650972556154114,-1.0208744565589167,-0.6925201629362221,0.6,9,3.0219117064377654,3.2828018818609417,4.502536615659933,3.938073049752,-1.1863931531675087,-0.7987302237468685,0.8888888888888888,6,4.060919912506478,3.9296670301666614,5.699769759279775,5.097855072318003,-1.2893901502323095,-0.9987015383838338,1.0,0,,,,,,,,,,3.5,,1,,,1,,,1,,,0,,,FRESHLY_TRIGGERED,,,
V4_BAND_X_EXTENSION_X_TRIGGER,LT_6,HEALTHY,2,4,2,1.549575549841531,1.549575549841531,2.4024986204692738,2.4024986204692738,-0.2445364867068644,-0.2445364867068644,1.0,1,1.801483574708573,1.801483574708573,3.391027905333788,3.391027905333788,-0.1483574708583623,-0.1483574708583623,1.0,1,1.0738255033556854,1.0738255033556854,3.7230660543977168,3.7230660543977168,-0.1483574708583623,-0.1483574708583623,1.0,0,,,,,,,,,,4.0,,1,,,1,,,1,,,0,,,INVALIDATED,,,
V4_BAND_X_EXTENSION_X_TRIGGER,LT_6,HEALTHY,1,1,0,,,,,,,,0,,,,,,,,0,,,,,,,,0,,,,,,,,,,,,0,,,0,,,0,,,0,,,NEAR,,,
V4_BAND_X_EXTENSION_X_TRIGGER,LT_6,HEALTHY,4,10,7,1.5033738886999086,1.8617021276595924,2.2903948391230045,2.562862669245658,-0.32235450048193137,-0.5321910695742615,1.0,4,4.9467293255282705,4.763056092843332,8.206088652318877,8.728239845261122,-0.42673800107343174,-0.7011605415860767,1.0,4,5.817241840105963,5.198259187620891,8.856784815223978,8.728239845261122,-0.42673800107343174,-0.7011605415860767,1.0,3,6.382978723404253,6.382978723404253,8.728239845261122,8.728239845261122,-0.7011605415860767,-0.7011605415860767,1.0,1.0,3.0,3.5,3.0,3,0.4385964912280826,1.7411252347388952,2,4.763056092843332,5.497749023583087,2,5.198259187620891,7.674189797561182,1,,,NOT_APPLICABLE,,,
V4_BAND_X_EXTENSION_X_TRIGGER,LT_6,MODERATE,1,1,0,,,,,,,,0,,,,,,,,0,,,,,,,,0,,,,,,,,,,,,0,,,0,,,0,,,0,,,APPROACHING,,,
V4_BAND_X_EXTENSION_X_TRIGGER,LT_6,MODERATE,7,19,11,2.4509331684848865,0.3788531083175561,5.3852349518340565,2.687773661165372,0.05457961393768862,-0.6716032374720182,0.7272727272727273,10,3.897807509957363,2.720854141553297,7.86810722204971,4.431415100476743,-1.2023529236533512,-0.6716032374720182,0.6,10,4.1545417743394975,0.2627147187605261,8.889463182965102,4.833210776121399,-1.7510241514869578,-1.3259858791114243,0.5,6,11.263184676604896,9.234773643274096,14.982569158320297,11.774554747167663,1.0160807177015971,-0.21437956272047365,1.0,1.0,5.0,3.3,7.166666666666667,6,-0.1315832630273291,4.462632493685655,5,-0.8789833397123825,6.223297637066164,5,0.5394378341883523,7.112354089008616,3,7.835371103840184,16.719409282700415,BEYOND_TRIGGER,,,
V4_BAND_X_EXTENSION_X_TRIGGER,LT_6,MODERATE,5,8,5,1.7535376377991205,1.5565679574791158,2.8184811232500007,2.6465028355387554,-0.6615400966321161,-0.6852551984877109,1.0,5,2.750927906828715,2.518349784864604,7.092872325696048,4.087901701323249,-1.076441042613401,-1.0756770437863716,0.8,4,4.850481139272964,2.6622996367942187,7.228143035694451,4.866326224989582,-1.6951645890354945,-1.1944989346511614,0.5,1,18.66791744840526,18.66791744840526,21.66979362101313,21.66979362101313,-1.3133208255159512,-1.3133208255159512,1.0,1.0,2.0,3.5,10.0,3,1.1516928934050357,2.9788878901563525,3,0.7566706491437758,7.879924953095685,2,1.5892594052094757,14.634146341463428,1,,,FRESHLY_TRIGGERED,,,
V4_BAND_X_EXTENSION_X_TRIGGER,LT_6,MODERATE,5,16,15,1.5748384424661983,1.1461728571940275,2.8621813202962074,2.4166971805199555,0.0342774873821076,-0.0752175937533516,0.9333333333333333,14,3.4935798957454716,4.5175375166544125,5.487658106838368,5.415347529849868,-0.8357947124514818,-0.4852624011502549,0.7142857142857143,14,3.0182934058566184,3.3932655183682603,5.750657383961695,5.546293178857331,-1.157608112016808,-0.8055657268399852,0.8571428571428571,14,5.411727340089814,2.782863419992676,9.7277566959083,7.526570069724514,-1.4394981732369092,-0.8055657268399852,0.8571428571428571,0.8,3.25,3.2857142857142856,6.571428571428571,4,0.8694354464510763,4.517437895605636,3,-2.3359182013264554,4.752462815264613,3,-0.4729565850109196,3.738317757009346,3,0.5457191365510594,15.4565061107117,INVALIDATED,,,
V4_BAND_X_EXTENSION_X_TRIGGER,LT_6,MODERATE,4,16,8,1.0660311868861532,0.8966153293264334,1.7643935892162759,1.3477987299414185,-0.7018002696964148,-0.9468251492576851,0.875,6,0.9396483272759659,0.1405748131959872,2.339232704435305,1.9853337628410905,-1.4861439863903942,-1.7300625304332018,0.5,6,3.1279586379932702,2.851787387869864,4.368621904964642,3.8414002096778366,-1.7633507390223013,-2.561682788328923,1.0,2,1.432588030526194,1.432588030526194,3.9496585888338487,3.9496585888338487,-2.73128932922746,-2.73128932922746,1.0,,,4.166666666666667,7.0,3,0.5154653402382877,1.4592794122835375,2,-0.6158789663944231,1.7174119741111604,2,2.851787387869864,3.2660442630549733,1,,,NOT_APPLICABLE,,,
V4_BAND_X_EXTENSION_X_TRIGGER,LT_6,MODERATE,1,1,0,,,,,,,,0,,,,,,,,0,,,,,,,,0,,,,,,,,,,,,0,,,0,,,0,,,0,,,TOO_FAR_BELOW,,,
TS_BAND_X_EXTENSION,,EXTENDED,9,339,294,0.18044037692602483,-0.08002862508719175,1.6688778116620768,1.1618664671778631,-1.5163689791006432,-1.2292337917094665,0.47959183673469385,269,0.21174861785700838,0.465021703959767,2.79724140106733,2.277450640803602,-2.5360796445500005,-1.9492357313139808,0.5724907063197026,251,0.8586513440053566,0.7209002461610492,3.7865685634796145,3.138062820972176,-2.8431895286438,-2.1223733524234567,0.5896414342629482,154,1.7123828773126908,0.9578726888244794,5.547808050306197,4.2210003712142345,-3.6056001203477397,-2.96173890936825,0.6298701298701299,0.45454545454545453,4.2926829268292686,3.0637450199203187,5.759740259740259,8,-0.3059117348002822,0.7573930877309215,7,-0.10532530964918944,0.9236131735987254,7,0.05771297120217065,1.678939485246422,6,1.053963579289518,2.988414762502018,,6_TO_7,,
TS_BAND_X_EXTENSION,,EXTREME,8,64,53,0.36143291037182834,0.4466098254161554,1.3824801692513733,1.205991052324462,-1.2399654206980542,-1.1240236235473433,0.5849056603773585,45,1.7075984401391862,1.249577845322536,3.3754363717286586,2.309946409243313,-1.9057110166189115,-2.1794221996958907,0.6444444444444445,45,2.1710725389381853,1.979933110367904,4.77497216784687,4.430697207824763,-2.114178786583098,-2.3364274394385265,0.7111111111111111,36,2.1096467651338116,1.3906386226070322,6.555378742785986,6.659898888557903,-2.644443996054248,-2.257924819567209,0.6944444444444444,0.6,4.5,3.688888888888889,5.833333333333333,7,0.09423041583220353,0.8278712812526497,6,0.7357599626888988,2.9826792331716216,6,0.36304286024374266,3.7546523766154034,5,0.7284728491048632,4.038784697980529,,6_TO_7,,
TS_BAND_X_EXTENSION,,HEALTHY,9,479,389,0.16657878859643488,0.187468755207476,1.604815995537806,1.413969335604759,-1.226758148124259,-0.9475866153390576,0.570694087403599,323,0.9454073857335965,0.4837136727130708,2.992464118435457,2.049282336347802,-1.9719345945993476,-1.7257114411349803,0.5727554179566563,291,1.2776356385234593,1.0804321728691502,4.031621154678016,2.764384442301515,-2.4827171121308003,-2.3054417788180293,0.6151202749140894,169,3.918202012448444,2.534315475224713,6.8404993041429085,5.244518850004809,-2.759218817652668,-2.428035043804766,0.7869822485207101,0.8024691358024691,4.014285714285714,3.261168384879725,6.236686390532545,8,-0.29039500881505353,0.6770892410686059,7,0.3123816000750282,1.70813611225907,7,0.9828231843336361,1.5699645336829253,6,3.5111884344224293,4.728416322805892,,6_TO_7,,
TS_BAND_X_EXTENSION,,MODERATE,9,752,642,0.30719856641310633,0.0726216412491043,1.7608048767492346,1.2635430517599744,-1.0235102044380147,-0.9287433259360822,0.5295950155763239,530,1.066013049094949,0.2871709018051338,3.4740802905523247,2.103641956447267,-1.8706157353572108,-1.7371477572541039,0.5528301886792453,482,1.6605240777661578,0.540757059883834,4.614754602225892,2.988888655763355,-2.275660661362051,-2.1162734127949334,0.5850622406639004,302,4.016372712733896,3.015740858929883,7.245040649877086,5.652358691032711,-2.4226412337793666,-2.135839068793327,0.7913907284768212,0.72,4.3478260869565215,3.0622406639004147,6.529801324503311,8,0.02437861859629351,0.6763809362176407,7,0.2031766104468796,2.3784334687023243,7,0.36502563759345713,3.3929872616310286,6,2.857682093562538,5.2580988522226235,,6_TO_7,,
TS_BAND_X_EXTENSION,,EXTENDED,8,448,395,0.05929262001866472,0.1010101010100905,1.5952331053118605,1.425809569840486,-1.5204029101167678,-1.2116622491480489,0.5341772151898734,351,0.35201230817835455,0.1089799476896136,3.0120101602273737,2.1803370337832417,-2.580674186515076,-2.2288507747120656,0.5327635327635327,345,0.5746297525873277,0.5111412826451556,3.9085716190698436,2.682237022169498,-2.968653064885784,-2.518746394924054,0.5855072463768116,230,1.9412789852982222,1.2650948821161467,6.072318027627446,4.108843215882196,-3.5686804100546445,-3.2401486959932226,0.5956521739130435,0.5634920634920635,4.4875,2.918840579710145,5.804347826086956,7,-0.40197218681788965,0.5186536945534118,6,-0.23007947535077006,0.8455275495011063,6,-0.1972548807478982,1.3280125120689268,5,1.110067454274928,3.0224882030587414,,7_TO_8,,
TS_BAND_X_EXTENSION,,EXTREME,7,41,23,0.8215810787789705,0.3812913065581957,1.6941905075500312,1.3951734539969785,-1.193417101323022,-1.3980868285504044,0.6521739130434783,15,0.42757492440179895,0.605143721633894,2.5333359594218554,2.112163146394752,-2.027524250236075,-2.1167132147581924,0.7333333333333333,15,1.1219213990144132,0.5150846210448812,3.0853369256301866,3.1162722328384573,-2.3274430343177546,-2.1167132147581924,0.6666666666666666,5,0.7355912546090915,0.1175951785976847,4.930959260954744,3.1162722328384573,-2.529127114861627,-4.020285168308102,1.0,1.0,3.0,3.1333333333333333,4.0,6,0.1295854808351482,2.051080267492368,4,-0.9458068715082674,3.0091615045551787,4,-1.8843689987850323,4.60779313222926,2,0.1175951785976847,1.6625853686262015,,7_TO_8,,
TS_BAND_X_EXTENSION,,HEALTHY,9,247,180,0.3482575366381855,0.0952078705172887,1.8002483035651222,1.2916148997723753,-1.0838276049792626,-0.8074425136036512,0.5666666666666667,147,1.2849160339669539,0.7850088630032781,3.4934595716548027,2.256962154442532,-2.049344266142467,-1.7035601346526597,0.6054421768707483,129,1.2337959633306932,0.9089160334712076,5.300045045923171,3.5073405785016165,-2.8024903737588307,-2.5233644859813054,0.5813953488372093,87,3.8410652460597707,3.165900247612319,8.23532719822722,7.1888412017167225,-3.29460797661652,-3.243173952057432,0.7816091954022989,0.7192982456140351,4.75,3.1550387596899223,6.402298850574713,8,-0.14042440001620732,0.6735769816942104,7,0.15411520804579337,2.009987715478925,7,0.741297741206897,2.026480581976189,6,3.04622882745882,6.309488677692347,,7_TO_8,,
TS_BAND_X_EXTENSION,,MODERATE,9,1147,1017,0.09211680097527027,-0.1085776330076226,1.5249254414337206,1.1672710788757978,-1.1926729841941472,-0.9864955464035984,0.4768928220255654,863,0.552046459637284,0.0487418509717896,2.901565848374762,2.0258813029897293,-2.258973591480741,-1.8746041798606727,0.5005793742757821,792,1.0441424415983305,0.4454781991642287,3.8352146818086004,2.820840474656494,-2.647419460776043,-2.2775334273417713,0.5732323232323232,494,2.1633456084353972,1.489347466048807,5.511234072747502,4.163918205804751,-3.131907178085927,-2.654867256637161,0.6437246963562753,0.5766423357664233,4.557377049180328,3.018939393939394,6.066801619433198,8,-0.29523746306765103,0.6582459739530376,7,0.01326186113549211,1.235956655835462,7,0.6247873700820774,1.3744690406583389,6,1.5946338292448268,2.600427974941465,,7_TO_8,,
TS_BAND_X_EXTENSION,,EXTENDED,9,467,418,0.011373294529275827,-0.2596153846153859,1.7321224775475992,1.4018544711614125,-1.4092435683827231,-1.1612460274764924,0.44019138755980863,386,-0.04094918242025076,0.02680965147452415,2.580652320502017,1.814903846153837,-2.5847726650203833,-2.0356349122853112,0.5,372,0.3516898113908298,-0.1125089495755293,3.377379631948169,2.492911153119093,-2.9886252446510317,-2.542714919951572,0.49193548387096775,254,0.30103250219946254,-0.2393035951283595,4.704725775711352,3.7410071942446166,-3.8868096363987172,-3.4519196900317017,0.4763779527559055,0.4125874125874126,3.5522388059701493,3.0053763440860215,5.6299212598425195,8,-0.2131271476493806,0.22137721658443385,7,-0.8113849603990699,0.5733660711030143,7,-0.5466882831153393,0.9887794522992855,6,-0.5048845203107858,1.0374567567380526,,GE_8,,
TS_BAND_X_EXTENSION,,EXTREME,9,45,29,-0.18594719756702838,0.0433804191632969,1.0707332745789233,1.4187577350097902,-1.786452725390481,-1.8978933383943848,0.5172413793103449,26,-0.7125204566177332,-1.1598210673327167,1.750580230160941,1.7059891107078062,-2.8493556938069236,-2.7755386803508193,0.38461538461538464,22,-1.362729840291469,-1.5711331932079187,2.2602742750575873,1.8009490903499903,-3.0901135330374427,-2.817416758141233,0.2727272727272727,14,-3.146170743050941,-3.72509384926365,1.953677778545434,1.7059891107078062,-5.664911458021543,-6.533575317604356,0.07142857142857142,0.0,,2.4545454545454546,2.857142857142857,7,-0.6816832978794144,0.3766394001643521,6,-1.957334044693605,1.0804617407156911,6,-2.335926009803318,-0.33467403689922215,5,-3.857012488402399,-1.5514558623454677,,GE_8,,
TS_BAND_X_EXTENSION,,HEALTHY,3,7,6,-1.4826213103464772,-1.7749934742886997,-0.7495198616323641,-1.1746280344557605,-3.7452322296417258,-4.594100756982522,0.0,6,-0.488811936202993,-0.6786739754633397,0.8570707975735115,0.991908117984841,-3.921451076666989,-4.594100756982522,0.0,6,-0.7645546799190387,0.0783085356303781,0.8570707975735115,0.991908117984841,-3.991379190565899,-4.594100756982522,0.6666666666666666,6,-1.388138224914977,-1.8010963194988403,1.3157992247503802,0.991908117984841,-4.652695076968057,-5.116157661185072,0.0,0.0,,2.6666666666666665,4.666666666666667,2,-1.7749934742886997,-0.8978769824620314,2,-0.6786739754633397,-0.1090878576822995,2,-2.450281111017872,0.0783085356303781,2,-1.8010963194988403,-0.5622220357472507,,GE_8,,
TS_BAND_X_EXTENSION,,MODERATE,9,471,404,-0.15696394375820605,-0.3271141264841404,1.5652720854891673,1.3084565059365172,-1.5751397180635827,-1.2141488127221212,0.43316831683168316,336,-0.4183646097273512,-0.5873891153200583,2.617586861204102,1.9703746735195704,-2.9486471980855127,-2.476771963469737,0.44047619047619047,301,-0.057256119525000385,-0.0282645562464822,3.368674378217121,2.5906735751295207,-3.607332865445658,-2.8377544725478154,0.4950166112956811,224,1.9234907460583446,1.593418037908756,5.323808411501129,4.83030913978495,-4.415782934161189,-3.414820473643998,0.6071428571428571,0.43846153846153846,5.779220779220779,2.87375415282392,6.227678571428571,8,-0.4495432319111952,0.32494486663674327,7,-0.7615863706722652,0.07497231110704096,7,-0.8126555689887254,0.9757495941064145,6,1.3423775558748252,2.6378983543424486,,GE_8,,
TS_BAND_X_EXTENSION,,EXTENDED,9,274,237,0.9476865635944369,0.6448146157979728,2.3824878608522004,1.657109124641587,-1.0046238658320812,-1.0307259150446724,0.6033755274261603,201,1.7653959014352114,1.595270492187861,4.439288378960571,3.2186253594286285,-2.0078623804315225,-1.9437390115256803,0.6019900497512438,193,2.1662286808727638,2.069361946733106,5.351077534541063,4.322419070587147,-2.3802960597595657,-1.9437390115256803,0.6632124352331606,135,4.1979803000741684,2.645757167596696,8.035282525201092,6.735528297826554,-2.410576969408605,-2.0104795534798936,0.762962962962963,0.6125,4.35,3.145077720207254,6.9037037037037035,8,0.29627041107717966,1.6022120948175007,7,0.8650694364021478,2.498592729973505,7,0.9375643047054086,3.1488852720013796,6,2.9588336892962723,5.272701923495329,,LT_6,,
TS_BAND_X_EXTENSION,,EXTREME,7,31,19,0.4790767813973402,0.6317119393556503,1.631739977004114,1.3265950726468745,-0.8409751001521087,-0.5685407454200986,0.631578947368421,12,0.5070177195531378,-0.0510204081632603,2.407914910646399,1.9620216441694205,-2.5128733840849775,-2.2018702722528927,0.4166666666666667,12,3.419812855228386,3.734011014904437,4.903676329204951,4.111938856073827,-2.6078748456459233,-2.3965301771668,0.8333333333333334,10,0.49879199473412905,1.701197999534787,6.246144592128031,5.276713981924797,-3.1204472469268687,-3.228862973760916,0.6,0.16666666666666666,4.333333333333333,4.333333333333333,5.8,5,-0.43490359386653193,1.1423830640961732,4,-1.2720756199847294,1.7829990217223133,4,0.042820628859443086,5.2101143563172245,3,-0.3588444424599082,1.7284004007660059,,LT_6,,
TS_BAND_X_EXTENSION,,HEALTHY,9,378,304,0.7404952327362968,0.49582017926560473,1.9593457814344077,1.6297372259816978,-0.901368723094706,-0.7649369443870069,0.6776315789473685,262,2.0884293666515426,1.6316700692617814,4.676889316257462,3.463474065454686,-1.4520912900206024,-1.146503416989314,0.7175572519083969,232,2.5560500800257078,1.8120565565820976,5.63175625298668,4.112650871703161,-1.743637610963136,-1.361205639280516,0.728448275862069,157,4.609121280703346,3.2917577472032944,8.123757127674832,7.334710743801653,-1.8701373805298338,-1.2011110277006187,0.8980891719745223,0.92,3.2708333333333335,3.3060344827586206,6.127388535031847,8,0.4377435467598894,1.0336904999382388,7,1.6106292704823477,2.751471285930614,7,2.135766983253606,2.9299303832712615,6,3.862940050934669,5.330982013991461,,LT_6,,
TS_BAND_X_EXTENSION,,MODERATE,9,658,574,0.34302088896916394,0.3098241921223432,1.9735835846455938,1.3522038591350705,-1.177959224960308,-1.128229751689741,0.578397212543554,496,1.1833571031300751,0.46065539022002167,3.8552318295793584,2.6550171452408566,-1.978784430680886,-1.7197961272474638,0.5524193548387096,466,2.012647374532254,1.2380880918436032,5.116847435302495,3.3507397737162714,-2.3177982252763196,-2.184406808108208,0.6244635193133047,310,3.4766080196172533,2.5704511806935115,7.263395282182057,5.880023757671737,-2.4066282011000424,-2.1885702054794565,0.8,0.7407407407407407,3.762962962962963,3.1566523605150216,5.922580645161291,8,-0.030959716379616697,0.9259078550714566,7,0.510684031992709,1.9745635282673388,7,1.0877368022646632,3.1099073283217336,6,2.8701721798448285,4.347473524669191,,LT_6,,
TS_BAND_X_TRIGGER,,,8,156,129,0.3068459748086901,0.1489678655032911,1.4581249746719698,1.239619689493332,-1.0206857701334402,-0.7547594908189681,0.6046511627906976,104,1.302837476394531,1.1777805702158473,3.070493375779013,2.425354836744642,-1.6178504700753709,-1.102193220005282,0.6923076923076923,103,1.697099779462571,1.6990716412681683,4.106798155071624,2.809873949579833,-2.0321351199217608,-1.878331677696488,0.6796116504854369,60,3.235540582581656,1.9495958155016704,6.323976817759396,5.652358691032711,-2.6774064246743534,-2.444870565675928,0.85,0.7857142857142857,5.0,3.3883495145631066,6.616666666666666,7,0.17380889059478793,0.45721457689896666,6,0.8641515947560957,2.077280709482438,6,1.1119526601807157,2.645942195741948,5,2.308173067645464,4.407907728881461,APPROACHING,6_TO_7,,
TS_BAND_X_TRIGGER,,,7,46,37,0.4455306591446997,0.9163464380727238,1.7368482252348225,1.537097250960695,-0.8674252889847803,-0.7949526813880059,0.5405405405405406,25,0.05225792712592139,-0.095727090766684,2.3735250004525286,2.141239448219068,-2.1860458637012106,-2.4984227129337566,0.48,25,-0.37979790592327306,-0.0346380325597528,3.7566890627244116,3.044634939402901,-3.557681103533713,-2.528752763494546,0.48,17,1.5222385783118824,1.3852400286601618,5.629586643510516,3.2050473186119977,-4.973290180629448,-3.742059002697762,0.8823529411764706,0.2727272727272727,5.333333333333333,3.4,4.9411764705882355,5,-1.5013505277236563,0.9553952362131046,4,-1.4010456384735654,0.7116577983416663,4,-1.6638803115415361,3.9659183433591143,3,-1.0163841591558198,2.3482166894895804,AT_TRIGGER,6_TO_7,,
TS_BAND_X_TRIGGER,,,9,466,396,0.41749789426576084,0.187468755207476,2.0393155280678306,1.546391752577314,-1.1428690353801612,-0.9899683210137232,0.553030303030303,336,1.081844882486829,0.6401795142555455,3.67146120705054,2.305414551607443,-2.0248384030077426,-1.8085340185299947,0.5892857142857143,309,1.74973786922186,0.7209002461610492,4.88268303140405,3.20948892377464,-2.409112178190712,-2.0920502092050097,0.5760517799352751,172,4.779752240067416,3.8376149698699615,8.330950642877058,7.931034482758625,-2.3270242747525245,-1.9585772174696148,0.8081395348837209,0.8584905660377359,3.6666666666666665,2.957928802588997,6.1395348837209305,8,0.07567588554996355,0.7860266250015504,7,0.387266486249046,2.2095337646518005,7,0.6860548484457542,3.2254845024424306,6,3.84145267416625,5.677765034160379,BEYOND_TRIGGER,6_TO_7,,
TS_BAND_X_TRIGGER,,,9,226,200,0.061854362670093005,-0.08002862508719175,1.4044835717047248,1.0339901542071872,-1.5008921392884913,-1.3404756359495895,0.465,185,0.5245625493958601,0.6924408540103899,3.0514508227679285,2.34706881903144,-2.388867441205618,-2.084331576425502,0.5783783783783784,173,0.8642761254380837,0.3471513171329432,3.9480076952714964,3.0812711104983848,-2.699340036480704,-2.1794221996958907,0.5491329479768786,119,2.0999204985742623,0.6738819685521813,6.060595371721922,5.061214186545482,-3.1788479695808847,-2.3239099185433654,0.6302521008403361,0.45161290322580644,4.681818181818182,3.046242774566474,5.815126050420168,8,-0.2919104324432617,0.8288505963584812,7,0.1901059296022088,1.3457242104236011,7,0.16863935425386326,1.8445938249033076,6,1.3916596619164776,4.027390995169158,EXTENDED_BEYOND_TRIGGER,6_TO_7,,
TS_BAND_X_TRIGGER,,,9,304,242,0.17431588332583056,0.2056993465080037,1.6976530267895922,1.4582945695223337,-1.2672684400456231,-0.8805353938097338,0.5661157024793388,196,0.46217349605725766,0.465021703959767,2.739614659297735,1.8629515289428802,-2.1243947929808136,-1.672931734054739,0.5918367346938775,175,0.9698788566935589,0.7477086348287587,3.7873466497539927,2.60944370101317,-2.600640368326144,-2.3045639403524665,0.6171428571428571,105,3.6680971774377804,2.2414823670053874,6.23057159702747,5.171766792890531,-3.1024928330356465,-2.6312283506528256,0.7714285714285715,0.6792452830188679,4.564102564102564,3.2,6.561904761904762,8,-0.15380052346440581,0.5619041533629318,7,0.13370917619965333,0.7145543605961823,7,0.72899244156449,1.2216527650700557,6,2.7518661465142684,5.052576409486592,FRESHLY_TRIGGERED,6_TO_7,,
TS_BAND_X_TRIGGER,,,9,152,143,0.3097008897954587,0.0241080038573038,1.6919289920440677,1.077931536780774,-1.0120565563507924,-1.0032335627228273,0.5104895104895105,131,0.9063746944725635,-0.0510099979595946,2.891323570876713,1.8485692580400004,-1.7710247939468555,-1.5398282499259786,0.48091603053435117,114,1.848453891147869,0.7596233799320284,4.110634738634853,2.878646515625271,-2.02269806117586,-1.989726613820014,0.6666666666666666,91,3.0850977420257633,2.4920127795527103,5.64426310341485,4.504934734161115,-2.183879499206444,-2.305651907773909,0.7912087912087912,0.7714285714285715,4.866666666666666,3.192982456140351,6.857142857142857,8,-0.22232509801283365,0.9584957267270979,7,0.10518910675150979,2.0096495578031064,7,1.0818807522319323,2.539819863388247,6,2.5017333042694108,3.8184874038620245,INVALIDATED,6_TO_7,,
TS_BAND_X_TRIGGER,,,8,108,86,0.23035013603996188,0.0816825684123112,1.457162730053133,1.3170731707317085,-1.0700612630334232,-1.1212997109538492,0.5348837209302325,70,0.5248624325078803,0.2085766727849103,2.716532816980643,2.14791189076049,-2.170684469992914,-2.2431966305155595,0.5571428571428572,68,1.4656590413254222,0.9422325299080159,3.8034126768930236,3.083671598795324,-2.4294319237843327,-2.3211565113924637,0.6470588235294118,37,2.3909082522906346,2.235395825614428,5.98775202401545,4.689567564706509,-2.957498176498133,-2.802101576182148,0.6756756756756757,0.8,4.8125,3.3676470588235294,6.648648648648648,7,-0.0360157810428628,0.5887870321052993,6,-0.30067433722881026,1.4316016552561146,6,0.1084591901535206,2.689283920199021,5,0.9705183897171982,4.782397317323644,NEAR,6_TO_7,,
TS_BAND_X_TRIGGER,,,9,98,83,0.012074872894123099,-0.1796407185628568,1.5189071695961964,0.9450171821305808,-1.3589756983715873,-1.378579003181324,0.4457831325301205,76,1.9265149321030137,0.0,4.143518082913213,1.7686375321336767,-2.0332357918373503,-2.4269176117813096,0.4868421052631579,64,2.0261687921642544,0.5837988363952218,4.9722705597298775,2.1739130434782705,-2.246802351184092,-2.0502690552414604,0.640625,41,2.5365407019677897,0.1060445387062625,7.295031834112736,4.082714740190885,-2.9256991142906448,-2.4920466595970248,0.5365853658536586,0.4117647058823529,3.1666666666666665,3.34375,5.341463414634147,8,-1.09988528243397,1.7754134580505903,7,-0.8900212289033764,6.754208033928518,7,-0.8797898249647748,6.68370210020817,6,-0.9453846535618718,6.648255646108128,NOT_APPLICABLE,6_TO_7,,
TS_BAND_X_TRIGGER,,,9,78,62,-0.11009286274193038,0.00809345239700665,1.1877635646382858,1.0730324831044302,-1.1789040399889583,-1.2192234848484862,0.5,44,0.32576628242218725,-0.13096066384374325,2.6043113975375616,2.0152407129591543,-2.1879635886882336,-1.8782249742002155,0.38636363636363635,38,0.5288701564052759,-0.3561109991265243,3.8391764468843923,3.1560605355785976,-3.2570509593628687,-2.61225320739652,0.4473684210526316,19,3.3895083327114306,1.4830751577739498,6.139247428928778,3.86346838674998,-3.726881835504019,-2.5771680548750564,0.7368421052631579,0.4444444444444444,4.5,3.1052631578947367,6.105263157894737,8,-0.7640412065195155,0.5528375227157653,7,-0.25662327986691513,1.7127094161287493,7,-0.8523658932694788,2.760066857897105,6,1.4598755464947906,5.90482991193374,TOO_FAR_BELOW,6_TO_7,,
TS_BAND_X_TRIGGER,,,8,169,139,-0.04453960398501967,0.2101392172314087,1.1801728937204432,1.0467512745417018,-1.2074081102525633,-0.8814102564102533,0.5539568345323741,109,0.12502518421099137,0.760324866079154,2.0477718006403482,2.310445818418483,-2.1108696636188693,-1.3980868285504044,0.5596330275229358,106,0.5476181465676225,1.5952436756288435,3.3417076467556273,3.111730924351319,-2.4654717843184355,-1.5301243226012118,0.5849056603773585,58,1.636906256243432,1.6114948393517126,5.529459596045251,4.376502752100797,-3.1296331295830653,-1.948885341463552,0.7068965517241379,0.5806451612903226,5.3478260869565215,3.2830188679245285,5.4655172413793105,7,-0.3974451491397698,0.5584144546071748,6,-0.23424472076664976,0.4970509807035383,6,0.0030838663008475042,1.01703962999178,5,0.7435382771707991,2.3732635579063777,APPROACHING,7_TO_8,,
TS_BAND_X_TRIGGER,,,8,34,23,-0.45964081649083116,-0.8602650546384538,0.663226572239532,0.3255056963496816,-1.388748957016734,-1.3168724279835398,0.21739130434782608,19,-0.6505952726622828,-1.0103439980755358,1.5650095951331449,1.167209554831694,-2.8901647134426924,-2.793930706191017,0.3684210526315789,19,-1.3987185450911617,-1.979621542940313,1.9397737848955,1.167209554831694,-3.559272671358602,-3.478213831715038,0.21052631578947367,8,-0.18953981448551205,-0.5462151017722794,3.1761619528920146,3.27881811077253,-3.9515722479756845,-3.9040540008742184,0.25,0.0,5.0,2.1578947368421053,5.5,6,-1.4107890230657183,0.8107692254373923,5,-1.6635333450800749,0.9721668255636441,5,-2.505772327956217,-1.0636431401396544,2,-0.7938417127736352,0.011894151610529017,AT_TRIGGER,7_TO_8,,
TS_BAND_X_TRIGGER,,,9,635,557,0.22803106177661914,-0.0356238125395758,1.6652093193381547,1.2792822728028064,-1.3148004578719843,-1.0759771629336834,0.4883303411131059,489,0.7068989574003263,0.0,3.276623181306139,2.034179313863027,-2.4300346190762108,-2.271782795401023,0.4948875255623722,447,0.8892717961464385,0.2138955731255443,4.211332868632932,3.0189464917759645,-2.8846821922631416,-2.499087924115284,0.5391498881431768,267,2.400734968716127,2.2603819870334663,5.85594672874478,4.485415520088054,-3.326512472421625,-2.793246707327845,0.6591760299625468,0.610738255033557,4.14,2.9194630872483223,5.98501872659176,8,-0.1727821116092038,0.8458261154342275,7,0.14393510058718054,1.467647551375634,7,0.47754299755192275,1.4351935430672973,6,1.8172309167213476,2.841493504636877,BEYOND_TRIGGER,7_TO_8,,
TS_BAND_X_TRIGGER,,,8,234,208,-0.27084336078787563,-0.1049174345406411,1.4218965451731906,1.4141838907181903,-1.6904213872760745,-1.5313411890106432,0.4855769230769231,187,0.030174380320940518,-0.3871230643846757,2.991629569418376,2.1093635160958524,-2.9152473520691617,-2.523444160272803,0.48128342245989303,184,0.293517197457347,0.1723340241563065,4.078761476332142,2.6469925658932025,-3.388887684038315,-3.088328743910196,0.5434782608695652,132,2.147480594668926,1.3839425532215066,6.640599008393847,4.540624094290391,-3.9572777345055155,-3.6679001139975353,0.6515151515151515,0.6666666666666666,4.576923076923077,2.907608695652174,5.871212121212121,7,-0.6019154850720145,0.24880432436615232,6,-0.7449282994887175,0.569691048057215,6,-1.0314311403687793,1.5919261028742533,5,1.4284173902702773,3.305835712224849,EXTENDED_BEYOND_TRIGGER,7_TO_8,,
TS_BAND_X_TRIGGER,,,9,222,170,0.3779284528571917,0.0804437105719868,2.065547577567944,1.4347086001458953,-1.3521967005298967,-0.9937569985412454,0.5470588235294118,125,1.579026707542624,0.4472443974223417,4.152087776109855,2.2616599935072035,-2.76501184975039,-2.716464513029904,0.536,115,2.77672294944808,1.2369033760186277,5.94208192756416,3.688564008848716,-3.250209592574013,-3.34029227557412,0.6695652173913044,79,6.379869008759315,4.251226315283252,10.20874867299612,8.171174142480208,-3.4372624829251044,-3.34029227557412,0.8607594936708861,0.6415094339622641,4.595744680851064,3.3304347826086955,7.632911392405063,8,-0.2394583552374236,0.8388592757967438,7,0.6790776765681367,2.6614747338681735,7,1.5298926286786276,3.761881481947006,6,5.543803474199753,6.923902489030864,FRESHLY_TRIGGERED,7_TO_8,,
TS_BAND_X_TRIGGER,,,8,215,191,0.03390845757437797,-0.0350672121566253,1.408326692257599,1.1136612591935655,-1.0135023829430074,-0.9515717926932954,0.46596858638743455,170,0.5899521157774662,0.29555749889442756,2.679643709898163,1.8397256002494533,-1.9414380411076142,-1.5883490459761673,0.5647058823529412,154,1.2520035253590636,0.8701472556894352,3.508111146112602,2.6567944250871056,-2.3587515244647923,-2.126374802624431,0.6493506493506493,120,1.4774952780777226,0.5718210228693565,4.312361326649687,3.4336870519490192,-2.7349991855399405,-2.4286463843370525,0.5916666666666667,0.6,4.465116279069767,3.0324675324675323,5.633333333333334,7,-0.4430512934006725,0.44173015812151234,6,-0.33061186942926335,1.4625102753495491,6,0.3712771050095653,1.9112366280179973,5,-0.06962727338285588,2.3825591828166166,INVALIDATED,7_TO_8,,
TS_BAND_X_TRIGGER,,,8,165,145,0.21789495111729015,0.1010101010100905,1.5601673084524872,1.2733580383190055,-0.9618777927865204,-0.9756097560975618,0.5379310344827586,120,0.30250293368693676,0.7647994600406771,2.3291317387536594,2.0011719158491426,-1.8616331631761227,-1.7830303973630446,0.6166666666666667,111,0.40960346769795203,0.5715918833952394,2.879634403086799,2.5698324022346286,-2.1310055892787867,-1.8622848200312905,0.6216216216216216,54,1.0905160866117671,0.745484086781989,4.690001159058817,4.302337359402298,-2.783354183255111,-2.6083186887029655,0.5740740740740741,0.5142857142857142,4.684210526315789,2.918918918918919,6.037037037037037,7,-0.08338351369348616,0.6452281944623247,6,0.003229422052014232,0.5911080143891215,6,-0.4193595675517329,1.017183035724023,5,-0.06604856180425922,2.2775758240766737,NEAR,7_TO_8,,
TS_BAND_X_TRIGGER,,,8,141,128,0.18046339456692417,-0.1315585822628029,1.6715557933703669,1.3860484351631341,-1.1408608118919426,-0.9689703590425314,0.4765625,118,0.6810090405768232,0.0165713812246171,2.942099020650085,2.146629367159247,-1.8297953787678876,-1.5174739423666428,0.5169491525423728,113,1.203985601335182,0.6307390567888094,3.771069981910442,2.706621556307387,-2.1245269107908222,-1.916300921060776,0.6194690265486725,70,0.6529107864781319,-0.0528122524425578,4.999667516136643,3.6026331538001166,-2.9715780119789352,-2.7046263345195776,0.4857142857142857,0.39473684210526316,4.833333333333333,3.1327433628318584,5.814285714285714,7,-0.2604193054230427,0.6536519808091784,6,-0.2853973933329405,1.8853707526923198,6,-0.05241067878114279,1.9947759435423933,5,-0.47397795693234585,1.8383596370805508,NOT_APPLICABLE,7_TO_8,,
TS_BAND_X_TRIGGER,,,9,68,54,0.35837999026885387,0.3119223659889147,1.5015948798306564,1.260126881877388,-0.8031078076897608,-0.5847659839471775,0.6851851851851852,39,0.727088321899049,0.1896878772202237,2.485790264384027,2.1803370337832417,-1.3732930988012373,-0.743267942000736,0.5384615384615384,32,0.7676565717863272,0.5111412826451556,3.8293631286615692,2.669886517992481,-1.930155034648055,-1.522775071213689,0.5625,28,1.7588893422988099,2.1181565947079983,5.245891067218517,4.120702164486911,-3.0538983602092364,-3.32842365449404,0.6785714285714286,0.65,5.923076923076923,2.96875,5.821428571428571,8,-0.33013485168381257,0.7636097282127376,7,0.05478795842289993,1.574241499154416,7,0.014426031402983734,1.73044036820262,6,0.8872322455335022,2.96053753563783,TOO_FAR_BELOW,7_TO_8,,
TS_BAND_X_TRIGGER,,,8,94,84,-0.12722221862720334,-0.1069375751904799,1.2407228833554464,0.9890795714304845,-1.6798155453277681,-1.2323549182164606,0.42857142857142855,71,-0.49785790322666257,0.2156721782890169,2.237544481241755,1.367825116740362,-2.882748570802698,-1.816276632902547,0.5352112676056338,62,0.008409860929549604,0.8098821989528604,2.9419603244571255,2.450345685826383,-3.484471311673988,-2.0296823957418333,0.6290322580645161,50,2.6646481529869135,2.5302729269552904,5.798255418412835,5.412054120541199,-4.398370747477001,-2.309664048865623,0.68,0.4444444444444444,6.133333333333334,3.3870967741935485,6.76,7,-0.5666806279675356,0.45834015520193716,6,-1.186119265315571,0.5152319625319269,6,-1.017833384988716,1.9685204538592476,5,1.6932923682580583,3.1817396597786303,APPROACHING,GE_8,,
TS_BAND_X_TRIGGER,,,6,15,14,-0.4848996180411822,-1.0247308165937774,1.2845654466189949,1.695073318471274,-1.1982214774870485,-1.478803812027607,0.35714285714285715,10,-1.2567769519192105,-2.0579965057567486,1.5719757455234817,1.376015813668996,-2.71698277428131,-3.111936832326989,0.1,10,-1.4963783073291534,-1.478353474768912,1.8054066603426613,1.6080992518592963,-3.2267777273794076,-3.111936832326989,0.3,5,-0.3643654710219746,1.5252820727120753,3.004205765216734,1.901379022147931,-5.113253303521985,-6.3727538654408615,0.6,0.0,,2.5,8.4,5,-1.3659596004160073,0.2672820864062537,4,-2.4915067135235236,0.9353598047926047,4,-3.1178655039477547,0.6036474350770709,2,-3.1988367866230494,1.5252820727120753,AT_TRIGGER,GE_8,,
TS_BAND_X_TRIGGER,,,9,331,286,-0.14361541463446287,-0.26627988609821407,1.594499234918345,1.426441141263901,-1.606508976588294,-1.4375000000000029,0.47202797202797203,251,-0.16027801436661726,-0.1728421734903285,2.5966476520964523,1.920815366522932,-2.9507423976876703,-2.4439562634180345,0.4940239043824701,231,0.22254875703526214,-0.2836208934058226,3.462274865827688,2.859493931289858,-3.4793274897991737,-3.156250000000005,0.48484848484848486,166,1.386837007882849,0.3720508166969116,5.255455131679707,4.1572780176040265,-4.354074565162612,-3.86057692307692,0.5180722891566265,0.3853211009174312,4.873015873015873,2.965367965367965,6.234939759036145,8,-0.413215419857795,0.28048468955811523,7,-0.7258066032574906,0.37793750326319525,7,-0.7008358885249878,1.1242987048349455,6,-0.43601951292760566,2.833911001389173,BEYOND_TRIGGER,GE_8,,
TS_BAND_X_TRIGGER,,,9,256,220,-0.051608750352563536,-0.3819074948316792,1.8230575215735718,1.4704425734996085,-1.7306709947617187,-1.4157405997868744,0.40454545454545454,208,-0.22575126903665144,-0.45624096773868583,2.792851786930809,1.865222623345364,-2.965343906886613,-2.3440656395164297,0.44711538461538464,206,0.03468981728447118,-0.1636836025268262,3.368111722538236,2.162939643942674,-3.3600689074271943,-2.817416758141233,0.47572815533980584,134,-0.2169144793883509,-0.1840609728807063,4.63358374951242,3.9461247637051056,-4.300547326723592,-3.9116939194450357,0.4925373134328358,0.5285714285714286,4.2105263157894735,2.8155339805825244,5.0,7,-0.6442113820287019,0.4165080858901958,6,-1.4057677363470518,0.7248221781427571,6,-1.0987075793340464,0.8834006375174642,5,-0.4683560895094266,0.293676326846712,EXTENDED_BEYOND_TRIGGER,GE_8,,
TS_BAND_X_TRIGGER,,,9,60,48,-0.11309912133204979,-0.37660993481504756,1.1748507148605665,1.0129362948498866,-1.5376396012302294,-1.0756219722473093,0.4583333333333333,38,-0.2891728093319898,-0.10549155468178581,1.8683646768361841,1.5488740660237421,-2.6240189739762014,-2.23880427163739,0.42105263157894735,32,0.48640242287952506,0.7220098941191688,3.021058761081552,2.434928631402178,-3.0135476402616677,-2.251524446173736,0.53125,25,0.8333491666872948,0.9193170787415106,3.01245321064623,2.780791412093886,-3.498186241774335,-2.4943957611575307,0.56,0.75,3.0,3.09375,6.92,8,-1.0163267173991546,1.0301002024593169,7,-1.8240607656496226,1.7291707142764614,7,-1.86328170405296,3.0326802073155434,6,-1.1558886120577923,3.788587837508572,FRESHLY_TRIGGERED,GE_8,,
TS_BAND_X_TRIGGER,,,8,61,58,-0.43072265122523457,-0.6633499170812573,1.6767859166079906,1.3357666083694708,-1.340112579246182,-1.112450490786987,0.3448275862068966,53,-0.8961710321771357,-1.753267452980556,2.761710042496196,2.0086738187628184,-2.875029713330245,-2.603198214949798,0.32075471698113206,48,-0.346778850550506,-0.2289096410384883,3.424213909692755,2.745916072509791,-3.732412933115507,-3.1043140835425698,0.3958333333333333,45,0.8315193646275847,-0.5370201096892235,4.619574232910967,2.75974025974024,-5.079287410610526,-3.920943576665603,0.4666666666666667,0.2903225806451613,5.1,2.2083333333333335,4.777777777777778,7,-1.5066235252874838,0.6051184518844912,7,-2.341736098065323,1.1216913783236826,7,-3.2218591040395705,3.7539062769362737,6,-2.1174075839930517,3.9492897698592775,INVALIDATED,GE_8,,
TS_BAND_X_TRIGGER,,,8,129,108,0.391473976359809,-0.02014312898468985,1.7547478876270535,1.3084565059365172,-0.7678030648652525,-0.732448068418512,0.5,90,0.3221593128670265,0.1292766320316385,2.6426393715908536,1.9851780441199174,-1.752288488565086,-1.6716342502377137,0.5444444444444444,84,0.6337725667100083,0.6170286124919433,3.4201183190950646,2.7730560399209625,-2.0977191445510175,-1.9280575539568408,0.5357142857142857,53,1.0040180767596465,-0.3811944091486663,4.73914590079478,3.870533999231651,-2.7286626889733077,-2.6229897335469654,0.49056603773584906,0.391304347826087,4.0,3.261904761904762,6.113207547169812,7,-0.17299932834460507,1.0344806669012785,6,-0.2858167279770922,0.8143966157366035,6,-0.14960420407324046,1.6336465879531463,5,0.02422631180040583,2.6272863548506242,NEAR,GE_8,,
TS_BAND_X_TRIGGER,,,7,30,28,-0.6929410137981523,-0.9284978120691456,1.3656067076193872,0.940474825094606,-2.068230829502697,-1.3786309642310035,0.2857142857142857,26,-0.6022212194268793,-0.8656632267089182,1.876083312192406,0.940474825094606,-2.9683720368111883,-2.400997817274708,0.34615384615384615,23,-0.4460109090408865,-1.0601808543810431,3.06065841767423,2.6788591685465546,-3.400318323582957,-2.3975065931431283,0.30434782608695654,18,0.15990752334022396,-1.3288685070878048,4.192025364432168,3.7211493170042464,-4.3260581987969235,-3.5611865244178698,0.3333333333333333,0.16666666666666666,4.0,2.8260869565217392,4.555555555555555,6,-1.744133790318464,0.704334080929546,5,-1.6294903456319012,0.7853172668523042,5,-2.805128919370145,2.087094286324725,4,-1.963527748891142,3.3664490133958096,NOT_APPLICABLE,GE_8,,
TS_BAND_X_TRIGGER,,,5,14,11,0.4081302234702057,-0.397535804549276,2.022819309502136,1.0478096040438034,-0.8403238877096467,-0.7292544229149045,0.45454545454545453,7,0.3450677784448678,0.046067027525054,2.1510206192160592,1.3129102844638971,-1.4048397551727425,-0.7370724404007878,0.5714285714285714,5,-1.3966995294141955,-2.716933445661329,2.4862647531169246,1.0478096040438034,-3.0595275691484476,-2.951242628475137,0.4,2,4.023292747485452,4.023292747485452,7.358390682901006,7.358390682901006,-0.2823363331568851,-0.2823363331568851,1.0,1.0,6.0,1.8,7.0,4,-1.0947203573840325,2.5135716682277347,3,-2.40631163708086,1.8846887105156584,3,-5.733070348454961,3.5997882477501357,1,,,TOO_FAR_BELOW,GE_8,,
TS_BAND_X_TRIGGER,,,8,109,99,0.3667363166622092,0.3094555873925486,1.7603054383752734,1.4936519790888614,-1.0545504428326704,-1.0781329274480056,0.6060606060606061,86,1.3707117376250686,1.2946089373958136,3.3690525532170175,2.5024194663348487,-1.5736826575407703,-1.2483281319661257,0.6744186046511628,77,2.1267322141625047,1.8671645772205807,4.565292986738193,4.31596091205213,-1.5992201292398822,-1.1043622308117065,0.7142857142857143,55,2.6192058902380153,2.1715988929103647,6.315445535984277,5.097551644988529,-1.925425989951382,-1.1043622308117065,0.8545454545454545,0.6857142857142857,2.9583333333333335,3.155844155844156,5.490909090909091,7,0.17368590937919215,0.7369325067738676,6,0.929096961867771,2.1909067158739277,6,1.2424590071679433,2.864676120236653,5,1.985227771283337,3.3074498724279002,APPROACHING,LT_6,,
TS_BAND_X_TRIGGER,,,6,31,24,0.5689304801008533,0.8121555199213204,1.4905388138807982,1.5990868781556422,-0.8721676317906154,-0.1592920353982396,0.75,19,-0.014365494507864852,1.1723329425556983,2.8179351337585867,3.5221238938053068,-2.468034879945947,-1.1137162954278912,0.5789473684210527,18,-1.645222537752265,-1.3333333333333308,3.240996741373355,3.283379416604104,-3.1320150082035045,-2.637749120750288,0.3888888888888889,16,1.685662605872402,2.5954579485899743,3.7786058438572385,3.5221238938053068,-3.590710282982575,-3.0186225243866383,0.6875,0.8181818181818182,2.3333333333333335,2.388888888888889,4.6875,5,-1.4406855310740805,1.5253907882667581,3,-3.4395122438621026,0.7041890053197252,3,-4.903852655560003,-0.8154951902715503,3,-0.7240308545332419,2.615711333015841,AT_TRIGGER,LT_6,,
TS_BAND_X_TRIGGER,,,9,418,369,0.4721798461384885,0.22095959595958,2.1865879494363747,1.4813045036435435,-1.1781223095080486,-1.16884224895486,0.5501355013550135,329,1.504147931339286,0.2585816794880013,4.330353689048853,2.740965802572904,-2.019312616618701,-1.8421896898164536,0.5258358662613982,307,2.2074444014251227,1.312487936691764,5.5138624259207605,4.105476673427999,-2.3573892225451623,-2.2595409456723226,0.6188925081433225,210,4.191298913382296,2.680856796443476,8.156730900689512,6.757408729869841,-2.2635447448881623,-2.1885702054794565,0.8,0.8173913043478261,3.7450980392156863,3.1400651465798046,6.085714285714285,8,-0.01548041553818441,1.1852107808510794,7,0.6457278418398419,2.7258050037516846,7,1.2812071872863564,3.317871252840089,6,3.153254967695655,6.004784427400037,BEYOND_TRIGGER,LT_6,,
TS_BAND_X_TRIGGER,,,9,150,131,0.5121763651473035,0.1530729392555496,1.8038358086053696,1.1872739078007566,-1.184488665979863,-0.9524725803348066,0.5114503816793893,112,0.7706321430039446,0.5140821400896334,3.3798368889929558,2.259440926530787,-2.18284472287923,-1.8201674554058969,0.5625,107,1.8747444219243783,1.919798384107918,4.616249949195551,3.376948239368871,-2.6117563461771978,-2.0104795534798936,0.6074766355140186,70,2.073981815116535,1.5595735484800644,5.908424384775535,4.6336202538649225,-2.941861862747486,-2.8632916470597296,0.6285714285714286,0.3888888888888889,4.111111111111111,3.4299065420560746,5.728571428571429,8,-0.30322739252112574,1.4107425372672713,7,-0.7930973303978378,1.960044083330021,7,-0.11168327461675509,3.6856801929369234,5,0.7596091143869085,3.5214896199323444,EXTENDED_BEYOND_TRIGGER,LT_6,,
TS_BAND_X_TRIGGER,,,9,308,248,0.9121365352928386,0.47964376215957616,2.2873137150273055,1.6048210123742468,-0.8497683214254576,-0.9023901538411094,0.625,199,2.5205983681540487,1.798279906176714,4.9452511238433345,3.2483302975106154,-1.3888971715950533,-1.3827596351868143,0.6884422110552764,181,3.169616237369441,2.001539645881456,6.054990051312073,4.540684251031957,-1.590814103879623,-1.5850360576923128,0.7790055248618785,124,6.259316119073539,4.314117794172812,9.376896178163275,8.632770387244026,-1.6648211540610804,-1.5762672291020796,0.9516129032258065,0.8,3.8,3.4419889502762433,7.169354838709677,8,0.6347698809358275,1.1574817996632671,7,2.084386213564641,3.096644718752828,7,2.7378568100801317,3.871360120755403,6,5.361848297879324,7.058189689766374,FRESHLY_TRIGGERED,LT_6,,
TS_BAND_X_TRIGGER,,,9,85,73,0.7790562069439204,0.7361327112493488,1.8881939377708656,1.3768453768453703,-0.9658047803120023,-0.718027531274279,0.7123287671232876,69,1.4583678478112385,0.9040824975278916,4.043437080937241,2.8833762886598,-1.7029323972537527,-1.1479591836734748,0.7391304347826086,67,2.01664275786033,1.6047297297297147,4.900893270422277,3.2621877273829814,-2.197082624457558,-1.7039853541754746,0.7313432835820896,48,2.141943821642261,1.6628424838543543,6.24934886364606,5.345445199037391,-2.3084236839141927,-2.1958457509910154,0.8541666666666666,0.7142857142857143,3.0,3.1044776119402986,5.645833333333333,8,0.15373814867041283,1.4198778146554314,7,0.8347814552349271,2.125863051400745,7,0.756426976952004,3.201522007586631,6,1.4766548943093567,2.7671075933421543,INVALIDATED,LT_6,,
TS_BAND_X_TRIGGER,,,8,67,60,0.1780468980250634,0.5301415532600995,1.4799677447056505,1.2979735204761922,-1.2470412207635089,-1.0051956338188561,0.6166666666666667,48,1.5983618699186233,0.19506462846151648,3.808552535262608,2.2561903035725805,-1.9100829563935406,-1.9754114183956617,0.5,45,2.6988176774447683,0.7491146826477779,5.301122011768372,3.345498783454981,-2.272917106143239,-2.104903857094087,0.6,25,4.268536988599269,6.323907455012856,8.702604065247645,7.770072279742135,-2.366319817173074,-2.2879177377892024,0.88,0.8461538461538461,4.636363636363637,3.022222222222222,6.56,7,-0.3962458421663468,0.8554579231451673,6,0.5572978348599436,2.5844992957978676,6,0.4179565081583959,4.518272689962281,5,3.377572787868154,5.846362651117054,NEAR,LT_6,,
TS_BAND_X_TRIGGER,,,9,134,102,0.682549730410043,0.6495291445697715,2.352074386023287,1.721060343679226,-0.8972708004633322,-0.7011605415860767,0.7843137254901961,84,0.744222297378633,0.7783681586061464,4.367251609076304,3.9993735243117334,-2.0830513533384893,-1.2913905138117743,0.6190476190476191,76,0.7330756373277093,1.9011311964205135,4.863278552088778,4.061090414756463,-2.6025997242187615,-1.7624813672929007,0.618421052631579,42,1.5543493446423753,1.432588030526194,6.7901385974336295,6.426535494452956,-2.899176764719495,-1.707333366299141,0.6666666666666666,0.7391304347826086,3.1818181818181817,2.8157894736842106,5.857142857142857,8,0.26034171979243115,1.1154294862099678,7,-0.4632529858282715,2.4604050031687867,7,-0.4416160534173763,2.126806943946891,6,0.41592142660123604,3.140650045590209,NOT_APPLICABLE,LT_6,,
TS_BAND_X_TRIGGER,,,8,39,28,0.03693468801174358,0.3075740099961477,1.3261625959037275,1.1746905832642485,-1.479322072446403,-1.5850378551008126,0.75,25,2.1918468829453186,0.4199183932179329,3.978510398511208,2.6865334687887987,-1.7617926174447922,-1.72663560549704,0.76,25,3.664543116494169,2.5527192008879096,6.143508644859858,3.995560488346284,-2.2958463393664346,-2.1986293229806275,0.68,22,5.716034713169556,4.6665922500357615,7.93371840973716,6.5753766869861785,-2.4322079159427856,-2.0763940502268765,0.8636363636363636,1.0,6.071428571428571,3.96,7.363636363636363,6,-0.31706189642978305,0.49659195457354294,5,1.0562413890357238,3.9876040571904374,5,1.531478894722924,7.80362386153515,4,4.216460479243512,12.647233107953715,TOO_FAR_BELOW,LT_6,,
SETUP_TYPE_X_TRIGGER,,,9,54,49,0.787393392993388,0.4132231404958775,2.4697957434052222,2.114023340348181,-1.6124399811418975,-1.4462809917355268,0.6938775510204082,48,0.9268077607086053,0.7916617854171193,3.722838331525916,3.121927236971489,-2.876946261021548,-2.690592628678962,0.6458333333333334,47,1.541755878781678,1.1111111111111072,4.475298349247899,4.313267095265916,-3.0412272210010354,-3.096159571301005,0.7659574468085106,38,1.47184754030379,0.0572737686139523,6.1020935856083,4.756797437798177,-3.81344982539693,-3.223552953592468,0.5526315789473685,1.0,3.4545454545454546,2.702127659574468,5.131578947368421,8,-0.15595749063742229,1.8548482676778697,7,0.0679303589743719,2.159250544057728,7,0.6047763720773863,2.8885191922528968,6,-1.1362455049730547,4.797677698179986,BEYOND_TRIGGER,,breakout,
SETUP_TYPE_X_TRIGGER,,,4,6,6,2.6108713020044694,2.123515775531237,4.1523999427398115,3.4208304136529755,-1.2458337692671424,-1.3380138805579531,1.0,6,2.79256727257254,2.0872661634561473,5.785522456164441,5.33630727069675,-1.4825163228449398,-1.6930377109246495,1.0,6,3.310096509412027,2.0134228187919323,5.85240060237453,5.33630727069675,-1.4825163228449398,-1.6930377109246495,1.0,4,0.5134754593463602,0.0875401225561844,6.319493288198302,5.602567843594963,-2.10818200222267,-2.9954649376250977,0.75,1.0,1.0,3.0,3.25,4,0.3669963042739077,4.639002376327957,4,1.9557848323659714,4.806252581396153,4,1.9666106014499252,6.558535428036264,3,-0.2829387205455059,2.5322391559202684,EXTENDED_BEYOND_TRIGGER,,breakout,
SETUP_TYPE_X_TRIGGER,,,9,56,49,-0.00966223919074434,-0.2294016440451241,1.859576647406588,1.588846917714859,-1.3987262481634182,-1.2501166153559118,0.46938775510204084,45,-0.03528264772387509,0.0751455945895207,2.933831550935501,2.093290001911674,-2.1822716070030284,-1.8531609775802813,0.5111111111111111,42,0.9511293024522632,1.1632805926164669,3.963378357262945,2.6000586380713453,-2.2978598286807275,-1.7872059025523632,0.6190476190476191,33,1.893151830770104,2.735678200362224,5.144840628688338,4.145077720207246,-2.693561179430892,-1.8531609775802813,0.6666666666666666,0.5333333333333333,4.0,3.238095238095238,6.121212121212121,8,-0.8045010592359602,0.9723114551144979,7,-0.9185610114084678,1.1192822578471067,7,-0.6488048673908311,2.810323467251636,6,0.9209469539944941,3.782228533509271,FRESHLY_TRIGGERED,,breakout,
SETUP_TYPE_X_TRIGGER,,,2,5,5,-0.19826527405991667,-0.0942951438000938,1.1895637007780158,0.7004231723332977,-0.7182383121491642,-0.7221638655462104,0.4,1,1.6609575400302612,1.6609575400302612,1.9596909105393128,1.9596909105393128,-0.0836453437425333,-0.0836453437425333,1.0,1,0.2987333705090522,0.2987333705090522,2.146897156058314,2.146897156058314,-0.0836453437425333,-0.0836453437425333,1.0,0,,,,,,,,,,4.0,,2,-0.4629196193414037,0.8603521070660314,1,,,1,,,0,,,APPROACHING,,extended_momentum,
SETUP_TYPE_X_TRIGGER,,,6,31,27,-0.8536083990352267,-0.9463539247561492,0.593907143918634,0.5679012345678913,-1.5540928857432201,-2.0685332218972063,0.2222222222222222,23,-0.9430080433210793,-1.3375394321766598,1.525300716019673,1.0569583088667178,-2.634803333952775,-2.793930706191017,0.2608695652173913,23,-1.6306011466891615,-1.6329726253390353,1.8774453483834035,1.5211251852473184,-3.4091946700998728,-3.478213831715038,0.2608695652173913,9,-0.27508409304883114,0.4668769716088317,3.6749039167393667,3.2050473186119977,-4.422282531447244,-4.618715419773878,0.5555555555555556,0.0,5.0,2.739130434782609,8.0,5,-1.7872069502647563,-0.2673926205215742,4,-2.5372181393392017,1.6461123035341678,4,-3.1536844991427424,-0.8900981200700698,2,-1.1752671759292843,1.5252820727120753,AT_TRIGGER,,extended_momentum,
SETUP_TYPE_X_TRIGGER,,,3,12,12,-0.45716138977860793,-0.5792581040436673,0.6215373225471684,1.111172997660681,-3.21229899981572,-2.7058910270589043,0.25,12,-0.7392283221519228,-1.194426011944261,1.97018108523638,1.5377500289050827,-3.9876568004731783,-2.899587780118573,0.4166666666666667,12,-0.49428777818240793,-0.4423800044237924,2.166516163770414,2.289183468864886,-4.106146973218529,-2.995818734408867,0.3333333333333333,6,-4.018012450403037,-3.527105224316507,1.5197624023621383,1.3329095200928842,-5.8123537068866105,-5.420858626928609,0.0,0.0,,2.75,2.5,3,-0.8036570080365735,-0.3119634436487384,3,-1.5818202071961718,-0.3034030593711355,3,-0.7572195725231885,0.3481118413724005,2,-6.804733888493178,-1.2312910123128962,BEYOND_TRIGGER,,extended_momentum,
SETUP_TYPE_X_TRIGGER,,,6,31,30,-0.2845467443814709,-0.2429897458327223,1.4633568946870632,1.2623863935951496,-1.9009974439611896,-0.9244226264823296,0.43333333333333335,22,0.23038538512528486,-0.6116231815534945,2.8762864714374645,1.9084878163643348,-3.249080862425295,-2.576450758487836,0.45454545454545453,18,0.1032009172794002,1.2219494090104588,3.9581344670911824,2.359739947026229,-3.993200000603488,-3.876715627257399,0.6111111111111112,14,0.5127567032431223,1.2413492477275967,5.155351056697604,5.388747424942265,-3.8752451016435963,-3.799206171416408,0.6428571428571429,0.6666666666666666,3.0,3.2777777777777777,6.071428571428571,6,-1.257923328016114,0.8508444811527434,5,-1.2984420887361492,3.823628136151735,5,-1.2296491411847519,3.2229075107636036,4,-1.6718266387775291,2.098260896437485,FRESHLY_TRIGGERED,,extended_momentum,
SETUP_TYPE_X_TRIGGER,,,4,9,9,-0.5540194283891471,-0.7317073170731825,1.0839148028829817,1.4120667522464547,-0.9063522817187314,-0.94993581514764,0.0,6,-1.170533115398814,-1.742249551626951,1.187183673567327,1.1704771147952209,-2.1638639131478787,-2.422696844118588,0.0,3,-0.10530165643504547,-0.3187759005419233,1.0671798251185842,0.8288173414089828,-2.1297661602583244,-2.422696844118588,0.3333333333333333,2,-3.602167676123691,-3.602167676123691,0.8288173414089828,0.8288173414089828,-3.920943576665603,-3.920943576665603,0.0,0.0,,2.3333333333333335,1.0,4,-0.7711898108764191,-0.18970445833004224,4,-1.7505129776421549,-0.0160823415889355,2,-0.3187759005419233,0.3216468317787102,1,,,INVALIDATED,,extended_momentum,
SETUP_TYPE_X_TRIGGER,,,8,122,111,0.375448018620498,0.1010101010100905,1.691414671975322,1.1363636363636465,-0.8317387127703731,-0.9347069659548346,0.5405405405405406,91,-0.05552607410569196,0.2085766727849103,2.192503459599942,1.6502946954813469,-1.8703692666463698,-1.8622848200312905,0.5824175824175825,91,0.6142295060469816,0.7587399154821206,2.9194897542354434,2.5593667546174093,-2.2228685859743127,-2.263669695520476,0.5604395604395604,41,0.19200198306563193,-0.5511635675314652,4.593962418432118,3.7410071942446166,-2.9103558718877593,-2.762589928057546,0.4146341463414634,0.30303030303030304,4.1,2.901098901098901,5.390243902439025,7,0.019727903513655245,0.8525152651816514,6,-0.41228934171479603,0.24780083273982148,6,-0.6391480576272011,1.3238509783770565,5,-0.6879521857135679,0.9528051977256747,NEAR,,extended_momentum,
SETUP_TYPE_X_TRIGGER,,,1,1,1,0.0161869047940133,0.0161869047940133,1.529662503035034,1.529662503035034,-0.1780559527342462,-0.1780559527342462,1.0,0,,,,,,,,0,,,,,,,,0,,,,,,,,,,,,1,,,0,,,0,,,0,,,TOO_FAR_BELOW,,extended_momentum,
SETUP_TYPE_X_TRIGGER,,,8,62,53,-0.2242591625816254,-0.2729443875810422,1.3679457870049874,0.921452336178219,-1.4686796054509357,-1.309856130556153,0.3584905660377358,47,-0.5843526242198712,-0.3872019563888274,1.9209054048358687,1.2755706500276354,-2.618925182284685,-2.771550845730586,0.3617021276595745,45,-0.7715346742864685,-1.332560834298957,2.3415185473473445,1.2755706500276354,-3.386680946045701,-3.097834676782052,0.3333333333333333,19,1.4844744340697418,1.1853959222380084,4.887076373634393,3.058288161681056,-3.0224033200131393,-3.097834676782052,0.5789473684210527,0.7,3.7142857142857144,2.3555555555555556,6.105263157894737,7,-0.5039922472413554,0.1035734830058031,6,-1.091270504459762,-0.0328597026852017,6,-1.7765594239979636,0.31472397662444695,3,0.4921036860492738,2.9232894221452477,BEYOND_TRIGGER,,momentum_continuation,
SETUP_TYPE_X_TRIGGER,,,8,56,41,-1.4725293528428334,-1.6933564163600925,1.0408874874364662,0.9437845466305994,-2.1115460185409773,-2.044235924932969,0.14634146341463414,38,-1.738760193782958,-1.4290949065591807,1.350418730821353,0.9437845466305994,-3.6897113868664717,-3.7030667376588164,0.23684210526315788,36,-2.300088197886171,-2.5282633005933532,1.7892600634247091,1.5761743168422937,-4.465249904884985,-4.028292322542043,0.25,20,-1.423119213610971,-2.2957867815989355,3.239954973236413,2.3693654076385684,-5.259573859325674,-4.576856649395511,0.3,0.1,3.0,2.6666666666666665,5.75,6,-2.301203656266235,-0.8136376017764456,5,-2.4743650954145577,-0.8447634883464742,5,-3.0808240798149935,-0.5575624183466377,4,-3.020471381750277,0.5292001030037364,EXTENDED_BEYOND_TRIGGER,,momentum_continuation,
SETUP_TYPE_X_TRIGGER,,,1,3,3,-1.258556502942243,-1.258556502942243,0.4563468235859291,0.4563468235859291,-1.520355470157331,-1.5203554701573307,0.0,3,-1.8998438813498275,-1.8998438813498275,0.4563468235859291,0.4563468235859291,-2.7164645130299037,-2.716464513029904,0.0,0,,,,,,,,0,,,,,,,,,,,,1,,,1,,,0,,,0,,,FRESHLY_TRIGGERED,,momentum_continuation,
SETUP_TYPE_X_TRIGGER,,,7,18,16,0.1498300303516012,-0.15124040412752834,0.9449268590662239,0.9501341885086223,-0.9560012525935067,-0.9515717926932954,0.4375,14,0.9002196321911157,1.4002028440066594,1.7740016960178988,1.9795706283425751,-1.5179962348718141,-1.8072136466174893,0.5714285714285714,9,1.659986736280572,1.8602514784406,3.2040014876847427,3.34156284090259,-1.8022835118169216,-1.8072136466174893,0.8888888888888888,5,0.6725789227386625,-0.8669690532238539,5.227227424706106,3.5137155673126808,-1.8798131013328567,-1.822991546379893,0.4,0.4,5.0,4.111111111111111,5.8,6,-0.17438819643945913,0.5589649414676305,5,0.46951652630642116,1.798051371630435,4,0.2757544635718561,2.7712205306734594,2,-1.2651676347115948,1.1570155621012268,INVALIDATED,,none,
SETUP_TYPE_X_TRIGGER,,,9,403,341,0.21794502366643578,0.1558379285542921,1.8128358117759806,1.2941897690893045,-1.197235342405706,-0.9307320565598688,0.5454545454545454,304,0.9001023779690807,0.0954328561690642,3.5450735526892307,2.314050940040957,-2.0480123733939912,-1.5828705531321041,0.5230263157894737,276,1.1274662071679467,0.6307390567888094,4.29116136718785,2.9947319857516863,-2.3908398256455747,-2.021532470105969,0.5978260869565217,171,1.2740522323348094,0.285632676378178,5.904767888772975,4.0473610896146095,-3.085371907725177,-2.4920466595970248,0.5263157894736842,0.4485981308411215,3.7096774193548385,3.068840579710145,5.578947368421052,8,-0.25614730655796275,0.9829634240748076,7,-0.30273774187593777,3.091690633539335,7,0.041468511979714046,2.6836561283371343,6,-0.31593901480581965,3.4320095568114897,NOT_APPLICABLE,,none,
SETUP_TYPE_X_TRIGGER,,,1,4,0,,,,,,,,0,,,,,,,,0,,,,,,,,0,,,,,,,,,,,,0,,,0,,,0,,,0,,,APPROACHING,,pullback,
SETUP_TYPE_X_TRIGGER,,,5,71,49,1.2036716560339105,1.0986386434201023,2.1857194393289863,1.6610765053505894,-0.34928018440502606,-0.1592920353982396,0.7551020408163265,34,0.5487270144445475,1.3922031716722905,3.2267012847759378,3.5221238938053068,-1.7047661070531255,-1.0584105718839887,0.6470588235294118,33,-1.6112995435668331,-0.5812653699977632,3.3251433677674975,3.5221238938053068,-3.053833731466312,-2.528752763494546,0.3939393939393939,25,1.743985622618236,1.6257759385161163,4.043120612209428,3.5221238938053068,-4.189593309172424,-2.3054417788180293,0.8,0.625,2.9,2.6666666666666665,4.36,3,0.28313218056155787,1.4668564914506284,2,-0.10715851299541629,0.7848458043229347,2,-2.759835728154295,-1.2437679644988455,2,-1.269064942182846,2.695475274660683,AT_TRIGGER,,pullback,
SETUP_TYPE_X_TRIGGER,,,9,1681,1456,0.2861495053148057,0.086111233675179,1.8817630400196705,1.4168079438120706,-1.2509455397271199,-1.136485472284765,0.5206043956043956,1260,0.8856965733117884,0.2585816794880013,3.5491756006947686,2.2729675441378383,-2.2888779127520262,-2.0920502092050097,0.5277777777777778,1154,1.3436265440410764,0.47846724895386217,4.602316166931994,3.21764768769377,-2.714662902969235,-2.397856664434028,0.5580589254766031,728,3.3172391039425264,2.6982637259502784,6.9363892703946615,5.531240416035599,-3.004249597493814,-2.6562346171937365,0.7074175824175825,0.6575963718820862,4.069069069069069,3.0069324090121317,6.177197802197802,8,-0.0065602430187045955,0.7722830371726362,7,0.42623057336059567,1.6333001109211474,7,0.9893757887889402,1.7265323385554605,6,2.7626194182322137,3.8439455165531284,BEYOND_TRIGGER,,pullback,
SETUP_TYPE_X_TRIGGER,,,9,665,598,0.1073159713499528,-0.031665611146292,1.6589636962705787,1.3619777074865946,-1.5666688269243494,-1.3069747769872686,0.49331103678929766,553,0.2082518449861178,0.1089799476896136,3.1247436268344027,2.2132443351484232,-2.695555791102698,-2.110843373493976,0.5189873417721519,539,0.5274039956665146,0.1057721365971708,3.952478005435208,2.764976958525356,-3.1370226691147045,-2.502130935686997,0.5194805194805194,358,1.5997992969374706,0.9441844919786168,5.962978001900493,4.3333647972273015,-3.8900618443165134,-3.415168231776644,0.61731843575419,0.5833333333333334,4.683333333333334,2.9406307977736548,5.550279329608938,8,-0.4629843744136572,0.5580198937038687,7,-0.5000867952737679,0.8918750314075926,7,-0.362043495274312,1.2514997819683062,6,1.1052268382624841,2.5382874259200685,EXTENDED_BEYOND_TRIGGER,,pullback,
SETUP_TYPE_X_TRIGGER,,,9,771,597,0.5855001540944131,0.2797761790567454,2.0450054524000363,1.5398758905998733,-1.082797721665611,-0.9074152842761918,0.6030150753768844,468,1.6361237706198695,0.7638155687093806,3.9630887545678117,2.359811727636618,-1.9199988726531854,-1.6349296344649655,0.6175213675213675,423,2.4834367394143126,1.4024245305443328,5.2503251197678535,3.237410071942448,-2.295207327364833,-2.130681818181812,0.706855791962175,273,5.906742558953407,4.243172349946001,8.853469896511239,7.693426410703896,-2.4970097571618197,-2.2508440665249485,0.8827838827838828,0.7380952380952381,4.148648648648648,3.3333333333333335,7.26007326007326,8,0.16929939908771763,0.9509461797188429,7,1.2370994565197035,2.2059999768659515,7,1.937111740464223,3.0580622288267345,6,5.369952732226071,6.281964898074096,FRESHLY_TRIGGERED,,pullback,
SETUP_TYPE_X_TRIGGER,,,9,384,345,0.2782035358854114,0.0895415472779381,1.8023469334867437,1.3263871132702665,-1.0543059266441943,-0.9884678747940744,0.527536231884058,313,0.8320497265998948,0.2457638080455293,3.3796910625561116,2.418721532904033,-2.0551547169257036,-1.659954473822456,0.5399361022364217,292,1.4576973247197595,0.8701472556894352,4.322566054086432,2.965574450435504,-2.539306115561058,-1.9911280262876865,0.6301369863013698,242,2.305035570258115,2.0437933890574467,5.463703042954546,4.323635099107448,-2.868505285349066,-2.338435374149661,0.6776859504132231,0.59375,4.183908045977011,3.0034246575342465,5.966942148760331,8,0.14067591014905206,0.40345502257954147,7,0.3418939137093572,1.2653936294041346,7,0.8112495856753238,2.1459243126332743,6,1.2827442464652938,3.370869689091609,INVALIDATED,,pullback,
SETUP_TYPE_X_TRIGGER,,,4,11,6,0.6129659185391415,0.306421589172634,2.6495900284149423,2.4701295976183424,-2.3388595142636306,-2.674393748278825,0.6666666666666666,4,0.5652568137885283,0.36610850849999044,3.5671695815733986,2.3559095815674835,-3.6123285514842616,-3.205423388193762,0.5,4,1.878301189597692,1.9586995735018264,4.980805468796962,5.04882517626587,-3.6276753900355203,-3.2361170652962787,0.5,4,3.551796015011699,3.9668618707877794,6.862905432541078,7.189586102793488,-4.9217235738895635,-5.006119111541418,0.5,0.0,,2.5,5.75,3,-1.269096979983253,1.9698559606762405,2,-1.0480162549460048,1.1030145033667058,2,-0.1604106512672509,2.55787180321934,2,-2.128114640145451,5.445099566730749,NEAR,,pullback,
SETUP_TYPE_X_TRIGGER,,,1,1,0,,,,,,,,0,,,,,,,,0,,,,,,,,0,,,,,,,,,,,,0,,,0,,,0,,,0,,,TOO_FAR_BELOW,,pullback,
SETUP_TYPE_X_TRIGGER,,,8,36,34,-0.3173713586245071,-0.2987506789788097,1.5651177363725834,1.4948366734081064,-1.7344723063821939,-1.6838674633351425,0.4411764705882353,34,1.2266634853702842,0.2368821172778368,4.197424667924793,2.996167240607784,-2.2092373650470556,-1.797838768289184,0.5,32,2.8470376563328426,1.0186476099421582,7.035766747571384,5.143519029233312,-2.320826172205864,-1.7408531158121634,0.6875,22,4.370414695955748,1.815125003891782,8.783470797258415,8.579790430202316,-2.5138951806984653,-1.6838674633351425,0.9090909090909091,0.7142857142857143,3.6,3.75,5.7272727272727275,7,-1.1930324379039667,1.0513898336492793,7,0.4137815695826462,2.08099681443794,7,0.5521115095904199,5.464749945656131,6,0.4460797106027345,8.752615860547046,BEYOND_TRIGGER,,trend_repair,
SETUP_TYPE_X_TRIGGER,,,8,139,114,-0.06745476285850145,-0.28405644926293716,1.3541689859589268,1.0069945295702598,-1.375310198469457,-1.1756424743729343,0.37719298245614036,95,0.8020571606953925,1.0423287148849436,2.835744871521051,2.0809350925351966,-2.1959514730218346,-2.084331576425502,0.5368421052631579,89,2.134185752164365,2.00357781753131,4.397233612435617,3.406116668459358,-2.2659996739260575,-1.9328982834444508,0.7078651685393258,73,1.413020531205114,0.1950382274925832,5.581323978273293,4.8200885126034265,-2.4189163842112706,-2.3364274394385265,0.5616438356164384,0.37209302325581395,3.7333333333333334,3.4831460674157304,5.794520547945205,7,-0.30519673928545077,0.5212692029824338,6,0.37100132978167605,2.033999521932608,6,1.5685855262850135,2.9816904828057296,5,0.0664557850225645,2.392214753115326,EXTENDED_BEYOND_TRIGGER,,trend_repair,
SETUP_TYPE_X_TRIGGER,,,1,1,1,0.6129762353828561,0.6129762353828561,1.2070916635231963,1.2070916635231963,-1.150509241795561,-1.150509241795561,1.0,0,,,,,,,,0,,,,,,,,0,,,,,,,,,,,,1,,,0,,,0,,,0,,,INVALIDATED,,trend_repair,
SETUP_TYPE_X_TRIGGER,,,8,519,446,0.13453740168514905,0.1626237443795974,1.4006396772577245,1.22561262382348,-1.2139282505819307,-0.9307558555794126,0.5582959641255605,369,0.6232931799204929,0.8023722309436598,2.680712531666949,2.310445818418483,-2.000730227517752,-1.371689845684887,0.6178861788617886,347,1.1436019000531663,1.6359262229350469,3.772344159848986,3.1202540383818755,-2.333554617928563,-1.5352887259394987,0.6484149855907781,223,2.539738696993072,1.9996537396121727,5.9973522019550005,5.116580310880825,-2.9954263399885876,-2.06119847003825,0.7757847533632287,0.628099173553719,4.7176470588235295,3.3025936599423633,6.071748878923767,7,-0.060119297266367194,0.4320986894753102,6,0.42829049480414866,0.9292323461468591,6,0.6718143625084766,1.7459850476732826,5,2.042720378505252,3.1076355815514747,APPROACHING,,vcp,
SETUP_TYPE_X_TRIGGER,,,6,24,22,-1.0524478133091721,-0.8910390564303705,0.46084990309451546,1.167209554831694,-1.9394476636682716,-1.2171780165214918,0.22727272727272727,16,-1.3039443382504172,-1.3707926167209616,0.8465045102910345,1.167209554831694,-4.066515143062965,-3.726135925875341,0.1875,16,0.6267701596193751,-0.1075076151227372,3.39087264250788,1.695073318471274,-4.126516575933003,-3.742059002697762,0.4375,12,0.698885660520837,0.4683709800623437,5.203236694560364,3.27881811077253,-4.552980548958453,-3.8166749615094755,0.5,0.5,4.0,2.6875,5.333333333333333,5,-2.8185658922476478,0.43325824900921234,3,-2.602516952021333,0.056118665409204516,3,-0.4574719499811142,3.2916991182212207,2,0.3177532264317995,1.4611505286989122,AT_TRIGGER,,vcp,
SETUP_TYPE_X_TRIGGER,,,2,5,4,-0.3877088322916,-0.38770883229159997,0.9819298002219701,0.9819298002219701,-0.8406905339096883,-0.8406905339096883,0.0,4,-0.5068354240901962,-0.5068354240901962,1.2574907631870968,1.2574907631870968,-1.3719496611951598,-1.3719496611951598,0.5,4,-1.5486402170103386,-1.5486402170103386,1.4582910435773089,1.4582910435773089,-2.428057823178925,-2.428057823178925,0.0,2,1.187500000000008,1.187500000000008,2.499999999999991,2.499999999999991,-3.4687499999999982,-3.4687499999999982,1.0,,,3.0,9.0,1,,,1,,,1,,,1,,,BEYOND_TRIGGER,,vcp,
SETUP_TYPE_X_TRIGGER,,,8,33,29,-0.32912712946511014,-0.5665489777485933,0.9780861445722946,0.9205860228534536,-1.535959670000096,-1.0756219722473093,0.3793103448275862,20,0.7543849923429612,0.1696352841391135,2.984148841423559,0.9196157319977027,-3.0860125786138175,-2.945351312987932,0.7,20,-0.6990716191181517,-0.3161951828054121,4.007816397221729,3.901611535199323,-3.699831630144705,-3.0286326316150802,0.35,13,0.30426618462745103,1.9339957416607545,3.0612063019176596,5.571327182398855,-5.105642209103995,-3.307888040712448,0.6923076923076923,0.75,8.0,3.0,6.538461538461538,7,-1.0483543540562852,0.4767587930720806,6,-3.6415114180872914,2.8744423319413035,6,-3.3372292448705445,0.6513725768129488,5,-3.1411982774884057,2.749824951097824,FRESHLY_TRIGGERED,,vcp,
SETUP_TYPE_X_TRIGGER,,,9,101,94,-0.12075925290078432,-0.21565457667268578,1.044012106559397,0.7722663057833978,-1.0446178377481405,-0.936331177491223,0.46808510638297873,90,0.06828689852902793,0.1741871267418648,1.8874242326531947,1.6710976072920714,-1.7158785338611842,-1.3934970139349745,0.5555555555555556,79,1.0345616705187457,0.8945014469876389,2.6247690231835734,2.526439482961229,-1.976056133403425,-2.4137931034482696,0.6455696202531646,55,0.8054151904878382,0.9405728943993052,3.4354723516976287,2.8024287716020613,-2.816108641517542,-2.6965725806451624,0.7090909090909091,0.7058823529411765,5.538461538461538,2.8354430379746836,5.654545454545454,8,-0.5247353210919034,0.8734467407536628,7,-0.5389513451045869,0.49891621612744225,7,-0.21398628072678566,1.4787837549222984,6,-0.3398712747695887,1.8496073601755167,INVALIDATED,,vcp,
SETUP_TYPE_X_TRIGGER,,,8,336,282,0.20927077078615897,0.1324793431418336,1.5113706464414558,1.3127648383341128,-1.0031439667485262,-0.924000924000934,0.5354609929078015,233,0.7791771490153399,0.3542003542003513,2.9034964713518363,2.25141629224459,-1.8887593171142902,-1.745820965474154,0.5622317596566524,213,1.2037859202093455,0.540757059883834,3.842793993400513,2.956713711267067,-2.175778996536182,-1.889168765743077,0.6197183098591549,124,2.299988640558824,2.708991191623733,5.868892265848236,5.3124268663702345,-2.616888639743248,-2.2042951695869895,0.6854838709677419,0.7719298245614035,4.711111111111111,3.2347417840375585,6.580645161290323,7,-0.07389903482758865,0.6436059561088806,6,0.38669590515396973,1.2297578172683667,6,0.6437084434256255,1.727004306861708,5,1.1760812070062574,3.8194630617563545,NEAR,,vcp,
SETUP_TYPE_X_TRIGGER,,,9,197,154,0.1171050571573084,0.2356780275561965,1.3803984876962467,1.1925032642520872,-1.0840675125658028,-0.9976525821596248,0.6038961038961039,115,0.8687113695946626,0.046067027525054,2.8352645747819336,2.075926138318618,-1.7713697606770393,-1.6147635524798254,0.5304347826086957,100,1.292921565058462,0.5111412826451556,4.344473649858583,3.149339654588545,-2.582266938944299,-1.8782249742002155,0.54,71,3.4851959026842962,2.3905354311501537,6.377313202982884,4.810267857142869,-2.963283884190001,-2.464819765563031,0.7605633802816901,0.7333333333333333,5.818181818181818,3.21,6.408450704225352,8,-0.2643130168774193,0.5419797139837093,7,0.4464072211286583,1.6222988126062752,7,0.3303423928475931,2.6483471605081466,6,2.966634979710973,4.322590843601292,TOO_FAR_BELOW,,vcp,
SETUP_TYPE_X_EXTENSION,,EXTENDED,9,76,66,0.2871900264224056,0.40406659438132486,2.177304562494875,1.7528313386275696,-1.9172794892303175,-1.8357129544586182,0.5757575757575758,64,0.11019462974164343,0.49929620750766013,3.064135928983014,2.5379315579560413,-3.0135292818973234,-2.40047222404407,0.59375,63,0.8998586228612042,1.1111111111111072,3.8370144192951714,3.632033343256924,-3.162499583625741,-2.754742159946621,0.7777777777777778,55,0.9494536860984852,0.0875401225561844,5.056022992463787,3.937621832358684,-3.9610963915038577,-3.185471866626977,0.5636363636363636,0.631578947368421,4.533333333333333,2.7777777777777777,5.345454545454546,8,-0.324998985270273,0.6291277031743465,7,-1.208563042034417,1.3806352505270565,7,-0.795521870447257,2.1953529373811147,6,-1.0297398934159303,3.4807139540874394,,,breakout,
SETUP_TYPE_X_EXTENSION,,EXTREME,3,3,3,2.608253160381232,0.6535947712418277,4.153791347270526,2.133774367594832,-0.6103984037324667,-0.7304882737408813,1.0,3,1.9778149524138364,2.076837567443013,4.866067231394755,4.012688772605277,-1.8620537499668188,-1.8978933383943848,0.6666666666666666,3,2.6993997302403856,3.858146029336007,4.999823523814932,4.413957649865807,-1.8620537499668188,-1.8978933383943848,0.6666666666666666,2,0.9394107961365361,0.9394107961365361,7.036418732801643,7.036418732801643,-0.9773794698669902,-0.9773794698669902,0.5,1.0,1.0,3.0,4.5,3,0.24678520318947383,7.12778429073857,3,-1.9902540612196271,6.611957796014067,3,-3.895937459951304,8.135990621336454,2,-0.6534175636471962,2.5322391559202684,,,breakout,
SETUP_TYPE_X_EXTENSION,,MODERATE,8,37,35,0.7712786606666823,0.4893494530800124,2.31114776113555,1.6119746689694736,-0.7614430386047134,-0.825134877816569,0.6285714285714286,32,1.4583923700364756,0.7772020725388407,4.210277915413469,2.973277586220335,-1.4605845465597214,-1.6880806497904355,0.625,29,2.326939435559623,1.2369033760186277,5.351170277479364,3.882605925453975,-1.5006639693236787,-1.71645702306078,0.5862068965517241,18,3.686630247591841,2.990325417766071,7.487953783417345,6.342483077290561,-1.2453488790415135,-1.525618883131841,0.7777777777777778,1.0,2.0,3.3448275862068964,5.944444444444445,7,-0.040556124925889135,1.624295831575728,6,0.3630807029469803,2.993263100099323,6,1.2150320160152797,4.250847473890694,5,1.4425435048884507,6.005639041358175,,,breakout,
SETUP_TYPE_X_EXTENSION,,EXTENDED,8,100,94,-0.0853751341924174,-0.158273381294971,1.5306667308342556,1.3503696263289733,-1.569020093551583,-0.9683098591549256,0.4574468085106383,80,-0.24744810491593064,-0.026544175255083253,2.2834516887207696,1.6126436411626477,-2.7758411889502197,-2.5472900740420688,0.5,76,0.048087811279911415,-0.3187759005419233,2.975237721608953,2.3909979294960526,-3.210755737293242,-2.795031055900632,0.4868421052631579,47,-0.6766980815935164,-0.7938417127736352,4.022372127999585,2.877953455320648,-3.8819622234956763,-3.9489311163895535,0.40425531914893614,0.22580645161290322,3.4444444444444446,2.723684210526316,4.872340425531915,7,-0.3545205968157835,0.3842819468985344,6,-0.7487396213768446,1.1059044844675847,6,-0.7208927602414699,1.1580230454420506,5,-1.6762333431347947,0.6621688507109995,,,extended_momentum,
SETUP_TYPE_X_EXTENSION,,EXTREME,3,8,3,0.6627472994586622,0.9775258730472024,0.9525823280727671,1.3638577691183595,-0.3684325828400503,-0.3461697128405605,0.6666666666666666,1,2.3586174734991694,2.3586174734991694,2.4465051208006683,2.4465051208006683,-0.3461697128405605,-0.3461697128405605,1.0,1,0.7353864366043128,0.7353864366043128,2.6958190590640863,2.6958190590640863,-0.3461697128405605,-0.3461697128405605,1.0,0,,,,,,,,,,4.0,,2,0.505358012664392,0.9775258730472024,1,,,1,,,0,,,,,extended_momentum,
SETUP_TYPE_X_EXTENSION,,HEALTHY,2,2,2,0.6692838508325583,0.6692838508325583,1.224973930210893,1.224973930210893,-0.5107359288081315,-0.5107359288081315,1.0,2,-0.9253661831231108,-0.9253661831231108,1.4712360234386823,1.4712360234386823,-1.7924000534384366,-1.7924000534384366,0.5,2,-1.6368487655351815,-1.6368487655351815,1.620752294326988,1.620752294326988,-2.232042461284972,-2.232042461284972,0.0,0,,,,,,,,,,2.5,,2,0.0808720112517535,1.257695690413363,2,-2.862165963431784,1.0114335971855626,2,-3.009845288326307,-0.2638522427440559,0,,,,,extended_momentum,
SETUP_TYPE_X_EXTENSION,,MODERATE,8,101,96,0.03481357267890612,-0.2700143773889385,1.2831669049588914,0.807789184873664,-0.9601330833142306,-0.9706233272064768,0.3958333333333333,72,-0.23081384721403767,-0.0950703240779504,1.9796928801821057,1.5396360860160163,-1.9056153390508734,-2.1751658298121814,0.4583333333333333,69,0.19106793750234222,0.2018927444794815,2.5998908864137027,2.374593590339069,-2.3114367475400766,-2.3795542879512355,0.5217391304347826,25,0.5226927237553923,-0.3811944091486663,4.613049131245913,4.071764855579585,-2.94569399375151,-2.7104683459438728,0.48,0.29411764705882354,5.2,3.101449275362319,6.64,7,-0.31934319731873156,0.4326171977429481,6,-0.6765623864985413,0.05588311712499047,6,-0.8743760055072463,0.5845030878018633,5,-0.2351142964921773,0.934727033884036,,,extended_momentum,
SETUP_TYPE_X_EXTENSION,,EXTENDED,8,74,69,-0.9897938949590523,-1.4450261780104667,1.2644905536596633,0.9437845466305994,-1.9150705605886569,-1.8684251844873545,0.2463768115942029,64,-1.3055022286875357,-1.384704521342417,1.6080230300951857,1.0284189040665748,-3.3124489140049866,-3.097834676782052,0.265625,62,-1.755818628526212,-2.492146596858636,2.1327496805716626,1.5761743168422937,-4.1475934056597605,-3.720339679291368,0.2903225806451613,33,0.03428670834126944,-0.274375961988893,4.038625448025616,2.497234076181432,-4.2318814972879,-4.223968565815328,0.42424242424242425,0.3333333333333333,2.8333333333333335,2.629032258064516,6.151515151515151,7,-1.3748602473725564,-0.37810774191087904,6,-2.195646569548468,0.06934997456124488,6,-2.8108792213891354,0.3431356215987764,4,-0.6756486459692336,0.5573969694121663,,,momentum_continuation,
SETUP_TYPE_X_EXTENSION,,EXTREME,2,13,0,,,,,,,,0,,,,,,,,0,,,,,,,,0,,,,,,,,,,,,0,,,0,,,0,,,0,,,,,momentum_continuation,
SETUP_TYPE_X_EXTENSION,,HEALTHY,1,3,3,-1.258556502942243,-1.258556502942243,0.4563468235859291,0.4563468235859291,-1.520355470157331,-1.5203554701573307,0.0,3,-1.8998438813498275,-1.8998438813498275,0.4563468235859291,0.4563468235859291,-2.7164645130299037,-2.716464513029904,0.0,0,,,,,,,,0,,,,,,,,,,,,1,,,1,,,0,,,0,,,,,momentum_continuation,
SETUP_TYPE_X_EXTENSION,,MODERATE,6,31,25,-0.1585464132483075,-0.1518877477216795,1.117106619745707,0.7898894154818148,-1.2909414867384927,-0.972171588285342,0.32,21,-0.47549133648019437,-0.3290428723507266,1.8421424701145404,0.921452336178219,-2.4429421796184285,-2.6298278605525804,0.42857142857142855,19,-0.45586739464042614,-1.332560834298957,1.9763798272882591,0.921452336178219,-2.9473077893163575,-2.9639809055402866,0.3157894736842105,6,-0.23147190002603693,-0.5301669572840395,4.063151796489398,5.065000000000008,-3.827508476043736,-3.905714980256414,0.5,1.0,6.0,2.0526315789473686,4.666666666666667,5,-1.1687131690595203,0.48409825979377336,4,-1.3357351057345899,0.32063113628837087,4,-1.4319138685140533,0.2555549583570473,2,-0.5301669572840395,-0.08212437139703566,,,momentum_continuation,
SETUP_TYPE_X_EXTENSION,,EXTENDED,8,128,112,0.17481487673267607,-0.15124040412752834,1.636776475058443,1.2218308072070583,-1.0060065819372241,-1.0223669748550768,0.45535714285714285,106,0.595260730257195,0.0276421266009352,2.714297725077679,2.3533103231879515,-1.7947081666652989,-1.4930531554572468,0.5377358490566038,100,0.8270783914103008,0.7491541807636448,3.658700124067043,3.1352158310126943,-2.147654904203312,-1.6934700979588988,0.6,66,0.7461765315638844,-0.40134133981469255,5.087859220736843,3.985200197710614,-2.9294650354447103,-2.3635170382227013,0.48484848484848486,0.3902439024390244,4.904761904761905,3.46,6.136363636363637,7,-0.1060670178133708,0.6053657196088993,6,0.062244795434843264,1.4507632387090805,6,0.235260999167734,1.6648365306421309,5,-0.7913855537380194,3.5026860274550407,,,none,
SETUP_TYPE_X_EXTENSION,,EXTREME,6,11,5,-0.037442446319964164,0.6317119393556503,0.8468324505910152,1.3265950726468745,-1.3172756079034964,-0.5685407454200986,0.8,3,-1.506939646949131,0.605143721633894,0.8993892573518458,0.9833585476550556,-2.5959089479145265,-0.3662718204488824,0.6666666666666666,3,0.2666211649144155,0.605143721633894,1.7189549265122765,0.9833585476550556,-2.6148234543454607,-0.3662718204488824,0.6666666666666666,1,-6.226854617130561,-6.226854617130561,-1.2543304264723387,-1.2543304264723387,-7.478198542587499,-7.478198542587499,0.0,,,3.0,1.0,4,-2.03736420287439,1.536194750804611,3,-6.220881615099749,1.0949189526184622,3,-3.8615458129255607,4.056265586034913,1,,,,,none,
SETUP_TYPE_X_EXTENSION,,HEALTHY,9,61,52,1.0644742332330146,0.9273909223842525,2.424615386677598,1.7529666087806817,-0.8115363243289908,-0.7011605415860767,0.7307692307692307,45,2.625108211899062,1.7720499395892153,5.268603543599693,3.85634773389878,-1.3504311001178508,-1.5174739423666428,0.7333333333333333,38,2.212062822066934,1.0415808944971183,5.805219900955494,3.85634773389878,-1.5759699788166526,-1.552072948969907,0.6578947368421053,23,3.3324898227096815,3.305035852633309,8.50732480480472,11.37960101152009,-2.0141542019210603,-2.0502690552414604,0.782608695652174,0.7333333333333333,3.2,2.9473684210526314,5.3478260869565215,8,-1.0072698201194723,2.2295796576918407,7,0.041769713557232545,4.6064539311730055,7,0.4329324066106095,3.3809040873382363,5,1.9593985871500994,7.0232450478068325,,,none,
SETUP_TYPE_X_EXTENSION,,MODERATE,9,221,188,0.010488401411189287,0.12324002465559089,1.7003335850741128,1.0153614452547255,-1.394118445320467,-0.9885736294774627,0.5319148936170213,164,0.6678506692158721,-0.22236344841317646,3.506326205301836,2.1166964274041966,-2.347875102343965,-1.79339962869835,0.4573170731707317,144,1.101072666184456,0.6844285628919478,4.3164674813226345,2.7349558838108523,-2.733302246570351,-2.289554591178322,0.5972222222222222,86,1.180904232029503,-0.1102911361608893,5.879518575012109,3.8568719700342813,-3.3703398162970557,-2.4920466595970248,0.4883720930232558,0.4107142857142857,3.1785714285714284,2.8958333333333335,5.27906976744186,8,-0.4962410018697824,0.7364523288619712,7,-1.109342017522437,3.501705430554206,7,-0.5775067149603847,3.4341156972888074,6,-0.5183133805192369,3.69061354010952,,,none,
SETUP_TYPE_X_EXTENSION,,EXTENDED,9,897,796,0.437162424780133,0.2875215641173101,1.9820103979782469,1.5578886104628653,-1.350468934310093,-1.1890303798697541,0.5452261306532663,720,0.7459288717350819,0.4811372334609043,3.5676472275298416,2.4879763226045126,-2.4474975883554055,-2.011509324975269,0.5666666666666667,698,1.1438727444786523,0.6050270620220677,4.473303158469245,3.2812760607592306,-2.8107181981931624,-2.269223932367348,0.5845272206303725,471,2.4049259126763913,1.6027075408368896,6.593665591757832,4.828039224886216,-3.4145165781868845,-3.161026403867617,0.6263269639065817,0.575091575091575,4.096590909090909,3.007163323782235,5.91932059447983,8,-0.0969431131566241,0.8989409993769258,7,-0.11065244274989268,1.4410711286548856,7,0.11242883843349961,1.9519206305728334,6,1.6843921091204719,3.1032337475170997,,,pullback,
SETUP_TYPE_X_EXTENSION,,EXTREME,7,60,44,0.34286933417662163,0.4812584810657716,1.4440794837930182,1.4043615064432524,-1.3563284053182778,-1.3545074684779446,0.6136363636363636,33,-0.1587483085238989,-0.9529309846953438,2.11254289427173,1.7059891107078062,-2.309152844424085,-2.1167132147581924,0.48484848484848486,33,-1.0217584864652287,-1.4542343883661155,2.3772795064938177,2.1350259665320337,-2.9262716506242468,-2.817416758141233,0.24242424242424243,21,-2.085293643307521,-3.5855421686746936,2.7011273007902488,1.7895351099008083,-5.493399593598092,-6.506516241976268,0.2857142857142857,0.2857142857142857,7.0,2.787878787878788,3.5238095238095237,6,-0.0578187284134801,0.8351972249216655,5,-0.9310570300905862,1.0767383869546157,5,-2.260000901596544,-0.040996879636775674,4,-2.8562691636673376,-0.5695148809185202,,,pullback,
SETUP_TYPE_X_EXTENSION,,HEALTHY,9,717,549,0.4528849648902741,0.2082248828735089,1.8816640480855609,1.549663928304712,-1.0894628914878484,-0.9074152842761918,0.5901639344262295,464,1.4146707037657003,0.7850088630032781,3.876578176969345,2.448476693405721,-1.8948212672927935,-1.6155533821416714,0.603448275862069,427,1.504604732661651,1.0519480519480595,4.742807902122592,3.053274373552317,-2.525141619347155,-2.163805436337629,0.6088992974238876,277,4.384888347792595,2.9084633086167377,7.496952460990386,6.239339258461274,-2.707929593635837,-2.2352941176470686,0.8194945848375451,0.8289473684210527,3.7426470588235294,3.142857142857143,6.472924187725631,8,0.050149166917059576,0.9034802005147835,7,0.6890229045273782,2.256763135110889,7,0.9974847222745817,1.9779446218612449,6,3.7640405565268136,5.006668110603419,,,pullback,
SETUP_TYPE_X_EXTENSION,,MODERATE,9,1914,1662,0.2270088824210825,0.0719597025665708,1.8190912635350507,1.2992125984252034,-1.2435568507941186,-1.0762150984485133,0.5120336943441637,1415,0.7702889664007464,0.1879699248120259,3.391758057098995,2.1833733493397345,-2.3118483446549694,-2.0517928286852616,0.5159010600706714,1287,1.443765422268447,0.5757196495619343,4.528510851207053,3.0418500755535094,-2.7307923623359316,-2.351113412739514,0.5796425796425796,861,3.3824638286833326,2.680856796443476,6.751666167220425,5.387948391669206,-3.0270956095198818,-2.585487906588824,0.7375145180023229,0.6374501992031872,4.375,3.035742035742036,6.256678281068525,8,-0.10102674224831305,0.6617434632336333,7,0.20835998708405062,1.4223701172208392,7,1.116221881044762,1.829816225676025,6,2.9539745380062397,3.7368011253617808,,,pullback,
SETUP_TYPE_X_EXTENSION,,EXTENDED,8,71,58,-0.5666040640547586,-0.7225765217898195,1.0226782896572326,0.8944543828264706,-1.707613948710538,-1.6085202408741284,0.27586206896551724,48,-0.17912733093525182,-0.5589675348325773,2.1347987419624848,2.015248595053154,-2.7962431664379714,-2.843894070976727,0.4375,42,1.328524835228428,1.8724797869044019,3.5631948072658925,3.2941996354669323,-2.8159380017203652,-2.3239099185433654,0.6666666666666666,31,0.06833141520129773,-0.049652432969216,4.381224288626,4.447151995126419,-3.1004869119902603,-2.6493119591431302,0.4838709677419355,0.2222222222222222,2.6,3.4047619047619047,6.290322580645161,7,-0.9094784417234227,0.09992066804781025,5,-0.8523997928158725,2.2121725110257913,5,-0.13258304726534464,3.5772850674744583,5,-1.1084955899793298,1.7834347140376763,,,trend_repair,
SETUP_TYPE_X_EXTENSION,,EXTREME,8,58,46,0.3519128414099981,0.4575146853775136,1.4041827211366424,1.0334075923453034,-1.2337835099090992,-1.0532064284599851,0.5217391304347826,37,2.3492846495620356,2.15770994112936,3.576226691179035,2.309946409243313,-1.7061312759876082,-1.8201674554058969,0.7297297297297297,37,3.545807113694412,3.2858437684245567,5.585675364088394,5.467091295116755,-1.784849408651444,-1.8201674554058969,0.8918918918918919,34,2.51774616720657,1.774038842298853,7.040329099558861,6.648885502000379,-2.0239117833863007,-2.1794221996958907,0.7058823529411765,0.46153846153846156,4.217391304347826,3.945945945945946,6.147058823529412,7,0.016149563910655855,0.9602843459726329,6,1.3172229733733476,2.8615571591832882,6,1.555973430065127,4.223951664467667,5,1.0752673605995295,3.546805475455666,,,trend_repair,
SETUP_TYPE_X_EXTENSION,,MODERATE,9,47,45,-0.026498842520077157,-0.6975333602911471,1.8864136250467471,1.3605442176870763,-1.3580506622950774,-1.6358892011240411,0.4222222222222222,44,0.8994674686306527,-0.1836066921993173,4.029942598093618,2.6438879414054544,-1.963248435184318,-1.797838768289184,0.45454545454545453,42,2.2394007299760053,0.5839217816403952,6.194622786967048,3.454623697045056,-2.1817043880392375,-1.8918593434564146,0.5714285714285714,30,3.7192659510912054,1.2087150665948343,7.516128854040939,5.479561193846905,-2.231949837198556,-2.029769959404604,0.7333333333333333,0.5454545454545454,3.1666666666666665,3.357142857142857,4.833333333333333,8,-0.7466702311994453,1.0654600994316081,7,0.23825419969681927,2.017135338676096,7,0.6947188487540966,4.840924517672201,6,0.7192977421817258,7.42161892098074,,,trend_repair,
SETUP_TYPE_X_EXTENSION,,EXTENDED,8,182,149,0.19124018407554444,0.1843915080235181,1.438219913025204,1.2667660208643738,-1.2125870836322976,-1.1154855643044637,0.5369127516778524,125,0.19425689362064252,0.5030279351435851,2.060128417913499,1.455724016699622,-2.2059020007211543,-1.889168765743077,0.592,120,0.6188785619848101,0.0955748829207792,2.9171570907241535,2.2248995504898894,-2.6139143319495206,-2.1143888322878333,0.5083333333333333,70,2.110829881322878,2.141057934508805,5.044550348771244,3.6193314881839633,-3.586782013956776,-3.150335366918633,0.7428571428571429,0.4,5.0625,3.066666666666667,6.714285714285714,7,-0.23329951999004347,0.8816537436137616,6,-0.3001096555828226,0.8826776666834399,6,-0.4930520341327399,2.3719027029645043,5,0.610456822905191,3.809669601676219,,,vcp,
SETUP_TYPE_X_EXTENSION,,EXTREME,7,28,23,0.037489940094684454,0.2140468227424641,1.1568247578990063,1.2896035663110927,-1.5216110555470685,-1.4169718197739267,0.5652173913043478,21,-0.6972308003587132,-1.194152769199086,2.0251220647346146,2.141239448219068,-3.2075537745414753,-3.235751295336786,0.3333333333333333,17,1.0867353375502036,1.8735845171916845,3.6324461672750537,3.164091243561451,-3.114323109947036,-2.3563126890622565,0.7058823529411765,7,0.4432284588261219,1.2353304508956109,5.935428017894014,6.670912275115426,-3.5359289615450966,-2.802101576182148,0.8571428571428571,1.0,5.0,3.4705882352941178,5.0,6,-0.17979936961102877,0.5001097935991936,5,-2.1003901135427556,1.8933840053248663,4,0.4078711497084878,1.9611003283582562,3,-1.106726129550306,1.7513134851138368,,,vcp,
SETUP_TYPE_X_EXTENSION,,HEALTHY,9,328,273,0.1543989897543088,0.2868925945848977,1.3792291738271314,1.241079739373263,-1.1827392643048376,-0.8347725964306218,0.608058608058608,224,1.2120448792773793,1.3495572096439257,2.99312922696164,2.3454907194665475,-1.7431448412893107,-1.304971943103228,0.6607142857142857,191,2.073911151897582,1.8671645772205807,4.814652394672425,3.864363830354756,-1.9365325819526542,-1.361205639280516,0.743455497382199,119,3.532694873706313,2.74475633285618,7.424522780122059,7.511010017906416,-2.336508985484196,-1.852678571428568,0.8151260504201681,0.8133333333333334,4.253731343283582,3.56020942408377,5.756302521008403,8,-0.007439156667729218,0.46759872095765986,7,0.8926771881223503,1.846985448895238,7,1.4368074521302805,2.968599706941451,6,2.6232433668786515,4.67389272944986,,,vcp,
SETUP_TYPE_X_EXTENSION,,MODERATE,8,677,586,0.03403326504097019,0.01927096569347415,1.3423377778320231,1.1660925639622621,-1.0946282667890996,-0.8863512778684024,0.5017064846416383,477,0.4793501433281892,0.2076192987081393,2.661160709972005,2.06595152959872,-1.9605837192217817,-1.5674984005118464,0.5450733752620545,451,0.8098761860629782,0.7632691404415359,3.499239630077894,2.7700831024930705,-2.4407133045925877,-1.915301127899549,0.5787139689578714,304,1.9301735949905814,1.7904406040790688,5.052441413296658,4.346431435445064,-3.065227626750055,-2.464819765563031,0.7006578947368421,0.6814814814814815,5.557894736842106,3.0776053215077606,6.292763157894737,7,-0.2527607491179842,0.44447374539680967,6,0.243968294929474,0.7163274560283563,6,0.4388252615658149,1.077177399216147,5,1.201341813274737,2.645216318196391,,,vcp,
REGIME_X_TRIGGER,,,2,86,42,0.42463171863144633,0.48765896594674674,1.3920576383859087,1.1806665327050325,-0.7275902934801513,-0.5485646854686443,0.6666666666666666,37,1.1621006281930868,1.135265700483079,2.830009290161793,2.4261157490577334,-1.5075167782091803,-1.462724127083992,0.6756756756756757,36,0.3036482831339588,0.5079609095621329,3.2122042995609723,2.9163382046772934,-1.9222466792569577,-1.7237070894365272,0.5555555555555556,0,,,,,,,,,,3.0833333333333335,,1,,,1,,,1,,,0,,,APPROACHING,,,Bull trend
REGIME_X_TRIGGER,,,2,20,4,-1.7170721679125367,-1.7484055919488262,0.9285423592634706,0.702495333164399,-2.2467000291544195,-2.069239246596571,0.0,4,1.721729734742075,2.235368914662128,3.9656254907862927,4.143278723475197,-3.944903565639102,-3.6151484553809294,0.75,4,-0.5729659529291552,-0.6884599558771964,4.3171193396439405,4.846266421190492,-4.184909297119255,-4.095159918341235,0.25,0,,,,,,,,,,2.75,,1,,,1,,,1,,,0,,,AT_TRIGGER,,,Bull trend
REGIME_X_TRIGGER,,,2,276,104,0.1812159368282956,0.31099671257600603,1.7058263936420919,1.5520199245874333,-0.953704192070188,-0.7104550683564359,0.5865384615384616,98,1.0009480345715824,0.6991957558305395,3.271071515337385,2.7012053143404935,-1.8528372164489841,-1.528843832508453,0.5918367346938775,90,1.477037707343822,1.6172486382495022,4.301367233164911,3.7198935484081153,-1.971684153000001,-1.6970590709454,0.6777777777777778,0,,,,,,,,,,3.3555555555555556,,1,,,1,,,1,,,0,,,BEYOND_TRIGGER,,,Bull trend
REGIME_X_TRIGGER,,,3,142,67,0.5989090427057089,0.6820617753093616,1.8914620242968327,1.7204757858963582,-0.9825277279348044,-0.8705847136300182,0.582089552238806,64,0.6227154185728805,0.42147762263443633,2.8017213219120145,2.1674465053129977,-2.326732333415076,-1.767488085225677,0.5625,62,-0.6869972239788575,-0.6339058717901913,3.213728265424461,2.7421422965953735,-2.8886067684473735,-2.589783165492282,0.43548387096774194,0,,,,,,,,,,2.629032258064516,,1,,,1,,,1,,,0,,,EXTENDED_BEYOND_TRIGGER,,,Bull trend
REGIME_X_TRIGGER,,,2,157,66,0.16835277895146888,0.36229703775755295,1.4945867223992162,1.2637107475423792,-1.3495671488100776,-1.0858091729566253,0.5909090909090909,62,1.4792507875061933,0.8860922264349758,3.176944870196282,2.8440844714162865,-1.7982234623652305,-1.4612709067755636,0.6612903225806451,49,2.3893694583511307,1.726883646859756,4.595244836724309,3.610046537092804,-2.223450384222195,-2.0289310539169603,0.673469387755102,0,,,,,,,,,,3.673469387755102,,1,,,1,,,1,,,0,,,FRESHLY_TRIGGERED,,,Bull trend
REGIME_X_TRIGGER,,,2,40,25,0.3714320480190829,0.5000000000000115,1.3931827586899994,1.3592832869941285,-0.7757232013605764,-0.494692363186644,0.6,21,1.3430806984516834,1.3230769230769155,3.202713810095003,3.01730513237688,-1.4448083520608679,-0.7692307692307665,0.7619047619047619,19,1.5692683270572367,0.671595462497887,4.022409338016735,3.1208401124094065,-1.4997363586555215,-1.2963629816348576,0.5789473684210527,0,,,,,,,,,,3.3157894736842106,,1,,,1,,,1,,,0,,,INVALIDATED,,,Bull trend
REGIME_X_TRIGGER,,,2,82,41,0.2689381703097185,0.1216545012165504,1.4337761995433804,1.2870325400679894,-0.8857715078657168,-0.7320644216691097,0.5853658536585366,40,0.6191341256364165,1.0086996219983435,2.406740327814335,2.2338078215372925,-1.575015207246165,-1.51029897210192,0.7,38,-0.4307872742699141,-0.3471064002590951,2.7007063117335597,2.574232987521352,-2.0994769556319395,-1.699812417257185,0.47368421052631576,0,,,,,,,,,,2.9210526315789473,,1,,,1,,,1,,,0,,,NEAR,,,Bull trend
REGIME_X_TRIGGER,,,2,70,24,0.45828441684102755,0.5964738808439618,1.7417583942826427,1.6557927778625414,-0.8088016607227693,-0.5847513864673248,0.7083333333333334,22,0.4972245753830201,-0.16187277730406177,2.73246992867489,1.9328224378957757,-1.8863978857996642,-2.2442726144726532,0.45454545454545453,19,1.313195580842794,1.285634432643934,3.577123133727955,2.821902448140534,-2.0310978902923393,-2.2866578969464646,0.7368421052631579,0,,,,,,,,,,3.3157894736842106,,1,,,1,,,1,,,0,,,NOT_APPLICABLE,,,Bull trend
REGIME_X_TRIGGER,,,2,39,12,0.45419214331672936,0.2999087344518703,1.6462919523945463,1.3424936196989035,-1.0487869202795588,-0.8205220375812838,0.5833333333333334,11,1.0857023412446047,0.1307518229821669,2.5296679536654385,1.8619023095511664,-1.7239725346712627,-1.5655577299412915,0.5454545454545454,10,-0.12089099517125557,-0.9622978376424395,2.8422908888634324,1.8961789725213896,-2.296864271330503,-2.273482958946282,0.4,0,,,,,,,,,,3.0,,1,,,1,,,1,,,0,,,TOO_FAR_BELOW,,,Bull trend
REGIME_X_TRIGGER,,,1,55,46,0.7492457441280476,0.7640180204123603,1.7783065556868949,1.6206975263597267,-0.6480590959844142,-0.5954290460711498,0.782608695652174,0,,,,,,,,0,,,,,,,,0,,,,,,,,,,,,1,,,0,,,0,,,0,,,APPROACHING,,,Choppy
REGIME_X_TRIGGER,,,1,25,21,1.0388512862703196,1.1758271807492449,1.8638166300860741,1.991640029505759,-0.344975245957147,-0.1707212974818683,0.7142857142857143,0,,,,,,,,0,,,,,,,,0,,,,,,,,,,,,1,,,0,,,0,,,0,,,AT_TRIGGER,,,Choppy
REGIME_X_TRIGGER,,,1,116,112,0.9905811443230165,0.9376560252242316,2.0664361702266008,1.854815849600422,-0.7711992491571564,-0.6807098214460849,0.7857142857142857,0,,,,,,,,0,,,,,,,,0,,,,,,,,,,,,1,,,0,,,0,,,0,,,BEYOND_TRIGGER,,,Choppy
REGIME_X_TRIGGER,,,1,64,54,0.09395594968575238,0.1350227358630551,1.6097747943113108,1.5371618881420468,-1.2667685953098569,-0.9306973677970066,0.5740740740740741,0,,,,,,,,0,,,,,,,,0,,,,,,,,,,,,1,,,0,,,0,,,0,,,EXTENDED_BEYOND_TRIGGER,,,Choppy
REGIME_X_TRIGGER,,,1,92,82,1.0271242739932214,0.7878444412729557,1.8679054407954774,1.65201033991208,-0.597501686679786,-0.372630503446697,0.8292682926829268,0,,,,,,,,0,,,,,,,,0,,,,,,,,,,,,1,,,0,,,0,,,0,,,FRESHLY_TRIGGERED,,,Choppy
REGIME_X_TRIGGER,,,1,9,8,0.010638877276777894,0.2391259534116674,1.0794990324188458,0.9819566074192321,-0.8347205828492923,-0.8034023215219399,0.625,0,,,,,,,,0,,,,,,,,0,,,,,,,,,,,,1,,,0,,,0,,,0,,,INVALIDATED,,,Choppy
REGIME_X_TRIGGER,,,1,52,47,1.0500863247320817,0.7886435331230235,2.229114765367207,1.6837240013205743,-0.6163537596249293,-0.4886877828054303,0.8297872340425532,0,,,,,,,,0,,,,,,,,0,,,,,,,,,,,,1,,,0,,,0,,,0,,,NEAR,,,Choppy
REGIME_X_TRIGGER,,,1,34,25,0.28427548701976724,0.1106671918668977,1.5349125123268488,1.0774547672291137,-0.686188959033573,-0.5685407454200986,0.52,0,,,,,,,,0,,,,,,,,0,,,,,,,,,,,,1,,,0,,,0,,,0,,,NOT_APPLICABLE,,,Choppy
REGIME_X_TRIGGER,,,1,36,31,0.6506515046966426,0.4900071574079234,1.6017717349035576,1.4054891544931447,-0.6482296455632631,-0.5718981101068277,0.7419354838709677,0,,,,,,,,0,,,,,,,,0,,,,,,,,,,,,1,,,0,,,0,,,0,,,TOO_FAR_BELOW,,,Choppy
REGIME_X_TRIGGER,,,5,387,363,0.018491786140126643,0.064819316156206,1.350866645143333,1.164352888490816,-1.3350790098590566,-0.9905713323605458,0.5151515151515151,333,0.5665417948575014,0.7349520885663763,2.6619587728518233,2.310296753634722,-2.049774710222383,-1.371689845684887,0.6126126126126126,312,1.2378117131286388,1.696690406367818,3.8317659161521203,3.1319115696988975,-2.3738019785631517,-1.5301243226012118,0.6602564102564102,223,2.5397386969930715,1.9996537396121727,5.9973522019550005,5.116580310880825,-2.9954263399885876,-2.06119847003825,0.7757847533632287,0.628099173553719,4.7176470588235295,3.3301282051282053,6.071748878923767,5,-0.19254392905096732,0.25805826918026464,5,0.3939247816224188,0.9032785264715382,5,0.7299510540417711,1.9674648566008393,5,2.042720378505252,3.1076355815514747,APPROACHING,,,Distribution
REGIME_X_TRIGGER,,,6,81,73,-0.029711724124902205,-0.1085776330076226,1.238631844001936,1.4134187843108048,-1.1713945927383211,-0.9606986899563296,0.4520547945205479,69,-0.4461231138586259,-0.1074755194649945,2.064801889164431,2.038816491890061,-2.4325674253213205,-2.4984227129337566,0.4057971014492754,68,-1.152301837440141,-0.9364820846905708,2.7925949863337647,2.246928028086592,-3.359891449663771,-2.836590662323568,0.36764705882352944,46,1.076315470744923,1.5252820727120753,4.2737171932742255,3.5221238938053068,-4.329916132605158,-3.8166749615094755,0.6739130434782609,0.4444444444444444,3.357142857142857,2.6911764705882355,5.326086956521739,5,-1.4039243877867325,1.0450203510335587,5,-1.6888966840868003,0.3895542058864468,5,-2.1391812135076687,-0.39636702565512394,4,-0.31584793203284806,2.535903474394964,AT_TRIGGER,,,Distribution
REGIME_X_TRIGGER,,,6,1458,1392,0.2124362619138962,-0.0750000000000028,1.8600010621485092,1.331133739120549,-1.3603082907162787,-1.2389380530973493,0.4885057471264368,1307,0.815390551722206,0.1931232959709206,3.5132055218805673,2.254628193194752,-2.365757289681733,-2.119401977658541,0.5195103289977047,1204,1.2743640323245238,0.3507746273019529,4.565309847808803,3.145564622269026,-2.8105150919414683,-2.4694009018681573,0.5481727574750831,815,3.1576703522179583,2.619327910958913,6.848810218593055,5.461010922021869,-3.0509788707208783,-2.769489710045137,0.698159509202454,0.6638830897703549,4.030470914127424,2.9617940199335546,6.094478527607362,6,-0.08283838030522002,0.7815294653606539,6,0.31865940964505773,1.741148599870872,6,0.8565136051164889,2.094970328913471,6,2.4835229463095008,3.8366070730552577,BEYOND_TRIGGER,,,Distribution
REGIME_X_TRIGGER,,,7,660,638,-0.05238854999598725,-0.20460438162986372,1.5679789136203122,1.1287171695246512,-1.6512019570277394,-1.4330056906363187,0.438871473354232,628,0.16271883762166234,0.0536193029490483,3.0320029782480153,2.11014533420687,-2.7061321715227664,-2.182422013995966,0.5047770700636943,608,0.7464876931350972,0.2794271742927012,3.9835790294038933,2.860949506099808,-3.0971705008247317,-2.4778335674045584,0.5444078947368421,455,1.427406955267591,0.9355587156649968,5.785186478487578,4.430697207824763,-3.6985653659519526,-3.187819674081116,0.5956043956043956,0.5256410256410257,4.4605263157894735,3.036184210526316,5.578021978021978,6,-0.5600616307581961,0.4103164725822412,6,-0.4694075753778438,0.7940527334349189,6,0.015510545254844134,1.4969210938736386,6,0.9393566330540809,2.316273941631002,EXTENDED_BEYOND_TRIGGER,,,Distribution
REGIME_X_TRIGGER,,,6,645,560,0.41406769607324645,0.1306945481702737,2.0246621187252383,1.4915564033409323,-1.2197054929008573,-0.9977984306544729,0.5357142857142857,496,1.384801014824005,0.6500992609846712,3.859088094049429,2.238199388617179,-2.069800935755857,-1.7710331461846307,0.594758064516129,454,2.1172648725654413,1.2694592181373698,5.096002572730024,3.1006536803464324,-2.4323964230545907,-2.1645059722364026,0.6828193832599119,333,5.063509859625387,3.2723611344185333,8.104347204843783,6.89424364123159,-2.6762701584617368,-2.3039088791095064,0.8438438438438438,0.7210526315789474,4.195121951219512,3.2709251101321586,7.069069069069069,6,0.06600402909828075,0.7187019763113024,6,0.9175783007749801,1.9706973015760292,6,1.5944495908275367,2.8322912585941693,6,4.44453761442301,5.515777041402111,FRESHLY_TRIGGERED,,,Distribution
REGIME_X_TRIGGER,,,6,464,432,0.16963430498751866,0.0,1.6263019061977753,1.2259946348356032,-1.0658853624132494,-0.988336583237015,0.49537037037037035,402,0.6068471810551667,0.1731610611540368,2.966203033065945,1.9941222235526967,-1.9939966413409607,-1.6998711949099299,0.5248756218905473,364,1.3521589786601187,0.8701472556894352,3.9152687254586285,2.890630186648213,-2.4497271416356368,-2.1197593528723138,0.6401098901098901,304,1.9680098774366481,1.5277633520097256,5.062371340607625,3.7991251103286827,-2.8496881809142574,-2.5175360285677906,0.6743421052631579,0.5921052631578947,4.372549019607843,2.9725274725274726,5.875,6,-0.1070468223032657,0.46471597076650006,6,0.22203053671370904,1.0250957415517141,6,0.8408244218893199,1.8090438236498376,6,1.3181614141518125,2.486398159004027,INVALIDATED,,,Distribution
REGIME_X_TRIGGER,,,5,335,311,0.1414352433913205,-0.0975609756097561,1.4993500736421337,1.241079739373263,-1.0416639688145066,-0.9864955464035984,0.4887459807073955,288,0.5346911986342141,0.2085766727849103,2.757054020355183,2.1206646328821632,-1.950462604404652,-1.8736988202637028,0.5486111111111112,270,1.2451274342056051,0.7638848610633797,3.7092039639223966,2.857688999330988,-2.2238983141925837,-1.964367161280184,0.6185185185185185,169,1.818212170384804,1.7513134851138368,5.583116697343564,4.37547217325609,-2.742637138290646,-2.5737448720453138,0.6153846153846154,0.5934065934065934,4.6,3.1555555555555554,6.272189349112426,5,-0.10019084240792946,0.5323284177735328,5,0.1980255397540139,0.9853486909009879,5,0.9964083940579299,1.6306989466457928,5,1.0757530713978345,3.1411869211335244,NEAR,,,Distribution
REGIME_X_TRIGGER,,,6,299,292,0.19251212291293077,0.084340280593631,1.8424725943310094,1.2829443469140056,-1.2729153696135616,-1.058839109373638,0.5342465753424658,282,0.9315325611495533,0.12724983211422894,3.6084681616548884,2.351683591662201,-2.0606205958304282,-1.571566731141194,0.5283687943262412,257,1.1137352417989892,0.6307390567888094,4.343950186003951,3.093172387778176,-2.417435532928499,-1.916300921060776,0.5875486381322957,171,1.2740522323348094,0.285632676378178,5.904767888772975,4.0473610896146095,-3.085371907725177,-2.4920466595970248,0.5263157894736842,0.4485981308411215,3.7096774193548385,3.0505836575875485,5.578947368421052,6,-0.32711278767744595,1.0680735848686622,6,-0.34680804522079195,3.546007386787864,6,-0.02539934612483422,3.06280362636931,6,-0.31593901480581965,3.4320095568114897,NOT_APPLICABLE,,,Distribution
REGIME_X_TRIGGER,,,6,124,112,-0.06759050587836753,0.21821369032357651,1.2919696642635015,1.004102694243536,-1.2003918824290365,-1.160536230719822,0.5714285714285714,104,0.8457604014393804,0.03282169746715575,2.8675872943231018,2.138040677594444,-1.7763829288122657,-1.6231903331652195,0.5288461538461539,90,1.450011849528431,0.5111412826451556,4.51138284552471,3.286381539005978,-2.613978346456943,-1.8782249742002155,0.5555555555555556,71,3.485195902684296,2.3905354311501537,6.377313202982883,4.810267857142869,-2.963283884190001,-2.464819765563031,0.7605633802816901,0.7333333333333333,5.818181818181818,3.2333333333333334,6.408450704225352,6,-0.5006334106418489,0.456837912974919,6,0.37407801239192157,1.815098403219212,6,0.41089798753848183,3.0616582921088495,6,2.966634979710973,4.322590843601292,TOO_FAR_BELOW,,,Distribution
REGIME_X_EXTENSION,,EXTENDED,2,255,114,0.2822175402940177,0.13605929074205209,1.5784176097184694,1.4586765986486228,-1.168009418605834,-0.994631901840487,0.543859649122807,110,0.7591953960087502,0.5108289913679176,2.8782203759811007,2.0920040454810107,-2.3955245948057673,-2.0090083566970005,0.5636363636363636,107,0.05534794181195735,0.0065019505851804,3.5039194337990525,2.8202782422158457,-2.7739391309038792,-2.450444825971587,0.5046728971962616,0,,,,,,,,,,2.9345794392523366,,1,,,1,,,1,,,0,,,,,,Bull trend
REGIME_X_EXTENSION,,EXTREME,3,49,16,0.36451488694684286,0.3689713365973679,1.4538963378869298,1.4052205844733767,-0.84641898591463,-0.8428501216500461,0.6875,16,1.865963293539484,1.4559703399477208,3.187656580416223,2.27933413359771,-2.2726164643998814,-2.36368938645633,0.8125,16,-0.7066957313711728,-0.4303958888609849,3.5909666267603515,2.403991102729419,-2.6502075548034547,-2.792027030506594,0.4375,0,,,,,,,,,,2.8125,,1,,,1,,,1,,,0,,,,,,Bull trend
REGIME_X_EXTENSION,,HEALTHY,2,171,70,0.39016981444593435,0.5257469981505114,1.720020656374893,1.5841820475595236,-0.9722516566508815,-0.5353516211790477,0.6428571428571429,61,1.6446252831065464,1.0218219605126366,3.6160437818156113,2.941176470588247,-1.5231501248446588,-1.2158054711246091,0.6885245901639344,49,2.4039508449106983,1.819862837347564,4.701803035649911,3.7230660543977168,-1.794571306905467,-1.4974405989762296,0.7959183673469388,0,,,,,,,,,,3.5510204081632653,,1,,,1,,,1,,,0,,,,,,Bull trend
REGIME_X_EXTENSION,,MODERATE,2,437,185,0.28375872067227464,0.3666688299045928,1.602842798237748,1.4665444546287931,-0.9004574016601604,-0.6852551984877109,0.6054054054054054,172,0.8238811788496594,0.6471037612906017,2.7947701887624223,2.5474379040489996,-1.5962838072735481,-1.3725042004615773,0.6162790697674418,155,0.9086286581814997,0.7491146826477779,3.594365832835932,3.152551429334749,-1.8975522304370458,-1.5647071607084673,0.5741935483870968,0,,,,,,,,,,3.232258064516129,,1,,,1,,,1,,,0,,,,,,Bull trend
REGIME_X_EXTENSION,,EXTENDED,1,127,113,0.7274383586215054,0.565083119784493,2.093355361223411,1.85911401597676,-1.001561781894156,-0.7998685147647011,0.6991150442477876,0,,,,,,,,0,,,,,,,,0,,,,,,,,,,,,1,,,0,,,0,,,0,,,,,,Choppy
REGIME_X_EXTENSION,,EXTREME,1,30,23,0.9305728415255179,1.0261949770456358,1.6132848155513764,1.3646702047005466,-0.9866212146632446,-0.8485783557416804,0.782608695652174,0,,,,,,,,0,,,,,,,,0,,,,,,,,,,,,1,,,0,,,0,,,0,,,,,,Choppy
REGIME_X_EXTENSION,,HEALTHY,1,84,70,0.5885749384469408,0.4514899696375973,1.6249350654574866,1.562763268744738,-0.5495541026565551,-0.3781212736436612,0.7428571428571429,0,,,,,,,,0,,,,,,,,0,,,,,,,,,,,,1,,,0,,,0,,,0,,,,,,Choppy
REGIME_X_EXTENSION,,MODERATE,1,242,220,0.8565289894878583,0.8720930232558155,1.847777948003017,1.6078192740320851,-0.6335856128030581,-0.5747391937337254,0.7681818181818182,0,,,,,,,,0,,,,,,,,0,,,,,,,,,,,,1,,,0,,,0,,,0,,,,,,Choppy
REGIME_X_EXTENSION,,EXTENDED,6,1146,1117,0.17139881315218852,-0.0729698738663686,1.7842034096128492,1.3704765317090528,-1.456760735955944,-1.2358609132802625,0.4816472694717995,1097,0.39748714365308646,0.2379397219371082,3.082495917642527,2.2132443351484232,-2.484792110835653,-2.029151186053157,0.5405651777575206,1054,0.9077393429411055,0.5715918833952394,3.9972578044090357,2.9461756373937664,-2.857855903806693,-2.3999330306952116,0.5759013282732448,773,1.750828882009601,1.1173184357541777,5.861266589953814,4.27409586433638,-3.478313649885583,-3.1386224934612184,0.592496765847348,0.5023474178403756,4.169354838709677,3.023719165085389,5.930142302716688,6,-0.290303526406882,0.6309305434211777,6,-0.1544526781949068,0.9018402559906731,6,0.19672634603646133,1.6680200781721268,6,1.1401152739849512,2.513816837868603,,,,Distribution
REGIME_X_EXTENSION,,EXTREME,6,102,85,0.17090453685285265,0.087432699829737,1.3402854471290342,1.0824944437181294,-1.4672638218206078,-1.4169718197739267,0.5176470588235295,82,0.4994978260760392,0.5419941709641551,2.6012467773707217,2.1109271523178874,-2.244460057548705,-2.1794221996958907,0.5121951219512195,78,1.7550245476372004,1.8201674554058969,4.003442120655418,3.1269066381266364,-2.3964534090862215,-2.3463700642503915,0.6538461538461539,65,0.6241041440383199,0.1537557093112651,5.391713321015162,5.14083617531893,-3.359366958674328,-2.802101576182148,0.5692307692307692,0.4864864864864865,4.379310344827586,3.5128205128205128,5.046153846153846,5,-0.15808648687315133,1.0231732982936106,5,-0.3573579389849357,1.825343614171114,5,0.9523937500080341,2.8218459719749216,5,-0.4790162033366895,2.323711957067383,,,,Distribution
REGIME_X_EXTENSION,,HEALTHY,6,856,739,0.3723791550015435,0.187468755207476,1.766326406987724,1.4936519790888614,-1.1667915704515892,-0.9397024275646038,0.5859269282814614,677,1.385764730814004,0.9473060982830184,3.67801066800894,2.310445818418483,-1.8452776189193612,-1.5207840486650803,0.620384047267356,609,1.6446212629980492,1.2166859791425066,4.824678314723968,3.424345271262852,-2.339129958445693,-1.9813144329896888,0.6371100164203612,419,4.085088372868551,2.9084633086167377,7.531843706537877,6.655417464386537,-2.564359459078593,-2.163805436337629,0.8162291169451074,0.8181818181818182,3.8623853211009176,3.226600985221675,6.20763723150358,6,-0.0197083578776638,0.7996081988171989,6,0.6930977246452599,2.168979698614665,6,1.407952208664909,1.8466891613263237,6,3.85727640375414,4.466357267388202,,,,Distribution
REGIME_X_EXTENSION,,MODERATE,6,2349,2232,0.08219224113232501,-0.1240533290038703,1.6771755101705421,1.1760565445640303,-1.2887874387436178,-1.1333333333333306,0.47087813620071683,2053,0.65566004004349,0.0689100723555879,3.242239445450051,2.102391269459148,-2.259416595475208,-1.9538188277086976,0.5070628348757915,1886,1.2763285057083982,0.5688440289121854,4.296445882751876,2.9127829560585905,-2.685792800355939,-2.29245128541018,0.5763520678685048,1330,2.849810303015895,2.1127582584335336,6.281757541242735,4.90759738072798,-3.018037532457847,-2.519913016630204,0.7075187969924812,0.6221322537112011,4.478424015009381,3.0233297985153764,6.165413533834586,6,-0.237378651006608,0.5816332568460154,6,0.18394703872637697,1.4682346932576509,6,0.9317426667322232,1.8739640676793186,6,2.2835290875543337,3.440217097496864,,,,Distribution
